<?xml version="1.0" encoding="UTF-8" standalone="no" ?>
<COLLADA version="1.4.1" xmlns="http://www.collada.org/2005/11/COLLADASchema">

  <asset>
    <contributor>
      <authoring_tool>ONSHAPE BY PTC INC, 1.207</authoring_tool>
    </contributor>
    <created>2025-12-02T13:54:16</created>
    <modified>2025-12-02T13:54:16</modified>
    <unit meter="1" name="meters"/>
    <up_axis>Z_UP</up_axis>
  </asset>

  <library_materials>
    <material id="ID10" name="ID10">
      <instance_effect url="#ID10-fx"/>
    </material>
    <material id="ID11" name="ID11">
      <instance_effect url="#ID11-fx"/>
    </material>
    <material id="ID12" name="ID12">
      <instance_effect url="#ID12-fx"/>
    </material>
  </library_materials>

  <library_effects>
    <effect id="ID10-fx" name="ID10">
      <profile_COMMON>
        <technique sid="COMMON">
          <lambert>
            <diffuse>
              <color sid="diffuse">0.2 0.2 0.2 1</color>
            </diffuse>
            <transparent opaque="A_ONE">
              <color sid="transparent">1 1 1 1</color>
            </transparent>
            <transparency>
              <float sid="transparency">1</float>
            </transparency>
          </lambert>
        </technique>
        <extra>
          <technique profile="OTHER">
            <double_sided>1</double_sided>
          </technique>
        </extra>
      </profile_COMMON>
    </effect>
    <effect id="ID11-fx" name="ID11">
      <profile_COMMON>
        <technique sid="COMMON">
          <lambert>
            <diffuse>
              <color sid="diffuse">0.8 0.8 0.8 1</color>
            </diffuse>
            <transparent opaque="A_ONE">
              <color sid="transparent">1 1 1 1</color>
            </transparent>
            <transparency>
              <float sid="transparency">1</float>
            </transparency>
          </lambert>
        </technique>
        <extra>
          <technique profile="OTHER">
            <double_sided>1</double_sided>
          </technique>
        </extra>
      </profile_COMMON>
    </effect>
    <effect id="ID12-fx" name="ID12">
      <profile_COMMON>
        <technique sid="COMMON">
          <lambert>
            <diffuse>
              <color sid="diffuse">1 1 1 1</color>
            </diffuse>
            <transparent opaque="A_ONE">
              <color sid="transparent">1 1 1 1</color>
            </transparent>
            <transparency>
              <float sid="transparency">1</float>
            </transparency>
          </lambert>
        </technique>
        <extra>
          <technique profile="OTHER">
            <double_sided>1</double_sided>
          </technique>
        </extra>
      </profile_COMMON>
    </effect>
  </library_effects>

  <library_geometries>
    <geometry id="ID4">
      <mesh>
        <source id="ID5">
          <float_array count="30735" id="ID6">0.25178 0.044 0.645872 0.297118 0.044 0.594357 0.248658 0.044 0.640802 0.257949 0.044 0.597691 0.250111 0.044 0.606597 0.262882 0.044 0.594357 0.253651 0.044 0.60181 0.268307 0.044 0.591905 0.247431 0.044 0.611913 0.245688 0.044 0.617605 0.274068 0.044 0.590405 0.244932 0.044 0.62351 0.28 0.044 0.5899 0.246439 0.044 0.635278 0.291693 0.044 0.591905 0.285932 0.044 0.590405 0.245184 0.044 0.629458 0.260345 0.044 0.654081 0.265542 0.044 0.656984 0.309889 0.044 0.606597 0.306349 0.044 0.60181 0.302051 0.044 0.597691 0.255713 0.044 0.650341 0.271156 0.044 0.658967 0.314312 0.044 0.617605 0.312569 0.044 0.611913 0.288844 0.044 0.658967 0.313561 0.044 0.635278 0.314816 0.044 0.629458 0.282977 0.044 0.659974 0.315068 0.044 0.62351 0.277023 0.044 0.659974 0.299655 0.044 0.654081 0.304287 0.044 0.650341 0.30822 0.044 0.645872 0.311342 0.044 0.640802 0.294458 0.044 0.656984 0.277023 0.044 0.659974 0.274223 0.037 0.659621 0.28 0.037 0.6601 0.271156 0.044 0.658967 0.268603 0.037 0.658198 0.263294 0.037 0.655869 0.265542 0.044 0.656984 0.260345 0.044 0.654081 0.258441 0.037 0.652699 0.255713 0.044 0.650341 0.254176 0.037 0.648773 0.250615 0.037 0.644198 0.25178 0.044 0.645872 0.248658 0.044 0.640802 0.247856 0.037 0.639099 0.246439 0.044 0.635278 0.245974 0.037 0.633617 0.24502 0.037 0.627899 0.245184 0.044 0.629458 0.244932 0.044 0.62351 0.24502 0.037 0.622101 0.245688 0.044 0.617605 0.245974 0.037 0.616383 0.247856 0.037 0.610901 0.247431 0.044 0.611913 0.250111 0.044 0.606597 0.250615 0.037 0.605802 0.253651 0.044 0.60181 0.254176 0.037 0.601227 0.258441 0.037 0.597301 0.257949 0.044 0.597691 0.262882 0.044 0.594357 0.263294 0.037 0.594131 0.268307 0.044 0.591905 0.268603 0.037 0.591802 0.274223 0.037 0.590379 0.274068 0.044 0.590405 0.28 0.044 0.5899 0.28 0.037 0.5899 0.282977 0.044 0.659974 0.285777 0.037 0.659621 0.288844 0.044 0.658967 0.291397 0.037 0.658198 0.294458 0.044 0.656984 0.299655 0.044 0.654081 0.296706 0.037 0.655869 0.301559 0.037 0.652699 0.304287 0.044 0.650341 0.305824 0.037 0.648773 0.30822 0.044 0.645872 0.311342 0.044 0.640802 0.309385 0.037 0.644198 0.312144 0.037 0.639099 0.313561 0.044 0.635278 0.314026 0.037 0.633617 0.314816 0.044 0.629458 0.31498 0.037 0.627899 0.31498 0.037 0.622101 0.315068 0.044 0.62351 0.314026 0.037 0.616383 0.314312 0.044 0.617605 0.312569 0.044 0.611913 0.312144 0.037 0.610901 0.309385 0.037 0.605802 0.309889 0.044 0.606597 0.305824 0.037 0.601227 0.306349 0.044 0.60181 0.302051 0.044 0.597691 0.301559 0.037 0.597301 0.296706 0.037 0.594131 0.297118 0.044 0.594357 0.291397 0.037 0.591802 0.291693 0.044 0.591905 0.285932 0.044 0.590405 0.285777 0.037 0.590379 0.341 -0.0293371 0.639986 0.338 -0.0297912 0.639986 0.341 -0.0297912 0.639986 0.338 -0.0268141 0.637246 0.341 -0.0268141 0.637246 0.341 -0.0268517 0.636793 0.341 -0.0302392 0.639912 0.338 -0.0302392 0.639912 0.338 -0.0306688 0.639764 0.341 -0.0306688 0.639764 0.338 -0.0310683 0.639548 0.341 -0.0310683 0.639548 0.341 -0.0314267 0.639269 0.338 -0.0314267 0.639269 0.338 -0.0317343 0.638935 0.341 -0.0317343 0.638935 0.338 -0.0319827 0.638555 0.341 -0.0319827 0.638555 0.341 -0.0321651 0.638139 0.338 -0.0321651 0.638139 0.338 -0.0322766 0.637698 0.341 -0.0322766 0.637698 0.338 -0.0323141 0.637246 0.341 -0.0323141 0.637246 0.338 -0.0293371 0.639986 0.341 -0.0288891 0.639912 0.338 -0.0288891 0.639912 0.341 -0.0284595 0.639764 0.338 -0.0284595 0.639764 0.338 -0.02806 0.639548 0.341 -0.02806 0.639548 0.341 -0.0277016 0.639269 0.338 -0.0277016 0.639269 0.341 -0.027394 0.638935 0.338 -0.027394 0.638935 0.338 -0.0271456 0.638555 0.341 -0.0271456 0.638555 0.341 -0.0269631 0.638139 0.338 -0.0269631 0.638139 0.341 -0.0268517 0.637698 0.338 -0.0268517 0.637698 0.338 -0.0269631 0.636353 0.338 -0.0268517 0.636793 0.341 -0.0269631 0.636353 0.338 -0.0277016 0.635223 0.338 -0.027394 0.635557 0.341 -0.0277016 0.635223 0.338 -0.0271456 0.635937 0.341 -0.0271456 0.635937 0.341 -0.027394 0.635557 0.338 -0.0284595 0.634727 0.341 -0.0288891 0.63458 0.338 -0.0288891 0.63458 0.341 -0.02806 0.634944 0.341 -0.0284595 0.634727 0.338 -0.02806 0.634944 0.341 -0.0302392 0.63458 0.338 -0.0302392 0.63458 0.338 -0.0297912 0.634505 0.341 -0.0297912 0.634505 0.338 -0.0293371 0.634505 0.341 -0.0293371 0.634505 0.338 -0.0314267 0.635223 0.338 -0.0310683 0.634944 0.341 -0.0314267 0.635223 0.338 -0.0306688 0.634727 0.341 -0.0306688 0.634727 0.341 -0.0310683 0.634944 0.341 -0.0319827 0.635937 0.338 -0.0317343 0.635557 0.341 -0.0317343 0.635557 0.341 -0.0321651 0.636353 0.338 -0.0319827 0.635937 0.338 -0.0321651 0.636353 0.341 -0.0322766 0.636793 0.338 -0.0322766 0.636793 0.341 -0.0284595 0.639764 0.341 -0.0288891 0.639912 0.341 -0.0323141 0.637246 0.341 -0.0271456 0.638555 0.341 -0.0317343 0.635557 0.341 -0.0314267 0.635223 0.341 -0.0319827 0.638555 0.341 -0.0297912 0.639986 0.341 -0.0302392 0.639912 0.341 -0.0322766 0.637698 0.341 -0.0293371 0.639986 0.341 -0.0321651 0.638139 0.341 -0.0306688 0.639764 0.341 -0.0314267 0.639269 0.341 -0.0317343 0.638935 0.341 -0.0310683 0.639548 0.341 -0.0322766 0.636793 0.341 -0.02806 0.639548 0.341 -0.0321651 0.636353 0.341 -0.0277016 0.639269 0.341 -0.0319827 0.635937 0.341 -0.027394 0.638935 0.341 -0.0269631 0.638139 0.341 -0.0310683 0.634944 0.341 -0.0268517 0.637698 0.341 -0.0306688 0.634727 0.341 -0.0268141 0.637246 0.341 -0.0302392 0.63458 0.341 -0.0297912 0.634505 0.341 -0.0268517 0.636793 0.341 -0.0271456 0.635937 0.341 -0.0269631 0.636353 0.341 -0.0293371 0.634505 0.341 -0.0277016 0.635223 0.341 -0.0284595 0.634727 0.341 -0.02806 0.634944 0.341 -0.027394 0.635557 0.341 -0.0288891 0.63458 0.341 -0.0313415 0.614853 0.338 -0.0316626 0.614531 0.341 -0.0316626 0.614531 0.338 -0.0276196 0.614699 0.341 -0.0276196 0.614699 0.341 -0.0273261 0.614352 0.341 -0.0319265 0.614162 0.338 -0.0319265 0.614162 0.338 -0.032126 0.613754 0.341 -0.032126 0.613754 0.338 -0.0322556 0.613319 0.341 -0.0322556 0.613319 0.341 -0.0323118 0.612868 0.338 -0.0323118 0.612868 0.338 -0.032293 0.612414 0.341 -0.032293 0.612414 0.338 -0.0321998 0.611969 0.341 -0.0321998 0.611969 0.341 -0.0320347 0.611546 0.338 -0.0320347 0.611546 0.338 -0.0318022 0.611156 0.341 -0.0318022 0.611156 0.338 -0.0315087 0.61081 0.341 -0.0315087 0.61081 0.338 -0.0313415 0.614853 0.341 -0.0309718 0.615117 0.338 -0.0309718 0.615117 0.341 -0.0305638 0.615316 0.338 -0.0305638 0.615316 0.338 -0.0301285 0.615446 0.341 -0.0301285 0.615446 0.341 -0.0296778 0.615502 0.338 -0.0296778 0.615502 0.341 -0.029224 0.615483 0.338 -0.029224 0.615483 0.338 -0.0287795 0.61539 0.341 -0.0287795 0.61539 0.341 -0.0283564 0.615225 0.338 -0.0283564 0.615225 0.341 -0.0279662 0.614992 0.338 -0.0279662 0.614992 0.338 -0.0270936 0.613962 0.338 -0.0273261 0.614352 0.341 -0.0270936 0.613962 0.338 -0.0268165 0.612641 0.338 -0.0268353 0.613094 0.341 -0.0268165 0.612641 0.338 -0.0269285 0.613539 0.341 -0.0269285 0.613539 0.341 -0.0268353 0.613094 0.338 -0.0270023 0.611754 0.341 -0.0272017 0.611346 0.338 -0.0272017 0.611346 0.341 -0.0268727 0.61219 0.341 -0.0270023 0.611754 0.338 -0.0268727 0.61219 0.341 -0.0281565 0.610392 0.338 -0.0281565 0.610392 0.338 -0.0277868 0.610656 0.341 -0.0277868 0.610656 0.338 -0.0274657 0.610977 0.341 -0.0274657 0.610977 0.338 -0.0294505 0.610006 0.338 -0.0289998 0.610063 0.341 -0.0294505 0.610006 0.338 -0.0285645 0.610192 0.341 -0.0285645 0.610192 0.341 -0.0289998 0.610063 0.341 -0.0303488 0.610118 0.338 -0.0299043 0.610025 0.341 -0.0299043 0.610025 0.341 -0.0307719 0.610284 0.338 -0.0303488 0.610118 0.338 -0.0307719 0.610284 0.341 -0.0311621 0.610516 0.338 -0.0311621 0.610516 0.341 -0.032293 0.612414 0.341 -0.029224 0.615483 0.341 -0.0296778 0.615502 0.341 -0.0309718 0.615117 0.341 -0.0313415 0.614853 0.341 -0.0319265 0.614162 0.341 -0.0316626 0.614531 0.341 -0.032126 0.613754 0.341 -0.0305638 0.615316 0.341 -0.0322556 0.613319 0.341 -0.0301285 0.615446 0.341 -0.0323118 0.612868 0.341 -0.0321998 0.611969 0.341 -0.0287795 0.61539 0.341 -0.0283564 0.615225 0.341 -0.0320347 0.611546 0.341 -0.0318022 0.611156 0.341 -0.0279662 0.614992 0.341 -0.0315087 0.61081 0.341 -0.0276196 0.614699 0.341 -0.0307719 0.610284 0.341 -0.0270936 0.613962 0.341 -0.0273261 0.614352 0.341 -0.0311621 0.610516 0.341 -0.0268165 0.612641 0.341 -0.0268353 0.613094 0.341 -0.0294505 0.610006 0.341 -0.0269285 0.613539 0.341 -0.0303488 0.610118 0.341 -0.0299043 0.610025 0.341 -0.0289998 0.610063 0.341 -0.0285645 0.610192 0.341 -0.0268727 0.61219 0.341 -0.0272017 0.611346 0.341 -0.0277868 0.610656 0.341 -0.0274657 0.610977 0.341 -0.0270023 0.611754 0.341 -0.0281565 0.610392 0.341 -0.0149865 0.595663 0.338 -0.0149865 0.595209 0.341 -0.0149865 0.595209 0.338 -0.0122459 0.598186 0.341 -0.0122459 0.598186 0.341 -0.0117932 0.598148 0.341 -0.0149117 0.594761 0.338 -0.0149117 0.594761 0.338 -0.0147642 0.594331 0.341 -0.0147642 0.594331 0.338 -0.0145481 0.593932 0.341 -0.0145481 0.593932 0.341 -0.0142691 0.593573 0.338 -0.0142691 0.593573 0.338 -0.013935 0.593266 0.341 -0.013935 0.593266 0.338 -0.0135547 0.593017 0.341 -0.0135547 0.593017 0.341 -0.0131388 0.592835 0.338 -0.0131388 0.592835 0.338 -0.0126985 0.592723 0.341 -0.0126985 0.592723 0.338 -0.0122459 0.592686 0.341 -0.0122459 0.592686 0.338 -0.0149865 0.595663 0.341 -0.0149117 0.596111 0.338 -0.0149117 0.596111 0.341 -0.0147642 0.596541 0.338 -0.0147642 0.596541 0.338 -0.0145481 0.59694 0.341 -0.0145481 0.59694 0.341 -0.0142691 0.597298 0.338 -0.0142691 0.597298 0.341 -0.013935 0.597606 0.338 -0.013935 0.597606 0.338 -0.0135547 0.597854 0.341 -0.0135547 0.597854 0.341 -0.0131388 0.598037 0.338 -0.0131388 0.598037 0.341 -0.0126985 0.598148 0.338 -0.0126985 0.598148 0.338 -0.0113529 0.598037 0.338 -0.0117932 0.598148 0.341 -0.0113529 0.598037 0.338 -0.0102226 0.597298 0.338 -0.0105568 0.597606 0.341 -0.0102226 0.597298 0.338 -0.010937 0.597854 0.341 -0.010937 0.597854 0.341 -0.0105568 0.597606 0.338 -0.00972749 0.596541 0.341 -0.00958002 0.596111 0.338 -0.00958002 0.596111 0.341 -0.00994366 0.59694 0.341 -0.00972749 0.596541 0.338 -0.00994366 0.59694 0.341 -0.00958002 0.594761 0.338 -0.00958002 0.594761 0.338 -0.00950526 0.595209 0.341 -0.00950526 0.595209 0.338 -0.00950526 0.595663 0.341 -0.00950526 0.595663 0.338 -0.0102226 0.593573 0.338 -0.00994366 0.593932 0.341 -0.0102226 0.593573 0.338 -0.00972749 0.594331 0.341 -0.00972749 0.594331 0.341 -0.00994366 0.593932 0.341 -0.010937 0.593017 0.338 -0.0105568 0.593266 0.341 -0.0105568 0.593266 0.341 -0.0113529 0.592835 0.338 -0.010937 0.593017 0.338 -0.0113529 0.592835 0.341 -0.0117932 0.592723 0.338 -0.0117932 0.592723 0.341 -0.0142691 0.597298 0.341 -0.0145481 0.59694 0.341 -0.0147642 0.596541 0.341 -0.00972749 0.596541 0.341 -0.00994366 0.59694 0.341 -0.0126985 0.592723 0.341 -0.0149117 0.596111 0.341 -0.013935 0.597606 0.341 -0.0149865 0.595663 0.341 -0.0135547 0.597854 0.341 -0.0131388 0.598037 0.341 -0.0149865 0.595209 0.341 -0.0126985 0.598148 0.341 -0.0149117 0.594761 0.341 -0.0122459 0.598186 0.341 -0.0147642 0.594331 0.341 -0.0145481 0.593932 0.341 -0.0117932 0.598148 0.341 -0.0135547 0.593017 0.341 -0.0105568 0.597606 0.341 -0.013935 0.593266 0.341 -0.010937 0.597854 0.341 -0.0113529 0.598037 0.341 -0.0142691 0.593573 0.341 -0.0122459 0.592686 0.341 -0.0102226 0.597298 0.341 -0.0131388 0.592835 0.341 -0.0113529 0.592835 0.341 -0.010937 0.593017 0.341 -0.00950526 0.595209 0.341 -0.0117932 0.592723 0.341 -0.00950526 0.595663 0.341 -0.00958002 0.596111 0.341 -0.00972749 0.594331 0.341 -0.0102226 0.593573 0.341 -0.00994366 0.593932 0.341 -0.0105568 0.593266 0.341 -0.00958002 0.594761 0.341 0.0101474 0.593659 0.338 0.0104685 0.593337 0.341 0.0104685 0.593337 0.338 0.0103013 0.59738 0.341 0.0103013 0.59738 0.341 0.0106479 0.597674 0.341 0.0108382 0.593073 0.338 0.0108382 0.593073 0.338 0.0112462 0.592874 0.341 0.0112462 0.592874 0.338 0.0116815 0.592744 0.341 0.0116815 0.592744 0.341 0.0121322 0.592688 0.338 0.0121322 0.592688 0.338 0.012586 0.592707 0.341 0.012586 0.592707 0.338 0.0130305 0.5928 0.341 0.0130305 0.5928 0.341 0.0134537 0.592965 0.338 0.0134537 0.592965 0.338 0.0138438 0.593198 0.341 0.0138438 0.593198 0.338 0.0141904 0.593491 0.341 0.0141904 0.593491 0.338 0.0101474 0.593659 0.341 0.00988347 0.594028 0.338 0.00988347 0.594028 0.341 0.00968399 0.594436 0.338 0.00968399 0.594436 0.338 0.0095544 0.594872 0.341 0.0095544 0.594872 0.341 0.00949822 0.595322 0.338 0.00949822 0.595322 0.341 0.00951699 0.595776 0.338 0.00951699 0.595776 0.338 0.00961019 0.59622 0.341 0.00961019 0.59622 0.341 0.00977529 0.596644 0.338 0.00977529 0.596644 0.341 0.0100078 0.597034 0.338 0.0100078 0.597034 0.338 0.0110381 0.597906 0.338 0.0106479 0.597674 0.341 0.0110381 0.597906 0.338 0.0123595 0.598184 0.338 0.0119057 0.598165 0.341 0.0123595 0.598184 0.338 0.0114612 0.598072 0.341 0.0114612 0.598072 0.341 0.0119057 0.598165 0.338 0.0132455 0.597998 0.341 0.0136536 0.597798 0.338 0.0136536 0.597798 0.341 0.0128102 0.598127 0.341 0.0132455 0.597998 0.338 0.0128102 0.598127 0.341 0.0146083 0.596844 0.338 0.0146083 0.596844 0.338 0.0143444 0.597213 0.341 0.0143444 0.597213 0.338 0.0140232 0.597534 0.341 0.0140232 0.597534 0.338 0.0149935 0.59555 0.338 0.0149373 0.596 0.341 0.0149935 0.59555 0.338 0.0148077 0.596435 0.341 0.0148077 0.596435 0.341 0.0149373 0.596 0.341 0.0148815 0.594651 0.338 0.0149748 0.595096 0.341 0.0149748 0.595096 0.341 0.0147164 0.594228 0.338 0.0148815 0.594651 0.338 0.0147164 0.594228 0.341 0.014484 0.593838 0.338 0.014484 0.593838 0.341 0.00977529 0.596644 0.341 0.0110381 0.597906 0.341 0.0106479 0.597674 0.341 0.0121322 0.592688 0.341 0.012586 0.592707 0.341 0.0149935 0.59555 0.341 0.0114612 0.598072 0.341 0.00961019 0.59622 0.341 0.00951699 0.595776 0.341 0.0128102 0.598127 0.341 0.0095544 0.594872 0.341 0.00968399 0.594436 0.341 0.0119057 0.598165 0.341 0.00949822 0.595322 0.341 0.0123595 0.598184 0.341 0.0101474 0.593659 0.341 0.0104685 0.593337 0.341 0.0140232 0.597534 0.341 0.00988347 0.594028 0.341 0.0136536 0.597798 0.341 0.0132455 0.597998 0.341 0.0116815 0.592744 0.341 0.0148077 0.596435 0.341 0.0112462 0.592874 0.341 0.0146083 0.596844 0.341 0.0143444 0.597213 0.341 0.0108382 0.593073 0.341 0.0149748 0.595096 0.341 0.0130305 0.5928 0.341 0.0149373 0.596 0.341 0.0138438 0.593198 0.341 0.0141904 0.593491 0.341 0.014484 0.593838 0.341 0.0134537 0.592965 0.341 0.0147164 0.594228 0.341 0.0148815 0.594651 0.341 0.0103013 0.59738 0.341 0.0100078 0.597034 0.3415 0.0277016 0.610731 0.3415 0.02806 0.610452 0.3415 0.0284595 0.610236 0.3415 0.0284595 0.615273 0.3415 0.02806 0.615056 0.3415 0.0322766 0.612302 0.3415 0.0288891 0.610088 0.3415 0.027394 0.611065 0.3415 0.0293371 0.610014 0.3415 0.0271456 0.611445 0.3415 0.0269631 0.611861 0.3415 0.0297912 0.610014 0.3415 0.0268517 0.612302 0.3415 0.0302392 0.610088 0.3415 0.0268141 0.612754 0.3415 0.0306688 0.610236 0.3415 0.0310683 0.610452 0.3415 0.0268517 0.613207 0.3415 0.0319827 0.611445 0.3415 0.027394 0.614443 0.3415 0.0317343 0.611065 0.3415 0.0271456 0.614063 0.3415 0.0269631 0.613647 0.3415 0.0314267 0.610731 0.3415 0.0323141 0.612754 0.3415 0.0277016 0.614777 0.3415 0.0321651 0.611861 0.3415 0.0321651 0.613647 0.3415 0.0319827 0.614063 0.3415 0.0297912 0.615495 0.3415 0.0322766 0.613207 0.3415 0.0293371 0.615495 0.3415 0.0288891 0.61542 0.3415 0.0306688 0.615273 0.3415 0.0314267 0.614777 0.3415 0.0310683 0.615056 0.3415 0.0317343 0.614443 0.3415 0.0302392 0.61542 0.3385 0.0327294 0.624184 0.3385 0.03272 0.624318 0.3385 0.0322048 0.625025 0.3385 0.0326759 0.623652 0.3385 0.0327065 0.623782 0.3385 0.0324567 0.623324 0.3385 0.0325545 0.623417 0.3385 0.032627 0.623528 0.3385 0.0318087 0.624987 0.3385 0.0314046 0.624209 0.3385 0.0319365 0.625028 0.3385 0.032212 0.623218 0.3385 0.0327306 0.624049 0.3385 0.0320774 0.623211 0.3385 0.0324447 0.624908 0.3385 0.0326661 0.624579 0.3385 0.0325402 0.624814 0.3385 0.0327 0.62445 0.3385 0.0323315 0.624981 0.3385 0.0326144 0.624702 0.3385 0.0314077 0.624076 0.3385 0.032071 0.62504 0.3385 0.0315952 0.624824 0.3385 0.0314654 0.624597 0.3385 0.0314307 0.62447 0.3385 0.0314116 0.624341 0.3385 0.0316936 0.624917 0.3385 0.0315194 0.624717 0.3385 0.0314208 0.623944 0.3385 0.0316196 0.623463 0.3385 0.0317136 0.623367 0.3385 0.0314464 0.623815 0.3385 0.0314865 0.62369 0.3385 0.0315436 0.623571 0.3385 0.0318224 0.623288 0.3385 0.0319452 0.623234 0.3385 0.0327237 0.623916 0.3385 0.032341 0.623256 0.3384 0.033371 0.626876 0.3384 0.0332503 0.62705 0.3384 0.0326204 0.626327 0.3384 0.0326666 0.625673 0.3384 0.0324446 0.624908 0.3384 0.0325402 0.624814 0.3384 0.0326491 0.626174 0.3384 0.0334638 0.626686 0.3384 0.0331019 0.627202 0.3384 0.0325645 0.626472 0.3384 0.0327366 0.62742 0.3384 0.0329282 0.627327 0.3384 0.0325311 0.627482 0.3384 0.0324725 0.626596 0.3384 0.0322486 0.626716 0.3384 0.0323211 0.627514 0.3384 0.0321069 0.62752 0.3384 0.0323682 0.626671 0.3384 0.0314522 0.625458 0.3384 0.0315952 0.624824 0.3384 0.0316935 0.624916 0.3384 0.0320701 0.62504 0.3384 0.0322044 0.625025 0.3384 0.0321196 0.625743 0.3384 0.0313437 0.625583 0.3384 0.0313586 0.625711 0.3384 0.030455 0.626107 0.3384 0.0311116 0.627179 0.3384 0.0315129 0.626334 0.3384 0.0315764 0.626445 0.3384 0.0304091 0.625898 0.3384 0.0313997 0.625965 0.3384 0.0305922 0.626511 0.3384 0.0313769 0.625839 0.3384 0.0306949 0.623175 0.3384 0.0314462 0.623815 0.3384 0.0314208 0.623944 0.3384 0.0311802 0.622671 0.3384 0.0313946 0.622552 0.3384 0.0316196 0.623463 0.3384 0.0314864 0.623689 0.3384 0.0308175 0.623003 0.3384 0.0318225 0.623288 0.3384 0.031626 0.622469 0.3384 0.0318671 0.622425 0.3384 0.0317136 0.623367 0.3384 0.0324568 0.623324 0.3384 0.0328264 0.622586 0.3384 0.0325545 0.623417 0.3384 0.032078 0.623211 0.3384 0.0319454 0.623234 0.3384 0.0330346 0.622715 0.3384 0.0326756 0.623652 0.3384 0.0326268 0.623528 0.3384 0.0332196 0.622879 0.3384 0.0323414 0.623256 0.3384 0.0325997 0.622493 0.3384 0.0303517 0.624402 0.3384 0.0314119 0.62434 0.3384 0.0303376 0.624614 0.3384 0.0315987 0.62557 0.3384 0.032113 0.622415 0.3384 0.0323596 0.622437 0.3384 0.0322126 0.623218 0.3384 0.0313227 0.625324 0.3384 0.0315195 0.624716 0.3384 0.031431 0.62447 0.3384 0.0303309 0.624832 0.3384 0.0324883 0.625721 0.3384 0.0323315 0.624981 0.3384 0.0334422 0.623173 0.3384 0.0335249 0.623338 0.3384 0.0327062 0.623782 0.3384 0.033588 0.623512 0.3384 0.0327234 0.623916 0.3384 0.0326147 0.624703 0.3384 0.0328362 0.625601 0.3384 0.0327201 0.624318 0.3384 0.0335551 0.624786 0.3384 0.0334795 0.624955 0.3384 0.033632 0.623691 0.3384 0.0327305 0.62405 0.3384 0.0326665 0.624579 0.3384 0.0331393 0.62539 0.3384 0.0333841 0.625113 0.3384 0.0327002 0.62445 0.3384 0.0336659 0.624244 0.3384 0.0327295 0.624185 0.3384 0.0336693 0.624059 0.3384 0.0336584 0.623873 0.3384 0.0336469 0.624429 0.3384 0.0336105 0.62461 0.3384 0.03327 0.625258 0.3384 0.0329945 0.625505 0.3384 0.0323046 0.625744 0.3384 0.0315435 0.623571 0.3384 0.030988 0.622823 0.3384 0.0335778 0.626276 0.3384 0.0335316 0.626485 0.3384 0.0319919 0.626723 0.3384 0.0321206 0.626732 0.3384 0.031892 0.627503 0.3384 0.0316819 0.627461 0.3384 0.0318688 0.626687 0.3384 0.0317567 0.626625 0.3384 0.0314797 0.627393 0.3384 0.0316588 0.626543 0.3384 0.0314648 0.626213 0.3384 0.0308099 0.626877 0.3384 0.0314287 0.626091 0.3384 0.0306897 0.626701 0.3384 0.0305152 0.626312 0.3384 0.0313321 0.625456 0.3384 0.0303757 0.625687 0.3384 0.0303524 0.625475 0.3384 0.0312884 0.627299 0.3384 0.0303379 0.625261 0.3384 0.030331 0.625047 0.3384 0.030952 0.627038 0.3384 0.0303751 0.624187 0.3384 0.0314048 0.624207 0.3384 0.0305161 0.623563 0.3384 0.0305943 0.623366 0.3384 0.0304088 0.623976 0.3384 0.0304547 0.623769 0.3384 0.0314076 0.624076 0.3384 0.0317611 0.625657 0.3384 0.0319359 0.625028 0.3384 0.0319364 0.625715 0.3384 0.0314656 0.624596 0.3384 0.0318083 0.624986 0.3384 0.03334 0.623019 0.3385 0.0322048 0.625025 0.3384 0.0320701 0.62504 0.3385 0.032071 0.62504 0.3385 0.0323315 0.624981 0.3384 0.0322044 0.625025 0.3384 0.0323315 0.624981 0.3385 0.0324447 0.624908 0.3385 0.0325402 0.624814 0.3384 0.0324446 0.624908 0.3384 0.0325402 0.624814 0.3384 0.0319359 0.625028 0.3384 0.0318083 0.624986 0.3385 0.0319365 0.625028 0.3384 0.0316935 0.624916 0.3385 0.0318087 0.624987 0.3385 0.0316936 0.624917 0.3384 0.0315952 0.624824 0.3385 0.0315952 0.624824 0.3385 0.0304551 0.626107 0.3384 0.030455 0.626107 0.3384 0.0305152 0.626312 0.3385 0.0304094 0.625898 0.3384 0.0304091 0.625898 0.3384 0.0303757 0.625687 0.3385 0.0303757 0.625687 0.3385 0.0303525 0.625475 0.3384 0.0303524 0.625475 0.3384 0.0303379 0.625261 0.3385 0.030338 0.62526 0.3385 0.030331 0.625042 0.3384 0.030331 0.625047 0.3385 0.0303308 0.62483 0.3384 0.0303309 0.624832 0.3384 0.0303376 0.624614 0.3385 0.0303375 0.624612 0.3385 0.0303517 0.6244 0.3384 0.0303517 0.624402 0.3385 0.0303749 0.624188 0.3384 0.0303751 0.624187 0.3385 0.0304088 0.623976 0.3384 0.0304088 0.623976 0.3384 0.0304547 0.623769 0.3385 0.0304547 0.623769 0.3385 0.0305157 0.623563 0.3384 0.0305161 0.623563 0.3385 0.0305946 0.623365 0.3384 0.0305943 0.623366 0.3384 0.0306949 0.623175 0.3385 0.0306948 0.623175 0.3385 0.0308175 0.623003 0.3384 0.0308175 0.623003 0.3385 0.0305152 0.626312 0.3384 0.0305922 0.626511 0.3385 0.0305922 0.626511 0.3384 0.0306897 0.626701 0.3385 0.0306898 0.626702 0.3385 0.0308093 0.626877 0.3384 0.0308099 0.626877 0.3384 0.030952 0.627038 0.3385 0.0309515 0.627038 0.3384 0.0311116 0.627179 0.3385 0.0311116 0.627179 0.3385 0.0312881 0.627299 0.3384 0.0312884 0.627299 0.3384 0.0314797 0.627393 0.3385 0.0314795 0.627393 0.3384 0.0316819 0.627461 0.3385 0.0316818 0.627461 0.3385 0.0318918 0.627503 0.3384 0.031892 0.627503 0.3384 0.0321069 0.62752 0.3385 0.0321046 0.62752 0.3385 0.0323198 0.627513 0.3384 0.0323211 0.627514 0.3385 0.032531 0.627482 0.3384 0.0325311 0.627482 0.3384 0.0327366 0.62742 0.3385 0.0327364 0.62742 0.3384 0.0329282 0.627327 0.3385 0.0329279 0.627327 0.3384 0.0331019 0.627202 0.3385 0.0331019 0.627202 0.3384 0.0318671 0.622425 0.3385 0.0321156 0.622415 0.3384 0.032113 0.622415 0.3384 0.0323596 0.622437 0.3385 0.0323595 0.622436 0.3385 0.0325997 0.622492 0.3384 0.0325997 0.622493 0.3385 0.0328265 0.622586 0.3384 0.0328264 0.622586 0.3384 0.0330346 0.622715 0.3385 0.0330345 0.622716 0.3385 0.0332196 0.622879 0.3384 0.0332196 0.622879 0.3385 0.0318687 0.622425 0.3384 0.031626 0.622469 0.3385 0.0316259 0.622469 0.3385 0.0313947 0.622552 0.3384 0.0313946 0.622552 0.3384 0.0311802 0.622671 0.3385 0.0311802 0.622671 0.3384 0.030988 0.622823 0.3385 0.0309877 0.622823 0.3384 0.0308175 0.623003 0.3385 0.0308175 0.623003 0.3385 0.0333839 0.625113 0.3384 0.03327 0.625258 0.3384 0.0333841 0.625113 0.3385 0.0332691 0.625259 0.3384 0.0331393 0.62539 0.3385 0.0331392 0.62539 0.3385 0.0329943 0.625506 0.3385 0.0328361 0.625601 0.3384 0.0329945 0.625505 0.3385 0.0326664 0.625673 0.3384 0.0328362 0.625601 0.3384 0.0326666 0.625673 0.3385 0.0324881 0.625721 0.3384 0.0323046 0.625744 0.3384 0.0324883 0.625721 0.3385 0.0323038 0.625744 0.3384 0.0321196 0.625743 0.3384 0.0319364 0.625715 0.3385 0.0321187 0.625743 0.3385 0.0317608 0.625657 0.3385 0.0319358 0.625715 0.3385 0.0315985 0.62557 0.3384 0.0317611 0.625657 0.3384 0.0315987 0.62557 0.3385 0.0314521 0.625458 0.3385 0.0313227 0.625324 0.3384 0.0314522 0.625458 0.3384 0.0313227 0.625324 0.3384 0.0334795 0.624955 0.3384 0.0335551 0.624786 0.3385 0.0334795 0.624955 0.3384 0.0336105 0.62461 0.3385 0.0335551 0.624786 0.3385 0.0336107 0.62461 0.3384 0.0336469 0.624429 0.3385 0.033666 0.624245 0.3385 0.033647 0.62443 0.3384 0.0336659 0.624244 0.3385 0.0336694 0.62406 0.3385 0.0336584 0.623874 0.3384 0.0336693 0.624059 0.3384 0.033632 0.623691 0.3384 0.0336584 0.623873 0.3384 0.033588 0.623512 0.3385 0.0336319 0.623691 0.3385 0.0335879 0.623512 0.3384 0.0335249 0.623338 0.3384 0.0334422 0.623173 0.3385 0.0335248 0.623338 0.3384 0.03334 0.623019 0.3385 0.0334422 0.623173 0.3385 0.03334 0.623019 0.3384 0.0332196 0.622879 0.3385 0.0332196 0.622879 0.3384 0.0315129 0.626334 0.3385 0.0315766 0.626444 0.3384 0.0315764 0.626445 0.3384 0.0316588 0.626543 0.3385 0.0316589 0.626542 0.3385 0.0317568 0.626626 0.3384 0.0317567 0.626625 0.3385 0.0318691 0.626688 0.3384 0.0318688 0.626687 0.3384 0.0319919 0.626723 0.3385 0.0319925 0.626723 0.3385 0.0321213 0.626732 0.3384 0.0321206 0.626732 0.3384 0.0322486 0.626716 0.3385 0.0322489 0.626716 0.3384 0.0323682 0.626671 0.3385 0.0323688 0.626671 0.3385 0.0324725 0.626596 0.3384 0.0324725 0.626596 0.3385 0.0315126 0.626334 0.3385 0.0314646 0.626213 0.3384 0.0314648 0.626213 0.3384 0.0314287 0.626091 0.3385 0.0314283 0.62609 0.3384 0.0313997 0.625965 0.3385 0.0313997 0.625965 0.3384 0.0313769 0.625839 0.3385 0.0313769 0.625839 0.3385 0.0313585 0.625711 0.3384 0.0313586 0.625711 0.3384 0.0313437 0.625583 0.3385 0.0313438 0.625583 0.3384 0.0313321 0.625456 0.3385 0.0313321 0.625455 0.3384 0.0313227 0.625324 0.3385 0.0313227 0.625324 0.3384 0.0326204 0.626327 0.3384 0.0325645 0.626472 0.3385 0.03262 0.626326 0.3385 0.0326491 0.626174 0.3384 0.0326491 0.626174 0.3385 0.0325644 0.626471 0.3384 0.0324725 0.626596 0.3385 0.0324725 0.626596 0.3384 0.0326491 0.626174 0.3385 0.0335778 0.626276 0.3384 0.0335778 0.626276 0.3385 0.0326491 0.626174 0.3384 0.0334638 0.626686 0.3385 0.0333712 0.626876 0.3384 0.033371 0.626876 0.3384 0.0332503 0.62705 0.3385 0.0332502 0.62705 0.3385 0.0331019 0.627202 0.3384 0.0331019 0.627202 0.3385 0.0334641 0.626686 0.3384 0.0335316 0.626485 0.3385 0.0335318 0.626485 0.3384 0.0335778 0.626276 0.3385 0.0335778 0.626276 0.3384 0.0327305 0.62405 0.3385 0.0327294 0.624184 0.3385 0.0327306 0.624049 0.3385 0.0327237 0.623916 0.3384 0.0327234 0.623916 0.3385 0.0327065 0.623782 0.3384 0.0327062 0.623782 0.3385 0.0326759 0.623652 0.3384 0.0326756 0.623652 0.3384 0.0326268 0.623528 0.3385 0.032627 0.623528 0.3385 0.0325545 0.623417 0.3384 0.0325545 0.623417 0.3384 0.0327295 0.624185 0.3385 0.03272 0.624318 0.3384 0.0327201 0.624318 0.3384 0.0327002 0.62445 0.3385 0.0327 0.62445 0.3384 0.0326665 0.624579 0.3385 0.0326661 0.624579 0.3384 0.0326147 0.624703 0.3385 0.0326144 0.624702 0.3384 0.0325402 0.624814 0.3385 0.0325402 0.624814 0.3385 0.0320774 0.623211 0.3384 0.0319454 0.623234 0.3384 0.032078 0.623211 0.3385 0.0319452 0.623234 0.3385 0.0318224 0.623288 0.3384 0.0318225 0.623288 0.3385 0.0317136 0.623367 0.3385 0.0316196 0.623463 0.3384 0.0317136 0.623367 0.3384 0.0316196 0.623463 0.3385 0.032212 0.623218 0.3384 0.0323414 0.623256 0.3384 0.0322126 0.623218 0.3384 0.0324568 0.623324 0.3385 0.032341 0.623256 0.3385 0.0324567 0.623324 0.3384 0.0325545 0.623417 0.3385 0.0325545 0.623417 0.3384 0.0314048 0.624207 0.3385 0.0314077 0.624076 0.3385 0.0314046 0.624209 0.3385 0.0314116 0.624341 0.3384 0.0314119 0.62434 0.3385 0.0314307 0.62447 0.3384 0.031431 0.62447 0.3385 0.0314654 0.624597 0.3384 0.0314656 0.624596 0.3384 0.0315195 0.624716 0.3385 0.0315194 0.624717 0.3385 0.0315952 0.624824 0.3384 0.0315952 0.624824 0.3384 0.0314076 0.624076 0.3384 0.0314208 0.623944 0.3385 0.0314208 0.623944 0.3385 0.0314464 0.623815 0.3384 0.0314462 0.623815 0.3384 0.0314864 0.623689 0.3385 0.0314865 0.62369 0.3384 0.0315435 0.623571 0.3385 0.0315436 0.623571 0.3384 0.0316196 0.623463 0.3385 0.0316196 0.623463 0.3384 0.0322238 0.630334 0.3384 0.0322238 0.631292 0.3384 0.0297762 0.631292 0.3384 0.0297762 0.630334 0.3385 0.0322238 0.630334 0.3384 0.0322238 0.631292 0.3384 0.0322238 0.630334 0.3385 0.0322238 0.631292 0.3385 0.0322238 0.631292 0.3385 0.0297762 0.631292 0.3384 0.0297762 0.631292 0.3384 0.0322238 0.631292 0.3385 0.0297762 0.631292 0.3385 0.0297762 0.630334 0.3384 0.0297762 0.630334 0.3384 0.0297762 0.631292 0.3385 0.0297762 0.630334 0.3384 0.0322238 0.630334 0.3384 0.0297762 0.630334 0.3385 0.0322238 0.630334 0.3384 0.0314803 0.619434 0.3384 0.0327799 0.618562 0.3384 0.0327799 0.619434 0.3384 0.0305837 0.620748 0.3384 0.0305837 0.619434 0.3384 0.0305837 0.618562 0.3384 0.0314803 0.618562 0.3384 0.0314803 0.620748 0.3384 0.0292841 0.619434 0.3384 0.0292841 0.618562 0.3384 0.0314803 0.617252 0.3384 0.0305837 0.617252 0.3384 0.0327799 0.619434 0.3385 0.0314803 0.619434 0.3384 0.0314803 0.619434 0.3385 0.0327799 0.619434 0.3385 0.0314803 0.619434 0.3384 0.0314803 0.620748 0.3384 0.0314803 0.619434 0.3385 0.0314803 0.620748 0.3384 0.0314803 0.620748 0.3385 0.0305837 0.620748 0.3384 0.0305837 0.620748 0.3385 0.0314803 0.620748 0.3384 0.0305837 0.620748 0.3385 0.0305837 0.619434 0.3384 0.0305837 0.619434 0.3385 0.0305837 0.620748 0.3384 0.0305837 0.619434 0.3385 0.0292841 0.619434 0.3384 0.0292841 0.619434 0.3385 0.0305837 0.619434 0.3384 0.0292841 0.619434 0.3385 0.0292841 0.618562 0.3384 0.0292841 0.618562 0.3385 0.0292841 0.619434 0.3384 0.0292841 0.618562 0.3385 0.0305837 0.618562 0.3384 0.0305837 0.618562 0.3385 0.0292841 0.618562 0.3384 0.0305837 0.618562 0.3385 0.0305837 0.617252 0.3384 0.0305837 0.617252 0.3385 0.0305837 0.618562 0.3384 0.0305837 0.617252 0.3385 0.0314803 0.617252 0.3384 0.0314803 0.617252 0.3385 0.0305837 0.617252 0.3385 0.0314803 0.617252 0.3384 0.0314803 0.618562 0.3384 0.0314803 0.617252 0.3385 0.0314803 0.618562 0.3384 0.0314803 0.618562 0.3385 0.0327799 0.618562 0.3384 0.0327799 0.618562 0.3385 0.0314803 0.618562 0.3384 0.0327799 0.618562 0.3385 0.0327799 0.619434 0.3384 0.0327799 0.619434 0.3385 0.0327799 0.618562 0.3385 0.0230478 0.636711 0.338 0.0230478 0.636711 0.338 0.0229934 0.636549 0.3385 0.0231287 0.63686 0.338 0.0231287 0.63686 0.338 0.0232339 0.636994 0.3385 0.0232339 0.636994 0.3385 0.0233602 0.637108 0.338 0.0233602 0.637108 0.3385 0.023504 0.637199 0.338 0.023504 0.637199 0.3385 0.0229934 0.636549 0.3385 0.0229671 0.636381 0.338 0.0229671 0.636381 0.338 0.0229697 0.636211 0.3385 0.0229697 0.636211 0.338 0.023001 0.636044 0.3385 0.023001 0.636044 0.338 0.0230603 0.635884 0.3385 0.0230603 0.635884 0.3385 0.0229934 0.613451 0.338 0.0229934 0.613451 0.338 0.0230478 0.613289 0.3385 0.0229671 0.613619 0.338 0.0229671 0.613619 0.338 0.0229697 0.613789 0.3385 0.0229697 0.613789 0.3385 0.023001 0.613956 0.338 0.023001 0.613956 0.3385 0.0230603 0.614116 0.338 0.0230603 0.614116 0.3385 0.0230478 0.613289 0.3385 0.0231287 0.61314 0.338 0.0231287 0.61314 0.338 0.0232339 0.613006 0.3385 0.0232339 0.613006 0.338 0.0233602 0.612892 0.3385 0.0233602 0.612892 0.338 0.023504 0.612801 0.3385 0.023504 0.612801 0.3384 0.0271621 0.62485 0.3385 0.0298 0.623757 0.3384 0.0298 0.623757 0.3385 0.0271621 0.62485 0.3385 0.0298 0.623757 0.3384 0.0298 0.626243 0.3384 0.0298 0.623757 0.3385 0.0298 0.626243 0.3384 0.0298 0.626243 0.3385 0.0271621 0.62515 0.3384 0.0271621 0.62515 0.3385 0.0298 0.626243 0.3384 0.0271621 0.62485 0.3384 0.0298 0.623757 0.3384 0.0271621 0.62515 0.3384 0.0298 0.626243 0.3384 0.0254996 0.62485 0.3384 0.0254996 0.62515 0.3385 0.0254996 0.62485 0.3385 0.0271621 0.62485 0.3384 0.0271621 0.62485 0.3384 0.0254996 0.62485 0.3384 0.0254996 0.62515 0.3384 0.0271621 0.62515 0.3385 0.0271621 0.62515 0.3385 0.0254996 0.62515 0.3384 0.0343703 0.62293 0.3384 0.0342871 0.623034 0.3384 0.0341669 0.623092 0.3384 0.033913 0.623035 0.3384 0.0338298 0.62293 0.3384 0.0343703 0.62267 0.3384 0.0340333 0.623092 0.3384 0.0344 0.6228 0.3384 0.0338297 0.62267 0.3384 0.0341667 0.622508 0.3384 0.0338 0.6228 0.3384 0.034287 0.622565 0.3384 0.0340332 0.622508 0.3384 0.0339129 0.622566 0.3385 0.0343703 0.62267 0.3385 0.0344 0.6228 0.3384 0.0344 0.6228 0.3384 0.0343703 0.62267 0.3385 0.0342871 0.622566 0.3384 0.034287 0.622565 0.3385 0.0341669 0.622508 0.3385 0.0340333 0.622508 0.3384 0.0341667 0.622508 0.3384 0.0340332 0.622508 0.3384 0.0339129 0.622566 0.3385 0.033913 0.622565 0.3384 0.0338297 0.62267 0.3385 0.0338298 0.62267 0.3385 0.0338 0.6228 0.3384 0.0338 0.6228 0.3384 0.0343703 0.62293 0.3384 0.0342871 0.623034 0.3385 0.0343703 0.62293 0.3385 0.034287 0.623035 0.3384 0.0341669 0.623092 0.3385 0.0341667 0.623092 0.3385 0.0340332 0.623092 0.3384 0.0340333 0.623092 0.3384 0.033913 0.623035 0.3385 0.0339129 0.623034 0.3385 0.0338297 0.62293 0.3384 0.0338298 0.62293 0.338 0.0282973 0.639687 0.338 0.023504 0.637199 0.3385 0.023504 0.637199 0.3385 0.0282973 0.639687 0.338 0.0346429 0.622274 0.338 0.0346429 0.627726 0.3385 0.0346429 0.622274 0.3385 0.0337899 0.616888 0.338 0.0337899 0.616888 0.3385 0.0321048 0.611702 0.338 0.0321048 0.611702 0.3385 0.0346429 0.627726 0.338 0.0337899 0.633112 0.3385 0.0337899 0.633112 0.338 0.0321048 0.638298 0.3385 0.0321048 0.638298 0.3385 0.0296925 0.615501 0.3415 0.0293371 0.615495 0.3415 0.0297912 0.615495 0.3385 0.0268221 0.612545 0.3415 0.0268141 0.612754 0.3385 0.0268261 0.613011 0.3415 0.0302392 0.61542 0.3385 0.0301536 0.61544 0.3415 0.0306688 0.615273 0.3385 0.0305979 0.615302 0.3385 0.0310126 0.615092 0.3415 0.0310683 0.615056 0.3415 0.0314267 0.614777 0.3385 0.0313858 0.614814 0.3415 0.0317343 0.614443 0.3385 0.031707 0.614478 0.3385 0.0319668 0.614092 0.3415 0.0319827 0.614063 0.3415 0.0321651 0.613647 0.3385 0.0321579 0.613668 0.3415 0.0322766 0.613207 0.3385 0.0322748 0.613218 0.3385 0.0323141 0.612754 0.3415 0.0323141 0.612754 0.3385 0.0292277 0.615483 0.3385 0.0287725 0.615388 0.3415 0.0288891 0.61542 0.3415 0.0284595 0.615273 0.3385 0.02834 0.615217 0.3385 0.0279424 0.614975 0.3415 0.02806 0.615056 0.3385 0.0275913 0.61467 0.3415 0.0277016 0.614777 0.3415 0.027394 0.614443 0.3385 0.0272967 0.61431 0.3385 0.0270669 0.613906 0.3415 0.0271456 0.614063 0.3385 0.0269085 0.613468 0.3415 0.0269631 0.613647 0.3415 0.0268517 0.613207 0.3385 0.0270472 0.611646 0.3415 0.0271456 0.611445 0.3415 0.0269631 0.611861 0.3385 0.0268965 0.612086 0.3415 0.0268517 0.612302 0.3415 0.02806 0.610452 0.3385 0.0279041 0.610562 0.3385 0.0282973 0.610313 0.3415 0.027394 0.611065 0.3385 0.0275583 0.610873 0.3415 0.0277016 0.610731 0.338 0.0296145 0.610005 0.3415 0.0293371 0.610014 0.338 0.0291603 0.610034 0.338 0.0287172 0.610138 0.3415 0.0288891 0.610088 0.3415 0.0284595 0.610236 0.338 0.0282973 0.610313 0.338 0.0309195 0.610361 0.3415 0.0306688 0.610236 0.338 0.0305063 0.610171 0.338 0.0316242 0.610932 0.3415 0.0317343 0.611065 0.3415 0.0314267 0.610731 0.3415 0.0297912 0.610014 0.338 0.0318965 0.611297 0.338 0.0312956 0.610618 0.3415 0.0321651 0.611861 0.3415 0.0319827 0.611445 0.3385 0.0321048 0.611702 0.338 0.0321048 0.611702 0.3385 0.0322204 0.612042 0.3415 0.0322766 0.612302 0.3385 0.0322906 0.612395 0.3415 0.0310683 0.610452 0.3415 0.0302392 0.610088 0.338 0.0300673 0.610051 0.3385 0.0272699 0.611238 0.3385 0.0282973 0.610313 0.338 0.023504 0.612801 0.338 0.0282973 0.610313 0.3385 0.023504 0.612801 0.3385 0.0243913 0.632437 0.3385 0.0230603 0.635884 0.338 0.0230603 0.635884 0.3385 0.0252101 0.628834 0.3384 0.0254996 0.62515 0.3385 0.0254996 0.62515 0.338 0.0244059 0.632389 0.338 0.025225 0.628735 0.338 0.0255 0.625 0.3384 0.0254996 0.62485 0.3385 0.0252101 0.621166 0.3385 0.0254996 0.62485 0.338 0.025225 0.621265 0.338 0.0230603 0.614116 0.3385 0.0243913 0.617563 0.338 0.0244059 0.617611 0.3385 0.0230603 0.614116 0.3385 0.02683 0.636951 0.3385 0.023504 0.637199 0.3385 0.0243913 0.632437 0.3385 0.0292277 0.615483 0.3385 0.0296925 0.615501 0.3385 0.0292841 0.618562 0.3385 0.0278997 0.639435 0.3385 0.0275508 0.639119 0.3385 0.0321972 0.636452 0.3385 0.0337899 0.633112 0.3385 0.0322939 0.636913 0.3385 0.0321048 0.638298 0.3385 0.032247 0.63785 0.3385 0.0322238 0.630334 0.3385 0.0322238 0.631292 0.3385 0.0340333 0.622508 0.3385 0.0327799 0.619434 0.3385 0.0337899 0.616888 0.3385 0.0346429 0.622274 0.3385 0.0342871 0.622566 0.3385 0.0341669 0.622508 0.3385 0.0302446 0.634581 0.3385 0.0297762 0.631292 0.3385 0.030689 0.634736 0.3385 0.0313947 0.622552 0.3385 0.0311802 0.622671 0.3385 0.0314803 0.620748 0.3385 0.030338 0.62526 0.3385 0.0303525 0.625475 0.3385 0.0298 0.626243 0.3385 0.0297803 0.634504 0.3385 0.0297762 0.630334 0.3385 0.0271621 0.62515 0.3385 0.0284044 0.634752 0.3385 0.0279962 0.634987 0.3385 0.0252101 0.628834 0.3385 0.0254996 0.62515 0.3385 0.0229934 0.636549 0.3385 0.023001 0.636044 0.3385 0.0230478 0.636711 0.3385 0.027088 0.63605 0.3385 0.0269203 0.636489 0.3385 0.0229697 0.636211 0.3385 0.0229671 0.636381 0.3385 0.0233602 0.637108 0.3385 0.0230603 0.635884 0.3385 0.0268198 0.637422 0.3385 0.0268899 0.637887 0.3385 0.0270384 0.638334 0.3385 0.0272609 0.638748 0.3385 0.0282973 0.639687 0.3385 0.0232339 0.636994 0.3385 0.0231287 0.63686 0.3385 0.023504 0.612801 0.3385 0.0268261 0.613011 0.3385 0.0243913 0.617563 0.3385 0.0273282 0.635645 0.3385 0.027634 0.635287 0.3385 0.0254996 0.62485 0.3385 0.0252101 0.621166 0.3385 0.0271621 0.62485 0.3385 0.0305837 0.617252 0.3385 0.0305837 0.618562 0.3385 0.0327364 0.62742 0.3385 0.0329279 0.627327 0.3385 0.0310126 0.615092 0.3385 0.0314803 0.617252 0.3385 0.0305979 0.615302 0.3385 0.0301536 0.61544 0.3385 0.0229934 0.613451 0.3385 0.023001 0.613956 0.3385 0.0229697 0.613789 0.3385 0.0268221 0.612545 0.3385 0.0268965 0.612086 0.3385 0.0229671 0.613619 0.3385 0.0230603 0.614116 0.3385 0.0230478 0.613289 0.3385 0.0231287 0.61314 0.3385 0.0232339 0.613006 0.3385 0.0233602 0.612892 0.3385 0.0272967 0.61431 0.3385 0.0275913 0.61467 0.3385 0.0313858 0.614814 0.3385 0.0270669 0.613906 0.3385 0.0275583 0.610873 0.3385 0.0279041 0.610562 0.3385 0.0282973 0.610313 0.3385 0.0270472 0.611646 0.3385 0.0272699 0.611238 0.3385 0.0269085 0.613468 0.3385 0.0279424 0.614975 0.3385 0.02834 0.615217 0.3385 0.0287725 0.615388 0.3385 0.0292841 0.619434 0.3385 0.0327799 0.618562 0.3385 0.0319668 0.614092 0.3385 0.0321579 0.613668 0.3385 0.0316818 0.627461 0.3385 0.0314795 0.627393 0.3385 0.0314668 0.63526 0.3385 0.0311004 0.634965 0.3385 0.0322748 0.613218 0.3385 0.0317775 0.635614 0.3385 0.0323141 0.612754 0.3385 0.0322906 0.612395 0.3385 0.0322283 0.612082 0.3385 0.0321048 0.611702 0.3385 0.0322204 0.612042 0.3385 0.0320233 0.636015 0.3385 0.0323107 0.637383 0.3385 0.0305837 0.620748 0.3385 0.0308175 0.623003 0.3385 0.0306948 0.623175 0.3385 0.0288465 0.634591 0.3385 0.0293097 0.634508 0.3385 0.0314803 0.618562 0.3385 0.0346429 0.627726 0.3385 0.0343703 0.62293 0.3385 0.031707 0.614478 0.3385 0.0298 0.623757 0.3385 0.0314803 0.619434 0.3385 0.0305837 0.619434 0.3385 0.0326491 0.626174 0.3385 0.0326664 0.625673 0.3385 0.0328361 0.625601 0.3385 0.0306898 0.626702 0.3385 0.0308093 0.626877 0.3385 0.0343703 0.62267 0.3385 0.0344 0.6228 0.3385 0.033913 0.622565 0.3385 0.0338298 0.62267 0.3385 0.0335248 0.623338 0.3385 0.0334422 0.623173 0.3385 0.0338 0.6228 0.3385 0.0324881 0.625721 0.3385 0.0338297 0.62293 0.3385 0.0336319 0.623691 0.3385 0.0335879 0.623512 0.3385 0.0321046 0.62752 0.3385 0.0323198 0.627513 0.3385 0.0335551 0.624786 0.3385 0.0336107 0.62461 0.3385 0.0335778 0.626276 0.3385 0.0332502 0.62705 0.3385 0.0333712 0.626876 0.3385 0.034287 0.623035 0.3385 0.0304088 0.623976 0.3385 0.0303749 0.624188 0.3385 0.0305946 0.623365 0.3385 0.0315126 0.626334 0.3385 0.0315985 0.62557 0.3385 0.0317608 0.625657 0.3385 0.0314521 0.625458 0.3385 0.0313769 0.625839 0.3385 0.0313585 0.625711 0.3385 0.0305157 0.623563 0.3385 0.0313438 0.625583 0.3385 0.0313321 0.625455 0.3385 0.0304547 0.623769 0.3385 0.0303517 0.6244 0.3385 0.0303375 0.624612 0.3385 0.0303308 0.62483 0.3385 0.030331 0.625042 0.3385 0.0314646 0.626213 0.3385 0.0303757 0.625687 0.3385 0.0304094 0.625898 0.3385 0.0304551 0.626107 0.3385 0.0305152 0.626312 0.3385 0.0305922 0.626511 0.3385 0.0309515 0.627038 0.3385 0.0311116 0.627179 0.3385 0.0313997 0.625965 0.3385 0.0312881 0.627299 0.3385 0.0314283 0.62609 0.3385 0.0313227 0.625324 0.3385 0.0323038 0.625744 0.3385 0.0323688 0.626671 0.3385 0.0322489 0.626716 0.3385 0.0321187 0.625743 0.3385 0.0321213 0.626732 0.3385 0.0319925 0.626723 0.3385 0.0318918 0.627503 0.3385 0.0324725 0.626596 0.3385 0.0325644 0.626471 0.3385 0.032531 0.627482 0.3385 0.0331019 0.627202 0.3385 0.0333839 0.625113 0.3385 0.0334795 0.624955 0.3385 0.0335318 0.626485 0.3385 0.0334641 0.626686 0.3385 0.0328265 0.622586 0.3385 0.0325997 0.622492 0.3385 0.0318691 0.626688 0.3385 0.0319358 0.625715 0.3385 0.0316589 0.626542 0.3385 0.0315766 0.626444 0.3385 0.0317568 0.626626 0.3385 0.0321156 0.622415 0.3385 0.0323595 0.622436 0.3385 0.0332196 0.622879 0.3385 0.0330345 0.622716 0.3385 0.03262 0.626326 0.3385 0.0340332 0.623092 0.3385 0.0336694 0.62406 0.3385 0.0336584 0.623874 0.3385 0.0329943 0.625506 0.3385 0.0341667 0.623092 0.3385 0.0332691 0.625259 0.3385 0.0331392 0.62539 0.3385 0.0339129 0.623034 0.3385 0.033666 0.624245 0.3385 0.033647 0.62443 0.3385 0.03334 0.623019 0.3385 0.0318687 0.622425 0.3385 0.0316259 0.622469 0.3385 0.0309877 0.622823 0.3415 0.0296778 0.634498 0.3415 0.029224 0.634517 0.3385 0.0293097 0.634508 0.3415 0.0285645 0.639808 0.3385 0.0282973 0.639687 0.3415 0.0281565 0.639608 0.338 0.0304066 0.639864 0.3415 0.0303488 0.639882 0.3415 0.0307719 0.639716 0.3385 0.0297803 0.634504 0.3415 0.0301285 0.634554 0.3415 0.0299043 0.639975 0.338 0.0299841 0.639964 0.338 0.0295512 0.639996 0.3385 0.0302446 0.634581 0.3415 0.0305638 0.634684 0.338 0.0291187 0.63996 0.3415 0.0294505 0.639994 0.3415 0.0289998 0.639937 0.3415 0.0309718 0.634883 0.3385 0.030689 0.634736 0.338 0.0286972 0.639856 0.338 0.0282973 0.639687 0.3385 0.0311004 0.634965 0.3415 0.0313415 0.635147 0.3385 0.0314668 0.63526 0.3415 0.0316626 0.635469 0.3415 0.0319265 0.635838 0.3385 0.0317775 0.635614 0.3385 0.0320233 0.636015 0.3415 0.032126 0.636246 0.3385 0.0321972 0.636452 0.3415 0.0322556 0.636681 0.3415 0.0323118 0.637132 0.3385 0.0322939 0.636913 0.3385 0.0323107 0.637383 0.3415 0.032293 0.637586 0.3385 0.032247 0.63785 0.3415 0.0321998 0.638031 0.3415 0.0320347 0.638454 0.3385 0.0321048 0.638298 0.338 0.0321048 0.638298 0.338 0.0319457 0.638621 0.3415 0.0318022 0.638844 0.338 0.0317459 0.63892 0.338 0.0315087 0.63919 0.3415 0.0315087 0.63919 0.3385 0.0288465 0.634591 0.3415 0.0287795 0.63461 0.3385 0.0284044 0.634752 0.3385 0.0279962 0.634987 0.3415 0.0283564 0.634775 0.3415 0.0279662 0.635008 0.3385 0.027634 0.635287 0.3415 0.0276196 0.635301 0.3385 0.0273282 0.635645 0.3415 0.0273261 0.635648 0.3415 0.0270936 0.636038 0.3415 0.0269285 0.636461 0.3385 0.027088 0.63605 0.3415 0.0268353 0.636906 0.3385 0.0269203 0.636489 0.3385 0.02683 0.636951 0.3415 0.0268165 0.637359 0.3385 0.0268198 0.637422 0.3415 0.0268727 0.63781 0.3385 0.0268899 0.637887 0.3415 0.0270023 0.638246 0.3385 0.0270384 0.638334 0.3385 0.0272609 0.638748 0.3415 0.0272017 0.638654 0.3415 0.0274657 0.639023 0.3385 0.0275508 0.639119 0.3415 0.0277868 0.639344 0.3385 0.0278997 0.639435 0.338 0.030808 0.639699 0.3415 0.0311621 0.639484 0.338 0.0311785 0.639472 0.3415 0.0283564 0.634775 0.3415 0.0270936 0.636038 0.3415 0.0273261 0.635648 0.3415 0.0323118 0.637132 0.3415 0.032293 0.637586 0.3415 0.0294505 0.639994 0.3415 0.0269285 0.636461 0.3415 0.0287795 0.63461 0.3415 0.029224 0.634517 0.3415 0.0268727 0.63781 0.3415 0.0301285 0.634554 0.3415 0.0305638 0.634684 0.3415 0.0268353 0.636906 0.3415 0.0296778 0.634498 0.3415 0.0268165 0.637359 0.3415 0.0313415 0.635147 0.3415 0.0316626 0.635469 0.3415 0.0274657 0.639023 0.3415 0.0309718 0.634883 0.3415 0.0272017 0.638654 0.3415 0.0270023 0.638246 0.3415 0.0322556 0.636681 0.3415 0.0285645 0.639808 0.3415 0.032126 0.636246 0.3415 0.0281565 0.639608 0.3415 0.0277868 0.639344 0.3415 0.0319265 0.635838 0.3415 0.0299043 0.639975 0.3415 0.0321998 0.638031 0.3415 0.0289998 0.639937 0.3415 0.0318022 0.638844 0.3415 0.0315087 0.63919 0.3415 0.0311621 0.639484 0.3415 0.0320347 0.638454 0.3415 0.0307719 0.639716 0.3415 0.0303488 0.639882 0.3415 0.0276196 0.635301 0.3415 0.0279662 0.635008 0.341 -0.0101474 0.656341 0.338 -0.0104685 0.656663 0.341 -0.0104685 0.656663 0.338 -0.0103013 0.65262 0.341 -0.0103013 0.65262 0.341 -0.0106479 0.652326 0.341 -0.0108382 0.656927 0.338 -0.0108382 0.656927 0.338 -0.0112462 0.657126 0.341 -0.0112462 0.657126 0.338 -0.0116815 0.657256 0.341 -0.0116815 0.657256 0.341 -0.0121322 0.657312 0.338 -0.0121322 0.657312 0.338 -0.012586 0.657293 0.341 -0.012586 0.657293 0.338 -0.0130305 0.6572 0.341 -0.0130305 0.6572 0.341 -0.0134537 0.657035 0.338 -0.0134537 0.657035 0.338 -0.0138438 0.656802 0.341 -0.0138438 0.656802 0.338 -0.0141904 0.656509 0.341 -0.0141904 0.656509 0.338 -0.0101474 0.656341 0.341 -0.00988347 0.655972 0.338 -0.00988347 0.655972 0.341 -0.00968399 0.655564 0.338 -0.00968399 0.655564 0.338 -0.0095544 0.655128 0.341 -0.0095544 0.655128 0.341 -0.00949822 0.654678 0.338 -0.00949822 0.654678 0.341 -0.00951699 0.654224 0.338 -0.00951699 0.654224 0.338 -0.00961019 0.65378 0.341 -0.00961019 0.65378 0.341 -0.00977529 0.653356 0.338 -0.00977529 0.653356 0.341 -0.0100078 0.652966 0.338 -0.0100078 0.652966 0.338 -0.0110381 0.652094 0.338 -0.0106479 0.652326 0.341 -0.0110381 0.652094 0.338 -0.0123595 0.651816 0.338 -0.0119057 0.651835 0.341 -0.0123595 0.651816 0.338 -0.0114612 0.651928 0.341 -0.0114612 0.651928 0.341 -0.0119057 0.651835 0.338 -0.0132455 0.652002 0.341 -0.0136536 0.652202 0.338 -0.0136536 0.652202 0.341 -0.0128102 0.651873 0.341 -0.0132455 0.652002 0.338 -0.0128102 0.651873 0.341 -0.0146083 0.653156 0.338 -0.0146083 0.653156 0.338 -0.0143444 0.652787 0.341 -0.0143444 0.652787 0.338 -0.0140232 0.652466 0.341 -0.0140232 0.652466 0.338 -0.0149935 0.65445 0.338 -0.0149373 0.654 0.341 -0.0149935 0.65445 0.338 -0.0148077 0.653565 0.341 -0.0148077 0.653565 0.341 -0.0149373 0.654 0.341 -0.0148815 0.655349 0.338 -0.0149748 0.654904 0.341 -0.0149748 0.654904 0.341 -0.0147164 0.655772 0.338 -0.0148815 0.655349 0.338 -0.0147164 0.655772 0.341 -0.014484 0.656162 0.338 -0.014484 0.656162 0.341 -0.00951699 0.654224 0.341 -0.0114612 0.651928 0.341 -0.00961019 0.65378 0.341 -0.00949822 0.654678 0.341 -0.0123595 0.651816 0.341 -0.0119057 0.651835 0.341 -0.00977529 0.653356 0.341 -0.0110381 0.652094 0.341 -0.0106479 0.652326 0.341 -0.00988347 0.655972 0.341 -0.0136536 0.652202 0.341 -0.0132455 0.652002 0.341 -0.00968399 0.655564 0.341 -0.0128102 0.651873 0.341 -0.0095544 0.655128 0.341 -0.0146083 0.653156 0.341 -0.0143444 0.652787 0.341 -0.0108382 0.656927 0.341 -0.0140232 0.652466 0.341 -0.0101474 0.656341 0.341 -0.0104685 0.656663 0.341 -0.0149373 0.654 0.341 -0.0121322 0.657312 0.341 -0.0149935 0.65445 0.341 -0.0112462 0.657126 0.341 -0.0116815 0.657256 0.341 -0.0148077 0.653565 0.341 -0.012586 0.657293 0.341 -0.0130305 0.6572 0.341 -0.0149748 0.654904 0.341 -0.0138438 0.656802 0.341 -0.0141904 0.656509 0.341 -0.014484 0.656162 0.341 -0.0134537 0.657035 0.341 -0.0147164 0.655772 0.341 -0.0148815 0.655349 0.341 -0.0103013 0.65262 0.341 -0.0100078 0.652966 0.341 0.0149865 0.654337 0.338 0.0149865 0.654791 0.341 0.0149865 0.654791 0.338 0.0122459 0.651814 0.341 0.0122459 0.651814 0.341 0.0117932 0.651852 0.341 0.0149117 0.655239 0.338 0.0149117 0.655239 0.338 0.0147642 0.655669 0.341 0.0147642 0.655669 0.338 0.0145481 0.656068 0.341 0.0145481 0.656068 0.341 0.0142691 0.656427 0.338 0.0142691 0.656427 0.338 0.013935 0.656734 0.341 0.013935 0.656734 0.338 0.0135547 0.656983 0.341 0.0135547 0.656983 0.341 0.0131388 0.657165 0.338 0.0131388 0.657165 0.338 0.0126985 0.657277 0.341 0.0126985 0.657277 0.338 0.0122459 0.657314 0.341 0.0122459 0.657314 0.338 0.0149865 0.654337 0.341 0.0149117 0.653889 0.338 0.0149117 0.653889 0.341 0.0147642 0.653459 0.338 0.0147642 0.653459 0.338 0.0145481 0.65306 0.341 0.0145481 0.65306 0.341 0.0142691 0.652702 0.338 0.0142691 0.652702 0.341 0.013935 0.652394 0.338 0.013935 0.652394 0.338 0.0135547 0.652146 0.341 0.0135547 0.652146 0.341 0.0131388 0.651963 0.338 0.0131388 0.651963 0.341 0.0126985 0.651852 0.338 0.0126985 0.651852 0.338 0.0113529 0.651963 0.338 0.0117932 0.651852 0.341 0.0113529 0.651963 0.338 0.0102226 0.652702 0.338 0.0105568 0.652394 0.341 0.0102226 0.652702 0.338 0.010937 0.652146 0.341 0.010937 0.652146 0.341 0.0105568 0.652394 0.338 0.00972749 0.653459 0.341 0.00958002 0.653889 0.338 0.00958002 0.653889 0.341 0.00994366 0.65306 0.341 0.00972749 0.653459 0.338 0.00994366 0.65306 0.341 0.00958002 0.655239 0.338 0.00958002 0.655239 0.338 0.00950526 0.654791 0.341 0.00950526 0.654791 0.338 0.00950526 0.654337 0.341 0.00950526 0.654337 0.338 0.0102226 0.656427 0.338 0.00994366 0.656068 0.341 0.0102226 0.656427 0.338 0.00972749 0.655669 0.341 0.00972749 0.655669 0.341 0.00994366 0.656068 0.341 0.010937 0.656983 0.338 0.0105568 0.656734 0.341 0.0105568 0.656734 0.341 0.0113529 0.657165 0.338 0.010937 0.656983 0.338 0.0113529 0.657165 0.341 0.0117932 0.657277 0.338 0.0117932 0.657277 0.341 0.0122459 0.651814 0.341 0.0149117 0.655239 0.341 0.0147642 0.655669 0.341 0.0147642 0.653459 0.341 0.013935 0.652394 0.341 0.0142691 0.652702 0.341 0.0145481 0.65306 0.341 0.0149117 0.653889 0.341 0.0135547 0.652146 0.341 0.0131388 0.651963 0.341 0.0149865 0.654337 0.341 0.0149865 0.654791 0.341 0.0126985 0.651852 0.341 0.010937 0.652146 0.341 0.0113529 0.651963 0.341 0.0142691 0.656427 0.341 0.0145481 0.656068 0.341 0.0117932 0.651852 0.341 0.013935 0.656734 0.341 0.0135547 0.656983 0.341 0.0105568 0.652394 0.341 0.00972749 0.653459 0.341 0.0126985 0.657277 0.341 0.0122459 0.657314 0.341 0.0102226 0.652702 0.341 0.0131388 0.657165 0.341 0.00994366 0.65306 0.341 0.0113529 0.657165 0.341 0.010937 0.656983 0.341 0.00950526 0.654791 0.341 0.0117932 0.657277 0.341 0.00950526 0.654337 0.341 0.00958002 0.653889 0.341 0.0102226 0.656427 0.341 0.00994366 0.656068 0.341 0.00972749 0.655669 0.341 0.00958002 0.655239 0.341 0.0105568 0.656734 0.344 0.0249146 0.622936 0.338 0.0249146 0.627064 0.344 0.0249146 0.627064 0.338 -3.03451e-18 0.6 0.344 -1.41367e-17 0.6 0.344 -0.00411486 0.600341 0.344 0.024235 0.631137 0.338 0.024235 0.631137 0.338 0.0228943 0.635042 0.344 0.0228943 0.635042 0.338 0.0209292 0.638674 0.344 0.0209292 0.638674 0.344 0.0183931 0.641932 0.338 0.0183931 0.641932 0.338 0.0153553 0.644729 0.344 0.0153553 0.644729 0.338 0.0118987 0.646987 0.344 0.0118987 0.646987 0.344 0.00811749 0.648645 0.338 0.00811749 0.648645 0.338 0.00411486 0.649659 0.344 0.00411486 0.649659 0.338 6.15034e-18 0.65 0.344 6.15034e-18 0.65 0.338 0.0249146 0.622936 0.344 0.024235 0.618863 0.338 0.024235 0.618863 0.344 0.0228943 0.614958 0.338 0.0228943 0.614958 0.338 0.0209292 0.611326 0.344 0.0209292 0.611326 0.344 0.0183931 0.608068 0.338 0.0183931 0.608068 0.344 0.0153553 0.605271 0.338 0.0153553 0.605271 0.338 0.0118987 0.603013 0.344 0.0118987 0.603013 0.344 0.00811749 0.601355 0.338 0.00811749 0.601355 0.344 0.00411486 0.600341 0.338 0.00411486 0.600341 0.338 -0.00811749 0.601355 0.338 -0.00411486 0.600341 0.344 -0.00811749 0.601355 0.338 -0.0183931 0.608068 0.338 -0.0153553 0.605271 0.344 -0.0183931 0.608068 0.338 -0.0118987 0.603013 0.344 -0.0118987 0.603013 0.344 -0.0153553 0.605271 0.338 -0.0228943 0.614958 0.344 -0.024235 0.618863 0.338 -0.024235 0.618863 0.344 -0.0209292 0.611326 0.344 -0.0228943 0.614958 0.338 -0.0209292 0.611326 0.344 -0.024235 0.631137 0.338 -0.024235 0.631137 0.338 -0.0249146 0.627064 0.344 -0.0249146 0.627064 0.338 -0.0249146 0.622936 0.344 -0.0249146 0.622936 0.338 -0.0183931 0.641932 0.338 -0.0209292 0.638674 0.344 -0.0183931 0.641932 0.338 -0.0228943 0.635042 0.344 -0.0228943 0.635042 0.344 -0.0209292 0.638674 0.344 -0.0118987 0.646987 0.338 -0.0153553 0.644729 0.344 -0.0153553 0.644729 0.344 -0.00811749 0.648645 0.338 -0.0118987 0.646987 0.338 -0.00811749 0.648645 0.344 -0.00411486 0.649659 0.338 -0.00411486 0.649659 0.344 0.0183931 0.608068 0.344 0.0209292 0.611326 0.344 0.0228943 0.614958 0.344 -0.0228943 0.614958 0.344 -0.0209292 0.611326 0.344 0.00411486 0.649659 0.344 0.024235 0.618863 0.344 0.0153553 0.605271 0.344 0.0249146 0.622936 0.344 0.0118987 0.603013 0.344 0.00811749 0.601355 0.344 0.0249146 0.627064 0.344 0.00411486 0.600341 0.344 0.024235 0.631137 0.344 -1.41367e-17 0.6 0.344 0.0228943 0.635042 0.344 0.0209292 0.638674 0.344 -0.00411486 0.600341 0.344 0.0118987 0.646987 0.344 -0.0153553 0.605271 0.344 0.0153553 0.644729 0.344 -0.0118987 0.603013 0.344 -0.00811749 0.601355 0.344 0.0183931 0.641932 0.344 6.15034e-18 0.65 0.344 -0.0183931 0.608068 0.344 0.00811749 0.648645 0.344 -0.00811749 0.648645 0.344 -0.0118987 0.646987 0.344 -0.0249146 0.627064 0.344 -0.00411486 0.649659 0.344 -0.0249146 0.622936 0.344 -0.024235 0.618863 0.344 -0.0228943 0.635042 0.344 -0.0183931 0.641932 0.344 -0.0209292 0.638674 0.344 -0.0153553 0.644729 0.344 -0.024235 0.631137 0.338 -0.0321651 0.638139 0.338 -0.0319827 0.638555 0.338 -0.0315339 0.640186 0.338 -0.024235 0.618863 0.338 -0.029224 0.615483 0.338 -0.0287795 0.61539 0.338 -0.0260975 0.601678 0.338 -0.0183931 0.608068 0.338 -0.0209292 0.611326 0.338 -0.02806 0.634944 0.338 -0.024235 0.631137 0.338 -0.0277016 0.635223 0.338 -0.0306688 0.639764 0.338 -0.0310683 0.639548 0.338 -0.0228943 0.635042 0.338 -0.0209292 0.638674 0.338 -0.0268517 0.637698 0.338 -0.0269631 0.638139 0.338 -0.0277016 0.639269 0.338 -0.0285446 0.645253 0.338 -0.02806 0.639548 0.338 -0.0302392 0.63458 0.338 -0.0306688 0.634727 0.338 -0.0347799 0.628919 0.338 -0.0149748 0.654904 0.338 -0.0151859 0.656534 0.338 -0.0202535 0.653545 0.338 -0.00411486 0.600341 0.338 -0.00811749 0.601355 0.338 -0.00972749 0.596541 0.338 -0.00950526 0.595209 0.338 -0.00950526 0.595663 0.338 0.0229671 0.613619 0.338 0.0229697 0.613789 0.338 0.0209292 0.611326 0.338 0.023001 0.636044 0.338 0.0228943 0.635042 0.338 0.0230603 0.635884 0.338 0.0228943 0.614958 0.338 0.0113529 0.651963 0.338 0.0118987 0.646987 0.338 0.0117932 0.651852 0.338 0.025225 0.628735 0.338 0.0244059 0.632389 0.338 0.024235 0.631137 0.338 0.0229671 0.636381 0.338 0.0209292 0.638674 0.338 0.0229697 0.636211 0.338 0.0232339 0.613006 0.338 0.0231287 0.61314 0.338 0.0249146 0.627064 0.338 0.0255 0.625 0.338 0.0136536 0.597798 0.338 0.0118987 0.603013 0.338 0.0132455 0.597998 0.338 0.0230478 0.613289 0.338 0.0229934 0.613451 0.338 0.0140232 0.597534 0.338 0.0153553 0.605271 0.338 0.0114612 0.598072 0.338 0.00811749 0.601355 0.338 0.0110381 0.597906 0.338 -0.010937 0.597854 0.338 -0.0105568 0.597606 0.338 -0.0268353 0.613094 0.338 -0.0268165 0.612641 0.338 -0.0228943 0.614958 0.338 -0.0113529 0.598037 0.338 -0.0102226 0.597298 0.338 -0.00994366 0.59694 0.338 -0.0118987 0.646987 0.338 -0.0123595 0.651816 0.338 -0.0128102 0.651873 0.338 -0.0183931 0.641932 0.338 -0.0247487 0.649749 0.338 -0.0273261 0.614352 0.338 -0.0270936 0.613962 0.338 -0.0118987 0.603013 0.338 -0.0293371 0.634505 0.338 -0.0249146 0.627064 0.338 -0.0341225 0.617212 0.338 -0.0309718 0.615117 0.338 -0.0305638 0.615316 0.338 -0.0283564 0.615225 0.338 -0.0249146 0.622936 0.338 -0.0349449 0.623038 0.338 -0.0296778 0.615502 0.338 -0.0297912 0.634505 0.338 -0.0310683 0.634944 0.338 -0.0336321 0.634689 0.338 -0.0317343 0.635557 0.338 -0.0314267 0.635223 0.338 -0.0321651 0.636353 0.338 -0.0319827 0.635937 0.338 -0.0323141 0.637246 0.338 -0.0322766 0.636793 0.338 -0.0322766 0.637698 0.338 -0.0314267 0.639269 0.338 -0.0317343 0.638935 0.338 -0.0302392 0.639912 0.338 -0.0297912 0.639986 0.338 -0.0288891 0.639912 0.338 -0.0293371 0.639986 0.338 -0.0284595 0.639764 0.338 -0.027394 0.638935 0.338 -0.0271456 0.638555 0.338 -0.0271456 0.635937 0.338 -0.027394 0.635557 0.338 -0.0149865 0.595209 0.338 -0.0149865 0.595663 0.338 -0.0169302 0.594367 0.338 0.0330359 0.63656 0.338 0.0321048 0.638298 0.338 0.0337899 0.633112 0.338 -0.0117932 0.598148 0.338 -0.0274657 0.610977 0.338 -0.0277868 0.610656 0.338 -0.0153553 0.605271 0.338 -0.0218221 0.597636 0.338 -0.0142691 0.597298 0.338 -0.013935 0.597606 0.338 -0.0135547 0.597854 0.338 -0.0281565 0.610392 0.338 -0.0296353 0.606379 0.338 -0.0289998 0.610063 0.338 -0.0285645 0.610192 0.338 -0.0299043 0.610025 0.338 -0.0294505 0.610006 0.338 -0.0307719 0.610284 0.338 -0.0303488 0.610118 0.338 -0.0323358 0.611606 0.338 -0.0315087 0.61081 0.338 -0.0311621 0.610516 0.338 -0.0320347 0.611546 0.338 -0.0318022 0.611156 0.338 -0.0323118 0.612868 0.338 -0.032293 0.612414 0.338 -0.0321998 0.611969 0.338 -0.032126 0.613754 0.338 -0.0322556 0.613319 0.338 -0.0316626 0.614531 0.338 -0.0319265 0.614162 0.338 -0.0313415 0.614853 0.338 -0.0301285 0.615446 0.338 -0.0279662 0.614992 0.338 -0.0276196 0.614699 0.338 0.00411486 0.600341 0.338 8.68293e-17 0.59 0.338 0.00608173 0.590533 0.338 -0.00958002 0.596111 0.338 -0.0115598 0.591964 0.338 -0.00586272 0.590495 0.338 -0.0105568 0.593266 0.338 0.0106479 0.597674 0.338 0.0233602 0.612892 0.338 0.011977 0.592114 0.338 0.0121322 0.592688 0.338 0.0116815 0.592744 0.338 0.0225038 0.598194 0.338 0.0143444 0.597213 0.338 0.0146083 0.596844 0.338 0.00961019 0.59622 0.338 0.00951699 0.595776 0.338 0.0095544 0.594872 0.338 0.00949822 0.595322 0.338 -3.03451e-18 0.6 0.338 -0.00958002 0.594761 0.338 -0.00994366 0.593932 0.338 -0.00972749 0.594331 0.338 -0.0102226 0.593573 0.338 -0.0135547 0.593017 0.338 -0.0113529 0.592835 0.338 -0.010937 0.593017 0.338 -0.0117932 0.592723 0.338 -0.0122459 0.592686 0.338 -0.0131388 0.592835 0.338 -0.0126985 0.592723 0.338 -0.0142691 0.593573 0.338 -0.013935 0.593266 0.338 -0.0147642 0.594331 0.338 -0.0145481 0.593932 0.338 -0.0149117 0.594761 0.338 -0.0149117 0.596111 0.338 -0.0147642 0.596541 0.338 -0.0145481 0.59694 0.338 -0.0131388 0.598037 0.338 -0.0126985 0.598148 0.338 -0.0122459 0.598186 0.338 0.023504 0.612801 0.338 0.0282973 0.610313 0.338 0.0328908 0.613034 0.338 0.0321048 0.611702 0.338 0.0318965 0.611297 0.338 0.0134537 0.592965 0.338 0.0130305 0.5928 0.338 0.0346429 0.627726 0.338 0.0345055 0.630863 0.338 0.0268164 0.602509 0.338 0.0183931 0.608068 0.338 0.030314 0.607506 0.338 0.0148077 0.596435 0.338 0.0175069 0.594694 0.338 0.0149935 0.59555 0.338 0.0149373 0.596 0.338 0.0148815 0.594651 0.338 0.0149748 0.595096 0.338 0.014484 0.593838 0.338 0.0147164 0.594228 0.338 0.0141904 0.593491 0.338 0.0138438 0.593198 0.338 0.012586 0.592707 0.338 0.0112462 0.592874 0.338 0.0108382 0.593073 0.338 0.0101474 0.593659 0.338 0.0104685 0.593337 0.338 0.00968399 0.594436 0.338 0.00988347 0.594028 0.338 0.00977529 0.596644 0.338 0.0103013 0.59738 0.338 0.0100078 0.597034 0.338 0.0337899 0.616888 0.338 0.0344687 0.618925 0.338 0.0346429 0.622274 0.338 0.035 0.625 0.338 0.023001 0.613956 0.338 0.024235 0.618863 0.338 0.0244059 0.617611 0.338 0.025225 0.621265 0.338 -0.0268727 0.61219 0.338 0.0249146 0.622936 0.338 -0.0269285 0.613539 0.338 0.00811749 0.648645 0.338 0.010937 0.652146 0.338 0.0105568 0.652394 0.338 0.0186211 0.654635 0.338 0.0149117 0.653889 0.338 0.0147642 0.653459 0.338 0.0131388 0.657165 0.338 0.0135547 0.656983 0.338 0.0133939 0.657336 0.338 -0.0119057 0.651835 0.338 -0.0114612 0.651928 0.338 -0.00411486 0.649659 0.338 -0.00949822 0.654678 0.338 -0.00951699 0.654224 0.338 0.0126985 0.651852 0.338 0.0131388 0.651963 0.338 0.00196247 0.659945 0.338 0.00411486 0.649659 0.338 0.00950526 0.654791 0.338 0.0153553 0.644729 0.338 0.0135547 0.652146 0.338 0.0233221 0.651097 0.338 0.0142691 0.652702 0.338 0.013935 0.652394 0.338 0.0183931 0.641932 0.338 0.0273641 0.646822 0.338 0.0306328 0.64193 0.338 0.0286972 0.639856 0.338 0.0282973 0.639687 0.338 0.0295512 0.639996 0.338 0.0291187 0.63996 0.338 0.0304066 0.639864 0.338 0.0299841 0.639964 0.338 0.0311785 0.639472 0.338 0.030808 0.639699 0.338 0.0317459 0.63892 0.338 0.0315087 0.63919 0.338 0.0319457 0.638621 0.338 0.0312956 0.610618 0.338 0.0316242 0.610932 0.338 0.0305063 0.610171 0.338 0.0309195 0.610361 0.338 0.0296145 0.610005 0.338 0.0300673 0.610051 0.338 0.0287172 0.610138 0.338 0.0291603 0.610034 0.338 0.00994366 0.65306 0.338 0.0102226 0.652702 0.338 -0.0101474 0.656341 0.338 -0.00968924 0.658632 0.338 -0.0104685 0.656663 0.338 -0.0130305 0.6572 0.338 -0.0268141 0.637246 0.338 -0.0268517 0.636793 0.338 -0.0269631 0.636353 0.338 -0.0153553 0.644729 0.338 -0.0136536 0.652202 0.338 -0.0140232 0.652466 0.338 -0.0146083 0.653156 0.338 -0.0143444 0.652787 0.338 -0.0149373 0.654 0.338 -0.0148077 0.653565 0.338 -0.0149935 0.65445 0.338 -0.0147164 0.655772 0.338 -0.0148815 0.655349 0.338 -0.014484 0.656162 0.338 -0.0138438 0.656802 0.338 -0.0141904 0.656509 0.338 -0.0134537 0.657035 0.338 -0.0121322 0.657312 0.338 -0.012586 0.657293 0.338 -0.0112462 0.657126 0.338 -0.0116815 0.657256 0.338 -0.0108382 0.656927 0.338 -0.00988347 0.655972 0.338 -0.00391876 0.65978 0.338 -0.00968399 0.655564 0.338 -0.0095544 0.655128 0.338 -0.00961019 0.65378 0.338 -0.00977529 0.653356 0.338 -0.00811749 0.648645 0.338 0.0231287 0.63686 0.338 0.0232339 0.636994 0.338 -0.0100078 0.652966 0.338 0.0122459 0.657314 0.338 0.0126985 0.657277 0.338 0.00972749 0.653459 0.338 0.00958002 0.653889 0.338 -0.0110381 0.652094 0.338 -0.0103013 0.65262 0.338 -0.0106479 0.652326 0.338 6.15034e-18 0.65 0.338 0.00958002 0.655239 0.338 0.00778823 0.659123 0.338 0.00994366 0.656068 0.338 0.00972749 0.655669 0.338 0.0105568 0.656734 0.338 0.0102226 0.656427 0.338 0.0113529 0.657165 0.338 0.010937 0.656983 0.338 0.0117932 0.657277 0.338 0.0142691 0.656427 0.338 0.013935 0.656734 0.338 0.0147642 0.655669 0.338 0.0145481 0.656068 0.338 0.0149865 0.654791 0.338 0.0149117 0.655239 0.338 0.0149865 0.654337 0.338 0.0145481 0.65306 0.338 0.0233602 0.637108 0.338 0.023504 0.637199 0.338 0.0122459 0.651814 0.338 0.0119057 0.598165 0.338 0.0230603 0.614116 0.338 -0.0270023 0.611754 0.338 -0.0272017 0.611346 0.338 -0.0284595 0.634727 0.338 -0.0288891 0.63458 0.338 -0.0132455 0.652002 0.338 0.00950526 0.654337 0.338 0.0229934 0.636549 0.338 0.0230478 0.636711 0.338 0.0123595 0.598184 0.338 0.0128102 0.598127 0.338 0.0225038 0.598194 0.326 0.0219877 0.597769 0.326 0.0262735 0.601876 0.326 0.0347165 0.629446 0.338 0.035 0.625 0.326 0.0349685 0.623515 0.338 0.0175069 0.594694 0.326 0.0170693 0.594445 0.326 0.0116599 0.591999 0.338 0.011977 0.592114 0.338 0.00608173 0.590533 0.326 0.00591503 0.590503 0.338 8.68293e-17 0.59 0.326 8.57253e-18 0.59 0.338 0.0268164 0.602509 0.338 0.030314 0.607506 0.326 0.0298035 0.606649 0.326 0.0324761 0.61195 0.338 0.0328908 0.613034 0.326 0.0342144 0.617626 0.338 0.0344687 0.618925 0.326 0.0281399 0.645812 0.338 0.0306328 0.64193 0.326 0.0312524 0.640757 0.326 0.0334658 0.635249 0.338 0.0330359 0.63656 0.338 0.0345055 0.630863 0.338 0.0186211 0.654635 0.326 0.0195991 0.653998 0.326 0.0144165 0.656893 0.338 0.0273641 0.646822 0.326 0.0242179 0.650268 0.338 0.0233221 0.651097 0.326 0.00296821 0.659874 0.326 -0.00296821 0.659874 0.338 0.00196247 0.659945 0.326 0.00881923 0.658871 0.338 0.00778823 0.659123 0.338 0.0133939 0.657336 0.326 -0.0195991 0.653998 0.338 -0.0151859 0.656534 0.326 -0.0144165 0.656893 0.338 -0.00968924 0.658632 0.338 -0.00391876 0.65978 0.326 -0.00881923 0.658871 0.338 -0.0285446 0.645253 0.326 -0.0281399 0.645812 0.326 -0.0312524 0.640757 0.338 -0.0202535 0.653545 0.326 -0.0242179 0.650268 0.338 -0.0247487 0.649749 0.326 -0.0347165 0.629446 0.326 -0.0349685 0.623515 0.338 -0.0347799 0.628919 0.326 -0.0334658 0.635249 0.338 -0.0336321 0.634689 0.338 -0.0315339 0.640186 0.326 -0.0298035 0.606649 0.338 -0.0323358 0.611606 0.326 -0.0324761 0.61195 0.338 -0.0341225 0.617212 0.338 -0.0349449 0.623038 0.326 -0.0342144 0.617626 0.326 -0.0262735 0.601876 0.338 -0.0296353 0.606379 0.338 -0.0260975 0.601678 0.326 -0.0219877 0.597769 0.326 -0.0170693 0.594445 0.338 -0.0218221 0.597636 0.326 -0.0116599 0.591999 0.338 -0.0169302 0.594367 0.338 -0.0115598 0.591964 0.326 -0.00591503 0.590503 0.338 -0.00586272 0.590495 0.304915 -0.046 0.622936 0.304915 -0.039 0.627064 0.304915 -0.046 0.627064 0.28 -0.039 0.6 0.28 -0.046 0.6 0.275885 -0.046 0.600341 0.304235 -0.046 0.631137 0.304235 -0.039 0.631137 0.302894 -0.039 0.635042 0.302894 -0.046 0.635042 0.300929 -0.039 0.638674 0.300929 -0.046 0.638674 0.298393 -0.046 0.641932 0.298393 -0.039 0.641932 0.295355 -0.039 0.644729 0.295355 -0.046 0.644729 0.291899 -0.039 0.646987 0.291899 -0.046 0.646987 0.288117 -0.046 0.648645 0.288117 -0.039 0.648645 0.284115 -0.039 0.649659 0.284115 -0.046 0.649659 0.28 -0.039 0.65 0.28 -0.046 0.65 0.304915 -0.039 0.622936 0.304235 -0.046 0.618863 0.304235 -0.039 0.618863 0.302894 -0.046 0.614958 0.302894 -0.039 0.614958 0.300929 -0.039 0.611326 0.300929 -0.046 0.611326 0.298393 -0.046 0.608068 0.298393 -0.039 0.608068 0.295355 -0.046 0.605271 0.295355 -0.039 0.605271 0.291899 -0.039 0.603013 0.291899 -0.046 0.603013 0.288117 -0.046 0.601355 0.288117 -0.039 0.601355 0.284115 -0.046 0.600341 0.284115 -0.039 0.600341 0.271883 -0.039 0.601355 0.275885 -0.039 0.600341 0.271883 -0.046 0.601355 0.261607 -0.039 0.608068 0.264645 -0.039 0.605271 0.261607 -0.046 0.608068 0.268101 -0.039 0.603013 0.268101 -0.046 0.603013 0.264645 -0.046 0.605271 0.257106 -0.039 0.614958 0.255765 -0.046 0.618863 0.255765 -0.039 0.618863 0.259071 -0.046 0.611326 0.257106 -0.046 0.614958 0.259071 -0.039 0.611326 0.255765 -0.046 0.631137 0.255765 -0.039 0.631137 0.255085 -0.039 0.627064 0.255085 -0.046 0.627064 0.255085 -0.039 0.622936 0.255085 -0.046 0.622936 0.261607 -0.039 0.641932 0.259071 -0.039 0.638674 0.261607 -0.046 0.641932 0.257106 -0.039 0.635042 0.257106 -0.046 0.635042 0.259071 -0.046 0.638674 0.268101 -0.046 0.646987 0.264645 -0.039 0.644729 0.264645 -0.046 0.644729 0.271883 -0.046 0.648645 0.268101 -0.039 0.646987 0.271883 -0.039 0.648645 0.275885 -0.046 0.649659 0.275885 -0.039 0.649659 0.298393 -0.046 0.608068 0.300929 -0.046 0.611326 0.302894 -0.046 0.614958 0.257106 -0.046 0.614958 0.259071 -0.046 0.611326 0.284115 -0.046 0.649659 0.304235 -0.046 0.618863 0.295355 -0.046 0.605271 0.304915 -0.046 0.622936 0.291899 -0.046 0.603013 0.288117 -0.046 0.601355 0.304915 -0.046 0.627064 0.284115 -0.046 0.600341 0.304235 -0.046 0.631137 0.28 -0.046 0.6 0.302894 -0.046 0.635042 0.300929 -0.046 0.638674 0.275885 -0.046 0.600341 0.291899 -0.046 0.646987 0.264645 -0.046 0.605271 0.295355 -0.046 0.644729 0.268101 -0.046 0.603013 0.271883 -0.046 0.601355 0.298393 -0.046 0.641932 0.28 -0.046 0.65 0.261607 -0.046 0.608068 0.288117 -0.046 0.648645 0.271883 -0.046 0.648645 0.268101 -0.046 0.646987 0.255085 -0.046 0.627064 0.275885 -0.046 0.649659 0.255085 -0.046 0.622936 0.255765 -0.046 0.618863 0.257106 -0.046 0.635042 0.261607 -0.046 0.641932 0.259071 -0.046 0.638674 0.264645 -0.046 0.644729 0.255765 -0.046 0.631137 0.264645 -0.039 0.605271 0.259848 -0.039 0.603974 0.263691 -0.039 0.60087 0.257106 -0.039 0.635042 0.259071 -0.039 0.638674 0.2552 -0.039 0.64027 0.255765 -0.039 0.631137 0.252976 -0.039 0.635859 0.261607 -0.039 0.641932 0.258137 -0.039 0.644242 0.255085 -0.039 0.627064 0.25153 -0.039 0.631136 0.264645 -0.039 0.644729 0.261704 -0.039 0.64766 0.255085 -0.039 0.622936 0.250902 -0.039 0.626236 0.251112 -0.039 0.621301 0.268101 -0.039 0.646987 0.265796 -0.039 0.650426 0.252152 -0.039 0.616472 0.255765 -0.039 0.618863 0.275885 -0.039 0.649659 0.275078 -0.039 0.653705 0.271883 -0.039 0.648645 0.253994 -0.039 0.611888 0.257106 -0.039 0.614958 0.271883 -0.039 0.601355 0.272661 -0.039 0.596816 0.275885 -0.039 0.600341 0.288117 -0.039 0.648645 0.289702 -0.039 0.652461 0.284922 -0.039 0.653705 0.298296 -0.039 0.64766 0.298393 -0.039 0.641932 0.301863 -0.039 0.644242 0.304915 -0.039 0.627064 0.309098 -0.039 0.626236 0.30847 -0.039 0.631136 0.288117 -0.039 0.601355 0.284115 -0.039 0.600341 0.287339 -0.039 0.596816 0.306006 -0.039 0.611888 0.307848 -0.039 0.616472 0.302894 -0.039 0.614958 0.303416 -0.039 0.607682 0.300929 -0.039 0.611326 0.304915 -0.039 0.622936 0.308888 -0.039 0.621301 0.304235 -0.039 0.618863 0.296309 -0.039 0.60087 0.291899 -0.039 0.603013 0.291996 -0.039 0.598461 0.298393 -0.039 0.608068 0.295355 -0.039 0.605271 0.300152 -0.039 0.603974 0.304235 -0.039 0.631137 0.307024 -0.039 0.635859 0.28247 -0.039 0.595981 0.28 -0.039 0.6 0.27753 -0.039 0.595981 0.3048 -0.039 0.64027 0.302894 -0.039 0.635042 0.295355 -0.039 0.644729 0.294204 -0.039 0.650426 0.268004 -0.039 0.598461 0.291899 -0.039 0.646987 0.268101 -0.039 0.603013 0.256584 -0.039 0.607682 0.261607 -0.039 0.608068 0.28 -0.039 0.654124 0.28 -0.039 0.65 0.270298 -0.039 0.652461 0.259071 -0.039 0.611326 0.300929 -0.039 0.638674 0.284115 -0.039 0.649659 0.305824 0.037 0.648773 0.303864 0.037 0.65376 0.308452 0.037 0.649231 0.280012 0.037 0.662371 0.283262 0.037 0.662215 0.28 0.037 0.6601 0.28649 0.037 0.661804 0.285777 0.037 0.659621 0.292718 0.037 0.660141 0.296706 0.037 0.655869 0.291397 0.037 0.658198 0.298567 0.037 0.657433 0.301559 0.037 0.652699 0.250615 0.037 0.644198 0.247856 0.037 0.639099 0.248346 0.037 0.645178 0.261437 0.037 0.657628 0.263294 0.037 0.655869 0.258441 0.037 0.652699 0.296706 0.037 0.594131 0.301559 0.037 0.597301 0.298567 0.037 0.592567 0.3206 0.037 0.63282 0.321391 0.037 0.631999 0.31498 0.037 0.627899 0.312144 0.037 0.610901 0.313601 0.037 0.608313 0.309385 0.037 0.605802 0.320885 0.037 0.617259 0.3206 0.037 0.61718 0.321014 0.037 0.617343 0.31498 0.037 0.622101 0.319654 0.037 0.616612 0.314026 0.037 0.616383 0.320902 0.0369991 0.617259 0.321979 0.037 0.625 0.321391 0.037 0.618001 0.320885 0.037 0.632741 0.320901 0.037 0.632736 0.321014 0.037 0.632657 0.318875 0.037 0.615823 0.31659 0.037 0.612787 0.318171 0.037 0.614966 0.315067 0.037 0.61057 0.312192 0.037 0.606019 0.242584 0.037 0.621973 0.24502 0.037 0.622101 0.243562 0.037 0.615975 0.303864 0.037 0.59624 0.305824 0.037 0.601227 0.245496 0.037 0.610213 0.247856 0.037 0.610901 0.248335 0.037 0.604839 0.276669 0.037 0.587797 0.274223 0.037 0.590379 0.28 0.037 0.5899 0.280012 0.037 0.587628 0.285777 0.037 0.590379 0.283262 0.037 0.587785 0.273334 0.037 0.588078 0.272788 0.037 0.58816 0.254176 0.037 0.601227 0.256406 0.037 0.595802 0.252003 0.037 0.599993 0.258441 0.037 0.597301 0.261428 0.037 0.592377 0.250615 0.037 0.605802 0.263294 0.037 0.594131 0.266937 0.037 0.589807 0.268603 0.037 0.591802 0.291397 0.037 0.591802 0.28649 0.037 0.588196 0.245974 0.037 0.616383 0.292718 0.037 0.589859 0.24502 0.037 0.627899 0.243568 0.037 0.634047 0.245974 0.037 0.633617 0.242586 0.037 0.62805 0.245505 0.037 0.639807 0.308452 0.037 0.600769 0.254176 0.037 0.648773 0.252015 0.037 0.65002 0.31659 0.037 0.637213 0.312144 0.037 0.639099 0.315067 0.037 0.63943 0.256418 0.037 0.654206 0.312192 0.037 0.643981 0.309385 0.037 0.644198 0.313601 0.037 0.641686 0.274223 0.037 0.659621 0.272788 0.037 0.66184 0.273334 0.037 0.661922 0.276669 0.037 0.662203 0.266937 0.037 0.660193 0.268603 0.037 0.658198 0.318172 0.037 0.635034 0.314026 0.037 0.633617 0.318875 0.037 0.634177 0.319654 0.037 0.633387 0.255111 0.0332 0.59307 0.255118 0.0330887 0.59302 0.253965 0.0332 0.594233 0.25226 0.0330586 0.597006 0.252114 0.033 0.596991 0.251652 0.033 0.598561 0.254988 0.0330099 0.592994 0.25394 0.0330586 0.594172 0.252983 0.0330586 0.59552 0.253023 0.0332 0.595567 0.254894 0.033 0.592994 0.253756 0.033 0.594171 0.252822 0.033 0.595515 0.251791 0.0330586 0.59859 0.252311 0.0332 0.597036 0.251848 0.0332 0.598602 0.251266 0.0330586 0.599943 0.250737 0.033 0.600446 0.250845 0.0330586 0.600536 0.249774 0.0332 0.601531 0.249744 0.0330586 0.60148 0.249093 0.0330586 0.601805 0.251584 0.0330586 0.599288 0.251848 0.0332 0.598602 0.251791 0.0330586 0.59859 0.251316 0.0332 0.599972 0.251452 0.033 0.599238 0.251652 0.033 0.598561 0.251639 0.0332 0.599309 0.250241 0.033 0.600947 0.250334 0.0330586 0.601054 0.25089 0.0332 0.600574 0.249671 0.033 0.60136 0.250372 0.0332 0.601098 0.249115 0.0332 0.60186 0.249041 0.033 0.601675 0.251144 0.033 0.599871 0.249115 0.0332 0.60186 0.248002 0.0330586 0.602319 0.24809 0.0332 0.602338 0.246981 0.0330586 0.60296 0.247063 0.033 0.60273 0.24802 0.033 0.602149 0.249093 0.0330586 0.601805 0.249041 0.033 0.601675 0.247132 0.0332 0.602926 0.246128 0.0331358 0.603707 0.246041 0.0330395 0.603691 0.246093 0.033006 0.60355 0.24624 0.0332 0.603621 0.246171 0.033 0.603417 0.252114 0.033 0.596991 0.247318 0.033 0.593269 0.251652 0.033 0.598561 0.243754 0.033 0.600018 0.244176 0.033 0.600586 0.250737 0.033 0.600446 0.243777 0.033 0.595313 0.243447 0.033 0.595938 0.24343 0.033 0.599388 0.251452 0.033 0.599238 0.244203 0.033 0.594746 0.244713 0.033 0.594256 0.243102 0.033 0.598016 0.243103 0.033 0.597308 0.246618 0.033 0.593355 0.245937 0.033 0.593553 0.245298 0.033 0.593854 0.252822 0.033 0.595515 0.253756 0.033 0.594171 0.253884 0.033 0.593031 0.254045 0.033 0.593025 0.254894 0.033 0.592994 0.243219 0.033 0.59661 0.243212 0.033 0.598715 0.251144 0.033 0.599871 0.250241 0.033 0.600947 0.249041 0.033 0.601675 0.249671 0.033 0.60136 0.244683 0.033 0.60108 0.24526 0.033 0.601487 0.245895 0.033 0.601797 0.246583 0.033 0.60237 0.24802 0.033 0.602149 0.246526 0.033 0.602225 0.24604 0.0329999 0.601854 0.246181 0.0329999 0.60192 0.246433 0.0329999 0.6021 0.246315 0.033 0.601999 0.246603 0.033 0.602524 0.247063 0.033 0.60273 0.246538 0.033 0.602826 0.246586 0.033 0.602678 0.246171 0.033 0.603417 0.246465 0.033 0.602963 0.255111 0.0332 0.59307 0.25492 0.0334046 0.593239 0.255021 0.0333128 0.593148 0.254356 0.0335986 0.593792 0.25447 0.0335932 0.593674 0.253965 0.0332 0.594233 0.254811 0.0334775 0.593339 0.254699 0.0335326 0.593445 0.254585 0.0335711 0.593557 0.252392 0.0339802 0.596834 0.252311 0.0332 0.597036 0.251848 0.03526 0.598602 0.253023 0.0332 0.595567 0.252797 0.0336712 0.595972 0.252957 0.0336268 0.595681 0.251848 0.0332 0.598602 0.252512 0.0338381 0.596555 0.252648 0.0337383 0.596266 0.253128 0.0335989 0.595394 0.253309 0.0335841 0.595112 0.253499 0.0335787 0.594836 0.253698 0.0335814 0.594566 0.24809 0.0332 0.602338 0.247132 0.0332 0.602926 0.247736 0.0341718 0.602537 0.249115 0.03526 0.60186 0.249115 0.0332 0.60186 0.246387 0.0332824 0.603496 0.24624 0.0332 0.603621 0.250372 0.0332 0.601098 0.249774 0.0332 0.601531 0.250191 0.0359791 0.601245 0.250668 0.036146 0.60082 0.24965 0.0356699 0.601604 0.249115 0.0332 0.60186 0.25089 0.0332 0.600574 0.249115 0.03526 0.60186 0.251093 0.0361461 0.600314 0.251316 0.0332 0.599972 0.251429 0.0359791 0.599769 0.251639 0.0332 0.599309 0.251688 0.0356684 0.599173 0.251848 0.0332 0.598602 0.251848 0.03526 0.598602 0.228858 0.0153237 0.628874 0.228845 0.0152975 0.628765 0.228804 0.0152226 0.628911 0.228816 0.0152381 0.629202 0.22882 0.0152692 0.629028 0.228796 0.0151691 0.629079 0.229103 0.0154799 0.62863 0.229029 0.0154546 0.628724 0.229141 0.0154939 0.628707 0.22889 0.0154204 0.629069 0.228873 0.0153652 0.628975 0.228839 0.0153317 0.629137 0.228777 0.0151167 0.628943 0.22879 0.0151932 0.628786 0.228974 0.0154212 0.62864 0.22875 0.0150738 0.628656 0.228762 0.0150845 0.628802 0.229041 0.0154751 0.628806 0.229153 0.0155119 0.628781 0.229296 0.0155696 0.628873 0.229186 0.0155781 0.628913 0.229205 0.0156242 0.628969 0.22897 0.0154956 0.629005 0.228909 0.015488 0.629153 0.228988 0.0155547 0.629076 0.229007 0.0156231 0.629139 0.228928 0.0155665 0.629226 0.228949 0.0156544 0.629289 0.229027 0.0156995 0.629191 0.229048 0.0157825 0.629233 0.22897 0.0157503 0.629339 0.229264 0.0155179 0.628753 0.229169 0.0155403 0.62885 0.229068 0.0158708 0.629263 0.229011 0.0159598 0.629396 0.229088 0.0159629 0.629279 0.228991 0.0158526 0.629375 0.229108 0.0160573 0.629282 0.229194 0.0159576 0.629188 0.229031 0.0160702 0.6294 0.228991 0.0160774 0.629531 0.22927 0.0158029 0.629094 0.229293 0.0158723 0.629118 0.229416 0.0158733 0.629098 0.229316 0.015945 0.629131 0.229461 0.016 0.629113 0.229215 0.0160397 0.62919 0.228987 0.0160788 0.629658 0.22897 0.0159491 0.629523 0.229338 0.0160198 0.629134 0.229226 0.0156778 0.629019 0.229248 0.0157377 0.629061 0.229373 0.0157541 0.629052 0.229173 0.0158774 0.629174 0.228947 0.0158253 0.629497 0.228963 0.0159352 0.629648 0.229152 0.0158004 0.629149 0.228938 0.0157953 0.629617 0.228925 0.0157077 0.629454 0.229333 0.0156504 0.628975 0.229131 0.0157279 0.629113 0.228902 0.0155979 0.629395 0.228913 0.0156613 0.629566 0.22911 0.0156612 0.629068 0.228887 0.0155374 0.629498 0.22888 0.0154976 0.629321 0.229091 0.0156013 0.629013 0.228863 0.0154251 0.629414 0.228859 0.0154083 0.629235 0.229072 0.0155496 0.628951 0.228839 0.0153242 0.629314 0.228954 0.0154472 0.628925 0.229056 0.0155071 0.628882 0.228939 0.0154107 0.628838 0.229243 0.0155 0.62862 0.228927 0.0153875 0.628744 0.228867 0.0153286 0.628647 0.22879 0.0152096 0.628653 0.229243 0.0155 0.62862 0.228974 0.0154799 0.625 0.229103 0.0154799 0.62863 0.22879 0.0152096 0.628653 0.22866 0.0152097 0.625 0.228619 0.0150738 0.625 0.228867 0.0153286 0.628647 0.228737 0.0153287 0.625 0.22875 0.0150738 0.628656 0.22875 0.0150738 0.621344 0.228974 0.0154212 0.62864 0.228845 0.0154213 0.625 0.229114 0.0155 0.625 0.229243 0.0155 0.62138 0.229108 0.0154815 0.62137 0.228976 0.0154227 0.621361 0.228865 0.0153262 0.621353 0.228788 0.0152042 0.621347 0.229041 0.0154751 0.621194 0.229029 0.0154546 0.621276 0.229141 0.0154939 0.621293 0.228912 0.0156609 0.620434 0.228902 0.0155982 0.620605 0.228925 0.015708 0.620546 0.228949 0.0156546 0.620711 0.229007 0.0156233 0.620861 0.229027 0.0156997 0.620808 0.229088 0.015963 0.620721 0.229068 0.015871 0.620737 0.229173 0.0158776 0.620826 0.228987 0.0160788 0.620342 0.228963 0.0159353 0.620352 0.22897 0.0159492 0.620477 0.228947 0.0158256 0.620503 0.228938 0.0157953 0.620383 0.228909 0.0154882 0.620847 0.22897 0.0154957 0.620995 0.228988 0.0155548 0.620924 0.229248 0.0157378 0.620939 0.229226 0.0156779 0.620981 0.229331 0.0156475 0.621028 0.228954 0.0154473 0.621075 0.22889 0.0154206 0.620931 0.229262 0.015518 0.621247 0.229169 0.0155403 0.62115 0.229153 0.0155119 0.621219 0.229243 0.0155 0.62138 0.228845 0.0152975 0.621235 0.228865 0.0153262 0.621353 0.228927 0.0153875 0.621256 0.228976 0.0154227 0.621361 0.22875 0.0150738 0.621344 0.228788 0.0152042 0.621347 0.228762 0.0150845 0.621198 0.228858 0.0153238 0.621126 0.228804 0.0152226 0.621089 0.229108 0.0154815 0.62137 0.228939 0.0154108 0.621162 0.228928 0.0155667 0.620773 0.228873 0.0153653 0.621025 0.229048 0.0157827 0.620767 0.228991 0.0158528 0.620625 0.22927 0.015803 0.620906 0.229293 0.0158725 0.620882 0.229316 0.0159451 0.620869 0.229194 0.0159577 0.620812 0.229337 0.0160199 0.620867 0.229461 0.016 0.620887 0.229215 0.0160398 0.62081 0.229292 0.0155691 0.621127 0.229205 0.0156244 0.621031 0.229186 0.0155782 0.621087 0.22879 0.0151932 0.621214 0.228777 0.0151166 0.621057 0.22882 0.0152693 0.620972 0.229056 0.0155072 0.621118 0.228796 0.0151688 0.620922 0.228839 0.0153318 0.620863 0.228816 0.0152383 0.620798 0.229072 0.0155497 0.621049 0.228859 0.0154085 0.620765 0.228839 0.0153239 0.620686 0.229091 0.0156015 0.620987 0.229375 0.0157508 0.620951 0.22888 0.0154979 0.620679 0.22911 0.0156613 0.620932 0.228863 0.0154249 0.620586 0.228887 0.0155378 0.620502 0.229131 0.0157281 0.620887 0.229419 0.015871 0.620902 0.22897 0.0157505 0.620661 0.229152 0.0158006 0.620851 0.229011 0.0159599 0.620604 0.228991 0.0160773 0.620469 0.229108 0.0160573 0.620718 0.229031 0.0160703 0.620599 0.229373 0.0157541 0.629052 0.232217 0.0158707 0.629 0.232215 0.0157501 0.62895 0.232217 0.016 0.629017 0.229416 0.0158733 0.629098 0.229461 0.016 0.629113 0.232209 0.0155671 0.628767 0.232205 0.0155171 0.628647 0.229264 0.0155179 0.628753 0.229296 0.0155696 0.628873 0.229333 0.0156504 0.628975 0.232212 0.0156464 0.62887 0.2322 0.0155 0.628517 0.229243 0.0155 0.62862 0.23245 0.0155671 0.628517 0.23233 0.0155171 0.628517 0.232432 0.0155784 0.628652 0.232554 0.0156464 0.628517 0.232532 0.0156335 0.628592 0.232273 0.0155132 0.628604 0.2322 0.0155 0.628517 0.232633 0.0157501 0.628517 0.232557 0.0157078 0.628711 0.232684 0.016 0.628644 0.2327 0.016 0.628517 0.232682 0.0158801 0.628571 0.232549 0.0158031 0.628816 0.232626 0.0158819 0.62875 0.232332 0.0156887 0.628886 0.232448 0.0157371 0.628862 0.232338 0.0156116 0.6288 0.232412 0.0158386 0.62894 0.2323 0.0157766 0.628953 0.23251 0.0159115 0.6289 0.232348 0.0159441 0.628991 0.232217 0.0158707 0.629 0.232217 0.016 0.629017 0.232318 0.0155514 0.628704 0.232205 0.0155171 0.628647 0.232634 0.0157868 0.628645 0.232456 0.015648 0.628764 0.232209 0.0155671 0.628767 0.232683 0.0158707 0.628517 0.23256 0.016 0.628865 0.23246 0.016 0.628944 0.232212 0.0156464 0.62887 0.232636 0.016 0.628762 0.232215 0.0157501 0.62895 0.232343 0.016 0.628996 0.23233 0.0155171 0.621483 0.2322 0.0155 0.621483 0.2322 0.0155 0.628517 0.232633 0.0157501 0.621483 0.232554 0.0156464 0.621483 0.232554 0.0156464 0.628517 0.23245 0.0155671 0.621483 0.23233 0.0155171 0.628517 0.23245 0.0155671 0.628517 0.2327 0.016 0.621483 0.232683 0.0158707 0.621483 0.232683 0.0158707 0.628517 0.232633 0.0157501 0.628517 0.2327 0.016 0.628517 0.232209 0.0155671 0.621233 0.232205 0.0155171 0.621353 0.232343 0.0155784 0.621255 0.232212 0.0156464 0.62113 0.232286 0.0156335 0.621154 0.23229 0.0155132 0.621413 0.2322 0.0155 0.621483 0.232215 0.0157501 0.62105 0.232406 0.0157078 0.621133 0.232344 0.016 0.621004 0.232217 0.016 0.620983 0.232271 0.0158801 0.621003 0.232511 0.0158031 0.621145 0.232448 0.0158819 0.621065 0.232573 0.0156887 0.621364 0.232554 0.0157371 0.621247 0.232488 0.0156116 0.621355 0.23263 0.0158386 0.621286 0.232639 0.0157766 0.621398 0.232593 0.0159115 0.621187 0.232679 0.0159441 0.621351 0.232683 0.0158707 0.621483 0.2327 0.016 0.621483 0.232391 0.0155514 0.621372 0.23233 0.0155171 0.621483 0.232343 0.0157868 0.621054 0.232455 0.015648 0.621236 0.23245 0.0155671 0.621483 0.232217 0.0158707 0.621 0.23256 0.016 0.621136 0.232636 0.016 0.621238 0.232554 0.0156464 0.621483 0.23246 0.016 0.621056 0.232633 0.0157501 0.621483 0.232684 0.016 0.621356 0.229292 0.0155691 0.621127 0.232209 0.0155671 0.621233 0.232212 0.0156464 0.62113 0.229243 0.0155 0.62138 0.232205 0.0155171 0.621353 0.229262 0.015518 0.621247 0.232217 0.0158707 0.621 0.229419 0.015871 0.620902 0.229375 0.0157508 0.620951 0.229331 0.0156475 0.621028 0.232215 0.0157501 0.62105 0.232217 0.016 0.620983 0.229461 0.016 0.620887 0.2322 0.0155 0.621483 0.232244 0.0304271 0.623467 0.232134 0.0300729 0.622921 0.232216 0.0302969 0.6235 0.2323 0.0305312 0.626589 0.232324 0.0305685 0.625926 0.232245 0.0304279 0.62653 0.232312 0.0303584 0.625299 0.23232 0.0305033 0.625305 0.232312 0.0303585 0.624702 0.23232 0.0305034 0.624696 0.232281 0.0302934 0.624111 0.232079 0.0299717 0.627747 0.232185 0.0303021 0.627181 0.232145 0.0301985 0.627123 0.232453 0.0298368 0.623571 0.232393 0.0300372 0.624132 0.232356 0.0299161 0.623567 0.232283 0.0304371 0.625907 0.232415 0.0296605 0.62303 0.232149 0.0295877 0.622449 0.232222 0.0298252 0.622997 0.23216 0.0299441 0.622963 0.232275 0.0300258 0.623553 0.232311 0.0297287 0.623019 0.232255 0.0294864 0.622491 0.232144 0.0301972 0.622874 0.232079 0.0299717 0.622253 0.232058 0.0298483 0.622321 0.232081 0.0297142 0.622389 0.232393 0.0300372 0.625868 0.232357 0.0299168 0.62643 0.232276 0.0300265 0.626445 0.232226 0.0301576 0.62353 0.232378 0.0294199 0.622514 0.232283 0.0304371 0.624093 0.232456 0.0298363 0.626425 0.232488 0.0299495 0.625864 0.232487 0.0299503 0.624135 0.232414 0.0300962 0.624709 0.232311 0.0297297 0.626978 0.232254 0.0294865 0.627509 0.232222 0.0298264 0.627 0.232367 0.0306343 0.625311 0.232281 0.0302934 0.625889 0.23232 0.0301547 0.625876 0.232226 0.0301584 0.626468 0.232378 0.0294199 0.627486 0.232149 0.029588 0.627551 0.232505 0.0300051 0.625291 0.232299 0.0305299 0.623408 0.232184 0.0303011 0.622817 0.232324 0.0305685 0.624074 0.23232 0.0301547 0.624124 0.232391 0.0306714 0.624023 0.232505 0.0300051 0.624709 0.232367 0.0306344 0.62469 0.232345 0.0302172 0.624706 0.232441 0.0307387 0.624665 0.232414 0.0300961 0.625292 0.232345 0.0302172 0.625295 0.232442 0.0307391 0.625328 0.232216 0.0302977 0.626498 0.232392 0.0306725 0.625971 0.232416 0.0296615 0.626968 0.23216 0.0299453 0.627034 0.232134 0.0300742 0.627076 0.232081 0.0297146 0.627611 0.232058 0.0298485 0.627679 0.231994 0.0295572 0.621763 0.232079 0.0299717 0.622253 0.232012 0.029638 0.6217 0.232249 0.0291503 0.622007 0.232378 0.0294199 0.622514 0.232255 0.0294864 0.622491 0.232149 0.0295877 0.622449 0.232083 0.0292844 0.621938 0.23216 0.0292088 0.62198 0.232105 0.0288394 0.621533 0.232203 0.0287854 0.621562 0.232345 0.0291125 0.622024 0.232305 0.0287515 0.621575 0.232257 0.0283417 0.621175 0.232081 0.0297142 0.622389 0.231998 0.0294658 0.621825 0.232028 0.0293725 0.621885 0.231957 0.0289953 0.621422 0.232058 0.0298483 0.622321 0.23193 0.0292453 0.621197 0.23182 0.0287192 0.620854 0.231914 0.0291722 0.621274 0.231836 0.028804 0.620754 0.231922 0.029085 0.62135 0.231842 0.0286228 0.620958 0.23202 0.0289109 0.621485 0.231907 0.0285257 0.621052 0.232008 0.028441 0.621124 0.232131 0.0283786 0.621164 0.232058 0.0298485 0.627679 0.232081 0.0297146 0.627611 0.231998 0.0294655 0.628175 0.232028 0.029372 0.628115 0.231922 0.0290843 0.62865 0.231914 0.0291715 0.628726 0.231994 0.0295568 0.628237 0.232079 0.0299717 0.627747 0.231931 0.0292475 0.628801 0.231836 0.028804 0.629246 0.232149 0.029588 0.627551 0.232012 0.029639 0.628298 0.232084 0.029284 0.628062 0.232105 0.0288388 0.628468 0.23202 0.0289103 0.628515 0.23216 0.0292085 0.62802 0.232254 0.0294865 0.627509 0.23225 0.0291501 0.627993 0.232345 0.0291125 0.627976 0.232378 0.0294199 0.627486 0.23213 0.0283786 0.628836 0.232008 0.0284412 0.628876 0.232203 0.028785 0.628438 0.232257 0.0283417 0.628825 0.232305 0.0287515 0.628425 0.231957 0.0289946 0.628578 0.231907 0.028526 0.628948 0.231842 0.028623 0.629042 0.23182 0.0287193 0.629146 0.231963 0.0282298 0.620993 0.232091 0.0281777 0.621039 0.232131 0.0283786 0.621164 0.232008 0.028441 0.621124 0.232219 0.0281415 0.621048 0.232257 0.0283417 0.621175 0.231855 0.0282942 0.620908 0.231907 0.0285257 0.621052 0.231842 0.0286228 0.620958 0.231782 0.0283626 0.620794 0.231751 0.028426 0.620667 0.23182 0.0287192 0.620854 0.231759 0.0284778 0.620544 0.231836 0.028804 0.620754 0.232008 0.0284412 0.628876 0.23213 0.0283786 0.628836 0.23209 0.0281777 0.628961 0.231855 0.0282943 0.629092 0.231842 0.028623 0.629042 0.231907 0.028526 0.628948 0.231782 0.0283627 0.629206 0.231836 0.028804 0.629246 0.23182 0.0287193 0.629146 0.231751 0.028426 0.629333 0.231759 0.0284778 0.629456 0.231963 0.02823 0.629007 0.232219 0.0281415 0.628952 0.232257 0.0283417 0.628825 0.231739 0.0279281 0.62081 0.231843 0.0278975 0.620902 0.231822 0.0280367 0.620869 0.232219 0.0281415 0.621048 0.232091 0.0281777 0.621039 0.232069 0.0280704 0.621002 0.231919 0.0280003 0.620936 0.231962 0.0278629 0.620958 0.232026 0.0279656 0.620975 0.23196 0.0281091 0.620966 0.23216 0.0280018 0.621 0.232083 0.0278284 0.620978 0.231664 0.0279506 0.620691 0.231744 0.0280716 0.620778 0.231692 0.0281016 0.620669 0.231711 0.0282818 0.620592 0.231668 0.0281246 0.620556 0.231759 0.0284778 0.620544 0.231716 0.0283117 0.620484 0.231625 0.027963 0.62056 0.231621 0.0279654 0.620434 0.23167 0.0281399 0.620447 0.231732 0.0282441 0.620704 0.231963 0.0282298 0.620993 0.231862 0.0281536 0.620901 0.231783 0.0282001 0.620811 0.231855 0.0282942 0.620908 0.231782 0.0283626 0.620794 0.231751 0.028426 0.620667 0.231744 0.0280716 0.629223 0.231664 0.0279506 0.629309 0.231692 0.0281016 0.629331 0.231668 0.0281246 0.629444 0.231711 0.0282819 0.629408 0.231625 0.0279629 0.62944 0.231716 0.0283117 0.629516 0.23167 0.0281399 0.629553 0.231751 0.028426 0.629333 0.231732 0.0282442 0.629296 0.231621 0.0279654 0.629566 0.231759 0.0284778 0.629456 0.231739 0.0279281 0.62919 0.231822 0.0280368 0.629131 0.231842 0.0278976 0.629098 0.23196 0.0281092 0.629034 0.232069 0.0280704 0.628998 0.232025 0.0279656 0.629025 0.231919 0.0280004 0.629064 0.232083 0.0278284 0.629022 0.231962 0.027863 0.629042 0.232219 0.0281415 0.628952 0.23216 0.0280019 0.628999 0.231782 0.0283627 0.629206 0.231783 0.0282002 0.629189 0.231861 0.0281537 0.629099 0.231855 0.0282943 0.629092 0.231963 0.02823 0.629007 0.23209 0.0281777 0.628961 0.230126 0.0220401 0.620508 0.228987 0.0160788 0.620342 0.228991 0.0160773 0.620469 0.231843 0.0278975 0.620902 0.230242 0.0220127 0.620758 0.230347 0.0219887 0.62085 0.230166 0.0220304 0.620639 0.231664 0.0279506 0.620691 0.231739 0.0279281 0.62081 0.230468 0.0219613 0.620906 0.231962 0.0278629 0.620958 0.232083 0.0278284 0.620978 0.230595 0.0219534 0.620926 0.229337 0.0160199 0.620867 0.229461 0.016 0.620887 0.231621 0.0279654 0.620434 0.230156 0.0221952 0.620383 0.231625 0.027963 0.62056 0.229031 0.0160703 0.620599 0.229108 0.0160573 0.620718 0.229215 0.0160398 0.62081 0.229338 0.0160198 0.629134 0.230595 0.0219534 0.629074 0.229461 0.016 0.629113 0.231739 0.0279281 0.62919 0.230166 0.0220304 0.629361 0.231664 0.0279506 0.629309 0.230469 0.0219613 0.629094 0.230347 0.0219886 0.62915 0.231962 0.027863 0.629042 0.231621 0.0279654 0.629566 0.231625 0.0279629 0.62944 0.230156 0.0221952 0.629617 0.229215 0.0160397 0.62919 0.228987 0.0160788 0.629658 0.230126 0.0220402 0.629492 0.228991 0.0160774 0.629531 0.230242 0.0220127 0.629242 0.231842 0.0278976 0.629098 0.232083 0.0278284 0.629022 0.229108 0.0160573 0.629282 0.229031 0.0160702 0.6294 0.23256 0.016 0.628865 0.232455 0.0278267 0.628947 0.23256 0.0278267 0.628865 0.232343 0.016 0.628996 0.232337 0.0278267 0.628998 0.23246 0.016 0.628944 0.232217 0.0278267 0.629017 0.232217 0.016 0.629017 0.232636 0.016 0.628762 0.232639 0.0278267 0.628757 0.232684 0.016 0.628644 0.232685 0.0278267 0.628637 0.2327 0.016 0.628517 0.2327 0.0278267 0.628517 0.23256 0.028152 0.628776 0.232456 0.0281936 0.628848 0.232521 0.0282685 0.628739 0.232617 0.0281985 0.628656 0.232397 0.0283176 0.628797 0.232337 0.0282193 0.628892 0.232257 0.0283417 0.628825 0.232639 0.0280123 0.628723 0.232685 0.0279001 0.62863 0.232639 0.0279211 0.628748 0.232685 0.0280375 0.62858 0.232639 0.0280979 0.628683 0.232679 0.0281134 0.628556 0.2327 0.0278267 0.628517 0.232685 0.0278267 0.628637 0.232639 0.0278267 0.628757 0.2327 0.0280205 0.628446 0.232456 0.0280778 0.628902 0.232338 0.0280954 0.62895 0.232219 0.0279872 0.629 0.232337 0.0279634 0.628986 0.232217 0.0278267 0.629017 0.23256 0.0280494 0.628824 0.232219 0.0281415 0.628952 0.23256 0.02794 0.628854 0.232456 0.0279545 0.628935 0.23256 0.0278267 0.628865 0.232455 0.0278267 0.628947 0.232337 0.0278267 0.628998 0.232521 0.0282685 0.628739 0.232397 0.0289248 0.628184 0.232521 0.0288664 0.628135 0.232521 0.0297083 0.626667 0.232618 0.0292572 0.627384 0.232521 0.0293512 0.627438 0.232397 0.0289248 0.621816 0.232345 0.0291125 0.622024 0.232305 0.0287515 0.621575 0.232305 0.0287515 0.628425 0.232397 0.0283176 0.628797 0.232257 0.0283417 0.628825 0.232617 0.0281985 0.628656 0.232618 0.0287831 0.628066 0.2327 0.0280205 0.628446 0.232679 0.028682 0.627982 0.2327 0.0285717 0.62789 0.232679 0.0291431 0.627319 0.2327 0.0290186 0.627247 0.232679 0.0294827 0.626585 0.2327 0.0293478 0.626537 0.232505 0.0300051 0.625291 0.232618 0.0298922 0.625 0.232618 0.0298202 0.625827 0.232618 0.0292572 0.622616 0.232679 0.0291431 0.622681 0.232679 0.0294827 0.623415 0.2327 0.0295493 0.62422 0.232679 0.0296907 0.624195 0.232679 0.0281134 0.621444 0.232679 0.028682 0.622018 0.232618 0.0281984 0.621344 0.232378 0.0294199 0.622514 0.2327 0.0285717 0.62211 0.2327 0.0280205 0.621554 0.232521 0.0297083 0.623333 0.232521 0.0293512 0.622562 0.232618 0.0296064 0.62337 0.232415 0.0296605 0.62303 0.232618 0.0298202 0.624173 0.232397 0.0283175 0.621203 0.232257 0.0283417 0.621175 0.232453 0.0298368 0.623571 0.232521 0.029927 0.624154 0.232487 0.0299503 0.624135 0.232618 0.0287831 0.621934 0.232679 0.0297607 0.625 0.232679 0.0296907 0.625805 0.2327 0.0296172 0.625 0.232521 0.0288664 0.621865 0.232618 0.0296064 0.62663 0.232521 0.029927 0.625846 0.232679 0.0281134 0.628556 0.232378 0.0294199 0.627486 0.232345 0.0291125 0.627976 0.232416 0.0296615 0.626968 0.2327 0.0295493 0.62578 0.232456 0.0298363 0.626425 0.232488 0.0299495 0.625864 0.232505 0.0300051 0.624709 0.2327 0.0293478 0.623463 0.2327 0.0290186 0.622753 0.232521 0.0282684 0.621261 0.232685 0.0279 0.62137 0.232639 0.027921 0.621252 0.232684 0.0278267 0.621356 0.232337 0.0279633 0.621014 0.23246 0.0278267 0.621056 0.232456 0.0279543 0.621065 0.232343 0.0278267 0.621004 0.232217 0.0278267 0.620983 0.232456 0.0280776 0.621098 0.23256 0.0279398 0.621146 0.23256 0.0280492 0.621176 0.232219 0.0281415 0.621048 0.232338 0.0280952 0.62105 0.232337 0.0282191 0.621108 0.232219 0.0279875 0.621 0.232636 0.0278267 0.621238 0.23256 0.0278267 0.621135 0.232685 0.0280374 0.62142 0.2327 0.0278267 0.621483 0.2327 0.0280205 0.621554 0.232679 0.0281134 0.621444 0.232639 0.0280978 0.621317 0.232639 0.0280122 0.621277 0.232618 0.0281984 0.621344 0.23256 0.0281519 0.621224 0.232456 0.0281934 0.621152 0.232521 0.0282684 0.621261 0.232397 0.0283175 0.621203 0.232257 0.0283417 0.621175 0.23256 0.0278267 0.621135 0.23256 0.016 0.621136 0.232636 0.0278267 0.621238 0.232636 0.016 0.621238 0.232684 0.0278267 0.621356 0.2327 0.0278267 0.621483 0.232684 0.016 0.621356 0.2327 0.016 0.621483 0.23246 0.016 0.621056 0.23246 0.0278267 0.621056 0.232344 0.016 0.621004 0.232343 0.0278267 0.621004 0.232217 0.016 0.620983 0.232217 0.0278267 0.620983 0.23216 0.0280019 0.628999 0.232219 0.0281415 0.628952 0.232219 0.0279872 0.629 0.232083 0.0278284 0.629022 0.232217 0.0278267 0.629017 0.23216 0.0280018 0.621 0.232219 0.0279875 0.621 0.232219 0.0281415 0.621048 0.232083 0.0278284 0.620978 0.232217 0.0278267 0.620983 0.232217 0.016 0.620983 0.232083 0.0278284 0.620978 0.230595 0.0219534 0.620926 0.229461 0.016 0.620887 0.232217 0.0278267 0.620983 0.232217 0.016 0.629017 0.229461 0.016 0.629113 0.230595 0.0219534 0.629074 0.232083 0.0278284 0.629022 0.232217 0.0278267 0.629017 0.2322 0.0155 0.621483 0.229114 0.0155 0.625 0.2322 0.0155 0.628517 0.229243 0.0155 0.62862 0.229243 0.0155 0.62138 0.2327 0.0278267 0.628517 0.2327 0.0280205 0.628446 0.2327 0.0285717 0.62789 0.2327 0.0290186 0.627247 0.2327 0.016 0.628517 0.2327 0.0293478 0.626537 0.2327 0.0295493 0.62578 0.2327 0.0296172 0.625 0.2327 0.016 0.621483 0.2327 0.0295493 0.62422 0.2327 0.0293478 0.623463 0.2327 0.0278267 0.621483 0.2327 0.0290186 0.622753 0.2327 0.0285717 0.62211 0.2327 0.0280205 0.621554 0.244998 0.0327505 0.601472 0.245633 0.0328314 0.601795 0.245635 0.0329452 0.60172 0.244778 0.0322844 0.602066 0.244047 0.0320968 0.601721 0.24472 0.0322615 0.602181 0.244677 0.0322588 0.6023 0.245431 0.0324247 0.602635 0.245475 0.0324273 0.602506 0.245516 0.0324491 0.602373 0.244833 0.0323248 0.60195 0.245552 0.0324909 0.602241 0.244882 0.0323825 0.601838 0.244127 0.0321267 0.601613 0.243464 0.0319356 0.601156 0.243564 0.0319726 0.601059 0.244202 0.0321758 0.601505 0.243658 0.0320305 0.600961 0.242482 0.0316097 0.599826 0.242868 0.0317599 0.60058 0.242983 0.0317811 0.600499 0.245583 0.0325523 0.602113 0.244924 0.0324563 0.601731 0.245624 0.0327259 0.601887 0.244958 0.0325441 0.601633 0.245607 0.0326315 0.601994 0.244983 0.0326433 0.601546 0.24427 0.0322438 0.601399 0.244329 0.032329 0.601299 0.244433 0.0326585 0.601062 0.245019 0.0328641 0.601419 0.244457 0.0327834 0.60102 0.243945 0.0325696 0.600567 0.243919 0.0324405 0.600625 0.243557 0.0326278 0.59997 0.24324 0.032409 0.599375 0.243545 0.0324858 0.600001 0.243516 0.0323467 0.600049 0.243212 0.0322609 0.599413 0.243246 0.0325548 0.599346 0.243876 0.0323176 0.600695 0.243468 0.0322127 0.600108 0.244376 0.0324289 0.601208 0.244411 0.03254 0.601128 0.243985 0.0320894 0.601835 0.243965 0.0327043 0.600533 0.243817 0.0322057 0.600776 0.243744 0.0321089 0.600866 0.243375 0.0319214 0.601256 0.2434 0.032089 0.600177 0.243313 0.0319807 0.600253 0.243212 0.0318919 0.600335 0.243101 0.0318251 0.600418 0.242616 0.0316369 0.599767 0.24316 0.0321164 0.59946 0.243085 0.0319815 0.599515 0.242989 0.0318622 0.599576 0.242875 0.0317633 0.59964 0.242749 0.0316878 0.599704 0.242632 0.0316227 0.598128 0.242511 0.0315231 0.598151 0.242989 0.0318622 0.599576 0.243085 0.0319815 0.599515 0.242238 0.0313905 0.598189 0.242749 0.0316878 0.599704 0.242377 0.0314453 0.598171 0.242875 0.0317633 0.59964 0.242616 0.0316369 0.599767 0.242097 0.0313582 0.598205 0.242482 0.0316097 0.599826 0.242737 0.0317411 0.598104 0.24282 0.0318738 0.598081 0.24316 0.0321164 0.59946 0.243212 0.0322609 0.599413 0.24288 0.0320155 0.598057 0.24324 0.032409 0.599375 0.242917 0.0321604 0.598036 0.243246 0.0325548 0.599346 0.243034 0.032418 0.598677 0.242931 0.0323033 0.598016 0.24282 0.0318738 0.598081 0.242753 0.0316658 0.59751 0.242737 0.0317411 0.598104 0.24346 0.0308208 0.595305 0.243421 0.0307629 0.595313 0.243167 0.0310569 0.59582 0.24288 0.0320155 0.598057 0.242824 0.0317857 0.597486 0.24284 0.0315308 0.596923 0.242666 0.0315563 0.597531 0.242564 0.0314602 0.597548 0.242632 0.0316227 0.598128 0.242944 0.0317467 0.596874 0.242899 0.0316365 0.5969 0.242875 0.031912 0.59746 0.242377 0.0314453 0.598171 0.242452 0.0313801 0.597561 0.242332 0.0313172 0.59757 0.242685 0.0313427 0.596955 0.242193 0.0312827 0.597643 0.242097 0.0313582 0.598205 0.242238 0.0313905 0.598189 0.242511 0.0315231 0.598151 0.244258 0.0303944 0.594372 0.244272 0.0304266 0.594363 0.244703 0.0301321 0.593986 0.242908 0.0320408 0.597432 0.242917 0.0321604 0.598036 0.242931 0.0323033 0.598016 0.242919 0.0321869 0.597479 0.243083 0.0315332 0.596307 0.243043 0.0314396 0.596332 0.243115 0.0309869 0.59583 0.242936 0.0312623 0.596368 0.243287 0.0312836 0.595768 0.243253 0.0312061 0.59579 0.243213 0.0311303 0.595807 0.242994 0.0313487 0.596352 0.243495 0.0308806 0.595294 0.242974 0.0320018 0.596905 0.242975 0.0318587 0.596845 0.243119 0.0317395 0.596291 0.243321 0.0314558 0.595745 0.243314 0.0313618 0.595744 0.243938 0.0307834 0.594757 0.244375 0.0303872 0.59427 0.242768 0.0314321 0.596941 0.242869 0.0311816 0.596379 0.242493 0.031198 0.596966 0.242592 0.0312642 0.596963 0.242344 0.0311747 0.597098 0.243112 0.0316281 0.596279 0.242795 0.0311081 0.596385 0.242545 0.0310416 0.596573 0.242716 0.0310425 0.596386 0.243578 0.031066 0.595243 0.243058 0.030921 0.595835 0.242793 0.0308868 0.596072 0.242998 0.0308598 0.595836 0.243572 0.0311521 0.595256 0.243554 0.0310036 0.595263 0.243527 0.0309416 0.59528 0.243379 0.0307072 0.595318 0.243782 0.0305184 0.594834 0.243085 0.0307158 0.595599 0.243334 0.0306541 0.59532 0.243898 0.0307491 0.594782 0.243834 0.0306089 0.594819 0.243879 0.030702 0.594796 0.243858 0.0306552 0.594809 0.243753 0.0304747 0.594839 0.243809 0.0305632 0.594828 0.244194 0.0302674 0.594397 0.243415 0.0305338 0.595155 0.243722 0.0304321 0.594841 0.244243 0.0303623 0.594379 0.244157 0.0302059 0.594404 0.243785 0.0303416 0.59474 0.244176 0.0302364 0.594401 0.24463 0.0299698 0.594014 0.24419 0.0301536 0.59436 0.253499 0.0335787 0.594836 0.254656 0.0336064 0.593785 0.253698 0.0335814 0.594566 0.253309 0.0335841 0.595112 0.254753 0.0336215 0.593908 0.252797 0.0336712 0.595972 0.252648 0.0337383 0.596266 0.254942 0.0337292 0.59415 0.252957 0.0336268 0.595681 0.25485 0.0336624 0.594032 0.253128 0.0335989 0.595394 0.255026 0.0338197 0.594259 0.252512 0.0338381 0.596555 0.255098 0.0339297 0.594354 0.255156 0.0340541 0.594432 0.252392 0.0339802 0.596834 0.245549 0.0299247 0.593468 0.245417 0.0298708 0.593529 0.245389 0.0300155 0.593561 0.245681 0.0299985 0.593412 0.245504 0.030067 0.593508 0.245045 0.0299825 0.59375 0.245021 0.0298297 0.593744 0.24493 0.0300121 0.593823 0.24516 0.0299732 0.593682 0.245275 0.0299842 0.593619 0.245153 0.0298233 0.593666 0.244817 0.030062 0.593902 0.24489 0.0298563 0.593827 0.244759 0.029903 0.593917 0.24463 0.0299698 0.594014 0.244703 0.0301321 0.593986 0.245285 0.029837 0.593595 0.245617 0.0301388 0.59346 0.255356 0.0340514 0.594268 0.255374 0.0339352 0.59414 0.255283 0.0339365 0.594212 0.256011 0.0337656 0.593508 0.255945 0.0338067 0.593592 0.256059 0.0338529 0.593552 0.256183 0.0337344 0.593359 0.25612 0.0336616 0.593341 0.25607 0.0337172 0.593424 0.255637 0.0336419 0.593554 0.255643 0.0337173 0.593667 0.25572 0.033699 0.593601 0.255958 0.033441 0.593203 0.255894 0.0333759 0.593157 0.255878 0.0334213 0.593202 0.255219 0.0337486 0.593978 0.255308 0.0337495 0.593918 0.255221 0.0336828 0.59383 0.255822 0.0339717 0.593833 0.255797 0.0338684 0.593756 0.255718 0.0338909 0.593835 0.255098 0.0339297 0.594354 0.255118 0.0338273 0.594195 0.255026 0.0338197 0.594259 0.255191 0.0339346 0.594284 0.255128 0.0337448 0.594037 0.255035 0.0337382 0.594094 0.254942 0.0337292 0.59415 0.254753 0.0336215 0.593908 0.254849 0.0336275 0.593866 0.254656 0.0336064 0.593785 0.25485 0.0336624 0.594032 0.254944 0.0336709 0.593983 0.255256 0.0340544 0.594351 0.255156 0.0340541 0.594432 0.255453 0.0340448 0.594185 0.255463 0.0339304 0.594065 0.25521 0.0338323 0.594131 0.25555 0.034035 0.5941 0.255551 0.0339216 0.59399 0.25513 0.0336813 0.593882 0.255636 0.0339085 0.593913 0.255643 0.0340193 0.594012 0.255734 0.0339984 0.593924 0.255481 0.0337411 0.593795 0.255396 0.0336767 0.593723 0.255396 0.0337471 0.593857 0.256126 0.0337982 0.593456 0.255873 0.0338407 0.593675 0.255906 0.0339389 0.593741 0.255564 0.0337313 0.593732 0.255479 0.0336688 0.593668 0.255985 0.0338995 0.593647 0.255937 0.0337024 0.59349 0.255917 0.03361 0.593397 0.255858 0.0336457 0.593466 0.256229 0.0336608 0.593264 0.25616 0.0335986 0.593259 0.255968 0.0335681 0.59333 0.256046 0.0336123 0.593338 0.256008 0.0335201 0.593264 0.255929 0.0334882 0.593259 0.256053 0.0334047 0.59314 0.256037 0.0334656 0.5932 0.256114 0.0334948 0.593192 0.256189 0.0335281 0.59318 0.256261 0.0335772 0.593171 0.256114 0.0332648 0.593002 0.256204 0.0333644 0.593033 0.256259 0.0332805 0.592928 0.25613 0.0333489 0.59306 0.256204 0.0334501 0.593104 0.256129 0.0334254 0.593124 0.254784 0.0336086 0.593737 0.254944 0.0336319 0.593824 0.255038 0.0336773 0.593933 0.255301 0.0338343 0.594065 0.255038 0.0336342 0.59378 0.254912 0.0336081 0.593689 0.25513 0.0336344 0.593736 0.25539 0.0338329 0.593997 0.255039 0.0336047 0.593638 0.255477 0.0338279 0.593929 0.25522 0.0336322 0.593691 0.25531 0.0336813 0.593777 0.255562 0.033819 0.593859 0.255164 0.0335977 0.593585 0.255308 0.0336274 0.593644 0.255392 0.0336198 0.593597 0.255644 0.0338059 0.593788 0.255289 0.0335866 0.59353 0.255723 0.0337882 0.593716 0.255474 0.0336092 0.593549 0.25556 0.0336573 0.593611 0.255411 0.0335699 0.593471 0.255799 0.0337657 0.593642 0.255552 0.0335953 0.5935 0.255626 0.0335776 0.59345 0.25587 0.0337374 0.593567 0.255792 0.0336754 0.593534 0.25571 0.0336218 0.593495 0.255529 0.0335463 0.593408 0.255694 0.0335554 0.593399 0.255777 0.0335965 0.593435 0.255995 0.0336607 0.593414 0.255755 0.0335288 0.593349 0.255837 0.0335659 0.593376 0.255642 0.0335122 0.593338 0.255807 0.0334976 0.593298 0.255888 0.0335298 0.593317 0.255742 0.0334618 0.59326 0.256086 0.033557 0.593264 0.255849 0.0334618 0.593249 0.256277 0.0334846 0.593083 0.255974 0.0333881 0.59315 0.255809 0.0333841 0.593172 0.256276 0.0333852 0.593001 0.256053 0.0333371 0.593083 0.255895 0.0333255 0.593114 0.255974 0.0333293 0.593102 0.255959 0.0332644 0.593057 0.255799 0.0332794 0.59309 0.246509 0.0306948 0.59319 0.246745 0.0309969 0.593165 0.24739 0.0313223 0.593114 0.246601 0.0305278 0.593122 0.245617 0.0301388 0.59346 0.245681 0.0299985 0.593412 0.246966 0.0306018 0.592995 0.247577 0.0310035 0.592969 0.246176 0.0305649 0.593275 0.24763 0.0309124 0.592891 0.247455 0.0312107 0.593082 0.247324 0.031435 0.593128 0.247518 0.0311034 0.593033 0.246316 0.0302969 0.593169 0.256114 0.0332648 0.593002 0.256102 0.0331844 0.592944 0.25604 0.0331929 0.592978 0.255855 0.0328115 0.592681 0.255848 0.0327423 0.592577 0.255779 0.0327562 0.592645 0.255589 0.0328889 0.59286 0.255547 0.0329664 0.592926 0.255656 0.0329241 0.592874 0.255997 0.0329398 0.592762 0.256038 0.0329093 0.592697 0.255928 0.0328727 0.59272 0.255315 0.0327756 0.592813 0.255286 0.0328761 0.592898 0.255384 0.0328003 0.592824 0.255487 0.032747 0.592747 0.255415 0.0327156 0.59273 0.255244 0.032753 0.592803 0.255173 0.0327322 0.592794 0.255151 0.0328416 0.592888 0.255118 0.0330887 0.59302 0.255191 0.0329728 0.592966 0.255127 0.0329614 0.592964 0.255939 0.0331494 0.592978 0.255894 0.0330978 0.592952 0.255835 0.0331335 0.592991 0.25606 0.0330131 0.592807 0.256112 0.0329987 0.592755 0.255846 0.033236 0.593057 0.255959 0.0332644 0.593057 0.255912 0.0332188 0.593035 0.256223 0.0331849 0.592871 0.256162 0.0331789 0.592906 0.256259 0.0332805 0.592928 0.255342 0.032687 0.592714 0.255268 0.0326609 0.592699 0.25595 0.0328233 0.592637 0.256174 0.033091 0.592813 0.256115 0.0330927 0.592855 0.255895 0.0330082 0.592878 0.255834 0.0329549 0.592851 0.255783 0.0330044 0.592908 0.255211 0.0325592 0.592562 0.255307 0.0325256 0.592459 0.255226 0.0325005 0.592432 0.255453 0.0328273 0.592835 0.255558 0.0327814 0.592765 0.255745 0.0326724 0.592521 0.255624 0.032662 0.592577 0.255701 0.0327065 0.59261 0.25556 0.0325759 0.592433 0.255466 0.0325861 0.592516 0.255545 0.0326219 0.592546 0.255068 0.0324247 0.592235 0.255062 0.0324571 0.592375 0.255144 0.0324783 0.592406 0.255387 0.032554 0.592487 0.25545 0.0325303 0.592385 0.255133 0.0325364 0.592542 0.255055 0.032509 0.592508 0.255658 0.0326233 0.592478 0.255976 0.0332044 0.593009 0.256058 0.0331082 0.5929 0.256 0.0331271 0.592941 0.255799 0.0332794 0.59309 0.255878 0.0331748 0.593011 0.255776 0.0331723 0.593025 0.256006 0.0330373 0.592859 0.255951 0.0330656 0.592908 0.255687 0.033201 0.593048 0.255947 0.0329715 0.592822 0.255786 0.0330948 0.592974 0.255841 0.0330494 0.592929 0.25573 0.0331437 0.593013 0.255882 0.0329108 0.592788 0.255731 0.0330587 0.592959 0.255678 0.0331172 0.593003 0.255672 0.0330253 0.592946 0.255721 0.0329626 0.59289 0.255813 0.032855 0.592757 0.255768 0.0329055 0.592827 0.255623 0.0330927 0.592995 0.255549 0.0331577 0.593032 0.255741 0.032804 0.592728 0.255564 0.0330703 0.592988 0.255699 0.0328602 0.592805 0.25561 0.0329945 0.592936 0.255667 0.0327579 0.5927 0.255629 0.032819 0.592784 0.255503 0.0330499 0.592982 0.255593 0.0327161 0.592674 0.255482 0.0329408 0.592918 0.255521 0.0328568 0.592847 0.255442 0.0330314 0.592977 0.255406 0.0331268 0.593024 0.255518 0.0326781 0.59265 0.255418 0.0329173 0.592911 0.255381 0.0330146 0.592974 0.255352 0.0328958 0.592904 0.255442 0.0326437 0.592627 0.255318 0.0329993 0.59297 0.255263 0.033104 0.593021 0.255332 0.0324896 0.592336 0.255366 0.0326126 0.592605 0.255255 0.0329854 0.592968 0.255218 0.0328581 0.592893 0.255289 0.0325845 0.592583 0.255204 0.0324541 0.592286 0.255194 0.0326371 0.592685 0.255119 0.0326154 0.59267 0.255102 0.0327132 0.592786 0.255083 0.0328265 0.592884 0.254988 0.0330099 0.592994 0.255045 0.0325793 0.592633 0.255033 0.0326665 0.592746 0.255019 0.0327688 0.592845 0.255004 0.0328838 0.592928 0.248086 0.0312122 0.592931 0.247577 0.0310035 0.592969 0.248035 0.0313265 0.59301 0.247518 0.0311034 0.593033 0.248132 0.0311112 0.592836 0.24763 0.0309124 0.592891 0.247978 0.0314507 0.593069 0.247455 0.0312107 0.593082 0.247919 0.0315807 0.593107 0.247858 0.0317121 0.593124 0.24739 0.0313223 0.593114 0.247324 0.031435 0.593128 0.251262 0.0319619 0.592624 0.248132 0.0311112 0.592836 0.248086 0.0312122 0.592931 0.251243 0.0320565 0.592749 0.248035 0.0313265 0.59301 0.25122 0.0321713 0.592858 0.248994 0.0313797 0.59274 0.250042 0.0316392 0.592624 0.251276 0.0318895 0.59249 0.251192 0.0323025 0.592948 0.247978 0.0314507 0.593069 0.247919 0.0315807 0.593107 0.251162 0.0324452 0.593015 0.25113 0.0325934 0.593058 0.247858 0.0317121 0.593124 0.251097 0.0327414 0.593075 0.255164 0.0335977 0.593585 0.255289 0.0335866 0.59353 0.254585 0.0335711 0.593557 0.255687 0.033201 0.593048 0.255111 0.0332 0.59307 0.255799 0.0332794 0.59309 0.25447 0.0335932 0.593674 0.255039 0.0336047 0.593638 0.254784 0.0336086 0.593737 0.254912 0.0336081 0.593689 0.254356 0.0335986 0.593792 0.254656 0.0336064 0.593785 0.255411 0.0335699 0.593471 0.254699 0.0335326 0.593445 0.255529 0.0335463 0.593408 0.254811 0.0334775 0.593339 0.255642 0.0335122 0.593338 0.255742 0.0334618 0.59326 0.25492 0.0334046 0.593239 0.255809 0.0333841 0.593172 0.255021 0.0333128 0.593148 0.255549 0.0331577 0.593032 0.255406 0.0331268 0.593024 0.255118 0.0330887 0.59302 0.255263 0.033104 0.593021 0.247325 0.0326427 0.593171 0.251097 0.0327414 0.593075 0.247858 0.0317121 0.593124 0.247324 0.031435 0.593128 0.243327 0.0325914 0.595827 0.243572 0.0311521 0.595256 0.243321 0.0314558 0.595745 0.24493 0.0300121 0.593823 0.245253 0.0326207 0.593735 0.245045 0.0299825 0.59375 0.244817 0.030062 0.593902 0.244703 0.0301321 0.593986 0.244651 0.0326134 0.594135 0.243119 0.0317395 0.596291 0.243676 0.0325987 0.595195 0.242952 0.0325767 0.597218 0.243084 0.0325841 0.596507 0.242974 0.0320018 0.596905 0.242919 0.0321869 0.597479 0.242935 0.0325694 0.59794 0.243034 0.032418 0.598677 0.243246 0.0325548 0.599346 0.243034 0.0325621 0.598656 0.242931 0.0323033 0.598016 0.243938 0.0307834 0.594757 0.244121 0.032606 0.594626 0.244375 0.0303872 0.59427 0.247325 0.0326427 0.593171 0.246745 0.0309969 0.593165 0.246607 0.0326353 0.593247 0.24591 0.032628 0.593437 0.246176 0.0305649 0.593275 0.245617 0.0301388 0.59346 0.247324 0.031435 0.593128 0.245504 0.030067 0.593508 0.245389 0.0300155 0.593561 0.245275 0.0299842 0.593619 0.24516 0.0299732 0.593682 0.253979 -0.0364718 0.59172 0.253998 -0.0366038 0.591796 0.245604 -0.036399 0.594542 0.253958 -0.0361948 0.591634 0.2625 -0.0363414 0.589579 0.253966 -0.0363338 0.591666 0.24558 -0.0362663 0.594468 0.262506 -0.0364799 0.589612 0.271185 -0.0365661 0.588253 0.262516 -0.0366175 0.589667 0.279997 -0.0364542 0.587555 0.28 -0.0366001 0.587591 0.271191 -0.0367033 0.588308 0.245564 -0.0361276 0.594415 0.245556 -0.0359881 0.594383 0.254023 -0.0367245 0.591891 0.262529 -0.036749 0.589743 0.245636 -0.0365203 0.594636 0.254052 -0.0368289 0.592005 0.245674 -0.0366252 0.594747 0.254086 -0.0369132 0.592131 0.245718 -0.0367098 0.594871 0.262618 -0.0371193 0.59022 0.262645 -0.0371585 0.590361 0.254161 -0.0370143 0.592404 0.245766 -0.0367719 0.595004 0.271268 -0.0372434 0.589008 0.27309 -0.0372426 0.589293 0.266146 -0.0371986 0.590096 0.280035 -0.0372865 0.588488 0.28003 -0.0372671 0.588341 0.254123 -0.0369753 0.592266 0.245815 -0.0368109 0.595139 0.252588 -0.0369673 0.593363 0.245865 -0.0368278 0.595273 0.271179 -0.0364279 0.588219 0.262547 -0.0368692 0.58984 0.262568 -0.0369733 0.589955 0.262592 -0.0370574 0.590083 0.271252 -0.0372042 0.588867 0.259312 -0.0371068 0.591453 0.280003 -0.0367387 0.587649 0.271199 -0.0368345 0.588385 0.27121 -0.0369544 0.588483 0.271223 -0.0370583 0.588599 0.271237 -0.0371423 0.588728 0.280007 -0.036867 0.587726 0.280011 -0.0369824 0.587822 0.280015 -0.0370825 0.587934 0.28002 -0.0371648 0.588059 0.280025 -0.0372268 0.588196 0.283245 -0.0365933 0.587745 0.286502 -0.0364544 0.588124 0.286496 -0.0366 0.588159 0.283217 -0.0370848 0.588091 0.283206 -0.0371687 0.588221 0.28002 -0.0371648 0.588059 0.286436 -0.0370824 0.588497 0.283195 -0.0372306 0.588359 0.280025 -0.0372268 0.588196 0.286415 -0.0371643 0.588621 0.280035 -0.0372865 0.588488 0.28003 -0.0372671 0.588341 0.283183 -0.0372698 0.588501 0.280015 -0.0370825 0.587934 0.283226 -0.0369811 0.587975 0.286366 -0.0372674 0.588897 0.2832 -0.0372868 0.588634 0.28634 -0.0372865 0.589043 0.286456 -0.0369826 0.588386 0.280011 -0.0369824 0.587822 0.280007 -0.036867 0.587726 0.283234 -0.0368613 0.587878 0.280003 -0.0367387 0.587649 0.28 -0.0366001 0.587591 0.283241 -0.0367303 0.5878 0.283263 -0.0364592 0.587703 0.279997 -0.0364542 0.587555 0.286486 -0.0367387 0.588216 0.286473 -0.0368672 0.588292 0.286391 -0.0372264 0.588755 0.240279 -0.0359345 0.597753 0.240416 -0.0360639 0.597678 0.239051 -0.036056 0.599198 0.241847 -0.0359473 0.596404 0.241976 -0.0360786 0.596361 0.245556 -0.0359881 0.594383 0.245564 -0.0361276 0.594415 0.243701 -0.0360999 0.595266 0.240577 -0.0364343 0.597851 0.24051 -0.0363205 0.597779 0.242053 -0.036339 0.596474 0.243725 -0.0362357 0.595317 0.24558 -0.0362663 0.594468 0.239097 -0.0361862 0.599235 0.237962 -0.0361921 0.600933 0.238949 -0.0359256 0.599264 0.237909 -0.0360617 0.600903 0.243621 -0.0359642 0.595267 0.237873 -0.0359235 0.600882 0.242008 -0.036212 0.596409 0.238031 -0.0363127 0.600972 0.239159 -0.0363098 0.599284 0.238114 -0.0364207 0.60102 0.239236 -0.0364223 0.599345 0.239325 -0.0365195 0.599416 0.238209 -0.0365139 0.601075 0.239425 -0.036598 0.599494 0.238315 -0.0365902 0.601135 0.244049 -0.0367673 0.595943 0.244118 -0.0367842 0.596065 0.242493 -0.0367499 0.597092 0.239531 -0.036656 0.599577 0.240838 -0.0366708 0.598124 0.23964 -0.0366929 0.599661 0.240934 -0.036708 0.598223 0.242413 -0.0367329 0.596977 0.23843 -0.0366482 0.601201 0.245815 -0.0368109 0.595139 0.245865 -0.0368278 0.595273 0.238551 -0.0366865 0.60127 0.238675 -0.0367044 0.601341 0.240456 -0.0361954 0.597721 0.240656 -0.0365327 0.597934 0.240744 -0.0366122 0.598026 0.23973 -0.0367095 0.599769 0.242109 -0.0364548 0.596555 0.242176 -0.0365549 0.596649 0.242251 -0.0366357 0.596753 0.242331 -0.0366952 0.596864 0.241011 -0.0367247 0.598342 0.24376 -0.0363653 0.595388 0.243805 -0.0364835 0.595476 0.243858 -0.0365857 0.59558 0.245636 -0.0365203 0.594636 0.243918 -0.0366683 0.595695 0.245674 -0.0366252 0.594747 0.243982 -0.036729 0.595818 0.245604 -0.036399 0.594542 0.245718 -0.0367098 0.594871 0.245766 -0.0367719 0.595004 0.292729 -0.0366177 0.589829 0.292743 -0.0364543 0.58979 0.298605 -0.0364543 0.592504 0.292482 -0.0372635 0.590511 0.28634 -0.0372865 0.589043 0.286366 -0.0372674 0.588897 0.286436 -0.0370824 0.588497 0.292588 -0.0371356 0.590218 0.286415 -0.0371643 0.588621 0.298446 -0.0370344 0.592782 0.298379 -0.0371356 0.5929 0.298224 -0.0372635 0.593169 0.298141 -0.0372865 0.593314 0.292426 -0.0372865 0.590668 0.298304 -0.0372127 0.59303 0.292537 -0.0372127 0.59036 0.303424 -0.0372635 0.596775 0.308049 -0.0372127 0.601116 0.307926 -0.0372635 0.601221 0.286391 -0.0372264 0.588755 0.303317 -0.0372865 0.596904 0.307799 -0.0372865 0.601329 0.311575 -0.037269 0.606387 0.311453 -0.0372865 0.606459 0.303526 -0.0372127 0.596651 0.292634 -0.0370344 0.590092 0.286456 -0.0369826 0.588386 0.292674 -0.0369119 0.589982 0.286473 -0.0368672 0.588292 0.303886 -0.0366177 0.596217 0.308478 -0.0366177 0.600751 0.303842 -0.0367717 0.59627 0.292706 -0.0367717 0.589894 0.286496 -0.0366 0.588159 0.286486 -0.0367387 0.588216 0.286502 -0.0364544 0.588124 0.298584 -0.0366177 0.59254 0.303913 -0.0364543 0.596185 0.312181 -0.0367295 0.60603 0.308425 -0.0367717 0.600796 0.312258 -0.0364543 0.605985 0.312229 -0.0365924 0.606002 0.298503 -0.0369119 0.592682 0.29855 -0.0367717 0.5926 0.30851 -0.0364543 0.600724 0.303783 -0.0369119 0.596343 0.303708 -0.0370344 0.596432 0.303622 -0.0371356 0.596536 0.308354 -0.0369119 0.600856 0.308266 -0.0370344 0.600932 0.308163 -0.0371356 0.601019 0.312115 -0.0368605 0.606069 0.31203 -0.0369803 0.606119 0.31193 -0.037084 0.606178 0.311817 -0.0371679 0.606244 0.311698 -0.0372298 0.606315 0.314331 -0.0372563 0.610967 0.314533 -0.0372437 0.611083 0.314452 -0.0372539 0.611143 0.319952 -0.0370516 0.617191 0.320139 -0.0370404 0.617231 0.320134 -0.0370448 0.617253 0.320318 -0.0370502 0.617436 0.320105 -0.0370609 0.617409 0.320108 -0.0370602 0.617388 0.319742 -0.0370715 0.617176 0.319753 -0.0370674 0.617152 0.319936 -0.0370602 0.617238 0.312663 -0.0371105 0.60747 0.31277 -0.0371138 0.607654 0.31256 -0.0371819 0.607535 0.319209 -0.0370962 0.616854 0.319229 -0.0370909 0.616827 0.319393 -0.037085 0.616955 0.319376 -0.0370896 0.616981 0.318916 -0.0371012 0.616547 0.31874 -0.0371132 0.616429 0.318767 -0.0371058 0.616399 0.318892 -0.0371079 0.616576 0.31834 -0.0371175 0.615936 0.318373 -0.0371055 0.615904 0.31851 -0.0371028 0.616062 0.318621 -0.03711 0.616248 0.31865 -0.0370999 0.616218 0.318794 -0.0370967 0.61637 0.317896 -0.0371394 0.615484 0.317935 -0.037127 0.615449 0.318068 -0.037124 0.615613 0.318238 -0.0371078 0.615743 0.318105 -0.0371099 0.61558 0.317546 -0.0371346 0.614948 0.317674 -0.0371322 0.615116 0.317501 -0.0371498 0.614985 0.317717 -0.0371147 0.615081 0.317845 -0.0371133 0.615248 0.317165 -0.0371407 0.614439 0.317214 -0.0371184 0.6144 0.317338 -0.0371177 0.614571 0.31759 -0.0371159 0.614912 0.317418 -0.0371368 0.614779 0.317463 -0.0371169 0.614742 0.316738 -0.0371668 0.613963 0.316793 -0.0371455 0.613921 0.316916 -0.0371441 0.614094 0.31709 -0.0371189 0.614227 0.316968 -0.0371192 0.614054 0.316427 -0.0371489 0.613398 0.316548 -0.0371479 0.613573 0.316367 -0.0371735 0.613442 0.316604 -0.037119 0.61353 0.316725 -0.0371192 0.613705 0.316066 -0.0371511 0.61287 0.316128 -0.0371166 0.612824 0.316246 -0.0371174 0.613001 0.316186 -0.0371505 0.613046 0.316306 -0.0371498 0.613222 0.316124 -0.0371773 0.613092 0.315642 -0.0371837 0.612388 0.31571 -0.0371522 0.612339 0.315828 -0.037152 0.612516 0.31601 -0.0371156 0.612647 0.315893 -0.0371144 0.612469 0.31524 -0.0371518 0.611628 0.315167 -0.0371885 0.61168 0.315049 -0.0371894 0.611503 0.315592 -0.0371523 0.612162 0.315404 -0.0371863 0.612035 0.315475 -0.0371522 0.611984 0.315008 -0.0371509 0.611272 0.31508 -0.0371023 0.61122 0.315195 -0.0371045 0.611399 0.315124 -0.0371514 0.61145 0.314737 -0.0370949 0.610682 0.314546 -0.0371476 0.610556 0.314624 -0.0370921 0.610502 0.314851 -0.0370975 0.610862 0.314966 -0.0371 0.611041 0.314776 -0.0371495 0.610914 0.314205 -0.0371438 0.610016 0.314119 -0.0371928 0.610074 0.314005 -0.0371928 0.609894 0.314349 -0.0371926 0.610433 0.314432 -0.0371464 0.610376 0.313979 -0.0371406 0.609655 0.314062 -0.0370761 0.6096 0.314174 -0.0370796 0.609781 0.313891 -0.0371926 0.609714 0.313777 -0.0371923 0.609534 0.313755 -0.0371369 0.609294 0.31384 -0.0370687 0.609237 0.313951 -0.0370725 0.609419 0.313867 -0.0371388 0.609475 0.313533 -0.0371327 0.608931 0.31362 -0.0370606 0.608874 0.31373 -0.0370647 0.609056 0.313552 -0.0371915 0.609173 0.313644 -0.0371348 0.609112 0.313313 -0.0371279 0.608567 0.313401 -0.0370519 0.60851 0.31351 -0.0370563 0.608692 0.313423 -0.0371304 0.608749 0.313203 -0.0371254 0.608385 0.313293 -0.0370474 0.608327 0.313217 -0.0371893 0.608629 0.312996 -0.0371873 0.608266 0.313094 -0.0371227 0.608203 0.312886 -0.0371861 0.608083 0.312986 -0.0371198 0.60802 0.312777 -0.0371848 0.607901 0.313077 -0.0370378 0.607961 0.312878 -0.0371169 0.607837 0.31297 -0.0370327 0.607778 0.312258 -0.0364543 0.605985 0.312353 -0.0364688 0.606151 0.312229 -0.0365924 0.606002 0.312698 -0.0367851 0.60695 0.312855 -0.0366728 0.607101 0.312803 -0.0367957 0.607134 0.312758 -0.0370222 0.607411 0.312864 -0.0370275 0.607595 0.312668 -0.0371834 0.607718 0.312332 -0.0366063 0.606185 0.312449 -0.0364831 0.606317 0.312436 -0.0366199 0.606369 0.312594 -0.0367744 0.606766 0.31275 -0.0366599 0.606918 0.312645 -0.0366468 0.606735 0.31249 -0.0367634 0.606583 0.312547 -0.037011 0.607043 0.312735 -0.0369117 0.607176 0.312652 -0.0370167 0.607227 0.312545 -0.0364973 0.606483 0.31254 -0.0366334 0.606552 0.312345 -0.0371785 0.607167 0.312557 -0.0371071 0.607286 0.312452 -0.0371803 0.607351 0.312451 -0.0371036 0.607102 0.311782 -0.0372861 0.607011 0.311899 -0.0372694 0.60694 0.312008 -0.0372694 0.607124 0.31191 -0.0372317 0.606685 0.311682 -0.0372693 0.606572 0.311803 -0.0372308 0.6065 0.311672 -0.0372863 0.606827 0.31179 -0.0372694 0.606756 0.311453 -0.0372865 0.606459 0.311575 -0.037269 0.606387 0.311698 -0.0372298 0.606315 0.313328 -0.0371901 0.608811 0.313106 -0.0371884 0.608448 0.313439 -0.0371908 0.608992 0.313664 -0.0371919 0.609354 0.314092 -0.0371422 0.609836 0.31667 -0.0371468 0.613747 0.31649 -0.0371714 0.613617 0.314234 -0.0371928 0.610254 0.314318 -0.0371452 0.610196 0.314511 -0.0370892 0.610322 0.314398 -0.0370862 0.610142 0.314661 -0.0371486 0.610735 0.314581 -0.037192 0.61079 0.314465 -0.0371923 0.610612 0.314892 -0.0371503 0.611093 0.314697 -0.0371915 0.610969 0.314931 -0.0371902 0.611325 0.314814 -0.0371909 0.611147 0.315311 -0.0371065 0.611578 0.315285 -0.0371874 0.611858 0.315357 -0.0371521 0.611806 0.315543 -0.0371101 0.611935 0.315659 -0.0371117 0.612113 0.315427 -0.0371084 0.611757 0.315776 -0.0371131 0.612291 0.315523 -0.0371851 0.612212 0.315947 -0.0371516 0.612693 0.315762 -0.0371823 0.612565 0.316003 -0.0371791 0.612917 0.315882 -0.0371808 0.612741 0.316245 -0.0371755 0.613268 0.316365 -0.0371181 0.613178 0.316846 -0.0371193 0.61388 0.316614 -0.0371691 0.61379 0.316863 -0.0371643 0.614136 0.31704 -0.0371425 0.614267 0.316989 -0.0371617 0.614307 0.317291 -0.0371389 0.614609 0.317115 -0.0371589 0.614478 0.317371 -0.037153 0.614817 0.317243 -0.037156 0.614648 0.317804 -0.0371297 0.615283 0.317763 -0.0371431 0.615319 0.317632 -0.0371465 0.615153 0.317974 -0.0371117 0.615415 0.318167 -0.0371316 0.615808 0.318203 -0.0371209 0.615776 0.318031 -0.0371356 0.615647 0.318479 -0.0371139 0.616093 0.318306 -0.0371274 0.615968 0.318447 -0.037123 0.616124 0.318941 -0.037093 0.616519 0.318592 -0.0371182 0.616278 0.31907 -0.0370963 0.61669 0.319092 -0.037089 0.616663 0.319048 -0.0371022 0.616718 0.319564 -0.0370786 0.617072 0.319578 -0.0370738 0.617047 0.31955 -0.0370825 0.617097 0.32013 -0.0370487 0.617276 0.320117 -0.0370572 0.617343 0.319929 -0.0370636 0.617261 0.319731 -0.0370748 0.6172 0.319944 -0.0370562 0.617215 0.319709 -0.0370793 0.617249 0.319905 -0.0370701 0.617331 0.319701 -0.0370803 0.617274 0.311562 -0.0372865 0.606643 0.319899 -0.0370709 0.617354 0.319959 -0.0370464 0.617168 0.320134 -0.0370358 0.617206 0.320113 -0.037059 0.617366 0.319913 -0.0370685 0.617308 0.320323 -0.0370287 0.61724 0.319921 -0.0370664 0.617284 0.319511 -0.0370891 0.617176 0.319521 -0.0370879 0.617148 0.31972 -0.0370774 0.617225 0.319764 -0.0370627 0.617128 0.319775 -0.0370572 0.617104 0.319954 -0.0370409 0.617139 0.319786 -0.037051 0.61708 0.319329 -0.0370973 0.617063 0.319342 -0.0370958 0.617033 0.319535 -0.0370856 0.617122 0.319592 -0.0370682 0.617023 0.319606 -0.0370618 0.616998 0.319785 -0.0370444 0.617049 0.31962 -0.0370545 0.616973 0.319155 -0.0371049 0.61694 0.319169 -0.0371033 0.616908 0.319359 -0.0370932 0.617007 0.319427 -0.0370729 0.616904 0.319444 -0.0370655 0.616878 0.319625 -0.0370466 0.616942 0.319461 -0.037057 0.616853 0.319411 -0.0370795 0.616929 0.318986 -0.0371122 0.616809 0.319003 -0.0371103 0.616773 0.319189 -0.0371003 0.616881 0.319268 -0.037077 0.616774 0.319288 -0.0370684 0.616748 0.319473 -0.0370477 0.616824 0.319307 -0.0370587 0.616722 0.319249 -0.0370845 0.616801 0.318823 -0.037119 0.61667 0.318842 -0.037117 0.616633 0.319025 -0.0371069 0.616746 0.319114 -0.0370805 0.616636 0.319158 -0.0370597 0.616582 0.319136 -0.0370707 0.616609 0.319328 -0.037048 0.616698 0.318665 -0.0371256 0.616526 0.318685 -0.0371233 0.616488 0.318867 -0.0371132 0.616604 0.318965 -0.0370834 0.616491 0.319013 -0.0370601 0.616435 0.318989 -0.0370724 0.616463 0.319189 -0.0370476 0.616566 0.319055 -0.0370465 0.616428 0.318511 -0.0371318 0.616378 0.318533 -0.0371293 0.616339 0.318713 -0.0371191 0.616458 0.318821 -0.037086 0.616341 0.318872 -0.0370599 0.616285 0.318847 -0.0370737 0.616313 0.318925 -0.037045 0.616287 0.31836 -0.0371378 0.616227 0.318384 -0.037135 0.616187 0.318562 -0.0371247 0.616308 0.318679 -0.0370881 0.616188 0.318735 -0.0370592 0.61613 0.318707 -0.0370745 0.616159 0.318797 -0.037043 0.616143 0.318212 -0.0371435 0.616072 0.318238 -0.0371405 0.616032 0.318416 -0.03713 0.616156 0.318571 -0.0370749 0.616002 0.318601 -0.0370581 0.615972 0.318541 -0.0370898 0.616032 0.318673 -0.0370405 0.615996 0.318067 -0.037149 0.615915 0.318095 -0.0371458 0.615875 0.318272 -0.0371351 0.616 0.318437 -0.0370749 0.615842 0.318469 -0.0370566 0.615812 0.318405 -0.0370913 0.615873 0.318551 -0.0370377 0.615848 0.317924 -0.0371543 0.615756 0.317955 -0.0371509 0.615715 0.318131 -0.0371399 0.615841 0.318306 -0.0370746 0.61568 0.318339 -0.0370547 0.615649 0.318272 -0.0370923 0.615711 0.318432 -0.0370345 0.615697 0.317783 -0.0371594 0.615595 0.317816 -0.0371558 0.615553 0.317993 -0.0371446 0.615681 0.318177 -0.037074 0.615515 0.318314 -0.0370309 0.615545 0.318211 -0.0370524 0.615484 0.318141 -0.0370931 0.615547 0.317644 -0.0371644 0.615433 0.31768 -0.0371605 0.61539 0.317856 -0.0371491 0.615518 0.318012 -0.0370937 0.615381 0.318049 -0.037073 0.615349 0.318199 -0.037027 0.615391 0.318085 -0.0370498 0.615317 0.317506 -0.0371693 0.615269 0.317544 -0.0371652 0.615226 0.317722 -0.0371533 0.615354 0.317885 -0.0370939 0.615214 0.317923 -0.0370717 0.615181 0.318085 -0.0370228 0.615237 0.317961 -0.0370468 0.615148 0.31737 -0.037174 0.615104 0.31741 -0.0371696 0.615061 0.317588 -0.0371575 0.615189 0.317758 -0.037094 0.615046 0.317798 -0.0370702 0.615011 0.317972 -0.0370183 0.615082 0.317837 -0.0370436 0.614978 0.317234 -0.0371786 0.614938 0.317277 -0.037174 0.614894 0.317456 -0.0371615 0.615023 0.317632 -0.0370938 0.614876 0.317674 -0.0370685 0.614841 0.31786 -0.0370136 0.614926 0.317714 -0.0370401 0.614808 0.3171 -0.0371831 0.614771 0.317145 -0.0371782 0.614727 0.317324 -0.0371654 0.614856 0.317508 -0.0370934 0.614706 0.317592 -0.0370363 0.614636 0.317551 -0.0370665 0.61467 0.317748 -0.0370086 0.614769 0.316967 -0.0371875 0.614604 0.317014 -0.0371823 0.614559 0.317194 -0.0371692 0.614687 0.317384 -0.0370928 0.614534 0.317471 -0.0370322 0.614463 0.317428 -0.0370642 0.614498 0.317638 -0.0370034 0.614612 0.317528 -0.0369979 0.614454 0.316836 -0.0371917 0.614435 0.316884 -0.0371864 0.614389 0.317065 -0.0371728 0.614518 0.317261 -0.037092 0.614362 0.317351 -0.0370279 0.61429 0.317307 -0.0370617 0.614325 0.317419 -0.0369922 0.614296 0.316705 -0.0371958 0.614266 0.316755 -0.0371902 0.614219 0.316936 -0.0371763 0.614348 0.317186 -0.037059 0.614151 0.317231 -0.0370233 0.614116 0.317139 -0.037091 0.614189 0.317311 -0.0369862 0.614137 0.316575 -0.0371998 0.614096 0.316626 -0.037194 0.614049 0.316809 -0.0371797 0.614177 0.317066 -0.0370561 0.613977 0.317112 -0.0370184 0.613941 0.317018 -0.0370897 0.614015 0.317203 -0.0369801 0.613978 0.316445 -0.0372037 0.613926 0.316499 -0.0371977 0.613877 0.316682 -0.037183 0.614006 0.316947 -0.0370529 0.613802 0.317096 -0.0369736 0.613819 0.316994 -0.0370133 0.613765 0.316897 -0.0370883 0.61384 0.316317 -0.0372076 0.613755 0.316372 -0.0372012 0.613706 0.316556 -0.0371861 0.613834 0.316777 -0.0370867 0.613665 0.316828 -0.0370495 0.613626 0.31699 -0.036967 0.613659 0.316876 -0.037008 0.613589 0.316189 -0.0372113 0.613583 0.316246 -0.0372047 0.613533 0.316431 -0.0371892 0.613661 0.316658 -0.0370849 0.613489 0.31671 -0.0370458 0.613449 0.316884 -0.0369602 0.613499 0.316759 -0.0370023 0.613412 0.316062 -0.0372149 0.613411 0.316121 -0.0372081 0.61336 0.316307 -0.0371921 0.613487 0.31654 -0.0370829 0.613312 0.316592 -0.037042 0.613272 0.316779 -0.0369531 0.613338 0.316642 -0.0369965 0.613235 0.316484 -0.0371186 0.613354 0.315936 -0.0372184 0.613238 0.315996 -0.0372113 0.613186 0.316183 -0.0371949 0.613314 0.316421 -0.0370807 0.613136 0.316475 -0.037038 0.613095 0.316673 -0.0369458 0.613177 0.316526 -0.0369904 0.613057 0.31581 -0.0372218 0.613065 0.315872 -0.0372145 0.613013 0.31606 -0.0371976 0.613139 0.316304 -0.0370783 0.612958 0.31641 -0.0369841 0.612879 0.316359 -0.0370337 0.612917 0.316569 -0.0369384 0.613016 0.315684 -0.0372251 0.612892 0.315748 -0.0372176 0.612838 0.315937 -0.0372003 0.612964 0.316187 -0.0370758 0.612781 0.316294 -0.0369775 0.612701 0.316242 -0.0370292 0.612739 0.316464 -0.0369307 0.612855 0.31636 -0.0369228 0.612694 0.315559 -0.0372284 0.612718 0.315625 -0.0372206 0.612664 0.315815 -0.0372028 0.612789 0.316127 -0.0370246 0.612561 0.316179 -0.0369708 0.612522 0.31607 -0.037073 0.612603 0.316257 -0.0369148 0.612532 0.315435 -0.0372315 0.612544 0.315502 -0.0372235 0.612489 0.315694 -0.0372052 0.612614 0.316011 -0.0370197 0.612382 0.316064 -0.0369638 0.612343 0.315954 -0.0370701 0.612424 0.316153 -0.0369065 0.612371 0.315311 -0.0372346 0.61237 0.315379 -0.0372263 0.612314 0.315572 -0.0372075 0.612438 0.315896 -0.0370146 0.612204 0.31595 -0.0369566 0.612164 0.315838 -0.0370671 0.612246 0.31605 -0.0368981 0.612209 0.315187 -0.0372376 0.612196 0.315257 -0.037229 0.612139 0.315452 -0.0372098 0.612263 0.315722 -0.0370638 0.612068 0.315781 -0.0370094 0.612025 0.315946 -0.0368895 0.612047 0.315835 -0.0369492 0.611985 0.315064 -0.0372405 0.612021 0.315136 -0.0372317 0.611964 0.315331 -0.0372119 0.612087 0.315607 -0.0370604 0.611889 0.315667 -0.0370039 0.611846 0.315843 -0.0368807 0.611885 0.315721 -0.0369416 0.611806 0.314941 -0.0372434 0.611846 0.315014 -0.0372343 0.611788 0.315211 -0.037214 0.61191 0.315492 -0.0370568 0.61171 0.315552 -0.0369983 0.611667 0.31574 -0.0368717 0.611723 0.315607 -0.0369337 0.611627 0.314893 -0.0372367 0.611612 0.314818 -0.0372461 0.611671 0.315091 -0.037216 0.611734 0.315377 -0.0370531 0.611531 0.315438 -0.0369925 0.611487 0.315637 -0.0368625 0.611561 0.315494 -0.0369257 0.611447 0.314695 -0.0372488 0.611495 0.314773 -0.0372391 0.611436 0.314972 -0.0372178 0.611557 0.315263 -0.0370492 0.611352 0.31538 -0.0369175 0.611268 0.315325 -0.0369865 0.611308 0.315535 -0.0368532 0.611399 0.314573 -0.0372514 0.611319 0.314652 -0.0372414 0.611259 0.314852 -0.0372196 0.61138 0.315149 -0.0370451 0.611172 0.315267 -0.036909 0.611088 0.315211 -0.0369803 0.611128 0.315432 -0.0368437 0.611237 0.31533 -0.036834 0.611074 0.314734 -0.0372213 0.611203 0.315035 -0.0370408 0.610993 0.315154 -0.0369004 0.610908 0.315098 -0.0369739 0.610948 0.315228 -0.0368241 0.610912 0.314413 -0.0372458 0.610906 0.313376 -0.0372724 0.609546 0.313259 -0.037274 0.609367 0.313473 -0.0372596 0.60948 0.314616 -0.0372229 0.611025 0.314985 -0.0369673 0.610768 0.315042 -0.0368915 0.610728 0.314921 -0.0370364 0.610813 0.315126 -0.0368141 0.610749 0.31421 -0.0372586 0.610791 0.314294 -0.0372478 0.610728 0.314498 -0.0372244 0.610848 0.314873 -0.0369605 0.610588 0.314929 -0.0368825 0.610548 0.314808 -0.0370318 0.610633 0.315024 -0.0368039 0.610587 0.314089 -0.0372609 0.610614 0.314176 -0.0372498 0.610551 0.31438 -0.0372258 0.61067 0.31476 -0.0369535 0.610408 0.314922 -0.0367935 0.610424 0.314817 -0.0368732 0.610368 0.314696 -0.037027 0.610453 0.313969 -0.037263 0.610436 0.314057 -0.0372517 0.610373 0.314263 -0.0372271 0.610491 0.314583 -0.0370221 0.610272 0.314648 -0.0369464 0.610227 0.31482 -0.036783 0.610261 0.314705 -0.0368637 0.610188 0.31385 -0.0372651 0.610259 0.31394 -0.0372534 0.610195 0.314146 -0.0372283 0.610313 0.314471 -0.037017 0.610092 0.314537 -0.036939 0.610047 0.314719 -0.0367723 0.610098 0.314594 -0.0368541 0.610007 0.313822 -0.0372551 0.610017 0.313731 -0.0372671 0.610081 0.31403 -0.0372295 0.610134 0.31436 -0.0370117 0.609911 0.314426 -0.0369315 0.609866 0.314618 -0.0367614 0.609935 0.314483 -0.0368442 0.609827 0.314286 -0.037083 0.609961 0.313612 -0.0372689 0.609903 0.313705 -0.0372567 0.609838 0.313914 -0.0372305 0.609955 0.314248 -0.0370062 0.60973 0.314315 -0.0369237 0.609685 0.314517 -0.0367504 0.609772 0.314372 -0.0368341 0.609646 0.313494 -0.0372707 0.609725 0.313589 -0.0372582 0.609659 0.313799 -0.0372314 0.609776 0.314137 -0.0370006 0.609549 0.314261 -0.0368239 0.609465 0.314204 -0.0369158 0.609504 0.314416 -0.0367392 0.609609 0.313684 -0.0372322 0.609596 0.314027 -0.0369948 0.609368 0.314151 -0.0368134 0.609284 0.314094 -0.0369077 0.609322 0.314316 -0.0367278 0.609445 0.314215 -0.0367163 0.609282 0.313357 -0.037261 0.609301 0.312681 -0.0372806 0.608467 0.3129 -0.0372653 0.60858 0.312795 -0.0372795 0.608648 0.313569 -0.037233 0.609416 0.313984 -0.0368994 0.609141 0.314041 -0.0368028 0.609103 0.313917 -0.0369888 0.609186 0.314115 -0.0367047 0.609118 0.313242 -0.0372622 0.609121 0.313143 -0.0372755 0.609188 0.313455 -0.0372336 0.609236 0.313875 -0.0368909 0.608959 0.313931 -0.0367919 0.608921 0.313807 -0.0369827 0.609004 0.314015 -0.0366928 0.608955 0.313127 -0.0372633 0.608941 0.313026 -0.0372769 0.609008 0.313342 -0.0372341 0.609056 0.313766 -0.0368823 0.608778 0.313822 -0.0367809 0.60874 0.313698 -0.0369764 0.608822 0.313915 -0.0366808 0.608791 0.312911 -0.0372782 0.608828 0.313013 -0.0372644 0.608761 0.313229 -0.0372346 0.608875 0.313589 -0.0369699 0.60864 0.313657 -0.0368734 0.608595 0.313816 -0.0366687 0.608627 0.313713 -0.0367696 0.608558 0.313116 -0.0372349 0.608694 0.313481 -0.0369632 0.608458 0.313549 -0.0368644 0.608413 0.313717 -0.0366564 0.608463 0.313605 -0.0367582 0.608377 0.312786 -0.0372661 0.608399 0.312338 -0.0372686 0.607672 0.312227 -0.0372841 0.607742 0.312115 -0.0372848 0.607559 0.313373 -0.0369564 0.608275 0.313004 -0.0372351 0.608513 0.313441 -0.0368551 0.608231 0.313618 -0.0366439 0.608298 0.313496 -0.0367466 0.608195 0.312674 -0.0372669 0.608218 0.312566 -0.0372816 0.608286 0.312892 -0.0372352 0.608332 0.313265 -0.0369494 0.608093 0.313334 -0.0368457 0.608049 0.313519 -0.0366313 0.608134 0.313389 -0.0367347 0.608013 0.313185 -0.0370426 0.608144 0.312561 -0.0372676 0.608036 0.312453 -0.0372825 0.608105 0.312781 -0.0372353 0.60815 0.313158 -0.0369422 0.60791 0.313226 -0.0368361 0.607866 0.31342 -0.0366186 0.60797 0.313281 -0.0367227 0.607831 0.31234 -0.0372834 0.607923 0.31245 -0.0372681 0.607854 0.31267 -0.0372352 0.607968 0.313052 -0.0369348 0.607727 0.313174 -0.0367105 0.607648 0.31312 -0.0368263 0.607683 0.313322 -0.0366057 0.607805 0.31256 -0.037235 0.607785 0.312945 -0.0369273 0.607543 0.313067 -0.0366982 0.607466 0.313014 -0.0368163 0.6075 0.313224 -0.0365926 0.60764 0.313126 -0.0365794 0.607475 0.312228 -0.0372689 0.60749 0.312003 -0.0372853 0.607377 0.311892 -0.0372857 0.607194 0.312118 -0.0372692 0.607307 0.31245 -0.0372347 0.607603 0.312908 -0.0368061 0.607317 0.312961 -0.0366856 0.607284 0.31284 -0.0369196 0.60736 0.313028 -0.0365661 0.60731 0.312341 -0.0372344 0.60742 0.312931 -0.0365526 0.607145 0.312027 -0.0371725 0.606615 0.312241 -0.0370962 0.606734 0.312132 -0.0371746 0.606799 0.312233 -0.0372339 0.607236 0.31263 -0.0369036 0.606992 0.312526 -0.0368953 0.606808 0.312834 -0.036539 0.60698 0.312238 -0.0371766 0.606983 0.312124 -0.0372333 0.607053 0.312345 -0.0371 0.606918 0.312442 -0.0370052 0.606859 0.312737 -0.0365252 0.606814 0.312017 -0.0372326 0.606869 0.312338 -0.0369992 0.606674 0.312422 -0.0368869 0.606624 0.312641 -0.0365113 0.606649 0.312136 -0.0370923 0.606549 0.312235 -0.0369931 0.60649 0.312319 -0.0368783 0.606439 0.312386 -0.0367523 0.606399 0.312284 -0.036741 0.606214 0.311922 -0.0371703 0.60643 0.312033 -0.0370882 0.606364 0.312132 -0.0369868 0.606305 0.312217 -0.0368695 0.606254 0.311817 -0.0371679 0.606244 0.31193 -0.037084 0.606178 0.31203 -0.0369803 0.606119 0.312115 -0.0368605 0.606069 0.312181 -0.0367295 0.60603 0.235063 -0.0366828 0.608768 0.238551 -0.0366865 0.60127 0.235626 -0.0367044 0.607724 0.234459 -0.0362236 0.608549 0.238031 -0.0363127 0.600972 0.234548 -0.036355 0.608582 0.237962 -0.0361921 0.600933 0.231506 -0.0360784 0.625 0.231579 -0.0362236 0.625 0.232233 -0.0360784 0.633363 0.232398 -0.036355 0.616666 0.232304 -0.0362236 0.61665 0.233086 -0.0359235 0.637463 0.23439 -0.0360784 0.641475 0.235099 -0.0359235 0.643444 0.232304 -0.0362236 0.63335 0.231674 -0.036355 0.625 0.232398 -0.036355 0.633334 0.232511 -0.0364695 0.616686 0.234656 -0.0364695 0.608621 0.23478 -0.0365638 0.608666 0.23439 -0.0360784 0.608525 0.237907 -0.0360552 0.649098 0.237873 -0.0359235 0.649118 0.238114 -0.0364207 0.60102 0.238209 -0.0365139 0.601075 0.237909 -0.0360617 0.600903 0.237873 -0.0359235 0.600882 0.235099 -0.0359235 0.606556 0.231869 -0.0359235 0.618698 0.231458 -0.0359235 0.625 0.238315 -0.0365902 0.601135 0.234917 -0.0366355 0.608715 0.23843 -0.0366482 0.601201 0.233557 -0.0367044 0.614487 0.238675 -0.0367044 0.601341 0.232641 -0.0365638 0.616709 0.23192 -0.0365638 0.625 0.231788 -0.0364695 0.625 0.232513 -0.0367044 0.621481 0.232221 -0.0366828 0.625 0.232937 -0.0366828 0.61676 0.234917 -0.0366355 0.641285 0.232937 -0.0366828 0.63324 0.235063 -0.0366828 0.641232 0.232784 -0.0366355 0.633266 0.235626 -0.0367044 0.642276 0.238557 -0.0366879 0.648726 0.238437 -0.0366512 0.648795 0.238675 -0.0367044 0.648659 0.232784 -0.0366355 0.616734 0.232233 -0.0360784 0.616637 0.233094 -0.0359235 0.612507 0.232515 -0.0367044 0.62855 0.232066 -0.0366355 0.625 0.233564 -0.0367044 0.635537 0.232641 -0.0365638 0.633291 0.232511 -0.0364695 0.633314 0.231869 -0.0359235 0.631302 0.23478 -0.0365638 0.641334 0.234656 -0.0364695 0.641379 0.234548 -0.036355 0.641418 0.234459 -0.0362236 0.641451 0.238321 -0.0365935 0.648862 0.238211 -0.0365153 0.648924 0.238112 -0.0364187 0.648981 0.238027 -0.036307 0.64903 0.237958 -0.0361842 0.649069 0.320323 -0.0370287 0.61724 0.320896 -0.0370205 0.617454 0.320318 -0.0370502 0.617436 0.320902 -0.0369992 0.617259 0.241847 -0.0359473 0.653596 0.241975 -0.0360785 0.653638 0.2437 -0.0360998 0.654733 0.240415 -0.0360639 0.652321 0.23905 -0.036056 0.650801 0.240455 -0.0361954 0.652278 0.237958 -0.0361842 0.649069 0.239096 -0.0361862 0.650764 0.237907 -0.0360552 0.649098 0.237873 -0.0359235 0.649118 0.242108 -0.0364548 0.653445 0.242052 -0.036339 0.653525 0.240509 -0.0363205 0.65222 0.240279 -0.0359345 0.652247 0.243724 -0.0362357 0.654682 0.24558 -0.0362663 0.655532 0.245564 -0.0361276 0.655585 0.243621 -0.0359642 0.654733 0.243759 -0.0363652 0.654612 0.245604 -0.036399 0.655458 0.245556 -0.0359881 0.655617 0.245636 -0.0365203 0.655364 0.243804 -0.0364835 0.654524 0.243857 -0.0365857 0.65442 0.245674 -0.0366252 0.655253 0.243917 -0.0366683 0.654305 0.245718 -0.0367098 0.655129 0.241011 -0.0367247 0.651658 0.242493 -0.0367499 0.652908 0.240933 -0.036708 0.651776 0.244048 -0.0367673 0.654057 0.243981 -0.036729 0.654182 0.24233 -0.0366952 0.653135 0.244118 -0.0367842 0.653935 0.242412 -0.0367329 0.653022 0.23964 -0.0366929 0.650338 0.239531 -0.036656 0.650423 0.245766 -0.0367719 0.654996 0.238557 -0.0366879 0.648726 0.238675 -0.0367044 0.648659 0.23973 -0.0367095 0.650232 0.245815 -0.0368109 0.654861 0.245865 -0.0368278 0.654727 0.242007 -0.036212 0.65359 0.242175 -0.0365548 0.65335 0.24225 -0.0366357 0.653246 0.238949 -0.0359256 0.650736 0.240576 -0.0364343 0.652148 0.240655 -0.0365327 0.652065 0.240743 -0.0366122 0.651973 0.240837 -0.0366708 0.651875 0.239158 -0.0363098 0.650715 0.239235 -0.0364223 0.650654 0.239325 -0.0365195 0.650584 0.239425 -0.036598 0.650505 0.238027 -0.036307 0.64903 0.238112 -0.0364187 0.648981 0.238211 -0.0365153 0.648924 0.238321 -0.0365935 0.648862 0.238437 -0.0366512 0.648795 0.321095 -0.0369695 0.617266 0.320896 -0.0370205 0.617454 0.320902 -0.0369992 0.617259 0.271191 -0.0367035 0.661692 0.271199 -0.0368348 0.661615 0.280007 -0.0368671 0.662274 0.262529 -0.0367493 0.660257 0.27121 -0.0369547 0.661517 0.2625 -0.0363414 0.660421 0.262506 -0.03648 0.660388 0.271185 -0.0365662 0.661747 0.245564 -0.0361276 0.655585 0.253979 -0.036472 0.65828 0.253966 -0.0363339 0.658334 0.245556 -0.0359881 0.655617 0.24558 -0.0362663 0.655532 0.280003 -0.0367386 0.662351 0.253958 -0.0361948 0.658366 0.28 -0.0365999 0.662409 0.279997 -0.0364542 0.662445 0.271179 -0.0364279 0.661781 0.280011 -0.0369824 0.662178 0.271223 -0.0370586 0.661401 0.280015 -0.0370821 0.662066 0.271237 -0.0371426 0.661271 0.28002 -0.0371636 0.66194 0.262618 -0.0371196 0.659779 0.262645 -0.0371586 0.659639 0.271268 -0.0372435 0.660991 0.280025 -0.0372261 0.661804 0.254123 -0.0369755 0.657733 0.254161 -0.0370145 0.657595 0.259312 -0.0371068 0.658547 0.245815 -0.0368109 0.654861 0.245865 -0.0368278 0.654727 0.252588 -0.0369673 0.656637 0.28003 -0.0372669 0.661659 0.271252 -0.0372044 0.661133 0.280035 -0.0372865 0.661511 0.27309 -0.0372426 0.660707 0.262547 -0.0368695 0.660159 0.262516 -0.0366177 0.660333 0.262569 -0.0369736 0.660045 0.262593 -0.0370577 0.659916 0.245766 -0.0367719 0.654996 0.266146 -0.0371986 0.659904 0.253998 -0.0366041 0.658204 0.254023 -0.0367248 0.658108 0.245604 -0.036399 0.655458 0.254053 -0.0368292 0.657995 0.245636 -0.0365203 0.655364 0.254086 -0.0369135 0.657868 0.245674 -0.0366252 0.655253 0.245718 -0.0367098 0.655129 0.322665 -0.0369465 0.630353 0.322769 -0.0369084 0.630636 0.321971 -0.0369377 0.631716 0.321095 -0.0369695 0.632734 0.320896 -0.0370205 0.632546 0.32187 -0.03698 0.631425 0.324042 -0.0368611 0.628277 0.324242 -0.036879 0.626868 0.324421 -0.0368473 0.62699 0.323835 -0.0368965 0.628144 0.323469 -0.0368824 0.629491 0.323273 -0.0369206 0.629382 0.324241 -0.0368791 0.623127 0.32442 -0.0368476 0.623012 0.324669 -0.0368384 0.624333 0.324444 -0.0368703 0.624375 0.324633 -0.0368396 0.625668 0.324474 -0.036869 0.625613 0.322669 -0.0369463 0.61965 0.323472 -0.036883 0.62051 0.323292 -0.0369198 0.62066 0.324017 -0.0368627 0.621735 0.323841 -0.0368963 0.621826 0.321872 -0.0369799 0.618577 0.32277 -0.0369088 0.619364 0.32197 -0.0369379 0.618285 0.320896 -0.0370205 0.617454 0.321095 -0.0369695 0.617266 0.286437 -0.0370821 0.661504 0.286456 -0.0369823 0.661614 0.283226 -0.0369811 0.662025 0.28324 -0.0367303 0.6622 0.283234 -0.0368613 0.662123 0.286473 -0.0368668 0.661708 0.28 -0.0365999 0.662409 0.283245 -0.0365933 0.662255 0.286486 -0.0367384 0.661784 0.286496 -0.0366001 0.661841 0.280003 -0.0367386 0.662351 0.279997 -0.0364542 0.662445 0.286502 -0.0364544 0.661876 0.283263 -0.0364592 0.662297 0.280011 -0.0369824 0.662178 0.283216 -0.0370848 0.661909 0.28002 -0.0371636 0.66194 0.283206 -0.0371687 0.661779 0.280025 -0.0372261 0.661804 0.283194 -0.0372306 0.661641 0.286415 -0.0371641 0.66138 0.286366 -0.0372675 0.661103 0.283183 -0.0372698 0.661499 0.283199 -0.0372868 0.661366 0.286391 -0.0372263 0.661245 0.28003 -0.0372669 0.661659 0.280035 -0.0372865 0.661511 0.28634 -0.0372865 0.660957 0.280007 -0.0368671 0.662274 0.280015 -0.0370821 0.662066 0.320896 -0.0370205 0.632546 0.321095 -0.0369695 0.632734 0.320902 -0.0369991 0.632741 0.308478 -0.0366177 0.649249 0.303913 -0.0364543 0.653815 0.303886 -0.0366177 0.653783 0.286496 -0.0366001 0.661841 0.292729 -0.0366177 0.660171 0.286502 -0.0364544 0.661876 0.298605 -0.0364543 0.657496 0.298584 -0.0366177 0.65746 0.29855 -0.0367717 0.6574 0.292706 -0.0367717 0.660106 0.286486 -0.0367384 0.661784 0.30851 -0.0364543 0.649276 0.312229 -0.0365924 0.643998 0.308354 -0.036912 0.649144 0.312115 -0.0368605 0.643931 0.308425 -0.0367717 0.649204 0.312258 -0.0364543 0.644015 0.31203 -0.0369803 0.643881 0.308266 -0.0370345 0.649068 0.31193 -0.037084 0.643822 0.308163 -0.0371357 0.648981 0.303526 -0.0372128 0.653349 0.303424 -0.0372635 0.653225 0.307926 -0.0372635 0.648779 0.299995 -0.0372865 0.65555 0.298224 -0.0372635 0.656831 0.290811 -0.0372865 0.659874 0.29511 -0.0372865 0.658238 0.292482 -0.0372635 0.659489 0.298304 -0.0372128 0.65697 0.308048 -0.0372128 0.648883 0.311817 -0.0371679 0.643756 0.286366 -0.0372675 0.661103 0.28634 -0.0372865 0.660957 0.311698 -0.0372298 0.643685 0.311453 -0.0372865 0.643541 0.311575 -0.037269 0.643613 0.308263 -0.0372865 0.648114 0.312181 -0.0367295 0.64397 0.303782 -0.036912 0.653657 0.303842 -0.0367717 0.653729 0.303708 -0.0370345 0.653568 0.303622 -0.0371357 0.653464 0.304414 -0.0372865 0.652148 0.292743 -0.0364543 0.66021 0.298503 -0.036912 0.657318 0.298446 -0.0370345 0.657218 0.298379 -0.0371357 0.6571 0.292674 -0.036912 0.660017 0.292634 -0.0370345 0.659908 0.292588 -0.0371357 0.659782 0.292537 -0.0372128 0.65964 0.286473 -0.0368668 0.661708 0.286456 -0.0369823 0.661614 0.286437 -0.0370821 0.661504 0.286415 -0.0371641 0.66138 0.286391 -0.0372263 0.661245 0.320902 -0.0369991 0.632741 0.320318 -0.0370501 0.632564 0.320896 -0.0370205 0.632546 0.320323 -0.0370288 0.63276 0.31191 -0.0372317 0.643316 0.312017 -0.0372326 0.643131 0.312132 -0.0371746 0.643201 0.320112 -0.037059 0.632634 0.320108 -0.0370603 0.632612 0.320318 -0.0370501 0.632564 0.312136 -0.0370923 0.643451 0.312033 -0.0370882 0.643636 0.311922 -0.0371703 0.64357 0.312008 -0.0372694 0.642877 0.311782 -0.0372861 0.642989 0.311892 -0.0372857 0.642806 0.311803 -0.0372308 0.6435 0.311698 -0.0372298 0.643685 0.311575 -0.037269 0.643613 0.311672 -0.0372863 0.643173 0.31179 -0.0372694 0.643244 0.311562 -0.0372865 0.643357 0.311682 -0.0372693 0.643428 0.311453 -0.0372865 0.643541 0.311899 -0.0372694 0.64306 0.312238 -0.0371766 0.643017 0.312451 -0.0371036 0.642898 0.312345 -0.0371 0.643082 0.312232 -0.0372339 0.642764 0.312341 -0.0372344 0.642581 0.312452 -0.0371803 0.642649 0.312559 -0.0371819 0.642466 0.31245 -0.0372347 0.642398 0.31256 -0.037235 0.642215 0.312668 -0.0371834 0.642283 0.31297 -0.0370327 0.642222 0.313051 -0.0369348 0.642274 0.312863 -0.0370275 0.642406 0.31277 -0.0371137 0.642347 0.312663 -0.0371105 0.64253 0.312877 -0.0371168 0.642164 0.312985 -0.0371198 0.641981 0.312776 -0.0371848 0.6421 0.313327 -0.0371901 0.641191 0.313115 -0.0372349 0.641307 0.313228 -0.0372346 0.641126 0.313202 -0.0371253 0.641616 0.313094 -0.0371226 0.641798 0.312995 -0.0371873 0.641736 0.313568 -0.037233 0.640586 0.313663 -0.0371919 0.640648 0.313454 -0.0372336 0.640766 0.313422 -0.0371303 0.641252 0.313532 -0.0371326 0.641071 0.313776 -0.0371923 0.640468 0.313977 -0.0371405 0.640347 0.313865 -0.0371388 0.640528 0.313643 -0.0371348 0.64089 0.31355 -0.0371914 0.640829 0.313754 -0.0371368 0.640709 0.314347 -0.0371926 0.639571 0.314144 -0.0372284 0.639691 0.314261 -0.0372272 0.639512 0.314203 -0.0371437 0.639987 0.31409 -0.0371422 0.640167 0.314003 -0.0371928 0.640109 0.314612 -0.037223 0.638979 0.314694 -0.0371915 0.639036 0.314495 -0.0372244 0.639157 0.31443 -0.0371464 0.639628 0.314544 -0.0371476 0.639449 0.314888 -0.0371502 0.638912 0.314811 -0.0371909 0.638858 0.315004 -0.0371509 0.638734 0.315145 -0.0370449 0.638833 0.314962 -0.0370999 0.638964 0.315077 -0.0371022 0.638785 0.315399 -0.0371864 0.637972 0.315206 -0.0372141 0.638096 0.315326 -0.037212 0.63792 0.315236 -0.0371518 0.638378 0.31512 -0.0371514 0.638556 0.315045 -0.0371894 0.638503 0.315705 -0.0371522 0.637669 0.315637 -0.0371838 0.63762 0.315823 -0.037152 0.637492 0.31547 -0.0371522 0.638023 0.315587 -0.0371523 0.637846 0.315941 -0.0371516 0.637316 0.315876 -0.0371808 0.637268 0.31606 -0.0371512 0.637139 0.316053 -0.0371978 0.636871 0.316117 -0.0371775 0.636918 0.315931 -0.0372004 0.637045 0.316482 -0.0371715 0.636395 0.316299 -0.0371923 0.636523 0.316423 -0.0371894 0.63635 0.316299 -0.0371499 0.636788 0.316179 -0.0371506 0.636964 0.316784 -0.0371456 0.636091 0.316729 -0.0371669 0.636049 0.316907 -0.0371442 0.635918 0.31654 -0.037148 0.636439 0.316661 -0.0371469 0.636265 0.317031 -0.0371426 0.635746 0.316979 -0.0371619 0.635706 0.317156 -0.0371409 0.635575 0.316927 -0.0371766 0.635665 0.317055 -0.0371731 0.635495 0.317106 -0.0371591 0.635535 0.317281 -0.037139 0.635404 0.317233 -0.0371563 0.635365 0.317408 -0.037137 0.635234 0.317454 -0.037117 0.635271 0.31758 -0.037116 0.635101 0.317623 -0.0370938 0.635137 0.317361 -0.0371532 0.635196 0.317536 -0.0371348 0.635065 0.317749 -0.037094 0.634967 0.317707 -0.0371148 0.634932 0.317754 -0.0371433 0.634693 0.317578 -0.0371578 0.634823 0.317712 -0.0371537 0.634658 0.317491 -0.0371501 0.635027 0.317665 -0.0371324 0.634896 0.317847 -0.0371493 0.634493 0.317887 -0.0371397 0.634527 0.317795 -0.0371299 0.634729 0.317622 -0.0371468 0.63486 0.317984 -0.0371449 0.634329 0.318022 -0.0371359 0.634363 0.317927 -0.0371271 0.634562 0.31816 -0.0371318 0.6342 0.318124 -0.0371402 0.634167 0.31806 -0.0371242 0.634397 0.318266 -0.0371353 0.634007 0.3183 -0.0371276 0.634039 0.318196 -0.0371211 0.634233 0.31841 -0.0371302 0.63385 0.318442 -0.0371231 0.633881 0.318333 -0.0371177 0.634071 0.318558 -0.0371248 0.633696 0.318588 -0.0371184 0.633726 0.318474 -0.037114 0.633913 0.318737 -0.0371133 0.633575 0.318709 -0.0371192 0.633545 0.318617 -0.0371101 0.633757 0.319046 -0.0371023 0.633284 0.318864 -0.0371133 0.633398 0.319023 -0.037107 0.633256 0.318889 -0.037108 0.633427 0.319091 -0.0370891 0.633339 0.319113 -0.0370805 0.633366 0.318939 -0.0370931 0.633484 0.318764 -0.0371059 0.633604 0.319247 -0.0370846 0.633201 0.319267 -0.037077 0.633227 0.318914 -0.0371013 0.633455 0.319409 -0.0370795 0.633071 0.319426 -0.037073 0.633097 0.319068 -0.0370963 0.633311 0.319591 -0.0370682 0.632978 0.319577 -0.0370738 0.632953 0.319228 -0.0370909 0.633174 0.319753 -0.0370674 0.632848 0.319764 -0.0370627 0.632872 0.319208 -0.0370962 0.633147 0.319392 -0.0370851 0.633046 0.319549 -0.0370826 0.632903 0.319741 -0.0370715 0.632824 0.319563 -0.0370786 0.632928 0.319375 -0.0370897 0.63302 0.317498 -0.0370934 0.635308 0.317329 -0.0371178 0.635442 0.317184 -0.0371694 0.635326 0.316854 -0.0371645 0.635877 0.317314 -0.0371657 0.635157 0.3168 -0.0371799 0.635835 0.316673 -0.0371832 0.636006 0.316548 -0.0371863 0.636178 0.316605 -0.0371693 0.636222 0.316419 -0.037149 0.636613 0.316238 -0.0371756 0.636743 0.31636 -0.0371736 0.636569 0.315996 -0.0371792 0.637093 0.316176 -0.0371951 0.636697 0.316297 -0.0370782 0.637052 0.316122 -0.0371165 0.637185 0.316239 -0.0371174 0.637009 0.316414 -0.0370806 0.636875 0.316358 -0.0371181 0.636832 0.315809 -0.0372029 0.637219 0.315756 -0.0371824 0.637444 0.315567 -0.0372076 0.637569 0.315688 -0.0372053 0.637394 0.315446 -0.0372099 0.637745 0.315518 -0.0371851 0.637796 0.315353 -0.0371521 0.6382 0.315163 -0.0371885 0.638326 0.315281 -0.0371875 0.638149 0.314928 -0.0371902 0.63868 0.315087 -0.037216 0.638272 0.315259 -0.037049 0.638654 0.315192 -0.0371044 0.638606 0.315373 -0.037053 0.638475 0.315307 -0.0371064 0.638428 0.314658 -0.0371486 0.63927 0.314578 -0.037192 0.639214 0.314773 -0.0371495 0.639091 0.31473 -0.0372214 0.638802 0.314849 -0.0372197 0.638625 0.314462 -0.0371923 0.639392 0.314377 -0.0372258 0.639334 0.314316 -0.0371451 0.639807 0.314117 -0.0371928 0.639929 0.314232 -0.0371928 0.63975 0.313912 -0.0372305 0.640048 0.314028 -0.0372295 0.639869 0.314246 -0.0370061 0.640273 0.31406 -0.0370761 0.640403 0.314172 -0.0370796 0.640222 0.313889 -0.0371926 0.640288 0.313949 -0.0370724 0.640584 0.314136 -0.0370005 0.640454 0.313839 -0.0370686 0.640765 0.314025 -0.0369947 0.640635 0.313438 -0.0371908 0.64101 0.313682 -0.0372322 0.640406 0.313341 -0.0372341 0.640946 0.313312 -0.0371279 0.641434 0.313105 -0.0371883 0.641554 0.313216 -0.0371893 0.641372 0.312891 -0.0372352 0.641669 0.313003 -0.0372351 0.641488 0.31278 -0.0372353 0.641851 0.312885 -0.0371861 0.641918 0.313158 -0.0369422 0.642091 0.313077 -0.0370377 0.642039 0.312945 -0.0369273 0.642457 0.312757 -0.0370222 0.642589 0.312557 -0.0371071 0.642714 0.312345 -0.0371785 0.642833 0.312124 -0.0372333 0.642947 0.312241 -0.0370962 0.643267 0.31193 -0.037084 0.643822 0.311817 -0.0371679 0.643756 0.312027 -0.0371725 0.643386 0.31203 -0.0369803 0.643881 0.312132 -0.0369868 0.643696 0.312217 -0.0368695 0.643746 0.312284 -0.036741 0.643786 0.312115 -0.0368605 0.643931 0.312332 -0.0366063 0.643815 0.312229 -0.0365924 0.643998 0.312181 -0.0367295 0.64397 0.312258 -0.0364543 0.644015 0.312353 -0.0364693 0.643849 0.312117 -0.0372692 0.642694 0.312003 -0.0372853 0.642623 0.312235 -0.0369931 0.643511 0.312319 -0.0368783 0.643561 0.312422 -0.0368869 0.643377 0.312436 -0.0366199 0.643631 0.312386 -0.0367523 0.643601 0.312448 -0.0364842 0.643683 0.312228 -0.0372689 0.642511 0.312115 -0.0372848 0.642441 0.312338 -0.0369992 0.643326 0.312526 -0.0368953 0.643192 0.31254 -0.0366334 0.643448 0.31249 -0.0367634 0.643418 0.312544 -0.0364989 0.643517 0.312338 -0.0372686 0.642328 0.312227 -0.0372841 0.642258 0.312442 -0.0370052 0.643141 0.31263 -0.0369036 0.643008 0.312645 -0.0366467 0.643265 0.312594 -0.0367744 0.643234 0.31264 -0.0365134 0.643351 0.312449 -0.0372681 0.642146 0.31234 -0.0372834 0.642077 0.312698 -0.0367851 0.64305 0.312734 -0.0369117 0.642824 0.312547 -0.037011 0.642957 0.312737 -0.0365278 0.643185 0.31275 -0.0366599 0.643082 0.312561 -0.0372676 0.641965 0.312453 -0.0372825 0.641895 0.312803 -0.0367957 0.642867 0.312652 -0.0370167 0.642773 0.31284 -0.0369195 0.642641 0.312833 -0.036542 0.64302 0.312855 -0.0366728 0.642899 0.312566 -0.0372816 0.641714 0.312673 -0.0372669 0.641783 0.312908 -0.0368061 0.642684 0.31293 -0.036556 0.642854 0.312961 -0.0366856 0.642717 0.312786 -0.0372662 0.641602 0.312681 -0.0372806 0.641533 0.313013 -0.0368162 0.6425 0.313027 -0.0365698 0.642689 0.313067 -0.0366981 0.642534 0.312899 -0.0372653 0.641421 0.312795 -0.0372795 0.641352 0.31267 -0.0372352 0.642033 0.31312 -0.0368262 0.642318 0.313125 -0.0365835 0.642524 0.313174 -0.0367105 0.642352 0.313012 -0.0372644 0.641241 0.312911 -0.0372782 0.641172 0.313226 -0.036836 0.642135 0.313281 -0.0367227 0.64217 0.313223 -0.036597 0.642359 0.313127 -0.0372633 0.641061 0.313026 -0.0372769 0.640992 0.313184 -0.0370426 0.641857 0.313265 -0.0369493 0.641908 0.313333 -0.0368456 0.641952 0.313388 -0.0367347 0.641988 0.313419 -0.0366235 0.64203 0.31332 -0.0366104 0.642194 0.313241 -0.0372622 0.640881 0.313143 -0.0372755 0.640812 0.313292 -0.0370473 0.641674 0.313372 -0.0369563 0.641726 0.31344 -0.0368551 0.64177 0.313496 -0.0367465 0.641806 0.313517 -0.0366365 0.641865 0.313356 -0.037261 0.640701 0.313259 -0.037274 0.640633 0.313401 -0.0370519 0.641492 0.31348 -0.0369632 0.641543 0.313588 -0.0369698 0.641361 0.313604 -0.0367581 0.641625 0.313548 -0.0368643 0.641588 0.313616 -0.0366493 0.641701 0.313471 -0.0372597 0.640522 0.313376 -0.0372724 0.640454 0.313509 -0.0370563 0.64131 0.313697 -0.0369763 0.641179 0.313712 -0.0367695 0.641443 0.313656 -0.0368733 0.641406 0.313715 -0.036662 0.641536 0.313587 -0.0372582 0.640343 0.313494 -0.0372707 0.640275 0.313765 -0.0368822 0.641224 0.313806 -0.0369826 0.640998 0.313619 -0.0370606 0.641128 0.313814 -0.0366744 0.641372 0.313821 -0.0367807 0.641262 0.313704 -0.0372567 0.640164 0.313612 -0.0372689 0.640097 0.313874 -0.0368908 0.641043 0.313728 -0.0370647 0.640946 0.313916 -0.0369888 0.640816 0.313913 -0.0366867 0.641208 0.31393 -0.0367918 0.64108 0.313731 -0.0372671 0.639919 0.31382 -0.0372551 0.639986 0.313983 -0.0368993 0.640861 0.314013 -0.0366988 0.641044 0.31404 -0.0368026 0.640899 0.313937 -0.0372535 0.639808 0.31385 -0.0372651 0.639741 0.314093 -0.0369076 0.64068 0.314113 -0.0367108 0.64088 0.314149 -0.0368133 0.640719 0.314055 -0.0372517 0.63963 0.313969 -0.037263 0.639564 0.313797 -0.0372314 0.640227 0.314203 -0.0369157 0.640499 0.314213 -0.0367225 0.640717 0.31426 -0.0368237 0.640538 0.314173 -0.0372498 0.639453 0.314089 -0.0372609 0.639386 0.314313 -0.0369236 0.640318 0.31437 -0.036834 0.640357 0.314313 -0.0367341 0.640553 0.314291 -0.0372479 0.639276 0.31421 -0.0372586 0.639209 0.314284 -0.0370829 0.640042 0.314358 -0.0370116 0.640092 0.314424 -0.0369313 0.640137 0.314481 -0.036844 0.640177 0.314413 -0.0367455 0.64039 0.314514 -0.0367567 0.640226 0.31441 -0.0372458 0.639099 0.314331 -0.0372563 0.639033 0.314396 -0.0370861 0.639862 0.314469 -0.0370169 0.639912 0.314535 -0.0369389 0.639957 0.314592 -0.0368539 0.639996 0.314615 -0.0367678 0.640063 0.314529 -0.0372437 0.638922 0.314452 -0.0372539 0.638857 0.314508 -0.0370892 0.639682 0.314581 -0.037022 0.639732 0.314693 -0.0370269 0.639551 0.314703 -0.0368635 0.639816 0.314646 -0.0369462 0.639777 0.314716 -0.0367786 0.6399 0.314649 -0.0372415 0.638746 0.314573 -0.0372514 0.638681 0.314621 -0.0370921 0.639502 0.314806 -0.0370317 0.639372 0.314815 -0.036873 0.639636 0.314758 -0.0369533 0.639596 0.314817 -0.0367893 0.639737 0.314769 -0.0372392 0.63857 0.314695 -0.0372488 0.638505 0.31487 -0.0369603 0.639416 0.314918 -0.0370363 0.639192 0.314735 -0.0370948 0.639322 0.314919 -0.0367998 0.639574 0.314927 -0.0368822 0.639456 0.314889 -0.0372368 0.638394 0.314818 -0.0372461 0.638329 0.314982 -0.0369671 0.639237 0.314848 -0.0370974 0.639143 0.315032 -0.0370407 0.639012 0.31502 -0.0368101 0.639411 0.315039 -0.0368913 0.639276 0.31501 -0.0372343 0.638218 0.31494 -0.0372434 0.638154 0.315095 -0.0369737 0.639057 0.315122 -0.0368202 0.639249 0.315151 -0.0369001 0.639097 0.315131 -0.0372318 0.638043 0.315064 -0.0372405 0.637979 0.315208 -0.0369801 0.638877 0.315224 -0.0368302 0.639086 0.315264 -0.0369088 0.638917 0.315253 -0.0372291 0.637868 0.315187 -0.0372376 0.637804 0.314968 -0.0372179 0.638449 0.315321 -0.0369863 0.638698 0.315326 -0.0368399 0.638924 0.315377 -0.0369172 0.638738 0.315374 -0.0372264 0.637693 0.315311 -0.0372346 0.63763 0.315434 -0.0369923 0.638519 0.31549 -0.0369254 0.638559 0.315531 -0.0368589 0.638599 0.315428 -0.0368495 0.638761 0.315497 -0.0372236 0.637519 0.315435 -0.0372315 0.637456 0.315422 -0.0371083 0.63825 0.315488 -0.0370567 0.638297 0.315548 -0.0369981 0.63834 0.315603 -0.0369334 0.63838 0.315634 -0.0368681 0.638437 0.315619 -0.0372207 0.637344 0.315559 -0.0372284 0.637282 0.315538 -0.03711 0.638072 0.315602 -0.0370603 0.638118 0.315717 -0.0370637 0.63794 0.315717 -0.0369413 0.638201 0.315662 -0.0370037 0.638161 0.315736 -0.0368771 0.638275 0.315742 -0.0372177 0.63717 0.315684 -0.0372251 0.637108 0.315654 -0.0371116 0.637894 0.315833 -0.0370669 0.637762 0.315831 -0.0369489 0.638022 0.315776 -0.0370092 0.637983 0.315839 -0.036886 0.638113 0.315865 -0.0372147 0.636997 0.31581 -0.0372218 0.636935 0.315771 -0.0371131 0.637716 0.315948 -0.03707 0.637584 0.315945 -0.0369563 0.637844 0.315891 -0.0370144 0.637804 0.315943 -0.0368946 0.637951 0.315989 -0.0372115 0.636823 0.315936 -0.0372184 0.636762 0.316006 -0.0370195 0.637626 0.316064 -0.0370729 0.637406 0.315887 -0.0371144 0.637539 0.316046 -0.0369031 0.637789 0.316059 -0.0369635 0.637665 0.316062 -0.0372149 0.636589 0.316113 -0.0372083 0.63665 0.316121 -0.0370243 0.637448 0.316004 -0.0371155 0.637362 0.316181 -0.0370756 0.637229 0.316149 -0.0369113 0.637627 0.316173 -0.0369704 0.637487 0.316238 -0.0372049 0.636478 0.316189 -0.0372113 0.636417 0.316236 -0.037029 0.63727 0.316253 -0.0369194 0.637465 0.316288 -0.0369772 0.637309 0.316364 -0.0372015 0.636306 0.316317 -0.0372076 0.636245 0.316352 -0.0370334 0.637093 0.316357 -0.0369273 0.637304 0.316403 -0.0369837 0.637131 0.31649 -0.0371979 0.636134 0.316445 -0.0372037 0.636074 0.316468 -0.0370377 0.636915 0.316532 -0.0370828 0.636699 0.316461 -0.036935 0.637142 0.316519 -0.03699 0.636954 0.316617 -0.0371943 0.635963 0.316575 -0.0371998 0.635904 0.316477 -0.0371186 0.636657 0.316585 -0.0370418 0.636739 0.316634 -0.0369961 0.636776 0.31667 -0.0369498 0.63682 0.316565 -0.0369425 0.636981 0.316745 -0.0371905 0.635793 0.316705 -0.0371958 0.635734 0.316596 -0.037119 0.636481 0.31665 -0.0370848 0.636523 0.316702 -0.0370456 0.636562 0.316751 -0.037002 0.6366 0.316775 -0.0369568 0.63666 0.316874 -0.0371866 0.635623 0.316836 -0.0371917 0.635565 0.316716 -0.0371192 0.636307 0.316769 -0.0370866 0.636347 0.316889 -0.0370882 0.636172 0.316868 -0.0370076 0.636423 0.31682 -0.0370492 0.636386 0.316881 -0.0369637 0.636499 0.317004 -0.0371827 0.635454 0.316967 -0.0371875 0.635396 0.316837 -0.0371193 0.636132 0.317009 -0.0370897 0.635998 0.316985 -0.037013 0.636248 0.316938 -0.0370527 0.636211 0.316987 -0.0369704 0.636339 0.317135 -0.0371786 0.635286 0.3171 -0.0371831 0.635229 0.316959 -0.0371192 0.635959 0.31713 -0.0370909 0.635824 0.317103 -0.0370181 0.636072 0.317057 -0.0370559 0.636036 0.317093 -0.0369768 0.636179 0.317267 -0.0371743 0.635119 0.317234 -0.0371786 0.635062 0.317177 -0.0370588 0.635862 0.317252 -0.0370919 0.635651 0.317081 -0.0371189 0.635786 0.317201 -0.036983 0.63602 0.317222 -0.0370229 0.635898 0.3174 -0.03717 0.634952 0.317369 -0.037174 0.634896 0.317298 -0.0370615 0.635688 0.317204 -0.0371184 0.635613 0.317375 -0.0370928 0.635479 0.317308 -0.036989 0.635861 0.317342 -0.0370276 0.635723 0.317534 -0.0371655 0.634787 0.317506 -0.0371693 0.634731 0.317419 -0.037064 0.635515 0.317417 -0.0369948 0.635702 0.317462 -0.0370319 0.63555 0.31767 -0.0371609 0.634622 0.317644 -0.0371645 0.634567 0.317541 -0.0370663 0.635343 0.317526 -0.0370003 0.635544 0.317583 -0.037036 0.635377 0.317807 -0.0371561 0.634458 0.317783 -0.0371595 0.634405 0.317446 -0.0371618 0.63499 0.317665 -0.0370683 0.635172 0.317636 -0.0370056 0.635386 0.317705 -0.0370398 0.635206 0.317946 -0.0371512 0.634295 0.317924 -0.0371543 0.634244 0.317789 -0.0370701 0.635001 0.317828 -0.0370434 0.635035 0.317857 -0.0370155 0.635073 0.317746 -0.0370106 0.635229 0.318088 -0.0371461 0.634134 0.318066 -0.037149 0.634085 0.317836 -0.0371134 0.634764 0.317875 -0.0370939 0.634798 0.317914 -0.0370716 0.634832 0.317952 -0.0370466 0.634864 0.31797 -0.03702 0.634917 0.318232 -0.0371408 0.633975 0.318212 -0.0371435 0.633928 0.317965 -0.0371118 0.634596 0.318004 -0.0370937 0.63463 0.318133 -0.0370932 0.634463 0.318077 -0.0370496 0.634695 0.318041 -0.0370729 0.634663 0.318083 -0.0370243 0.634761 0.318379 -0.0371352 0.633819 0.318359 -0.0371378 0.633773 0.318097 -0.03711 0.63443 0.318265 -0.0370924 0.634298 0.318204 -0.0370523 0.634526 0.318169 -0.0370739 0.634495 0.318197 -0.0370284 0.634607 0.318528 -0.0371295 0.633665 0.31851 -0.0371318 0.633621 0.318231 -0.0371079 0.634266 0.318399 -0.0370913 0.634134 0.318332 -0.0370546 0.63436 0.318299 -0.0370746 0.634329 0.318313 -0.0370321 0.634453 0.318682 -0.0371234 0.633516 0.318665 -0.0371256 0.633473 0.318431 -0.0370749 0.634165 0.318536 -0.0370899 0.633974 0.318367 -0.0371056 0.634103 0.31843 -0.0370355 0.634302 0.318463 -0.0370565 0.634195 0.318839 -0.0371171 0.63337 0.318823 -0.0371191 0.633329 0.318566 -0.0370749 0.634004 0.318505 -0.0371029 0.633943 0.318675 -0.0370881 0.633816 0.31855 -0.0370386 0.634151 0.318596 -0.0370581 0.634033 0.319001 -0.0371104 0.633228 0.318986 -0.0371122 0.633191 0.318703 -0.0370745 0.633846 0.318646 -0.0371 0.633787 0.318817 -0.037086 0.633662 0.318672 -0.0370413 0.634003 0.318731 -0.0370592 0.633874 0.319154 -0.037105 0.633059 0.319168 -0.0371034 0.633094 0.318844 -0.0370737 0.633691 0.318791 -0.0370967 0.633633 0.318963 -0.0370835 0.633512 0.318796 -0.0370436 0.633856 0.318869 -0.0370599 0.633719 0.319341 -0.0370959 0.632968 0.319329 -0.0370973 0.632935 0.318987 -0.0370725 0.63354 0.318924 -0.0370455 0.633712 0.319011 -0.0370601 0.633567 0.31952 -0.0370879 0.632853 0.319511 -0.0370891 0.632822 0.319134 -0.0370707 0.633393 0.319054 -0.037047 0.633571 0.319156 -0.0370597 0.63342 0.319708 -0.0370794 0.632752 0.319701 -0.0370803 0.632723 0.319188 -0.0371004 0.633121 0.319286 -0.0370684 0.633253 0.319188 -0.037048 0.633433 0.319305 -0.0370588 0.633279 0.319904 -0.0370701 0.632669 0.319899 -0.0370709 0.632644 0.319358 -0.0370933 0.632994 0.319443 -0.0370655 0.633123 0.319459 -0.0370571 0.633148 0.319472 -0.037048 0.633174 0.319327 -0.0370483 0.633301 0.320105 -0.0370609 0.632591 0.319534 -0.0370857 0.632878 0.319605 -0.0370618 0.633003 0.319619 -0.0370545 0.633027 0.319624 -0.0370468 0.633056 0.319719 -0.0370775 0.632776 0.31973 -0.0370748 0.6328 0.319775 -0.0370572 0.632896 0.319786 -0.0370511 0.63292 0.319784 -0.0370445 0.63295 0.319928 -0.0370636 0.632739 0.319912 -0.0370686 0.632692 0.31992 -0.0370664 0.632716 0.319951 -0.0370516 0.632809 0.319943 -0.0370562 0.632786 0.319959 -0.0370464 0.632832 0.319936 -0.0370602 0.632762 0.319954 -0.037041 0.632859 0.320117 -0.0370572 0.632657 0.320138 -0.0370404 0.632769 0.320129 -0.0370487 0.632724 0.320134 -0.0370449 0.632747 0.320134 -0.0370358 0.632793 0.320323 -0.0370288 0.63276 0.32555 -0.0229683 0.653446 0.32568 -0.0229045 0.653367 0.32568 -0.0177811 0.65683 0.325791 -0.00915639 0.589834 0.325791 -0.0149677 0.591888 0.32568 -0.00918697 0.589717 0.32568 -0.0121461 0.659377 0.32555 -0.0178306 0.656918 0.325791 -0.0177219 0.656724 0.325791 -0.0121056 0.659262 0.325406 8.97417e-18 0.66164 0.325251 -4.88862e-17 0.661694 0.325251 -0.00603964 0.661194 0.325791 -0.00614116 0.660815 0.325406 -0.00619216 0.661113 0.325251 -0.0119145 0.659706 0.32588 -0.00611785 0.660679 0.32588 -0.0120597 0.659132 0.325946 -0.00609237 0.660531 0.32568 -0.00616167 0.660935 0.32568 8.92998e-18 0.661459 0.32555 -0.00617882 0.661035 0.32555 8.95484e-18 0.661561 0.325251 0.00603964 0.661194 0.325406 0.00619216 0.661113 0.325791 4.11749e-17 0.661338 0.325406 -0.0122062 0.659547 0.32588 4.10186e-17 0.6612 0.325946 4.08478e-17 0.661049 0.326 -2.15167e-17 0.660726 0.325986 4.06671e-17 0.66089 0.325986 -0.00606542 0.660374 0.32555 -0.0274453 0.649155 0.32568 -0.0273691 0.649088 0.325791 -0.0228283 0.653272 0.32555 -0.0311327 0.644169 0.32568 -0.0310462 0.644116 0.325406 0.0230179 0.653507 0.325406 0.0275045 0.649207 0.325251 0.0269967 0.649852 0.32568 -0.0338303 0.638594 0.32555 -0.0339245 0.638632 0.325791 -0.027278 0.649008 0.325791 -0.0309429 0.644052 0.32555 -0.0357403 0.632703 0.32568 -0.0356411 0.632681 0.32568 -0.0364266 0.626547 0.32555 -0.036528 0.626552 0.325791 -0.0337177 0.638549 0.32555 -0.0362648 0.620356 0.32568 -0.0361641 0.620369 0.325791 -0.0355224 0.632656 0.32555 -0.0349583 0.614294 0.32568 -0.0348613 0.614324 0.325791 -0.0363053 0.626542 0.32568 -0.0325555 0.608586 0.32555 -0.0326462 0.60854 0.325791 -0.0360437 0.620384 0.32568 -0.0293133 0.60332 0.32555 -0.0293949 0.60326 0.325791 -0.0347452 0.614359 0.32555 -0.0252979 0.598605 0.32568 -0.0252277 0.598678 0.325791 -0.0324472 0.60864 0.32555 -0.0204732 0.594709 0.32568 -0.0204163 0.594793 0.325791 -0.0292157 0.603392 0.32555 -0.0150595 0.591685 0.32568 -0.0150177 0.591777 0.325791 -0.0251437 0.598765 0.325791 -0.0203484 0.594894 0.32555 -0.00921255 0.589619 0.32568 0.00918697 0.589717 0.32568 0.00309197 0.588672 0.32555 0.00921255 0.589619 0.32568 0.0252277 0.598678 0.32568 0.0204163 0.594793 0.32555 0.0252979 0.598605 0.325791 0.00915639 0.589834 0.325791 0.00308168 0.588793 0.32568 0.0325555 0.608586 0.32555 0.0349583 0.614294 0.32568 0.0348613 0.614324 0.325791 0.0251437 0.598765 0.325791 0.0203484 0.594894 0.32568 0.0361641 0.620369 0.325791 0.0360437 0.620384 0.325791 0.0347452 0.614359 0.32588 0.0359069 0.620402 0.325946 0.0344692 0.614444 0.32588 0.0346134 0.6144 0.32588 0.0308255 0.64398 0.325946 0.0334498 0.638441 0.32588 0.0335897 0.638497 0.325946 0.0352403 0.632595 0.32588 0.0353876 0.632627 0.32588 0.0271744 0.648916 0.325946 0.0306971 0.643901 0.325986 0.0225467 0.652924 0.325946 0.0226469 0.653048 0.325946 0.0175811 0.656472 0.325406 0.0178691 0.656987 0.325251 0.0225379 0.653957 0.32568 0.0310462 0.644116 0.325791 0.0309429 0.644052 0.325791 0.0337177 0.638549 0.32555 0.00617882 0.661035 0.325251 0.0119145 0.659706 0.325406 0.0122062 0.659547 0.32555 0.0121799 0.659472 0.325986 0.0119563 0.65884 0.326 0.0170037 0.65642 0.325986 0.0175033 0.656332 0.32568 0.0273691 0.649088 0.325791 0.027278 0.649008 0.325986 0.00606542 0.660374 0.326 0.0058803 0.660239 0.326 0.0116002 0.65879 0.325791 0.0355224 0.632656 0.325791 0.0363053 0.626542 0.32568 0.0356411 0.632681 0.32568 0.0338303 0.638594 0.32555 0.0274453 0.649155 0.325946 0.0360169 0.62653 0.32588 0.0361675 0.626536 0.32568 0.0364266 0.626547 0.325791 0.0324472 0.60864 0.325946 0.0357574 0.620421 0.325791 0.0292157 0.603392 0.32555 0.0362648 0.620356 0.32568 0.0293133 0.60332 0.32555 0.0326462 0.60854 0.325791 0.0149677 0.591888 0.32555 0.0293949 0.60326 0.32568 0.0150177 0.591777 0.32555 0.0204732 0.594709 0.325791 -0.00308168 0.588793 0.32555 0.0150595 0.591685 0.32555 0.00310058 0.588571 0.32568 -0.00309197 0.588672 0.32555 -0.00310058 0.588571 0.325251 -0.0174644 0.657271 0.325406 -0.0178691 0.656987 0.32555 -0.0121799 0.659472 0.325986 -0.0119563 0.65884 0.325946 -0.0120095 0.65899 0.326 -0.0058803 0.660239 0.325251 -0.0225379 0.653957 0.325406 -0.0230179 0.653507 0.32588 -0.0176546 0.656603 0.325986 -0.0175033 0.656332 0.325946 -0.0175811 0.656472 0.326 -0.0116002 0.65879 0.325251 -0.0269967 0.649852 0.325406 -0.0275045 0.649207 0.32588 -0.0227416 0.653165 0.325986 -0.0225467 0.652924 0.325946 -0.0226469 0.653048 0.326 -0.0170037 0.65642 0.326 -0.0219433 0.653193 0.325251 -0.030719 0.64507 0.325406 -0.0311999 0.644211 0.32588 -0.0271744 0.648916 0.325986 -0.0269415 0.648712 0.325946 -0.0270613 0.648817 0.326 -0.0262844 0.649197 0.325251 -0.0336034 0.63974 0.325406 -0.0339977 0.638661 0.32588 -0.0308255 0.64398 0.325986 -0.0305613 0.643817 0.325946 -0.0306971 0.643901 0.326 -0.0299086 0.64454 0.325251 -0.0355712 0.634008 0.325406 -0.0358175 0.632719 0.32588 -0.0335897 0.638497 0.325986 -0.0333018 0.638382 0.325946 -0.0334498 0.638441 0.326 -0.0327169 0.639351 0.325251 -0.0365687 0.62803 0.325406 -0.0366068 0.626555 0.32588 -0.0353876 0.632627 0.325986 -0.0350843 0.632561 0.325946 -0.0352403 0.632595 0.326 -0.0346327 0.63377 0.325251 -0.0365687 0.62197 0.325406 -0.0363431 0.620346 0.32588 -0.0361675 0.626536 0.325986 -0.0358575 0.626523 0.325946 -0.0360169 0.62653 0.326 -0.0356039 0.62795 0.325251 -0.0355712 0.615992 0.325406 -0.0350338 0.614271 0.32588 -0.0359069 0.620402 0.325986 -0.0355992 0.620441 0.325946 -0.0357574 0.620421 0.326 -0.0356039 0.62205 0.325251 -0.0336034 0.61026 0.325406 -0.0327167 0.608505 0.32588 -0.0346134 0.6144 0.325986 -0.0343167 0.614491 0.325946 -0.0344692 0.614444 0.326 -0.0346327 0.61623 0.325251 -0.030719 0.60493 0.325406 -0.0294583 0.603213 0.32588 -0.032324 0.608703 0.325986 -0.032047 0.608842 0.325946 -0.0321894 0.60877 0.326 -0.0327169 0.610649 0.325251 -0.0269967 0.600148 0.325406 -0.0253525 0.598548 0.32588 -0.0291048 0.603474 0.325986 -0.0288554 0.603659 0.325946 -0.0289836 0.603564 0.326 -0.0299086 0.60546 0.325251 -0.0225379 0.596043 0.325406 -0.0205174 0.594644 0.325946 -0.024944 0.598974 0.325986 -0.0248336 0.599089 0.32588 -0.0250483 0.598865 0.326 -0.0262844 0.600803 0.325251 -0.0174644 0.592729 0.325406 -0.015092 0.591613 0.325946 -0.0201867 0.595133 0.325986 -0.0200974 0.595265 0.32588 -0.0202712 0.595008 0.326 -0.0219433 0.596807 0.325251 -0.0119145 0.590294 0.325406 -0.00923243 0.589542 0.325946 -0.0148488 0.592151 0.325986 -0.0147831 0.592296 0.32588 -0.0149109 0.592013 0.326 -0.0170037 0.59358 0.325251 -0.00603964 0.588806 0.325406 -0.00310727 0.588492 0.325946 -0.00908365 0.590114 0.325986 -0.00904346 0.590268 0.32588 -0.00912164 0.589968 0.326 -0.0116002 0.59121 0.325251 6.06879e-17 0.588306 0.325406 0.00310727 0.588492 0.325946 -0.0030572 0.589081 0.325986 -0.00304367 0.589239 0.32588 -0.00306999 0.58893 0.326 -0.0058803 0.589761 0.325251 0.00603964 0.588806 0.325406 0.00923243 0.589542 0.325946 0.0030572 0.589081 0.326 -1.47165e-16 0.589274 0.325986 0.00304367 0.589239 0.32588 0.00306999 0.58893 0.325251 0.0119145 0.590294 0.325406 0.015092 0.591613 0.325946 0.00908365 0.590114 0.326 0.0058803 0.589761 0.325986 0.00904346 0.590268 0.32588 0.00912164 0.589968 0.325251 0.0174644 0.592729 0.325406 0.0205174 0.594644 0.325946 0.0148488 0.592151 0.326 0.0116002 0.59121 0.325986 0.0147831 0.592296 0.32588 0.0149109 0.592013 0.325251 0.0225379 0.596043 0.325406 0.0253525 0.598548 0.325946 0.0201867 0.595133 0.326 0.0170037 0.59358 0.325986 0.0200974 0.595265 0.32588 0.0202712 0.595008 0.325251 0.0269967 0.600148 0.325406 0.0294583 0.603213 0.325946 0.024944 0.598974 0.326 0.0219433 0.596807 0.325986 0.0248336 0.599089 0.32588 0.0250483 0.598865 0.325251 0.030719 0.60493 0.325406 0.0327167 0.608505 0.325946 0.0289836 0.603564 0.326 0.0262844 0.600803 0.325986 0.0288554 0.603659 0.32588 0.0291048 0.603474 0.325251 0.0336034 0.61026 0.325406 0.0350338 0.614271 0.325946 0.0321894 0.60877 0.326 0.0299086 0.60546 0.325986 0.032047 0.608842 0.32588 0.032324 0.608703 0.325251 0.0355712 0.615992 0.325406 0.0363431 0.620346 0.326 0.0327169 0.610649 0.325986 0.0343167 0.614491 0.325251 0.0365687 0.62197 0.325406 0.0366068 0.626555 0.326 0.0346327 0.61623 0.325986 0.0355992 0.620441 0.325251 0.0365687 0.62803 0.325406 0.0358175 0.632719 0.32555 0.036528 0.626552 0.326 0.0356039 0.62205 0.325986 0.0358575 0.626523 0.325251 0.0355712 0.634008 0.325406 0.0339977 0.638661 0.32555 0.0357403 0.632703 0.326 0.0356039 0.62795 0.325986 0.0350843 0.632561 0.325251 0.0336034 0.63974 0.325406 0.0311999 0.644211 0.32555 0.0339245 0.638632 0.326 0.0346327 0.63377 0.325986 0.0333018 0.638382 0.325251 0.030719 0.64507 0.32555 0.0311327 0.644169 0.326 0.0327169 0.639351 0.325986 0.0305613 0.643817 0.325791 0.0177219 0.656724 0.32568 0.0177811 0.65683 0.32568 0.0121461 0.659377 0.32588 0.0227416 0.653165 0.325946 0.0270613 0.648817 0.326 0.0299086 0.64454 0.325986 0.0269415 0.648712 0.32568 0.0229045 0.653367 0.32555 0.0229683 0.653446 0.325791 0.0228283 0.653272 0.326 0.0262844 0.649197 0.325251 0.0174644 0.657271 0.32555 0.0178306 0.656918 0.32588 0.0176546 0.656603 0.326 0.0219433 0.653193 0.325791 0.0121056 0.659262 0.32588 0.0120597 0.659132 0.325946 0.0120095 0.65899 0.325946 0.00609237 0.660531 0.32568 0.00616167 0.660935 0.325791 0.00614116 0.660815 0.32588 0.00611785 0.660679 0.320902 -0.00301947 0.587321 0.321095 -5.69074e-15 0.58723 0.321095 -0.00641122 0.587778 0.321095 -0.0126364 0.589407 0.320902 -0.00900427 0.588288 0.321095 -0.0184948 0.592068 0.320902 -0.0147577 0.5902 0.320902 -0.0201318 0.593007 0.321095 -0.0238164 0.595685 0.321095 -0.0284467 0.600154 0.320902 -0.0249881 0.596637 0.321095 -0.0322515 0.605343 0.320902 -0.0292015 0.600998 0.320902 -0.0326637 0.605976 0.321095 -0.0351201 0.611103 0.321095 -0.0369695 0.617266 0.320902 -0.0352854 0.611443 0.320902 -0.0369992 0.617259 0.320902 0.00304266 0.587323 0.321095 0.00641122 0.587778 0.320902 0.00902617 0.588294 0.320902 0.0147772 0.590209 0.321095 0.0126364 0.589407 0.320902 0.0201478 0.593018 0.321095 0.0184948 0.592068 0.321095 0.0238164 0.595685 0.320902 0.0250002 0.596649 0.320902 0.0292096 0.601009 0.321095 0.0284467 0.600154 0.320902 0.032668 0.605984 0.321095 0.0322515 0.605343 0.321095 0.0351201 0.611103 0.320902 0.0352854 0.611443 0.321095 0.0369695 0.617266 0.320902 0.0369991 0.617259 0.321095 -0.00301705 0.662648 0.321095 0.00304022 0.662646 0.320902 -0.00304266 0.662677 0.320902 -0.00902617 0.661706 0.321095 -0.00899705 0.661682 0.320902 -0.0147772 0.659791 0.321095 -0.0147459 0.659772 0.321095 -0.0201157 0.656967 0.320902 -0.0201478 0.656982 0.320902 -0.0250002 0.653351 0.321095 -0.024968 0.65334 0.320902 -0.0292096 0.648991 0.321095 -0.0291781 0.648983 0.321095 -0.0326375 0.644009 0.320902 -0.032668 0.644016 0.320902 -0.0352854 0.638557 0.321095 -0.0352571 0.638546 0.320902 -0.0369991 0.632741 0.321095 -0.0369695 0.632734 0.320902 0.00301947 0.662679 0.321095 0.00901893 0.661676 0.320902 0.00900427 0.661712 0.320902 0.0147577 0.6598 0.321095 0.0147653 0.659763 0.321095 0.0201317 0.656956 0.320902 0.0201318 0.656993 0.321095 0.0249801 0.653328 0.320902 0.0249881 0.653363 0.320902 0.0292015 0.649002 0.321095 0.0291862 0.648972 0.321095 0.0326418 0.644001 0.320902 0.0326637 0.644024 0.321095 0.0352571 0.638546 0.320902 0.0352854 0.638557 0.321095 0.0369695 0.632734 0.320901 0.037 0.632736 0.272922 0.0365483 0.587852 0.269558 0.0359791 0.588342 0.272739 0.0366076 0.587905 0.273112 0.0364859 0.587807 0.269684 0.035456 0.588061 0.269616 0.0357282 0.588181 0.273307 0.0364219 0.587773 0.269759 0.0351719 0.587984 0.266096 0.0342521 0.588414 0.262624 0.0327809 0.588844 0.262578 0.0328882 0.588897 0.266001 0.0345284 0.588549 0.269616 0.0357282 0.588181 0.269684 0.035456 0.588061 0.269558 0.0359791 0.588342 0.262456 0.033188 0.589098 0.262494 0.0330918 0.589024 0.262421 0.0332805 0.589178 0.266032 0.0348234 0.588714 0.262535 0.0329919 0.588957 0.262672 0.0326717 0.588798 0.262721 0.0325612 0.588761 0.266203 0.0339632 0.588328 0.262773 0.0324487 0.588731 0.269759 0.0351719 0.587984 0.262494 0.0330918 0.589024 0.260156 0.0325878 0.589647 0.262456 0.033188 0.589098 0.260459 0.0329078 0.589829 0.261438 0.0330813 0.589493 0.260145 0.0327228 0.589789 0.257808 0.0323219 0.5904 0.255547 0.0323474 0.591544 0.255615 0.0324247 0.591826 0.256577 0.0324701 0.591384 0.257831 0.0324644 0.59061 0.257542 0.032541 0.590963 0.258511 0.0326377 0.590564 0.259483 0.0327599 0.590186 0.262421 0.0332805 0.589178 0.255485 0.0322224 0.591265 0.25543 0.0320498 0.591002 0.257794 0.0321511 0.590205 0.255385 0.0318338 0.590765 0.257788 0.0319552 0.590031 0.255352 0.0315819 0.590565 0.255333 0.0313045 0.590407 0.257792 0.031739 0.589884 0.257805 0.0315082 0.589765 0.255327 0.0310135 0.590296 0.2603 0.0317487 0.58916 0.257864 0.0310297 0.589621 0.257826 0.0312691 0.589678 0.262721 0.0325612 0.588761 0.262773 0.0324487 0.588731 0.260399 0.0315807 0.589106 0.260261 0.0319304 0.589223 0.255333 0.0307204 0.590232 0.260174 0.0324389 0.589518 0.260198 0.0322782 0.589403 0.260227 0.0321078 0.589304 0.262535 0.0329919 0.588957 0.262578 0.0328882 0.588897 0.262624 0.0327809 0.588844 0.262672 0.0326717 0.588798 0.232391 0.0306714 0.624023 0.232623 0.0307587 0.621051 0.232431 0.0305209 0.621035 0.233104 0.0311329 0.621091 0.232849 0.0309643 0.621069 0.233104 0.0311329 0.628909 0.232184 0.0303011 0.622817 0.233595 0.0302565 0.613175 0.232299 0.0305299 0.623408 0.23285 0.0299717 0.616006 0.232079 0.0299717 0.622253 0.236335 0.0305209 0.644283 0.240224 0.0306688 0.651185 0.236511 0.0307587 0.644205 0.232849 0.0309643 0.628931 0.232441 0.0307387 0.624665 0.240962 0.0312762 0.650699 0.241172 0.0313443 0.650561 0.237873 0.0313443 0.644655 0.234668 0.0312606 0.613448 0.234398 0.0311329 0.61338 0.233381 0.0312606 0.621114 0.240563 0.0310358 0.650962 0.236952 0.0311329 0.64401 0.236718 0.0309643 0.644114 0.24009 0.0304492 0.651273 0.236194 0.0302565 0.644345 0.239985 0.0302144 0.651342 0.233595 0.0302565 0.636825 0.234433 0.0299717 0.640087 0.239908 0.0299717 0.651393 0.236799 0.0299717 0.64592 0.240383 0.0308662 0.65108 0.2323 0.0305312 0.626589 0.233744 0.0305209 0.636787 0.232623 0.0307587 0.628949 0.237206 0.0312606 0.643898 0.240758 0.0311732 0.650833 0.234668 0.0312606 0.636552 0.235467 0.0313443 0.638334 0.234004 0.0313443 0.631731 0.236952 0.0311329 0.60599 0.233381 0.0312606 0.628886 0.233514 0.0313443 0.624987 0.234151 0.0309643 0.636683 0.234398 0.0311329 0.63662 0.240933 0.0312637 0.599282 0.237206 0.0312606 0.606102 0.237873 0.0313443 0.605345 0.241172 0.0313443 0.599439 0.2407 0.0311373 0.599129 0.233931 0.0307587 0.613261 0.233744 0.0305209 0.613213 0.236194 0.0302565 0.605655 0.234433 0.0299717 0.609913 0.239908 0.0299717 0.598607 0.236799 0.0299717 0.60408 0.239998 0.0302484 0.598666 0.233931 0.0307587 0.636739 0.232392 0.0306725 0.625971 0.232185 0.0303021 0.627181 0.23285 0.0299717 0.633994 0.234008 0.0313443 0.618245 0.232442 0.0307391 0.625328 0.232079 0.0299717 0.627747 0.235474 0.0313443 0.611647 0.234151 0.0309643 0.613317 0.236511 0.0307587 0.605795 0.236718 0.0309643 0.605886 0.240289 0.030756 0.598858 0.236335 0.0305209 0.605717 0.240483 0.0309665 0.598986 0.240126 0.0305134 0.59875 0.246613 0.0315687 0.655578 0.246698 0.0316405 0.655309 0.244969 0.0314437 0.654649 0.242113 0.0312946 0.652202 0.242272 0.0313634 0.651998 0.240962 0.0312762 0.650699 0.241927 0.031188 0.652371 0.240758 0.0311732 0.650833 0.243458 0.0313514 0.653521 0.245093 0.0315153 0.654411 0.243294 0.0312409 0.653721 0.248446 0.0317994 0.65602 0.24828 0.0315993 0.656578 0.24836 0.0317236 0.6563 0.246502 0.0314493 0.655833 0.241172 0.0313443 0.650561 0.246401 0.0312852 0.656075 0.248209 0.0314265 0.656841 0.246314 0.0310799 0.656296 0.246245 0.0308402 0.656486 0.248151 0.0312093 0.657078 0.242787 0.030452 0.654372 0.244492 0.0307512 0.65547 0.242883 0.0306909 0.654243 0.244368 0.0302342 0.655722 0.244418 0.0305001 0.655613 0.242716 0.030198 0.654472 0.246195 0.0305756 0.656639 0.246165 0.0302965 0.656752 0.239908 0.0299717 0.651393 0.241068 0.0299451 0.652946 0.241244 0.0301905 0.653009 0.248108 0.0309555 0.657279 0.248082 0.0306758 0.657438 0.248074 0.0303823 0.65755 0.24808 0.0300869 0.657616 0.246029 0.0300133 0.656764 0.244701 0.0311726 0.655096 0.244587 0.0309781 0.655296 0.24483 0.0313289 0.654878 0.24416 0.0299663 0.655682 0.243588 0.0314207 0.653291 0.24314 0.0310916 0.653912 0.243002 0.0309065 0.654088 0.242492 0.0299443 0.654392 0.24175 0.0310449 0.652532 0.241589 0.0308681 0.652681 0.241449 0.0306623 0.652812 0.241333 0.0304339 0.652922 0.240563 0.0310358 0.650962 0.240383 0.0308662 0.65108 0.240224 0.0306688 0.651185 0.24009 0.0304492 0.651273 0.239985 0.0302144 0.651342 0.255485 0.0322224 0.658735 0.251862 0.0319266 0.657717 0.251799 0.031754 0.65798 0.255385 0.0318338 0.659235 0.25543 0.0320498 0.658998 0.251748 0.0315374 0.658217 0.24836 0.0317236 0.6563 0.24828 0.0315993 0.656578 0.251933 0.0320513 0.657439 0.252061 0.0321323 0.657173 0.248446 0.0317994 0.65602 0.255615 0.0324247 0.658174 0.255547 0.0323474 0.658456 0.255352 0.0315819 0.659435 0.25171 0.0312846 0.658418 0.251688 0.0310061 0.658576 0.255333 0.0313045 0.659593 0.255327 0.0310135 0.659704 0.25168 0.0307138 0.658688 0.24808 0.0300869 0.657616 0.251805 0.0304299 0.658788 0.255333 0.0307204 0.659768 0.248209 0.0314265 0.656841 0.248151 0.0312093 0.657078 0.248108 0.0309555 0.657279 0.248082 0.0306758 0.657438 0.248074 0.0303823 0.65755 0.256581 0.0324705 0.658617 0.255547 0.0323474 0.658456 0.257549 0.0325418 0.659039 0.257834 0.0324647 0.659391 0.259491 0.0327608 0.659817 0.258519 0.0326386 0.659439 0.260466 0.0329086 0.660174 0.260155 0.0327245 0.660214 0.261442 0.0330818 0.660509 0.262456 0.033188 0.660902 0.262421 0.0332805 0.660822 0.255485 0.0322224 0.658735 0.260167 0.0325895 0.660356 0.255615 0.0324247 0.658174 0.260184 0.0324409 0.660485 0.262494 0.0330918 0.660976 0.257811 0.0323222 0.659601 0.262535 0.0329919 0.661043 0.260208 0.0322803 0.6606 0.262578 0.0328882 0.661103 0.260237 0.0321102 0.660698 0.262624 0.0327809 0.661156 0.257829 0.0312697 0.660322 0.25787 0.0310307 0.660381 0.260311 0.0317517 0.660842 0.260272 0.0319331 0.660779 0.255333 0.0307204 0.659768 0.262672 0.0326717 0.661202 0.262773 0.0324487 0.661269 0.262721 0.0325612 0.661239 0.260407 0.0315833 0.660896 0.257797 0.0321514 0.659796 0.257791 0.0319556 0.65997 0.257795 0.0317395 0.660117 0.257808 0.0315087 0.660235 0.25543 0.0320498 0.658998 0.255385 0.0318338 0.659235 0.255352 0.0315819 0.659435 0.255333 0.0313045 0.659593 0.255327 0.0310135 0.659704 0.262535 0.0329919 0.661043 0.266001 0.0345284 0.661451 0.262494 0.0330918 0.660976 0.269616 0.0357282 0.661819 0.269558 0.0359791 0.661658 0.266032 0.0348234 0.661286 0.262456 0.033188 0.660902 0.262421 0.0332805 0.660822 0.262578 0.0328882 0.661103 0.269684 0.035456 0.661939 0.266096 0.0342521 0.661586 0.262624 0.0327809 0.661156 0.262672 0.0326717 0.661202 0.262721 0.0325612 0.661239 0.266334 0.0340133 0.661686 0.269759 0.0351719 0.662016 0.262773 0.0324487 0.661269 0.273307 0.0364219 0.662227 0.273113 0.0364857 0.662193 0.269684 0.035456 0.661939 0.272923 0.0365481 0.662149 0.269558 0.0359791 0.661658 0.269616 0.0357282 0.661819 0.272739 0.0366077 0.662095 0.269759 0.0351719 0.662016 0.243754 -0.0269667 0.593734 0.243621 -0.0359642 0.595267 0.241557 -0.0273486 0.594875 0.238949 -0.0359256 0.599264 0.237873 -0.0359235 0.600882 0.23621 -0.0267489 0.600248 0.239526 -0.0275705 0.596392 0.240286 -0.0182866 0.59442 0.241847 -0.0359473 0.596404 0.240279 -0.0359345 0.597753 0.237501 -0.00924541 0.595667 0.236526 -0.0185413 0.59777 0.235769 -0.00929907 0.597498 0.245556 -0.0359881 0.594383 0.238266 -0.0184356 0.595936 0.239515 -0.00917039 0.594153 0.237775 -0.0277266 0.598231 0.237233 -3.66387e-18 0.595587 0.23503 -0.0177034 0.599803 0.235503 -4.02727e-18 0.597416 0.234334 -0.00878712 0.599547 0.234121 4.54952e-17 0.599479 0.239244 -3.27323e-18 0.594072 0.241449 4.4939e-17 0.592929 0.241701 -0.00897264 0.593006 0.242469 -0.0179615 0.593275 0.238266 -0.0184356 0.654064 0.240286 -0.0182866 0.65558 0.239515 -0.00917039 0.655847 0.237233 -5.67456e-18 0.654413 0.235769 -0.00929907 0.652502 0.237501 -0.00924541 0.654333 0.240279 -0.0359345 0.652247 0.239526 -0.0275705 0.653608 0.237775 -0.0277266 0.651769 0.242469 -0.0179615 0.656725 0.241557 -0.0273486 0.655125 0.23621 -0.0267489 0.649752 0.237873 -0.0359235 0.649118 0.238949 -0.0359256 0.650736 0.241701 -0.00897264 0.656994 0.241449 2.89294e-17 0.657071 0.243754 -0.0269667 0.656266 0.245556 -0.0359881 0.655617 0.243621 -0.0359642 0.654733 0.239244 -5.23173e-18 0.655928 0.234334 -0.00878712 0.650453 0.23503 -0.0177034 0.650197 0.235503 -6.08383e-18 0.652584 0.234121 2.9042e-17 0.650521 0.236526 -0.0185413 0.65223 0.241847 -0.0359473 0.653596 0.239244 -5.23173e-18 0.655928 0.24 0.0105338 0.656016 0.238003 0.010814 0.654515 0.236284 0.0110605 0.652698 0.238653 0.0220206 0.653026 0.235589 0.0153306 0.650752 0.242288 0.0209753 0.65626 0.245204 0.0228689 0.657411 0.246029 0.0300133 0.656764 0.24034 0.0215312 0.654801 0.24416 0.0299663 0.655682 0.242492 0.0299443 0.654392 0.24808 0.0300869 0.657616 0.239908 0.0299717 0.651393 0.237419 0.0228644 0.651032 0.241068 0.0299451 0.652946 0.237233 -5.67456e-18 0.654413 0.234483 0.00767882 0.65058 0.235503 -6.08383e-18 0.652584 0.234121 2.9042e-17 0.650521 0.243132 0.0154081 0.657241 0.24187 0.0077423 0.657116 0.241449 2.89294e-17 0.657071 0.243045 0.0328192 0.60886 0.246093 0.0327113 0.602892 0.242806 0.0326438 0.608756 0.250813 0.0325112 0.65361 0.246403 0.0325112 0.648273 0.246852 0.0324247 0.649419 0.240092 0.0330332 0.628884 0.24132 0.0330332 0.635564 0.240861 0.0332805 0.632766 0.239521 0.0326438 0.622057 0.240851 0.0328192 0.615329 0.240598 0.0326438 0.615267 0.240848 0.0326438 0.635693 0.239864 0.0328192 0.628906 0.239605 0.0326438 0.628931 0.255615 0.0324247 0.658174 0.250896 0.0324247 0.654123 0.24345 0.0328192 0.642038 0.243214 0.0326438 0.642148 0.246636 0.0326438 0.648111 0.251016 0.0326438 0.65341 0.24685 0.0328192 0.647963 0.240009 0.0330332 0.622092 0.240134 0.0332805 0.626708 0.246286 0.0328494 0.602937 0.246171 0.033 0.603417 0.246465 0.033 0.602963 0.246093 0.033006 0.60355 0.243255 0.0330332 0.608952 0.246041 0.0330395 0.603691 0.245886 0.0325909 0.602827 0.242546 0.0325112 0.608642 0.245665 0.0324945 0.602741 0.245431 0.0324247 0.602635 0.242457 0.0324247 0.608097 0.241472 0.0332805 0.614617 0.2435 0.0332805 0.608874 0.24624 0.0332 0.603621 0.246128 0.0331358 0.603707 0.24034 0.0332805 0.620611 0.241074 0.0330332 0.615384 0.246387 0.0332824 0.603496 0.23978 0.0328192 0.622076 0.243658 0.0330332 0.641941 0.242503 0.0332805 0.638644 0.241099 0.0328192 0.635625 0.247039 0.0330332 0.647832 0.245022 0.0332805 0.644203 0.251202 0.0328192 0.653228 0.251366 0.0330332 0.653068 0.258519 0.0326386 0.659439 0.259491 0.0327608 0.659817 0.256379 0.0328192 0.657684 0.256514 0.0330332 0.657498 0.261442 0.0330818 0.660509 0.262421 0.0332805 0.660822 0.257162 0.0332805 0.657722 0.260466 0.0329086 0.660174 0.240322 0.0325112 0.615199 0.24034 0.0324247 0.613945 0.239237 0.0325112 0.622036 0.239127 0.0324247 0.620044 0.238847 0.0324247 0.626255 0.239322 0.0325112 0.628959 0.239506 0.0324247 0.632437 0.240573 0.0325112 0.635768 0.241087 0.0324247 0.638449 0.242957 0.0325112 0.642268 0.24836 0.0332805 0.649313 0.243555 0.0324247 0.644153 0.252438 0.0332805 0.653855 0.256227 0.0326438 0.657895 0.256581 0.0324705 0.658617 0.257549 0.0325418 0.659039 0.264459 0.0359791 0.590196 0.259674 0.0359791 0.592755 0.261309 0.036609 0.592147 0.272739 0.0366076 0.587905 0.269558 0.0359791 0.588342 0.266847 0.036609 0.589564 0.246716 0.0359791 0.606425 0.248127 0.036609 0.604683 0.250191 0.0359791 0.601245 0.251822 0.036609 0.599807 0.255302 0.0359791 0.595968 0.251429 0.0359791 0.599769 0.242508 0.0359791 0.618126 0.241889 0.0359791 0.624334 0.242327 0.036609 0.621928 0.245267 0.036609 0.610091 0.244132 0.0359791 0.612103 0.243316 0.036609 0.61589 0.245258 0.036609 0.639889 0.243703 0.0359791 0.636636 0.246087 0.0359791 0.6424 0.24331 0.036609 0.634087 0.242325 0.036609 0.628048 0.242291 0.0359791 0.630559 0.25181 0.036609 0.65018 0.249379 0.0359791 0.647699 0.253492 0.0359791 0.65239 0.248116 0.036609 0.645301 0.258315 0.0359791 0.656347 0.256243 0.036609 0.6544 0.263718 0.0359791 0.659464 0.2613 0.036609 0.657849 0.266847 0.036609 0.660436 0.269558 0.0359791 0.661658 0.272739 0.0366077 0.662095 0.250668 0.036146 0.60082 0.256255 0.036609 0.595592 0.251093 0.0361461 0.600314 0.315234 -0.0358137 0.640368 0.314698 -0.0363492 0.640395 0.315122 -0.0368202 0.639249 0.315224 -0.0368302 0.639086 0.317808 -0.0345317 0.640795 0.316486 -0.0340391 0.642101 0.317145 -0.0347078 0.640619 0.314919 -0.0367998 0.639574 0.314817 -0.0367893 0.639737 0.31502 -0.0368101 0.639411 0.3164 -0.0359626 0.638887 0.315834 -0.0353532 0.640399 0.31411 -0.0356577 0.641871 0.314313 -0.0367341 0.640553 0.314113 -0.0367108 0.64088 0.314213 -0.0367225 0.640717 0.317128 -0.0338526 0.642284 0.315776 -0.0333164 0.643543 0.313662 -0.0362292 0.641956 0.314633 -0.0351374 0.641843 0.315217 -0.0346862 0.641874 0.313913 -0.0366867 0.641208 0.314013 -0.0366988 0.641044 0.31332 -0.0366104 0.642194 0.313032 -0.0354605 0.643397 0.313223 -0.036597 0.642359 0.313473 -0.0349092 0.64331 0.313125 -0.0365835 0.642524 0.312671 -0.0360402 0.643536 0.312833 -0.036542 0.64302 0.312737 -0.0365278 0.643185 0.31293 -0.036556 0.642854 0.313027 -0.0365698 0.642689 0.312448 -0.0364842 0.643683 0.312544 -0.0364989 0.643517 0.31264 -0.0365134 0.643351 0.312258 -0.0364543 0.644015 0.312353 -0.0364693 0.643849 0.311996 -0.0351929 0.64494 0.317064 -0.0355894 0.638969 0.316479 -0.0349819 0.640484 0.315783 -0.0364317 0.638858 0.315326 -0.0368399 0.638924 0.30228 -0.019042 0.65875 0.303707 -0.0200416 0.658075 0.302593 -0.0188367 0.658832 0.317593 -0.0361377 0.637417 0.315943 -0.0368946 0.637951 0.315839 -0.036886 0.638113 0.316046 -0.0369031 0.637789 0.316149 -0.0369113 0.637627 0.316911 -0.0365124 0.637341 0.315736 -0.0368771 0.638275 0.316253 -0.0369194 0.637465 0.292728 -0.00674867 0.663522 0.292888 -0.0066661 0.663528 0.291899 -0.00516105 0.663796 0.31667 -0.0369498 0.63682 0.316775 -0.0369568 0.63666 0.316565 -0.0369425 0.636981 0.317093 -0.0369768 0.636179 0.316987 -0.0369704 0.636339 0.31775 -0.0353199 0.639097 0.318298 -0.0358731 0.637538 0.319001 -0.0357183 0.637694 0.317308 -0.036989 0.635861 0.317201 -0.036983 0.63602 0.318064 -0.0366245 0.635832 0.318787 -0.036365 0.635943 0.319507 -0.0362204 0.636086 0.31797 -0.03702 0.634917 0.318083 -0.0370243 0.634761 0.317636 -0.0370056 0.635386 0.317746 -0.0370106 0.635229 0.31843 -0.0370355 0.634302 0.31855 -0.0370386 0.634151 0.318197 -0.0370284 0.634607 0.318313 -0.0370321 0.634453 0.319213 -0.036793 0.634313 0.318672 -0.0370413 0.634003 0.318796 -0.0370436 0.633856 0.319784 -0.0370445 0.63295 0.319949 -0.0366581 0.63444 0.319188 -0.037048 0.633433 0.319054 -0.037047 0.633571 0.319327 -0.0370483 0.633301 0.319472 -0.037048 0.633174 0.319954 -0.037041 0.632859 0.320134 -0.0370358 0.632793 0.320323 -0.0370288 0.63276 0.319624 -0.0370468 0.633056 0.318924 -0.0370455 0.633712 0.317857 -0.0370155 0.635073 0.317526 -0.0370003 0.635544 0.316881 -0.0369637 0.636499 0.313814 -0.0366744 0.641372 0.31455 -0.0339637 0.643312 0.313984 -0.0344048 0.643281 0.313715 -0.036662 0.641536 0.313836 -0.0331878 0.644712 0.313288 -0.033618 0.644681 0.31279 -0.0341059 0.64471 0.312356 -0.0346364 0.644798 0.313078 -0.0323618 0.64607 0.312548 -0.0327805 0.64604 0.312064 -0.0332513 0.64607 0.311638 -0.0337608 0.646158 0.311772 -0.0318991 0.64735 0.312283 -0.0314924 0.647379 0.310885 -0.0328409 0.647467 0.311302 -0.0323526 0.64738 0.311452 -0.0305814 0.648638 0.31096 -0.0309754 0.648612 0.310505 -0.0314114 0.648642 0.310097 -0.0318785 0.648727 0.310588 -0.0296297 0.649851 0.310115 -0.0300107 0.649827 0.309675 -0.0304289 0.649857 0.309278 -0.0308748 0.64994 0.309238 -0.0290056 0.650996 0.308814 -0.0294059 0.651026 0.308427 -0.0298306 0.651107 0.30792 -0.0283413 0.652152 0.308328 -0.0279591 0.652123 0.309692 -0.0286382 0.651019 0.30739 -0.0268741 0.653205 0.306997 -0.0272381 0.653234 0.308763 -0.0276058 0.652143 0.307805 -0.0265353 0.653222 0.306822 -0.0254302 0.654255 0.306426 -0.0257541 0.65424 0.306049 -0.0260998 0.654268 0.30544 -0.0246026 0.655225 0.305817 -0.0242939 0.655238 0.305081 -0.0249299 0.655253 0.304796 -0.0231319 0.656169 0.304438 -0.0234251 0.65616 0.304094 -0.0237342 0.656187 0.303761 -0.0219457 0.657051 0.303421 -0.0222232 0.657043 0.303094 -0.0225141 0.65707 0.302392 -0.0209958 0.657877 0.302714 -0.0207342 0.657882 0.302082 -0.0212686 0.657903 0.301658 -0.0194963 0.658664 0.301355 -0.0197416 0.658661 0.301061 -0.0199964 0.658687 0.300596 -0.0182306 0.659397 0.300311 -0.0184596 0.659397 0.300033 -0.0186962 0.659422 0.298213 -0.0158067 0.660726 0.297968 -0.0160068 0.66075 0.299263 -0.0171484 0.660085 0.299001 -0.0173667 0.66011 0.297165 -0.0144333 0.66132 0.296935 -0.014615 0.661343 0.299531 -0.0169361 0.660083 0.295906 -0.0131901 0.66189 0.29612 -0.013027 0.661867 0.298464 -0.0156115 0.660721 0.295089 -0.0115852 0.662366 0.29489 -0.0117296 0.662388 0.297399 -0.0142554 0.661313 0.294088 -0.0101038 0.662813 0.293136 -0.00857823 0.663207 0.292966 -0.00868426 0.663228 0.296338 -0.0128667 0.661859 0.291226 -0.00350276 0.664003 0.291088 -0.00354637 0.664011 0.295291 -0.0114429 0.662356 0.290479 -1.57737e-16 0.664191 0.290774 -0.00178029 0.664135 0.290609 -1.56532e-16 0.664182 0.294275 -0.00997994 0.662802 0.293308 -0.00847323 0.663194 0.293829 -0.00816697 0.663203 0.293655 -0.00826735 0.663192 0.290643 -0.0018025 0.664144 0.293904 -0.0102292 0.662835 0.293722 -0.0103557 0.662866 0.290906 -0.00175828 0.66413 0.290739 -1.55455e-16 0.664175 0.292797 -0.00879107 0.663257 0.290675 -0.00367926 0.664058 0.290539 -0.00372405 0.664082 0.29131 -0.00542124 0.663845 0.291936 -0.00717581 0.663593 0.292092 -0.00708903 0.663566 0.289989 -0.0019155 0.664243 0.290175 -0.00348557 0.664172 0.290403 -0.003769 0.66411 0.291165 -0.00548739 0.663871 0.289711 -1.65178e-16 0.664318 0.289839 -0.00176197 0.66428 0.289838 -1.63913e-16 0.664289 0.317417 -0.0369948 0.635702 0.318434 -0.0351545 0.639265 0.316357 -0.0369273 0.637304 0.316461 -0.036935 0.637142 0.315634 -0.0368681 0.638437 0.315531 -0.0368589 0.638599 0.315428 -0.0368495 0.638761 0.314615 -0.0367678 0.640063 0.314716 -0.0367786 0.6399 0.315842 -0.0343175 0.641962 0.314413 -0.0367455 0.64039 0.314514 -0.0367567 0.640226 0.316396 -0.0331198 0.64373 0.315017 -0.0325419 0.644943 0.315154 -0.0335984 0.643401 0.313616 -0.0366493 0.641701 0.313517 -0.0366365 0.641865 0.313419 -0.0366235 0.64203 0.315614 -0.0323361 0.645132 0.314214 -0.0317194 0.646298 0.314418 -0.0328267 0.644801 0.314788 -0.0315055 0.646486 0.313373 -0.0308554 0.647602 0.313639 -0.0320057 0.646157 0.311578 -0.0355848 0.645392 0.311279 -0.034294 0.646299 0.313925 -0.0306348 0.647786 0.312498 -0.0299517 0.648854 0.312821 -0.0311423 0.647464 0.310862 -0.0346686 0.646719 0.310529 -0.0333507 0.647607 0.313026 -0.0297255 0.649033 0.311589 -0.0290093 0.650058 0.311969 -0.0302381 0.64872 0.310114 -0.0337089 0.647997 0.309745 -0.0323649 0.648864 0.312095 -0.0287788 0.65023 0.310648 -0.0280289 0.651214 0.311083 -0.029294 0.649929 0.309335 -0.0327086 0.649224 0.30893 -0.031338 0.650073 0.311131 -0.0277956 0.651379 0.309675 -0.0270098 0.652326 0.310165 -0.0283109 0.651092 0.308529 -0.0316707 0.650401 0.308084 -0.0302707 0.651235 0.310135 -0.0267752 0.652483 0.308673 -0.0259545 0.653393 0.309215 -0.0272878 0.652212 0.307544 -0.028745 0.65223 0.307698 -0.0305976 0.651528 0.307208 -0.0291622 0.652353 0.309111 -0.0257199 0.65354 0.307647 -0.0248664 0.654411 0.308235 -0.0262273 0.653286 0.306634 -0.0276208 0.653308 0.306305 -0.0280153 0.653426 0.306843 -0.029492 0.652605 0.308063 -0.0246332 0.654548 0.3066 -0.0237488 0.65538 0.307231 -0.025133 0.654312 0.305698 -0.0264617 0.654339 0.305378 -0.0268338 0.654451 0.305969 -0.0283561 0.653634 0.306994 -0.0235185 0.655506 0.305537 -0.0226072 0.656298 0.306206 -0.0240082 0.65529 0.304743 -0.0252712 0.655321 0.304431 -0.0256213 0.655426 0.304168 -0.0260011 0.655546 0.305077 -0.0271919 0.654614 0.30591 -0.0223812 0.656413 0.304461 -0.021443 0.657165 0.305164 -0.0228582 0.656216 0.30377 -0.0240551 0.656251 0.303468 -0.0243837 0.65635 0.303245 -0.024786 0.656432 0.304814 -0.0212227 0.657269 0.300077 -0.0165358 0.660143 0.301474 -0.0176067 0.659542 0.300352 -0.0163503 0.660204 0.304109 -0.0216847 0.657091 0.302783 -0.0228151 0.65713 0.302492 -0.0231225 0.657223 0.302308 -0.0235479 0.65727 0.303374 -0.020255 0.657982 0.303042 -0.0204865 0.657917 0.301785 -0.0215498 0.65796 0.301505 -0.0218365 0.658046 0.301363 -0.0222866 0.658062 0.297874 -0.0139145 0.661349 0.299231 -0.0150662 0.66082 0.298113 -0.0137531 0.661391 0.301967 -0.0192624 0.658693 0.300778 -0.020258 0.65874 0.300509 -0.0205242 0.658819 0.300411 -0.0210022 0.658808 0.30118 -0.0178027 0.65947 0.300887 -0.0180111 0.659422 0.299764 -0.0189384 0.659472 0.299508 -0.0191844 0.659545 0.299454 -0.0196947 0.659507 0.295698 -0.0111668 0.662371 0.297 -0.0124098 0.661916 0.295903 -0.0110339 0.662395 0.299803 -0.0167315 0.660102 0.298503 -0.0178156 0.660222 0.298747 -0.0175897 0.660156 0.298497 -0.018364 0.66016 0.298975 -0.0152402 0.660769 0.298719 -0.0154223 0.660736 0.297497 -0.0164166 0.660853 0.297728 -0.0162105 0.660792 0.297542 -0.0170106 0.660768 0.29484 -0.00962107 0.662825 0.297636 -0.0140822 0.661323 0.296491 -0.0149858 0.661438 0.29671 -0.0147995 0.661382 0.296592 -0.0156349 0.661332 0.296779 -0.0125575 0.661883 0.296558 -0.01271 0.661864 0.29549 -0.013522 0.661976 0.295696 -0.0133553 0.661926 0.29565 -0.0142366 0.661851 0.290511 -0.00182486 0.664157 0.29095 -0.00359036 0.664022 0.295494 -0.0113033 0.662357 0.29472 -0.0128146 0.662326 0.294502 -0.0120226 0.662467 0.294694 -0.0118755 0.662422 0.294651 -0.00973822 0.662808 0.294463 -0.00985796 0.6628 0.293813 -0.0113632 0.662756 0.293543 -0.010483 0.662907 0.291021 -0.00555378 0.663901 0.290698 -0.00516425 0.663997 0.293481 -0.00836952 0.663189 0.292941 -0.00987777 0.66314 0.29263 -0.00889839 0.663294 0.292409 -0.00691716 0.663531 0.29225 -0.00700276 0.663546 0.292568 -0.00683241 0.663524 0.292119 -0.0083532 0.663476 0.291781 -0.00726293 0.663626 0.292047 -0.00509761 0.663796 0.291603 -0.00529006 0.66381 0.291456 -0.00535543 0.663825 0.291751 -0.00522523 0.6638 0.291362 -0.00678488 0.663763 0.291364 -0.00345958 0.664 0.290812 -0.00363467 0.664038 0.29038 -0.00184737 0.664173 0.290249 -0.00187 0.664193 0.290119 -0.00189272 0.664216 0.29035 -1.58952e-16 0.664204 0.290222 -1.60177e-16 0.66422 0.290093 -1.61412e-16 0.66424 0.289966 -1.62657e-16 0.664263 0.316911 -0.0365124 0.612659 0.316464 -0.0369307 0.612855 0.31636 -0.0369228 0.612694 0.317311 -0.0369862 0.614137 0.318064 -0.0366245 0.614168 0.316569 -0.0369384 0.613016 0.316884 -0.0369602 0.613499 0.316779 -0.0369531 0.613338 0.316673 -0.0369458 0.613177 0.31699 -0.036967 0.613659 0.317096 -0.0369736 0.613819 0.317203 -0.0369801 0.613978 0.317528 -0.0369979 0.614454 0.317419 -0.0369922 0.614296 0.31786 -0.0370136 0.614926 0.317748 -0.0370086 0.614769 0.317638 -0.0370034 0.614612 0.318787 -0.036365 0.614057 0.319507 -0.0362204 0.613914 0.319949 -0.0366581 0.61556 0.317972 -0.0370183 0.615082 0.319213 -0.036793 0.615687 0.318551 -0.0370377 0.615848 0.318085 -0.0370228 0.615237 0.318314 -0.0370309 0.615545 0.318199 -0.037027 0.615391 0.318432 -0.0370345 0.615697 0.318797 -0.037043 0.616143 0.318673 -0.0370405 0.615996 0.319055 -0.0370465 0.616428 0.318925 -0.037045 0.616287 0.319328 -0.037048 0.616698 0.319189 -0.0370476 0.616566 0.319473 -0.0370477 0.616824 0.319625 -0.0370466 0.616942 0.319785 -0.0370444 0.617049 0.319954 -0.0370409 0.617139 0.320323 -0.0370287 0.61724 0.320134 -0.0370358 0.617206 0.317593 -0.0361377 0.612583 0.315783 -0.0364317 0.611142 0.316257 -0.0369148 0.612532 0.316153 -0.0369065 0.612371 0.31605 -0.0368981 0.612209 0.317064 -0.0355894 0.611031 0.318298 -0.0358731 0.612462 0.315946 -0.0368895 0.612047 0.315843 -0.0368807 0.611885 0.31574 -0.0368717 0.611723 0.315637 -0.0368625 0.611561 0.315432 -0.0368437 0.611237 0.315535 -0.0368532 0.611399 0.3164 -0.0359626 0.611113 0.315234 -0.0358137 0.609632 0.315126 -0.0368141 0.610749 0.314698 -0.0363492 0.609605 0.31533 -0.036834 0.611074 0.315228 -0.0368241 0.610912 0.315024 -0.0368039 0.610587 0.314922 -0.0367935 0.610424 0.31482 -0.036783 0.610261 0.314719 -0.0367723 0.610098 0.314618 -0.0367614 0.609935 0.315834 -0.0353532 0.609601 0.314517 -0.0367504 0.609772 0.314416 -0.0367392 0.609609 0.314316 -0.0367278 0.609445 0.313662 -0.0362292 0.608044 0.314115 -0.0367047 0.609118 0.314015 -0.0366928 0.608955 0.31411 -0.0356577 0.608129 0.313915 -0.0366808 0.608791 0.315217 -0.0346862 0.608126 0.316479 -0.0349819 0.609516 0.313816 -0.0366687 0.608627 0.313717 -0.0366564 0.608463 0.313519 -0.0366313 0.608134 0.313618 -0.0366439 0.608298 0.313322 -0.0366057 0.607805 0.313032 -0.0354605 0.606603 0.31342 -0.0366186 0.60797 0.313224 -0.0365926 0.60764 0.312449 -0.0364831 0.606317 0.311996 -0.0351929 0.60506 0.312671 -0.0360402 0.606464 0.313126 -0.0365794 0.607475 0.312931 -0.0365526 0.607145 0.312834 -0.036539 0.60698 0.313028 -0.0365661 0.60731 0.304169 -0.0260014 0.594453 0.305378 -0.0268338 0.595549 0.305077 -0.0271922 0.595386 0.312545 -0.0364973 0.606483 0.312641 -0.0365113 0.606649 0.312737 -0.0365252 0.606814 0.312353 -0.0364688 0.606151 0.312258 -0.0364543 0.605985 0.31455 -0.0339637 0.606688 0.315842 -0.0343175 0.608038 0.315154 -0.0335984 0.606599 0.313836 -0.0331878 0.605288 0.311578 -0.0355849 0.604608 0.314418 -0.0328267 0.605199 0.313078 -0.0323618 0.60393 0.313984 -0.0344048 0.606719 0.314633 -0.0351374 0.608157 0.313473 -0.0349092 0.60669 0.312283 -0.0314924 0.602621 0.313639 -0.0320057 0.603843 0.31279 -0.0341059 0.60529 0.313288 -0.033618 0.605319 0.311452 -0.0305814 0.601362 0.312821 -0.0311423 0.602536 0.312064 -0.0332513 0.60393 0.312548 -0.0327805 0.60396 0.311969 -0.0302381 0.60128 0.310588 -0.0296297 0.600149 0.311772 -0.0318991 0.60265 0.311302 -0.0323526 0.60262 0.309692 -0.0286382 0.598981 0.311083 -0.029294 0.600071 0.310505 -0.0314114 0.601358 0.31096 -0.0309754 0.601388 0.308763 -0.0276058 0.597857 0.310165 -0.0283109 0.598908 0.309675 -0.0304289 0.600143 0.310115 -0.0300107 0.600173 0.307805 -0.0265353 0.596778 0.309215 -0.0272878 0.597788 0.309238 -0.0290056 0.599004 0.308814 -0.0294059 0.598974 0.306822 -0.0254302 0.595745 0.308235 -0.0262273 0.596714 0.30792 -0.0283413 0.597848 0.308328 -0.0279591 0.597877 0.307231 -0.025133 0.595688 0.305817 -0.0242939 0.594762 0.306997 -0.0272381 0.596766 0.30739 -0.0268741 0.596795 0.304796 -0.0231319 0.593831 0.306206 -0.0240082 0.59471 0.306426 -0.0257541 0.59576 0.306049 -0.0260998 0.595732 0.303761 -0.0219457 0.592949 0.305164 -0.0228582 0.593784 0.305081 -0.0249299 0.594747 0.30544 -0.0246026 0.594775 0.302714 -0.0207342 0.592118 0.304109 -0.0216847 0.592909 0.304438 -0.0234251 0.59384 0.304094 -0.0237342 0.593813 0.301658 -0.0194963 0.591336 0.303042 -0.0204865 0.592083 0.303094 -0.0225141 0.59293 0.303421 -0.0222232 0.592957 0.300596 -0.0182306 0.590603 0.301967 -0.0192624 0.591307 0.302082 -0.0212686 0.592097 0.302392 -0.0209958 0.592123 0.299531 -0.0169361 0.589917 0.300887 -0.0180111 0.590578 0.301355 -0.0197416 0.591339 0.301061 -0.0199964 0.591313 0.292966 -0.00868426 0.586772 0.294088 -0.0101038 0.587187 0.293904 -0.0102292 0.587165 0.300033 -0.0186962 0.590578 0.300311 -0.0184596 0.590603 0.299803 -0.0167315 0.589898 0.298464 -0.0156115 0.589279 0.299001 -0.0173667 0.58989 0.299263 -0.0171484 0.589915 0.297399 -0.0142554 0.588687 0.298719 -0.0154223 0.589264 0.298213 -0.0158067 0.589274 0.297968 -0.0160068 0.58925 0.296338 -0.0128667 0.588141 0.297636 -0.0140822 0.588677 0.296935 -0.014615 0.588657 0.297165 -0.0144333 0.58868 0.296558 -0.01271 0.588136 0.295291 -0.0114429 0.587644 0.295906 -0.0131901 0.58811 0.29612 -0.013027 0.588133 0.292797 -0.00879107 0.586743 0.295089 -0.0115852 0.587634 0.29489 -0.0117296 0.587612 0.291781 -0.00726293 0.586374 0.29137 -0.00678224 0.586238 0.291021 -0.00555378 0.586099 0.29263 -0.00889839 0.586706 0.292125 -0.00835083 0.586524 0.29131 -0.00542124 0.586155 0.290675 -0.00367926 0.585942 0.291456 -0.00535543 0.586175 0.289966 -1.62657e-16 0.585737 0.290119 -0.00189272 0.585784 0.289838 -1.63913e-16 0.585711 0.289839 -0.00176239 0.58572 0.289989 -0.0019155 0.585757 0.289711 -1.65178e-16 0.585682 0.294275 -0.00997994 0.587198 0.295494 -0.0113033 0.587643 0.293136 -0.00857823 0.586793 0.292728 -0.00674867 0.586478 0.292568 -0.00683241 0.586476 0.291751 -0.00522523 0.5862 0.293308 -0.00847323 0.586806 0.294463 -0.00985796 0.5872 0.290643 -0.0018025 0.585856 0.290774 -0.00178029 0.585865 0.291226 -0.00350276 0.585997 0.292047 -0.00509761 0.586204 0.291899 -0.00516105 0.586204 0.290739 -1.55455e-16 0.585825 0.290906 -0.00175828 0.58587 0.290609 -1.56532e-16 0.585818 0.291364 -0.00345958 0.586 0.319001 -0.0357183 0.612306 0.31775 -0.0353199 0.610903 0.318434 -0.0351545 0.610735 0.317145 -0.0347078 0.609381 0.314215 -0.0367163 0.609282 0.316486 -0.0340391 0.607899 0.317808 -0.0345317 0.609205 0.306305 -0.0280153 0.596574 0.315776 -0.0333164 0.606457 0.317128 -0.0338526 0.607716 0.311279 -0.034294 0.603701 0.312356 -0.0346364 0.605202 0.315017 -0.0325419 0.605057 0.316396 -0.0331198 0.60627 0.310863 -0.0346695 0.603281 0.310529 -0.0333507 0.602393 0.311638 -0.0337608 0.603842 0.314214 -0.0317194 0.603702 0.315614 -0.0323361 0.604868 0.310115 -0.0337097 0.602003 0.309745 -0.0323649 0.601136 0.310885 -0.0328409 0.602533 0.313373 -0.0308554 0.602398 0.314788 -0.0315055 0.603514 0.309336 -0.0327091 0.600776 0.30893 -0.031338 0.599927 0.310097 -0.0318785 0.601273 0.312498 -0.0299517 0.601146 0.313925 -0.0306348 0.602214 0.308529 -0.031671 0.599599 0.308084 -0.0302707 0.598765 0.309278 -0.0308748 0.60006 0.311589 -0.0290093 0.599942 0.313026 -0.0297255 0.600967 0.307698 -0.0305981 0.598472 0.307208 -0.0291622 0.597647 0.308427 -0.0298306 0.598893 0.310648 -0.0280289 0.598786 0.312095 -0.0287788 0.59977 0.306844 -0.0294926 0.597395 0.307544 -0.028745 0.59777 0.309675 -0.0270098 0.597674 0.311131 -0.0277956 0.598621 0.30597 -0.0283566 0.596366 0.306634 -0.0276208 0.596692 0.308673 -0.0259545 0.596607 0.310135 -0.0267752 0.597517 0.304431 -0.0256213 0.594574 0.305698 -0.0264617 0.595661 0.307647 -0.0248664 0.595589 0.309111 -0.0257199 0.59646 0.303246 -0.0247862 0.593568 0.303468 -0.0243837 0.59365 0.304743 -0.0252712 0.594679 0.308063 -0.0246332 0.595452 0.3066 -0.0237488 0.59462 0.30231 -0.0235477 0.59273 0.302492 -0.0231225 0.592777 0.30377 -0.0240551 0.593749 0.306994 -0.0235185 0.594494 0.305537 -0.0226072 0.593702 0.301364 -0.0222865 0.591937 0.301505 -0.0218365 0.591954 0.302783 -0.0228151 0.59287 0.30591 -0.0223812 0.593587 0.304461 -0.021443 0.592835 0.300411 -0.0210021 0.591192 0.300509 -0.0205242 0.591181 0.301785 -0.0215498 0.59204 0.303374 -0.020255 0.592018 0.304814 -0.0212227 0.592731 0.299455 -0.0196945 0.590493 0.299508 -0.0191844 0.590455 0.300778 -0.020258 0.59126 0.303707 -0.0200416 0.591925 0.30228 -0.019042 0.59125 0.298498 -0.018364 0.589839 0.298503 -0.0178156 0.589778 0.299764 -0.0189384 0.590528 0.30118 -0.0178027 0.59053 0.302593 -0.0188367 0.591168 0.297544 -0.0170105 0.589232 0.297497 -0.0164166 0.589147 0.298747 -0.0175897 0.589844 0.301474 -0.0176067 0.590458 0.300077 -0.0165358 0.589857 0.296594 -0.0156343 0.588669 0.296491 -0.0149858 0.588562 0.297728 -0.0162105 0.589208 0.298975 -0.0152402 0.589231 0.300352 -0.0163503 0.589796 0.295652 -0.0142354 0.588149 0.29549 -0.013522 0.588024 0.29671 -0.0147995 0.588618 0.299231 -0.0150662 0.58918 0.297874 -0.0139145 0.588651 0.294724 -0.0128124 0.587674 0.294502 -0.0120226 0.587533 0.295696 -0.0133553 0.588074 0.298113 -0.0137531 0.588609 0.296779 -0.0125575 0.588117 0.293818 -0.0113609 0.587244 0.293543 -0.010483 0.587093 0.294694 -0.0118755 0.587578 0.295698 -0.0111668 0.587629 0.297 -0.0124098 0.588084 0.292947 -0.00987543 0.586861 0.293722 -0.0103557 0.587134 0.295903 -0.0110339 0.587605 0.294651 -0.00973822 0.587192 0.290713 -0.00516272 0.586005 0.290403 -0.003769 0.58589 0.292409 -0.00691716 0.586469 0.293481 -0.00836952 0.586811 0.29484 -0.00962107 0.587175 0.293655 -0.00826735 0.586808 0.292092 -0.00708903 0.586434 0.291936 -0.00717581 0.586407 0.29225 -0.00700276 0.586454 0.293829 -0.00816697 0.586797 0.291165 -0.00548739 0.586129 0.291603 -0.00529006 0.58619 0.292888 -0.0066661 0.586472 0.290187 -0.00348866 0.58583 0.290812 -0.00363467 0.585962 0.290539 -0.00372405 0.585918 0.29095 -0.00359036 0.585978 0.291088 -0.00354637 0.585989 0.290511 -0.00182486 0.585843 0.290249 -0.00187 0.585807 0.29038 -0.00184737 0.585827 0.290093 -1.61412e-16 0.58576 0.290222 -1.60177e-16 0.58578 0.29035 -1.58952e-16 0.585796 0.290479 -1.57737e-16 0.585809 0.241472 0.0332805 0.614617 0.244132 0.0359791 0.612103 0.2435 0.0332805 0.608874 0.246716 0.0359791 0.606425 0.246387 0.0332824 0.603496 0.24034 0.0332805 0.620611 0.242508 0.0359791 0.618126 0.247736 0.0341718 0.602537 0.242291 0.0359791 0.630559 0.240861 0.0332805 0.632766 0.243703 0.0359791 0.636636 0.240134 0.0332805 0.626708 0.241889 0.0359791 0.624334 0.24836 0.0332805 0.649313 0.253492 0.0359791 0.65239 0.249379 0.0359791 0.647699 0.245022 0.0332805 0.644203 0.246087 0.0359791 0.6424 0.242503 0.0332805 0.638644 0.262421 0.0332805 0.660822 0.258315 0.0359791 0.656347 0.257162 0.0332805 0.657722 0.252438 0.0332805 0.653855 0.269558 0.0359791 0.661658 0.263718 0.0359791 0.659464 0.266032 0.0348234 0.661286 0.249115 0.03526 0.60186 0.250191 0.0359791 0.601245 0.24965 0.0356699 0.601604 0.326 0.0116599 0.591999 0.326 0.00591503 0.590503 0.326 0.0116002 0.59121 0.326 -0.0324761 0.61195 0.326 -0.0342144 0.617626 0.326 -0.0346327 0.61623 0.326 8.57253e-18 0.59 0.326 -0.0058803 0.589761 0.326 -1.47165e-16 0.589274 0.326 0.0058803 0.589761 0.326 -0.0116002 0.59121 0.326 -0.00591503 0.590503 0.326 -0.0170037 0.59358 0.326 -0.0116599 0.591999 0.326 -0.0219433 0.596807 0.326 -0.0170693 0.594445 0.326 -0.0262844 0.600803 0.326 -0.0219877 0.597769 0.326 -0.0299086 0.60546 0.326 -0.0262735 0.601876 0.326 -0.0327169 0.610649 0.326 -0.0298035 0.606649 0.326 -0.0356039 0.62205 0.326 -0.0349685 0.623515 0.326 -0.0356039 0.62795 0.326 -0.0347165 0.629446 0.326 -0.0346327 0.63377 0.326 -0.0334658 0.635249 0.326 -0.0327169 0.639351 0.326 -0.0312524 0.640757 0.326 -0.0299086 0.64454 0.326 -0.0281399 0.645812 0.326 -0.0262844 0.649197 0.326 -0.0242179 0.650268 0.326 -0.0219433 0.653193 0.326 -0.0195991 0.653998 0.326 -0.0170037 0.65642 0.326 -0.0144165 0.656893 0.326 -0.0116002 0.65879 0.326 -0.00881923 0.658871 0.326 -0.0058803 0.660239 0.326 -0.00296821 0.659874 0.326 -2.15167e-17 0.660726 0.326 0.00296821 0.659874 0.326 0.0058803 0.660239 0.326 0.00881923 0.658871 0.326 0.0116002 0.65879 0.326 0.0144165 0.656893 0.326 0.0170037 0.65642 0.326 0.0195991 0.653998 0.326 0.0219433 0.653193 0.326 0.0242179 0.650268 0.326 0.0262844 0.649197 0.326 0.0281399 0.645812 0.326 0.0299086 0.64454 0.326 0.0312524 0.640757 0.326 0.0327169 0.639351 0.326 0.0334658 0.635249 0.326 0.0346327 0.63377 0.326 0.0347165 0.629446 0.326 0.0356039 0.62795 0.326 0.0349685 0.623515 0.326 0.0356039 0.62205 0.326 0.0342144 0.617626 0.326 0.0346327 0.61623 0.326 0.0324761 0.61195 0.326 0.0327169 0.610649 0.326 0.0298035 0.606649 0.326 0.0299086 0.60546 0.326 0.0262735 0.601876 0.326 0.0262844 0.600803 0.326 0.0219877 0.597769 0.326 0.0219433 0.596807 0.326 0.0170693 0.594445 0.326 0.0170037 0.59358 0.23973 -0.0367095 0.650232 0.254102 -0.0375788 0.64192 0.241011 -0.0367247 0.651658 0.28 -0.0375788 0.594065 0.274908 -0.0375788 0.594487 0.280035 -0.0372865 0.588488 0.244118 -0.0367842 0.653935 0.242493 -0.0367499 0.652908 0.257241 -0.0375788 0.645952 0.245865 -0.0368278 0.654727 0.260999 -0.0375788 0.649412 0.252588 -0.0369673 0.656637 0.265277 -0.0375788 0.652206 0.259312 -0.0371068 0.658547 0.266146 -0.0371986 0.659904 0.269956 -0.0375788 0.654259 0.274908 -0.0375788 0.655513 0.27309 -0.0372426 0.660707 0.28 -0.0375788 0.655935 0.280035 -0.0372865 0.661511 0.283199 -0.0372868 0.661366 0.284385 -0.0375788 0.655622 0.28634 -0.0372865 0.660957 0.288681 -0.0375788 0.654692 0.290811 -0.0372865 0.659874 0.292802 -0.0375788 0.653161 0.29511 -0.0372865 0.658238 0.238675 -0.0367044 0.648659 0.235626 -0.0367044 0.642276 0.251671 -0.0375788 0.637426 0.233564 -0.0367044 0.635537 0.250012 -0.0375788 0.632594 0.249171 -0.0375788 0.627555 0.232515 -0.0367044 0.62855 0.249171 -0.0375788 0.622445 0.233557 -0.0367044 0.614487 0.232513 -0.0367044 0.621481 0.235626 -0.0367044 0.607724 0.250012 -0.0375788 0.617406 0.251671 -0.0375788 0.612574 0.254102 -0.0375788 0.60808 0.238675 -0.0367044 0.601341 0.241011 -0.0367247 0.598342 0.23973 -0.0367095 0.599769 0.244118 -0.0367842 0.596065 0.242493 -0.0367499 0.597092 0.257241 -0.0375788 0.604048 0.245865 -0.0368278 0.595273 0.252588 -0.0369673 0.593363 0.260999 -0.0375788 0.600588 0.27309 -0.0372426 0.589293 0.269956 -0.0375788 0.595741 0.265277 -0.0375788 0.597794 0.259312 -0.0371068 0.591453 0.266146 -0.0371986 0.590096 0.2832 -0.0372868 0.588634 0.28634 -0.0372865 0.589043 0.285224 -0.0375788 0.59451 0.295076 -0.0375788 0.597987 0.290298 -0.0375788 0.59583 0.292426 -0.0372865 0.590668 0.306329 -0.0375788 0.60876 0.303208 -0.0375788 0.604547 0.307799 -0.0372865 0.601329 0.299421 -0.0375788 0.600921 0.298141 -0.0372865 0.593314 0.303317 -0.0372865 0.596904 0.311892 -0.0372857 0.607194 0.312003 -0.0372853 0.607377 0.311672 -0.0372863 0.606827 0.311562 -0.0372865 0.606643 0.312227 -0.0372841 0.607742 0.312115 -0.0372848 0.607559 0.312566 -0.0372816 0.608286 0.312453 -0.0372825 0.608105 0.31234 -0.0372834 0.607923 0.312795 -0.0372795 0.608648 0.308693 -0.0375788 0.613439 0.312681 -0.0372806 0.608467 0.313143 -0.0372755 0.609188 0.313259 -0.037274 0.609367 0.312911 -0.0372782 0.608828 0.313026 -0.0372769 0.609008 0.314573 -0.0372514 0.611319 0.314695 -0.0372488 0.611495 0.313376 -0.0372724 0.609546 0.314331 -0.0372563 0.639033 0.31421 -0.0372586 0.639209 0.307645 -0.0375788 0.638883 0.315064 -0.0372405 0.612021 0.315187 -0.0372376 0.612196 0.316189 -0.0372113 0.613583 0.316062 -0.0372149 0.613411 0.314695 -0.0372488 0.638505 0.314573 -0.0372514 0.638681 0.309592 -0.0375788 0.634015 0.310233 -0.0375788 0.61845 0.316445 -0.0372037 0.613926 0.316575 -0.0371998 0.614096 0.316317 -0.0372076 0.613755 0.316705 -0.0371958 0.614266 0.316836 -0.0371917 0.614435 0.315559 -0.0372284 0.637282 0.315684 -0.0372251 0.637108 0.316062 -0.0372149 0.636589 0.316189 -0.0372113 0.636417 0.316967 -0.0371875 0.614604 0.317234 -0.0371786 0.614938 0.3171 -0.0371831 0.614771 0.317506 -0.0371693 0.615269 0.31737 -0.037174 0.615104 0.317644 -0.0371644 0.615433 0.316705 -0.0371958 0.635734 0.316575 -0.0371998 0.635904 0.316967 -0.0371875 0.635396 0.316836 -0.0371917 0.635565 0.3171 -0.0371831 0.635229 0.317783 -0.0371594 0.615595 0.317924 -0.0371543 0.615756 0.317234 -0.0371786 0.635062 0.318067 -0.037149 0.615915 0.318212 -0.0371435 0.616072 0.31836 -0.0371378 0.616227 0.318511 -0.0371318 0.616378 0.317369 -0.037174 0.634896 0.317506 -0.0371693 0.634731 0.318665 -0.0371256 0.616526 0.317644 -0.0371645 0.634567 0.317783 -0.0371595 0.634405 0.317924 -0.0371543 0.634244 0.318066 -0.037149 0.634085 0.318212 -0.0371435 0.633928 0.319155 -0.0371049 0.61694 0.318986 -0.0371122 0.616809 0.318823 -0.037119 0.61667 0.319329 -0.0370973 0.617063 0.31851 -0.0371318 0.633621 0.318359 -0.0371378 0.633773 0.319511 -0.0370891 0.617176 0.310689 -0.0375788 0.628888 0.318823 -0.0371191 0.633329 0.318665 -0.0371256 0.633473 0.319701 -0.0370803 0.617274 0.318986 -0.0371122 0.633191 0.319899 -0.0370709 0.617354 0.324444 -0.0368703 0.624375 0.310905 -0.0375788 0.62365 0.324241 -0.0368791 0.623127 0.320105 -0.0370609 0.617409 0.324242 -0.036879 0.626868 0.319329 -0.0370973 0.632935 0.319154 -0.037105 0.633059 0.320318 -0.0370501 0.632564 0.320896 -0.0370205 0.632546 0.319511 -0.0370891 0.632822 0.319899 -0.0370709 0.632644 0.320105 -0.0370609 0.632591 0.323835 -0.0368965 0.628144 0.319701 -0.0370803 0.632723 0.324474 -0.036869 0.625613 0.322665 -0.0369465 0.630353 0.32187 -0.03698 0.631425 0.322669 -0.0369463 0.61965 0.323292 -0.0369198 0.62066 0.320318 -0.0370502 0.617436 0.321872 -0.0369799 0.618577 0.320896 -0.0370205 0.617454 0.323841 -0.0368963 0.621826 0.323273 -0.0369206 0.629382 0.316445 -0.0372037 0.636074 0.316317 -0.0372076 0.636245 0.315936 -0.0372184 0.636762 0.31581 -0.0372218 0.636935 0.315435 -0.0372315 0.637456 0.315311 -0.0372346 0.63763 0.315187 -0.0372376 0.637804 0.315064 -0.0372405 0.637979 0.31494 -0.0372434 0.638154 0.314818 -0.0372461 0.638329 0.315936 -0.0372184 0.613238 0.315684 -0.0372251 0.612892 0.31581 -0.0372218 0.613065 0.314452 -0.0372539 0.638857 0.315559 -0.0372284 0.612718 0.314089 -0.0372609 0.639386 0.315435 -0.0372315 0.612544 0.313969 -0.037263 0.639564 0.315311 -0.0372346 0.61237 0.31385 -0.0372651 0.639741 0.314941 -0.0372434 0.611846 0.313731 -0.0372671 0.639919 0.314818 -0.0372461 0.611671 0.313612 -0.0372689 0.640097 0.313494 -0.0372707 0.640275 0.313376 -0.0372724 0.640454 0.313259 -0.037274 0.640633 0.313143 -0.0372755 0.640812 0.313026 -0.0372769 0.640992 0.312911 -0.0372782 0.641172 0.314452 -0.0372539 0.611143 0.312795 -0.0372795 0.641352 0.314331 -0.0372563 0.610967 0.312681 -0.0372806 0.641533 0.312566 -0.0372816 0.641714 0.31421 -0.0372586 0.610791 0.312453 -0.0372825 0.641895 0.31234 -0.0372834 0.642077 0.314089 -0.0372609 0.610614 0.312227 -0.0372841 0.642258 0.313969 -0.037263 0.610436 0.312115 -0.0372848 0.642441 0.31385 -0.0372651 0.610259 0.312003 -0.0372853 0.642623 0.313731 -0.0372671 0.610081 0.311892 -0.0372857 0.642806 0.313612 -0.0372689 0.609903 0.313494 -0.0372707 0.609725 0.311672 -0.0372863 0.643173 0.311782 -0.0372861 0.642989 0.311453 -0.0372865 0.643541 0.311562 -0.0372865 0.643357 0.308263 -0.0372865 0.648114 0.304903 -0.0375788 0.643352 0.301447 -0.0375788 0.647293 0.304414 -0.0372865 0.652148 0.297374 -0.0375788 0.650595 0.299995 -0.0372865 0.65555 0.311782 -0.0372861 0.607011 0.311453 -0.0372865 0.606459 0.307698 -0.0305976 0.651528 0.303913 -0.0364543 0.653815 0.30851 -0.0364543 0.649276 0.303245 -0.024786 0.656432 0.302308 -0.0235479 0.65727 0.299269 -0.0273887 0.658655 0.306843 -0.029492 0.652605 0.286502 -0.0364544 0.661876 0.292743 -0.0364543 0.66021 0.286734 -0.0273731 0.663192 0.304168 -0.0260011 0.655546 0.310114 -0.0337089 0.647997 0.309335 -0.0327086 0.649224 0.292119 -0.0083532 0.663476 0.291362 -0.00678488 0.663763 0.287 -0.00914589 0.664697 0.310862 -0.0346686 0.646719 0.290175 -0.00348557 0.664172 0.289839 -0.00176197 0.66428 0.287033 -3.21965e-16 0.664885 0.311578 -0.0355848 0.645392 0.312258 -0.0364543 0.644015 0.301363 -0.0222866 0.658062 0.308529 -0.0316707 0.650401 0.305969 -0.0283561 0.653634 0.305077 -0.0271919 0.654614 0.300411 -0.0210022 0.658808 0.299454 -0.0196947 0.659507 0.293198 -0.0273887 0.661466 0.298497 -0.018364 0.66016 0.297542 -0.0170106 0.660768 0.296592 -0.0156349 0.661332 0.293523 -0.018291 0.662363 0.298605 -0.0364543 0.657496 0.29565 -0.0142366 0.661851 0.2869 -0.0182703 0.664132 0.29472 -0.0128146 0.662326 0.293813 -0.0113632 0.662756 0.292941 -0.00987777 0.66314 0.290698 -0.00516425 0.663997 0.289711 -1.65178e-16 0.664318 0.27999 -0.0273879 0.66378 0.279997 -0.0364542 0.662445 0.283263 -0.0364592 0.662297 0.283499 0.0121296 0.665049 0.283525 -2.3295e-05 0.665338 0.287002 0.00914884 0.66471 0.28691 0.0182702 0.664187 0.286756 0.0273642 0.663316 0.283417 0.0242864 0.664108 0.286502 -0.0364544 0.661876 0.286734 -0.0273731 0.663192 0.283404 -0.0243178 0.663962 0.279993 0.00915015 0.665322 0.2869 -0.0182703 0.664132 0.283493 -0.0121724 0.664976 0.287 -0.00914589 0.664697 0.279989 -0.0182901 0.664735 0.279992 -0.00916082 0.665308 0.27999 0.018272 0.664791 0.28 -3.45958e-09 0.6655 0.286541 0.0364307 0.662097 0.283283 0.0364469 0.662516 0.279991 0.0273654 0.663907 0.279997 0.0364306 0.66267 0.287033 -3.21965e-16 0.664885 0.231556 -0.0180705 0.642499 0.232719 -0.0270242 0.642079 0.23621 -0.0267489 0.649752 0.230482 -0.0270242 0.633669 0.231869 -0.0359235 0.631302 0.233086 -0.0359235 0.637463 0.23503 -0.0177034 0.650197 0.231458 -0.0359235 0.625 0.229729 -0.0270242 0.625 0.235099 -0.0359235 0.643444 0.237873 -0.0359235 0.649118 0.229264 -0.0180705 0.633883 0.229179 -3.19203e-17 0.638168 0.230857 -0.0090624 0.642751 0.231256 -3.49992e-17 0.6445 0.228493 -0.0180705 0.625 0.228532 -0.0090624 0.634011 0.227924 -2.99016e-17 0.631655 0.22775 -0.0090624 0.625 0.234334 -0.00878712 0.650453 0.234121 2.9042e-17 0.650521 0.2275 -1.66744e-16 0.625 0.2625 -0.0363414 0.660421 0.266842 -0.0277481 0.662471 0.253929 -0.0273883 0.65967 0.260332 -1.35447e-16 0.663025 0.250769 -1.34448e-16 0.660478 0.253929 -0.00916262 0.661227 0.245556 -0.0359881 0.655617 0.253958 -0.0361948 0.658366 0.271179 -0.0364279 0.661781 0.266842 -0.0185323 0.663456 0.27999 -0.0273879 0.66378 0.266842 -0.00928296 0.664048 0.279997 -0.0364542 0.662445 0.270109 -1.35003e-16 0.664707 0.253929 -0.0182921 0.660643 0.279992 -0.00916082 0.665308 0.28 -3.45958e-09 0.6655 0.241701 -0.00897264 0.656994 0.242469 -0.0179615 0.656725 0.241449 2.89294e-17 0.657071 0.243754 -0.0269667 0.656266 0.279989 -0.0182901 0.664735 0.253929 -0.0273883 0.59033 0.253958 -0.0361948 0.591634 0.245556 -0.0359881 0.594383 0.279989 -0.0182919 0.585266 0.266842 -0.0185323 0.586544 0.266842 -0.00928296 0.585952 0.2625 -0.0363414 0.589579 0.266842 -0.0277481 0.587529 0.271179 -0.0364279 0.588219 0.279997 -0.0364542 0.587555 0.27999 -0.0273892 0.58622 0.242469 -0.0179615 0.593275 0.253929 -0.0182921 0.589357 0.243754 -0.0269667 0.593734 0.253929 -0.00916262 0.588773 0.270109 1.81744e-16 0.585293 0.279992 -0.00916213 0.584692 0.260355 1.80744e-16 0.58697 0.241701 -0.00897264 0.593006 0.250769 1.80078e-16 0.589522 0.241449 4.4939e-17 0.592929 0.28 -1.72968e-09 0.5845 0.229264 -0.0180705 0.616117 0.231556 -0.0180705 0.607501 0.230482 -0.0270242 0.616331 0.235099 -0.0359235 0.606556 0.232719 -0.0270242 0.607921 0.23621 -0.0267489 0.600248 0.229729 -0.0270242 0.625 0.231869 -0.0359235 0.618698 0.233094 -0.0359235 0.612507 0.231458 -0.0359235 0.625 0.237873 -0.0359235 0.600882 0.228493 -0.0180705 0.625 0.227924 -1.60099e-16 0.618345 0.229187 -1.57223e-16 0.611802 0.228532 -0.0090624 0.615989 0.234334 -0.00878712 0.599547 0.230857 -0.0090624 0.607249 0.231256 -1.54347e-16 0.6055 0.23503 -0.0177034 0.599803 0.22775 -0.0090624 0.625 0.2275 -1.66744e-16 0.625 0.234121 4.54952e-17 0.599479 0.290187 -0.00348866 0.58583 0.290713 -0.00516272 0.586005 0.287 -0.00914589 0.585303 0.292125 -0.00835083 0.586524 0.292947 -0.00987543 0.586861 0.29137 -0.00678224 0.586238 0.294724 -0.0128124 0.587674 0.293523 -0.018291 0.587637 0.293818 -0.0113609 0.587244 0.2869 -0.0182703 0.585868 0.293198 -0.0273887 0.588534 0.286734 -0.0273731 0.586808 0.295652 -0.0142354 0.588149 0.286502 -0.0364544 0.588124 0.298498 -0.018364 0.589839 0.297544 -0.0170105 0.589232 0.299269 -0.0273887 0.591345 0.300411 -0.0210021 0.591192 0.301364 -0.0222865 0.591937 0.299455 -0.0196945 0.590493 0.30231 -0.0235477 0.59273 0.303246 -0.0247862 0.593568 0.304169 -0.0260014 0.594453 0.305077 -0.0271922 0.595386 0.303913 -0.0364543 0.596185 0.298605 -0.0364543 0.592504 0.306844 -0.0294926 0.597395 0.30597 -0.0283566 0.596366 0.307698 -0.0305981 0.598472 0.30851 -0.0364543 0.600724 0.308529 -0.031671 0.599599 0.309336 -0.0327091 0.600776 0.310115 -0.0337097 0.602003 0.310863 -0.0346695 0.603281 0.312258 -0.0364543 0.605985 0.311578 -0.0355849 0.604608 0.296594 -0.0156343 0.588669 0.287033 -4.29926e-16 0.585115 0.289839 -0.00176239 0.58572 0.289711 -1.65178e-16 0.585682 0.292743 -0.0364543 0.58979 0.283283 0.0364469 0.587484 0.279991 0.0273627 0.586093 0.279997 0.0364306 0.58733 0.279993 0.00914744 0.584678 0.283499 0.0121296 0.584951 0.283525 -2.3295e-05 0.584662 0.283493 -0.0121724 0.585024 0.283404 -0.0243178 0.586038 0.279989 -0.0182919 0.585266 0.286541 0.0364307 0.587903 0.286756 0.0273642 0.586684 0.27999 0.0182683 0.585209 0.283417 0.0242864 0.585892 0.28691 0.0182702 0.585813 0.287002 0.00914884 0.58529 0.28 -1.72968e-09 0.5845 0.279992 -0.00916213 0.584692 0.283263 -0.0364592 0.587703 0.286734 -0.0273731 0.586808 0.2869 -0.0182703 0.585868 0.287 -0.00914589 0.585303 0.279997 -0.0364542 0.587555 0.27999 -0.0273892 0.58622 0.286502 -0.0364544 0.588124 0.287033 -4.29926e-16 0.585115 0.321095 -0.0201157 0.656967 0.321095 -0.024968 0.65334 0.325251 -0.0225379 0.653957 0.32346 0.0368834 0.629507 0.325251 0.0355712 0.634008 0.325251 0.0365687 0.62803 0.325251 -0.0269967 0.649852 0.321095 -0.0291781 0.648983 0.321095 -0.0326375 0.644009 0.325251 -0.030719 0.64507 0.324633 -0.0368396 0.625668 0.325251 -0.0365687 0.62803 0.324421 -0.0368473 0.62699 0.324669 -0.0368384 0.624333 0.321095 -0.0352571 0.638546 0.325251 -0.0336034 0.63974 0.324042 -0.0368611 0.628277 0.325251 -0.0355712 0.634008 0.322769 -0.0369084 0.630636 0.323469 -0.0368824 0.629491 0.321095 -0.0369695 0.632734 0.321971 -0.0369377 0.631716 0.325251 -0.0174644 0.657271 0.321095 -0.0147459 0.659772 0.325251 -0.0119145 0.659706 0.325251 -0.00603964 0.661194 0.321095 -0.00899705 0.661682 0.324017 -0.0368627 0.621735 0.323472 -0.036883 0.62051 0.325251 -0.0365687 0.62197 0.32442 -0.0368476 0.623012 0.321095 -0.0284467 0.600154 0.325251 -0.030719 0.60493 0.321095 -0.0322515 0.605343 0.321095 -0.0238164 0.595685 0.321095 -0.0184948 0.592068 0.325251 -0.0225379 0.596043 0.325251 -0.0336034 0.61026 0.321095 -0.0351201 0.611103 0.325251 -0.0355712 0.615992 0.321095 -0.0369695 0.617266 0.325251 -0.0269967 0.600148 0.321095 -0.00641122 0.587778 0.325251 -0.0119145 0.590294 0.321095 -0.0126364 0.589407 0.325251 -0.0174644 0.592729 0.325251 -0.00603964 0.588806 0.325251 6.06879e-17 0.588306 0.321095 -5.69074e-15 0.58723 0.32197 -0.0369379 0.618285 0.32277 -0.0369088 0.619364 0.325251 -4.88862e-17 0.661694 0.321095 -0.00301705 0.662648 0.325251 0.00603964 0.661194 0.321095 0.00304022 0.662646 0.321095 0.00901893 0.661676 0.325251 0.0119145 0.659706 0.325251 0.0174644 0.657271 0.321095 0.0147653 0.659763 0.325251 0.0225379 0.653957 0.321095 0.0201317 0.656956 0.321095 0.0249801 0.653328 0.325251 0.0269967 0.649852 0.325251 0.030719 0.64507 0.321095 0.0291862 0.648972 0.325251 0.0336034 0.63974 0.321095 0.0326418 0.644001 0.321095 0.0352571 0.638546 0.321095 0.0369695 0.632734 0.325251 0.0355712 0.615992 0.321095 0.0351201 0.611103 0.321095 0.0369695 0.617266 0.321095 0.0238164 0.595685 0.321095 0.0284467 0.600154 0.325251 0.0269967 0.600148 0.321095 0.0322515 0.605343 0.325251 0.0336034 0.61026 0.325251 0.030719 0.60493 0.321095 0.0126364 0.589407 0.325251 0.0174644 0.592729 0.325251 0.0119145 0.590294 0.325251 0.0225379 0.596043 0.321095 0.0184948 0.592068 0.325251 0.00603964 0.588806 0.321095 0.00641122 0.587778 0.321963 0.0369382 0.618273 0.322755 0.0369093 0.619341 0.324668 0.0368384 0.625662 0.325251 0.0365687 0.62197 0.324667 0.0368385 0.624318 0.323454 0.0368836 0.620482 0.324446 0.0368468 0.622992 0.324032 0.0368622 0.621705 0.324034 0.0368621 0.628287 0.324447 0.0368467 0.626996 0.322762 0.0369091 0.630648 0.321966 0.0369381 0.631722 0.292802 0.00956048 0.663218 0.287002 0.00914884 0.66471 0.292022 0.00807877 0.663528 0.291317 0.00654759 0.663786 0.293541 0.0182702 0.662417 0.293642 0.0110014 0.66286 0.294515 0.0124092 0.662459 0.28691 0.0182702 0.664187 0.296322 0.0151459 0.661533 0.297243 0.016478 0.661008 0.295409 0.0137907 0.662017 0.286756 0.0273642 0.663316 0.292819 0.0364307 0.660421 0.286541 0.0364307 0.662097 0.300035 0.0203464 0.659181 0.29933 0.0273642 0.658766 0.299104 0.0190776 0.659832 0.298171 0.0177882 0.66044 0.29324 0.0273642 0.661585 0.300964 0.021595 0.658487 0.301886 0.0228244 0.657752 0.304596 0.0263881 0.655291 0.303704 0.0252225 0.656155 0.3028 0.0240338 0.656975 0.298715 0.0364307 0.657692 0.304055 0.0364307 0.653989 0.305474 0.0275298 0.654382 0.307185 0.029735 0.652429 0.308012 0.0307952 0.651383 0.306338 0.0286463 0.653428 0.308679 0.0364307 0.649424 0.308819 0.0318245 0.650291 0.310359 0.033782 0.647968 0.311087 0.0347053 0.646736 0.309602 0.0328205 0.649153 0.311785 0.035589 0.645457 0.312449 0.0364307 0.644133 0.290731 0.00496638 0.66399 0.290243 0.00334551 0.664151 0.287033 -3.21965e-16 0.664885 0.289923 0.00168528 0.664253 0.289711 -1.65178e-16 0.664318 0.287002 0.00914884 0.58529 0.290206 0.00336084 0.585831 0.287033 -4.29926e-16 0.585115 0.29933 0.0273642 0.591234 0.298715 0.0364307 0.592308 0.304597 0.0263882 0.594709 0.302801 0.0240342 0.593024 0.303705 0.0252225 0.593845 0.307186 0.0297355 0.597572 0.304055 0.0364307 0.596011 0.308014 0.0307957 0.598617 0.308679 0.0364307 0.600576 0.286541 0.0364307 0.587903 0.292819 0.0364307 0.589579 0.29324 0.0273642 0.588415 0.311089 0.0347062 0.603265 0.31036 0.0337825 0.602033 0.309603 0.0328215 0.600847 0.312449 0.0364307 0.605867 0.311785 0.0355889 0.604543 0.289923 0.0016853 0.585747 0.289711 -1.65178e-16 0.585682 0.292031 0.00807591 0.586473 0.291319 0.0065525 0.586206 0.301887 0.0228244 0.592247 0.300966 0.0215951 0.591512 0.30882 0.0318247 0.599709 0.306339 0.0286461 0.596572 0.305476 0.0275302 0.595618 0.300038 0.0203459 0.590819 0.299105 0.0190774 0.590168 0.298174 0.0177879 0.589559 0.293541 0.0182702 0.587583 0.297245 0.0164771 0.588992 0.296324 0.0151437 0.588467 0.295415 0.013787 0.587984 0.294521 0.0124061 0.587543 0.293651 0.0109977 0.587142 0.28691 0.0182702 0.585813 0.292813 0.00955741 0.586784 0.290689 0.00498462 0.585988 0.286756 0.0273642 0.586684 0.266334 0.0340133 0.661686 0.266849 0.0272631 0.662657 0.269759 0.0351719 0.662016 0.266849 0.00911513 0.66407 0.253933 0.00900544 0.661248 0.260332 -1.35447e-16 0.663025 0.273307 0.0364219 0.662227 0.279991 0.0273654 0.663907 0.276642 0.0364315 0.662499 0.262773 0.0324487 0.661269 0.279997 0.0364306 0.66267 0.260407 0.0315833 0.660896 0.25787 0.0310307 0.660381 0.253933 0.0179838 0.660725 0.253933 0.026935 0.659853 0.255333 0.0307204 0.659768 0.266849 0.0182028 0.66354 0.24808 0.0300869 0.657616 0.245204 0.0228689 0.657411 0.270109 -1.35003e-16 0.664707 0.250769 -1.34448e-16 0.660478 0.279993 0.00915015 0.665322 0.27999 0.018272 0.664791 0.24187 0.0077423 0.657116 0.241449 2.89294e-17 0.657071 0.28 -3.45958e-09 0.6655 0.243132 0.0154081 0.657241 0.251805 0.0304299 0.658788 0.228913 0.0156613 0.629566 0.228887 0.0155374 0.629498 0.229174 0.0151538 0.63245 0.228796 0.0151691 0.629079 0.228777 0.0151167 0.628943 0.228338 0.00761892 0.632573 0.234121 2.9042e-17 0.650521 0.234483 0.00767882 0.65058 0.232685 0.00761892 0.647081 0.228963 0.0159352 0.629648 0.228938 0.0157953 0.629617 0.229983 0.00761892 0.639986 0.233451 0.0151538 0.646724 0.228839 0.0153242 0.629314 0.228816 0.0152381 0.629202 0.228863 0.0154251 0.629414 0.22778 0.00755768 0.625 0.2275 -1.66744e-16 0.625 0.227924 -2.99016e-17 0.631655 0.22875 0.0150738 0.628656 0.228762 0.0150845 0.628802 0.228619 0.0150738 0.625 0.228987 0.0160788 0.629658 0.234724 0.0226048 0.64613 0.234433 0.0299717 0.640087 0.232138 0.0226048 0.63934 0.230156 0.0221952 0.629617 0.230564 0.0226048 0.632246 0.237419 0.0228644 0.651032 0.239908 0.0299717 0.651393 0.236799 0.0299717 0.64592 0.231621 0.0279654 0.629566 0.23285 0.0299717 0.633994 0.231931 0.0292475 0.628801 0.232012 0.029639 0.628298 0.232079 0.0299717 0.627747 0.231836 0.028804 0.629246 0.231716 0.0283117 0.629516 0.231759 0.0284778 0.629456 0.23167 0.0281399 0.629553 0.229179 -3.19203e-17 0.638168 0.231256 -3.49992e-17 0.6445 0.230792 0.0151538 0.639743 0.235589 0.0153306 0.650752 0.251687 0.0304197 0.591247 0.255333 0.0307204 0.590232 0.253933 0.026935 0.590147 0.276642 0.0364315 0.587501 0.279997 0.0364306 0.58733 0.279991 0.0273627 0.586093 0.273307 0.0364219 0.587773 0.260355 1.80744e-16 0.58697 0.250769 1.80078e-16 0.589522 0.253933 0.00900544 0.588752 0.269759 0.0351719 0.587984 0.28 -1.72968e-09 0.5845 0.270109 1.81744e-16 0.585293 0.279993 0.00914744 0.584678 0.266849 0.00911513 0.58593 0.241861 0.00768206 0.592885 0.241449 4.4939e-17 0.592929 0.253933 0.0179838 0.589275 0.24312 0.0153588 0.59276 0.24808 0.0300869 0.592384 0.266849 0.0182028 0.58646 0.257864 0.0310297 0.589621 0.266849 0.0272631 0.587343 0.260399 0.0315807 0.589106 0.262773 0.0324487 0.588731 0.266203 0.0339632 0.588328 0.27999 0.0182683 0.585209 0.245196 0.0228452 0.59259 0.228839 0.0153239 0.620686 0.229174 0.0151538 0.61755 0.228816 0.0152383 0.620798 0.228863 0.0154249 0.620586 0.232685 0.00761892 0.602919 0.234121 4.54952e-17 0.599479 0.231256 -1.54347e-16 0.6055 0.228887 0.0155378 0.620502 0.229187 -1.57223e-16 0.611802 0.229983 0.00761892 0.610014 0.228963 0.0159353 0.620352 0.228938 0.0157953 0.620383 0.234476 0.00761353 0.59942 0.236799 0.0299717 0.60408 0.239908 0.0299717 0.598607 0.237376 0.0227055 0.598974 0.233451 0.0151538 0.603276 0.234724 0.0226048 0.60387 0.235562 0.0151981 0.59925 0.232138 0.0226048 0.61066 0.231621 0.0279654 0.620434 0.23285 0.0299717 0.616006 0.230564 0.0226048 0.617754 0.23167 0.0281399 0.620447 0.234433 0.0299717 0.609913 0.231716 0.0283117 0.620484 0.231759 0.0284778 0.620544 0.231836 0.028804 0.620754 0.23193 0.0292453 0.621197 0.232012 0.029638 0.6217 0.232079 0.0299717 0.622253 0.228987 0.0160788 0.620342 0.228338 0.00761892 0.617427 0.227924 -1.60099e-16 0.618345 0.22778 0.00755768 0.625 0.228912 0.0156609 0.620434 0.228796 0.0151688 0.620922 0.228762 0.0150845 0.621198 0.228777 0.0151166 0.621057 0.2275 -1.66744e-16 0.625 0.22875 0.0150738 0.621344 0.228619 0.0150738 0.625 0.230156 0.0221952 0.620383 0.230792 0.0151538 0.610257 0.2481 0.0308815 0.592673 0.24808 0.0306308 0.592541 0.246966 0.0306018 0.592995 0.24763 0.0309124 0.592891 0.248132 0.0311112 0.592836 0.246316 0.0302969 0.593169 0.248074 0.0303642 0.592444 0.245681 0.0299985 0.593412 0.24808 0.0300869 0.592384 0.241748 0.0309744 0.597321 0.2407 0.0311373 0.599129 0.242344 0.0311747 0.597098 0.239998 0.0302484 0.598666 0.241203 0.0299408 0.596901 0.239908 0.0299717 0.598607 0.241435 0.0305013 0.597023 0.240289 0.030756 0.598858 0.241577 0.0307545 0.597159 0.242894 0.0302376 0.59539 0.241327 0.0302256 0.596917 0.240126 0.0305134 0.59875 0.242788 0.0299398 0.595351 0.24419 0.0301536 0.59436 0.24463 0.0299698 0.594014 0.240483 0.0309665 0.598986 0.240933 0.0312637 0.599282 0.242193 0.0312827 0.597643 0.242097 0.0313582 0.598205 0.241172 0.0313443 0.599439 0.242545 0.0310416 0.596573 0.242793 0.0308868 0.596072 0.243085 0.0307158 0.595599 0.243415 0.0305338 0.595155 0.243785 0.0303416 0.59474 0.236284 0.0110605 0.597302 0.237233 -3.66387e-18 0.595587 0.235503 -4.02727e-18 0.597416 0.238003 0.010814 0.595485 0.24 0.0105338 0.593984 0.239244 -3.27323e-18 0.594072 0.241861 0.00768206 0.592885 0.241449 4.4939e-17 0.592929 0.245153 0.0298233 0.593666 0.242288 0.0209753 0.59374 0.245021 0.0298297 0.593744 0.24034 0.0215312 0.595199 0.24463 0.0299698 0.594014 0.24489 0.0298563 0.593827 0.245285 0.029837 0.593595 0.245549 0.0299247 0.593468 0.245681 0.0299985 0.593412 0.245417 0.0298708 0.593529 0.24808 0.0300869 0.592384 0.245196 0.0228452 0.59259 0.24312 0.0153588 0.59276 0.244759 0.029903 0.593917 0.234476 0.00761353 0.59942 0.235562 0.0151981 0.59925 0.234121 4.54952e-17 0.599479 0.239908 0.0299717 0.598607 0.238653 0.0220206 0.596974 0.237376 0.0227055 0.598974 0.241203 0.0299408 0.596901 0.242788 0.0299398 0.595351 0.259483 0.0327599 0.590186 0.258808 0.0328192 0.590692 0.258928 0.0330332 0.590887 0.259255 0.0332805 0.590913 0.261438 0.0330813 0.589493 0.256223 0.0331849 0.592871 0.256259 0.0332805 0.592928 0.262421 0.0332805 0.589178 0.256174 0.033091 0.592813 0.256038 0.0329093 0.592697 0.256112 0.0329987 0.592755 0.260459 0.0329078 0.589829 0.255204 0.0324541 0.592286 0.255332 0.0324896 0.592336 0.256577 0.0324701 0.591384 0.258511 0.0326377 0.590564 0.255848 0.0327423 0.592577 0.25595 0.0328233 0.592637 0.257542 0.032541 0.590963 0.255745 0.0326724 0.592521 0.255658 0.0326233 0.592478 0.25556 0.0325759 0.592433 0.25545 0.0325303 0.592385 0.255615 0.0324247 0.591826 0.255068 0.0324247 0.592235 0.242457 0.0324247 0.608097 0.237873 0.0313443 0.605345 0.235474 0.0313443 0.611647 0.24034 0.0324247 0.613945 0.241172 0.0313443 0.599439 0.242868 0.0317599 0.60058 0.242482 0.0316097 0.599826 0.243985 0.0320894 0.601835 0.243375 0.0319214 0.601256 0.242097 0.0313582 0.598205 0.244677 0.0322588 0.6023 0.239127 0.0324247 0.620044 0.234008 0.0313443 0.618245 0.233514 0.0313443 0.624987 0.245431 0.0324247 0.602635 0.238847 0.0324247 0.626255 0.234004 0.0313443 0.631731 0.235467 0.0313443 0.638334 0.239506 0.0324247 0.632437 0.241087 0.0324247 0.638449 0.237873 0.0313443 0.644655 0.241172 0.0313443 0.650561 0.243555 0.0324247 0.644153 0.242272 0.0313634 0.651998 0.246852 0.0324247 0.649419 0.243588 0.0314207 0.653291 0.245093 0.0315153 0.654411 0.246698 0.0316405 0.655309 0.250896 0.0324247 0.654123 0.252061 0.0321323 0.657173 0.248446 0.0317994 0.65602 0.255615 0.0324247 0.658174 0.255068 0.0324247 0.592235 0.255615 0.0324247 0.591826 0.254136 0.0323073 0.592227 0.255547 0.0323474 0.591544 0.251276 0.0318895 0.59249 0.252699 0.0321219 0.592351 0.251799 0.031754 0.59202 0.250042 0.0316392 0.592624 0.255485 0.0322224 0.591265 0.255385 0.0318338 0.590765 0.251748 0.0315374 0.591783 0.255615 0.0324247 0.591826 0.254136 0.0323073 0.592227 0.248994 0.0313797 0.59274 0.248132 0.0311112 0.592836 0.25171 0.0312846 0.591582 0.2481 0.0308815 0.592673 0.251688 0.0310061 0.591424 0.24808 0.0306308 0.592541 0.255333 0.0307204 0.590232 0.25168 0.0307138 0.591312 0.255327 0.0310135 0.590296 0.251687 0.0304197 0.591247 0.248074 0.0303642 0.592444 0.24808 0.0300869 0.592384 0.25543 0.0320498 0.591002 0.255352 0.0315819 0.590565 0.255333 0.0313045 0.590407 0.245665 0.0324945 0.602741 0.245886 0.0325909 0.602827 0.24594 0.0325894 0.602697 0.245774 0.0325933 0.602192 0.245957 0.0326534 0.602255 0.245944 0.032715 0.602116 0.245762 0.03254 0.60233 0.245552 0.0324909 0.602241 0.245583 0.0325523 0.602113 0.245779 0.0326654 0.602063 0.245775 0.0327535 0.601945 0.245607 0.0326315 0.601994 0.245764 0.0328542 0.601843 0.245624 0.0327259 0.601887 0.245516 0.0324491 0.602373 0.245633 0.0328314 0.601795 0.245765 0.032967 0.601765 0.245635 0.0329452 0.60172 0.246247 0.0328477 0.602182 0.246131 0.0327285 0.602302 0.246293 0.0328145 0.602334 0.245961 0.0326115 0.602402 0.245475 0.0324273 0.602506 0.245741 0.0325069 0.602472 0.245431 0.0324247 0.602635 0.245714 0.032494 0.602613 0.246344 0.0328132 0.602651 0.246151 0.0327079 0.602761 0.246348 0.0328436 0.602804 0.246156 0.0326941 0.60261 0.246517 0.0329426 0.602673 0.246538 0.033 0.602826 0.246586 0.033 0.602678 0.246093 0.0327113 0.602892 0.246312 0.0329622 0.602051 0.24619 0.0329009 0.602042 0.2461 0.0327769 0.602156 0.245955 0.0325902 0.602551 0.24589 0.0328863 0.60188 0.245921 0.0327938 0.60199 0.246286 0.0328494 0.602937 0.246149 0.0327006 0.602455 0.246059 0.0328439 0.602022 0.24601 0.0329259 0.601905 0.245895 0.033 0.601797 0.246326 0.032803 0.602492 0.246181 0.0329999 0.60192 0.24604 0.0329999 0.601854 0.246465 0.033 0.602963 0.246489 0.032914 0.602512 0.246445 0.0329075 0.60235 0.246385 0.032924 0.602195 0.246603 0.033 0.602524 0.246583 0.033 0.60237 0.246526 0.033 0.602225 0.246433 0.0329999 0.6021 0.246315 0.033 0.601999 0.254097 0.0325938 0.592786 0.254082 0.0327158 0.592888 0.255019 0.0327688 0.592845 0.254894 0.033 0.592994 0.255004 0.0328838 0.592928 0.254064 0.0328523 0.59297 0.254988 0.0330099 0.592994 0.255045 0.0325793 0.592633 0.254111 0.0324896 0.592666 0.255033 0.0326665 0.592746 0.25413 0.0323445 0.592382 0.255055 0.032509 0.592508 0.255062 0.0324571 0.592375 0.254122 0.0324058 0.59253 0.255068 0.0324247 0.592235 0.254136 0.0323073 0.592227 0.254045 0.033 0.593025 0.251097 0.0327414 0.593075 0.254045 0.033 0.593025 0.25113 0.0325934 0.593058 0.25122 0.0321713 0.592858 0.254111 0.0324896 0.592666 0.251243 0.0320565 0.592749 0.254064 0.0328523 0.59297 0.25413 0.0323445 0.592382 0.251262 0.0319619 0.592624 0.254122 0.0324058 0.59253 0.252699 0.0321219 0.592351 0.251276 0.0318895 0.59249 0.254136 0.0323073 0.592227 0.251192 0.0323025 0.592948 0.254097 0.0325938 0.592786 0.251162 0.0324452 0.593015 0.254082 0.0327158 0.592888 0.253884 0.033 0.593031 0.244651 0.0329301 0.601108 0.245019 0.0328641 0.601419 0.24524 0.0329438 0.601513 0.245765 0.032967 0.601765 0.245895 0.033 0.601797 0.24526 0.033 0.601487 0.245635 0.0329452 0.60172 0.24343 0.033 0.599388 0.243148 0.0328953 0.59873 0.243372 0.0329005 0.599409 0.243219 0.033 0.59661 0.243384 0.0329008 0.595927 0.243153 0.0328954 0.596604 0.243447 0.033 0.595938 0.244627 0.0326989 0.594169 0.244121 0.032606 0.594626 0.244097 0.0326873 0.59467 0.243676 0.0325987 0.595195 0.243656 0.0326776 0.59525 0.245266 0.0329444 0.593835 0.244673 0.0329306 0.594235 0.244713 0.033 0.594256 0.244203 0.033 0.594746 0.244154 0.0329186 0.594726 0.245298 0.033 0.593854 0.245916 0.0329595 0.593536 0.244118 0.0328039 0.594692 0.245244 0.0328293 0.59379 0.245894 0.0327268 0.593458 0.245232 0.0327122 0.593762 0.244644 0.0328158 0.594194 0.247325 0.0326427 0.593171 0.246607 0.0326353 0.593247 0.246597 0.0327422 0.593263 0.24591 0.032628 0.593437 0.247321 0.0328269 0.593199 0.246599 0.0328598 0.593293 0.247318 0.033 0.593269 0.243777 0.033 0.595313 0.243721 0.0329086 0.595296 0.243327 0.0325914 0.595827 0.243313 0.03267 0.595894 0.246618 0.033 0.593355 0.243076 0.0326648 0.596583 0.243084 0.0325841 0.596507 0.242956 0.0326622 0.597302 0.242935 0.0325694 0.59794 0.242955 0.0326622 0.598031 0.242952 0.0325767 0.597218 0.243034 0.0328926 0.598024 0.243212 0.033 0.598715 0.243071 0.0326647 0.59875 0.243034 0.0325621 0.598656 0.2433 0.0326698 0.599443 0.243557 0.0326278 0.59997 0.243662 0.0327936 0.600071 0.243246 0.0325548 0.599346 0.244134 0.0329181 0.600614 0.244098 0.0328035 0.600648 0.243703 0.0329081 0.600043 0.243754 0.033 0.600018 0.244176 0.033 0.600586 0.243103 0.033 0.597308 0.244683 0.033 0.60108 0.244457 0.0327834 0.60102 0.243965 0.0327043 0.600533 0.243327 0.0327861 0.59943 0.2431 0.032781 0.598743 0.243102 0.033 0.598016 0.242985 0.0327784 0.598028 0.243035 0.0328926 0.597309 0.242986 0.0327784 0.597305 0.243105 0.0327811 0.596591 0.24334 0.0327864 0.595907 0.24368 0.032794 0.595268 0.244651 0.0326134 0.594135 0.245937 0.033 0.593553 0.245253 0.0326207 0.593735 0.245902 0.0328441 0.593488 0.247321 0.0328269 0.593199 0.247318 0.033 0.593269 0.253884 0.033 0.593031 0.251097 0.0327414 0.593075 0.247325 0.0326427 0.593171 0.254356 0.0335986 0.593792 0.253698 0.0335814 0.594566 0.254656 0.0336064 0.593785 0.252392 0.0339802 0.596834 0.251848 0.03526 0.598602 0.255302 0.0359791 0.595968 0.251429 0.0359791 0.599769 0.251688 0.0356684 0.599173 0.259674 0.0359791 0.592755 0.259255 0.0332805 0.590913 0.256259 0.0332805 0.592928 0.255156 0.0340541 0.594432 0.264459 0.0359791 0.590196 0.269558 0.0359791 0.588342 0.266032 0.0348234 0.588714 0.262421 0.0332805 0.589178 0.256183 0.0337344 0.593359 0.256126 0.0337982 0.593456 0.256277 0.0334846 0.593083 0.256276 0.0333852 0.593001 0.256229 0.0336608 0.593264 0.256261 0.0335772 0.593171 0.256059 0.0338529 0.593552 0.255985 0.0338995 0.593647 0.255906 0.0339389 0.593741 0.255734 0.0339984 0.593924 0.255822 0.0339717 0.593833 0.25555 0.034035 0.5941 0.255643 0.0340193 0.594012 0.255356 0.0340514 0.594268 0.255453 0.0340448 0.594185 0.255256 0.0340544 0.594351 0.321095 0.0369695 0.617266 0.320902 0.0369991 0.617259 0.321014 0.037 0.617343 0.321095 0.0369695 0.632734 0.321014 0.037 0.632657 0.320901 0.037 0.632736 0.273323 0.0368768 0.662033 0.272768 0.0368837 0.661945 0.273315 0.0367368 0.662123 0.273334 0.037 0.661922 0.272788 0.037 0.66184 0.272751 0.0367521 0.662031 0.27331 0.0365838 0.662188 0.272739 0.0366077 0.662095 0.272923 0.0365481 0.662149 0.273113 0.0364857 0.662193 0.273307 0.0364219 0.662227 0.276669 0.037 0.662203 0.273334 0.037 0.661922 0.273323 0.0368768 0.662033 0.276649 0.0367374 0.662399 0.276655 0.0368812 0.662308 0.273315 0.0367368 0.662123 0.280012 0.037 0.662371 0.280007 0.0368699 0.662486 0.280004 0.0367269 0.662574 0.273307 0.0364219 0.662227 0.276642 0.0364315 0.662499 0.276645 0.0365852 0.662462 0.280001 0.0365782 0.662635 0.279997 0.0364306 0.66267 0.27331 0.0365838 0.662188 0.272788 0.037 0.66184 0.266937 0.037 0.660193 0.266545 0.0368837 0.66016 0.26072 0.0368837 0.657334 0.261437 0.037 0.657628 0.256418 0.037 0.654206 0.255408 0.0367521 0.653619 0.260675 0.0367521 0.657409 0.250868 0.0367521 0.648982 0.255465 0.0368837 0.653553 0.250935 0.0368837 0.648927 0.24291 0.0368837 0.63145 0.242824 0.0367521 0.631465 0.244564 0.0368837 0.63771 0.24719 0.0367521 0.643636 0.244564 0.0368837 0.61229 0.244482 0.0367521 0.612261 0.24291 0.0368837 0.61855 0.242266 0.0367521 0.625 0.242325 0.036609 0.628048 0.255408 0.0367521 0.596381 0.250935 0.0368837 0.601073 0.255465 0.0368837 0.596447 0.24719 0.0367521 0.606364 0.245267 0.036609 0.610091 0.260675 0.0367521 0.592591 0.256255 0.036609 0.595592 0.26072 0.0368837 0.592666 0.266847 0.036609 0.589564 0.266513 0.0367521 0.589759 0.272739 0.0366076 0.587905 0.27275 0.0367484 0.587967 0.266545 0.0368837 0.58984 0.272767 0.0368807 0.588053 0.261309 0.036609 0.592147 0.266937 0.037 0.589807 0.272788 0.037 0.58816 0.251822 0.036609 0.599807 0.250868 0.0367521 0.601018 0.248127 0.036609 0.604683 0.247266 0.0368837 0.606407 0.242824 0.0367521 0.618535 0.242327 0.036609 0.621928 0.243316 0.036609 0.61589 0.242354 0.0368837 0.625 0.247266 0.0368837 0.643593 0.244482 0.0367521 0.637739 0.24331 0.036609 0.634087 0.266513 0.0367521 0.660241 0.272768 0.0368837 0.661945 0.272739 0.0366077 0.662095 0.272751 0.0367521 0.662031 0.266847 0.036609 0.660436 0.2613 0.036609 0.657849 0.252015 0.037 0.65002 0.256243 0.036609 0.6544 0.248346 0.037 0.645178 0.25181 0.036609 0.65018 0.245505 0.037 0.639807 0.248116 0.036609 0.645301 0.243568 0.037 0.634047 0.245258 0.036609 0.639889 0.242586 0.037 0.62805 0.242584 0.037 0.621973 0.243562 0.037 0.615975 0.245496 0.037 0.610213 0.248335 0.037 0.604839 0.252003 0.037 0.599993 0.256406 0.037 0.595802 0.261428 0.037 0.592377 0.283265 0.0365824 0.662476 0.286541 0.0364307 0.662097 0.286535 0.0365896 0.66206 0.283262 0.037 0.662215 0.283253 0.0368738 0.662327 0.286508 0.036878 0.661911 0.280012 0.037 0.662371 0.280007 0.0368699 0.662486 0.28649 0.037 0.661804 0.28326 0.0367321 0.662415 0.280004 0.0367269 0.662574 0.280001 0.0365782 0.662635 0.283283 0.0364469 0.662516 0.279997 0.0364306 0.66267 0.286524 0.03674 0.661997 0.273307 0.0364219 0.587773 0.273112 0.0364859 0.587807 0.27331 0.0365838 0.587812 0.272788 0.037 0.58816 0.273334 0.037 0.588078 0.273323 0.0368768 0.587967 0.272767 0.0368807 0.588053 0.273315 0.0367368 0.587877 0.27275 0.0367484 0.587967 0.272739 0.0366076 0.587905 0.272922 0.0365483 0.587852 0.292784 0.0367399 0.660326 0.298665 0.0367399 0.657603 0.298621 0.036878 0.657527 0.30403 0.0365895 0.65396 0.298696 0.0365895 0.657658 0.298715 0.0364307 0.657692 0.312289 0.036873 0.644038 0.312192 0.037 0.643981 0.308534 0.036878 0.649302 0.308452 0.037 0.649231 0.286508 0.036878 0.661911 0.292755 0.036878 0.660243 0.292718 0.037 0.660141 0.30399 0.0367399 0.653911 0.28649 0.037 0.661804 0.286524 0.03674 0.661997 0.286541 0.0364307 0.662097 0.292819 0.0364307 0.660421 0.292806 0.0365895 0.660385 0.303934 0.036878 0.653843 0.304055 0.0364307 0.653989 0.308649 0.0365895 0.649399 0.308601 0.0367399 0.649358 0.312365 0.0367313 0.644083 0.312418 0.0365816 0.644114 0.312449 0.0364307 0.644133 0.308679 0.0364307 0.649424 0.303864 0.037 0.65376 0.298567 0.037 0.657433 0.286535 0.0365896 0.66206 0.280002 0.0365783 0.587365 0.279997 0.0364306 0.58733 0.276642 0.0364315 0.587501 0.280007 0.0368699 0.587514 0.276649 0.0367374 0.587601 0.276655 0.0368812 0.587692 0.276669 0.037 0.587797 0.280012 0.037 0.587628 0.273323 0.0368768 0.587967 0.273334 0.037 0.588078 0.280004 0.0367269 0.587426 0.276645 0.0365852 0.587538 0.273307 0.0364219 0.587773 0.27331 0.0365838 0.587812 0.273315 0.0367368 0.587877 0.312365 0.0367313 0.644083 0.312418 0.0365816 0.644114 0.31517 0.0368725 0.639496 0.31659 0.037 0.637213 0.316188 0.03687 0.638022 0.31717 0.0369424 0.636522 0.315225 0.0367825 0.639533 0.314281 0.0366802 0.641055 0.318172 0.037 0.635034 0.312289 0.036873 0.644038 0.315067 0.037 0.63943 0.313601 0.037 0.641686 0.312192 0.037 0.643981 0.312449 0.0364307 0.644133 0.313356 0.0365629 0.642588 0.283265 0.0365824 0.587524 0.279997 0.0364306 0.58733 0.280002 0.0365783 0.587365 0.286508 0.036878 0.588089 0.283253 0.0368738 0.587673 0.28649 0.037 0.588196 0.28326 0.0367321 0.587585 0.283262 0.037 0.587785 0.280007 0.0368699 0.587514 0.280012 0.037 0.587628 0.286524 0.03674 0.588003 0.286535 0.0365896 0.58794 0.283283 0.0364469 0.587484 0.280004 0.0367269 0.587426 0.286541 0.0364307 0.587903 0.30403 0.0365895 0.59604 0.298696 0.0365895 0.592342 0.298665 0.0367399 0.592397 0.308649 0.0365895 0.600601 0.30399 0.0367399 0.596089 0.292755 0.036878 0.589757 0.286508 0.036878 0.588089 0.28649 0.037 0.588196 0.292718 0.037 0.589859 0.312289 0.036873 0.605962 0.312365 0.0367313 0.605917 0.308534 0.036878 0.600698 0.303934 0.036878 0.596157 0.308601 0.0367399 0.600642 0.308452 0.037 0.600769 0.312192 0.037 0.606019 0.308679 0.0364307 0.600576 0.312449 0.0364307 0.605867 0.298621 0.036878 0.592473 0.298715 0.0364307 0.592308 0.292806 0.0365895 0.589615 0.292819 0.0364307 0.589579 0.286535 0.0365896 0.58794 0.286524 0.03674 0.588003 0.292784 0.0367399 0.589674 0.286541 0.0364307 0.587903 0.298567 0.037 0.592567 0.303864 0.037 0.59624 0.304055 0.0364307 0.596011 0.312418 0.0365816 0.605886 0.322295 0.0369621 0.619123 0.322755 0.0369093 0.619341 0.321963 0.0369382 0.618273 0.321095 0.0369695 0.617266 0.321014 0.037 0.617343 0.321391 0.037 0.618001 0.323583 0.0369074 0.621223 0.323454 0.0368836 0.620482 0.323024 0.0369312 0.620203 0.324397 0.0368723 0.623756 0.324499 0.0368679 0.624993 0.324667 0.0368385 0.624318 0.324093 0.0368855 0.622494 0.324446 0.0368468 0.622992 0.324032 0.0368622 0.621705 0.324094 0.0368854 0.627501 0.324034 0.0368621 0.628287 0.324447 0.0368467 0.626996 0.324668 0.0368384 0.625662 0.324398 0.0368723 0.626235 0.322295 0.0369621 0.630876 0.322762 0.0369091 0.630648 0.323025 0.0369312 0.629796 0.32346 0.0368834 0.629507 0.323584 0.0369073 0.628775 0.321391 0.037 0.631999 0.321966 0.0369381 0.631722 0.321014 0.037 0.632657 0.321095 0.0369695 0.632734 0.312365 0.0367313 0.605917 0.312289 0.036873 0.605962 0.315067 0.037 0.61057 0.313601 0.037 0.608313 0.312192 0.037 0.606019 0.31659 0.037 0.612787 0.315169 0.0368724 0.610502 0.318171 0.037 0.614966 0.31717 0.0369424 0.613477 0.316188 0.0368699 0.611978 0.31428 0.0366802 0.608945 0.312418 0.0365816 0.605886 0.315225 0.0367825 0.610467 0.312449 0.0364307 0.605867 0.313355 0.0365629 0.607412 0.318597 0.0358848 0.637459 0.317885 0.0361539 0.637337 0.317371 0.0356253 0.638845 0.316151 0.0354193 0.640234 0.315553 0.0347784 0.641671 0.316804 0.0350409 0.64032 0.315225 0.0367825 0.639533 0.315545 0.0358894 0.640204 0.316078 0.0364843 0.638734 0.310691 0.028642 0.650699 0.310206 0.0289782 0.650623 0.309309 0.0279909 0.651729 0.313661 0.033781 0.644409 0.314335 0.0345359 0.643043 0.313159 0.0342808 0.64444 0.310591 0.0303196 0.649452 0.311408 0.0312445 0.648259 0.310144 0.0307507 0.649484 0.312365 0.035394 0.644677 0.312449 0.0364307 0.644133 0.311785 0.035589 0.645457 0.312713 0.0317134 0.64705 0.314053 0.0321841 0.645856 0.313483 0.0325479 0.645767 0.308382 0.0269666 0.652793 0.309772 0.0276636 0.6518 0.311579 0.0295833 0.649557 0.311073 0.0299276 0.649476 0.306457 0.0248193 0.654788 0.307852 0.0256012 0.653874 0.30743 0.0259084 0.653813 0.307957 0.0273173 0.652775 0.308865 0.0283558 0.651708 0.307556 0.027695 0.652805 0.306069 0.0251405 0.654775 0.307024 0.0262446 0.653798 0.305699 0.025482 0.654805 0.304457 0.0225639 0.656596 0.305845 0.0234182 0.655766 0.305464 0.0237028 0.655716 0.304106 0.0228545 0.656588 0.302784 0.0219645 0.65745 0.303105 0.021677 0.657423 0.303769 0.02316 0.656616 0.305095 0.0240088 0.655706 0.299778 0.0182285 0.659674 0.300052 0.0179946 0.659648 0.301075 0.0192481 0.658952 0.300332 0.0177678 0.659647 0.301677 0.0187728 0.658981 0.301373 0.019005 0.658953 0.296972 0.0140639 0.661469 0.297998 0.0154036 0.660906 0.296745 0.0142436 0.661492 0.29397 0.00984265 0.662885 0.293788 0.0099667 0.662907 0.292875 0.00846072 0.66328 0.296382 0.0123787 0.661983 0.296165 0.012534 0.661979 0.295144 0.0111461 0.66245 0.295739 0.0128541 0.662011 0.29595 0.0126927 0.661988 0.294155 0.00972003 0.662873 0.295345 0.0110077 0.662451 0.292708 0.00856636 0.663309 0.293044 0.0083558 0.663259 0.291203 0.0034078 0.664013 0.290636 0.00175412 0.664147 0.290768 0.00173214 0.664138 0.292499 0.00665143 0.663558 0.291706 0.00508525 0.663821 0.292658 0.00656849 0.663556 0.291854 0.00502172 0.663816 0.294944 0.0112869 0.662461 0.293215 0.00825186 0.663246 0.294341 0.00959919 0.66287 0.290979 0.0054103 0.663921 0.291717 0.00707743 0.663661 0.291317 0.00654759 0.663786 0.292543 0.00867248 0.663345 0.292022 0.00807877 0.663528 0.289966 -1.62657e-16 0.664263 0.290113 0.00184338 0.664218 0.289838 -1.63913e-16 0.664289 0.290654 0.00358245 0.664067 0.291413 0.0052141 0.663846 0.291267 0.00527921 0.663866 0.289923 0.00168528 0.664253 0.289711 -1.65178e-16 0.664318 0.289983 0.00186592 0.664245 0.290609 -1.56532e-16 0.664182 0.290739 -1.55455e-16 0.664175 0.2909 0.00171035 0.664132 0.292001 0.00495891 0.663816 0.291341 0.00336506 0.66401 0.297436 0.013716 0.66147 0.297203 0.0138877 0.661461 0.294747 0.0114298 0.662483 0.299025 0.0167135 0.660299 0.297755 0.0156015 0.66093 0.298495 0.0150227 0.660913 0.298245 0.0152103 0.6609 0.299557 0.0163003 0.660313 0.299289 0.0165033 0.660296 0.298767 0.0169294 0.660324 0.302094 0.0204752 0.65821 0.301788 0.0207449 0.658237 0.312436 0.0304881 0.648369 0.311909 0.0308396 0.648286 0.300786 0.0194999 0.658978 0.300618 0.0175499 0.659669 0.302409 0.020216 0.658214 0.302732 0.0199699 0.658247 0.303438 0.021402 0.657428 0.304818 0.0222916 0.65664 0.30378 0.0211425 0.657467 0.304741 0.0243323 0.655735 0.306638 0.0266042 0.653828 0.306857 0.024523 0.654844 0.308825 0.026649 0.652859 0.309311 0.0297703 0.650632 0.309743 0.0293569 0.650601 0.308448 0.0287514 0.651739 0.312194 0.0321306 0.647022 0.310947 0.0316932 0.648291 0.312946 0.032977 0.645738 0.311718 0.0325966 0.647054 0.313261 0.0313554 0.647137 0.312456 0.03346 0.64577 0.314908 0.0340849 0.643073 0.314217 0.0333406 0.644439 0.31552 0.0337122 0.643163 0.314808 0.032972 0.644529 0.318875 0.037 0.634177 0.318344 0.0366244 0.635795 0.319074 0.0363603 0.635908 0.304409 0.0246686 0.655802 0.303449 0.0234764 0.65668 0.313819 0.035052 0.643073 0.314963 0.0352393 0.641641 0.314436 0.0357711 0.64167 0.316188 0.03687 0.638022 0.3167 0.0360057 0.638763 0.317196 0.0365356 0.637259 0.31717 0.0369424 0.636522 0.31949 0.0367756 0.634324 0.318172 0.037 0.635034 0.3206 0.037 0.63282 0.319654 0.037 0.633387 0.320232 0.0366383 0.634453 0.3198 0.0362135 0.636053 0.318064 0.0353514 0.638975 0.319307 0.035728 0.637617 0.314281 0.0366802 0.641055 0.317477 0.0347623 0.640456 0.318755 0.0351841 0.639145 0.313377 0.0356161 0.643163 0.313356 0.0365629 0.642588 0.316186 0.0344025 0.64176 0.318149 0.0345845 0.640634 0.316838 0.0341197 0.641901 0.30219 0.0225641 0.657602 0.301886 0.0228244 0.657752 0.300964 0.021595 0.658487 0.317489 0.0339314 0.642085 0.316151 0.0334258 0.643307 0.31167 0.0345294 0.646007 0.312723 0.0348244 0.644531 0.316779 0.0332275 0.643496 0.315416 0.0326826 0.644674 0.311087 0.0347053 0.646736 0.310942 0.0336221 0.647289 0.312028 0.0339828 0.645861 0.316023 0.0324751 0.644865 0.314638 0.0318929 0.646 0.310359 0.033782 0.647968 0.310183 0.0326747 0.648522 0.311298 0.0330986 0.647144 0.313824 0.0310634 0.647277 0.315222 0.0316772 0.646191 0.309602 0.0328205 0.649153 0.309394 0.0316883 0.649709 0.310536 0.0321741 0.64838 0.312976 0.0301964 0.648506 0.314386 0.0308407 0.647466 0.308819 0.0318245 0.650291 0.308575 0.0306642 0.650851 0.309743 0.0312108 0.649571 0.313515 0.0299679 0.64869 0.312096 0.0292929 0.649688 0.308012 0.0307952 0.651383 0.307728 0.029602 0.65195 0.30892 0.0302095 0.650717 0.312613 0.0290598 0.649866 0.311185 0.028354 0.650825 0.307185 0.029735 0.652429 0.306854 0.0285024 0.653007 0.308067 0.0291697 0.651821 0.31168 0.0281176 0.650996 0.310245 0.0273791 0.651919 0.306338 0.0286463 0.653428 0.305956 0.0273688 0.65402 0.307186 0.0280926 0.652884 0.310717 0.0271409 0.652081 0.309275 0.0263692 0.65297 0.305474 0.0275298 0.654382 0.305037 0.0262043 0.654988 0.306281 0.0269812 0.653903 0.309725 0.0261304 0.653124 0.30828 0.025327 0.653978 0.304596 0.0263881 0.655291 0.304101 0.0250129 0.655907 0.305354 0.0258385 0.654876 0.308709 0.0250892 0.654121 0.307264 0.0242556 0.654939 0.303704 0.0252225 0.656155 0.303151 0.0237997 0.656779 0.307672 0.02402 0.655072 0.306231 0.0231586 0.655853 0.3028 0.0240338 0.656975 0.305184 0.0220406 0.656719 0.306617 0.0229265 0.655976 0.30122 0.0213048 0.658379 0.302478 0.0222614 0.657511 0.304125 0.0209012 0.657538 0.30555 0.0218135 0.656831 0.300035 0.0203464 0.659181 0.300242 0.0200206 0.65911 0.301496 0.0210224 0.658294 0.304471 0.0206802 0.657638 0.303058 0.0197391 0.658309 0.299104 0.0190776 0.659832 0.29926 0.0187102 0.659796 0.300507 0.0197582 0.659031 0.303384 0.0195254 0.658399 0.301984 0.0185532 0.659035 0.298171 0.0177882 0.66044 0.298275 0.0173725 0.660436 0.299514 0.0184677 0.659723 0.302292 0.0183481 0.659115 0.300906 0.0173425 0.659716 0.297243 0.016478 0.661008 0.29729 0.0160061 0.661033 0.298517 0.0171496 0.66037 0.301195 0.0171469 0.659785 0.299827 0.0161057 0.660352 0.296322 0.0151459 0.661533 0.296307 0.0146098 0.661587 0.297519 0.0158027 0.660973 0.300097 0.0159208 0.660411 0.298747 0.0148418 0.660945 0.295409 0.0137907 0.662017 0.295328 0.013182 0.662097 0.296523 0.0144258 0.661532 0.299 0.0146685 0.660994 0.297671 0.0135495 0.661495 0.294515 0.0124092 0.662459 0.294363 0.0117194 0.662561 0.295531 0.0130174 0.662047 0.297906 0.013389 0.661535 0.2966 0.0122274 0.662001 0.293642 0.0110014 0.66286 0.29343 0.0102176 0.662978 0.294554 0.0115741 0.662516 0.296819 0.0120807 0.662033 0.295547 0.0108724 0.662463 0.292802 0.00956048 0.663218 0.293607 0.0100918 0.662938 0.295749 0.0107404 0.662487 0.294527 0.00948049 0.662878 0.290731 0.00496638 0.66399 0.290383 0.00367122 0.664119 0.293387 0.00814914 0.66324 0.292341 0.00673534 0.663566 0.294714 0.00936427 0.662894 0.293559 0.0080479 0.663243 0.292026 0.00690543 0.663601 0.291871 0.00699127 0.663628 0.292183 0.00682006 0.66358 0.293731 0.00794837 0.663253 0.291123 0.00534464 0.663891 0.291559 0.00514941 0.663831 0.292817 0.00648667 0.663561 0.290243 0.00334551 0.664151 0.29079 0.00353834 0.664047 0.290518 0.00362676 0.664091 0.290928 0.0034945 0.664032 0.291065 0.00345097 0.66402 0.290243 0.00182091 0.664195 0.290374 0.00179852 0.664175 0.290093 -1.61412e-16 0.66424 0.290505 0.00177625 0.664159 0.290222 -1.60177e-16 0.66422 0.29035 -1.58952e-16 0.664204 0.290479 -1.57737e-16 0.664191 0.318344 0.0366244 0.614205 0.318875 0.037 0.615823 0.319073 0.0363603 0.614092 0.31949 0.0367756 0.615676 0.319654 0.037 0.616612 0.320232 0.0366383 0.615547 0.3206 0.037 0.61718 0.317885 0.0361539 0.612663 0.317489 0.0339314 0.607915 0.31615 0.0334258 0.606693 0.316838 0.0341197 0.608099 0.317371 0.0356254 0.611155 0.3167 0.0360057 0.611237 0.311298 0.0330986 0.602856 0.312456 0.03346 0.60423 0.311718 0.0325966 0.602946 0.313661 0.033781 0.605591 0.313159 0.0342809 0.60556 0.314335 0.0345359 0.606957 0.310206 0.0289782 0.599377 0.309743 0.0293569 0.599399 0.311073 0.0299276 0.600524 0.311909 0.0308396 0.601714 0.311408 0.0312445 0.601741 0.312713 0.0317134 0.60295 0.304409 0.0246686 0.594198 0.305699 0.025482 0.595195 0.304741 0.0243323 0.594265 0.306281 0.0269812 0.596097 0.307556 0.027695 0.597195 0.306638 0.0266042 0.596172 0.301075 0.0192481 0.591048 0.300786 0.0194999 0.591022 0.302094 0.0204752 0.59179 0.304106 0.0228545 0.593412 0.305464 0.0237028 0.594284 0.304457 0.0225639 0.593404 0.297755 0.0156015 0.58907 0.299025 0.0167135 0.589701 0.297998 0.0154036 0.589094 0.300332 0.0177678 0.590353 0.300052 0.0179946 0.590352 0.301373 0.019005 0.591047 0.296972 0.0140639 0.588531 0.298245 0.0152103 0.5891 0.297203 0.0138877 0.588539 0.296745 0.0142436 0.588508 0.292875 0.00846072 0.58672 0.29397 0.00984265 0.587115 0.293044 0.0083558 0.586741 0.29595 0.0126927 0.588012 0.294944 0.0112869 0.587539 0.294747 0.0114298 0.587517 0.293788 0.0099667 0.587093 0.296165 0.012534 0.588021 0.295144 0.0111461 0.58755 0.290206 0.00336084 0.585831 0.290383 0.00367121 0.585881 0.289983 0.00186592 0.585755 0.294155 0.00972003 0.587127 0.290518 0.00362676 0.585909 0.291123 0.00534464 0.586109 0.291267 0.00527921 0.586134 0.290654 0.00358245 0.585933 0.291871 0.00699127 0.586372 0.292026 0.00690543 0.586399 0.292708 0.00856636 0.586691 0.293215 0.00825186 0.586754 0.292658 0.00656849 0.586444 0.293559 0.0080479 0.586757 0.293731 0.00794836 0.586747 0.291203 0.0034078 0.585987 0.291065 0.00345097 0.58598 0.291854 0.00502172 0.586184 0.290636 0.00175412 0.585853 0.290768 0.00173214 0.585862 0.290479 -1.57737e-16 0.585809 0.290609 -1.56532e-16 0.585818 0.290739 -1.55455e-16 0.585825 0.2909 0.00171035 0.585868 0.289711 -1.65178e-16 0.585682 0.289923 0.0016853 0.585747 0.289838 -1.63913e-16 0.585711 0.295739 0.0128541 0.587989 0.299289 0.0165033 0.589704 0.299778 0.0182285 0.590326 0.298767 0.0169294 0.589676 0.302409 0.0202161 0.591786 0.303438 0.021402 0.592572 0.303105 0.021677 0.592577 0.301788 0.0207449 0.591763 0.303769 0.02316 0.593384 0.305095 0.0240088 0.594294 0.302783 0.0219645 0.59255 0.306068 0.0251405 0.595225 0.306457 0.0248193 0.595212 0.305354 0.0258385 0.595124 0.30743 0.0259085 0.596187 0.309309 0.0279909 0.598271 0.308382 0.0269666 0.597207 0.307957 0.0273173 0.597225 0.307024 0.0262446 0.596202 0.308865 0.0283558 0.598292 0.307186 0.0280926 0.597116 0.308448 0.0287514 0.598261 0.310591 0.0303196 0.600548 0.308067 0.0291697 0.598179 0.309311 0.0297704 0.599368 0.309743 0.0312108 0.600429 0.310947 0.0316932 0.601709 0.310144 0.0307507 0.600516 0.30892 0.0302095 0.599283 0.310536 0.0321741 0.60162 0.312194 0.0321306 0.602978 0.313483 0.0325479 0.604233 0.314908 0.0340849 0.606927 0.314217 0.0333407 0.605561 0.312946 0.032977 0.604262 0.315553 0.0347784 0.608329 0.312028 0.0339828 0.604139 0.313819 0.035052 0.606927 0.314963 0.0352393 0.608359 0.314436 0.0357711 0.60833 0.313377 0.0356161 0.606837 0.316151 0.0354193 0.609766 0.313355 0.0365629 0.607412 0.312365 0.035394 0.605323 0.315545 0.0358894 0.609796 0.317477 0.0347623 0.609544 0.318064 0.0353514 0.611025 0.318755 0.0351841 0.610855 0.318148 0.0345845 0.609366 0.292817 0.00648667 0.586439 0.318597 0.0358848 0.612541 0.3198 0.0362135 0.613947 0.319307 0.035728 0.612383 0.290505 0.00177625 0.585841 0.290928 0.0034945 0.585968 0.31717 0.0369424 0.613477 0.318171 0.037 0.614966 0.317196 0.0365357 0.612741 0.316188 0.0368699 0.611978 0.316804 0.0350409 0.60968 0.315225 0.0367825 0.610467 0.316078 0.0364843 0.611266 0.316186 0.0344025 0.60824 0.31428 0.0366802 0.608945 0.316779 0.0332275 0.606504 0.315416 0.0326826 0.605326 0.31552 0.0337123 0.606837 0.316023 0.0324751 0.605135 0.314638 0.031893 0.604 0.314808 0.032972 0.605471 0.312723 0.0348244 0.605469 0.312449 0.0364307 0.605867 0.315222 0.0316772 0.603809 0.313824 0.0310634 0.602723 0.314053 0.0321842 0.604144 0.311785 0.0355889 0.604543 0.31167 0.0345294 0.603993 0.314385 0.0308407 0.602534 0.312976 0.0301964 0.601494 0.313261 0.0313554 0.602863 0.311089 0.0347062 0.603265 0.310942 0.0336221 0.602711 0.313515 0.0299679 0.60131 0.312096 0.0292929 0.600312 0.312436 0.0304881 0.601631 0.31036 0.0337825 0.602033 0.310183 0.0326746 0.601478 0.312613 0.0290598 0.600134 0.311185 0.028354 0.599175 0.311579 0.0295833 0.600443 0.309603 0.0328215 0.600847 0.309394 0.0316883 0.600291 0.31168 0.0281176 0.599004 0.310245 0.0273791 0.598081 0.310691 0.028642 0.599301 0.30882 0.0318247 0.599709 0.308575 0.0306642 0.599149 0.310717 0.0271409 0.597919 0.309275 0.0263692 0.59703 0.309772 0.0276636 0.5982 0.308014 0.0307957 0.598617 0.307728 0.0296019 0.59805 0.309725 0.0261304 0.596876 0.30828 0.0253271 0.596022 0.308825 0.026649 0.597141 0.307186 0.0297355 0.597572 0.306854 0.0285024 0.596993 0.308709 0.0250892 0.595879 0.307264 0.0242556 0.595061 0.307852 0.0256012 0.596126 0.306339 0.0286461 0.596572 0.305956 0.0273688 0.59598 0.307672 0.02402 0.594928 0.306231 0.0231586 0.594147 0.306857 0.024523 0.595156 0.305476 0.0275302 0.595618 0.305037 0.0262043 0.595012 0.306617 0.0229265 0.594024 0.305184 0.0220407 0.593281 0.305845 0.0234182 0.594234 0.304597 0.0263882 0.594709 0.304101 0.0250129 0.594093 0.30555 0.0218135 0.593169 0.304125 0.0209012 0.592462 0.304818 0.0222916 0.59336 0.303449 0.0234764 0.59332 0.303705 0.0252225 0.593845 0.303151 0.0237997 0.593221 0.304471 0.0206802 0.592362 0.303058 0.0197391 0.591691 0.30378 0.0211425 0.592533 0.302478 0.0222614 0.592489 0.30219 0.0225641 0.592398 0.302801 0.0240342 0.593024 0.303384 0.0195254 0.591601 0.301984 0.0185532 0.590965 0.302732 0.0199699 0.591753 0.301496 0.0210224 0.591706 0.30122 0.0213048 0.591621 0.300966 0.0215951 0.591512 0.301887 0.0228244 0.592247 0.302292 0.0183481 0.590885 0.300906 0.0173425 0.590284 0.301677 0.0187728 0.591019 0.300507 0.0197582 0.590969 0.300242 0.0200206 0.59089 0.300038 0.0203459 0.590819 0.301195 0.0171469 0.590215 0.299827 0.0161057 0.589648 0.300618 0.0175499 0.590331 0.299513 0.0184677 0.590277 0.29926 0.0187102 0.590204 0.299105 0.0190774 0.590168 0.300097 0.0159208 0.589589 0.298747 0.0148418 0.589055 0.299557 0.0163003 0.589687 0.298517 0.0171496 0.58963 0.298275 0.0173725 0.589564 0.298174 0.0177879 0.589559 0.299 0.0146685 0.589006 0.297671 0.0135495 0.588505 0.298495 0.0150227 0.589087 0.297519 0.0158027 0.589027 0.29729 0.0160061 0.588967 0.297245 0.0164771 0.588992 0.297906 0.013389 0.588465 0.2966 0.0122274 0.587999 0.297436 0.013716 0.58853 0.296307 0.0146098 0.588413 0.296523 0.0144258 0.588468 0.296324 0.0151437 0.588467 0.296819 0.0120807 0.587967 0.295547 0.0108724 0.587537 0.296382 0.0123787 0.588017 0.295328 0.013182 0.587903 0.295531 0.0130174 0.587953 0.295415 0.013787 0.587984 0.295749 0.0107404 0.587513 0.294527 0.0094805 0.587122 0.295345 0.0110077 0.587549 0.294363 0.0117194 0.587439 0.294554 0.0115741 0.587484 0.294521 0.0124061 0.587543 0.294714 0.00936427 0.587106 0.294341 0.0095992 0.58713 0.293651 0.0109977 0.587142 0.29343 0.0102176 0.587022 0.293607 0.0100918 0.587062 0.290979 0.0054103 0.586079 0.290689 0.00498462 0.585988 0.293387 0.00814915 0.58676 0.292813 0.00955741 0.586784 0.292543 0.00867247 0.586655 0.292341 0.00673534 0.586434 0.292183 0.00682006 0.58642 0.292499 0.00665143 0.586442 0.292031 0.00807591 0.586473 0.291717 0.00707743 0.586339 0.292001 0.00495891 0.586184 0.291559 0.00514941 0.586169 0.291413 0.0052141 0.586154 0.291706 0.00508526 0.586179 0.291319 0.0065525 0.586206 0.291341 0.00336506 0.58599 0.29079 0.00353834 0.585953 0.290374 0.00179852 0.585825 0.290243 0.00182091 0.585805 0.290113 0.00184338 0.585782 0.29035 -1.58952e-16 0.585796 0.290222 -1.60177e-16 0.58578 0.290093 -1.61412e-16 0.58576 0.289966 -1.62657e-16 0.585737 0.320901 0.037 0.632736 0.320885 0.037 0.632741 0.3206 0.037 0.63282 0.320232 0.0366383 0.634453 0.320902 0.0249881 0.653363 0.31168 0.0281176 0.650996 0.310717 0.0271409 0.652081 0.320902 0.0352854 0.638557 0.3198 0.0362135 0.636053 0.319307 0.035728 0.637617 0.312095 -0.0287788 0.65023 0.313026 -0.0297255 0.649033 0.320902 -0.0292096 0.648991 0.305824 0.0129051 0.66135 0.320902 0.0147577 0.6598 0.305824 0.0188881 0.658632 0.311131 -0.0277956 0.651379 0.297906 0.013389 0.661535 0.296819 0.0120807 0.662033 0.310135 -0.0267752 0.652483 0.320902 -0.0250002 0.653351 0.309111 -0.0257199 0.65354 0.295749 0.0107404 0.662487 0.294714 0.00936427 0.662894 0.305824 0.00654759 0.663014 0.293731 0.00794837 0.663253 0.305824 -0.0129051 0.66135 0.305824 -0.0188881 0.658632 0.320902 -0.0147772 0.659791 0.304814 -0.0212227 0.657269 0.320902 -0.0201478 0.656982 0.292817 0.00648667 0.663561 0.292001 0.00495891 0.663816 0.302593 -0.0188367 0.658832 0.301474 -0.0176067 0.659542 0.305824 6.57217e-11 0.663573 0.291341 0.00336506 0.66401 0.2909 0.00171035 0.664132 0.290739 -1.55455e-16 0.664175 0.320902 -0.00902617 0.661706 0.305824 -0.00654759 0.663014 0.297 -0.0124098 0.661916 0.295903 -0.0110339 0.662395 0.298113 -0.0137531 0.661391 0.291364 -0.00345958 0.664 0.292047 -0.00509761 0.663796 0.320902 -0.00304266 0.662677 0.293829 -0.00816697 0.663203 0.292888 -0.0066661 0.663528 0.29484 -0.00962107 0.662825 0.290906 -0.00175828 0.66413 0.320902 0.00301947 0.662679 0.300352 -0.0163503 0.660204 0.299231 -0.0150662 0.66082 0.303707 -0.0200416 0.658075 0.320902 0.00900427 0.661712 0.30591 -0.0223812 0.656413 0.306994 -0.0235185 0.655506 0.308063 -0.0246332 0.654548 0.300097 0.0159208 0.660411 0.299 0.0146685 0.660994 0.301195 0.0171469 0.659785 0.302292 0.0183481 0.659115 0.313925 -0.0306348 0.647786 0.320902 -0.032668 0.644016 0.314788 -0.0315055 0.646486 0.30555 0.0218135 0.656831 0.320902 0.0201318 0.656993 0.315614 -0.0323361 0.645132 0.304471 0.0206802 0.657638 0.303384 0.0195254 0.658399 0.316396 -0.0331198 0.64373 0.317128 -0.0338526 0.642284 0.306617 0.0229265 0.655976 0.317808 -0.0345317 0.640795 0.307672 0.02402 0.655072 0.320902 -0.0352854 0.638557 0.318434 -0.0351545 0.639265 0.319001 -0.0357183 0.637694 0.319507 -0.0362204 0.636086 0.308709 0.0250892 0.654121 0.319949 -0.0366581 0.63444 0.320323 -0.0370288 0.63276 0.320902 -0.0369991 0.632741 0.309725 0.0261304 0.653124 0.320902 0.0292015 0.649002 0.312613 0.0290598 0.649866 0.314386 0.0308407 0.647466 0.313515 0.0299679 0.64869 0.315222 0.0316772 0.646191 0.320902 0.0326637 0.644024 0.316779 0.0332275 0.643496 0.316023 0.0324751 0.644865 0.318149 0.0345845 0.640634 0.317489 0.0339314 0.642085 0.318755 0.0351841 0.639145 0.292817 0.00648667 0.586439 0.293731 0.00794836 0.586747 0.305824 0.00654759 0.586987 0.292001 0.00495891 0.586184 0.291341 0.00336506 0.58599 0.294714 0.00936427 0.587106 0.295749 0.0107404 0.587513 0.320902 0.00304266 0.587323 0.305824 -1.94159e-10 0.586427 0.297906 0.013389 0.588465 0.305824 0.0129051 0.58865 0.296819 0.0120807 0.587967 0.299 0.0146685 0.589006 0.300097 0.0159208 0.589589 0.320902 0.00902617 0.588294 0.302292 0.0183481 0.590885 0.305824 0.0188881 0.591368 0.301195 0.0171469 0.590215 0.320902 0.0147772 0.590209 0.303384 0.0195254 0.591601 0.30555 0.0218135 0.593169 0.320902 0.0201478 0.593018 0.304471 0.0206802 0.592362 0.306617 0.0229265 0.594024 0.307672 0.02402 0.594928 0.320902 0.0250002 0.596649 0.308709 0.0250892 0.595879 0.309725 0.0261304 0.596876 0.310717 0.0271409 0.597919 0.31168 0.0281176 0.599004 0.312613 0.0290598 0.600134 0.320902 0.0292096 0.601009 0.315222 0.0316772 0.603809 0.314385 0.0308407 0.602534 0.313515 0.0299679 0.60131 0.316023 0.0324751 0.605135 0.320902 0.032668 0.605984 0.316779 0.0332275 0.606504 0.317489 0.0339314 0.607915 0.318148 0.0345845 0.609366 0.320902 0.0352854 0.611443 0.319307 0.035728 0.612383 0.318755 0.0351841 0.610855 0.320232 0.0366383 0.615547 0.3206 0.037 0.61718 0.320902 0.0369991 0.617259 0.320885 0.037 0.617259 0.3198 0.0362135 0.613947 0.2909 0.00171035 0.585868 0.297 -0.0124098 0.588084 0.295903 -0.0110339 0.587605 0.305824 -0.0129051 0.58865 0.305824 -0.00654759 0.586987 0.320902 -0.00301947 0.587321 0.310135 -0.0267752 0.597517 0.309111 -0.0257199 0.59646 0.320902 -0.0249881 0.596637 0.305824 -0.0188881 0.591368 0.304814 -0.0212227 0.592731 0.303707 -0.0200416 0.591925 0.316396 -0.0331198 0.60627 0.315614 -0.0323361 0.604868 0.320902 -0.0326637 0.605976 0.313026 -0.0297255 0.600967 0.320902 -0.0292015 0.600998 0.313925 -0.0306348 0.602214 0.320902 -0.0352854 0.611443 0.319949 -0.0366581 0.61556 0.319507 -0.0362204 0.613914 0.317808 -0.0345317 0.609205 0.318434 -0.0351545 0.610735 0.320323 -0.0370287 0.61724 0.320902 -0.0369992 0.617259 0.320902 -0.0147577 0.5902 0.308063 -0.0246332 0.595452 0.320902 -0.0201318 0.593007 0.319001 -0.0357183 0.612306 0.317128 -0.0338526 0.607716 0.314788 -0.0315055 0.603514 0.312095 -0.0287788 0.59977 0.311131 -0.0277956 0.598621 0.306994 -0.0235185 0.594494 0.30591 -0.0223812 0.593587 0.301474 -0.0176067 0.590458 0.300352 -0.0163503 0.589796 0.299231 -0.0150662 0.58918 0.298113 -0.0137531 0.588609 0.29484 -0.00962107 0.587175 0.320902 -0.00900427 0.588288 0.293829 -0.00816697 0.586797 0.292047 -0.00509761 0.586204 0.291364 -0.00345958 0.586 0.292888 -0.0066661 0.586472 0.290739 -1.55455e-16 0.585825 0.290906 -0.00175828 0.58587 0.302593 -0.0188367 0.591168 0.323025 0.0369312 0.629796 0.321979 0.037 0.625 0.322295 0.0369621 0.630876 0.324398 0.0368723 0.626235 0.324093 0.0368855 0.622494 0.324094 0.0368854 0.627501 0.323583 0.0369074 0.621223 0.323024 0.0369312 0.620203 0.323584 0.0369073 0.628775 0.321391 0.037 0.631999 0.324499 0.0368679 0.624993 0.324397 0.0368723 0.623756 0.322295 0.0369621 0.619123 0.321391 0.037 0.618001 0.282508 -0.0382098 0.595528 0.277492 -0.0382098 0.595528 0.282528 -0.0380028 0.595303 0.307446 -0.0382098 0.636029 0.305379 -0.0380028 0.640627 0.305187 -0.0382098 0.640508 0.307655 -0.0380028 0.636113 0.309136 -0.0380028 0.631279 0.307892 -0.0378327 0.636208 0.302565 -0.0378327 0.644859 0.299058 -0.0377035 0.648603 0.298884 -0.0378327 0.648387 0.302373 -0.0380028 0.644691 0.288681 -0.0375788 0.654692 0.285177 -0.0376182 0.65519 0.290204 -0.0376182 0.653881 0.290014 -0.0378327 0.653342 0.29466 -0.0378327 0.651242 0.290106 -0.0377035 0.653604 0.28 -0.0375788 0.655935 0.28 -0.0376182 0.655631 0.284385 -0.0375788 0.655622 0.309385 -0.0378327 0.631333 0.309778 -0.0380028 0.626265 0.294795 -0.0377035 0.651484 0.309563 -0.0380028 0.621214 0.309339 -0.0382098 0.621243 0.308282 -0.0382098 0.616339 0.308498 -0.0380028 0.616273 0.309816 -0.0378327 0.621182 0.306412 -0.0382098 0.611684 0.303781 -0.0382098 0.607412 0.306613 -0.0380028 0.611582 0.308742 -0.0378327 0.616198 0.300467 -0.0382098 0.603645 0.296563 -0.0382098 0.600494 0.300623 -0.0380028 0.603482 0.304168 -0.0378327 0.607126 0.303963 -0.0380028 0.607277 0.292381 -0.0378327 0.597609 0.292277 -0.0380028 0.597841 0.28751 -0.0380028 0.596157 0.292184 -0.0382098 0.598047 0.29669 -0.0380028 0.600307 0.263437 -0.0382098 0.600494 0.267723 -0.0380028 0.597841 0.267816 -0.0382098 0.598047 0.27249 -0.0380028 0.596157 0.277451 -0.0378327 0.595049 0.277472 -0.0380028 0.595303 0.259377 -0.0380028 0.603482 0.256037 -0.0380028 0.607277 0.259201 -0.0378327 0.603299 0.263168 -0.0378327 0.600096 0.26331 -0.0380028 0.600307 0.251258 -0.0378327 0.616198 0.251502 -0.0380028 0.616273 0.250437 -0.0380028 0.621214 0.250661 -0.0382098 0.621243 0.251718 -0.0382098 0.616339 0.252345 -0.0380028 0.636113 0.250615 -0.0378327 0.631333 0.250864 -0.0380028 0.631279 0.251085 -0.0382098 0.631232 0.252554 -0.0382098 0.636029 0.257627 -0.0380028 0.644691 0.254404 -0.0378327 0.64076 0.254621 -0.0380028 0.640627 0.252108 -0.0378327 0.636208 0.265575 -0.0382098 0.650823 0.270146 -0.0382098 0.652889 0.265465 -0.0380028 0.65102 0.261276 -0.0380028 0.648189 0.261418 -0.0382098 0.648013 0.274963 -0.0380028 0.654376 0.269986 -0.0378327 0.653342 0.270071 -0.0380028 0.653102 0.275001 -0.0382098 0.654153 0.28 -0.0387143 0.654235 0.275059 -0.0387143 0.653814 0.28 -0.039 0.654124 0.275034 -0.0384489 0.653965 0.27021 -0.0384489 0.652709 0.28 -0.0384489 0.654387 0.289702 -0.039 0.652461 0.294204 -0.039 0.650426 0.289739 -0.0387143 0.652565 0.28 -0.0382098 0.654579 0.28 -0.0380028 0.654805 0.27492 -0.0378327 0.654627 0.274873 -0.0377035 0.6549 0.28 -0.0378327 0.655059 0.274823 -0.0376182 0.65519 0.28 -0.0377035 0.655337 0.274908 -0.0375788 0.655513 0.26534 -0.0378327 0.651242 0.275078 -0.039 0.653705 0.257435 -0.0378327 0.644859 0.261116 -0.0378327 0.648387 0.254813 -0.0382098 0.640508 0.257796 -0.0382098 0.644542 0.250222 -0.0380028 0.626265 0.249968 -0.0378327 0.626276 0.250184 -0.0378327 0.621182 0.250448 -0.0382098 0.626255 0.253159 -0.0378327 0.611467 0.253387 -0.0380028 0.611582 0.255832 -0.0378327 0.607126 0.256219 -0.0382098 0.607412 0.253588 -0.0382098 0.611684 0.259533 -0.0382098 0.603645 0.287574 -0.0378327 0.595911 0.267619 -0.0378327 0.597609 0.272426 -0.0378327 0.595911 0.272547 -0.0382098 0.596376 0.282549 -0.0378327 0.595049 0.287453 -0.0382098 0.596376 0.300799 -0.0378327 0.603299 0.296832 -0.0378327 0.600096 0.306841 -0.0378327 0.611467 0.310032 -0.0378327 0.626276 0.308915 -0.0382098 0.631232 0.309552 -0.0382098 0.626255 0.305596 -0.0378327 0.64076 0.298724 -0.0380028 0.648189 0.298582 -0.0382098 0.648013 0.302204 -0.0382098 0.644542 0.284999 -0.0382098 0.654153 0.28979 -0.0384489 0.652709 0.289854 -0.0382098 0.652889 0.298366 -0.0387143 0.647746 0.301863 -0.039 0.644242 0.301946 -0.0387143 0.644315 0.284941 -0.0387143 0.653814 0.294258 -0.0387143 0.650522 0.284922 -0.039 0.653705 0.270298 -0.039 0.652461 0.270261 -0.0387143 0.652565 0.265796 -0.039 0.650426 0.265742 -0.0387143 0.650522 0.269894 -0.0377035 0.653604 0.269796 -0.0376182 0.653881 0.269956 -0.0375788 0.654259 0.2552 -0.039 0.64027 0.258137 -0.039 0.644242 0.255106 -0.0387143 0.640328 0.261634 -0.0387143 0.647746 0.265668 -0.0384489 0.650656 0.265205 -0.0377035 0.651484 0.265061 -0.0376182 0.651741 0.265277 -0.0375788 0.652206 0.261704 -0.039 0.64766 0.258054 -0.0387143 0.644315 0.261538 -0.0384489 0.647864 0.260942 -0.0377035 0.648603 0.260757 -0.0376182 0.648832 0.260999 -0.0375788 0.649412 0.25153 -0.039 0.631136 0.252976 -0.039 0.635859 0.251422 -0.0387143 0.631159 0.252874 -0.0387143 0.6359 0.257227 -0.0377035 0.645043 0.25794 -0.0384489 0.644415 0.257006 -0.0376182 0.645237 0.257241 -0.0375788 0.645952 0.250792 -0.0387143 0.626241 0.250902 -0.039 0.626236 0.254976 -0.0384489 0.640408 0.254167 -0.0377035 0.640906 0.253917 -0.0376182 0.64106 0.254102 -0.0375788 0.64192 0.251002 -0.0387143 0.621287 0.251112 -0.039 0.621301 0.252732 -0.0384489 0.635957 0.251578 -0.0376182 0.636421 0.251851 -0.0377035 0.636311 0.251671 -0.0375788 0.637426 0.251272 -0.0384489 0.631191 0.250056 -0.0376182 0.631453 0.250344 -0.0377035 0.631391 0.250012 -0.0375788 0.632594 0.252047 -0.0387143 0.616439 0.252152 -0.039 0.616472 0.250639 -0.0384489 0.626247 0.249397 -0.0376182 0.6263 0.24969 -0.0377035 0.626288 0.249171 -0.0375788 0.627555 0.256495 -0.0387143 0.607616 0.256584 -0.039 0.607682 0.253994 -0.039 0.611888 0.253896 -0.0387143 0.611839 0.250851 -0.0384489 0.621267 0.249617 -0.0376182 0.621109 0.249909 -0.0377035 0.621147 0.249171 -0.0375788 0.622445 0.251901 -0.0384489 0.616395 0.250712 -0.0376182 0.616031 0.250993 -0.0377035 0.616117 0.250012 -0.0375788 0.617406 0.259848 -0.039 0.603974 0.263629 -0.0387143 0.600779 0.263691 -0.039 0.60087 0.259771 -0.0387143 0.603894 0.253759 -0.0384489 0.61177 0.252649 -0.0376182 0.61121 0.252911 -0.0377035 0.611342 0.251671 -0.0375788 0.612574 0.256373 -0.0384489 0.607525 0.255373 -0.0376182 0.606786 0.255609 -0.0377035 0.606961 0.254102 -0.0375788 0.60808 0.272661 -0.039 0.596816 0.268004 -0.039 0.598461 0.272634 -0.0387143 0.596709 0.267958 -0.0387143 0.598361 0.259666 -0.0384489 0.603784 0.257241 -0.0375788 0.604048 0.258805 -0.0376182 0.602886 0.259009 -0.0377035 0.603098 0.263544 -0.0384489 0.600652 0.260999 -0.0375788 0.600588 0.262847 -0.0376182 0.599622 0.263012 -0.0377035 0.599866 0.287339 -0.039 0.596816 0.28247 -0.039 0.595981 0.287366 -0.0387143 0.596709 0.277521 -0.0387143 0.595871 0.27753 -0.039 0.595981 0.267895 -0.0384489 0.598221 0.265277 -0.0375788 0.597794 0.267383 -0.0376182 0.597088 0.267504 -0.0377035 0.597356 0.272595 -0.0384489 0.596561 0.269956 -0.0375788 0.595741 0.272282 -0.0376182 0.595357 0.272356 -0.0377035 0.595642 0.292042 -0.0387143 0.598361 0.291996 -0.039 0.598461 0.277508 -0.0384489 0.595719 0.274908 -0.0375788 0.594487 0.277402 -0.0376182 0.594479 0.277427 -0.0377035 0.594772 0.282479 -0.0387143 0.595871 0.282492 -0.0384489 0.595719 0.28 -0.0375788 0.594065 0.282598 -0.0376182 0.594479 0.282573 -0.0377035 0.594772 0.296309 -0.039 0.60087 0.300229 -0.0387143 0.603894 0.300152 -0.039 0.603974 0.296371 -0.0387143 0.600779 0.287405 -0.0384489 0.596561 0.285224 -0.0375788 0.59451 0.287718 -0.0376182 0.595357 0.287644 -0.0377035 0.595642 0.303505 -0.0387143 0.607616 0.303416 -0.039 0.607682 0.292105 -0.0384489 0.598221 0.290298 -0.0375788 0.59583 0.292617 -0.0376182 0.597088 0.292496 -0.0377035 0.597356 0.306104 -0.0387143 0.611839 0.306006 -0.039 0.611888 0.296456 -0.0384489 0.600652 0.295076 -0.0375788 0.597987 0.297153 -0.0376182 0.599622 0.296988 -0.0377035 0.599866 0.300334 -0.0384489 0.603784 0.299421 -0.0375788 0.600921 0.301195 -0.0376182 0.602886 0.300991 -0.0377035 0.603098 0.307848 -0.039 0.616472 0.308998 -0.0387143 0.621287 0.308888 -0.039 0.621301 0.307953 -0.0387143 0.616439 0.303627 -0.0384489 0.607525 0.303208 -0.0375788 0.604547 0.304627 -0.0376182 0.606786 0.304391 -0.0377035 0.606961 0.309208 -0.0387143 0.626241 0.309098 -0.039 0.626236 0.306241 -0.0384489 0.61177 0.306329 -0.0375788 0.60876 0.307351 -0.0376182 0.61121 0.307089 -0.0377035 0.611342 0.308578 -0.0387143 0.631159 0.30847 -0.039 0.631136 0.308099 -0.0384489 0.616395 0.308693 -0.0375788 0.613439 0.309288 -0.0376182 0.616031 0.309007 -0.0377035 0.616117 0.309149 -0.0384489 0.621267 0.310233 -0.0375788 0.61845 0.310383 -0.0376182 0.621109 0.310091 -0.0377035 0.621147 0.307024 -0.039 0.635859 0.304894 -0.0387143 0.640328 0.3048 -0.039 0.64027 0.307126 -0.0387143 0.6359 0.309361 -0.0384489 0.626247 0.310905 -0.0375788 0.62365 0.310603 -0.0376182 0.6263 0.31031 -0.0377035 0.626288 0.308728 -0.0384489 0.631191 0.310689 -0.0375788 0.628888 0.309943 -0.0376182 0.631453 0.309656 -0.0377035 0.631391 0.298296 -0.039 0.64766 0.307268 -0.0384489 0.635957 0.309592 -0.0375788 0.634015 0.308422 -0.0376182 0.636421 0.308149 -0.0377035 0.636311 0.305024 -0.0384489 0.640408 0.307645 -0.0375788 0.638883 0.306083 -0.0376182 0.64106 0.305833 -0.0377035 0.640906 0.30206 -0.0384489 0.644415 0.304903 -0.0375788 0.643352 0.302994 -0.0376182 0.645237 0.302773 -0.0377035 0.645043 0.298462 -0.0384489 0.647864 0.292802 -0.0375788 0.653161 0.294939 -0.0376182 0.651741 0.301447 -0.0375788 0.647293 0.299243 -0.0376182 0.648832 0.294535 -0.0380028 0.65102 0.294425 -0.0382098 0.650823 0.294332 -0.0384489 0.650656 0.297374 -0.0375788 0.650595 0.284966 -0.0384489 0.653965 0.289929 -0.0380028 0.653102 0.285037 -0.0380028 0.654376 0.28508 -0.0378327 0.654627 0.285127 -0.0377035 0.6549</float_array>
          <technique_common>
            <accessor count="10245" source="#ID6" stride="3">
              <param name="X" type="float"/>
              <param name="Y" type="float"/>
              <param name="Z" type="float"/>
            </accessor>
          </technique_common>
        </source>
        <source id="ID7">
          <float_array count="30735" id="ID8">0 1 0 0 1 0 0 1 0 0 1 0 0 1 0 0 1 0 0 1 0 0 1 0 0 1 0 0 1 0 0 1 0 0 1 0 0 1 0 0 1 0 0 1 0 0 1 0 0 1 0 0 1 0 0 1 0 0 1 0 0 1 0 0 1 0 0 1 0 0 1 0 0 1 0 0 1 0 0 1 0 0 1 0 0 1 0 0 1 0 0 1 0 0 1 0 0 1 0 0 1 0 0 1 0 0 1 0 0 1 0 -0.0848059 0 0.996397 -0.164595 0 0.986361 8.74228e-08 0 1 -0.251978 0 0.967733 -0.3247 0 0.945817 -0.475947 0 0.879474 -0.411901 0 0.911228 -0.559975 0 0.82851 -0.614213 0 0.789141 -0.691939 0 0.721956 -0.735724 0 0.677282 -0.837166 0 0.546948 -0.803997 0 0.594633 -0.892926 0 0.450204 -0.915773 0 0.401695 -0.956167 0 0.292823 -0.9694 0 0.245485 -0.996584 0 0.0825794 -0.9919 0 0.127018 -0.999099 0 -0.0424412 -0.996584 0 -0.0825794 -0.977555 0 -0.210679 -0.9694 0 -0.245485 -0.915773 0 -0.401695 -0.927889 0 -0.372857 -0.851529 0 -0.524307 -0.837166 0 -0.546948 -0.750672 0 -0.660675 -0.735724 0 -0.677282 -0.614213 0 -0.789141 -0.62822 0 -0.778036 -0.487695 0 -0.873014 -0.475947 0 -0.879474 -0.33314 0 -0.942877 -0.324699 0 -0.945817 -0.164595 0 -0.986361 -0.169001 0 -0.985616 1.37194e-11 0 -1 -9.55368e-24 0 -1 0.0848059 0 0.996397 0.164595 0 0.986361 0.251978 0 0.967733 0.324699 0 0.945817 0.411901 0 0.911228 0.559975 0 0.82851 0.475947 0 0.879474 0.614213 0 0.78914 0.691939 0 0.721956 0.735724 0 0.677282 0.803997 0 0.594633 0.892926 0 0.450204 0.837167 0 0.546948 0.915773 0 0.401695 0.956167 0 0.292823 0.9694 0 0.245486 0.9919 0 0.127018 0.996584 0 0.0825794 0.996584 0 -0.0825794 0.999099 0 -0.042441 0.9694 0 -0.245486 0.977555 0 -0.210679 0.927889 0 -0.372857 0.915773 0 -0.401695 0.837166 0 -0.546948 0.851529 0 -0.524307 0.735724 0 -0.677282 0.750672 0 -0.660675 0.62822 0 -0.778036 0.614213 0 -0.78914 0.475948 0 -0.879474 0.487695 0 -0.873014 0.3247 0 -0.945817 0.33314 0 -0.942877 0.169001 0 -0.985616 0.164595 0 -0.986361 5.53216e-17 0.0825794 0.996584 5.53216e-17 -0.0825794 0.996584 5.53216e-17 -0.0825794 0.996584 4.85294e-24 1 8.74228e-08 4.85294e-24 1 8.74228e-08 -9.13684e-18 0.986361 -0.164595 5.38125e-17 -0.245485 0.9694 5.38125e-17 -0.245486 0.9694 5.08356e-17 -0.401695 0.915773 5.08356e-17 -0.401695 0.915773 4.64721e-17 -0.546948 0.837166 4.64721e-17 -0.546948 0.837166 4.08409e-17 -0.677282 0.735724 4.08409e-17 -0.677282 0.735724 3.40957e-17 -0.78914 0.614213 3.40956e-17 -0.789141 0.614213 2.64204e-17 -0.879474 0.475948 2.64204e-17 -0.879474 0.475947 1.80244e-17 -0.945817 0.324699 1.80244e-17 -0.945817 0.3247 9.13683e-18 -0.986361 0.164595 9.13683e-18 -0.986361 0.164595 -9.70588e-24 -1 -1.74846e-07 1.67639e-23 -1 3.01992e-07 5.53216e-17 0.0825794 0.996584 5.38125e-17 0.245486 0.9694 5.38125e-17 0.245486 0.9694 5.08356e-17 0.401695 0.915773 5.08356e-17 0.401695 0.915773 4.64721e-17 0.546948 0.837167 4.64721e-17 0.546948 0.837167 4.08409e-17 0.677282 0.735724 4.08409e-17 0.677282 0.735724 3.40957e-17 0.78914 0.614213 3.40957e-17 0.78914 0.614213 2.64204e-17 0.879474 0.475947 2.64204e-17 0.879474 0.475947 1.80244e-17 0.945817 0.324699 1.80244e-17 0.945817 0.324699 9.13685e-18 0.986361 0.164595 9.13685e-18 0.986361 0.164595 -1.80244e-17 0.945817 -0.3247 -9.13684e-18 0.986361 -0.164595 -1.80244e-17 0.945817 -0.324699 -4.08409e-17 0.677282 -0.735724 -3.40957e-17 0.789141 -0.614213 -4.08409e-17 0.677282 -0.735724 -2.64204e-17 0.879474 -0.475947 -2.64204e-17 0.879474 -0.475947 -3.40957e-17 0.78914 -0.614213 -5.08356e-17 0.401695 -0.915773 -5.38125e-17 0.245485 -0.9694 -5.38125e-17 0.245485 -0.9694 -4.64721e-17 0.546948 -0.837166 -5.08356e-17 0.401695 -0.915773 -4.64721e-17 0.546948 -0.837166 -5.38125e-17 -0.245485 -0.9694 -5.38125e-17 -0.245485 -0.9694 -5.53216e-17 -0.0825794 -0.996584 -5.53216e-17 -0.0825794 -0.996584 -5.53216e-17 0.0825794 -0.996584 -5.53216e-17 0.0825792 -0.996584 -4.08409e-17 -0.677282 -0.735724 -4.64721e-17 -0.546948 -0.837166 -4.08409e-17 -0.677282 -0.735724 -5.08356e-17 -0.401695 -0.915773 -5.08356e-17 -0.401695 -0.915773 -4.64721e-17 -0.546948 -0.837166 -2.64204e-17 -0.879474 -0.475947 -3.40957e-17 -0.789141 -0.614213 -3.40957e-17 -0.789141 -0.614213 -1.80244e-17 -0.945817 -0.324699 -2.64204e-17 -0.879474 -0.475947 -1.80244e-17 -0.945817 -0.324699 -9.13684e-18 -0.986361 -0.164595 -9.13684e-18 -0.986361 -0.164595 1 0 -5.55112e-17 1 0 -5.55112e-17 1 0 -5.55112e-17 1 0 -5.55112e-17 1 0 -5.55112e-17 1 0 -5.55112e-17 1 0 -5.55112e-17 1 0 -5.55112e-17 1 0 -5.55112e-17 1 0 -5.55112e-17 1 0 -5.55112e-17 1 0 -5.55112e-17 1 0 -5.55112e-17 1 0 -5.55112e-17 1 0 -5.55112e-17 1 0 -5.55112e-17 1 0 -5.55112e-17 1 0 -5.55112e-17 1 0 -5.55112e-17 1 0 -5.55112e-17 1 0 -5.55112e-17 1 0 -5.55112e-17 1 0 -5.55112e-17 1 0 -5.55112e-17 1 0 -5.55112e-17 1 0 -5.55112e-17 1 0 -5.55112e-17 1 0 -5.55112e-17 1 0 -5.55112e-17 1 0 -5.55112e-17 1 0 -5.55112e-17 1 0 -5.55112e-17 1 0 -5.55112e-17 1 0 -5.55112e-17 1 0 -5.55112e-17 1 0 -5.55112e-17 1 0 -5.55112e-17 1 0 -5.55112e-17 3.91182e-17 -0.646299 0.763084 3.91182e-17 -0.763084 0.646299 3.91182e-17 -0.763084 0.646299 3.43155e-24 0.707107 0.707107 3.43155e-24 0.707107 0.707107 -6.46072e-18 0.813849 0.581077 3.80512e-17 -0.859054 0.511885 3.80512e-17 -0.859054 0.511885 3.59462e-17 -0.931591 0.363508 3.59462e-17 -0.931591 0.363508 3.28607e-17 -0.978717 0.205215 3.28607e-17 -0.978717 0.205215 2.88789e-17 -0.999146 0.0413249 2.88789e-17 -0.999146 0.0413249 2.41093e-17 -0.992321 -0.123692 2.41093e-17 -0.992321 -0.123693 1.8682e-17 -0.958428 -0.285336 1.8682e-17 -0.958427 -0.285337 1.27452e-17 -0.898391 -0.439197 1.27452e-17 -0.898391 -0.439197 6.46072e-18 -0.813849 -0.581077 6.46072e-18 -0.813849 -0.581077 -6.86309e-24 -0.707107 -0.707107 1.18539e-23 -0.707107 -0.707107 3.91182e-17 -0.646299 0.763084 3.80512e-17 -0.511885 0.859054 3.80512e-17 -0.511885 0.859054 3.59462e-17 -0.363508 0.931591 3.59462e-17 -0.363508 0.931591 3.28607e-17 -0.205215 0.978717 3.28607e-17 -0.205215 0.978717 2.88789e-17 -0.0413249 0.999146 2.88789e-17 -0.0413249 0.999146 2.41093e-17 0.123693 0.992321 2.41093e-17 0.123693 0.992321 1.8682e-17 0.285336 0.958427 1.8682e-17 0.285336 0.958427 1.27452e-17 0.439197 0.898391 1.27452e-17 0.439197 0.898391 6.46073e-18 0.581077 0.813849 6.46073e-18 0.581077 0.813849 -1.27452e-17 0.898391 0.439196 -6.46072e-18 0.813849 0.581077 -1.27452e-17 0.898391 0.439197 -2.88789e-17 0.999146 -0.041325 -2.41093e-17 0.992321 0.123693 -2.88789e-17 0.999146 -0.041325 -1.8682e-17 0.958427 0.285336 -1.8682e-17 0.958427 0.285336 -2.41093e-17 0.992321 0.123692 -3.59462e-17 0.931591 -0.363508 -3.80512e-17 0.859054 -0.511885 -3.80512e-17 0.859054 -0.511885 -3.28607e-17 0.978717 -0.205215 -3.59462e-17 0.931591 -0.363508 -3.28607e-17 0.978717 -0.205215 -3.80512e-17 0.511885 -0.859054 -3.80512e-17 0.511885 -0.859054 -3.91182e-17 0.646299 -0.763084 -3.91182e-17 0.646299 -0.763084 -3.91182e-17 0.763084 -0.646299 -3.91182e-17 0.763084 -0.646299 -2.88789e-17 0.041325 -0.999146 -3.28607e-17 0.205215 -0.978717 -2.88789e-17 0.041325 -0.999146 -3.59462e-17 0.363508 -0.931591 -3.59462e-17 0.363508 -0.931591 -3.28607e-17 0.205215 -0.978717 -1.8682e-17 -0.285336 -0.958427 -2.41093e-17 -0.123693 -0.992321 -2.41093e-17 -0.123693 -0.992321 -1.27452e-17 -0.439197 -0.898391 -1.8682e-17 -0.285336 -0.958427 -1.27452e-17 -0.439197 -0.898391 -6.46072e-18 -0.581077 -0.813849 -6.46072e-18 -0.581077 -0.813849 1 0 -5.55112e-17 1 0 -5.55112e-17 1 0 -5.55112e-17 1 0 -5.55112e-17 1 0 -5.55112e-17 1 0 -5.55112e-17 1 0 -5.55112e-17 1 0 -5.55112e-17 1 0 -5.55112e-17 1 0 -5.55112e-17 1 0 -5.55112e-17 1 0 -5.55112e-17 1 0 -5.55112e-17 1 0 -5.55112e-17 1 0 -5.55112e-17 1 0 -5.55112e-17 1 0 -5.55112e-17 1 0 -5.55112e-17 1 0 -5.55112e-17 1 0 -5.55112e-17 1 0 -5.55112e-17 1 0 -5.55112e-17 1 0 -5.55112e-17 1 0 -5.55112e-17 1 0 -5.55112e-17 1 0 -5.55112e-17 1 0 -5.55112e-17 1 0 -5.55112e-17 1 0 -5.55112e-17 1 0 -5.55112e-17 1 0 -5.55112e-17 1 0 -5.55112e-17 1 0 -5.55112e-17 1 0 -5.55112e-17 1 0 -5.55112e-17 1 0 -5.55112e-17 1 0 -5.55112e-17 1 0 -5.55112e-17 0 -0.996584 0.0825794 0 -0.996584 -0.0825794 0 -0.996584 -0.0825794 0 -8.74228e-08 1 0 -8.74228e-08 1 0 0.164595 0.986361 0 -0.9694 -0.245485 0 -0.9694 -0.245486 0 -0.915773 -0.401695 0 -0.915773 -0.401695 0 -0.837166 -0.546948 0 -0.837166 -0.546948 0 -0.735724 -0.677282 0 -0.735724 -0.677282 0 -0.614213 -0.78914 0 -0.614213 -0.789141 0 -0.475948 -0.879474 0 -0.475947 -0.879474 0 -0.324699 -0.945817 0 -0.3247 -0.945817 0 -0.164595 -0.986361 0 -0.164595 -0.986361 0 1.74846e-07 -1 0 -3.01992e-07 -1 0 -0.996584 0.0825794 0 -0.9694 0.245486 0 -0.9694 0.245486 0 -0.915773 0.401695 0 -0.915773 0.401695 0 -0.837167 0.546948 0 -0.837167 0.546948 0 -0.735724 0.677282 0 -0.735724 0.677282 0 -0.614213 0.78914 0 -0.614213 0.78914 0 -0.475947 0.879474 0 -0.475947 0.879474 0 -0.324699 0.945817 0 -0.324699 0.945817 0 -0.164595 0.986361 0 -0.164595 0.986361 0 0.3247 0.945817 0 0.164595 0.986361 0 0.324699 0.945817 0 0.735724 0.677282 0 0.614213 0.789141 0 0.735724 0.677282 0 0.475947 0.879474 0 0.475947 0.879474 0 0.614213 0.78914 0 0.915773 0.401695 0 0.9694 0.245485 0 0.9694 0.245485 0 0.837166 0.546948 0 0.915773 0.401695 0 0.837166 0.546948 0 0.9694 -0.245485 0 0.9694 -0.245485 0 0.996584 -0.0825794 0 0.996584 -0.0825794 0 0.996584 0.0825794 0 0.996584 0.0825792 0 0.735724 -0.677282 0 0.837166 -0.546948 0 0.735724 -0.677282 0 0.915773 -0.401695 0 0.915773 -0.401695 0 0.837166 -0.546948 0 0.475947 -0.879474 0 0.614213 -0.789141 0 0.614213 -0.789141 0 0.324699 -0.945817 0 0.475947 -0.879474 0 0.324699 -0.945817 0 0.164595 -0.986361 0 0.164595 -0.986361 1 0 -5.55112e-17 1 0 -5.55112e-17 1 0 -5.55112e-17 1 0 -5.55112e-17 1 0 -5.55112e-17 1 0 -5.55112e-17 1 0 -5.55112e-17 1 0 -5.55112e-17 1 0 -5.55112e-17 1 0 -5.55112e-17 1 0 -5.55112e-17 1 0 -5.55112e-17 1 0 -5.55112e-17 1 0 -5.55112e-17 1 0 -5.55112e-17 1 0 -5.55112e-17 1 0 -5.55112e-17 1 0 -5.55112e-17 1 0 -5.55112e-17 1 0 -5.55112e-17 1 0 -5.55112e-17 1 0 -5.55112e-17 1 0 -5.55112e-17 1 0 -5.55112e-17 1 0 -5.55112e-17 1 0 -5.55112e-17 1 0 -5.55112e-17 1 0 -5.55112e-17 1 0 -5.55112e-17 1 0 -5.55112e-17 1 0 -5.55112e-17 1 0 -5.55112e-17 1 0 -5.55112e-17 1 0 -5.55112e-17 1 0 -5.55112e-17 1 0 -5.55112e-17 1 0 -5.55112e-17 1 0 -5.55112e-17 -3.91182e-17 -0.763084 -0.646299 -3.91182e-17 -0.646299 -0.763084 -3.91182e-17 -0.646299 -0.763084 -3.43155e-24 -0.707107 0.707107 -3.43155e-24 -0.707107 0.707107 6.46072e-18 -0.581077 0.813849 -3.80512e-17 -0.511885 -0.859054 -3.80512e-17 -0.511885 -0.859054 -3.59462e-17 -0.363508 -0.931591 -3.59462e-17 -0.363508 -0.931591 -3.28607e-17 -0.205215 -0.978717 -3.28607e-17 -0.205215 -0.978717 -2.88789e-17 -0.0413249 -0.999146 -2.88789e-17 -0.0413249 -0.999146 -2.41093e-17 0.123692 -0.992321 -2.41093e-17 0.123693 -0.992321 -1.8682e-17 0.285336 -0.958428 -1.8682e-17 0.285337 -0.958427 -1.27452e-17 0.439197 -0.898391 -1.27452e-17 0.439197 -0.898391 -6.46072e-18 0.581077 -0.813849 -6.46072e-18 0.581077 -0.813849 6.86309e-24 0.707107 -0.707107 -1.18539e-23 0.707107 -0.707107 -3.91182e-17 -0.763084 -0.646299 -3.80512e-17 -0.859054 -0.511885 -3.80512e-17 -0.859054 -0.511885 -3.59462e-17 -0.931591 -0.363508 -3.59462e-17 -0.931591 -0.363508 -3.28607e-17 -0.978717 -0.205215 -3.28607e-17 -0.978717 -0.205215 -2.88789e-17 -0.999146 -0.0413249 -2.88789e-17 -0.999146 -0.0413249 -2.41093e-17 -0.992321 0.123693 -2.41093e-17 -0.992321 0.123693 -1.8682e-17 -0.958427 0.285336 -1.8682e-17 -0.958427 0.285336 -1.27452e-17 -0.898391 0.439197 -1.27452e-17 -0.898391 0.439197 -6.46073e-18 -0.813849 0.581077 -6.46073e-18 -0.813849 0.581077 1.27452e-17 -0.439196 0.898391 6.46072e-18 -0.581077 0.813849 1.27452e-17 -0.439197 0.898391 2.88789e-17 0.041325 0.999146 2.41093e-17 -0.123693 0.992321 2.88789e-17 0.041325 0.999146 1.8682e-17 -0.285336 0.958427 1.8682e-17 -0.285336 0.958427 2.41093e-17 -0.123692 0.992321 3.59462e-17 0.363508 0.931591 3.80512e-17 0.511885 0.859054 3.80512e-17 0.511885 0.859054 3.28607e-17 0.205215 0.978717 3.59462e-17 0.363508 0.931591 3.28607e-17 0.205215 0.978717 3.80512e-17 0.859054 0.511885 3.80512e-17 0.859054 0.511885 3.91182e-17 0.763084 0.646299 3.91182e-17 0.763084 0.646299 3.91182e-17 0.646299 0.763084 3.91182e-17 0.646299 0.763084 2.88789e-17 0.999146 0.041325 3.28607e-17 0.978717 0.205215 2.88789e-17 0.999146 0.041325 3.59462e-17 0.931591 0.363508 3.59462e-17 0.931591 0.363508 3.28607e-17 0.978717 0.205215 1.8682e-17 0.958427 -0.285336 2.41093e-17 0.992321 -0.123693 2.41093e-17 0.992321 -0.123693 1.27452e-17 0.898391 -0.439197 1.8682e-17 0.958427 -0.285336 1.27452e-17 0.898391 -0.439197 6.46072e-18 0.813849 -0.581077 6.46072e-18 0.813849 -0.581077 1 0 -5.55112e-17 1 0 -5.55112e-17 1 0 -5.55112e-17 1 0 -5.55112e-17 1 0 -5.55112e-17 1 0 -5.55112e-17 1 0 -5.55112e-17 1 0 -5.55112e-17 1 0 -5.55112e-17 1 0 -5.55112e-17 1 0 -5.55112e-17 1 0 -5.55112e-17 1 0 -5.55112e-17 1 0 -5.55112e-17 1 0 -5.55112e-17 1 0 -5.55112e-17 1 0 -5.55112e-17 1 0 -5.55112e-17 1 0 -5.55112e-17 1 0 -5.55112e-17 1 0 -5.55112e-17 1 0 -5.55112e-17 1 0 -5.55112e-17 1 0 -5.55112e-17 1 0 -5.55112e-17 1 0 -5.55112e-17 1 0 -5.55112e-17 1 0 -5.55112e-17 1 0 -5.55112e-17 1 0 -5.55112e-17 1 0 -5.55112e-17 1 0 -5.55112e-17 1 0 -5.55112e-17 1 0 -5.55112e-17 1 0 -5.55112e-17 1 0 -5.55112e-17 1 0 -5.55112e-17 1 0 -5.55112e-17 1 0 -5.55112e-17 1 0 -5.55112e-17 1 0 -5.55112e-17 1 0 -5.55112e-17 1 0 -5.55112e-17 1 0 -5.55112e-17 1 0 -5.55112e-17 1 0 -5.55112e-17 1 0 -5.55112e-17 1 0 -5.55112e-17 1 0 -5.55112e-17 1 0 -5.55112e-17 1 0 -5.55112e-17 1 0 -5.55112e-17 1 0 -5.55112e-17 1 0 -5.55112e-17 1 0 -5.55112e-17 1 0 -5.55112e-17 1 0 -5.55112e-17 1 0 -5.55112e-17 1 0 -5.55112e-17 1 0 -5.55112e-17 1 0 -5.55112e-17 1 0 -5.55112e-17 1 0 -5.55112e-17 1 0 -5.55112e-17 1 0 -5.55112e-17 1 0 -5.55112e-17 1 0 -5.55112e-17 1 0 -5.55112e-17 1 0 -5.55112e-17 1 0 -5.55112e-17 1 0 -5.55112e-17 1 0 -5.55112e-17 1 0 -5.55112e-17 1 0 -5.55112e-17 1 0 -5.55112e-17 1 0 -5.55112e-17 1 0 -5.55112e-17 1 0 -5.55112e-17 1 0 -5.55112e-17 1 0 -5.55112e-17 1 0 -5.55112e-17 1 0 -5.55112e-17 1 0 -5.55112e-17 1 0 -5.55112e-17 1 0 -5.55112e-17 1 0 -5.55112e-17 1 0 -5.55112e-17 1 0 -5.55112e-17 1 0 -5.55112e-17 1 0 -5.55112e-17 1 0 -5.55112e-17 1 0 -5.55112e-17 1 0 -5.55112e-17 1 0 -5.55112e-17 1 0 -5.55112e-17 1 0 -5.55112e-17 1 0 -5.55112e-17 1 0 -5.55112e-17 1 0 -5.55112e-17 1 0 -5.55112e-17 1 0 -5.55112e-17 1 0 -5.55112e-17 1 0 -5.55112e-17 1 0 -5.55112e-17 1 0 -5.55112e-17 1 0 -5.55112e-17 1 0 -5.55112e-17 1 0 -5.55112e-17 1 0 -5.55112e-17 1 0 -5.55112e-17 1 0 -5.55112e-17 1 0 -5.55112e-17 1 0 -5.55112e-17 1 0 -5.55112e-17 1 0 -5.55112e-17 1 0 -5.55112e-17 1 0 -5.55112e-17 1 0 -5.55112e-17 1 0 -5.55112e-17 1 0 -5.55112e-17 1 0 -5.55112e-17 1 0 -5.55112e-17 1 0 -5.55112e-17 1 0 -5.55112e-17 1 0 -5.55112e-17 1 0 -5.55112e-17 1 0 -5.55112e-17 1 0 -5.55112e-17 1 0 -5.55112e-17 1 0 -5.55112e-17 1 0 -5.55112e-17 1 0 -5.55112e-17 1 0 -5.55112e-17 1 0 -5.55112e-17 1 0 -5.55112e-17 1 0 -5.55112e-17 1 0 -5.55112e-17 1 0 -5.55112e-17 1 0 -5.55112e-17 1 0 -5.55112e-17 1 0 -5.55112e-17 1 0 -5.55112e-17 1 0 -5.55112e-17 1 0 -5.55112e-17 1 0 -5.55112e-17 1 0 -5.55112e-17 1 0 -5.55112e-17 1 0 -5.55112e-17 1 0 -5.55112e-17 1 0 -5.55112e-17 1 0 -5.55112e-17 1 0 -5.55112e-17 1 0 -5.55112e-17 1 0 -5.55112e-17 1 0 -5.55112e-17 1 0 -5.55112e-17 1 0 -5.55112e-17 1 0 -5.55112e-17 1 0 -5.55112e-17 1 0 -5.55112e-17 1 0 -5.55112e-17 1 0 -5.55112e-17 1 0 -5.55112e-17 1 0 -5.55112e-17 1 0 -5.55112e-17 1 0 -5.55112e-17 1 0 -5.55112e-17 1 0 -5.55112e-17 1 0 -5.55112e-17 1 0 -5.55112e-17 1 0 -5.55112e-17 1 0 -5.55112e-17 1 0 -5.55112e-17 1 0 -5.55112e-17 1 0 -5.55112e-17 1 0 -5.55112e-17 1 0 -5.55112e-17 1 0 -5.55112e-17 1 0 -5.55112e-17 1 0 -5.55112e-17 1 0 -5.55112e-17 1 0 -5.55112e-17 1 0 -5.55112e-17 1 0 -5.55112e-17 1 0 -5.55112e-17 1 0 -5.55112e-17 1 0 -5.55112e-17 1 0 -5.55112e-17 1 0 -5.55112e-17 1 0 -5.55112e-17 1 0 -5.55112e-17 1 0 -5.55112e-17 1 0 -5.55112e-17 1 0 -5.55112e-17 1 0 -5.55112e-17 1 0 -5.55112e-17 1 0 -5.55112e-17 1 0 -5.55112e-17 1 0 -5.55112e-17 1 0 -5.55112e-17 1 0 -5.55112e-17 1 0 -5.55112e-17 1 0 -5.55112e-17 1 0 -5.55112e-17 1 0 -5.55112e-17 1 0 -5.55112e-17 1 0 -5.55112e-17 1 0 -5.55112e-17 1 0 -5.55112e-17 1 0 -5.55112e-17 1 0 -5.55112e-17 1 0 -5.55112e-17 1 0 -5.55112e-17 1 0 -5.55112e-17 1 0 -5.55112e-17 1 0 -5.55112e-17 1 0 -5.55112e-17 1 0 -5.55112e-17 1 0 -5.55112e-17 1 0 -5.55112e-17 1 0 -5.55112e-17 1 0 -5.55112e-17 1 0 -5.55112e-17 1 0 -5.55112e-17 1 0 -5.55112e-17 1 0 -5.55112e-17 1 0 -5.55112e-17 1 0 -5.55112e-17 1 0 -5.55112e-17 1 0 -5.55112e-17 1 0 -5.55112e-17 1 0 -5.55112e-17 1 0 -5.55112e-17 1 0 -5.55112e-17 1 0 -5.55112e-17 1 0 -5.55112e-17 1 0 -5.55112e-17 1 0 -5.55112e-17 1 0 -5.55112e-17 1 0 -5.55112e-17 1 0 -5.55112e-17 1 0 -5.55112e-17 1 0 -5.55112e-17 1 0 -5.55112e-17 1 0 -5.55112e-17 1 0 -5.55112e-17 5.4123e-17 0.222231 0.974994 5.55062e-17 0.0133617 0.999911 5.55062e-17 0.0133618 0.999911 4.99581e-17 0.43596 0.899966 5.4123e-17 0.222231 0.974994 4.99581e-17 0.43596 0.899966 4.344e-17 0.622593 0.782546 3.58892e-17 0.762896 0.646522 4.344e-17 0.622593 0.782546 3.58892e-17 0.762896 0.646522 5.44423e-17 -0.195292 0.980745 5.05912e-17 -0.411586 0.911371 5.44423e-17 -0.195292 0.980745 4.42792e-17 -0.603102 0.797664 5.05912e-17 -0.411586 0.911371 4.42792e-17 -0.603102 0.797664 3.67882e-17 -0.74887 0.662717 3.67882e-17 -0.74887 0.662717 -1.35906e-17 0.969567 -0.244826 -1.35966e-17 0.969539 -0.244935 -1.76668e-17 0.948004 -0.318257 -1.01649e-17 0.983092 -0.183114 -1.01671e-17 0.983084 -0.183154 -7.27087e-18 0.991385 -0.13098 -7.27054e-18 0.991386 -0.130974 -4.80725e-18 0.996243 -0.0865997 -4.8121e-18 0.996236 -0.0866871 -2.72401e-18 0.998795 -0.0490714 -2.69352e-18 0.998822 -0.0485222 -8.58396e-19 0.99988 -0.0154635 -9.06715e-19 0.999867 -0.0163339 8.02658e-19 0.999895 0.0144594 7.76436e-19 0.999902 0.013987 2.6282e-18 0.998879 0.0473454 2.65398e-18 0.998856 0.0478099 4.78075e-18 0.996285 0.0861224 4.76665e-18 0.996306 0.0858684 7.27248e-18 0.991381 0.131009 7.27047e-18 0.991386 0.130973 1.02357e-17 0.982853 0.184389 1.0233e-17 0.982862 0.184341 1.37631e-17 0.968777 0.247935 1.37654e-17 0.968766 0.247976 1.79889e-17 0.946037 0.32406 1.79829e-17 0.946074 0.323952 2.30141e-17 0.910011 0.414585 2.30141e-17 0.91001 0.414586 2.88751e-17 0.854065 0.520167 2.88734e-17 0.854083 0.520137 3.53864e-17 0.770479 0.637465 3.53864e-17 0.770479 0.637465 -1.76619e-17 0.948034 -0.318169 -2.2478e-17 0.914348 -0.404928 -2.24803e-17 0.914331 -0.404969 -2.80668e-17 0.862764 -0.505606 -2.80688e-17 0.862743 -0.505642 -3.4288e-17 0.786431 -0.617679 -3.42763e-17 0.786597 -0.617466 -3.92336e-17 0.707443 -0.706771 -3.92464e-17 0.707213 -0.707 -4.37673e-17 0.615111 -0.788441 -4.37839e-17 0.614726 -0.788741 -4.7933e-17 0.504377 -0.863484 -4.79281e-17 0.504528 -0.863396 -5.13075e-17 0.381732 -0.924273 -5.13182e-17 0.381264 -0.924466 -5.36727e-17 0.255224 -0.966882 -5.36811e-17 0.254652 -0.967033 -5.5007e-17 0.134467 -0.990918 -5.50105e-17 0.133996 -0.990982 -5.54949e-17 0.0241675 -0.999708 -5.54936e-17 0.0251566 -0.999683 -5.53094e-17 -0.0851804 -0.996366 -5.53059e-17 -0.0859225 -0.996302 -5.41995e-17 -0.216101 -0.976371 -5.42028e-17 -0.215833 -0.97643 -5.17535e-17 -0.361663 -0.932309 -5.17306e-17 -0.362724 -0.931896 -4.77008e-17 -0.511471 -0.859301 -4.76978e-17 -0.511562 -0.859247 -4.22694e-17 -0.648215 -0.761457 -4.22694e-17 -0.648215 -0.761457 5.5239e-17 0.0989012 0.995097 5.54697e-17 -0.0386326 0.999254 5.54697e-17 -0.0386326 0.999254 5.4655e-17 -0.174953 0.984577 5.4655e-17 -0.174953 0.984577 5.25683e-17 -0.321275 0.946986 5.25683e-17 -0.321275 0.946986 4.90643e-17 -0.467744 0.883864 4.90643e-17 -0.467744 0.883864 4.42901e-17 -0.602843 0.79786 4.42901e-17 -0.602843 0.79786 3.86721e-17 -0.717406 0.696655 3.86721e-17 -0.717406 0.696655 5.5239e-17 0.0989012 0.995097 5.37353e-17 0.250913 0.96801 5.37353e-17 0.250913 0.96801 5.07609e-17 0.404749 0.914428 5.07609e-17 0.404749 0.914428 4.64328e-17 0.548029 0.836459 4.64328e-17 0.548029 0.836459 4.11738e-17 0.670708 0.741722 4.11738e-17 0.670708 0.741722 3.55374e-17 0.768221 0.640184 3.55374e-17 0.768221 0.640184 -3.15665e-17 -0.822579 -0.568651 -3.6826e-17 -0.748266 -0.663399 -3.15633e-17 -0.822619 -0.568594 -3.68655e-17 -0.747634 -0.664111 -4.1246e-17 -0.669268 -0.743021 -4.12662e-17 -0.668863 -0.743385 -4.55005e-17 -0.572845 -0.819664 -4.93858e-17 -0.456634 -0.889655 -4.55063e-17 -0.572694 -0.819769 -5.24833e-17 -0.325752 -0.945455 -4.9397e-17 -0.456238 -0.889858 -5.24929e-17 -0.325251 -0.945628 -5.45004e-17 -0.189964 -0.981791 -5.5408e-17 -0.060929 -0.998142 -5.45046e-17 -0.189565 -0.981868 -5.54125e-17 -0.0595862 -0.998223 -5.53633e-17 0.0729457 -0.997336 -5.40083e-17 0.231109 -0.972928 -5.53577e-17 0.0742926 -0.997236 -5.10196e-17 0.394055 -0.919087 -5.40147e-17 0.23063 -0.973041 -4.65458e-17 0.54491 -0.838494 -5.10051e-17 0.394662 -0.918827 -4.65366e-17 0.545164 -0.838329 -4.12748e-17 0.66869 -0.743541 -3.59517e-17 0.761939 -0.647648 -4.12748e-17 0.668691 -0.74354 -3.59517e-17 0.761939 -0.647648 -2.57235e-17 -0.886153 -0.463393 -1.96591e-17 -0.93519 -0.354147 -2.5716e-17 -0.886223 -0.463258 -1.37286e-17 -0.968936 -0.247312 -1.9649e-17 -0.935259 -0.353965 -1.37188e-17 -0.968981 -0.247137 -8.20336e-18 -0.98902 -0.147779 -3.28115e-18 -0.998252 -0.0591079 -8.20245e-18 -0.989023 -0.147762 -3.22455e-18 -0.998311 -0.0580883 1.08827e-18 -0.999808 0.0196045 5.49917e-18 -0.995081 0.0990643 1.15072e-18 -0.999785 0.0207295 1.0472e-17 -0.982045 0.188647 5.50346e-18 -0.995073 0.0991415 1.59785e-17 -0.957677 0.287843 1.0477e-17 -0.982028 0.188736 1.59858e-17 -0.957638 0.287974 2.18527e-17 -0.919254 0.393664 2.78137e-17 -0.86542 0.501047 2.18618e-17 -0.919184 0.393828 3.35031e-17 -0.797334 0.603539 2.78212e-17 -0.865342 0.501182 3.35033e-17 -0.797332 0.603541 3.85872e-17 -0.718889 0.695124 3.85872e-17 -0.718889 0.695124 2.33853e-17 -0.906934 0.421273 3.20437e-17 -0.816569 0.577247 3.21127e-17 -0.815689 0.578491 3.89769e-17 -0.712034 0.702145 3.89491e-17 -0.712527 0.701645 4.54797e-17 -0.57338 0.819289 4.54977e-17 -0.572918 0.819613 5.12027e-17 -0.386268 0.922387 5.12241e-17 -0.385347 0.922772 5.46789e-17 -0.172516 0.985007 5.46786e-17 -0.172542 0.985002 5.54881e-17 0.0288001 0.999585 5.54912e-17 0.0267968 0.999641 5.39929e-17 0.23228 0.972649 5.39878e-17 0.23266 0.972558 4.89632e-17 0.471171 0.882042 4.89769e-17 0.470706 0.88229 4.03126e-17 0.687476 0.726207 4.03126e-17 0.687476 0.726207 2.34202e-17 -0.906642 0.421901 1.77551e-17 -0.947469 0.319847 1.77334e-17 -0.947601 0.319456 1.38316e-17 -0.96846 0.249168 1.38421e-17 -0.968412 0.249356 1.09788e-17 -0.980247 0.197777 1.09846e-17 -0.980226 0.197881 8.79174e-18 -0.987379 0.158378 8.7939e-18 -0.987372 0.158417 7.05756e-18 -0.991885 0.127138 7.0561e-18 -0.991888 0.127111 5.64041e-18 -0.994824 0.101609 5.64104e-18 -0.994823 0.10162 4.45877e-18 -0.996769 0.0803221 4.45892e-18 -0.996769 0.0803247 3.45501e-18 -0.998061 0.0622399 3.45501e-18 -0.998061 0.0622399 1.44826e-17 0.965367 0.260896 2.58127e-17 0.88531 0.465001 1.44772e-17 0.965393 0.260798 6.65764e-18 0.992782 0.119933 6.65764e-18 0.992782 0.119933 2.58263e-17 0.885182 0.465245 4.00559e-17 0.692329 0.721582 4.00559e-17 0.692329 0.721582 -5.55112e-17 -0.10953 0.993984 -5.55112e-17 -0.10953 0.993984 -5.55112e-17 -0.10953 0.993984 -5.55112e-17 -0.10953 0.993984 -2.19034e-17 -0.918863 -0.394577 -2.88958e-17 -0.853837 -0.52054 -2.88958e-17 -0.853837 -0.52054 -3.58082e-17 -0.764129 -0.645064 -3.58082e-17 -0.764129 -0.645064 -4.20706e-17 -0.652399 -0.757876 -4.20706e-17 -0.652399 -0.757876 -2.19034e-17 -0.918863 -0.394577 -1.52974e-17 -0.96128 -0.275573 -1.52974e-17 -0.96128 -0.275573 -9.35054e-18 -0.985711 -0.168444 -9.35054e-18 -0.985711 -0.168444 -1.12516e-18 0.999795 -0.020269 2.0173e-18 0.999339 0.0363404 -1.17803e-18 0.999775 -0.0212215 -4.78817e-18 0.996273 -0.0862561 -4.75497e-18 0.996325 -0.085658 -9.55548e-18 0.985073 -0.172136 -9.553e-18 0.985081 -0.172092 -1.60562e-17 0.957256 -0.289242 -1.60511e-17 0.957283 -0.289152 -2.48382e-17 0.894311 -0.447446 -2.48347e-17 0.894342 -0.447383 -3.58046e-17 0.764183 -0.644999 -3.58046e-17 0.764183 -0.644999 2.05495e-18 0.999315 0.0370186 5.91739e-18 0.994302 0.106598 5.93784e-18 0.994263 0.106967 1.09337e-17 0.980411 0.196964 1.09311e-17 0.98042 0.196916 1.74552e-17 0.949276 0.314445 1.74527e-17 0.949291 0.314399 2.58046e-17 0.885387 0.464855 2.58084e-17 0.885352 0.464922 3.5679e-17 0.766088 0.642735 3.5679e-17 0.766088 0.642735 -5.54231e-17 -0.0563157 -0.998413 -5.31056e-17 -0.291191 -0.956665 -5.54275e-17 -0.0548936 -0.998492 -5.31119e-17 -0.290815 -0.956779 -4.80015e-17 -0.502259 -0.864717 -4.79928e-17 -0.502527 -0.864561 -4.17805e-17 -0.658419 -0.752651 -3.59145e-17 -0.762509 -0.646977 -4.17766e-17 -0.6585 -0.752581 -3.59145e-17 -0.762509 -0.646977 -5.47725e-17 0.162594 -0.986693 -5.09136e-17 0.398476 -0.917179 -5.47686e-17 0.163019 -0.986623 -4.40298e-17 0.608999 -0.793171 -5.08989e-17 0.399087 -0.916913 -4.40135e-17 0.609382 -0.792877 -3.62223e-17 0.757769 -0.652523 -3.62223e-17 0.757769 -0.652523 6.69528e-19 -0.999927 0.0120611 -3.24939e-18 -0.998285 -0.0585358 6.95812e-19 -0.999921 0.0125346 5.29004e-18 -0.995449 0.0952968 5.26426e-18 -0.995493 0.0948324 1.10811e-17 -0.979873 0.19962 1.10841e-17 -0.979862 0.199674 1.84065e-17 -0.943427 0.331582 1.84108e-17 -0.943399 0.33166 2.7198e-17 -0.871747 0.489955 2.71938e-17 -0.87179 0.489879 3.65805e-17 -0.752164 0.658976 3.65805e-17 -0.752164 0.658976 -3.26749e-18 -0.998266 -0.0588619 -7.94721e-18 -0.989699 -0.143164 -7.946e-18 -0.989702 -0.143142 -1.36346e-17 -0.969366 -0.245619 -1.36329e-17 -0.969374 -0.245588 -2.03766e-17 -0.930192 -0.367073 -2.0379e-17 -0.930176 -0.367115 -2.79695e-17 -0.863789 -0.503854 -2.79715e-17 -0.863768 -0.50389 -3.57567e-17 -0.764911 -0.644136 -3.57567e-17 -0.764911 -0.644136 1 0 -5.55112e-17 1 0 -5.55112e-17 1 0 -5.55112e-17 1 0 -5.55112e-17 0 -1 0 0 -1 0 0 -1 0 0 -1 0 0 0 -1 0 0 -1 0 0 -1 0 0 -1 0 1 0 0 1 0 0 1 0 0 1 0 0 0 1 0 0 1 0 0 1 0 0 1 1 0 -5.55112e-17 1 0 -5.55112e-17 1 0 -5.55112e-17 1 0 -5.55112e-17 1 0 -5.55112e-17 1 0 -5.55112e-17 1 0 -5.55112e-17 1 0 -5.55112e-17 1 0 -5.55112e-17 1 0 -5.55112e-17 1 0 -5.55112e-17 1 0 -5.55112e-17 0 0 -1 0 0 -1 0 0 -1 0 0 -1 0 -1 0 0 -1 0 0 -1 0 0 -1 0 0 0 -1 0 0 -1 0 0 -1 0 0 -1 0 1 0 0 1 0 0 1 0 0 1 0 0 0 -1 0 0 -1 0 0 -1 0 0 -1 0 1 0 0 1 0 0 1 0 0 1 0 0 0 1 0 0 1 0 0 1 0 0 1 0 1 0 0 1 0 0 1 0 0 1 0 0 0 1 0 0 1 0 0 1 0 0 1 0 -1 0 0 -1 0 0 -1 0 0 -1 0 0 0 1 0 0 1 0 0 1 0 0 1 0 -1 0 0 -1 0 0 -1 0 0 -1 0 2.21628e-17 -0.916843 0.399249 2.21628e-17 -0.916843 0.399249 1.32145e-17 -0.971253 0.238051 3.04695e-17 -0.835894 0.548891 3.04695e-17 -0.835894 0.548891 3.78944e-17 -0.730751 0.682645 3.78944e-17 -0.730751 0.682645 4.42224e-17 -0.604455 0.796639 4.42224e-17 -0.604455 0.796639 4.92703e-17 -0.460664 0.887575 4.92703e-17 -0.460664 0.887575 1.32145e-17 -0.971253 0.238051 3.88368e-18 -0.99755 0.0699621 3.88368e-18 -0.99755 0.0699621 -5.55953e-18 -0.994972 -0.100152 -5.55953e-18 -0.994972 -0.100152 -1.48418e-17 -0.963595 -0.267366 -1.48418e-17 -0.963595 -0.267366 -2.36945e-17 -0.904326 -0.426842 -2.36945e-17 -0.904326 -0.426842 -1.32145e-17 -0.971253 -0.238051 -1.32145e-17 -0.971253 -0.238051 -2.21628e-17 -0.916843 -0.399249 -3.88368e-18 -0.99755 -0.0699621 -3.88368e-18 -0.99755 -0.0699621 5.55953e-18 -0.994972 0.100152 5.55953e-18 -0.994972 0.100152 1.48418e-17 -0.963595 0.267366 1.48418e-17 -0.963595 0.267366 2.36945e-17 -0.904326 0.426842 2.36945e-17 -0.904326 0.426842 -2.21628e-17 -0.916843 -0.399249 -3.04695e-17 -0.835894 -0.548891 -3.04695e-17 -0.835894 -0.548891 -3.78944e-17 -0.730751 -0.682645 -3.78944e-17 -0.730751 -0.682645 -4.42224e-17 -0.604455 -0.796639 -4.42224e-17 -0.604455 -0.796639 -4.92703e-17 -0.460664 -0.887575 -4.92703e-17 -0.460664 -0.887575 0 0.382683 0.92388 0 0.382683 0.92388 0 0.382683 0.92388 0 0.382683 0.92388 0 -1 0 0 -1 0 0 -1 0 0 -1 0 0 0.382683 -0.92388 0 0.382683 -0.92388 0 0.382683 -0.92388 0 0.382683 -0.92388 1 0 -5.55112e-17 1 0 -5.55112e-17 1 0 -5.55112e-17 1 0 -5.55112e-17 1 0 -5.55112e-17 1 0 -5.55112e-17 0 0 1 0 0 1 0 0 1 0 0 1 0 0 -1 0 0 -1 0 0 -1 0 0 -1 1 0 -5.55112e-17 1 0 -5.55112e-17 1 0 -5.55112e-17 1 0 -5.55112e-17 1 0 -5.55112e-17 1 0 -5.55112e-17 1 0 -5.55112e-17 1 0 -5.55112e-17 1 0 -5.55112e-17 1 0 -5.55112e-17 1 0 -5.55112e-17 1 0 -5.55112e-17 1 0 -5.55112e-17 1 0 -5.55112e-17 2.41015e-17 -0.900829 0.434174 2.08401e-20 -1 0.000375422 -2.08498e-20 -1 -0.000375597 2.40693e-17 -0.901109 0.433594 4.34096e-17 -0.62328 0.781999 4.33911e-17 -0.623699 0.781664 5.4122e-17 -0.222312 0.974976 5.41174e-17 0.222678 0.974892 5.41167e-17 -0.22273 0.97488 5.41214e-17 0.222364 0.974964 4.34041e-17 0.623406 0.781898 4.33967e-17 0.623574 0.781765 2.40881e-17 0.900946 0.433932 2.40827e-17 0.900992 0.433835 -8.12145e-28 1 -1.46303e-11 7.39557e-32 1 1.33227e-15 -2.41015e-17 -0.900829 -0.434174 -4.34096e-17 -0.62328 -0.781999 -2.40693e-17 -0.901108 -0.433594 -4.33911e-17 -0.623699 -0.781664 -5.4122e-17 -0.222312 -0.974976 -5.41167e-17 -0.22273 -0.97488 -5.41214e-17 0.222364 -0.974964 -5.41174e-17 0.222678 -0.974892 -4.33967e-17 0.623574 -0.781765 -4.34041e-17 0.623406 -0.781898 -2.40881e-17 0.900946 -0.433932 -2.40827e-17 0.900992 -0.433835 5.55112e-17 -0.460664 0.887575 5.55112e-17 -0.460664 0.887575 5.55112e-17 -0.460664 0.887575 5.55112e-17 -0.460664 0.887575 -4.35535e-18 0.996917 -0.078459 4.35535e-18 0.996917 0.078459 -4.35536e-18 0.996917 -0.0784592 -1.29588e-17 0.97237 -0.233445 -1.29588e-17 0.97237 -0.233445 -2.12432e-17 0.92388 -0.382683 -2.12432e-17 0.92388 -0.382683 4.35535e-18 0.996917 0.078459 1.29588e-17 0.97237 0.233445 1.29588e-17 0.97237 0.233445 2.12432e-17 0.92388 0.382683 2.12432e-17 0.92388 0.382683 5.54507e-17 0.0466668 0.99891 5.53216e-17 -0.0825794 0.996584 5.53216e-17 0.0825794 0.996584 -4.21359e-18 -0.997115 -0.0759054 4.85294e-24 -1 8.74228e-08 5.17541e-18 -0.995644 0.0932318 5.38125e-17 0.245486 0.9694 5.42209e-17 0.214353 0.976756 5.08356e-17 0.401695 0.915773 5.14398e-17 0.375907 0.926657 4.71871e-17 0.526706 0.850047 4.64721e-17 0.546948 0.837166 4.08409e-17 0.677282 0.735724 4.15844e-17 0.662437 0.749118 3.40957e-17 0.78914 0.614213 3.4792e-17 0.779215 0.626756 2.70041e-17 0.873701 0.486463 2.64204e-17 0.879474 0.475948 1.80244e-17 0.945817 0.3247 1.84438e-17 0.94319 0.332253 9.13683e-18 0.986361 0.164595 9.35571e-18 0.985695 0.168537 -9.70588e-24 1 -1.74846e-07 -9.70588e-24 1 -1.74846e-07 5.50941e-17 -0.122355 0.992486 5.31612e-17 -0.287876 0.957668 5.38125e-17 -0.245486 0.9694 5.08356e-17 -0.401695 0.915773 4.97075e-17 -0.445161 0.895451 4.48316e-17 -0.58971 0.807615 4.64721e-17 -0.546948 0.837167 3.86732e-17 -0.717388 0.696674 4.08409e-17 -0.677282 0.735724 3.40957e-17 -0.78914 0.614213 3.14083e-17 -0.824542 0.565802 2.32448e-17 -0.908106 0.418741 2.64204e-17 -0.879474 0.475947 1.44163e-17 -0.965689 0.259702 1.80244e-17 -0.945817 0.324699 9.13685e-18 -0.986361 0.164595 -2.23648e-17 -0.915249 -0.402888 -2.64204e-17 -0.879474 -0.475947 -1.80244e-17 -0.945817 -0.3247 -1.3482e-17 -0.970059 -0.242871 -9.13684e-18 -0.986361 -0.164595 -4.64721e-17 -0.546948 -0.837166 -4.42557e-17 -0.603664 -0.797239 -4.92703e-17 -0.460664 -0.887575 -3.40957e-17 -0.789141 -0.614213 -3.79749e-17 -0.729393 -0.684095 -4.08409e-17 -0.677282 -0.735724 -5.55018e-17 0.0183083 -0.999832 -5.53216e-17 -0.0825794 -0.996584 -5.49094e-17 -0.146842 -0.98916 -5.28131e-17 -0.30797 -0.951396 -5.38125e-17 -0.245485 -0.9694 -5.08356e-17 -0.401695 -0.915773 -4.92703e-17 -0.460664 -0.887575 -4.83011e-17 0.492849 -0.870115 -5.08356e-17 0.401695 -0.915773 -5.21518e-17 0.342595 -0.939483 -3.67726e-17 0.749118 -0.662437 -3.40957e-17 0.789141 -0.614213 -4.08409e-17 0.677282 -0.735724 -5.53216e-17 0.0825794 -0.996584 -2.94107e-17 0.848113 -0.529816 -4.31274e-17 0.629605 -0.776915 -1.80244e-17 0.945817 -0.324699 -2.64204e-17 0.879474 -0.475947 -2.12432e-17 0.92388 -0.382683 -2.12432e-17 0.92388 -0.382683 -1.43673e-17 0.965926 -0.258819 -9.13684e-18 0.986361 -0.164595 -7.24566e-18 0.991445 -0.130526 -4.64721e-17 0.546948 -0.837166 -5.38125e-17 0.245485 -0.9694 -5.45742e-17 0.182957 -0.983121 -3.06077e-17 -0.834255 -0.551379 -5.55112e-17 -0.460664 -0.887575 -5.55112e-17 -0.460664 -0.887575 -5.55112e-17 -0.460664 -0.887575 -5.55112e-17 -0.460664 -0.887575 -1.61903e-17 -0.956523 -0.291658 -2.36945e-17 -0.904326 -0.426842 -2.36945e-17 -0.904326 -0.426842 -8.34602e-18 -0.988633 -0.150349 -3.26538e-19 -0.999983 -0.00588238 -3.26538e-19 -0.999983 -0.00588238 -1.60861e-17 -0.957093 -0.289782 -8.13074e-18 -0.989215 -0.14647 4.85294e-24 -1 8.74228e-08 3.26534e-19 -0.999983 0.00588232 8.34603e-18 -0.988633 0.150349 3.26534e-19 -0.999983 0.00588232 8.13074e-18 -0.989215 0.14647 2.36945e-17 -0.904326 0.426842 1.61902e-17 -0.956523 0.291658 1.60861e-17 -0.957093 0.289782 2.36945e-17 -0.904326 0.426842 1 0 -5.55112e-17 1 0 -5.55112e-17 1 0 -5.55112e-17 1 0 -5.55112e-17 1 0 -5.55112e-17 1 0 -5.55112e-17 1 0 -5.55112e-17 1 0 -5.55112e-17 1 0 -5.55112e-17 1 0 -5.55112e-17 1 0 -5.55112e-17 1 0 -5.55112e-17 1 0 -5.55112e-17 1 0 -5.55112e-17 1 0 -5.55112e-17 1 0 -5.55112e-17 1 0 -5.55112e-17 1 0 -5.55112e-17 1 0 -5.55112e-17 1 0 -5.55112e-17 1 0 -5.55112e-17 1 0 -5.55112e-17 1 0 -5.55112e-17 1 0 -5.55112e-17 1 0 -5.55112e-17 1 0 -5.55112e-17 1 0 -5.55112e-17 1 0 -5.55112e-17 1 0 -5.55112e-17 1 0 -5.55112e-17 1 0 -5.55112e-17 1 0 -5.55112e-17 1 0 -5.55112e-17 1 0 -5.55112e-17 1 0 -5.55112e-17 1 0 -5.55112e-17 1 0 -5.55112e-17 1 0 -5.55112e-17 1 0 -5.55112e-17 1 0 -5.55112e-17 1 0 -5.55112e-17 1 0 -5.55112e-17 1 0 -5.55112e-17 1 0 -5.55112e-17 1 0 -5.55112e-17 1 0 -5.55112e-17 1 0 -5.55112e-17 1 0 -5.55112e-17 1 0 -5.55112e-17 1 0 -5.55112e-17 1 0 -5.55112e-17 1 0 -5.55112e-17 1 0 -5.55112e-17 1 0 -5.55112e-17 1 0 -5.55112e-17 1 0 -5.55112e-17 1 0 -5.55112e-17 1 0 -5.55112e-17 1 0 -5.55112e-17 1 0 -5.55112e-17 1 0 -5.55112e-17 1 0 -5.55112e-17 1 0 -5.55112e-17 1 0 -5.55112e-17 1 0 -5.55112e-17 1 0 -5.55112e-17 1 0 -5.55112e-17 1 0 -5.55112e-17 1 0 -5.55112e-17 1 0 -5.55112e-17 1 0 -5.55112e-17 1 0 -5.55112e-17 1 0 -5.55112e-17 1 0 -5.55112e-17 1 0 -5.55112e-17 1 0 -5.55112e-17 1 0 -5.55112e-17 1 0 -5.55112e-17 1 0 -5.55112e-17 1 0 -5.55112e-17 1 0 -5.55112e-17 1 0 -5.55112e-17 1 0 -5.55112e-17 1 0 -5.55112e-17 1 0 -5.55112e-17 1 0 -5.55112e-17 1 0 -5.55112e-17 1 0 -5.55112e-17 1 0 -5.55112e-17 1 0 -5.55112e-17 1 0 -5.55112e-17 1 0 -5.55112e-17 1 0 -5.55112e-17 1 0 -5.55112e-17 1 0 -5.55112e-17 1 0 -5.55112e-17 1 0 -5.55112e-17 1 0 -5.55112e-17 1 0 -5.55112e-17 1 0 -5.55112e-17 1 0 -5.55112e-17 1 0 -5.55112e-17 1 0 -5.55112e-17 1 0 -5.55112e-17 1 0 -5.55112e-17 1 0 -5.55112e-17 1 0 -5.55112e-17 1 0 -5.55112e-17 1 0 -5.55112e-17 1 0 -5.55112e-17 1 0 -5.55112e-17 1 0 -5.55112e-17 1 0 -5.55112e-17 1 0 -5.55112e-17 1 0 -5.55112e-17 1 0 -5.55112e-17 1 0 -5.55112e-17 1 0 -5.55112e-17 1 0 -5.55112e-17 1 0 -5.55112e-17 1 0 -5.55112e-17 1 0 -5.55112e-17 1 0 -5.55112e-17 1 0 -5.55112e-17 1 0 -5.55112e-17 1 0 -5.55112e-17 1 0 -5.55112e-17 1 0 -5.55112e-17 1 0 -5.55112e-17 1 0 -5.55112e-17 1 0 -5.55112e-17 1 0 -5.55112e-17 1 0 -5.55112e-17 1 0 -5.55112e-17 1 0 -5.55112e-17 1 0 -5.55112e-17 1 0 -5.55112e-17 1 0 -5.55112e-17 1 0 -5.55112e-17 1 0 -5.55112e-17 1 0 -5.55112e-17 1 0 -5.55112e-17 1 0 -5.55112e-17 1 0 -5.55112e-17 1 0 -5.55112e-17 1 0 -5.55112e-17 1 0 -5.55112e-17 1 0 -5.55112e-17 1 0 -5.55112e-17 1 0 -5.55112e-17 1 0 -5.55112e-17 1 0 -5.55112e-17 1 0 -5.55112e-17 1 0 -5.55112e-17 1 0 -5.55112e-17 1 0 -5.55112e-17 1 0 -5.55112e-17 1 0 -5.55112e-17 1 0 -5.55112e-17 1 0 -5.55112e-17 1 0 -5.55112e-17 1 0 -5.55112e-17 1 0 -5.55112e-17 1 0 -5.55112e-17 1 0 -5.55112e-17 1 0 -5.55112e-17 1 0 -5.55112e-17 1 0 -5.55112e-17 1 0 -5.55112e-17 1 0 -5.55112e-17 1 0 -5.55112e-17 1 0 -5.55112e-17 1 0 -5.55112e-17 1 0 -5.55112e-17 1 0 -5.55112e-17 1 0 -5.55112e-17 1 0 -5.55112e-17 1 0 -5.55112e-17 1 0 -5.55112e-17 1 0 -5.55112e-17 1 0 -5.55112e-17 1 0 -5.55112e-17 1 0 -5.55112e-17 1 0 -5.55112e-17 1 0 -5.55112e-17 1 0 -5.55112e-17 1 0 -5.55112e-17 1 0 -5.55112e-17 1 0 -5.55112e-17 1 0 -5.55112e-17 1 0 -5.55112e-17 1 0 -5.55112e-17 1 0 -5.55112e-17 1 0 -5.55112e-17 1 0 -5.55112e-17 1 0 -5.55112e-17 1 0 -5.55112e-17 1 0 -5.55112e-17 1 0 -5.55112e-17 1 0 -5.55112e-17 1 0 -5.55112e-17 1 0 -5.55112e-17 1 0 -5.55112e-17 1 0 -5.55112e-17 1 0 -5.55112e-17 1 0 -5.55112e-17 1 0 -5.55112e-17 1 0 -5.55112e-17 1 0 -5.55112e-17 1 0 -5.55112e-17 1 0 -5.55112e-17 1 0 -5.55112e-17 1 0 -5.55112e-17 1 0 -5.55112e-17 1 0 -5.55112e-17 1 0 -5.55112e-17 -2.88789e-17 0.0413249 -0.999146 -2.41093e-17 -0.123693 -0.992321 -2.50684e-17 -0.0925256 -0.99571 3.59462e-17 -0.363508 0.931591 3.74211e-17 -0.460664 0.887575 3.80512e-17 -0.511885 0.859054 1.79185e-17 0.30634 0.951922 1.8682e-17 0.285336 0.958427 1.27452e-17 0.439197 0.898391 -2.98515e-17 0.0786071 -0.996906 -3.28607e-17 0.205215 -0.978717 2.41093e-17 0.123693 0.992321 2.31909e-17 0.152728 0.988268 2.78854e-17 -0.00468982 0.999989 -3.37602e-17 0.247437 -0.968904 -3.59462e-17 0.363508 -0.931591 3.18851e-17 -0.161991 0.986792 2.88789e-17 -0.041325 0.999146 3.28607e-17 -0.205215 0.978717 -3.80512e-17 0.511885 -0.859054 -3.66803e-17 0.40902 -0.912525 3.50903e-17 -0.315255 0.949007 3.74211e-17 -0.460664 0.887575 -3.8526e-17 0.558624 -0.829421 -3.91182e-17 0.646299 -0.763084 -3.92434e-17 0.691868 -0.722024 -3.91182e-17 0.763084 -0.646299 -3.80512e-17 0.859054 -0.511885 -3.88114e-17 0.804848 -0.593481 -3.72428e-17 0.894255 -0.447557 -3.59462e-17 0.931591 -0.363508 -3.45834e-17 0.957473 -0.288524 -3.28607e-17 0.978717 -0.205215 -2.88789e-17 0.999146 -0.0413249 -3.09111e-17 0.992647 -0.121042 -2.63335e-17 0.99875 0.0499864 -2.41093e-17 0.992321 0.123693 -2.09846e-17 0.975601 0.21955 -1.8682e-17 0.958427 0.285337 -1.27452e-17 0.898391 0.439197 -1.50212e-17 0.92388 0.382683 -1.50212e-17 0.92388 0.382683 -1.01593e-17 0.866026 0.5 -6.46072e-18 0.813849 0.581077 -5.12346e-18 0.793353 0.608761 6.86309e-24 0.707107 0.707107 -1.18539e-23 0.707107 0.707107 -1.95512e-17 -0.260948 -0.965353 -1.8682e-17 -0.285336 -0.958427 -1.34613e-17 -0.421728 -0.906722 -6.97718e-18 -0.570157 -0.821536 -1.27452e-17 -0.439197 -0.898391 -6.46073e-18 -0.581077 -0.813849 -2.88719e-19 -0.701887 -0.712289 -3.43155e-24 -0.707107 -0.707107 6.40819e-18 -0.81306 -0.58218 6.46072e-18 -0.813849 -0.581077 1.27452e-17 -0.898391 -0.439197 1.8682e-17 -0.958427 -0.285336 1.29174e-17 -0.90042 -0.435021 2.41093e-17 -0.992321 -0.123692 1.90483e-17 -0.96141 -0.275121 2.46214e-17 -0.994241 -0.107163 2.88789e-17 -0.999146 0.041325 2.94733e-17 -0.997954 0.0639331 3.28607e-17 -0.978717 0.205215 3.3462e-17 -0.972439 0.233157 3.59462e-17 -0.931591 0.363508 3.64707e-17 -0.918443 0.395552 3.84113e-17 -0.837549 0.546363 3.80512e-17 -0.859054 0.511885 3.91182e-17 -0.763084 0.646299 3.92268e-17 -0.732124 0.681171 3.91182e-17 -0.646299 0.763084 3.88935e-17 -0.605257 0.79603 1.21996e-17 0.452318 0.891857 6.46072e-18 0.581077 0.813849 6.17678e-18 0.587026 0.809568 1 0 -5.55112e-17 1 0 -5.55112e-17 1 0 -5.55112e-17 1 0 -5.55112e-17 1 0 -5.55112e-17 1 0 -5.55112e-17 1 0 -5.55112e-17 1 0 -5.55112e-17 1 0 -5.55112e-17 1 0 -5.55112e-17 1 0 -5.55112e-17 1 0 -5.55112e-17 1 0 -5.55112e-17 1 0 -5.55112e-17 1 0 -5.55112e-17 1 0 -5.55112e-17 1 0 -5.55112e-17 1 0 -5.55112e-17 1 0 -5.55112e-17 1 0 -5.55112e-17 1 0 -5.55112e-17 1 0 -5.55112e-17 1 0 -5.55112e-17 1 0 -5.55112e-17 1 0 -5.55112e-17 1 0 -5.55112e-17 1 0 -5.55112e-17 1 0 -5.55112e-17 1 0 -5.55112e-17 1 0 -5.55112e-17 1 0 -5.55112e-17 1 0 -5.55112e-17 1 0 -5.55112e-17 1 0 -5.55112e-17 1 0 -5.55112e-17 1 0 -5.55112e-17 1 0 -5.55112e-17 1 0 -5.55112e-17 3.91182e-17 0.763084 0.646299 3.91182e-17 0.646299 0.763084 3.91182e-17 0.646299 0.763084 3.43155e-24 0.707107 -0.707107 3.43155e-24 0.707107 -0.707107 -6.46072e-18 0.581077 -0.813849 3.80512e-17 0.511885 0.859054 3.80512e-17 0.511885 0.859054 3.59462e-17 0.363508 0.931591 3.59462e-17 0.363508 0.931591 3.28607e-17 0.205215 0.978717 3.28607e-17 0.205215 0.978717 2.88789e-17 0.0413249 0.999146 2.88789e-17 0.0413249 0.999146 2.41093e-17 -0.123692 0.992321 2.41093e-17 -0.123693 0.992321 1.8682e-17 -0.285336 0.958428 1.8682e-17 -0.285337 0.958427 1.27452e-17 -0.439197 0.898391 1.27452e-17 -0.439197 0.898391 6.46072e-18 -0.581077 0.813849 6.46072e-18 -0.581077 0.813849 -6.86309e-24 -0.707107 0.707107 1.18539e-23 -0.707107 0.707107 3.91182e-17 0.763084 0.646299 3.80512e-17 0.859054 0.511885 3.80512e-17 0.859054 0.511885 3.59462e-17 0.931591 0.363508 3.59462e-17 0.931591 0.363508 3.28607e-17 0.978717 0.205215 3.28607e-17 0.978717 0.205215 2.88789e-17 0.999146 0.0413249 2.88789e-17 0.999146 0.0413249 2.41093e-17 0.992321 -0.123693 2.41093e-17 0.992321 -0.123693 1.8682e-17 0.958427 -0.285336 1.8682e-17 0.958427 -0.285336 1.27452e-17 0.898391 -0.439197 1.27452e-17 0.898391 -0.439197 6.46073e-18 0.813849 -0.581077 6.46073e-18 0.813849 -0.581077 -1.27452e-17 0.439196 -0.898391 -6.46072e-18 0.581077 -0.813849 -1.27452e-17 0.439197 -0.898391 -2.88789e-17 -0.041325 -0.999146 -2.41093e-17 0.123693 -0.992321 -2.88789e-17 -0.041325 -0.999146 -1.8682e-17 0.285336 -0.958427 -1.8682e-17 0.285336 -0.958427 -2.41093e-17 0.123692 -0.992321 -3.59462e-17 -0.363508 -0.931591 -3.80512e-17 -0.511885 -0.859054 -3.80512e-17 -0.511885 -0.859054 -3.28607e-17 -0.205215 -0.978717 -3.59462e-17 -0.363508 -0.931591 -3.28607e-17 -0.205215 -0.978717 -3.80512e-17 -0.859054 -0.511885 -3.80512e-17 -0.859054 -0.511885 -3.91182e-17 -0.763084 -0.646299 -3.91182e-17 -0.763084 -0.646299 -3.91182e-17 -0.646299 -0.763084 -3.91182e-17 -0.646299 -0.763084 -2.88789e-17 -0.999146 -0.041325 -3.28607e-17 -0.978717 -0.205215 -2.88789e-17 -0.999146 -0.041325 -3.59462e-17 -0.931591 -0.363508 -3.59462e-17 -0.931591 -0.363508 -3.28607e-17 -0.978717 -0.205215 -1.8682e-17 -0.958427 0.285336 -2.41093e-17 -0.992321 0.123693 -2.41093e-17 -0.992321 0.123693 -1.27452e-17 -0.898391 0.439197 -1.8682e-17 -0.958427 0.285336 -1.27452e-17 -0.898391 0.439197 -6.46072e-18 -0.813849 0.581077 -6.46072e-18 -0.813849 0.581077 1 0 -5.55112e-17 1 0 -5.55112e-17 1 0 -5.55112e-17 1 0 -5.55112e-17 1 0 -5.55112e-17 1 0 -5.55112e-17 1 0 -5.55112e-17 1 0 -5.55112e-17 1 0 -5.55112e-17 1 0 -5.55112e-17 1 0 -5.55112e-17 1 0 -5.55112e-17 1 0 -5.55112e-17 1 0 -5.55112e-17 1 0 -5.55112e-17 1 0 -5.55112e-17 1 0 -5.55112e-17 1 0 -5.55112e-17 1 0 -5.55112e-17 1 0 -5.55112e-17 1 0 -5.55112e-17 1 0 -5.55112e-17 1 0 -5.55112e-17 1 0 -5.55112e-17 1 0 -5.55112e-17 1 0 -5.55112e-17 1 0 -5.55112e-17 1 0 -5.55112e-17 1 0 -5.55112e-17 1 0 -5.55112e-17 1 0 -5.55112e-17 1 0 -5.55112e-17 1 0 -5.55112e-17 1 0 -5.55112e-17 1 0 -5.55112e-17 1 0 -5.55112e-17 1 0 -5.55112e-17 1 0 -5.55112e-17 0 0.996584 -0.0825794 0 0.996584 0.0825794 0 0.996584 0.0825794 0 8.74228e-08 -1 0 8.74228e-08 -1 0 -0.164595 -0.986361 0 0.9694 0.245485 0 0.9694 0.245486 0 0.915773 0.401695 0 0.915773 0.401695 0 0.837166 0.546948 0 0.837166 0.546948 0 0.735724 0.677282 0 0.735724 0.677282 0 0.614213 0.78914 0 0.614213 0.789141 0 0.475948 0.879474 0 0.475947 0.879474 0 0.324699 0.945817 0 0.3247 0.945817 0 0.164595 0.986361 0 0.164595 0.986361 0 -1.74846e-07 1 0 3.01992e-07 1 0 0.996584 -0.0825794 0 0.9694 -0.245486 0 0.9694 -0.245486 0 0.915773 -0.401695 0 0.915773 -0.401695 0 0.837167 -0.546948 0 0.837167 -0.546948 0 0.735724 -0.677282 0 0.735724 -0.677282 0 0.614213 -0.78914 0 0.614213 -0.78914 0 0.475947 -0.879474 0 0.475947 -0.879474 0 0.324699 -0.945817 0 0.324699 -0.945817 0 0.164595 -0.986361 0 0.164595 -0.986361 0 -0.3247 -0.945817 0 -0.164595 -0.986361 0 -0.324699 -0.945817 0 -0.735724 -0.677282 0 -0.614213 -0.789141 0 -0.735724 -0.677282 0 -0.475947 -0.879474 0 -0.475947 -0.879474 0 -0.614213 -0.78914 0 -0.915773 -0.401695 0 -0.9694 -0.245485 0 -0.9694 -0.245485 0 -0.837166 -0.546948 0 -0.915773 -0.401695 0 -0.837166 -0.546948 0 -0.9694 0.245485 0 -0.9694 0.245485 0 -0.996584 0.0825794 0 -0.996584 0.0825794 0 -0.996584 -0.0825794 0 -0.996584 -0.0825792 0 -0.735724 0.677282 0 -0.837166 0.546948 0 -0.735724 0.677282 0 -0.915773 0.401695 0 -0.915773 0.401695 0 -0.837166 0.546948 0 -0.475947 0.879474 0 -0.614213 0.789141 0 -0.614213 0.789141 0 -0.324699 0.945817 0 -0.475947 0.879474 0 -0.324699 0.945817 0 -0.164595 0.986361 0 -0.164595 0.986361 1 0 -5.55112e-17 1 0 -5.55112e-17 1 0 -5.55112e-17 1 0 -5.55112e-17 1 0 -5.55112e-17 1 0 -5.55112e-17 1 0 -5.55112e-17 1 0 -5.55112e-17 1 0 -5.55112e-17 1 0 -5.55112e-17 1 0 -5.55112e-17 1 0 -5.55112e-17 1 0 -5.55112e-17 1 0 -5.55112e-17 1 0 -5.55112e-17 1 0 -5.55112e-17 1 0 -5.55112e-17 1 0 -5.55112e-17 1 0 -5.55112e-17 1 0 -5.55112e-17 1 0 -5.55112e-17 1 0 -5.55112e-17 1 0 -5.55112e-17 1 0 -5.55112e-17 1 0 -5.55112e-17 1 0 -5.55112e-17 1 0 -5.55112e-17 1 0 -5.55112e-17 1 0 -5.55112e-17 1 0 -5.55112e-17 1 0 -5.55112e-17 1 0 -5.55112e-17 1 0 -5.55112e-17 1 0 -5.55112e-17 1 0 -5.55112e-17 1 0 -5.55112e-17 1 0 -5.55112e-17 1 0 -5.55112e-17 0 0.996584 -0.0825794 0 0.996584 0.0825794 0 0.996584 0.0825794 0 8.74228e-08 -1 0 8.74228e-08 -1 0 -0.164595 -0.986361 0 0.9694 0.245485 0 0.9694 0.245486 0 0.915773 0.401695 0 0.915773 0.401695 0 0.837166 0.546948 0 0.837166 0.546948 0 0.735724 0.677282 0 0.735724 0.677282 0 0.614213 0.78914 0 0.614213 0.789141 0 0.475948 0.879474 0 0.475947 0.879474 0 0.324699 0.945817 0 0.3247 0.945817 0 0.164595 0.986361 0 0.164595 0.986361 0 -1.74846e-07 1 0 3.01992e-07 1 0 0.996584 -0.0825794 0 0.9694 -0.245486 0 0.9694 -0.245486 0 0.915773 -0.401695 0 0.915773 -0.401695 0 0.837167 -0.546948 0 0.837167 -0.546948 0 0.735724 -0.677282 0 0.735724 -0.677282 0 0.614213 -0.78914 0 0.614213 -0.78914 0 0.475947 -0.879474 0 0.475947 -0.879474 0 0.324699 -0.945817 0 0.324699 -0.945817 0 0.164595 -0.986361 0 0.164595 -0.986361 0 -0.3247 -0.945817 0 -0.164595 -0.986361 0 -0.324699 -0.945817 0 -0.735724 -0.677282 0 -0.614213 -0.789141 0 -0.735724 -0.677282 0 -0.475947 -0.879474 0 -0.475947 -0.879474 0 -0.614213 -0.78914 0 -0.915773 -0.401695 0 -0.9694 -0.245485 0 -0.9694 -0.245485 0 -0.837166 -0.546948 0 -0.915773 -0.401695 0 -0.837166 -0.546948 0 -0.9694 0.245485 0 -0.9694 0.245485 0 -0.996584 0.0825794 0 -0.996584 0.0825794 0 -0.996584 -0.0825794 0 -0.996584 -0.0825792 0 -0.735724 0.677282 0 -0.837166 0.546948 0 -0.735724 0.677282 0 -0.915773 0.401695 0 -0.915773 0.401695 0 -0.837166 0.546948 0 -0.475947 0.879474 0 -0.614213 0.789141 0 -0.614213 0.789141 0 -0.324699 0.945817 0 -0.475947 0.879474 0 -0.324699 0.945817 0 -0.164595 0.986361 0 -0.164595 0.986361 1 0 -5.55112e-17 1 0 -5.55112e-17 1 0 -5.55112e-17 1 0 -5.55112e-17 1 0 -5.55112e-17 1 0 -5.55112e-17 1 0 -5.55112e-17 1 0 -5.55112e-17 1 0 -5.55112e-17 1 0 -5.55112e-17 1 0 -5.55112e-17 1 0 -5.55112e-17 1 0 -5.55112e-17 1 0 -5.55112e-17 1 0 -5.55112e-17 1 0 -5.55112e-17 1 0 -5.55112e-17 1 0 -5.55112e-17 1 0 -5.55112e-17 1 0 -5.55112e-17 1 0 -5.55112e-17 1 0 -5.55112e-17 1 0 -5.55112e-17 1 0 -5.55112e-17 1 0 -5.55112e-17 1 0 -5.55112e-17 1 0 -5.55112e-17 1 0 -5.55112e-17 1 0 -5.55112e-17 1 0 -5.55112e-17 1 0 -5.55112e-17 1 0 -5.55112e-17 1 0 -5.55112e-17 1 0 -5.55112e-17 1 0 -5.55112e-17 1 0 -5.55112e-17 1 0 -5.55112e-17 1 0 -5.55112e-17 1 0 -5.55112e-17 1 0 -5.55112e-17 1 0 -5.55112e-17 1 0 -5.55112e-17 1 0 -5.55112e-17 1 0 -5.55112e-17 1 0 -5.55112e-17 1 0 -5.55112e-17 1 0 -5.55112e-17 1 0 -5.55112e-17 1 0 -5.55112e-17 1 0 -5.55112e-17 1 0 -5.55112e-17 1 0 -5.55112e-17 1 0 -5.55112e-17 1 0 -5.55112e-17 1 0 -5.55112e-17 1 0 -5.55112e-17 1 0 -5.55112e-17 1 0 -5.55112e-17 1 0 -5.55112e-17 1 0 -5.55112e-17 1 0 -5.55112e-17 1 0 -5.55112e-17 1 0 -5.55112e-17 1 0 -5.55112e-17 1 0 -5.55112e-17 1 0 -5.55112e-17 1 0 -5.55112e-17 1 0 -5.55112e-17 1 0 -5.55112e-17 1 0 -5.55112e-17 1 0 -5.55112e-17 1 0 -5.55112e-17 1 0 -5.55112e-17 1 0 -5.55112e-17 1 0 -5.55112e-17 1 0 -5.55112e-17 1 0 -5.55112e-17 1 0 -5.55112e-17 1 0 -5.55112e-17 1 0 -5.55112e-17 1 0 -5.55112e-17 1 0 -5.55112e-17 1 0 -5.55112e-17 1 0 -5.55112e-17 1 0 -5.55112e-17 1 0 -5.55112e-17 1 0 -5.55112e-17 1 0 -5.55112e-17 1 0 -5.55112e-17 1 0 -5.55112e-17 1 0 -5.55112e-17 1 0 -5.55112e-17 1 0 -5.55112e-17 1 0 -5.55112e-17 1 0 -5.55112e-17 1 0 -5.55112e-17 1 0 -5.55112e-17 1 0 -5.55112e-17 1 0 -5.55112e-17 1 0 -5.55112e-17 1 0 -5.55112e-17 1 0 -5.55112e-17 1 0 -5.55112e-17 1 0 -5.55112e-17 1 0 -5.55112e-17 1 0 -5.55112e-17 1 0 -5.55112e-17 1 0 -5.55112e-17 1 0 -5.55112e-17 1 0 -5.55112e-17 1 0 -5.55112e-17 1 0 -5.55112e-17 1 0 -5.55112e-17 1 0 -5.55112e-17 1 0 -5.55112e-17 1 0 -5.55112e-17 1 0 -5.55112e-17 1 0 -5.55112e-17 1 0 -5.55112e-17 1 0 -5.55112e-17 1 0 -5.55112e-17 1 0 -5.55112e-17 1 0 -5.55112e-17 1 0 -5.55112e-17 1 0 -5.55112e-17 1 0 -5.55112e-17 1 0 -5.55112e-17 1 0 -5.55112e-17 1 0 -5.55112e-17 1 0 -5.55112e-17 1 0 -5.55112e-17 1 0 -5.55112e-17 1 0 -5.55112e-17 1 0 -5.55112e-17 1 0 -5.55112e-17 1 0 -5.55112e-17 1 0 -5.55112e-17 1 0 -5.55112e-17 1 0 -5.55112e-17 1 0 -5.55112e-17 1 0 -5.55112e-17 1 0 -5.55112e-17 1 0 -5.55112e-17 1 0 -5.55112e-17 1 0 -5.55112e-17 1 0 -5.55112e-17 1 0 -5.55112e-17 1 0 -5.55112e-17 1 0 -5.55112e-17 1 0 -5.55112e-17 1 0 -5.55112e-17 1 0 -5.55112e-17 1 0 -5.55112e-17 1 0 -5.55112e-17 1 0 -5.55112e-17 1 0 -5.55112e-17 1 0 -5.55112e-17 1 0 -5.55112e-17 1 0 -5.55112e-17 1 0 -5.55112e-17 1 0 -5.55112e-17 1 0 -5.55112e-17 1 0 -5.55112e-17 1 0 -5.55112e-17 1 0 -5.55112e-17 1 0 -5.55112e-17 1 0 -5.55112e-17 1 0 -5.55112e-17 1 0 -5.55112e-17 1 0 -5.55112e-17 1 0 -5.55112e-17 1 0 -5.55112e-17 1 0 -5.55112e-17 1 0 -5.55112e-17 1 0 -5.55112e-17 1 0 -5.55112e-17 1 0 -5.55112e-17 1 0 -5.55112e-17 1 0 -5.55112e-17 1 0 -5.55112e-17 1 0 -5.55112e-17 1 0 -5.55112e-17 1 0 -5.55112e-17 1 0 -5.55112e-17 1 0 -5.55112e-17 1 0 -5.55112e-17 1 0 -5.55112e-17 1 0 -5.55112e-17 1 0 -5.55112e-17 1 0 -5.55112e-17 1 0 -5.55112e-17 1 0 -5.55112e-17 1 0 -5.55112e-17 1 0 -5.55112e-17 1 0 -5.55112e-17 1 0 -5.55112e-17 1 0 -5.55112e-17 1 0 -5.55112e-17 1 0 -5.55112e-17 1 0 -5.55112e-17 1 0 -5.55112e-17 1 0 -5.55112e-17 1 0 -5.55112e-17 1 0 -5.55112e-17 1 0 -5.55112e-17 1 0 -5.55112e-17 1 0 -5.55112e-17 1 0 -5.55112e-17 1 0 -5.55112e-17 1 0 -5.55112e-17 1 0 -5.55112e-17 1 0 -5.55112e-17 1 0 -5.55112e-17 1 0 -5.55112e-17 1 0 -5.55112e-17 1 0 -5.55112e-17 1 0 -5.55112e-17 1 0 -5.55112e-17 1 0 -5.55112e-17 1 0 -5.55112e-17 1 0 -5.55112e-17 1 0 -5.55112e-17 1 0 -5.55112e-17 1 0 -5.55112e-17 1 0 -5.55112e-17 1 0 -5.55112e-17 1 0 -5.55112e-17 1 0 -5.55112e-17 1 0 -5.55112e-17 1 0 -5.55112e-17 1 0 -5.55112e-17 1 0 -5.55112e-17 1 0 -5.55112e-17 1 0 -5.55112e-17 1 0 -5.55112e-17 1 0 -5.55112e-17 1 0 -5.55112e-17 1 0 -5.55112e-17 1 0 -5.55112e-17 1 0 -5.55112e-17 1 0 -5.55112e-17 1 0 -5.55112e-17 1 0 -5.55112e-17 1 0 -5.55112e-17 1 0 -5.55112e-17 1 0 -5.55112e-17 1 0 -5.55112e-17 1 0 -5.55112e-17 1 0 -5.55112e-17 1 0 -5.55112e-17 1 0 -5.55112e-17 1 0 -5.55112e-17 1 0 -5.55112e-17 1 0 -5.55112e-17 1 0 -5.55112e-17 1 0 -5.55112e-17 1 0 -5.55112e-17 1 0 -5.55112e-17 1 0 -5.55112e-17 1 0 -5.55112e-17 1 0 -5.55112e-17 1 0 -5.55112e-17 1 0 -5.55112e-17 1 0 -5.55112e-17 1 0 -5.55112e-17 1 0 -5.55112e-17 1 0 -5.55112e-17 1 0 -5.55112e-17 1 0 -5.55112e-17 1 0 -5.55112e-17 1 0 -5.55112e-17 1 0 -5.55112e-17 1 0 -5.55112e-17 1 0 -5.55112e-17 1 0 -5.55112e-17 1 0 -5.55112e-17 1 0 -5.55112e-17 1 0 -5.55112e-17 1 0 -5.55112e-17 1 0 -5.55112e-17 1 0 -5.55112e-17 1 0 -5.55112e-17 1 0 -5.55112e-17 1 0 -5.55112e-17 1 0 -5.55112e-17 1 0 -5.55112e-17 1 0 -5.55112e-17 1 0 -5.55112e-17 1 0 -5.55112e-17 1 0 -5.55112e-17 1 0 -5.55112e-17 1 0 -5.55112e-17 1 0 -5.55112e-17 1 0 -5.55112e-17 1 0 -5.55112e-17 1 0 -5.55112e-17 1 0 -5.55112e-17 1 0 -5.55112e-17 1 0 -5.55112e-17 1 0 -5.55112e-17 1 0 -5.55112e-17 1 0 -5.55112e-17 1 0 -5.55112e-17 1 0 -5.55112e-17 1 0 -5.55112e-17 1 0 -5.55112e-17 1 0 -5.55112e-17 1 0 -5.55112e-17 1 0 -5.55112e-17 1 0 -5.55112e-17 1 0 -5.55112e-17 1 0 -5.55112e-17 1 0 -5.55112e-17 1 0 -5.55112e-17 1 0 -5.55112e-17 1 0 -5.55112e-17 1 0 -5.55112e-17 1 0 -5.55112e-17 1 0 -5.55112e-17 1 0 -5.55112e-17 1 0 -5.55112e-17 1 0 -5.55112e-17 1 0 -5.55112e-17 1 0 -5.55112e-17 1 0 -5.55112e-17 1 0 -5.55112e-17 1 0 -5.55112e-17 1 0 -5.55112e-17 1 0 -5.55112e-17 1 0 -5.55112e-17 1 0 -5.55112e-17 1 0 -5.55112e-17 1 0 -5.55112e-17 1 0 -5.55112e-17 1 0 -5.55112e-17 1 0 -5.55112e-17 1 0 -5.55112e-17 1 0 -5.55112e-17 1 0 -5.55112e-17 1 0 -5.55112e-17 1 0 -5.55112e-17 1 0 -5.55112e-17 1 0 -5.55112e-17 1 0 -5.55112e-17 1 0 -5.55112e-17 1 0 -5.55112e-17 1 0 -5.55112e-17 1 0 -5.55112e-17 1 0 -5.55112e-17 1 0 -5.55112e-17 1 0 -5.55112e-17 1 0 -5.55112e-17 1 0 -5.55112e-17 1 0 -5.55112e-17 1 0 -5.55112e-17 1 0 -5.55112e-17 1 0 -5.55112e-17 1 0 -5.55112e-17 1 0 -5.55112e-17 1 0 -5.55112e-17 1 0 -5.55112e-17 1 0 -5.55112e-17 1 0 -5.55112e-17 1 0 -5.55112e-17 1 0 -5.55112e-17 1 0 -5.55112e-17 1 0 -5.55112e-17 1 0 -5.55112e-17 1 0 -5.55112e-17 1 0 -5.55112e-17 1 0 -5.55112e-17 1 0 -5.55112e-17 1 0 -5.55112e-17 1 0 -5.55112e-17 1 0 -5.55112e-17 1 0 -5.55112e-17 1 0 -5.55112e-17 1 0 -5.55112e-17 1 0 -5.55112e-17 1 0 -5.55112e-17 1 0 -5.55112e-17 1 0 -5.55112e-17 1 0 -5.55112e-17 1 0 -5.55112e-17 1 0 -5.55112e-17 1 0 -5.55112e-17 1 0 -5.55112e-17 1 0 -5.55112e-17 1 0 -5.55112e-17 1 0 -5.55112e-17 1 0 -5.55112e-17 1 0 -5.55112e-17 1 0 -5.55112e-17 0 0.642788 -0.766044 0 0.62822 -0.778036 0 0.750672 -0.660675 0 0.9919 0.127018 0 1 -1.19249e-08 0 0.999099 -0.042441 0 0.5 -0.866026 0 0.487695 -0.873014 0 0.33314 -0.942877 0 0.34202 -0.939693 0 0.173648 -0.984808 0 0.169001 -0.985616 0 -1.74846e-07 -1 0 3.01992e-07 -1 0 0.766044 -0.642788 0 0.866025 -0.5 0 0.851529 -0.524307 0 0.927889 -0.372857 0 0.939693 -0.34202 0 0.977555 -0.210679 0 0.984808 -0.173648 0 0.803997 0.594633 0 0.875224 0.483719 0 0.892926 0.450204 0 0.956167 0.292823 0 0.943883 0.330279 0 0.985871 0.167506 0 0.532032 0.846724 0 0.559975 0.82851 0 0.411901 0.911228 0 0.781831 0.62349 0 0.691939 0.721956 0 0.666346 0.745642 0 0.0848059 0.996397 0 -0.0848059 0.996397 0 0.0560706 0.998427 0 0.251978 0.967733 0 0.222521 0.974928 0 0.382683 0.92388 0 -0.559975 0.82851 0 -0.433884 0.900969 0 -0.411901 0.911228 0 -0.276836 0.960917 0 -0.111964 0.993712 0 -0.251978 0.967733 0 -0.815561 0.578671 0 -0.803997 0.594633 0 -0.892926 0.450204 0 -0.578671 0.815561 0 -0.691939 0.721956 0 -0.707107 0.707107 0 -0.9919 0.127018 0 -0.999099 -0.0424412 0 -0.993712 0.111964 0 -0.956167 0.292823 0 -0.960917 0.276836 0 -0.900969 0.433884 0 -0.851529 -0.524307 0 -0.92388 -0.382683 0 -0.927889 -0.372857 0 -0.974928 -0.222521 0 -0.998427 -0.0560704 0 -0.977555 -0.210679 0 -0.750672 -0.660675 0 -0.846724 -0.532032 0 -0.745642 -0.666347 0 -0.62822 -0.778036 0 -0.487695 -0.873014 0 -0.62349 -0.781831 0 -0.33314 -0.942877 0 -0.483719 -0.875223 0 -0.330279 -0.943883 0 -0.169001 -0.985616 0 -0.167506 -0.985871 0.996584 0 -0.0825794 0.996584 0 0.0825794 0.996584 0 0.0825794 8.74228e-08 0 -1 8.74228e-08 0 -1 -0.164595 0 -0.986361 0.9694 0 0.245485 0.9694 0 0.245486 0.915773 0 0.401695 0.915773 0 0.401695 0.837166 0 0.546948 0.837166 0 0.546948 0.735724 0 0.677282 0.735724 0 0.677282 0.614213 0 0.78914 0.614213 0 0.789141 0.475948 0 0.879474 0.475947 0 0.879474 0.324699 0 0.945817 0.3247 0 0.945817 0.164595 0 0.986361 0.164595 0 0.986361 -1.74846e-07 0 1 3.01992e-07 0 1 0.996584 0 -0.0825794 0.9694 0 -0.245486 0.9694 0 -0.245486 0.915773 0 -0.401695 0.915773 0 -0.401695 0.837167 0 -0.546948 0.837167 0 -0.546948 0.735724 0 -0.677282 0.735724 0 -0.677282 0.614213 0 -0.78914 0.614213 0 -0.78914 0.475947 0 -0.879474 0.475947 0 -0.879474 0.324699 0 -0.945817 0.324699 0 -0.945817 0.164595 0 -0.986361 0.164595 0 -0.986361 -0.3247 0 -0.945817 -0.164595 0 -0.986361 -0.324699 0 -0.945817 -0.735724 0 -0.677282 -0.614213 0 -0.789141 -0.735724 0 -0.677282 -0.475947 0 -0.879474 -0.475947 0 -0.879474 -0.614213 0 -0.78914 -0.915773 0 -0.401695 -0.9694 0 -0.245485 -0.9694 0 -0.245485 -0.837166 0 -0.546948 -0.915773 0 -0.401695 -0.837166 0 -0.546948 -0.9694 0 0.245485 -0.9694 0 0.245485 -0.996584 0 0.0825794 -0.996584 0 0.0825794 -0.996584 0 -0.0825794 -0.996584 0 -0.0825792 -0.735724 0 0.677282 -0.837166 0 0.546948 -0.735724 0 0.677282 -0.915773 0 0.401695 -0.915773 0 0.401695 -0.837166 0 0.546948 -0.475947 0 0.879474 -0.614213 0 0.789141 -0.614213 0 0.789141 -0.324699 0 0.945817 -0.475947 0 0.879474 -0.324699 0 0.945817 -0.164595 0 0.986361 -0.164595 0 0.986361 0 -1 0 0 -1 0 0 -1 0 0 -1 0 0 -1 0 0 -1 0 0 -1 0 0 -1 0 0 -1 0 0 -1 0 0 -1 0 0 -1 0 0 -1 0 0 -1 0 0 -1 0 0 -1 0 0 -1 0 0 -1 0 0 -1 0 0 -1 0 0 -1 0 0 -1 0 0 -1 0 0 -1 0 0 -1 0 0 -1 0 0 -1 0 0 -1 0 0 -1 0 0 -1 0 0 -1 0 0 -1 0 0 -1 0 0 -1 0 0 -1 0 0 -1 0 0 -1 0 0 -1 0 0 -1 0 0 -1 0 0 -1 0 0 -1 0 0 -1 0 0 -1 0 0 -1 0 0 -1 0 0 -1 0 0 -1 0 0 -1 0 0 -1 0 0 -1 0 0 -1 0 0 -1 0 0 -1 0 0 -1 0 0 -1 0 0 -1 0 0 -1 0 0 -1 0 0 -1 0 0 -1 0 0 -1 0 0 -1 0 0 -1 0 0 -1 0 0 -1 0 0 -1 0 0 -1 0 0 -1 0 0 -1 0 0 -1 0 0 -1 0 0 -1 0 0 -1 0 0 -1 0 0 -1 0 0 -1 0 0 -1 0 0 -1 0 0 -1 0 0 -1 0 0 -1 0 0 -1 0 0 -1 0 0 -1 0 0 -1 0 0 -1 0 0 -1 0 0 -1 0 0 -1 0 0 -1 0 0 -1 0 0 -1 0 0 -1 0 0 -1 0 0 -1 0 0 -1 0 0 -1 0 0 -1 0 0 -1 0 0 -1 0 0 -1 0 0 -1 0 0 -1 0 0 -1 0 0 -1 0 0 -1 0 0 -1 0 0 -1 0 0 -1 0 0 -1 0 0 -1 0 0 -1 0 0 1 0 0 1 0 0 1 0 0 1 0 0 1 0 0 1 0 0 1 0 0 1 0 0 1 0 0 1 0 0 1 0 0 1 0 0 1 0 0 1 0 0 1 0 0 1 0 0 1 0 0 1 0 0 1 0 0 1 0 0 1 0 0 1 0 0 1 0 0 1 0 0 1 0 0 1 0 0 1 0 0 1 0 0 1 0 0 1 0 0 1 0 0 1 0 0 1 0 0 1 0 0 1 0 0 1 0 0 1 0 0 1 0 0 1 0 0 1 0 0 1 0 0 1 0 0 1 0 0 1 0 0 1 0 0 1 0 0 1 0 0 1 0 0 1 0 0 1 0 0 1 0 0 1 0 0 1 0 0 1 0 0 1 0 0 1 0 0 1 0 0 1 0 0 1 0 0 1 0 0 1 0 0 1 0 0 1 0 0 1 0 0 1 0 0 1 0 0 1 0 0 1 0 0 1 0 0 1 0 0 1 0 0 1 0 0 1 0 0 1 0 0 1 0 0 1 0 0 1 0 0 1 0 0 1 0 0 1 0 0 1 0 0 1 0 0 1 0 0 1 0 0 1 0 0 1 0 0 1 0 0 1 0 0 1 0 0 1 0 0 1 0 0 1 0 0 1 0 0 1 0 0 1 0 0 1 0 0 1 0 0 1 0 0 1 0 -0.652524 -8.74228e-08 -0.757768 -0.539897 0.556264 -0.63173 -0.767143 -8.74228e-08 -0.641476 -0.659129 0.707107 -0.256025 -4.08059e-08 1 -1.56705e-08 -4.2787e-08 1 -8.942e-09 -0.203962 0.950405 -0.234798 -0.541085 0.707107 -0.455222 -0.608316 0.707107 -0.360488 -0.861309 -8.74228e-08 -0.508081 -2.88957e-08 1 -3.27983e-08 -3.37696e-08 1 -2.77542e-08 -3.77741e-08 1 -2.19956e-08 -0.692153 0.707107 -0.144652 -0.932512 -8.74228e-08 -0.361139 -0.978852 -8.74228e-08 -0.204569 -0.608628 0.707107 -0.359962 3.34849e-08 1 2.80971e-08 -0.541675 0.707107 -0.454519 -0.51807 3.61211e-08 -0.855339 -0.36633 0.707107 -0.604816 -0.262646 0.707107 -0.656519 -0.65924 0.707107 -0.25574 -0.978852 3.61211e-08 -0.204569 -0.692153 0.707107 -0.144652 -0.860729 3.61211e-08 -0.509063 4.07524e-08 1 1.58091e-08 4.2787e-08 1 8.942e-09 -0.932306 3.61211e-08 -0.361671 2.84471e-08 1 3.31881e-08 -0.46018 0.707107 -0.536874 -0.766044 3.61211e-08 -0.642788 2.26455e-08 1 3.7388e-08 -0.650793 3.61211e-08 -0.759255 -0.371437 3.61211e-08 -0.928458 1.6236e-08 1 4.05842e-08 3.76237e-08 1 2.22518e-08 -0.371437 -8.74228e-08 -0.928458 -0.339309 0.707107 -0.620378 -0.473682 -8.74228e-08 -0.880696 -0.411098 0.707107 -0.575324 -2.47155e-08 1 -3.60531e-08 -2.06007e-08 1 -3.85525e-08 -0.262646 0.707107 -0.656519 -1.6236e-08 1 -4.05842e-08 -0.569895 -8.74228e-08 -0.821718 -0.63386 0.321363 -0.703525 -0.401721 0.802532 -0.441092 -0.163303 0.969245 -0.184107 -0.65885 -8.74228e-08 -0.752275 -2.85305e-08 1 -3.31164e-08 0 1 0 0 1 0 0 1 0 0 1 0 0 1 0 0 1 0 0 1 0 0 1 0 0 1 0 0 1 0 0 1 0 0 1 0 0 1 0 0 1 0 0 1 0 0 1 0 0 1 0 0 1 0 0 1 0 0 1 0 0 1 0 0 1 0 0 1 0 0 1 0 0 1 0 0 1 0 0 1 0 0 1 0 0 1 0 0 1 0 0 1 0 0 1 0 0 1 0 0 1 0 0 1 0 0 1 0 0 1 0 0 1 0 0 1 0 0 1 0 0 1 0 0 1 0 0 1 0 0 1 0 -0.652524 -0 -0.757768 -0.671634 -0 -0.740883 -0.661501 -0 -0.749945 -0.728013 -0 -0.685564 -0.716653 -0 -0.69743 -0.767143 -0 -0.641476 -0.682498 -0 -0.730887 -0.693723 -0 -0.720242 -0.705159 -0 -0.709049 -0.924421 0 -0.381373 -0.932512 0 -0.361139 -0.978852 0 -0.204569 -0.861309 -0 -0.508081 -0.883962 0 -0.467559 -0.867936 0 -0.496677 -0.978852 0 -0.204569 -0.912402 0 -0.409296 -0.898865 0 -0.438225 -0.850856 -0 -0.5254 -0.832782 -0 -0.553602 -0.813758 -0 -0.581203 -0.793816 -0 -0.608158 -0.473682 -0 -0.880696 -0.569895 0 -0.821718 -0.509178 -0 -0.860661 -0.371437 -0 -0.928458 -0.371437 -0 -0.928458 -0.644249 0 -0.764815 -0.65885 0 -0.752275 -0.650793 0 -0.759255 -0.51807 0 -0.855339 -0.610723 0 -0.791845 -0.716736 0 -0.697344 -0.490256 0 -0.871578 -0.371437 0 -0.928458 -0.766044 0 -0.642788 -0.371437 0 -0.928458 -0.811083 -0 -0.58493 -0.860729 -0 -0.509063 -0.885866 -0 -0.463942 -0.932306 -0 -0.361671 -0.943442 -0 -0.331537 -0.978852 -0 -0.204569 -0.978852 -0 -0.204569 -0.824965 0.560646 -0.071478 -0.819945 0.572393 -0.00749601 -0.933571 0.358363 0.00456495 -0.985493 0.14908 0.0811099 -0.936905 0.348742 -0.0242536 -0.98578 0.148448 0.0787505 -0.268703 0.96304 0.0187704 -0.453145 0.886802 -0.0907803 -0.229385 0.96533 -0.124579 -0.83727 0.513297 -0.188426 -0.830781 0.540674 -0.132189 -0.940676 0.335461 -0.0509351 -0.986048 0.148012 0.0761627 -0.930758 0.36396 0.0349758 -0.532393 0.84567 0.0374203 -0.986526 0.147699 0.0703672 -0.986297 0.14777 0.0733641 -0.459706 0.862862 -0.210096 -0.23574 0.936276 -0.26041 -0.0180241 0.859394 -0.510997 -0.245806 0.827097 -0.505461 -0.24956 0.751029 -0.61129 -0.67694 0.663665 -0.318279 -0.844301 0.479304 -0.239629 -0.684668 0.613287 -0.393838 -0.692797 0.554067 -0.461565 -0.851775 0.439183 -0.285654 -0.859635 0.393002 -0.326463 -0.701387 0.486075 -0.521332 -0.71052 0.408816 -0.572739 -0.867866 0.340443 -0.36181 -0.0109965 0.962609 -0.270673 -0.241305 0.889458 -0.38812 -0.72024 0.321465 -0.614747 -0.885419 0.214188 -0.412501 -0.730472 0.223285 -0.645411 -0.876469 0.280977 -0.390965 -0.740937 0.114275 -0.66178 -0.518303 0.214188 -0.82794 -0.894621 0.140283 -0.424232 -0.974361 0.154626 -0.163434 -0.26264 0.449322 -0.853891 -0.268988 0.324588 -0.906801 -0.0291583 0.267355 -0.963157 -0.275868 0.18768 -0.942695 -0.0348995 3.15768e-13 -0.999391 -0.527423 0.0791556 -0.845907 -0.983421 0.157546 0.0897899 -0.969011 0.190047 -0.157796 -0.281868 0.039484 -0.95864 -0.253199 0.662444 -0.705023 -0.257398 0.56187 -0.786161 -0.0227604 0.50454 -0.863088 -0.509035 0.33659 -0.792206 -0.963766 0.22231 -0.147423 -0.983666 0.156136 0.089573 -0.500374 0.446277 -0.741932 -0.983949 0.154701 0.0889545 -0.958699 0.251183 -0.133428 -0.0201971 0.703741 -0.71017 -0.492579 0.543952 -0.679324 -0.95384 0.276784 -0.116532 -0.984253 0.153318 0.0879758 -0.485568 0.630409 -0.605646 -0.984567 0.152038 0.0866762 -0.9492 0.299318 -0.0970974 -0.479065 0.706083 -0.521482 -0.984882 0.150892 0.0850861 -0.944798 0.318899 -0.0752323 -0.472737 0.770778 -0.427108 -0.985192 0.1499 0.083226 -0.669608 0.704502 -0.235162 -0.466311 0.823564 -0.322951 -0.66275 0.734598 -0.145356 3.79011e-14 1 -4.08681e-15 -0.65653 0.752595 -0.0506885 -0.755675 0.652757 0.0535128 -0.91039 0.408644 0.0648159 4.36006e-08 1 -3.10996e-09 -0.280688 0.959799 -2.45385e-08 -0.279977 0.959799 0.0199703 -0.905514 0.419371 0.0645888 -0.907815 0.419371 -7.93637e-08 -0.989032 0.147699 -8.6464e-08 -0.751698 0.657325 0.0536173 -0.753607 0.657325 -6.58824e-08 -0.986526 0.147699 0.0703672 -0.986526 0.147699 -0.0703671 -0.537443 0.842428 0.0383349 -0.538808 0.842428 -4.71041e-08 4.37114e-08 1 3.82137e-15 4.36006e-08 1 3.10995e-09 -0.279977 0.959799 -0.0199702 -0.537443 0.842428 -0.0383348 -0.751698 0.657325 -0.0536172 -0.905514 0.419371 -0.0645887 -0.45972 0.862817 0.210249 -0.45315 0.886792 0.090852 -0.229393 0.965317 0.124666 -0.984252 0.153322 -0.0879778 -0.953845 0.276744 0.116588 -0.958702 0.251153 0.133465 -0.859636 0.392907 0.326572 -0.692801 0.553902 0.461756 -0.701384 0.485922 0.521478 -0.730461 0.223275 0.645426 -0.720227 0.321406 0.614794 -0.509015 0.336511 0.792252 -0.983421 0.157546 -0.0897899 -0.983665 0.156138 -0.0895733 -0.96901 0.190046 0.157803 -0.963766 0.222296 0.147443 -0.983948 0.154703 -0.0889555 -0.84431 0.479212 0.239786 -0.676953 0.663549 0.318492 -0.684679 0.613137 0.394054 -0.257407 0.561638 0.786323 -0.253226 0.662188 0.705254 -0.020252 0.703475 0.710431 -0.66962 0.704431 0.235342 -0.837279 0.513227 0.188579 -0.0110266 0.962553 0.270868 -0.241343 0.889337 0.388373 -0.235763 0.93622 0.260592 2.70722e-15 1 2.91915e-16 -0.819948 0.572389 0.0075381 -0.755675 0.652757 -0.0535096 -0.656534 0.752588 0.0507463 -0.532393 0.84567 -0.0374165 -0.986526 0.147699 -0.0703672 -0.91039 0.408644 -0.0648148 -0.986297 0.147771 -0.0733643 -0.824971 0.560626 0.0715668 -0.933575 0.358354 -0.00451843 -0.268703 0.96304 -0.0187685 -0.662758 0.734566 0.14548 -0.85178 0.439081 0.285794 -0.830789 0.54063 0.132318 -0.71051 0.408702 0.572833 -0.876464 0.280941 0.391002 -0.26263 0.449151 0.853984 -0.268966 0.3245 0.906839 -0.275847 0.187664 0.942704 -0.518287 0.214174 0.827954 -0.281867 0.0394872 0.958641 -0.0348995 2.66574e-12 0.999391 -0.527423 0.0791579 0.845907 -0.0180862 0.85921 0.511303 -0.2496 0.75079 0.611567 -0.245849 0.826908 0.505748 -0.930759 0.363958 -0.0349533 -0.986048 0.148013 -0.0761641 -0.93691 0.348723 0.0243203 -0.466333 0.823465 0.323171 -0.985779 0.148449 -0.078753 -0.940683 0.33543 0.0510136 -0.985492 0.149083 -0.0811134 -0.472761 0.770621 0.427365 -0.944805 0.318859 0.0753122 -0.985191 0.149903 -0.0832299 -0.479086 0.70588 0.521737 -0.022774 0.504322 0.863215 -0.949207 0.299274 0.0971689 -0.48558 0.630189 0.605866 -0.984881 0.150896 -0.0850898 -0.984566 0.152042 -0.0866792 -0.492579 0.543749 0.679487 -0.0291351 0.267282 0.963178 -0.867864 0.340373 0.361882 -0.500361 0.446126 0.742031 -0.885414 0.214182 0.412514 -0.974362 0.154625 0.163434 -0.740937 0.114275 0.66178 -0.894622 0.140283 0.424232 -0.030383 0.492017 -0.870055 -0.0337103 0.258819 -0.965337 -0.0302239 0.5 -0.865498 -0.0348995 6.95356e-08 -0.999391 -0.0337587 0.253589 -0.966723 -0.0348995 6.95356e-08 -0.999391 -0.0174497 0.866025 -0.499695 -0.00903265 0.965926 -0.258661 -0.0092596 0.96416 -0.26516 -0.0177619 0.8608 -0.508633 -0.0249485 0.69926 -0.714432 -0.0246777 0.707107 -0.706676 -2.08082e-10 1 -5.95869e-09 -2.08082e-10 1 -5.95869e-09 -0.500038 0.866003 -0.0001785 -0.258901 0.965904 -0.000356032 -0.464934 0.843016 -0.270484 -0.707107 0.707107 -3.13043e-08 -0.663532 0.733046 -0.149562 -0.146438 0.973611 -0.175035 2.50967e-08 1 6.72655e-08 -0.86605 0.499957 -0.000194092 -0.712976 0.584475 -0.387368 -0.96739 -0.000424043 -0.25329 -1 1.18491e-08 1.11048e-08 -0.964779 0.239952 -0.107817 -0.697731 0.393888 -0.59835 -0.852363 0.23612 -0.46661 -0.263274 0.622535 -0.736979 -0.496941 0.525597 -0.690505 -0.27562 0.776889 -0.566107 -0.423306 0.322576 -0.846615 -0.199554 0.446849 -0.872069 -0.619054 0.176962 -0.765151 -0.296362 0.111608 -0.948532 -0.034051 0.258881 -0.965309 -0.0348995 -3.5248e-08 -0.999391 -0.235577 0.897214 -0.373511 -0.00881938 0.965876 -0.258855 -0.867575 0.426315 -0.256063 -0.511208 0.703968 -0.493047 -0.0174878 0.865672 -0.500306 -0.965941 0.258763 -0.000222054 -0.719287 -0.000258564 -0.694713 -0.520016 7.70229e-08 -0.854156 -0.0246778 0.707107 -0.706676 -0.871784 4.62861e-08 -0.48989 -0.0304781 0.499893 -0.86555 -0.286722 -0.000286721 -0.958014 -0.258819 0.965926 0 -5.96244e-09 1 0 -5.96244e-09 1 0 -0.866025 0.5 0 -0.707107 0.707107 0 -0.707107 0.707107 0 -0.5 0.866025 0 -0.258819 0.965926 0 -0.5 0.866025 0 -1 6.95355e-08 0 -0.965926 0.258819 0 -0.965926 0.258819 0 -0.866025 0.5 0 -1 6.95355e-08 0 -0.0176295 0.866003 0.499728 -0.00939134 0.965904 0.258731 -0.286545 0.843016 0.455211 -0.0246777 0.707107 0.706676 -0.172628 0.733046 0.657908 -0.180039 0.973611 0.14024 6.81004e-08 1 -2.27339e-08 -0.0304187 0.499957 0.865516 -0.412015 0.584475 0.699022 -0.286897 -0.000424043 0.957961 -0.0348995 1.18491e-08 0.999391 -0.141421 0.239952 0.960429 -0.622336 0.393888 0.676424 -0.496073 0.23612 0.835559 -0.745718 0.622535 0.237393 -0.707428 0.525597 0.47254 -0.575381 0.776889 0.255695 -0.860872 0.322576 0.393502 -0.878502 0.446849 0.168998 -0.78629 0.176962 0.591973 -0.958297 0.111608 0.263078 -0.965909 0.258881 0.000341437 -1 -3.5248e-08 8.63707e-09 -0.381505 0.897214 0.222398 -0.259005 0.965876 -0.000219893 -0.286185 0.426315 0.85811 -0.510587 0.703968 0.493689 -0.500612 0.865672 1.67248e-05 -0.0339328 0.258763 0.965344 -0.719392 -0.000258532 0.694604 -0.871784 1.09105e-07 0.48989 -0.707107 0.707107 1.78272e-07 -0.520016 4.62861e-08 0.854156 -0.866087 0.499893 0.000252236 -0.967437 -0.000286721 0.253113 -0.0177157 0.861581 0.507311 -0.0174497 0.866025 0.499695 -0.0246777 0.707107 0.706676 -2.42675e-09 1 6.94931e-08 -0.00903265 0.965926 0.258661 -0.00929664 0.963867 0.266221 -0.0337103 0.258819 0.965337 -0.0337192 0.25787 0.965591 -0.0302581 0.498297 0.866478 -0.0247503 0.70502 0.708756 -0.0302239 0.5 0.865498 -0.0348995 5.96244e-09 0.999391 -0.0348995 5.96244e-09 0.999391 -2.42675e-09 1 6.94931e-08 -0.932783 0.358467 0.0376354 -0.989965 -0.00554448 0.141203 -0.989812 0.0981224 0.103168 -0.816716 0.576462 0.025826 -0.902011 0.431216 -0.0206831 -0.932609 0.358916 -0.0376822 -0.995918 -0.0844283 -0.0319345 -0.978497 0.205194 -0.0209338 -0.995925 -0.0843879 0.0317976 -0.97849 0.205237 0.0208654 -0.988473 -0.118434 0.0943104 -0.954339 0.293674 0.0547031 -0.886204 0.461493 0.0408103 -0.968463 0.24438 -0.0485634 -0.511025 -0.822764 0.248822 -0.763636 -0.63071 0.138077 -0.709132 -0.663701 0.237975 -0.983897 0.168664 -0.0591573 -0.430209 -0.828731 0.357945 -0.813548 -0.474055 0.336767 -0.813951 -0.500845 0.294342 -0.937706 -0.263449 0.226501 -0.871118 -0.444242 0.209293 -0.636217 -0.693332 0.338407 -0.603219 -0.676868 0.421871 -0.968607 0.243795 0.0486297 -0.954339 0.293674 -0.0547031 -0.995668 0.0469833 0.0802338 -0.950757 -0.22098 0.217322 -0.763636 -0.630711 -0.138073 -0.709421 -0.663524 -0.237609 -0.871327 -0.443969 -0.209001 -0.970003 -0.180448 0.162887 -0.356012 -0.809908 0.466159 -0.983898 0.168662 0.05914 -0.511363 -0.822677 -0.248415 -0.575156 -0.805293 -0.14387 -0.575155 -0.805292 0.14388 -0.79184 -0.609067 0.0450232 -0.636569 -0.693259 -0.337893 -0.60322 -0.676869 -0.42187 -0.814233 -0.500639 -0.293915 -0.884164 0.467095 -0.00873462 -0.988472 -0.118433 -0.09432 -0.910347 -0.395597 -0.12154 -0.970102 -0.180088 -0.162699 -0.356012 -0.809908 -0.466159 -0.813548 -0.474056 -0.336763 -0.609592 -0.791334 -0.046771 -0.817018 0.576027 -0.0259725 -0.886531 0.460861 -0.0408641 -0.902013 0.431215 0.0206591 -0.910347 -0.395597 0.121538 -0.764057 0.644939 -0.0164465 -0.609634 -0.791316 0.0465275 -0.884141 0.467138 0.00873835 -0.929406 -0.366873 0.0401206 -0.735553 0.67746 -0.00311325 -0.791806 -0.609094 -0.0452511 -0.929384 -0.366908 -0.0403126 -0.735589 0.677421 0.00318352 -0.989778 0.0985451 -0.103099 -0.764057 0.64494 0.0164172 -0.430604 -0.828772 -0.357376 -0.93788 -0.263099 -0.226185 -0.989995 -0.00505968 -0.141011 -0.950757 -0.220981 -0.21732 -0.995668 0.046983 -0.0802333 -0.990765 0.124405 0.0539305 -0.954339 0.293674 -0.0547031 -0.954811 0.289956 -0.0652795 -0.478915 -0.68979 0.542983 -0.356012 -0.809908 0.466159 -0.603223 -0.676886 0.421839 -0.813555 -0.474088 0.336704 -0.81155 -0.42122 0.404921 -0.658841 -0.572713 0.48778 -0.607383 -0.535599 0.586702 -0.411098 -0.643466 0.645717 -0.288343 -0.769007 0.570514 -0.20772 -0.713047 0.669639 -0.113666 -0.642346 0.757939 -0.950763 -0.221011 0.217262 -0.982207 -0.0581217 0.17858 -0.922268 -0.244985 0.299006 -0.903441 -0.223497 0.365845 -0.995671 0.0469675 0.0802041 -0.955334 0.286177 -0.0737521 -0.986825 0.112779 0.116004 -0.989075 0.130137 0.069239 -0.95564 0.282232 -0.0842487 -0.974393 -0.0440662 0.220489 -0.942675 -0.0798929 0.324008 -0.777432 -0.392322 0.491614 -0.81369 -0.274012 0.512665 -0.611547 -0.4435 0.655223 -0.366408 -0.568499 0.736583 -0.995671 0.046968 -0.080205 -0.950763 -0.22101 -0.217265 -0.982197 -0.0580995 -0.178646 -0.922245 -0.244947 -0.299108 -0.974389 -0.0440927 -0.220504 -0.989076 0.130127 -0.0692447 -0.990762 0.124414 -0.0539565 -0.954339 0.293674 0.0547031 -0.955242 0.286255 0.0746363 -0.95564 0.282232 0.0842487 -0.813554 -0.474086 -0.336707 -0.954943 0.289209 0.0666409 -0.811514 -0.421165 -0.405049 -0.607327 -0.535646 -0.586718 -0.777394 -0.392369 -0.491635 -0.658797 -0.572638 -0.487927 -0.603223 -0.676885 -0.42184 -0.478869 -0.689698 -0.54314 -0.2883 -0.768903 -0.570677 -0.356012 -0.809908 -0.466159 -0.366408 -0.568499 -0.736583 -0.611547 -0.4435 -0.655223 -0.411028 -0.643505 -0.645722 -0.113666 -0.642346 -0.757939 -0.207643 -0.713076 -0.669632 -0.903423 -0.223537 -0.365866 -0.81369 -0.274012 -0.512665 -0.942675 -0.0798931 -0.324008 -0.986825 0.112779 -0.116004 -0.547667 -0.216831 0.808112 -0.293159 -0.321295 0.900459 -0.36641 -0.56851 0.736573 -0.611552 -0.443521 0.655205 -0.0371168 -0.393571 0.918544 -0.113666 -0.642346 0.757939 -0.764303 -0.0881277 0.638807 -0.813695 -0.274035 0.512645 -0.942678 -0.079908 0.323995 -0.910501 0.0486971 0.41063 -0.971911 0.175427 0.156891 -0.986826 0.112774 0.116 -0.956211 0.279037 -0.0883174 -0.95564 0.282232 -0.0842487 -0.611552 -0.443521 -0.655205 -0.36641 -0.56851 -0.736573 -0.293159 -0.321295 -0.900459 -0.764303 -0.0881277 -0.638807 -0.942678 -0.079908 -0.323995 -0.813695 -0.274035 -0.512645 -0.910501 0.0486971 -0.41063 -0.95564 0.282232 0.0842487 -0.986826 0.112774 -0.116 -0.971911 0.175427 -0.156891 -0.956211 0.279037 0.0883174 -0.547667 -0.216831 -0.808112 -0.0371168 -0.393571 -0.918544 -0.113666 -0.642346 -0.757939 -0.722578 0.199493 0.661879 -0.51472 0.13836 0.84612 -0.652703 0.0698675 0.754386 -0.0371168 -0.393571 0.918544 -0.293157 -0.321285 0.900464 -0.251595 -0.204686 0.945941 -0.458305 -0.00295568 0.88879 -0.275532 0.0690178 0.958811 -0.246203 -0.0724322 0.966508 -0.468252 -0.127176 0.874395 -0.0367476 -0.200187 0.979068 -0.0348995 6.17008e-12 0.999391 -0.871987 0.244494 0.4241 -0.809244 0.139437 0.570685 -0.913516 0.199349 0.35461 -0.967636 0.218604 0.126071 -0.961011 0.245246 0.127718 -0.956211 0.279037 -0.0883174 -0.956643 0.277324 -0.0890278 -0.949202 0.26913 0.163045 -0.957469 0.274016 -0.0903751 -0.957043 0.275671 -0.0898554 -0.925403 0.143079 0.350938 -0.547662 -0.216808 0.808122 -0.666052 -0.0380367 0.744935 -0.823479 0.0550314 0.564671 -0.764297 -0.0881031 0.638818 -0.910497 0.0487128 0.410637 -0.97191 0.175431 0.156893 -0.809253 0.139394 -0.570683 -0.871988 0.244492 -0.4241 -0.913523 0.19932 -0.354609 -0.961015 0.245232 -0.127718 -0.967633 0.218612 -0.126076 -0.949203 0.269129 -0.163045 -0.956636 0.277333 0.0890682 -0.957038 0.275677 0.0898962 -0.97191 0.175431 -0.156893 -0.925396 0.143097 -0.35095 -0.957469 0.274016 0.0903751 -0.956211 0.279037 0.0883174 -0.722579 0.199491 -0.661879 -0.652715 0.0698139 -0.75438 -0.514721 0.138357 -0.84612 -0.468233 -0.127138 -0.87441 -0.251577 -0.204646 -0.945954 -0.246222 -0.072497 -0.966498 -0.458321 -0.00301668 -0.888782 -0.0348995 2.79694e-12 -0.999391 -0.275532 0.0690163 -0.958811 -0.0371168 -0.393571 -0.918544 -0.0367499 -0.2002 -0.979065 -0.910497 0.0487114 -0.410636 -0.823467 0.0550573 -0.564686 -0.666036 -0.0380036 -0.744951 -0.764297 -0.0881053 -0.638817 -0.547662 -0.21681 -0.808121 -0.293157 -0.321285 -0.900464 -0.963511 0.212085 0.1633 -0.983421 0.157546 -0.0897899 -0.974352 0.154686 0.163434 -0.514711 0.138392 0.846121 -0.732988 0.157186 0.661832 -0.521915 0.109024 0.846002 -0.884841 0.192648 0.424196 -0.871984 0.244506 0.4241 -0.722571 0.199518 0.661879 -0.279121 0.0543917 0.958714 -0.275525 0.0690419 0.958811 -0.0348995 3.14983e-09 0.999391 -0.0348995 2.56046e-09 0.999391 -0.281839 0.0396617 0.958641 -0.0348997 2.76915e-08 0.999391 -0.957469 0.274016 -0.0903751 -0.972242 0.215976 -0.0899994 -0.949202 0.269133 0.163045 -0.894588 0.140493 0.424233 -0.740882 0.114623 0.661782 -0.527368 0.0794996 0.845909 -0.281839 0.0396618 -0.958641 -0.0348995 4.95218e-11 -0.999391 -0.0348995 2.32943e-09 -0.999391 -0.722571 0.199518 -0.661879 -0.884841 0.192648 -0.424196 -0.871984 0.244506 -0.4241 -0.279121 0.0543917 -0.958714 -0.521915 0.109024 -0.846002 -0.275525 0.069042 -0.958811 -0.957469 0.274016 0.0903751 -0.949202 0.269133 -0.163046 -0.972242 0.215976 0.0899994 -0.527368 0.0794996 -0.845909 -0.983421 0.157546 0.0897899 -0.963511 0.212085 -0.1633 -0.974352 0.154686 -0.163434 -0.732988 0.157186 -0.661832 -0.514711 0.138392 -0.846121 -0.0348996 2.83402e-08 -0.999391 -0.740882 0.114623 -0.661782 -0.894588 0.140493 -0.424233 -0.71934 -0 -0.694658 -0.520016 0 -0.854156 -0.71934 0 -0.694658 -0.286803 0 -0.95799 -0.286803 0 -0.95799 -0.520016 0 -0.854156 -0.0348995 0 -0.999391 -0.0348995 0 -0.999391 -0.871784 -0 -0.48989 -0.871784 -0 -0.48989 -0.967415 -0 -0.253195 -0.967415 -0 -0.253195 -1 0 9.28927e-08 -1 0 9.28927e-08 -0.719859 -0.348181 -0.600477 -0.510873 -0.431221 -0.743678 -0.641854 -0.495784 -0.584997 -0.834955 -0.355803 -0.419827 -0.394616 -0.594069 -0.700971 -0.27449 -0.48236 -0.831856 -0.113666 -0.642346 -0.757939 -0.877745 -0.164975 -0.44983 -0.970969 -0.042251 -0.235443 -0.877694 -0.0846489 -0.471686 -0.970969 -0.11999 -0.206932 -0.877694 -0.240385 -0.41457 -0.957781 -0.185879 -0.219327 -1 -7.92951e-20 -4.09147e-14 -0.970925 1.31031e-06 -0.239384 -0.877484 3.3008e-06 -0.479605 -1 2.38075e-13 2.80919e-13 -0.511153 -0.295942 -0.806933 -0.274928 -0.331054 -0.902673 -0.0367669 -0.202562 -0.978579 -0.27449 -0.169839 -0.946472 -0.0348995 2.70966e-12 -0.999391 -0.720001 -0.238951 -0.651538 -0.0371275 -0.393004 -0.918787 -0.719859 -0.122608 -0.683206 -0.510873 -0.151843 -0.84614 -0.71934 3.93006e-06 -0.694658 -0.509937 2.97998e-06 -0.860212 -0.273123 1.27241e-06 -0.961979 -0.641664 -0.495884 -0.585121 -0.394284 -0.706298 -0.587949 -0.641664 -0.589475 -0.490701 -0.641664 -0.721244 -0.260911 -0.83495 -0.477403 -0.273759 -0.641664 -0.665355 -0.381537 -0.394284 -0.706298 0.587949 -0.289782 -0.76872 0.570172 -0.209083 -0.713283 0.668963 -0.209083 -0.713283 -0.668963 -0.394284 -0.594159 -0.701081 -0.113666 -0.642346 -0.757939 -0.83495 -0.355805 -0.419834 -0.83495 -0.422958 -0.352086 -1 2.8261e-08 3.33467e-08 -0.957849 -0.220785 -0.18379 -1 3.35948e-08 2.79656e-08 -0.957849 -0.249206 -0.142903 -1 3.79193e-08 2.17442e-08 -0.957849 -0.270139 -0.097723 -1 4.11045e-08 1.48696e-08 -0.608745 -0.792014 -0.0462929 -0.83495 -0.550325 4.8111e-08 -0.83495 -0.542058 -0.0950315 -0.83495 -0.477403 0.273759 -0.957849 -0.249206 0.142903 -0.957849 -0.270139 0.097723 -1 4.30547e-08 -7.54819e-09 -0.957849 -0.282956 0.0496067 -0.957849 -0.185731 0.219155 -0.957849 -0.220785 0.18379 -0.83495 -0.355805 0.419834 -0.356012 -0.809908 0.466159 -1 3.35948e-08 -2.79656e-08 -1 2.8261e-08 -3.33467e-08 -0.641664 -0.721244 0.260911 -0.641664 -0.665355 0.381537 -0.83495 -0.517505 0.187208 -0.429797 -0.829194 0.357368 -0.83495 -0.542058 0.0950315 -0.394284 -0.594159 0.701081 -0.113666 -0.642346 0.757939 -0.502773 -0.828003 0.248253 -0.641664 -0.755464 0.132445 -0.566091 -0.811749 0.143543 -0.83495 -0.422958 0.352086 -0.957849 -0.287271 2.51141e-08 -0.957849 -0.282956 -0.0496067 -1 4.37114e-08 -3.82137e-15 -0.641664 -0.589475 0.490701 -0.83495 -0.517505 -0.187208 -0.641664 -0.755464 -0.132445 -0.957849 -0.185731 -0.219155 -0.356012 -0.809908 -0.466159 -0.289782 -0.76872 -0.570172 -0.430873 -0.828562 -0.357537 -1 4.30547e-08 7.54818e-09 -0.504013 -0.827286 -0.248132 -0.569086 -0.809705 -0.143243 -0.606018 -0.794099 0.0463611 -1 4.11045e-08 -1.48696e-08 -1 3.79193e-08 -2.17442e-08 -0.641664 -0.495884 0.585121 -0.970969 -0.042251 0.235443 -0.877694 -0.084649 0.471686 -0.970925 1.3095e-06 0.239384 -0.27449 -0.16984 0.946472 -0.509937 2.97863e-06 0.860212 -0.510873 -0.151843 0.84614 -0.273123 1.27197e-06 0.961979 -0.0348995 2.66179e-13 0.999391 -0.511153 -0.295942 0.806933 -0.719859 -0.122608 0.683206 -0.720001 -0.238951 0.651538 -0.0371275 -0.393004 0.918787 -0.274928 -0.331054 0.902672 -0.27449 -0.482361 0.831856 -0.0367669 -0.202562 0.978579 -0.877484 3.29898e-06 0.479605 -0.71934 3.92806e-06 0.694658 -0.970969 -0.11999 0.206932 -1 5.54971e-19 -2.86403e-13 -1 4.23244e-13 -4.99411e-13 -0.957725 -0.186 0.219469 -0.877694 -0.240385 0.41457 -0.877745 -0.164975 0.44983 -0.834793 -0.355962 0.420014 -0.719859 -0.348181 0.600477 -0.510873 -0.431221 0.743678 -0.64164 -0.4959 0.585134 -0.394444 -0.594116 0.701027 -0.113666 -0.642346 0.757939 -0.71934 0 0.694658 -0.71934 0 0.694658 -0.871784 0 0.48989 -0.871784 0 0.48989 -0.967415 0 0.253195 -1 -0 -9.28927e-08 -0.967415 0 0.253195 -1 -0 -9.28927e-08 -0.520016 0 0.854156 -0.520016 0 0.854156 -0.286803 0 0.95799 -0.286803 0 0.95799 -0.0348995 0 0.999391 -0.0348995 0 0.999391 -0.0368479 -0.218042 -0.975244 -0.037115 -0.393571 -0.918545 -0.0367568 -0.200881 -0.978926 -0.0348998 -1.65731e-07 -0.999391 -0.0348998 7.26686e-08 -0.999391 -0.036848 -0.218042 0.975243 -0.0367567 -0.200882 0.978926 -0.0371165 -0.393571 0.918545 -0.0348981 3.87845e-07 0.999391 -0.0348981 -8.0415e-07 0.999391 -0.0348995 3.33397e-16 0.999391 -0.0348995 3.33397e-16 0.999391 -0.0348995 3.33397e-16 0.999391 -0.0348995 3.33397e-16 0.999391 -0.0348995 3.33397e-16 0.999391 -0.0348995 0 -0.999391 -0.0348995 0 -0.999391 -0.0348995 0 -0.999391 -0.0348995 0 -0.999391 -0.0348995 0 -0.999391 0 1 0 0 1 0 0 1 0 0 1 0 0 1 0 -1 0 5.55112e-17 -1 0 5.55112e-17 -1 0 5.55112e-17 -1 0 5.55112e-17 -1 0 5.55112e-17 -1 0 5.55112e-17 -1 0 5.55112e-17 -1 0 5.55112e-17 -1 0 5.55112e-17 -1 0 5.55112e-17 -1 0 5.55112e-17 -1 0 5.55112e-17 -1 0 5.55112e-17 -1 0 5.55112e-17 -1 0 5.55112e-17 -0.50638 0.484833 0.713103 -0.368846 0.573105 0.731781 -0.370798 0.45941 0.807125 -0.28623 0.950697 0.119363 -0.248906 0.968523 -0.0031135 -0.227802 0.973699 0.00415032 -0.168368 0.980033 -0.105773 -0.167277 0.979952 -0.108222 -0.210786 0.977306 0.0210346 -0.251525 0.955551 0.153813 -0.340822 0.910269 0.235053 -0.287984 0.913867 0.286204 -0.389854 0.852592 0.347995 -0.328582 0.93859 0.105279 -0.268302 0.963215 -0.0151635 -0.367857 0.926248 0.0821326 -0.403733 0.889427 0.214287 -0.462223 0.868235 0.180326 -0.16544 0.979952 -0.111009 -0.167819 0.979779 -0.108951 -0.285302 0.957917 -0.0315844 -0.318798 0.85263 0.413993 -0.431821 0.778818 0.454943 -0.359641 0.679107 0.639901 -0.465591 0.691006 0.552934 -0.342899 0.773464 0.53308 -0.490499 0.591937 0.639548 -0.471744 0.821408 0.32054 -0.530292 0.736102 0.420647 -0.635054 0.406749 0.656704 -0.513542 0.373044 0.772731 -0.645373 0.285111 0.708664 -0.750006 0.328503 0.574088 -0.723334 0.457718 0.516993 -0.856595 0.113695 0.503308 -0.923038 0.180691 0.339635 -0.84708 0.252715 0.467536 -0.81855 0.391919 0.419971 -0.895023 0.328704 0.301477 -0.928979 0.0348995 0.368484 -0.680327 0.580703 0.447146 -0.769942 0.526145 0.361055 -0.577602 0.636168 0.511533 -0.612615 0.525081 0.590757 -0.170107 0.979879 -0.104408 -0.761043 0.197618 0.617867 -0.621325 0.692794 0.366049 -0.547794 0.789744 0.276092 -0.170275 0.979715 -0.105662 -0.701575 0.649957 0.292144 -0.615278 0.758294 0.215459 -0.51426 0.847124 0.133857 -0.402721 0.913929 0.0504911 -0.299268 0.952747 -0.0520795 -0.843393 0.473242 0.254423 -0.768327 0.608116 0.19967 -0.671936 0.727421 0.13914 -0.558104 0.82635 0.0752717 -0.431984 0.901818 0.0107018 -0.69752 0.715532 -0.0384619 -0.576058 0.815129 -0.0610037 -0.671931 0.727424 0.139152 -0.768322 0.608118 0.199685 -0.303156 0.947705 -0.0997564 -0.431982 0.901818 0.010706 -0.442741 0.892926 -0.0816345 -0.558101 0.826351 0.0752803 -0.299268 0.952747 -0.0520785 -0.162685 0.979952 -0.11501 -0.16544 0.979952 -0.111009 -0.802019 0.597115 -0.0147994 -0.885601 0.464359 0.00908861 -0.843387 0.473244 0.254437 -0.895018 0.328706 0.301487 -0.945953 0.32269 0.0323122 -0.923036 0.180692 0.33964 -0.982581 0.177786 0.0540919 -0.928979 0.0348995 0.368484 -0.973944 0.0348672 0.224091 -0.99666 0.0348995 0.0738347 -0.885591 0.464375 0.00921291 -0.827621 0.534806 -0.170369 -0.802005 0.597139 -0.0146172 -0.701515 0.341715 -0.625386 -0.661895 0.400614 -0.633564 -0.734119 0.41779 -0.535277 -0.945947 0.322699 0.0323822 -0.898397 0.414224 -0.145946 -0.828906 0.470522 -0.302531 -0.73968 0.645263 -0.191072 -0.637272 0.742201 -0.20742 -0.697503 0.715562 -0.0382331 -0.934241 0.25219 -0.252178 -0.888742 0.363428 -0.27939 -0.950412 0.287448 -0.118705 -0.442723 0.892954 -0.0814163 -0.523919 0.823103 -0.219112 -0.403577 0.886548 -0.226184 -0.671191 0.661712 -0.334126 -0.268605 0.938675 -0.216197 -0.162685 0.979952 -0.11501 -0.303145 0.947723 -0.0996201 -0.576039 0.815161 -0.0607576 -0.663334 0.0956579 -0.742184 -0.677587 0.061505 -0.732866 -0.595189 0.0348995 -0.802828 -0.983273 0.158519 -0.0897045 -0.982579 0.17779 0.05412 -0.99666 0.0348995 0.0738347 -0.997709 0.0312011 -0.0600235 -0.90109 0.221331 -0.372894 -0.861575 0.315744 -0.397485 -0.682286 0.487808 -0.544545 -0.75295 0.494731 -0.433945 -0.854321 0.191064 -0.483353 -0.820598 0.268547 -0.504481 -0.7804 0.344421 -0.521871 -0.811973 0.407429 -0.417973 -0.737723 0.281098 -0.613798 -0.981573 0.0281648 -0.189 -0.965066 0.13957 -0.221738 -0.949053 0.0310156 -0.313588 -0.901564 0.0348995 -0.431235 -0.881335 0.112884 -0.458808 -0.774125 0.0257886 -0.632507 -0.690773 0.0273676 -0.722553 -0.755805 0.570759 -0.320924 -0.685515 0.576134 -0.445128 -0.476881 0.808629 -0.344533 -0.577346 0.74144 -0.341963 -0.353674 0.879877 -0.317382 -0.930225 0.125879 -0.344726 -0.610968 0.650346 -0.451407 -0.423881 0.805226 -0.414652 -0.530808 0.716373 -0.452826 -0.823311 0.0937826 -0.55979 -0.625559 0.553714 -0.549616 -0.479587 0.717354 -0.505371 -0.564687 0.614855 -0.550528 -0.843613 0.0311556 -0.536048 -0.798818 0.156638 -0.580822 -0.770234 0.219241 -0.598893 -0.619198 0.457343 -0.638304 -0.632829 0.316575 -0.706617 -0.514472 0.622636 -0.589612 -0.5738 0.511487 -0.639636 -0.756192 0.0746354 -0.650079 -0.688535 0.221245 -0.690631 -0.735902 0.123656 -0.6657 -0.71332 0.172609 -0.67925 -0.602199 0.362786 -0.711155 -0.661659 0.269315 -0.699769 -0.596217 0.230751 -0.768947 -0.530762 0.526314 -0.664293 -0.569942 0.407727 -0.71339 -0.648038 0.129743 -0.750476 -0.557153 0.296232 -0.775775 -0.537114 0.425086 -0.728567 -0.577104 0.26373 -0.772915 -0.521354 0.197206 -0.830241 -0.53575 0.313631 -0.783969 -0.075649 0.995452 -0.0579042 -0.0261769 0.999657 -7.59787e-13 -0.0261769 0.999657 -1.09458e-11 -0.131489 0.98385 -0.121451 -0.123398 0.984642 -0.1235 -0.33606 0.877309 -0.342626 -0.415727 0.803972 -0.425205 -0.311982 0.876902 -0.365664 -0.261828 0.928272 -0.264115 -0.219991 0.943696 -0.247066 -0.193578 0.962455 -0.190282 -0.395552 0.786441 -0.474394 -0.499453 0.699928 -0.510537 -0.467553 0.676372 -0.569135 -0.525886 0.552052 -0.647056 -0.583662 0.552052 -0.595464 -0.467802 0.176643 -0.866002 -0.474784 0.178483 -0.861814 -0.44842 0.0345766 -0.893154 -0.46098 0.175224 -0.869939 -0.422491 0.0342797 -0.905719 -0.520248 0.0342869 -0.853327 -0.496676 0.186428 -0.847678 -0.544934 0.0337678 -0.837798 -0.497829 0.0353008 -0.866557 -0.478815 0.0355213 -0.877197 -0.489194 0.18342 -0.85267 -0.569856 0.0339767 -0.821042 -0.504447 0.189733 -0.842339 -0.512628 0.193318 -0.836565 -0.521354 0.197206 -0.830241 -0.595189 0.0348995 -0.802828 -0.481912 0.180753 -0.857373 -0.396722 0.0348995 -0.917275 -0.52157 0.552036 -0.650554 -0.45802 0.664369 -0.59062 -0.461232 0.668593 -0.583308 -0.434342 0.620294 -0.653133 -0.436935 0.627134 -0.644819 -0.50499 0.55194 -0.663587 -0.501513 0.552084 -0.666099 -0.430282 0.605855 -0.669176 -0.432164 0.613217 -0.661211 -0.203984 0.832612 -0.514924 -0.288562 0.790452 -0.540294 -0.286715 0.775483 -0.562513 -0.195539 0.679063 -0.707558 -0.115133 0.657965 -0.744195 -0.114878 0.699583 -0.705257 -0.303504 0.850788 -0.429004 -0.300323 0.840515 -0.450932 -0.212947 0.907167 -0.362907 -0.511274 0.552074 -0.658645 -0.442667 0.639559 -0.628498 -0.445488 0.64506 -0.620836 -0.467555 0.676372 -0.569134 -0.392278 0.779832 -0.487832 -0.395556 0.786441 -0.47439 -0.464417 0.672593 -0.576138 -0.306556 0.86025 -0.407423 -0.309404 0.868941 -0.386278 -0.311989 0.876902 -0.365658 -0.123405 0.984642 -0.123495 -0.123698 0.979587 -0.158458 -0.0261769 0.999657 6.41397e-14 -0.22 0.943696 -0.247059 -0.218712 0.936221 -0.275057 -0.523696 0.552048 -0.648834 -0.525886 0.552052 -0.647056 -0.519489 0.552028 -0.652224 -0.454804 0.659914 -0.598052 -0.388846 0.772769 -0.501625 -0.517433 0.552029 -0.653855 -0.451615 0.655221 -0.605582 -0.215109 0.918027 -0.333099 -0.448493 0.650274 -0.613186 -0.515388 0.552041 -0.655459 -0.513338 0.552059 -0.65705 -0.293968 0.817365 -0.495477 -0.208442 0.881589 -0.423501 -0.297106 0.829388 -0.47312 -0.503173 0.551983 -0.66493 -0.44011 0.633753 -0.636129 -0.509191 0.552069 -0.660261 -0.291058 0.8044 -0.517905 -0.206416 0.86674 -0.454043 -0.50702 0.551988 -0.661997 -0.359379 0.683274 -0.635597 -0.278534 0.720425 -0.635142 -0.280447 0.739853 -0.611528 -0.499991 0.552195 -0.66715 -0.428635 0.598127 -0.677138 -0.277093 0.699735 -0.658476 -0.355335 0.655287 -0.666585 -0.275953 0.677585 -0.68171 -0.195943 0.710123 -0.676263 -0.274347 0.627932 -0.72831 -0.275031 0.653735 -0.704974 -0.352522 0.623898 -0.697481 -0.427223 0.589927 -0.685176 -0.498628 0.552264 -0.668113 -0.350964 0.567732 -0.744651 -0.425412 0.571749 -0.701519 -0.496081 0.552052 -0.67018 -0.350989 0.587774 -0.728923 -0.426114 0.581151 -0.693318 -0.351544 0.606496 -0.713148 -0.0284875 0.99812 -0.054271 -0.12355 0.97311 -0.194404 -0.217059 0.927688 -0.303777 -0.385304 0.765233 -0.515713 -0.123029 0.965099 -0.231189 -0.0300066 0.993328 -0.111354 -0.12222 0.955447 -0.268669 -0.381706 0.757203 -0.530042 -0.0308855 0.984737 -0.171288 -0.37812 0.748657 -0.544554 -0.121235 0.944055 -0.306697 -0.210679 0.895043 -0.393081 -0.374628 0.739567 -0.559191 -0.0313541 0.971694 -0.234151 -0.120217 0.930825 -0.345128 -0.119362 0.915664 -0.383813 -0.371335 0.729906 -0.573888 -0.0318074 0.953392 -0.300053 -0.368372 0.719644 -0.58857 -0.118928 0.89848 -0.422598 -0.204831 0.850433 -0.48457 -0.0329746 0.928781 -0.369159 -0.365898 0.708758 -0.603143 -0.11926 0.879185 -0.461314 -0.117109 0.856074 -0.503411 -0.362207 0.696298 -0.619657 -0.28307 0.758168 -0.587412 -0.200879 0.811684 -0.548468 -0.0333925 0.895244 -0.444324 -0.115762 0.830642 -0.54464 -0.19879 0.789181 -0.581098 -0.357152 0.669633 -0.651179 -0.115013 0.802592 -0.585335 -0.197419 0.764909 -0.61314 -0.0326315 0.849639 -0.526354 -0.114704 0.771608 -0.62567 -0.19653 0.738642 -0.644813 -0.0328379 0.785102 -0.618495 -0.353804 0.640101 -0.681978 -0.114699 0.737373 -0.665677 -0.497479 0.552251 -0.668979 -0.195279 0.645167 -0.738665 -0.0343869 0.686369 -0.72644 -0.496615 0.552159 -0.669696 -0.274001 0.599987 -0.751624 -0.115377 0.612309 -0.782155 -0.195199 0.608207 -0.769403 -0.195351 0.568111 -0.79943 -0.0355188 0.553174 -0.832308 -0.264952 0.119097 -0.956878 -0.149927 0.0338663 -0.988117 -0.0922318 0.147432 -0.984762 -0.360572 0.290626 -0.886298 -0.396722 0.0348995 -0.917275 -0.46098 0.175224 -0.869939 -0.380047 0.434138 -0.816755 -0.279056 0.46649 -0.839354 -0.275133 0.0308415 -0.960911 -0.332076 0.557429 -0.76092 -0.157576 0.258854 -0.952977 -0.026161 0.0348995 -0.999048 -0.220412 0.366154 -0.904074 -0.422548 0.30763 -0.852536 -0.350955 0.567773 -0.744624 -0.355904 0.597078 -0.718909 -0.293719 0.589183 -0.752723 -0.316231 0.768105 -0.556788 -0.338738 0.823098 -0.455815 -0.296034 0.79438 -0.5304 -0.162464 0.636172 -0.754249 -0.120246 0.558671 -0.820626 -0.174487 0.625959 -0.760085 -0.355863 0.709006 -0.608828 -0.394706 0.746381 -0.535838 -0.336072 0.739674 -0.583042 -0.123105 0.672522 -0.729767 -0.094075 0.572254 -0.814662 -0.133327 0.663368 -0.736319 -0.177546 0.734281 -0.655217 -0.163932 0.747846 -0.643313 -0.112778 0.681677 -0.722909 -0.102441 0.690806 -0.715747 -0.0805693 0.58144 -0.80959 -0.0330546 0.337365 -0.940793 -0.0605242 0.462136 -0.884741 -0.057184 0.461765 -0.885157 -0.220063 0.585753 -0.780042 -0.210978 0.592869 -0.777171 -0.152814 0.557655 -0.815885 -0.375813 0.675961 -0.633909 -0.421896 0.702463 -0.573193 -0.0997122 0.547675 -0.830729 -0.195324 0.568231 -0.799351 -0.165135 0.564382 -0.808829 -0.473348 0.604648 -0.640579 -0.416067 0.601912 -0.681608 -0.496081 0.552052 -0.67018 -0.149995 0.76101 -0.631161 -0.135972 0.773737 -0.618743 -0.36703 0.786595 -0.496546 -0.448346 0.655022 -0.608221 -0.395962 0.640335 -0.658168 -0.255745 0.641083 -0.723608 -0.24371 0.65742 -0.713025 -0.193843 0.608032 -0.769884 -0.138938 0.863963 -0.484009 -0.173281 0.909055 -0.378936 -0.152581 0.922792 -0.3538 -0.143354 0.654243 -0.742574 -0.190593 0.720356 -0.666905 -0.309479 0.855853 -0.414413 -0.256915 0.839291 -0.479151 -0.275097 0.818547 -0.504285 -0.250356 0.909725 -0.331244 -0.216068 0.87704 -0.429087 -0.237032 0.858836 -0.45411 -0.120647 0.979952 -0.158549 -0.115353 0.947589 -0.29794 -0.133029 0.935034 -0.328657 -0.194625 0.893799 -0.404034 -0.216494 0.932684 -0.288496 -0.122299 0.876827 -0.464992 -0.107714 0.895683 -0.43145 -0.281772 0.883892 -0.373282 -0.229968 0.578259 -0.782771 -0.339258 0.625583 -0.702531 -0.280473 0.607352 -0.743276 -0.0355188 0.553174 -0.832308 -0.158516 0.560951 -0.812531 -0.0939071 0.51919 -0.849484 -0.322967 0.652263 -0.685745 -0.267865 0.624496 -0.733657 -0.0355521 0.461445 -0.886456 -0.307061 0.677466 -0.668396 -0.147592 0.555175 -0.818533 -0.202407 0.60018 -0.773831 -0.0918759 0.506565 -0.857293 -0.291295 0.701454 -0.650468 -0.142279 0.553884 -0.820347 -0.0896511 0.495675 -0.863869 -0.136321 0.553964 -0.821304 -0.184728 0.616598 -0.765299 -0.275281 0.724377 -0.632058 -0.231261 0.673669 -0.701918 -0.0867325 0.486714 -0.869245 -0.0364173 0.408819 -0.911889 -0.258558 0.746296 -0.613344 -0.0826677 0.47982 -0.873463 -0.217844 0.689894 -0.690355 -0.129178 0.555525 -0.821404 -0.240576 0.767222 -0.594553 -0.20282 0.706116 -0.678428 -0.0769647 0.475152 -0.876531 -0.225424 0.78543 -0.576441 -0.113726 0.561403 -0.819691 -0.153095 0.64517 -0.748543 -0.0733505 0.470904 -0.87913 -0.0328757 0.376586 -0.925798 -0.208995 0.802903 -0.558272 -0.107222 0.564595 -0.818374 -0.0700346 0.467539 -0.881194 -0.100684 0.568221 -0.816693 -0.191722 0.819552 -0.539978 -0.0668663 0.464989 -0.882788 -0.0328053 0.353562 -0.934836 -0.182207 0.952186 -0.245238 -0.174022 0.835308 -0.521513 -0.0637272 0.463201 -0.883959 -0.0873736 0.57667 -0.812292 -0.1563 0.850121 -0.502856 -0.149602 0.967935 -0.201794 -0.122091 0.785996 -0.606055 -0.108575 0.797765 -0.593112 -0.0921893 0.699879 -0.708287 -0.0736623 0.586536 -0.806566 -0.041068 0.394726 -0.917881 -0.0978909 0.825459 -0.555909 -0.0860627 0.738306 -0.668952 -0.0724617 0.636024 -0.768259 -0.0573607 0.520715 -0.851802 -0.253975 0.534857 -0.805869 -0.279048 0.466495 -0.839354 -0.202254 0.420586 -0.884421 -0.220411 0.366155 -0.904074 -0.299433 0.635852 -0.711359 -0.332076 0.557429 -0.76092 -0.145781 0.296397 -0.943873 -0.157588 0.258847 -0.952977 -0.0864155 0.166377 -0.982268 -0.026161 0.0348995 -0.999048 -0.092247 0.147423 -0.984762 -0.026161 0.0348995 -0.999048 -0.191211 0.814417 -0.547872 -0.299433 0.635852 -0.711359 -0.253986 0.534852 -0.805869 -0.172478 0.719846 -0.672364 -0.202267 0.420579 -0.884421 -0.148979 0.605082 -0.782101 -0.269185 0.744014 -0.611541 -0.23492 0.826082 -0.512251 -0.204843 0.886824 -0.414225 -0.121448 0.473833 -0.8722 -0.145791 0.296392 -0.943873 -0.0864188 0.166375 -0.982268 -0.0909527 0.33118 -0.939174 -0.0587583 0.182937 -0.981367 -0.026161 0.0348995 -0.999048 -0.026161 0.0348995 -0.999048 -0.0313386 0.971991 -0.232918 -0.0325156 0.953956 -0.29818 -0.0323076 0.957647 -0.286127 -0.0344526 0.458875 -0.887833 -0.0346779 0.476486 -0.878498 -0.0355188 0.553174 -0.832308 -0.0295535 0.989048 -0.144605 -0.0301099 0.984808 -0.171015 -0.0275238 0.998113 -0.0548962 -0.0288364 0.993311 -0.111811 -0.0261769 0.999657 6.52289e-08 -0.0261769 0.999657 6.52289e-08 -0.0336337 0.929178 -0.368098 -0.034393 0.905745 -0.422426 -0.0346588 0.89565 -0.443408 -0.0357633 0.833182 -0.551842 -0.0355499 0.849329 -0.526665 -0.0361956 0.783096 -0.620847 -0.0363528 0.738433 -0.673346 -0.0363226 0.683768 -0.728795 -0.0360443 0.620351 -0.783496 -0.0337594 0.409289 -0.91178 -0.0332378 0.375384 -0.926273 -0.0326079 0.337266 -0.940845 -0.0328502 0.351609 -0.93557 -0.026161 0.0348995 -0.999048 -0.026161 0.0348995 -0.999048 -0.026161 0.0348995 -0.999048 -0.026161 0.0348995 -0.999048 -0.911178 0.0348995 -0.410532 -0.846997 0.0348995 -0.530451 -0.904622 0.0348995 -0.424785 -0.545376 0.0348995 -0.837465 -0.485033 0.0348995 -0.873799 -0.520404 0.0348995 -0.853207 -0.570321 0.0348995 -0.82068 -0.595189 0.0348995 -0.802828 -0.618196 0.0348995 -0.785249 -0.951428 0.0348995 -0.305888 -0.834032 0.0348995 -0.550611 -0.9941 0.0348995 -0.102695 -0.964994 0.0348995 -0.259941 -0.984668 0.0348995 -0.170912 -0.998395 0.0348995 -0.0446061 -0.997754 0.0348995 0.0571808 -0.974848 0.0348995 0.220121 -0.928979 0.0348995 0.368484 -0.97586 0.0348995 0.215593 -0.99666 0.0348995 0.0738346 -0.767416 0.0348995 -0.640199 -0.735531 0.0348995 -0.676592 -0.668211 0.0348995 -0.743153 -0.0261609 0.0348995 -0.999048 -0.152276 0.0348995 -0.987722 -0.185176 0.0348995 -0.982085 -0.339451 0.0348995 -0.939976 -0.276482 0.0348995 -0.960385 -0.396722 0.0348995 -0.917275 -0.0261609 0.0348995 -0.999048 -0.421163 0.0348995 -0.906313 -0.445791 0.0348995 -0.894456 -0.470568 0.0348995 -0.881673 -0.495453 0.0348995 -0.867933 -0.253437 -0.439726 -0.861632 -0.23483 -0.57144 -0.786327 -0.299896 -0.569872 -0.765055 -0.27227 -0.163342 -0.948255 -0.19394 -0.166423 -0.966794 -0.265847 -0.301996 -0.915491 -0.323877 -0.437187 -0.83903 -0.189293 -0.304443 -0.933532 -0.111415 -0.304759 -0.94589 -0.18042 -0.441466 -0.878952 -0.0349222 -0.166329 -0.985452 -0.0334565 -0.304418 -0.951951 -0.105966 -0.441715 -0.890876 -0.33983 -0.298487 -0.891864 -0.348027 -0.158973 -0.923907 -0.21025 -0.691853 -0.690749 -0.16717 -0.572474 -0.802701 -0.268183 -0.691141 -0.67112 -0.180372 -0.796111 -0.577644 -0.229634 -0.796041 -0.559988 -0.146273 -0.880404 -0.451103 -0.185669 -0.880708 -0.435754 -0.0780227 -0.94204 -0.326302 -0.0507637 -0.981254 -0.185915 -0.0709312 -0.981507 -0.177798 -0.138065 -0.942821 -0.303358 -0.0285658 -0.981134 -0.191208 -0.0100498 -0.998626 -0.0514288 -0.0192835 -0.998621 -0.0488356 5.00963e-05 -0.99863 -0.0523359 -0.00502025 -0.981134 -0.193266 -0.109306 -0.942414 -0.316083 -0.088728 -0.981791 -0.167967 -0.0341004 -0.998626 -0.0398015 -0.0394677 -0.99863 -0.0343709 -0.114375 -0.166801 -0.979334 -0.149698 -0.692265 -0.705945 -0.12848 -0.79606 -0.591423 -0.104271 -0.880088 -0.46322 -0.0447091 -0.941886 -0.332944 -0.0273632 -0.99862 -0.0448196 -0.0312153 -0.441518 -0.896709 -0.0979352 -0.572641 -0.813935 -0.0874257 -0.692337 -0.716258 -0.0747285 -0.79603 -0.600626 -0.0603001 -0.879974 -0.47118 -0.0281958 -0.572574 -0.819368 -0.0244513 -0.692362 -0.721136 -0.0200923 -0.796095 -0.604837 -0.0152762 -0.880032 -0.474668 -0.0101886 -0.941913 -0.335702 0.0784002 -0.304308 -0.949342 0.171224 -0.166495 -0.971062 0.165398 -0.304561 -0.938023 0.0499692 -0.795879 -0.60339 0.0392795 -0.879876 -0.473578 0.00827696 -0.876036 -0.482174 0.105075 -0.796129 -0.595934 0.0278588 -0.941823 -0.334952 0.00567536 -0.938309 -0.345751 0.0824599 -0.880048 -0.467671 5.01243e-05 -0.998627 -0.0523842 0.00290096 -0.979632 -0.200778 0.016146 -0.981099 -0.192832 0.0106602 -0.794211 -0.607549 0.0595111 -0.692112 -0.719332 0.0335722 -0.981132 -0.190401 0.0053903 -0.998074 -0.0617992 0.00908804 -0.99863 -0.0515409 0.125282 -0.69242 -0.710534 0.0127838 -0.694632 -0.719252 0.0146174 -0.57915 -0.81509 0.0675615 -0.57233 -0.817235 0.016115 -0.450694 -0.892533 0.0172513 -0.312055 -0.949908 0.0738903 -0.441322 -0.894301 0.0811226 -0.166327 -0.982728 0.0180062 -0.16647 -0.985882 0.155795 -0.441633 -0.883566 0.142352 -0.572661 -0.807339 0.0583174 -0.941917 -0.330745 -0.681011 -0.208722 -0.701897 -0.655635 -0.340915 -0.673736 -0.740269 -0.346381 -0.576214 -0.58073 -0.196989 -0.789904 -0.56084 -0.330781 -0.758975 -0.348027 -0.158973 -0.923907 -0.33983 -0.298487 -0.891864 -0.455844 -0.31587 -0.832125 -0.495599 -0.70836 -0.5026 -0.562605 -0.595282 -0.573686 -0.48421 -0.588922 -0.64708 -0.431657 -0.451118 -0.781131 -0.323877 -0.437187 -0.83903 -0.694374 -0.476079 -0.539623 -0.76195 -0.478692 -0.436219 -0.770345 -0.214689 -0.600398 -0.813194 -0.349244 -0.465557 -0.469822 -0.179361 -0.864347 -0.847023 -0.217718 -0.484924 -0.528731 -0.462966 -0.711411 -0.693256 -0.60156 -0.396891 -0.632587 -0.599299 -0.490586 -0.608245 -0.713288 -0.348222 -0.55588 -0.71147 -0.429893 -0.466285 -0.808438 -0.359175 -0.509222 -0.809755 -0.291531 -0.366738 -0.886945 -0.280771 -0.39947 -0.887762 -0.228697 -0.107285 -0.981777 -0.156854 -0.0408257 -0.998626 -0.0328456 -0.042061 -0.998625 -0.0312852 -0.260773 -0.944986 -0.197484 -0.2354 -0.944415 -0.229495 -0.152118 -0.981966 -0.112264 -0.139017 -0.981839 -0.129101 -0.124078 -0.981771 -0.143984 -0.282899 -0.945377 -0.16196 -0.0887282 -0.981791 -0.167967 -0.0394677 -0.99863 -0.0343709 -0.1636 -0.982071 -0.0936614 -0.0454193 -0.99863 -0.0260027 -0.616212 -0.471265 -0.631025 -0.416928 -0.806274 -0.419634 -0.329152 -0.885664 -0.327503 -0.0443115 -0.998628 -0.0278927 -0.427901 -0.703887 -0.56696 -0.36128 -0.803479 -0.473179 -0.286573 -0.884206 -0.368857 -0.206523 -0.943873 -0.257783 -0.0432093 -0.998626 -0.0296436 -0.397019 -0.580209 -0.711149 -0.352407 -0.698087 -0.623285 -0.299048 -0.800113 -0.519991 -0.268184 -0.691141 -0.67112 -0.238827 -0.882631 -0.404876 -0.229635 -0.796041 -0.559987 -0.174076 -0.9434 -0.282301 -0.299896 -0.569872 -0.765054 -0.18567 -0.880708 -0.435753 -0.138066 -0.942821 -0.303358 0.321277 -0.329819 -0.887694 0.335573 -0.166431 -0.927195 0.489933 -0.166431 -0.855725 0.0746873 -0.975621 -0.206363 0.00908807 -0.99863 -0.051541 0.0349232 -0.979568 -0.19806 0.105491 -0.794322 -0.598268 0.180505 -0.847749 -0.498739 0.083673 -0.876252 -0.474533 0.330592 -0.746524 -0.577417 0.263535 -0.847749 -0.460295 0.109043 -0.975621 -0.190456 0.0260039 -0.99863 -0.0454188 0.017811 -0.99863 -0.0492122 0.188978 -0.924846 -0.330072 0.129438 -0.924846 -0.35764 0.140153 -0.975621 -0.168881 0.289582 -0.924846 -0.246582 0.167093 -0.975621 -0.142281 0.0599728 -0.938467 -0.340123 0.0334229 -0.99863 -0.0402738 0.0398473 -0.99863 -0.0339303 0.173254 -0.979568 -0.102129 0.0450859 -0.99863 -0.026577 0.242895 -0.924846 -0.292682 0.226434 -0.746524 -0.625643 0.124935 -0.694521 -0.708542 0.265919 -0.624053 -0.734741 0.141568 -0.579095 -0.802875 0.602886 -0.329819 -0.726463 0.718769 -0.329819 -0.612037 0.558899 -0.483821 -0.67346 0.297836 -0.483821 -0.822928 0.164977 -0.312046 -0.935633 0.155017 -0.45064 -0.879144 0.171226 -0.166431 -0.971073 0.469061 -0.329819 -0.819269 0.629714 -0.166431 -0.758789 0.769037 -0.45064 -0.453328 0.666328 -0.483821 -0.567383 0.849452 -0.166431 -0.500731 0.818451 -0.312046 -0.482457 0.38824 -0.624053 -0.678106 0.434838 -0.483821 -0.759495 0.750754 -0.166431 -0.639273 0.499006 -0.624053 -0.60129 0.424911 -0.746524 -0.512008 0.338723 -0.847749 -0.408153 0.594923 -0.624053 -0.506581 0.506585 -0.746524 -0.431361 0.403831 -0.847749 -0.343865 0.70232 -0.579095 -0.414 0.619801 -0.694521 -0.365358 0.523338 -0.794322 -0.308495 0.415101 -0.876252 -0.244692 0.297524 -0.938467 -0.175383 0.0485259 -0.998624 -0.019881 0.131049 -0.98842 -0.0764928 0.0486232 -0.998625 -0.0195997 0.106434 -0.979165 -0.172935 0.0857912 -0.978125 -0.189505 0.0816338 -0.982526 -0.167269 0.0514385 -0.99863 -0.00965079 0.0514202 -0.99863 -0.00973204 0.0558308 -0.997917 -0.0323142 0.0964963 -0.989584 -0.106825 0.107639 -0.985533 -0.130917 0.0909575 -0.987771 -0.126633 0.481797 -0.825185 -0.294858 0.47615 -0.829187 -0.292799 0.378226 -0.89656 -0.230491 0.111256 -0.989607 -0.0911006 0.131082 -0.984342 -0.117846 0.120132 -0.986165 -0.114224 0.10303 -0.990749 -0.0883218 0.151286 -0.980522 -0.125255 0.133226 -0.98604 -0.0998805 0.160315 -0.978564 -0.129273 0.12644 -0.987241 -0.0967917 0.186202 -0.972428 -0.140405 0.219295 -0.960369 -0.172049 0.208815 -0.963477 -0.167658 0.169116 -0.976565 -0.133118 0.19809 -0.966509 -0.163161 0.187151 -0.969466 -0.158463 0.17072 -0.978356 -0.116934 0.21011 -0.965888 -0.151375 0.202412 -0.968109 -0.147631 0.229498 -0.957187 -0.176421 0.239385 -0.953933 -0.18085 0.23156 -0.959021 -0.163275 0.224556 -0.961346 -0.159335 0.186894 -0.974248 -0.126136 0.266784 -0.943807 -0.195077 0.258049 -0.947236 -0.190146 0.252169 -0.951797 -0.174621 0.300817 -0.929459 -0.213576 0.292445 -0.933144 -0.209088 0.275431 -0.940317 -0.199855 0.238496 -0.956655 -0.167127 0.283983 -0.936763 -0.20452 0.21762 -0.96544 -0.143413 0.272186 -0.944194 -0.185509 0.26558 -0.946771 -0.181913 0.3091 -0.925708 -0.217996 0.317294 -0.921889 -0.222364 0.291575 -0.93621 -0.196201 0.285186 -0.938913 -0.192645 0.232316 -0.960729 -0.151751 0.341323 -0.910029 -0.235258 0.333408 -0.914049 -0.230983 0.310261 -0.927859 -0.206918 0.371943 -0.8933 -0.252335 0.364453 -0.897577 -0.248051 0.304116 -0.930682 -0.203331 0.297887 -0.933466 -0.199761 0.24183 -0.95748 -0.15732 0.260085 -0.950736 -0.16869 0.328137 -0.919166 -0.217855 0.322275 -0.9221 -0.214173 0.379315 -0.888963 -0.256643 0.386562 -0.884567 -0.260983 0.351322 -0.907056 -0.231997 0.277742 -0.943677 -0.179815 0.28213 -0.941862 -0.182478 0.333945 -0.916195 -0.221513 0.268932 -0.947246 -0.174358 0.339758 -0.913186 -0.225068 0.362816 -0.900773 -0.23869 0.435613 -0.852145 -0.289982 0.428693 -0.85696 -0.286082 0.357077 -0.903934 -0.235373 0.456224 -0.837332 -0.301223 0.38565 -0.887739 -0.251382 0.463048 -0.832271 -0.304816 0.449378 -0.842331 -0.297553 0.442508 -0.847269 -0.293806 0.374255 -0.894335 -0.245151 0.402682 -0.877548 -0.2603 0.317013 -0.926601 -0.202271 0.321364 -0.924597 -0.204561 0.30831 -0.930543 -0.197569 0.391334 -0.884382 -0.254412 0.414008 -0.870553 -0.265959 0.496854 -0.80604 -0.321615 0.490132 -0.811409 -0.318412 0.325717 -0.922571 -0.20681 0.330071 -0.920524 -0.209019 0.425319 -0.863397 -0.271385 0.510244 -0.795116 -0.327781 0.503558 -0.800609 -0.324738 0.419665 -0.866995 -0.268701 0.436621 -0.856077 -0.276575 0.523566 -0.783947 -0.333625 0.516914 -0.789562 -0.330744 0.338788 -0.916363 -0.213312 0.430971 -0.859757 -0.27401 0.447917 -0.848596 -0.281524 0.536822 -0.772532 -0.339139 0.530202 -0.77827 -0.336424 0.442269 -0.852357 -0.27908 0.453563 -0.844794 -0.283906 0.543427 -0.766733 -0.34177 0.351893 -0.909956 -0.219436 0.360651 -0.905575 -0.223303 0.45921 -0.840952 -0.286226 0.365038 -0.903353 -0.225169 0.464856 -0.83707 -0.288482 0.369429 -0.901109 -0.22699 0.556591 -0.754952 -0.346776 0.470503 -0.833148 -0.290673 0.563151 -0.74897 -0.349149 0.849452 -0.166431 -0.500731 0.845857 -0.180922 -0.50179 0.82056 -0.304505 -0.483693 0.740563 -0.498419 -0.450715 0.786374 -0.386488 -0.481916 0.733855 -0.509498 -0.449297 0.576228 -0.736822 -0.353629 0.569697 -0.742926 -0.351434 0.373825 -0.898845 -0.228764 0.815181 -0.318417 -0.483829 0.84211 -0.195335 -0.502688 0.809674 -0.332225 -0.483791 0.747193 -0.487246 -0.451989 0.792389 -0.373063 -0.482643 0.798277 -0.359546 -0.483198 0.753744 -0.475979 -0.453116 0.58925 -0.724432 -0.357746 0.665595 -0.625571 -0.406994 0.582746 -0.730658 -0.355734 0.838213 -0.209673 -0.503425 0.80404 -0.345934 -0.48358 0.387039 -0.89193 -0.233798 0.487444 -0.821145 -0.296849 0.38263 -0.894255 -0.232169 0.493091 -0.817066 -0.29877 0.0455645 -0.998629 -0.0257792 0.162506 -0.982006 -0.0962066 0.16115 -0.982297 -0.0955142 0.283478 -0.944068 -0.168453 0.165212 -0.981423 -0.0975407 0.286407 -0.942992 -0.169519 0.0454043 -0.998629 -0.0260436 0.16386 -0.981715 -0.0968822 0.0450857 -0.99863 -0.0265769 0.16656 -0.981131 -0.0981815 0.289334 -0.941912 -0.17055 0.34752 -0.912113 -0.217437 0.35627 -0.907776 -0.221392 0.343152 -0.914249 -0.215396 0.334428 -0.918454 -0.211186 0.408347 -0.874071 -0.263158 0.278722 -0.941574 -0.189083 0.227471 -0.962322 -0.148976 0.312662 -0.928583 -0.199941 0.397011 -0.880985 -0.257384 0.469849 -0.827148 -0.308331 0.47663 -0.821963 -0.31177 0.379957 -0.891057 -0.248295 0.299602 -0.9344 -0.192704 0.303957 -0.932482 -0.195157 0.368542 -0.897573 -0.241949 0.295243 -0.936297 -0.19021 0.286508 -0.940028 -0.185098 0.290879 -0.938173 -0.187675 0.421744 -0.861713 -0.282104 0.273343 -0.945471 -0.177109 0.345549 -0.91014 -0.228563 0.407759 -0.871036 -0.273915 0.400719 -0.875605 -0.269703 0.414767 -0.866405 -0.278049 0.393678 -0.880114 -0.265361 0.264506 -0.949001 -0.171562 0.316315 -0.924998 -0.21053 0.255625 -0.952452 -0.165805 0.246495 -0.955824 -0.160125 0.251094 -0.954148 -0.162952 0.237103 -0.959115 -0.154531 0.35685 -0.901792 -0.243782 0.325398 -0.918002 -0.226689 0.222572 -0.963892 -0.146198 0.212618 -0.966965 -0.140613 0.258907 -0.949305 -0.178287 0.207567 -0.968468 -0.137791 0.245365 -0.954247 -0.170905 0.202469 -0.969947 -0.134941 0.192132 -0.972837 -0.129122 0.197324 -0.971404 -0.132054 0.21749 -0.963632 -0.155275 0.176282 -0.977004 -0.119948 0.181609 -0.975637 -0.123086 0.248917 -0.950613 -0.185404 0.158907 -0.981008 -0.111232 0.194431 -0.97029 -0.143993 0.164919 -0.979692 -0.114042 0.177754 -0.97452 -0.136803 0.152708 -0.982302 -0.108462 0.146347 -0.983572 -0.105682 0.175918 -0.972356 -0.153545 0.139846 -0.984818 -0.102841 0.141522 -0.982454 -0.12147 0.163764 -0.975196 -0.148908 0.119102 -0.988433 -0.0938832 0.108809 -0.987906 -0.110461 0.123 -0.983128 -0.135393 0.09453 -0.991849 -0.0854406 0.0774298 -0.986408 -0.14493 0.064572 -0.994901 -0.0774735 0.0831304 -0.991165 -0.103351 0.0852864 -0.992922 -0.0826604 0.0987279 -0.983769 -0.149835 0.0627137 -0.997445 -0.0342209 0.0593808 -0.997682 -0.0332387 0.051375 -0.998629 -0.00999834 0.0452445 -0.998629 -0.0263094 0.0513991 -0.99863 -0.00985107 0.11407 -0.973964 -0.195913 0.0914973 -0.972985 -0.211964 0.0602159 -0.996674 -0.0549006 0.0673348 -0.996122 -0.0566323 0.0564258 -0.977182 -0.204772 0.0752538 -0.993949 -0.0800103 0.0513399 -0.998629 -0.0101704 0.0657769 -0.997211 -0.0352636 0.0740215 -0.995542 -0.0584503 0.118703 -0.980771 -0.154912 0.129677 -0.975305 -0.178782 0.123935 -0.967756 -0.21929 0.140549 -0.969143 -0.202503 0.0512972 -0.99863 -0.0103618 0.0685874 -0.996983 -0.0363525 0.0801797 -0.994951 -0.0603643 0.137084 -0.977519 -0.160205 0.151043 -0.971087 -0.184866 0.153431 -0.961827 -0.226602 0.164861 -0.963844 -0.209344 0.0512584 -0.99863 -0.0105618 0.0713103 -0.996752 -0.0374126 0.0858403 -0.994356 -0.0623519 0.153968 -0.974088 -0.16567 0.170654 -0.966615 -0.191138 0.179994 -0.955416 -0.234057 0.187152 -0.958202 -0.216387 0.137119 -0.980609 -0.140019 0.051218 -0.998629 -0.0107706 0.0739053 -0.996523 -0.0384795 0.0913209 -0.993745 -0.0642741 0.170269 -0.970463 -0.170912 0.189564 -0.961873 -0.197143 0.204092 -0.948675 -0.241582 0.208616 -0.952208 -0.223113 0.150764 -0.977957 -0.144465 0.0511708 -0.998629 -0.0109902 0.0763264 -0.996296 -0.0395959 0.0965479 -0.993124 -0.0662016 0.185786 -0.966673 -0.176144 0.228998 -0.945913 -0.229801 0.207544 -0.956904 -0.203126 0.227003 -0.941615 -0.248657 0.0511175 -0.99863 -0.0112198 0.0785587 -0.996075 -0.0407803 0.101435 -0.992501 -0.0682174 0.200282 -0.962761 -0.181599 0.247991 -0.939387 -0.236754 0.224323 -0.951761 -0.209355 0.248545 -0.934289 -0.255595 0.268559 -0.926747 -0.26271 0.0510657 -0.99863 -0.0114517 0.0807383 -0.995853 -0.0419236 0.105951 -0.991879 -0.0703584 0.213668 -0.958768 -0.187377 0.265487 -0.932702 -0.244095 0.239801 -0.946501 -0.215944 0.286938 -0.919048 -0.270218 0.0510139 -0.99863 -0.011686 0.0828792 -0.99563 -0.0430276 0.110359 -0.99125 -0.0724148 0.226687 -0.954677 -0.192887 0.282443 -0.925847 -0.251066 0.254829 -0.941107 -0.222215 0.304581 -0.911191 -0.277419 0.050961 -0.998629 -0.0119225 0.0849728 -0.995406 -0.0441122 0.114689 -0.990612 -0.0743915 0.269521 -0.935567 -0.228196 0.298987 -0.918803 -0.257699 0.239434 -0.950477 -0.198153 0.321754 -0.903157 -0.284223 0.0509061 -0.998629 -0.0121615 0.0870106 -0.995182 -0.0451952 0.118927 -0.989965 -0.0763279 0.28384 -0.929876 -0.23402 0.315082 -0.911565 -0.264145 0.251877 -0.946167 -0.203289 0.33843 -0.89494 -0.290772 0.0508485 -0.998629 -0.0124036 0.0889838 -0.994957 -0.0462928 0.123055 -0.989309 -0.0782591 0.297745 -0.924036 -0.239804 0.330684 -0.904135 -0.270534 0.263977 -0.941747 -0.208396 0.354577 -0.88654 -0.29719 0.0507877 -0.998629 -0.0126493 0.0908833 -0.994732 -0.0474205 0.127058 -0.988646 -0.0802173 0.311188 -0.918052 -0.245648 0.370161 -0.877963 -0.303582 0.345739 -0.89652 -0.276979 0.275691 -0.937222 -0.213565 0.0507232 -0.998629 -0.0128994 0.0927003 -0.994508 -0.0485927 0.130919 -0.987977 -0.0822321 0.286972 -0.932599 -0.218874 0.324113 -0.911935 -0.251644 0.385142 -0.869219 -0.310038 0.360188 -0.888734 -0.283578 0.0506553 -0.99863 -0.0131545 0.0944368 -0.994284 -0.0498106 0.134619 -0.987302 -0.0843311 0.297767 -0.927891 -0.224397 0.336463 -0.905701 -0.257872 0.399473 -0.860326 -0.316639 0.373966 -0.880798 -0.290421 0.0505875 -0.99863 -0.0134119 0.0961607 -0.994058 -0.0510008 0.138162 -0.986624 -0.0865159 0.308079 -0.923107 -0.230132 0.348239 -0.899367 -0.264328 0.413108 -0.851303 -0.323457 0.387073 -0.872736 -0.297501 0.05052 -0.998629 -0.0136706 0.0978696 -0.993831 -0.0521704 0.141679 -0.985936 -0.0886433 0.31827 -0.918237 -0.235679 0.359851 -0.89292 -0.270558 0.426126 -0.842171 -0.330401 0.399967 -0.864534 -0.304314 0.0504521 -0.998629 -0.0139303 0.0995633 -0.993601 -0.0533225 0.145165 -0.985239 -0.0907285 0.328333 -0.913278 -0.241084 0.412643 -0.856188 -0.310916 0.371296 -0.886354 -0.276613 0.438926 -0.832914 -0.337043 0.0503831 -0.998629 -0.0141904 0.101241 -0.99337 -0.05446 0.148621 -0.984532 -0.092778 0.338274 -0.908226 -0.246367 0.425109 -0.847691 -0.317336 0.382579 -0.879668 -0.282519 0.451478 -0.823527 -0.343469 0.46379 -0.814007 -0.349702 0.0503125 -0.998629 -0.014451 0.102902 -0.993137 -0.0555853 0.152047 -0.983817 -0.094798 0.348095 -0.90308 -0.251548 0.437369 -0.839043 -0.323598 0.393703 -0.872859 -0.288296 0.475868 -0.804351 -0.355765 0.0502399 -0.998629 -0.0147119 0.104546 -0.992902 -0.056701 0.155442 -0.983091 -0.0967939 0.404671 -0.865925 -0.293964 0.449427 -0.83024 -0.329723 0.357797 -0.89784 -0.256642 0.487718 -0.794557 -0.361677 0.050165 -0.998629 -0.0149731 0.106171 -0.992666 -0.0578096 0.158805 -0.982357 -0.0987708 0.415483 -0.858866 -0.299539 0.461282 -0.821282 -0.335731 0.36738 -0.892504 -0.261666 0.499342 -0.784624 -0.367455 0.0500875 -0.998629 -0.0152346 0.107777 -0.992428 -0.0589133 0.162135 -0.981613 -0.100734 0.426136 -0.85168 -0.305039 0.510742 -0.77455 -0.373115 0.472933 -0.812169 -0.341638 0.376843 -0.887072 -0.266632 0.0500074 -0.998629 -0.0154965 0.109364 -0.992188 -0.0600143 0.165431 -0.980861 -0.102687 0.386183 -0.881545 -0.271555 0.436629 -0.844369 -0.310477 0.521918 -0.764336 -0.378672 0.484377 -0.802901 -0.347461 0.0499246 -0.998629 -0.0157591 0.11093 -0.991947 -0.061115 0.168691 -0.980099 -0.104635 0.395396 -0.875922 -0.276445 0.446958 -0.836933 -0.315866 0.532868 -0.753983 -0.384137 0.495611 -0.793479 -0.353214 0.0498389 -0.998629 -0.0160224 0.112474 -0.991705 -0.0622174 0.171913 -0.979329 -0.106583 0.404479 -0.870206 -0.281315 0.457117 -0.829375 -0.321219 0.543591 -0.743492 -0.389523 0.506628 -0.783908 -0.35891 0.349138 -0.905943 -0.239521 0.0497506 -0.998629 -0.0162868 0.113995 -0.991461 -0.0633236 0.175096 -0.978551 -0.108534 0.413427 -0.864397 -0.286174 0.467101 -0.821695 -0.326547 0.554084 -0.732866 -0.39484 0.517423 -0.774189 -0.364562 0.0496597 -0.998629 -0.0165526 0.115494 -0.991216 -0.064436 0.178238 -0.977764 -0.110492 0.422233 -0.858499 -0.291032 0.527987 -0.764328 -0.370179 0.476904 -0.813898 -0.331861 0.564343 -0.722107 -0.400098 0.0495664 -0.998629 -0.0168199 0.116969 -0.990969 -0.0655566 0.181338 -0.976969 -0.112461 0.430892 -0.852512 -0.295898 0.538313 -0.75433 -0.375773 0.486518 -0.805988 -0.337171 0.574364 -0.71122 -0.405306 0.58414 -0.700209 -0.410472 0.0494709 -0.998629 -0.0170893 0.11842 -0.990722 -0.0666877 0.184394 -0.976167 -0.114445 0.495936 -0.797967 -0.342485 0.548392 -0.744201 -0.381354 0.439398 -0.84644 -0.300782 0.593668 -0.68908 -0.415605 0.0493735 -0.99863 -0.0173611 0.119845 -0.990473 -0.0678316 0.187403 -0.975356 -0.116449 0.505147 -0.789843 -0.347814 0.558215 -0.73395 -0.386929 0.447741 -0.840286 -0.305692 0.60294 -0.677839 -0.420711 0.0492755 -0.99863 -0.0176351 0.121257 -0.990222 -0.0689744 0.190366 -0.974538 -0.118476 0.514145 -0.78162 -0.353165 0.567771 -0.723584 -0.392509 0.455916 -0.834054 -0.310636 0.611951 -0.666493 -0.425798 0.0491805 -0.998629 -0.0179117 0.12267 -0.989969 -0.0700936 0.193302 -0.973712 -0.120497 0.463985 -0.827744 -0.315528 0.522997 -0.773299 -0.358444 0.620692 -0.65505 -0.430872 0.577132 -0.713106 -0.397994 0.0490875 -0.998629 -0.0181907 0.124077 -0.989715 -0.0711976 0.196241 -0.972878 -0.122469 0.472041 -0.821347 -0.32026 0.531814 -0.764865 -0.363533 0.629328 -0.643495 -0.435731 0.586423 -0.702489 -0.403259 0.0489956 -0.998628 -0.0184713 0.12548 -0.989459 -0.0722864 0.19917 -0.972036 -0.124409 0.480047 -0.814862 -0.324892 0.540554 -0.756315 -0.368496 0.637845 -0.631808 -0.440423 0.595604 -0.691732 -0.408365 0.126878 -0.989202 -0.0733602 0.0489039 -0.998627 -0.018753 0.202091 -0.971186 -0.12632 0.488003 -0.80829 -0.329424 0.549218 -0.747651 -0.373332 0.646238 -0.619992 -0.444956 0.604674 -0.680839 -0.413313 0.0488117 -0.998627 -0.0190353 0.128272 -0.988943 -0.0744192 0.205004 -0.970329 -0.128201 0.495912 -0.801631 -0.333856 0.613631 -0.669813 -0.418099 0.557807 -0.738876 -0.37804 0.654504 -0.608053 -0.449328 0.0487183 -0.998626 -0.0193176 0.129662 -0.988682 -0.0754633 0.20791 -0.969464 -0.130053 0.503773 -0.794885 -0.338187 0.622475 -0.658658 -0.422723 0.56632 -0.729989 -0.382619 0.662642 -0.595995 -0.453537 0.670649 -0.583821 -0.457583 0.210811 -0.96859 -0.131876 0.511588 -0.788053 -0.342419 0.631204 -0.647376 -0.427184 0.574757 -0.720994 -0.387069 0.678525 -0.571537 -0.461465 0.132432 -0.988157 -0.0775078 0.0476322 -0.998621 -0.0220873 0.0475039 -0.998621 -0.0223564 0.14342 -0.985995 -0.0851139 0.213708 -0.967709 -0.133672 0.583117 -0.711891 -0.391389 0.639816 -0.635971 -0.431481 0.519357 -0.781135 -0.346549 0.686267 -0.559146 -0.465181 0.0484259 -0.998623 -0.0201615 0.133813 -0.987892 -0.0785083 0.216601 -0.96682 -0.13544 0.5914 -0.702683 -0.395578 0.648311 -0.624448 -0.435613 0.527081 -0.774132 -0.350578 0.693875 -0.546652 -0.468731 0.0483231 -0.998623 -0.0204409 0.135191 -0.987625 -0.0794945 0.219492 -0.965922 -0.13718 0.599606 -0.693371 -0.399636 0.701347 -0.534061 -0.472115 0.656687 -0.612808 -0.439578 0.534759 -0.767045 -0.354505 0.0482169 -0.998622 -0.020719 0.136567 -0.987357 -0.0804664 0.222382 -0.965016 -0.138893 0.542394 -0.759874 -0.35833 0.607735 -0.683957 -0.403561 0.708681 -0.521375 -0.475331 0.664943 -0.601057 -0.443376 0.0481074 -0.998621 -0.0209957 0.13794 -0.987088 -0.0814241 0.22527 -0.964101 -0.140579 0.549983 -0.75262 -0.362052 0.615786 -0.674442 -0.407352 0.715877 -0.508599 -0.47838 0.673078 -0.589196 -0.447005 0.139312 -0.986817 -0.0823676 0.0479942 -0.998621 -0.0212709 0.228159 -0.963178 -0.142239 0.557529 -0.745283 -0.365671 0.623758 -0.664828 -0.41101 0.722934 -0.495736 -0.481261 0.681092 -0.577229 -0.450467 0.483391 -0.816717 -0.31513 0.0478774 -0.998621 -0.0215446 0.140683 -0.986544 -0.0832971 0.231048 -0.962246 -0.143872 0.565031 -0.737864 -0.369185 0.631653 -0.655117 -0.414532 0.729851 -0.48279 -0.483975 0.688983 -0.565159 -0.453759 0.0477567 -0.998621 -0.0218167 0.142052 -0.98627 -0.0842125 0.233938 -0.961306 -0.145478 0.57249 -0.730363 -0.372594 0.696751 -0.55299 -0.456881 0.639468 -0.64531 -0.417919 0.736627 -0.469765 -0.48652 0.23683 -0.960357 -0.147057 0.579905 -0.72278 -0.375897 0.704396 -0.540722 -0.459833 0.647204 -0.635408 -0.421169 0.743261 -0.456663 -0.488898 0.749754 -0.443488 -0.491108 0.144788 -0.985718 -0.0860012 0.0468091 -0.998623 -0.0236829 0.150252 -0.984597 -0.0894085 0.0469547 -0.998622 -0.0234197 0.239724 -0.9594 -0.14861 0.654861 -0.625413 -0.424283 0.711916 -0.52836 -0.462614 0.587277 -0.715118 -0.379094 0.756105 -0.430242 -0.493151 0.146155 -0.98544 -0.0868744 0.047372 -0.998621 -0.0226241 0.242621 -0.958433 -0.150135 0.662439 -0.615325 -0.427258 0.719311 -0.515904 -0.465225 0.594606 -0.707374 -0.382184 0.762313 -0.416927 -0.495026 0.147521 -0.98516 -0.0877334 0.0472363 -0.998621 -0.0228904 0.24552 -0.957459 -0.151633 0.669937 -0.605146 -0.430095 0.726582 -0.503357 -0.467665 0.601893 -0.699551 -0.385166 0.768378 -0.403546 -0.496735 0.0470972 -0.998622 -0.0231556 0.148886 -0.984879 -0.0885781 0.248423 -0.956475 -0.153104 0.609137 -0.691648 -0.388039 0.677356 -0.594877 -0.432793 0.774301 -0.390099 -0.498277 0.733727 -0.490721 -0.469933 0.251329 -0.955484 -0.154548 0.61634 -0.683666 -0.390802 0.684696 -0.584517 -0.435352 0.78008 -0.37659 -0.499654 0.740748 -0.477996 -0.472031 0.151616 -0.984313 -0.0902244 0.15707 -0.983167 -0.0933398 0.0462001 -0.998626 -0.0247302 0.0460428 -0.998627 -0.0249917 0.6235 -0.675605 -0.393454 0.254238 -0.954483 -0.155963 0.691956 -0.574068 -0.43777 0.785717 -0.363019 -0.500866 0.747642 -0.465184 -0.473957 0.152981 -0.984028 -0.0910257 0.0466605 -0.998624 -0.0239453 0.25715 -0.953475 -0.15735 0.630618 -0.667464 -0.395995 0.699137 -0.56353 -0.440047 0.79121 -0.349387 -0.501912 0.754411 -0.452285 -0.475712 0.550017 -0.760873 -0.344316 0.154344 -0.983742 -0.0918122 0.0465093 -0.998625 -0.0242072 0.260066 -0.952459 -0.158708 0.637695 -0.659245 -0.398424 0.706238 -0.552903 -0.442182 0.796559 -0.335695 -0.502795 0.761055 -0.4393 -0.477295 0.0463558 -0.998625 -0.0244687 0.155708 -0.983455 -0.0925836 0.262985 -0.951434 -0.160036 0.644731 -0.650946 -0.400739 0.767573 -0.426228 -0.478708 0.713261 -0.542187 -0.444176 0.801765 -0.321942 -0.503514 0.265907 -0.950402 -0.161334 0.651726 -0.642567 -0.402939 0.773966 -0.413069 -0.479948 0.720204 -0.531381 -0.446026 0.806828 -0.308129 -0.504069 0.811746 -0.294255 -0.504462 0.158431 -0.982878 -0.0940805 0.0458842 -0.998627 -0.0252535 0.0457246 -0.998628 -0.025516 0.159791 -0.982588 -0.0948054 0.268832 -0.949363 -0.162602 0.727069 -0.520485 -0.447734 0.780233 -0.399823 -0.481018 0.658681 -0.634109 -0.405025 0.81652 -0.28032 -0.504693 0.271759 -0.948316 -0.163838 0.82115 -0.266322 -0.504762 0.400282 -0.884846 -0.238375 0.504385 -0.808795 -0.302401 0.395865 -0.887225 -0.236902 0.274688 -0.947263 -0.165042 0.672469 -0.616953 -0.408845 0.679304 -0.608253 -0.410579 0.825635 -0.25226 -0.504669 0.391451 -0.889587 -0.235376 0.277618 -0.946204 -0.166213 0.498738 -0.812949 -0.300621 0.595741 -0.718146 -0.359666 0.829974 -0.238133 -0.504416 0.280548 -0.945138 -0.16735 0.602218 -0.711799 -0.361491 0.686099 -0.599471 -0.412192 0.834167 -0.223938 -0.504001 0.510032 -0.804603 -0.304107 0.608682 -0.705391 -0.36322 0.692856 -0.590606 -0.413685 0.760217 -0.464614 -0.454096 0.766613 -0.453151 -0.454928 0.4047 -0.88245 -0.239793 0.515678 -0.800376 -0.305738 0.615134 -0.698923 -0.364852 0.699573 -0.581658 -0.415056 0.409118 -0.880038 -0.241155 0.521322 -0.796112 -0.307292 0.621572 -0.692394 -0.366385 0.706253 -0.572624 -0.416303 0.77293 -0.441586 -0.455611 -0.200409 -0.977034 -0.0723924 -0.169596 -0.980719 -0.0970944 -0.0487678 -0.99863 -0.0189937 -0.804647 -0.517748 -0.290657 -0.689578 -0.607145 -0.394786 -0.715343 -0.649241 -0.258398 -0.758193 -0.486548 -0.434068 -0.927978 -0.372634 8.11264e-08 -0.855533 -0.517748 7.47931e-08 -0.914075 -0.372634 0.160032 -0.749188 -0.649241 -0.131164 -0.842716 -0.517748 -0.147539 -0.943213 -0.217718 0.250893 -0.872782 -0.372634 0.315269 -0.902734 -0.217718 0.371039 -0.842716 -0.517748 0.147539 -0.760583 -0.649241 6.64922e-08 -0.749188 -0.649241 0.131164 -0.635951 -0.763655 -0.111339 -0.607222 -0.763655 -0.219343 -0.483128 -0.857981 -0.174517 -0.872782 -0.372634 -0.315269 -0.81104 -0.355833 0.464324 -0.847023 -0.217718 0.484924 -0.606625 -0.715117 -0.347295 -0.511056 -0.808219 -0.292582 -0.81104 -0.355833 -0.464324 -0.847023 -0.217718 -0.484924 -0.902734 -0.217718 -0.371039 -0.967777 -0.217718 -0.126514 -0.976012 -0.217718 8.53256e-08 -0.404861 -0.884513 -0.231784 -0.346324 -0.929736 -0.1251 -0.290246 -0.942415 -0.166167 -0.0510419 -0.99863 -0.0115662 -0.0454193 -0.99863 -0.0260027 -0.505985 -0.857981 -0.0885856 -0.513681 -0.857981 4.49074e-08 -0.645624 -0.763655 5.64422e-08 -0.0521917 -0.99863 -0.00388391 -0.213084 -0.977034 1.86283e-08 -0.209891 -0.977034 -0.0367468 -0.346324 -0.929736 0.1251 -0.209891 -0.977034 0.0367467 -0.200409 -0.977034 0.0723924 -0.362709 -0.929736 0.0635014 -0.0487678 -0.99863 0.0189937 -0.169596 -0.980719 0.0970945 -0.290246 -0.942415 0.166167 -0.0454193 -0.99863 0.0260027 -0.362709 -0.929736 -0.0635014 -0.914075 -0.372634 -0.160032 -0.943213 -0.217718 -0.250893 0.0521917 0.99863 -0.00388391 -0.368226 -0.929736 3.21913e-08 -0.0510419 -0.99863 0.0115662 -0.505985 -0.857981 0.0885855 -0.635951 -0.763655 0.111339 -0.967777 -0.217718 0.126514 -0.483128 -0.857981 0.174517 -0.607222 -0.763655 0.219343 -0.715343 -0.649241 0.258398 -0.804647 -0.517748 0.290657 -0.404861 -0.884513 0.231784 -0.511056 -0.808219 0.292582 -0.606625 -0.715117 0.347295 -0.689578 -0.607145 0.394786 -0.758193 -0.486548 0.434068 0.0564625 -0.977191 -0.204717 0.0516335 -0.998623 -0.00923597 0.0516705 -0.998609 -0.0104804 0.0564355 -0.977481 -0.203335 -0.580803 -0.197008 0.789846 -0.560908 -0.330797 0.758918 -0.455891 -0.31588 0.832095 -0.655695 -0.340929 0.67367 -0.740302 -0.346387 0.576168 -0.616267 -0.471275 0.630963 -0.76195 -0.478692 0.436219 -0.694404 -0.476084 0.53958 -0.813194 -0.349244 0.465557 -0.847023 -0.217718 0.484924 -0.427951 -0.703892 0.566917 -0.484267 -0.588929 0.64703 -0.562655 -0.595288 0.57363 -0.681076 -0.20874 0.701829 -0.431701 -0.451126 0.781102 -0.323877 -0.437187 0.83903 -0.33983 -0.298487 0.891864 -0.469872 -0.179374 0.864318 -0.397059 -0.580214 0.711123 -0.299896 -0.569872 0.765054 -0.348027 -0.158973 0.923907 -0.268184 -0.691141 0.67112 -0.352441 -0.698091 0.623261 -0.299076 -0.800114 0.519971 -0.229635 -0.796041 0.559987 -0.238849 -0.882631 0.404862 -0.18567 -0.880708 0.435753 -0.0432102 -0.998626 0.0296427 -0.042062 -0.998625 0.0312842 -0.139028 -0.981838 0.129091 -0.107293 -0.981777 0.156849 -0.174091 -0.9434 0.282291 -0.206545 -0.943873 0.257766 -0.0408264 -0.998626 0.0328448 -0.12409 -0.98177 0.143975 -0.152124 -0.981966 0.112257 -0.260783 -0.944986 0.19747 -0.138066 -0.942821 0.303358 -0.1636 -0.982071 0.0936614 -0.0454193 -0.99863 0.0260027 -0.0443119 -0.998628 0.0278921 -0.0887282 -0.981791 0.167967 -0.0394677 -0.99863 0.0343709 -0.528794 -0.462978 0.711357 -0.361321 -0.803481 0.473144 -0.286605 -0.884207 0.368831 -0.77038 -0.214697 0.60035 -0.495643 -0.708363 0.502552 -0.416965 -0.806275 0.419595 -0.329181 -0.885664 0.327474 -0.23542 -0.944414 0.229475 -0.632615 -0.599301 0.490547 -0.555904 -0.711471 0.42986 -0.466304 -0.808439 0.359148 -0.366754 -0.886945 0.28075 -0.693256 -0.60156 0.396891 -0.608245 -0.713288 0.348222 -0.509222 -0.809755 0.29153 -0.39947 -0.887762 0.228697 -0.282899 -0.945377 0.16196 0.250646 -0.947564 -0.198239 0.0514703 -0.998629 -0.00949592 0.0568597 -0.977225 -0.204444 -0.105956 -0.441897 0.890786 -0.0979159 -0.572897 0.813758 -0.0281887 -0.572831 0.819189 -0.167138 -0.57273 0.802525 -0.0873937 -0.692641 0.715968 -0.19394 -0.166423 0.966794 -0.189289 -0.304537 0.933503 -0.111412 -0.304853 0.945861 -0.33983 -0.298487 0.891864 -0.253415 -0.43991 0.861545 -0.26584 -0.30209 0.915462 -0.348027 -0.158973 0.923907 -0.323877 -0.437187 0.83903 -0.0312116 -0.4417 0.89662 -0.27227 -0.163342 0.948255 -0.0334552 -0.304512 0.951921 -0.0349222 -0.166329 0.985452 -0.114375 -0.166801 0.979334 -0.02444 -0.692666 0.720844 -0.074682 -0.796349 0.600209 -0.0200765 -0.796414 0.604418 -0.0602385 -0.88027 0.470633 -0.0152557 -0.880329 0.474118 -0.0778951 -0.942279 0.325641 -0.0506152 -0.981405 0.185155 -0.0284779 -0.981285 0.190441 -0.0101639 -0.942152 0.335032 -0.109126 -0.942653 0.315432 -0.0707223 -0.981658 0.17705 -0.0276689 -0.998551 0.046156 -0.088728 -0.981791 0.167967 -0.0394677 -0.99863 0.0343709 -0.034378 -0.998578 0.0407333 -0.00499241 -0.981285 0.192495 -0.0446333 -0.942125 0.332277 5.01408e-05 -0.99863 0.0523359 -0.0100927 -0.998602 0.0518853 -0.149645 -0.69257 0.705658 -0.180405 -0.441649 0.878863 -0.128402 -0.796379 0.59101 -0.104168 -0.880385 0.462678 -0.138065 -0.942821 0.303359 -0.0194744 -0.998558 0.0500185 -0.234786 -0.571698 0.786153 -0.210176 -0.692159 0.690465 -0.299896 -0.569872 0.765055 -0.180263 -0.796432 0.577236 -0.268183 -0.691141 0.67112 -0.146128 -0.880701 0.450568 -0.229634 -0.796041 0.559988 -0.185669 -0.880708 0.435754 0.0519052 -0.998629 0.00671218 0.250693 -0.956949 0.146294 0.25038 -0.952467 0.17354 0.250646 -0.947564 0.198239 0.0514673 -0.99863 0.00949601 0.0516921 -0.99863 0.00812595 0.250943 -0.964232 0.0853457 0.0522997 -0.998629 0.00230859 0.250719 -0.966634 0.0525185 0.0522129 -0.998629 0.00379697 0.250761 -0.960921 0.117263 0.0520726 -0.998629 0.00528323 0.0522859 -0.998629 -0.00231996 0.250687 -0.966626 -0.0528134 0.250652 -0.967907 -0.0181561 0.052331 -0.998629 -0.000791599 0.250626 -0.967914 0.0181559 0.0523329 -0.998629 0.000785306 0.0519041 -0.99863 -0.00671262 0.250677 -0.960952 -0.117181 0.0520691 -0.99863 -0.00528031 0.250633 -0.964246 -0.0860976 0.0521961 -0.99863 -0.00382144 0.051703 -0.99863 -0.00811759 0.250665 -0.956959 -0.146276 0.250575 -0.952444 -0.173384 0.0514673 -0.99863 -0.00949601 0.250646 -0.947564 -0.198239 0.105087 -0.796078 0.596001 0.125291 -0.692371 0.71058 0.0594994 -0.692113 0.719333 0.0738759 -0.441323 0.894302 0.0675483 -0.572331 0.817236 0.142357 -0.572619 0.807367 0.0172498 -0.312189 0.949863 0.0783849 -0.304309 0.949343 0.155797 -0.441603 0.88358 0.165399 -0.304545 0.938027 0.0161134 -0.450802 0.892479 0.0180057 -0.16647 0.985882 0.171224 -0.166495 0.971062 0.0811068 -0.166327 0.982729 0.012783 -0.694659 0.719226 0.0499594 -0.79588 0.60339 0.00826841 -0.876271 0.481747 0.0392717 -0.879876 0.473578 0.00566677 -0.938469 0.345318 0.0278533 -0.941823 0.334952 0.0824754 -0.88 0.467759 0.033594 -0.981108 0.190524 0.0161428 -0.981099 0.192832 0.00538036 -0.998081 0.061692 0.0583363 -0.941878 0.330852 0.00289821 -0.97966 0.200645 5.00932e-05 -0.998627 0.0523841 0.00911183 -0.998622 0.0516758 0.0146151 -0.579269 0.815005 0.0106552 -0.794381 0.607326 0.0514636 -0.99863 0.00949251 0.250646 -0.947564 0.198239 0.0568562 -0.977226 0.204444 0.718765 -0.329836 0.612034 0.629714 -0.166431 0.75879 0.602882 -0.329836 0.726458 0.164971 -0.312165 0.935595 0.321275 -0.329836 0.887689 0.171223 -0.166554 0.971052 0.489933 -0.166431 0.855725 0.469058 -0.329836 0.819264 0.43483 -0.483851 0.759481 0.297831 -0.483851 0.822912 0.155007 -0.450753 0.879087 0.750754 -0.166431 0.639273 0.818451 -0.312046 0.482457 0.594898 -0.624093 0.50656 0.70232 -0.579095 0.414 0.666315 -0.483851 0.567373 0.849452 -0.166431 0.500731 0.619802 -0.694521 0.365358 0.506546 -0.74657 0.431328 0.523338 -0.794322 0.308495 0.403775 -0.847794 0.343818 0.242834 -0.924885 0.292609 0.140078 -0.975647 0.168791 0.167003 -0.975647 0.142205 0.0286617 -0.99863 0.0437902 0.108985 -0.975647 0.190354 0.0154967 -0.99863 0.0499892 0.0216593 -0.99863 0.0476439 0.0746475 -0.975647 0.206252 0.188931 -0.924885 0.32999 0.28951 -0.924885 0.24652 0.415101 -0.876252 0.244692 0.0349002 -0.979595 0.197929 0.00908808 -0.99863 0.051541 0.297524 -0.938467 0.175383 0.0450859 -0.99863 0.026577 0.173254 -0.979568 0.102129 0.0405131 -0.99863 0.0331324 0.769037 -0.45064 0.453328 0.498986 -0.624093 0.601266 0.558889 -0.483851 0.673447 0.424878 -0.74657 0.511968 0.338677 -0.847794 0.408097 0.0349955 -0.99863 0.0389151 0.335573 -0.166431 0.927195 0.388224 -0.624093 0.678078 0.330566 -0.74657 0.577373 0.263499 -0.847794 0.460232 0.265909 -0.624093 0.734711 0.226417 -0.74657 0.625595 0.18048 -0.847794 0.49867 0.129406 -0.924885 0.35755 0.141555 -0.5792 0.802801 0.124919 -0.694615 0.708453 0.105473 -0.794402 0.598165 0.0836528 -0.876316 0.474418 0.0599509 -0.938513 0.339998 0.0568207 -0.977239 0.204391 0.051256 -0.998641 0.00940273 0.0512876 -0.99863 0.0103439 0.0568029 -0.977398 0.203632 0.283479 -0.944067 0.168453 0.28055 -0.945138 0.167351 0.395868 -0.887224 0.236903 0.0602155 -0.996674 0.0549054 0.0558306 -0.997917 0.0323166 0.0514385 -0.99863 0.00965079 0.510034 -0.804602 0.304107 0.515678 -0.800375 0.305738 0.4047 -0.882449 0.239793 0.161151 -0.982297 0.0955152 0.0455643 -0.998629 0.0257797 0.0457244 -0.998628 0.0255166 0.286407 -0.942992 0.16952 0.289334 -0.941912 0.17055 0.16656 -0.981131 0.0981815 0.0454042 -0.998629 0.0260439 0.163861 -0.981714 0.0968826 0.0452445 -0.998629 0.0263096 0.165212 -0.981423 0.0975408 0.0450857 -0.99863 0.0265769 0.162507 -0.982006 0.0962072 0.391455 -0.889584 0.235378 0.493099 -0.817061 0.298774 0.498744 -0.812945 0.300624 0.274692 -0.947262 0.165044 0.271764 -0.948314 0.163841 0.382638 -0.89425 0.232173 0.378236 -0.896554 0.230496 0.268839 -0.94936 0.162605 0.265916 -0.950399 0.161339 0.373838 -0.898837 0.228771 0.563176 -0.748946 0.34916 0.644758 -0.650912 0.40075 0.569717 -0.742907 0.351442 0.476167 -0.829174 0.292807 0.48181 -0.825175 0.294864 0.470524 -0.833133 0.290683 0.464882 -0.837052 0.288494 0.369445 -0.9011 0.226998 0.347557 -0.912095 0.217457 0.25135 -0.955476 0.15456 0.248447 -0.956467 0.153118 0.453599 -0.844769 0.283924 0.45924 -0.840931 0.28624 0.360675 -0.905563 0.223315 0.239759 -0.959388 0.14863 0.334481 -0.918429 0.211214 0.242652 -0.958423 0.150153 0.442317 -0.852324 0.279104 0.436675 -0.856041 0.276602 0.33013 -0.920496 0.209051 0.414093 -0.8705 0.266003 0.419742 -0.866946 0.26874 0.431032 -0.859717 0.274041 0.338835 -0.916339 0.213337 0.425388 -0.863352 0.27142 0.308404 -0.930501 0.197622 0.225327 -0.964083 0.140613 0.222444 -0.964996 0.13893 0.402784 -0.877485 0.260354 0.408441 -0.874013 0.263207 0.321436 -0.924564 0.2046 0.213787 -0.967685 0.13372 0.295361 -0.936246 0.190278 0.216674 -0.966797 0.135484 0.391456 -0.884309 0.254477 0.385782 -0.887662 0.251454 0.368708 -0.89748 0.242042 0.291006 -0.938118 0.187748 0.362995 -0.900674 0.23879 0.504017 -0.794675 0.338317 0.442709 -0.847127 0.293914 0.435829 -0.851995 0.2901 0.269109 -0.947176 0.174464 0.199281 -0.972004 0.124479 0.196359 -0.972844 0.122543 0.351527 -0.906947 0.232114 0.357268 -0.90383 0.235481 0.282276 -0.941802 0.182563 0.328402 -0.919035 0.218007 0.260286 -0.95066 0.16881 0.322559 -0.921964 0.214333 0.339991 -0.913066 0.225203 0.334193 -0.91607 0.221657 0.316617 -0.924857 0.210698 0.251324 -0.954065 0.163084 0.310582 -0.927712 0.207096 0.17841 -0.977721 0.110596 0.24209 -0.95739 0.157468 0.1815 -0.976928 0.11256 0.227777 -0.962222 0.149152 0.172105 -0.979283 0.1067 0.168894 -0.980051 0.104759 0.298249 -0.933308 0.199961 0.304458 -0.930529 0.203519 0.272629 -0.944016 0.18576 0.217957 -0.965335 0.143608 0.266044 -0.94659 0.182177 0.285589 -0.938744 0.19287 0.279145 -0.941401 0.189322 0.25939 -0.949122 0.178562 0.207932 -0.968359 0.138004 0.252669 -0.951613 0.174905 0.155686 -0.983038 0.0969426 0.152299 -0.983763 0.0949513 0.202847 -0.969837 0.135161 0.245881 -0.954062 0.171195 0.197714 -0.971294 0.132279 0.239024 -0.956472 0.16742 0.284636 -0.936488 0.204874 0.276095 -0.940047 0.200208 0.319052 -0.917861 0.236088 0.192532 -0.972728 0.129349 0.232098 -0.958841 0.163566 0.308869 -0.922743 0.230533 0.267454 -0.943546 0.195422 0.17668 -0.976905 0.120167 0.138434 -0.986572 0.0866696 0.134884 -0.987253 0.0844831 0.187301 -0.974141 0.126362 0.225099 -0.961172 0.159619 0.131171 -0.987931 0.0823782 0.171098 -0.978265 0.117144 0.218018 -0.963468 0.155558 0.182018 -0.975533 0.123306 0.127293 -0.988605 0.0803515 0.165272 -0.97961 0.114235 0.210612 -0.965736 0.151647 0.159229 -0.980936 0.111401 0.12327 -0.989273 0.0783761 0.20288 -0.967972 0.147882 0.119117 -0.989935 0.0764241 0.152994 -0.982242 0.1086 0.194859 -0.970172 0.144212 0.114853 -0.990588 0.0744658 0.146592 -0.983524 0.105788 0.186582 -0.972329 0.140584 0.110493 -0.991231 0.0724692 0.140048 -0.984781 0.102919 0.178081 -0.974441 0.13694 0.133382 -0.986013 0.0999382 0.106055 -0.991865 0.0703987 0.169385 -0.976505 0.133218 0.119197 -0.988419 0.0939185 0.101514 -0.99249 0.0682503 0.0966114 -0.993116 0.0662262 0.126559 -0.987221 0.0968391 0.163922 -0.975161 0.148965 0.185974 -0.966625 0.176211 0.176115 -0.972309 0.153621 0.160523 -0.97852 0.129348 0.150889 -0.977931 0.144509 0.170418 -0.970427 0.170963 0.151444 -0.98049 0.125317 0.137217 -0.98059 0.140052 0.154085 -0.974063 0.165709 0.141648 -0.98243 0.121516 0.137202 -0.9775 0.160216 0.123099 -0.983114 0.135402 0.131182 -0.984325 0.117881 0.107764 -0.985522 0.130895 0.118852 -0.980757 0.154885 0.111332 -0.989596 0.0911276 0.12021 -0.986152 0.114251 0.0945894 -0.991843 0.0854468 0.0965963 -0.989576 0.106807 0.108889 -0.987897 0.110469 0.103089 -0.990741 0.0883425 0.3291 -0.912893 0.241494 0.29308 -0.932866 0.209438 0.148881 -0.984478 0.0929346 0.212969 -0.966858 0.140817 0.145431 -0.985185 0.0908865 0.159039 -0.982305 0.098914 0.162359 -0.981562 0.100871 0.165644 -0.980811 0.102818 0.222893 -0.96379 0.146384 0.291958 -0.936046 0.196414 0.237378 -0.959022 0.154687 0.232606 -0.960633 0.151917 0.24674 -0.955738 0.160265 0.175278 -0.978506 0.108644 0.422714 -0.858175 0.291287 0.372335 -0.893077 0.252547 0.36487 -0.897346 0.248276 0.413938 -0.864063 0.286446 0.357291 -0.901552 0.244022 0.184546 -0.976127 0.114539 0.255841 -0.952372 0.16593 0.1905 -0.974502 0.118561 0.187546 -0.975318 0.116538 0.193428 -0.973677 0.120577 0.264694 -0.948928 0.171676 0.345768 -0.910025 0.228688 0.277898 -0.943613 0.179907 0.27351 -0.945404 0.177208 0.286645 -0.93997 0.185177 0.202195 -0.971156 0.126385 0.496174 -0.80141 0.333997 0.428924 -0.856802 0.286209 0.488285 -0.808058 0.329577 0.421992 -0.861547 0.282241 0.380101 -0.890974 0.248373 0.299712 -0.934352 0.192767 0.37441 -0.894246 0.245236 0.210896 -0.968565 0.131928 0.208001 -0.969437 0.130109 0.304059 -0.932437 0.195214 0.21956 -0.965901 0.137221 0.397123 -0.880917 0.257444 0.317091 -0.926565 0.202315 0.312748 -0.928544 0.199988 0.231096 -0.962231 0.1439 0.228211 -0.963161 0.14227 0.565155 -0.737738 0.369245 0.496955 -0.805957 0.321665 0.490243 -0.81132 0.318468 0.325782 -0.922541 0.206846 0.503649 -0.800533 0.324783 0.572602 -0.730247 0.372648 0.510326 -0.795047 0.327822 0.580006 -0.722674 0.375946 0.343194 -0.914228 0.215418 0.236869 -0.960344 0.14708 0.245548 -0.957449 0.151649 0.447958 -0.848567 0.281544 0.356297 -0.907762 0.221406 0.351925 -0.909939 0.219453 0.257166 -0.953469 0.157358 0.254256 -0.954477 0.155973 0.260079 -0.952454 0.158715 0.365058 -0.903342 0.225179 0.637728 -0.659205 0.398437 0.556621 -0.754923 0.34679 0.651748 -0.64254 0.402948 0.576244 -0.736807 0.353636 0.487454 -0.821137 0.296853 0.387045 -0.891927 0.233801 0.27762 -0.946203 0.166214 0.504389 -0.808792 0.302402 0.521322 -0.796112 0.307292 0.409118 -0.880038 0.241155 0.400283 -0.884845 0.238375 0.621572 -0.692394 0.366385 0.615135 -0.698922 0.364852 0.699574 -0.581657 0.415056 0.766613 -0.45315 0.454928 0.706253 -0.572624 0.416303 0.815182 -0.318415 0.483829 0.82056 -0.304505 0.483693 0.77293 -0.441586 0.455611 0.849452 -0.166431 0.500731 0.845767 -0.18149 0.501736 0.159793 -0.982587 0.0948068 0.045884 -0.998627 0.0252543 0.608685 -0.705389 0.363221 0.692858 -0.590603 0.413685 0.686103 -0.599466 0.412193 0.809676 -0.332221 0.483791 0.76022 -0.464611 0.454096 0.841921 -0.196442 0.502573 0.158434 -0.982877 0.0940824 0.0460427 -0.998627 0.0249927 0.602222 -0.711795 0.361492 0.67931 -0.608244 0.410581 0.804043 -0.345926 0.483581 0.753748 -0.475972 0.453116 0.837916 -0.211289 0.503243 0.157073 -0.983166 0.0933422 0.0462 -0.998626 0.0247314 0.595747 -0.71814 0.359668 0.672479 -0.61694 0.408849 0.798283 -0.359532 0.483198 0.747199 -0.487235 0.45199 0.833755 -0.226034 0.503747 0.155712 -0.983454 0.0925867 0.0463557 -0.998625 0.0244702 0.740573 -0.498403 0.450718 0.665608 -0.625555 0.406999 0.589259 -0.724423 0.35775 0.82944 -0.240682 0.504084 0.792397 -0.373043 0.482644 0.15435 -0.983741 0.0918159 0.0465092 -0.998624 0.0242089 0.733868 -0.509476 0.449301 0.582758 -0.730646 0.355738 0.658698 -0.634088 0.405031 0.824974 -0.255234 0.504256 0.786385 -0.386461 0.481919 0.0466604 -0.998624 0.0239473 0.152987 -0.984027 0.0910302 0.727086 -0.520457 0.447739 0.820357 -0.269692 0.504262 0.780248 -0.399788 0.481022 0.151624 -0.984311 0.0902298 0.046809 -0.998623 0.0236851 0.720226 -0.531346 0.446034 0.815591 -0.28406 0.504104 0.773986 -0.413026 0.479954 0.15026 -0.984595 0.0894148 0.0469546 -0.998622 0.0234222 0.262996 -0.95143 0.160042 0.713288 -0.542144 0.444186 0.810678 -0.298338 0.503781 0.767598 -0.426174 0.478715 0.148897 -0.984877 0.0885854 0.0470971 -0.998622 0.0231584 0.706271 -0.552851 0.442195 0.761086 -0.439235 0.477305 0.805619 -0.312528 0.503293 0.147533 -0.985158 0.0877417 0.0472362 -0.998621 0.0228936 0.550053 -0.76084 0.344333 0.630657 -0.667417 0.396012 0.699176 -0.563469 0.440062 0.754449 -0.452209 0.475725 0.795067 -0.34065 0.501823 0.800415 -0.326632 0.50264 0.146168 -0.985437 0.0868838 0.0473717 -0.998621 0.0226275 0.543469 -0.766695 0.34179 0.623546 -0.675551 0.393474 0.692003 -0.573997 0.437789 0.747687 -0.465096 0.473973 0.789575 -0.354583 0.500841 0.144803 -0.985715 0.0860119 0.0475037 -0.998621 0.0223601 0.536871 -0.772488 0.339162 0.616393 -0.683604 0.390826 0.609199 -0.691578 0.388067 0.7408 -0.477895 0.47205 0.684751 -0.584436 0.435374 0.783941 -0.368431 0.499695 0.143437 -0.985992 0.0851259 0.0476319 -0.998621 0.0220914 0.530259 -0.77822 0.33645 0.601964 -0.699472 0.385198 0.733788 -0.490607 0.469957 0.67742 -0.594785 0.43282 0.778165 -0.382195 0.498383 0.142071 -0.986267 0.0842259 0.0477562 -0.998621 0.0218211 0.67001 -0.605043 0.430127 0.594686 -0.707287 0.382222 0.52363 -0.783891 0.333656 0.772249 -0.395873 0.496907 0.726652 -0.503229 0.467693 0.140704 -0.98654 0.0833119 0.0478768 -0.998621 0.0215493 0.662522 -0.61521 0.427295 0.516986 -0.7895 0.330779 0.587367 -0.715021 0.379137 0.766192 -0.409465 0.495266 0.719392 -0.515762 0.465258 0.0479935 -0.998621 0.021276 0.139335 -0.986812 0.082384 0.654955 -0.625286 0.424325 0.759996 -0.42297 0.49346 0.712008 -0.528202 0.462653 0.137966 -0.987083 0.0814421 0.0481065 -0.998621 0.0210012 0.647309 -0.635269 0.421217 0.753661 -0.436388 0.491489 0.704499 -0.540549 0.459877 0.136594 -0.987352 0.0804861 0.0482158 -0.998622 0.0207249 0.233981 -0.961292 0.145503 0.639585 -0.645158 0.417973 0.747187 -0.449716 0.489353 0.696868 -0.552801 0.456932 0.135221 -0.98762 0.079516 0.0483217 -0.998623 0.0204472 0.631783 -0.654952 0.414593 0.689113 -0.564954 0.453816 0.740577 -0.462953 0.487053 0.133845 -0.987886 0.0785317 0.0484244 -0.998623 0.0201682 0.483513 -0.81662 0.315192 0.557666 -0.745147 0.365738 0.623903 -0.66465 0.411078 0.681236 -0.577008 0.450532 0.733831 -0.476096 0.484587 0.726948 -0.489145 0.481957 0.132468 -0.98815 0.0775332 0.0485241 -0.998624 0.0198881 0.476764 -0.821859 0.311839 0.550133 -0.752474 0.362127 0.615945 -0.674251 0.407429 0.673238 -0.588957 0.447079 0.719932 -0.502096 0.479163 0.131087 -0.988413 0.0765204 0.0486211 -0.998625 0.0196071 0.469996 -0.827036 0.308408 0.542557 -0.759718 0.358413 0.534938 -0.766879 0.354596 0.665119 -0.600801 0.443458 0.607909 -0.683752 0.403646 0.712782 -0.514946 0.476206 0.129703 -0.988675 0.0754931 0.0487159 -0.998626 0.0193256 0.463207 -0.832151 0.304899 0.527275 -0.773955 0.350678 0.65688 -0.612535 0.43967 0.599797 -0.693152 0.39973 0.7055 -0.527694 0.473085 0.128316 -0.988935 0.0744512 0.048809 -0.998627 0.0190437 0.591608 -0.70245 0.395682 0.519567 -0.780947 0.346658 0.456396 -0.837205 0.301314 0.698087 -0.540335 0.469801 0.648522 -0.624157 0.435715 0.126925 -0.989193 0.0733947 0.0489009 -0.998627 0.0187619 0.583342 -0.711644 0.391503 0.449564 -0.842197 0.297652 0.511815 -0.787854 0.342538 0.690544 -0.552867 0.466355 0.640047 -0.635662 0.431594 0.12553 -0.98945 0.0723234 0.0489923 -0.998628 0.0184807 0.575001 -0.720732 0.387194 0.682873 -0.565287 0.462747 0.631455 -0.647048 0.427309 0.12413 -0.989705 0.0712372 0.049084 -0.998629 0.0182007 0.566584 -0.729713 0.382756 0.675075 -0.577591 0.458979 0.622748 -0.658312 0.42286 0.122726 -0.989959 0.070136 0.0491767 -0.998629 0.0179223 0.205101 -0.9703 0.128261 0.558091 -0.738585 0.378189 0.667153 -0.589776 0.455051 0.613927 -0.669449 0.418249 0.121317 -0.990211 0.0690198 0.0492715 -0.99863 0.0176464 0.549524 -0.747346 0.373494 0.604993 -0.680456 0.413477 0.650938 -0.613775 0.446722 0.659106 -0.601838 0.450965 0.11991 -0.990461 0.06788 0.0493688 -0.99863 0.0173737 0.415031 -0.866231 0.278196 0.480348 -0.814619 0.325057 0.540882 -0.755995 0.368672 0.595948 -0.69133 0.408545 0.64265 -0.625582 0.442322 0.118488 -0.99071 0.0667389 0.0494653 -0.998629 0.0171035 0.408041 -0.870854 0.274074 0.472363 -0.821092 0.320438 0.464328 -0.827478 0.31572 0.586793 -0.702067 0.403455 0.532165 -0.764529 0.363724 0.634244 -0.637256 0.437767 0.117042 -0.990957 0.0656108 0.0495601 -0.998629 0.0168353 0.401019 -0.875415 0.269874 0.456284 -0.833776 0.31084 0.577529 -0.712665 0.398207 0.523374 -0.772949 0.35865 0.625721 -0.648793 0.433059 0.115572 -0.991203 0.0644932 0.049653 -0.998629 0.0165688 0.393999 -0.879916 0.265542 0.448137 -0.839997 0.305907 0.568199 -0.723123 0.392737 0.51455 -0.781254 0.353385 0.617094 -0.660191 0.428185 0.114078 -0.991448 0.063384 0.0497437 -0.998629 0.0163037 0.505583 -0.789462 0.348046 0.439821 -0.846139 0.301009 0.386906 -0.88436 0.261172 0.608361 -0.671473 0.423108 0.558678 -0.733469 0.387172 0.0498321 -0.998629 0.0160396 0.112561 -0.991691 0.062281 0.496403 -0.797571 0.342732 0.379683 -0.888748 0.256843 0.431344 -0.8522 0.296139 0.599366 -0.682653 0.418024 0.548891 -0.743701 0.381612 0.111023 -0.991933 0.061182 0.0499179 -0.998629 0.0157765 0.487018 -0.805576 0.337433 0.590117 -0.693724 0.412927 0.538849 -0.75381 0.376049 0.109462 -0.992173 0.0600847 0.0500011 -0.998629 0.015514 0.477438 -0.813471 0.332141 0.58062 -0.704678 0.407809 0.52856 -0.763788 0.370475 0.107881 -0.992412 0.0589871 0.0500816 -0.998629 0.0152521 0.46767 -0.821253 0.326846 0.405021 -0.86986 0.281605 0.570883 -0.71551 0.402664 0.518035 -0.77363 0.364878 0.10628 -0.99265 0.0578866 0.0501595 -0.998629 0.0149905 0.349605 -0.905695 0.239775 0.457721 -0.828918 0.321538 0.507281 -0.783329 0.35925 0.550708 -0.736786 0.392259 0.56091 -0.726214 0.397484 0.10466 -0.992886 0.0567812 0.0502349 -0.998629 0.0147293 0.341815 -0.909774 0.235528 0.395968 -0.875566 0.276754 0.447598 -0.836462 0.316207 0.496306 -0.792883 0.353577 0.540281 -0.747222 0.386982 0.103021 -0.99312 0.0556682 0.0503079 -0.998629 0.0144684 0.333927 -0.913787 0.23127 0.386786 -0.881179 0.271883 0.377477 -0.886698 0.266979 0.485114 -0.802288 0.347849 0.437306 -0.843885 0.310839 0.529633 -0.757521 0.381642 0.101365 -0.993353 0.0545452 0.0503789 -0.998629 0.0142079 0.325942 -0.917735 0.226991 0.368045 -0.892123 0.26203 0.473712 -0.811541 0.34205 0.42685 -0.851185 0.305423 0.518768 -0.76768 0.376228 0.099691 -0.993584 0.0534095 0.0504481 -0.998629 0.0139478 0.317863 -0.921616 0.222681 0.358491 -0.897454 0.257023 0.462103 -0.820642 0.336165 0.416232 -0.858361 0.299944 0.507687 -0.777698 0.370728 0.0980006 -0.993813 0.0522583 0.0505161 -0.998629 0.0136885 0.405456 -0.865414 0.294387 0.348817 -0.902692 0.251942 0.309693 -0.925431 0.218327 0.496391 -0.787577 0.365129 0.450289 -0.829591 0.33018 0.0962937 -0.994041 0.0510884 0.0505834 -0.99863 0.0134301 0.394521 -0.872345 0.288735 0.301433 -0.929181 0.213918 0.339021 -0.907837 0.246772 0.48488 -0.797315 0.359416 0.43827 -0.838389 0.324073 0.0945705 -0.994267 0.0498966 0.0506506 -0.99863 0.0131732 0.383426 -0.879154 0.282971 0.473152 -0.806916 0.353573 0.426044 -0.847038 0.317826 0.092831 -0.994491 0.0486771 0.0507197 -0.998629 0.0129163 0.372168 -0.885845 0.277072 0.461203 -0.816382 0.347581 0.413608 -0.85554 0.311415 0.0910079 -0.994717 0.0475011 0.0507851 -0.998629 0.0126643 0.141949 -0.985883 0.0888006 0.360742 -0.892421 0.271016 0.449028 -0.825715 0.341421 0.400955 -0.8639 0.304814 0.0891 -0.994943 0.0463667 0.0508461 -0.998629 0.0124172 0.349139 -0.898885 0.264778 0.388075 -0.872123 0.297994 0.423964 -0.844005 0.328498 0.436618 -0.834922 0.335068 0.0871165 -0.995169 0.0452599 0.0509034 -0.998629 0.0121741 0.258702 -0.946989 0.190489 0.298538 -0.927546 0.224796 0.337344 -0.905245 0.258321 0.374948 -0.880218 0.290913 0.411079 -0.852967 0.321652 0.0850666 -0.995396 0.044166 0.0509579 -0.99863 0.011934 0.249538 -0.950386 0.185735 0.287707 -0.932282 0.21926 0.276379 -0.936938 0.21392 0.361129 -0.888199 0.284056 0.324955 -0.911515 0.252079 0.397558 -0.861825 0.31497 0.0829594 -0.995622 0.0430697 0.0510106 -0.99863 0.0116961 0.239966 -0.953729 0.181155 0.264606 -0.941502 0.208707 0.346622 -0.896042 0.27742 0.311976 -0.917677 0.24605 0.383362 -0.870556 0.30849 0.0808041 -0.995847 0.0419547 0.0510626 -0.99863 0.01146 0.230028 -0.95701 0.176687 0.252436 -0.945963 0.203544 0.331493 -0.903722 0.270921 0.298467 -0.923712 0.240155 0.368534 -0.879144 0.302139 0.07861 -0.99607 0.0408033 0.0511154 -0.99863 0.0112257 0.284483 -0.929607 0.234309 0.239915 -0.950315 0.198349 0.219767 -0.960222 0.172267 0.353113 -0.887575 0.295839 0.315804 -0.911222 0.264465 0.0763657 -0.996293 0.0396142 0.05117 -0.998629 0.0109939 0.270074 -0.935353 0.228419 0.20922 -0.96336 0.167826 0.227083 -0.954554 0.193031 0.337131 -0.895841 0.289503 0.299609 -0.91853 0.257946 0.0739367 -0.99652 0.0384931 0.0512173 -0.998629 0.0107733 0.255286 -0.940945 0.222378 0.198423 -0.966419 0.163284 0.213976 -0.958678 0.187484 0.320617 -0.903934 0.283033 0.282956 -0.925641 0.251248 0.0512581 -0.99863 0.0105637 0.0713352 -0.99675 0.0374229 0.240157 -0.946383 0.216066 0.18741 -0.969401 0.158554 0.200516 -0.962696 0.181688 0.303594 -0.911855 0.276316 0.265888 -0.932553 0.244232 0.068607 -0.996981 0.0363602 0.051297 -0.99863 0.0103631 0.224595 -0.951675 0.209457 0.286081 -0.919608 0.269219 0.248298 -0.939277 0.236867 0.0657967 -0.99721 0.0352663 0.0513397 -0.998629 0.0101714 0.207762 -0.956841 0.203202 0.267835 -0.927202 0.261841 0.229245 -0.945833 0.229886 0.0627388 -0.997443 0.0342169 0.0513748 -0.998629 0.009999 0.0913711 -0.993739 0.0642928 0.189737 -0.961827 0.197201 0.247962 -0.934649 0.254844 0.208813 -0.95215 0.223178 0.0593948 -0.997681 0.0332377 0.0513991 -0.99863 0.00985148 0.0858795 -0.994352 0.0623662 0.17079 -0.966582 0.191183 0.187306 -0.95816 0.216437 0.203736 -0.948889 0.241042 0.226546 -0.941895 0.248015 0.0514202 -0.99863 0.00973227 0.0802193 -0.994947 0.0603687 0.15118 -0.971064 0.184878 0.165016 -0.963815 0.209359 0.179801 -0.955561 0.233613 0.0740718 -0.995539 0.0584418 0.0853616 -0.992916 0.0826474 0.12985 -0.975288 0.178751 0.140745 -0.969122 0.202468 0.153447 -0.961913 0.226226 0.0831865 -0.991161 0.103346 0.0673629 -0.99612 0.0566299 0.0752959 -0.993946 0.0800066 0.106532 -0.979157 0.172926 0.0988114 -0.983762 0.149827 0.114181 -0.973953 0.195902 0.0910274 -0.987765 0.126627 0.123888 -0.96782 0.219035 0.0645713 -0.994901 0.0774804 0.0857896 -0.978121 0.189522 0.0774285 -0.986406 0.144944 0.0816324 -0.982523 0.167285 0.0913773 -0.97302 0.211855 0.0564258 -0.977182 0.204772 0.550289 -0.524548 0.64964 0.679727 -0.460777 0.570662 0.679727 -0.357707 0.640325 0.790774 -0.154238 -0.592358 0.790774 -0.252128 -0.557771 0.679727 -0.184817 -0.709798 0.679727 -0.244346 0.691567 0.550289 -0.407213 0.728944 0.790774 -0.298522 0.534379 0.790774 -0.203918 0.577143 0.40596 -7.33343e-11 0.913891 0.250646 -1.28974e-15 0.968079 0.250646 -0.159341 0.954875 0.790774 -0.103447 0.603304 0.40596 -0.154448 0.900745 0.250646 -0.314335 0.915626 0.880423 -0.0801384 0.467368 0.880423 -0.157971 0.447102 0.946249 -0.0546615 0.318787 0.679727 -0.123956 0.722915 0.679727 -8.08815e-10 0.733465 0.550289 -0.141111 0.822964 0.550289 -1.34003e-10 0.834974 0.250646 0.15934 0.954875 0.40596 0.154448 0.900745 0.790774 -1.96472e-10 0.612109 0.40596 -0.304453 0.861687 0.880423 1.6059e-09 0.474189 0.946249 -7.13334e-10 0.323439 1 -7.65517e-18 1.19249e-08 0.986471 -2.33399e-10 0.163938 0.986471 -0.0277056 0.16158 0.550289 -0.626792 0.551646 0.679727 -0.550592 0.484582 0.790774 -0.384539 0.476242 0.550289 -0.711005 0.437783 0.679727 -0.624567 0.384561 0.40596 0.574125 0.71104 0.40596 0.686032 0.603785 0.250646 0.712239 0.655662 0.679727 -0.680574 0.273477 0.550289 -0.774764 0.311326 0.790774 -0.459493 0.404405 0.790774 -0.521228 0.320933 0.550289 -0.816234 0.175912 0.679727 -0.717002 0.154526 0.679727 -0.732804 0.0311291 0.550289 -0.834222 0.0354373 0.790774 -0.567969 0.228229 0.550289 -0.828211 -0.106057 0.679727 -0.727524 -0.0931631 0.790774 -0.59837 0.128959 0.550289 -0.798375 -0.2445 0.679727 -0.701315 -0.214775 0.790774 -0.611557 0.0259786 0.679727 -0.65493 -0.330209 0.550289 -0.74557 -0.375909 0.790774 -0.607151 -0.0777487 0.679727 -0.589704 -0.436142 0.550289 -0.671317 -0.496503 0.790774 -0.585278 -0.179239 0.550289 -0.577751 -0.602815 0.679727 -0.507513 -0.529529 0.790774 -0.546568 -0.275574 0.550289 -0.467565 -0.691784 0.679727 -0.410722 -0.607683 0.790774 -0.492134 -0.36398 0.550289 -0.343927 -0.760852 0.679727 -0.302115 -0.668354 0.790774 -0.423542 -0.441915 0.790774 -0.342765 -0.507138 0.550289 -0.210395 -0.808032 0.679727 0.184817 -0.709798 0.679727 0.0622023 -0.730822 0.550289 0.210395 -0.808032 0.679727 0.507513 -0.529529 0.679727 0.410722 -0.607683 0.550289 0.577751 -0.602815 0.790774 0.154238 -0.592358 0.790774 0.0519104 -0.609903 0.679727 0.65493 -0.330209 0.550289 0.798375 -0.2445 0.679727 0.701315 -0.214775 0.790774 0.423542 -0.441916 0.790774 0.342765 -0.507138 0.679727 0.727524 -0.093163 0.790774 0.607151 -0.0777486 0.790774 0.585278 -0.179239 0.880423 0.470348 -0.0602304 0.946249 0.309262 -0.0947104 0.880423 0.453404 -0.138853 0.880423 0.403786 0.248621 0.946249 0.300116 0.120597 0.880423 0.439995 0.176805 0.946249 0.31618 0.068142 0.880423 0.463546 0.0999018 0.880423 0.355961 0.313285 0.946249 0.275418 0.169582 0.986471 0.102989 0.127549 0.946249 0.203191 0.251647 0.946249 0.15774 0.282367 0.40596 0.4457 0.79784 0.250646 0.594607 0.76395 0.679727 0.624567 0.384561 0.790774 0.521228 0.320933 0.790774 0.567969 0.228229 0.550289 0.141111 0.822964 0.250646 0.314335 0.915626 0.40596 0.304453 0.861687 0.550289 0.278163 0.787278 0.986471 0.0546141 0.154573 1 5.67561e-09 1.04876e-08 0.986471 0.0799515 0.14312 0.679727 0.550592 0.484582 0.790774 0.459493 0.404405 0.986471 0.0277056 0.16158 1 1.96277e-09 1.17622e-08 1 3.872e-09 1.12788e-08 0.790774 0.59837 0.128959 0.790774 0.611557 0.0259785 0.679727 0.717002 0.154526 0.679727 0.680574 0.273477 0.550289 0.626792 0.551647 0.946249 0.323148 0.0137271 0.880423 0.473762 0.0201251 0.679727 0.732804 0.031129 0.790774 0.546568 -0.275573 0.946249 0.32082 -0.0410825 0.790774 0.492134 -0.36398 0.550289 0.828211 -0.106057 0.679727 0.589704 -0.436142 0.550289 0.74557 -0.375908 0.790774 0.252128 -0.557771 0.550289 0.671317 -0.496503 0.679727 0.302115 -0.668354 0.550289 0.467565 -0.691784 0.790774 -0.0519104 -0.609903 0.550289 0.343927 -0.760852 0.550289 0.0708107 -0.831966 0.679727 -0.0622022 -0.730822 0.550289 -0.0708108 -0.831966 0.250646 -0.460755 0.8514 0.40596 -0.4457 0.79784 0.550289 -0.278163 0.787279 0.986471 -0.0546141 0.154573 0.946249 -0.107751 0.304964 1 -1.96277e-09 1.17622e-08 0.250646 -0.594606 0.76395 0.40596 -0.574125 0.71104 0.880423 -0.23126 0.413974 0.986471 -0.0799515 0.14312 0.946249 -0.15774 0.282367 1 -3.872e-09 1.12788e-08 0.250646 -0.712239 0.655662 0.40596 -0.686033 0.603785 0.880423 -0.297895 0.368936 0.986471 -0.102989 0.127549 0.946249 -0.203191 0.251647 1 -5.67562e-09 1.04876e-08 1 -7.32441e-09 9.41041e-09 0.250646 -0.810443 0.529489 0.40596 -0.778205 0.47916 0.880423 -0.355961 0.313285 0.986471 -0.123063 0.108309 0.946249 -0.242797 0.213688 1 -8.77342e-09 8.0765e-09 0.250646 -0.886541 0.388873 0.40596 -0.847989 0.34075 0.880423 -0.403786 0.248621 0.986471 -0.139598 0.0859537 0.946249 -0.275418 0.169582 1 -9.98311e-09 6.52229e-09 0.250646 -0.938456 0.237649 0.40596 -0.893379 0.192538 0.880423 -0.439995 0.176805 0.986471 -0.152116 0.0611252 0.946249 -0.300116 0.120596 1 -1.09205e-08 4.79017e-09 0.250646 -0.964772 0.0799433 0.40596 -0.913067 0.0387866 0.880423 -0.463546 0.0999019 0.986471 -0.160258 0.0345383 0.946249 -0.31618 0.068142 1 -1.156e-08 2.92739e-09 0.250646 -0.964772 -0.0799434 0.40596 -0.906489 -0.11608 0.880423 -0.473762 0.0201251 0.986471 -0.16379 0.00695769 0.946249 -0.323148 0.0137271 1 -1.18842e-08 9.84749e-10 0.250646 -0.938456 -0.237649 0.40596 -0.873832 -0.267608 0.880423 -0.470348 -0.0602305 0.986471 -0.16261 -0.020823 0.946249 -0.32082 -0.0410825 1 -1.18842e-08 -9.84749e-10 0.250646 -0.886541 -0.388873 0.40596 -0.816037 -0.411437 0.880423 -0.453404 -0.138853 0.986471 -0.156752 -0.0480047 0.946249 -0.309262 -0.0947104 1 -1.156e-08 -2.92739e-09 0.250646 -0.810443 -0.529489 0.40596 -0.734766 -0.54343 0.880423 -0.423416 -0.213482 0.986471 -0.146384 -0.0738053 0.946249 -0.288807 -0.145614 1 -1.09205e-08 -4.79017e-09 0.250646 -0.712239 -0.655662 0.40596 -0.632356 -0.659789 0.880423 -0.381247 -0.281969 0.986471 -0.131805 -0.0974827 0.946249 -0.260044 -0.192328 1 -9.98311e-09 -6.52229e-09 0.250646 -0.594606 -0.76395 0.40596 -0.511756 -0.757167 0.946249 -0.2238 -0.233509 0.986471 -0.113435 -0.118356 0.880423 -0.32811 -0.342344 1 -8.77342e-09 -8.0765e-09 0.250646 -0.460755 -0.8514 0.40596 -0.376433 -0.832763 0.946249 -0.181118 -0.267973 0.986471 -0.0918009 -0.135824 0.880423 -0.265534 -0.39287 1 -7.32441e-09 -9.4104e-09 0.250646 -0.314335 -0.915626 0.40596 -0.23028 -0.884402 0.946249 -0.133225 -0.294727 0.986471 -0.0675261 -0.149385 0.880423 -0.195319 -0.432095 1 -5.67562e-09 -1.04876e-08 0.250646 -0.159341 -0.954875 0.40596 -0.0775034 -0.910599 0.946249 -0.0814996 -0.313003 0.986471 -0.0413087 -0.158648 0.880423 -0.119485 -0.458889 1 -3.872e-09 -1.12788e-08 0.250646 8.46321e-08 -0.968079 0.40596 0.0775035 -0.910599 0.946249 -0.0274296 -0.322274 0.986471 -0.0139029 -0.163347 0.880423 -0.0402141 -0.472481 1 -1.96277e-09 -1.17622e-08 0.250646 0.159341 -0.954875 0.40596 0.230281 -0.884402 0.946249 0.0274296 -0.322274 1 1.04251e-15 -1.19249e-08 0.986471 0.0139029 -0.163347 0.880423 0.0402141 -0.472481 0.250646 0.314335 -0.915626 0.40596 0.376433 -0.832763 0.946249 0.0814996 -0.313003 1 1.96277e-09 -1.17622e-08 0.986471 0.0413087 -0.158648 0.880423 0.119485 -0.458889 0.250646 0.460755 -0.8514 0.40596 0.511756 -0.757167 0.946249 0.133225 -0.294727 1 3.872e-09 -1.12788e-08 0.986471 0.0675261 -0.149385 0.880423 0.195319 -0.432095 0.250646 0.594606 -0.76395 0.40596 0.632357 -0.659789 0.946249 0.181118 -0.267973 1 5.67562e-09 -1.04876e-08 0.986471 0.0918009 -0.135824 0.880423 0.265534 -0.39287 0.250646 0.712239 -0.655662 0.40596 0.734766 -0.54343 0.946249 0.2238 -0.233509 1 7.32441e-09 -9.41041e-09 0.986471 0.113435 -0.118356 0.880423 0.32811 -0.342344 0.250646 0.810443 -0.529489 0.40596 0.816037 -0.411437 0.946249 0.260044 -0.192328 1 8.77342e-09 -8.0765e-09 0.986471 0.131805 -0.0974828 0.880423 0.381247 -0.281969 0.250646 0.886541 -0.388873 0.40596 0.873832 -0.267608 0.946249 0.288807 -0.145614 1 9.98311e-09 -6.52229e-09 0.986471 0.146384 -0.0738053 0.880423 0.423416 -0.213482 0.250646 0.938456 -0.237649 0.40596 0.906489 -0.11608 1 1.09205e-08 -4.79017e-09 0.986471 0.156752 -0.0480047 0.250646 0.964772 -0.0799434 0.40596 0.913067 0.0387865 1 1.156e-08 -2.92739e-09 0.986471 0.16261 -0.020823 0.250646 0.964772 0.0799434 0.40596 0.893379 0.192538 0.550289 0.834222 0.0354376 1 1.18842e-08 -9.84749e-10 0.986471 0.16379 0.00695768 0.250646 0.938456 0.237649 0.40596 0.847989 0.34075 0.550289 0.816234 0.175912 1 1.18842e-08 9.8475e-10 0.986471 0.160258 0.0345383 0.250646 0.886541 0.388873 0.40596 0.778205 0.47916 0.550289 0.774764 0.311325 1 1.156e-08 2.92738e-09 0.986471 0.152116 0.0611252 0.250646 0.810443 0.529489 0.550289 0.711005 0.437783 1 1.09205e-08 4.79017e-09 0.986471 0.139598 0.0859537 0.790774 0.298522 0.534379 0.679727 0.357707 0.640325 0.679727 0.244346 0.691567 0.880423 0.297895 0.368936 0.946249 0.242797 0.213688 1 9.98311e-09 6.52229e-09 0.986471 0.123063 0.108309 0.679727 0.460777 0.570662 0.550289 0.524548 0.64964 0.790774 0.384539 0.476242 1 8.77342e-09 8.0765e-09 0.250646 0.460755 0.8514 0.550289 0.407213 0.728944 0.880423 0.23126 0.413974 1 7.32441e-09 9.41041e-09 0.790774 0.203918 0.577143 0.880423 0.157971 0.447102 0.946249 0.107751 0.304964 0.946249 0.0546615 0.318787 0.679727 0.123956 0.722915 0.790774 0.103447 0.603304 0.880423 0.0801384 0.467368 0.0568601 -0.0800524 -0.995168 0.250646 -1.46176e-07 -0.968079 0.250646 -0.164326 -0.95403 0.250646 -0.323882 -0.912292 0.0568601 -0.238099 -0.969575 0.250646 -0.474039 -0.844076 0.0568601 -0.390022 -0.919048 0.0568601 -0.531915 -0.844887 0.250646 -0.610437 -0.751361 0.250646 -0.729117 -0.636839 0.0568601 -0.660129 -0.748997 0.250646 -0.826636 -0.503834 0.0568601 -0.771366 -0.633846 0.0568601 -0.862767 -0.502394 0.250646 -0.900163 -0.356205 0.250647 -0.947564 -0.198239 0.0568601 -0.93198 -0.358023 0.0568601 -0.977225 -0.204444 0.0568601 0.0800526 -0.995168 0.250646 0.164326 -0.95403 0.0568601 0.238099 -0.969575 0.0568601 0.390022 -0.919048 0.250646 0.323883 -0.912292 0.0568601 0.531915 -0.844887 0.250646 0.474039 -0.844076 0.250646 0.610437 -0.751361 0.0568601 0.660129 -0.748997 0.0568601 0.771366 -0.633846 0.250646 0.729117 -0.636839 0.0568601 0.862767 -0.502394 0.250646 0.826636 -0.503834 0.250646 0.900163 -0.356205 0.0568601 0.93198 -0.358023 0.250646 0.947564 -0.198238 0.0568601 0.977225 -0.204444 0.250646 -0.0776228 0.964962 0.250646 0.0776226 0.964962 0.0568601 -0.0800526 0.995168 0.0568601 -0.238099 0.969575 0.250646 -0.230872 0.940146 0.0568601 -0.390022 0.919048 0.250646 -0.378184 0.891153 0.250646 -0.51577 0.819242 0.0568601 -0.531915 0.844887 0.0568601 -0.660129 0.748997 0.250646 -0.640092 0.726263 0.0568601 -0.771366 0.633846 0.250646 -0.747954 0.614607 0.250646 -0.83658 0.487145 0.0568601 -0.862767 0.502394 0.0568601 -0.93198 0.358023 0.250646 -0.903692 0.347156 0.0568596 -0.977225 0.204444 0.250646 -0.947564 0.198238 0.0568601 0.0800524 0.995168 0.250646 0.230872 0.940146 0.0568601 0.238099 0.969575 0.0568601 0.390022 0.919048 0.250646 0.378184 0.891153 0.250646 0.51577 0.819242 0.0568601 0.531915 0.844887 0.250646 0.640092 0.726263 0.0568601 0.660129 0.748997 0.0568601 0.771366 0.633846 0.250646 0.747953 0.614607 0.250646 0.83658 0.487146 0.0568601 0.862767 0.502394 0.250646 0.903692 0.347156 0.0568601 0.93198 0.358023 0.250647 0.947564 0.198239 0.0568601 0.977225 0.204444 -0.156629 0.28059 -0.946962 -0.228425 0.552052 -0.80191 -0.181179 0.341329 -0.922317 -0.127992 0.217455 -0.967642 -0.165496 0.290458 -0.942468 -0.19936 0.426574 -0.882207 -0.0957544 0.153992 -0.983421 -0.128002 0.148413 -0.980606 -0.213245 0.287571 -0.933718 -0.265826 0.302059 -0.915476 -0.288732 0.355571 -0.888934 -0.260982 0.425685 -0.866418 -0.199361 0.426574 -0.882207 -0.165496 0.290458 -0.942468 -0.228425 0.552052 -0.80191 -0.349857 0.506144 -0.788301 -0.330868 0.457916 -0.82513 -0.367329 0.552052 -0.748537 -0.301726 0.552006 -0.777335 -0.310455 0.407628 -0.858753 -0.241883 0.247423 -0.938229 -0.217058 0.192007 -0.957089 -0.160346 0.142964 -0.976653 -0.191513 0.136158 -0.972 -0.128002 0.148413 -0.980606 -0.330907 0.457897 -0.825125 -0.304453 0.642107 -0.703567 -0.349883 0.506131 -0.788298 -0.32302 0.743689 -0.585308 -0.349993 0.657496 -0.667236 -0.310176 0.70936 -0.632929 -0.259346 0.776239 -0.574624 -0.151697 0.941303 -0.301558 -0.117999 0.979952 -0.16053 -0.171053 0.954087 -0.245883 -0.247969 0.847484 -0.469342 -0.218514 0.917994 -0.330967 -0.259709 0.871644 -0.415678 -0.292597 0.81467 -0.500699 -0.367329 0.552052 -0.748537 -0.183052 0.878787 -0.440709 -0.210603 0.792519 -0.572329 -0.266582 0.690828 -0.672079 -0.233034 0.6845 -0.690764 -0.269328 0.592912 -0.758893 -0.249362 0.558548 -0.791102 -0.259074 0.419864 -0.869825 -0.267454 0.484849 -0.832701 -0.261065 0.36951 -0.8918 -0.262177 0.274338 -0.925204 -0.234427 0.223729 -0.946039 -0.236229 0.129551 -0.963023 -0.250487 0.250034 -0.935275 -0.217062 0.192005 -0.957088 -0.191513 0.136158 -0.972 -0.21361 0.1322 -0.967933 -0.253364 0.314422 -0.914847 -0.259148 0.12779 -0.957346 -0.29581 0.567958 -0.768063 -0.284306 0.487849 -0.825332 -0.270085 0.402913 -0.87448 -0.310496 0.407608 -0.858748 -0.288767 0.355554 -0.888929 -0.265851 0.302047 -0.915473 -0.241897 0.247417 -0.938228 -0.765273 0.643514 -0.0157031 -0.724002 0.687153 -0.0603546 -0.82 0.568267 -0.0683573 -0.483795 0.874252 -0.0403304 -0.611052 0.78995 -0.0509388 -0.483795 0.874252 0.0403304 -0.88783 0.458384 -0.0405303 -0.872043 0.436076 -0.222215 -0.819279 0.572742 -0.0273514 -0.938975 0.293674 -0.179115 -0.954339 0.293674 -0.0547031 -0.752716 0.568267 0.332404 -0.638774 0.644314 0.420509 -0.664594 0.687153 0.293489 -0.611052 0.78995 0.0509389 -0.735831 0.677146 -0.00518971 -0.274287 0.944544 0.180565 -0.166411 0.979952 0.109549 -0.18054 0.979952 0.0842555 -0.335681 0.938084 -0.0855385 -0.470439 0.874252 -0.119878 -0.345211 0.938084 -0.0287776 -0.473436 0.823847 0.311666 -0.444097 0.874252 0.196116 -0.560912 0.78995 0.247702 -0.704955 0.53635 0.464076 -0.823213 0.436076 0.363536 -0.758494 0.418768 0.499321 -0.872043 0.436076 0.222215 -0.907462 0.293674 0.300446 -0.798429 0.293674 0.525611 -0.860343 0.293674 0.416611 -0.561136 0.740723 0.3694 -0.818823 0.573397 0.027269 -0.797364 0.568267 0.203185 -0.724002 0.687153 0.0603547 -0.316884 0.938084 0.139938 -0.377244 0.892196 0.248342 -0.335681 0.938084 0.0855385 -0.190851 0.979952 0.0571802 -0.197126 0.979952 0.0288956 -0.444097 0.874252 -0.196116 -0.345211 0.938084 0.0287777 -0.199232 0.979952 -1.74174e-08 -0.594183 0.78995 0.15141 -0.470439 0.874252 0.119878 -0.28934 0.938084 -0.190475 -0.316885 0.938084 -0.139938 -0.18054 0.979952 -0.0842555 -0.166411 0.979952 -0.109549 -0.405496 0.874252 -0.26694 -0.704015 0.687153 -0.179398 -0.797364 0.568267 -0.203185 -0.823213 0.436076 -0.363536 -0.907462 0.293674 -0.300446 -0.798429 0.293674 -0.525611 -0.860343 0.293674 -0.416611 -0.751658 0.436076 -0.494821 -0.704015 0.687153 0.179398 -0.764812 0.644065 0.0155996 -0.887575 0.458882 0.0404823 -0.938974 0.293674 0.179115 -0.197126 0.979952 -0.0288956 -0.735615 0.677381 0.00506722 -0.954339 0.293674 0.0547031 -0.190851 0.979952 -0.0571801 -0.594183 0.78995 -0.15141 -0.664594 0.687153 -0.293489 -0.560912 0.78995 -0.247702 -0.606827 0.687153 -0.399478 -0.752716 0.568267 -0.332404 -0.512157 0.78995 -0.337156 -0.687288 0.568267 -0.452446 -0.205669 0.942623 0.262986 -0.147634 0.979854 0.134501 -0.224369 0.943276 0.244721 -0.256926 0.944988 0.202451 -0.162678 0.97973 0.116899 -0.270947 0.945925 0.178365 -0.349943 0.891623 0.287313 -0.373587 0.894399 0.245933 -0.241423 0.944076 0.224578 -0.1532 0.97965 0.129672 -0.32332 0.888681 0.325132 -0.142074 0.979952 0.139673 -0.225364 0.879896 0.418322 -0.185138 0.942067 0.279704 -0.261284 0.882828 0.390314 -0.166411 0.979952 0.109549 -0.312026 0.800714 0.511368 -0.260856 0.793501 0.549828 -0.355722 0.698127 0.621353 -0.390625 0.578496 0.716069 -0.289895 0.684898 0.668487 -0.576225 0.495373 0.650054 -0.462733 0.59738 0.654992 -0.528563 0.614236 0.585948 -0.524533 0.340364 0.780395 -0.499378 0.472495 0.726203 -0.611456 0.369165 0.699885 -0.41563 0.446459 0.792418 -0.430385 0.307285 0.848731 -0.798429 0.293674 0.525611 -0.721718 0.268651 0.637926 -0.690629 0.39367 0.606675 -0.311189 0.557997 0.769286 -0.324053 0.418143 0.848614 -0.32848 0.271394 0.90468 -0.325078 0.123725 0.937559 -0.435262 0.166237 0.884823 -0.358239 0.807539 0.468556 -0.415225 0.710412 0.568245 -0.293806 0.885727 0.359395 -0.538338 0.205635 0.817255 -0.158244 0.979609 0.123793 -0.400172 0.814029 0.420975 -0.469336 0.72165 0.508865 -0.634169 0.239798 0.735069 -0.437976 0.820098 0.368261 -0.518207 0.731765 0.442699 -0.588173 0.629017 0.508321 -0.646015 0.515077 0.563348 -0.471308 0.825594 0.310263 -0.561137 0.740723 0.369398 -0.640434 0.641948 0.4216 -0.707143 0.532207 0.465516 -0.759966 0.414922 0.500291 -0.183065 0.878786 0.440706 -0.204882 0.87935 0.429845 -0.236332 0.793029 0.561474 -0.233048 0.684499 0.69076 -0.210618 0.792518 0.572325 -0.261985 0.684733 0.680076 -0.185138 0.942067 0.279705 -0.225364 0.879897 0.418322 -0.169147 0.941686 0.290888 -0.130804 0.979952 0.15028 -0.142074 0.979952 0.139673 -0.117999 0.979952 0.16053 -0.151704 0.941302 0.301556 -0.249372 0.558547 0.791099 -0.280708 0.558325 0.780689 -0.291907 0.419075 0.859748 -0.25908 0.419863 0.869823 -0.262178 0.274338 0.925203 -0.295586 0.272956 0.915491 -0.325078 0.123725 0.937559 -0.29229 0.125862 0.948011 -0.259148 0.12779 0.957346 -0.260856 0.793501 0.549828 -0.289896 0.684898 0.668487 -0.31119 0.557997 0.769285 -0.324055 0.418143 0.848614 -0.328482 0.271394 0.904679 -0.170984 0.95416 0.245648 -0.151698 0.941303 0.301558 -0.218525 0.917975 0.331011 -0.248018 0.847379 0.469507 -0.292984 0.814061 0.501463 -0.259908 0.871337 0.416196 -0.323326 0.742972 0.586048 -0.310475 0.708669 0.633556 -0.350083 0.656906 0.66777 -0.349882 0.506131 0.788298 -0.367329 0.552052 0.748537 -0.183054 0.878787 0.440709 -0.304689 0.641457 0.704057 -0.117999 0.979952 0.16053 -0.295982 0.567375 0.768427 -0.330906 0.457897 0.825125 -0.259379 0.776132 0.574753 -0.310495 0.407609 0.858748 -0.284416 0.487358 0.825585 -0.288766 0.355554 0.888929 -0.270135 0.402533 0.87464 -0.26585 0.302047 0.915473 -0.25049 0.250001 0.935283 -0.236121 0.12955 0.963049 -0.23437 0.223611 0.946081 -0.253358 0.314168 0.914936 -0.259148 0.12779 0.957346 -0.241896 0.247417 0.938228 -0.191513 0.136158 0.972 -0.217062 0.192005 0.957088 -0.213514 0.13222 0.967951 -0.266601 0.690727 0.672175 -0.269337 0.592823 0.758959 -0.267456 0.484776 0.832742 -0.261065 0.369457 0.891822 -0.210606 0.792519 0.572328 -0.233038 0.6845 0.690763 -0.249365 0.558548 0.791101 -0.259076 0.419863 0.869824 -0.262177 0.274338 0.925204 -0.310455 0.407628 0.858753 -0.260982 0.425685 0.866418 -0.330868 0.457916 0.82513 -0.199361 0.426574 0.882207 -0.228425 0.552052 0.80191 -0.301726 0.552006 0.777335 -0.349857 0.506144 0.788301 -0.367329 0.552052 0.748537 -0.288732 0.355571 0.888934 -0.165496 0.290458 0.942468 -0.213245 0.287571 0.933718 -0.265826 0.302059 0.915476 -0.241883 0.247423 0.938229 -0.217058 0.192007 0.957089 -0.160346 0.142964 0.976653 -0.128002 0.148413 0.980606 -0.191513 0.136158 0.972 -0.0957549 0.153992 0.983421 -0.127977 0.217425 0.967651 -0.165496 0.290458 0.942468 -0.156602 0.280539 0.946981 -0.228425 0.552052 0.80191 -0.19936 0.426574 0.882207 -0.181174 0.341324 0.92232 -0.128002 0.148413 0.980606 -0.364279 -0.119085 -0.923645 -0.472667 -0.177925 -0.863092 -0.512173 -0.137443 -0.847814 -0.776307 -0.213053 -0.593258 -0.847071 -0.217479 -0.484946 -0.858747 -0.163297 -0.485684 -0.647543 -0.152141 -0.746687 -0.523334 -0.0918678 -0.847161 -0.587471 -0.193368 -0.785803 -0.689399 -0.205078 -0.694746 -0.664279 -0.0513241 -0.74572 -0.773899 -0.108838 -0.623886 -0.779739 -0.0549674 -0.623687 -0.34803 -0.158955 -0.923909 -0.657975 -0.101801 -0.746127 -0.530057 -0.0462239 -0.846701 -0.764279 -0.162471 -0.624084 -0.666406 3.00134e-07 -0.745589 -0.867066 -0.109557 -0.485998 -0.78173 1.65493e-07 -0.623617 -0.872145 -0.0554109 -0.4861 -0.873892 2.79215e-16 -0.486121 -0.532306 1.67821e-07 -0.846552 -0.385367 -3.0933e-14 -0.922763 -0.383026 -0.0399109 -0.922875 -0.375984 -0.0795145 -0.923208 -0.657975 -0.101801 0.746127 -0.523334 -0.0918678 0.847161 -0.530057 -0.0462239 0.846701 -0.666406 3.00162e-07 0.745589 -0.779739 -0.0549674 0.623687 -0.664279 -0.0513241 0.74572 -0.689399 -0.205078 0.694746 -0.647543 -0.152141 0.746687 -0.764279 -0.162471 0.624084 -0.375984 -0.0795145 0.923208 -0.512173 -0.137443 0.847814 -0.858747 -0.163297 0.485684 -0.847071 -0.217479 0.484946 -0.776307 -0.213053 0.593258 -0.383026 -0.0399109 0.922875 -0.385367 -4.91521e-14 0.922763 -0.364279 -0.119085 0.923645 -0.34803 -0.158955 0.923909 -0.472667 -0.177925 0.863092 -0.532306 1.67838e-07 0.846552 -0.872145 -0.0554109 0.4861 -0.867066 -0.109557 0.485998 -0.78173 1.65517e-07 0.623617 -0.873892 1.70103e-14 0.486121 -0.773899 -0.108838 0.623886 -0.587471 -0.193368 0.785803 -0.532306 -4.48051e-07 0.846552 -0.524332 0.0618216 0.849267 -0.65744 0.0805153 0.749193 -0.772086 0.0969468 0.62808 -0.742468 0.192527 0.641618 -0.855539 0.149154 0.495788 -0.500117 0.122925 0.857189 -0.351253 0.0934311 0.931607 -0.440962 0.16797 0.881668 -0.630019 0.15994 0.759931 -0.548856 0.207348 0.809793 -0.645713 0.241494 0.724387 -0.32507 0.123742 0.937559 -0.798285 0.293999 0.525648 -0.832116 0.222295 0.508103 -0.729292 0.270317 0.628539 -0.666406 -7.86893e-07 0.745589 -0.86938 0.0745073 0.488495 -0.78173 -4.26688e-07 0.623617 -0.873892 -1.08341e-14 0.486121 -0.370213 0.0624676 0.926844 -0.381586 0.0311582 0.923808 -0.385367 -6.41729e-14 0.922763 -0.570382 0.782694 -0.249107 -0.455823 0.838998 -0.297168 -0.451153 0.870424 -0.197035 -0.250005 0.936721 0.245055 -0.287779 0.936721 0.199343 -0.160433 0.979952 0.118131 -0.733717 0.675692 0.0714078 -0.711138 0.675692 0.194223 -0.817815 0.552052 0.162532 -0.491007 0.870424 -0.035699 -0.604244 0.782694 -0.149261 -0.477937 0.870424 -0.118061 -0.474909 0.870424 0.129705 -0.619479 0.782694 0.06029 -0.489988 0.870424 0.0476873 -0.117999 0.979952 0.16053 -0.140821 0.979952 0.140936 -0.564124 0.782694 0.262971 -0.446204 0.870424 0.208001 -0.404695 0.870424 0.280329 -0.351574 0.870424 0.344613 -0.511645 0.782694 0.354413 -0.735243 0.675692 -0.0534563 -0.833035 0.552052 0.0359383 -0.534351 0.769556 -0.349647 -0.608337 0.692299 -0.388134 -0.60306 0.692299 -0.396284 -0.612274 0.689273 -0.387327 -0.675566 0.675692 -0.295044 -0.626877 0.672527 -0.393361 -0.367913 0.898591 -0.23911 -0.320816 0.936721 -0.140112 -0.271369 0.946263 -0.175915 -0.167277 0.979952 -0.108222 -0.181662 0.979952 -0.0818066 -0.805134 0.552052 -0.21679 -0.762666 0.552052 -0.337015 -0.680712 0.592294 -0.431068 -0.661286 0.624409 -0.41571 -0.828774 0.552052 -0.0914957 -0.715672 0.675692 -0.176787 -0.702363 0.552052 -0.449359 -0.620768 0.782694 -0.0451333 -0.668154 0.675692 0.311465 -0.783472 0.552052 0.285325 -0.600416 0.782694 0.163983 -0.605997 0.675692 0.41977 -0.730807 0.552052 0.401446 -0.444486 0.782694 0.435686 -0.526453 0.675692 0.51603 -0.300729 0.804988 0.511426 -0.329543 0.733499 0.594458 -0.364572 0.782694 0.504457 -0.431802 0.675692 0.597484 -0.358569 0.616562 0.700914 -0.367329 0.552052 0.748537 -0.477165 0.552052 0.683778 -0.345989 0.677171 0.649408 -0.339862 0.936721 -0.0839533 -0.191907 0.979952 -0.0535265 -0.349156 0.936721 -0.0253856 -0.197778 0.979952 -0.0240265 -0.199141 0.979952 0.00602123 -0.348432 0.936721 0.0339105 -0.195965 0.979952 0.0359317 -0.337709 0.936721 0.0922337 -0.188323 0.979952 0.0650232 -0.317296 0.936721 0.14791 -0.661054 0.552052 0.508179 -0.176388 0.979952 0.0926327 -0.575842 0.552052 0.603029 -0.288364 0.870424 0.399009 -0.191124 0.94093 0.279504 -0.25238 0.882199 0.39753 -0.339975 0.552052 -0.761351 -0.444636 0.552052 -0.705363 -0.464801 0.342097 -0.816658 -0.18052 0.342097 -0.922162 -0.228425 0.552052 -0.80191 -0.326944 0.342097 -0.880953 -0.728103 0.552052 -0.40633 -0.792522 0.342097 -0.504855 -0.652074 0.552052 -0.519652 -0.70068 0.342097 -0.626113 -0.540287 0.552052 -0.635081 -0.624989 0.552052 -0.55193 -0.82014 0.552052 -0.150361 -0.833682 0.552052 -0.0145709 -0.936582 0.342097 -0.0760563 -0.863595 0.342097 -0.370368 -0.78463 0.552052 -0.282124 -0.912039 0.342097 -0.226176 -0.863596 0.342097 0.370368 -0.79401 0.552052 0.254533 -0.741858 0.552052 0.380638 -0.912039 0.342097 0.226176 -0.936582 0.342097 0.0760563 -0.824893 0.552052 0.12161 -0.70068 0.342097 0.626113 -0.669834 0.552052 0.496548 -0.57987 0.552052 0.599157 -0.792522 0.342097 0.504855 -0.474372 0.552052 0.685718 -0.590477 0.342097 0.730963 -0.356169 0.552052 0.753911 -0.464801 0.342097 0.816658 -0.326944 0.342097 0.880953 -0.228425 0.552052 0.80191 -0.18052 0.342097 0.922162 -0.669814 0.49643 -0.552183 -0.590477 0.342097 -0.730963 -0.660137 0.496392 -0.56375 0.569184 -0.651293 0.501844 0.676147 -0.544358 0.496487 0.686816 -0.559477 0.463972 0.679041 -0.571874 0.460287 0.0550923 -0.907906 0.415538 0.182719 -0.85176 0.491039 0.187564 -0.872516 0.45115 0.701916 -0.534372 0.470914 0.709242 -0.521673 0.474166 0.694441 -0.546975 0.467515 0.46167 -0.763233 0.452036 0.449193 -0.743317 0.495687 0.657373 -0.528146 0.537515 0.743625 -0.456865 0.488157 0.756338 -0.430396 0.492658 0.750055 -0.443666 0.490487 0.054489 -0.889232 0.4542 0.177595 -0.829743 0.529138 0.746828 -0.414019 0.520419 0.552727 -0.63207 0.543121 0.436056 -0.722241 0.536865 0.768465 -0.403654 0.496512 0.762474 -0.417058 0.494667 0.801419 -0.321971 0.504046 0.726054 -0.401062 0.558565 0.806426 -0.30816 0.504693 0.637845 -0.511214 0.576033 0.811298 -0.294294 0.505161 0.798278 -0.285238 0.530464 0.825126 -0.252352 0.505457 0.829479 -0.238249 0.505175 0.820646 -0.266392 0.505546 0.816037 -0.280371 0.505446 0.8418 -0.195528 0.503132 0.837813 -0.209844 0.504018 0.833707 -0.224082 0.504697 0.849426 -0.166627 0.500711 0.845671 -0.181123 0.502031 0.776584 -0.276386 0.566152 0.329066 -0.837888 0.435498 0.320437 -0.81758 0.478417 0.584837 -0.669489 0.457985 0.671117 -0.584161 0.456462 0.10497 -0.445538 0.889088 0.0436171 -0.518849 0.853753 0.0422041 -0.486786 0.872501 0.337093 -0.856704 0.390419 0.620464 -0.65537 0.430715 0.629283 -0.643811 0.435327 0.611461 -0.666821 0.425987 0.602263 -0.678171 0.421146 0.473338 -0.781768 0.405944 0.637943 -0.632135 0.439812 0.592862 -0.68942 0.41619 0.0677976 -0.153753 0.985781 0.0357758 -0.170294 0.984744 0.0645792 -0.117434 0.990979 0.553243 -0.733264 0.395279 0.542832 -0.743905 0.389792 0.56345 -0.72249 0.400665 0.510348 -0.774986 0.372749 0.521388 -0.76477 0.378524 0.192054 -0.891874 0.409482 0.196166 -0.909673 0.36608 0.0557895 -0.940739 0.33451 0.487601 -0.794968 0.360931 0.499088 -0.785052 0.366884 0.344446 -0.873805 0.343252 0.199902 -0.925736 0.321019 0.0559919 -0.954695 0.292272 0.41245 -0.851594 0.323533 0.398566 -0.860601 0.317035 0.451614 -0.823823 0.342581 0.438986 -0.83318 0.336307 0.354171 -0.88672 0.297136 0.338314 -0.895114 0.290369 0.384257 -0.869457 0.310471 0.369471 -0.878165 0.303838 0.203267 -0.939888 0.274396 0.321833 -0.903344 0.283536 0.304631 -0.911413 0.276634 0.155095 -0.96157 0.226557 0.0561908 -0.966874 0.248993 0.248555 -0.934294 0.25557 0.268109 -0.926892 0.262656 0.22798 -0.941442 0.24842 0.206101 -0.948337 0.241202 0.125134 -0.967624 0.21919 0.0920726 -0.972947 0.211887 0.0564253 -0.977184 0.204763 0.181961 -0.955079 0.233909 0.286756 -0.919264 0.269676 0.425942 -0.842438 0.329956 0.463888 -0.814349 0.348775 0.532215 -0.754409 0.384206 0.774312 -0.390187 0.498192 0.422419 -0.700198 0.575573 0.535651 -0.612013 0.581823 0.780015 -0.376659 0.499705 0.408463 -0.677352 0.611844 0.518131 -0.591303 0.617982 0.617718 -0.493749 0.612075 0.704503 -0.387664 0.594469 0.394365 -0.65386 0.645711 0.500329 -0.570108 0.65165 0.597151 -0.475938 0.645674 0.682334 -0.374037 0.628105 0.482287 -0.548476 0.683061 0.380078 -0.629821 0.677397 0.659701 -0.360079 0.65965 0.576253 -0.457757 0.677046 0.365739 -0.605383 0.706927 0.464148 -0.526562 0.712249 0.555164 -0.439354 0.70623 0.636725 -0.345917 0.689146 0.351496 -0.580727 0.734307 0.446068 -0.504536 0.739234 0.534048 -0.420889 0.733242 0.613581 -0.331702 0.716584 0.428048 -0.482388 0.764249 0.512932 -0.402329 0.758309 0.590313 -0.317377 0.74216 0.491806 -0.383636 0.781633 0.410072 -0.460086 0.787504 0.337324 -0.555866 0.759754 0.392321 -0.437833 0.808941 0.470845 -0.365026 0.803157 0.32319 -0.53076 0.783481 0.309286 -0.505604 0.805423 0.295527 -0.480309 0.825813 0.374717 -0.415528 0.828809 0.449978 -0.34639 0.823125 0.35723 -0.393128 0.847253 0.281869 -0.454876 0.844771 0.4292 -0.327648 0.841685 0.268747 -0.429931 0.861936 0.340333 -0.371154 0.863955 0.409017 -0.30921 0.858542 0.255631 -0.404819 0.877938 0.323594 -0.349084 0.879447 0.38908 -0.290673 0.874143 0.307054 -0.326971 0.89376 0.242627 -0.379566 0.892783 0.369379 -0.272129 0.888541 0.229834 -0.354206 0.906484 0.29076 -0.304863 0.906928 0.349912 -0.253648 0.901789 0.217338 -0.328776 0.919059 0.274762 -0.282794 0.918985 0.330701 -0.235273 0.913938 0.243895 -0.238868 0.939924 0.293258 -0.198852 0.935124 0.259118 -0.260792 0.929971 0.311789 -0.217015 0.925036 0.229178 -0.21702 0.948883 0.27524 -0.180719 0.944237 0.205216 -0.303321 0.930528 0.257677 -0.162188 0.952522 0.214819 -0.194873 0.957015 0.193527 -0.277893 0.940916 0.200925 -0.172413 0.964315 0.240766 -0.143474 0.95992 0.182315 -0.252559 0.95025 0.187664 -0.149759 0.970749 0.175109 -0.126702 0.976362 0.20928 -0.105554 0.972142 0.171334 -0.226991 0.958707 0.0620933 -0.0798289 0.994873 0.0898677 -0.0710821 0.993414 0.160597 -0.200933 0.966351 0.0860752 -1.90348e-08 0.996289 0.060596 -0.0406421 0.997335 0.0601613 -6.42417e-09 0.998189 0.150331 -0.17452 0.97311 0.140651 -0.14764 0.978989 0.0363987 -0.208689 0.977304 0.0712098 -0.188682 0.979453 0.0870207 -0.0361637 0.99555 0.224621 -0.124694 0.966435 0.261088 -0.0994031 0.960183 0.0341501 -0.0450821 0.998399 0.0342331 1.28606e-13 0.999414 0.24308 -0.084246 0.966341 0.17267 -0.0444959 0.983974 0.19998 -0.0355556 0.979155 0.182646 -0.0653258 0.981006 0.22629 -0.0682654 0.971665 0.195016 -0.0856251 0.977055 0.217826 -0.0133934 0.975896 0.251704 -0.0161245 0.96767 0.227085 -0.0265948 0.973512 0.211749 -0.052112 0.975934 0.239789 9.93441e-14 0.970825 0.242874 -0.00795775 0.970025 0.21451 -5.96699e-09 0.976722 0.475874 -0.804733 0.354894 0.055513 -0.925108 0.375624 0.583259 -0.700562 0.411123 0.573455 -0.711588 0.405947 0.646456 -0.620327 0.444172 0.654824 -0.608393 0.448402 0.663044 -0.596336 0.452499 0.723443 -0.496001 0.480222 0.716417 -0.508882 0.477269 0.311295 -0.795984 0.519139 0.737046 -0.469989 0.485668 0.730319 -0.483036 0.483022 0.0537275 -0.869165 0.491595 0.172345 -0.806552 0.565483 0.301763 -0.773275 0.55766 0.785576 -0.363072 0.501049 0.790996 -0.349428 0.502221 0.796276 -0.335727 0.503221 0.0529274 -0.847741 0.527763 0.167187 -0.782351 0.59998 0.292015 -0.749584 0.594012 0.0523241 -0.825126 0.56252 0.161888 -0.757245 0.63275 0.282248 -0.72507 0.62818 0.828924 -0.16248 0.535243 0.754088 -0.267409 0.59987 0.0516077 -0.801387 0.595916 0.156544 -0.731341 0.663803 0.272319 -0.699849 0.660344 0.807558 -0.158327 0.568139 0.730951 -0.258123 0.63173 0.0508476 -0.776591 0.62795 0.151287 -0.704823 0.693063 0.262349 -0.674055 0.690524 0.78535 -0.153861 0.599627 0.707273 -0.248631 0.661777 0.0501649 -0.750916 0.65849 0.146052 -0.67774 0.720651 0.252477 -0.647874 0.71869 0.762419 -0.149217 0.629644 0.683226 -0.239072 0.689961 0.0494849 -0.724414 0.687587 0.14075 -0.65001 0.746777 0.242658 -0.621338 0.745021 0.738971 -0.144514 0.658056 0.658875 -0.229372 0.71643 0.0486836 -0.696969 0.715447 0.135586 -0.621806 0.771345 0.23283 -0.594394 0.769731 0.566916 -0.302892 0.76607 0.715075 -0.13962 0.684963 0.634202 -0.219456 0.741368 0.0479642 -0.668742 0.741946 0.130482 -0.593083 0.794498 0.223197 -0.567223 0.792743 0.543552 -0.288472 0.788248 0.609363 -0.209557 0.764698 0.690799 -0.134533 0.710421 0.047258 -0.639709 0.767163 0.125379 -0.563931 0.816249 0.213675 -0.539758 0.814251 0.520168 -0.274007 0.808916 0.584324 -0.19957 0.786599 0.666233 -0.129426 0.734427 0.0465069 -0.610003 0.791033 0.120638 -0.535157 0.836094 0.204208 -0.512045 0.834332 0.496785 -0.25939 0.828204 0.559132 -0.189366 0.807163 0.616107 -0.118717 0.778664 0.641328 -0.124203 0.757148 0.0460428 -0.580493 0.812962 0.115504 -0.50582 0.854871 0.195193 -0.484806 0.852562 0.473936 -0.244913 0.845814 0.53434 -0.179123 0.826073 0.591048 -0.113044 0.798676 0.0449832 -0.550099 0.833887 0.0952856 -0.383474 0.918623 0.0409619 -0.453989 0.890065 0.0400488 -0.420587 0.906368 0.185993 -0.457246 0.869674 0.451348 -0.230277 0.862124 0.509736 -0.168623 0.843644 0.565995 -0.107006 0.817434 0.110212 -0.475936 0.872547 0.17678 -0.429378 0.885654 0.428964 -0.215622 0.87721 0.485237 -0.158057 0.859979 0.540883 -0.100828 0.835032 0.0871712 -0.320638 0.943182 0.0395398 -0.386775 0.921326 0.0393895 -0.352849 0.934851 0.167708 -0.401231 0.900493 0.406751 -0.201046 0.891142 0.460784 -0.14756 0.87516 0.515667 -0.0946781 0.851542 0.0999527 -0.414685 0.904459 0.158906 -0.372851 0.914183 0.384704 -0.186606 0.903981 0.436356 -0.137203 0.889252 0.490331 -0.088653 0.867015 0.0790728 -0.256306 0.963356 0.0390551 -0.318584 0.94709 0.0381777 -0.282966 0.95837 0.150473 -0.344305 0.926721 0.411989 -0.126989 0.902296 0.362861 -0.172305 0.915774 0.464924 -0.0827791 0.881472 0.091033 -0.352053 0.931543 0.142468 -0.315694 0.938105 0.387801 -0.116844 0.914307 0.34132 -0.158092 0.926557 0.439571 -0.0769987 0.894901 0.0372034 -0.246256 0.96849 0.134896 -0.287156 0.948338 0.36403 -0.106599 0.925267 0.320266 -0.143847 0.936343 0.414514 -0.071161 0.907256 0.0832584 -0.288975 0.953709 0.127416 -0.258402 0.957598 0.340781 -0.0956994 0.935259 0.299724 -0.129081 0.945253 0.390025 -0.0648646 0.918517 0.113395 -0.0316524 0.993046 0.117579 -0.0622702 0.991109 0.119929 -0.228931 0.966027 0.366222 -0.0581053 0.928712 0.318408 -0.0847688 0.944156 0.279973 -0.114223 0.953188 0.0749858 -0.222839 0.971967 0.112733 -0.198904 0.973513 0.343417 -0.0516923 0.937759 0.29696 -0.0739617 0.952021 0.240595 -0.0388627 0.969847 0.264895 -0.0236189 0.963988 0.105989 -0.168317 0.980018 0.321431 -0.0452518 0.945851 0.276427 -0.0628324 0.958979 0.131707 -0.120017 0.983997 0.163468 -0.102887 0.981169 0.0997958 -0.136983 0.985534 0.300443 -0.0383063 0.95303 0.257227 -0.0508414 0.965013 0.0348848 -0.130179 0.990877 0.12385 -0.0915683 0.988067 0.153331 -0.0784844 0.985053 0.09425 -0.104558 0.990043 0.281235 -0.0307497 0.959146 0.0342919 -0.0885001 0.995486 0.145192 -0.0534045 0.987961 0.139692 -0.0271141 0.989824 0.165881 -0.0225543 0.985888 0.191935 -0.0179788 0.981243 0.111948 -2.95604e-08 0.993714 0.137755 -3.32769e-08 0.990466 0.163468 -2.88446e-08 0.986549 0.189062 -1.81234e-08 0.981965 0.473338 -0.781768 -0.405944 0.573472 -0.711569 -0.405954 0.583275 -0.700545 -0.41113 0.487624 -0.794949 -0.360942 0.344446 -0.873805 -0.343252 0.563469 -0.722471 -0.400673 0.532235 -0.75439 -0.384215 0.542852 -0.743886 -0.389801 0.553263 -0.733245 -0.395288 0.521409 -0.764751 -0.378534 0.51037 -0.774967 -0.372759 0.499111 -0.785033 -0.366894 0.463911 -0.814331 -0.348786 0.475896 -0.804714 -0.354905 0.425965 -0.842422 -0.329969 0.439016 -0.833159 -0.336319 0.451647 -0.823799 -0.342592 0.199902 -0.925736 -0.321019 0.0559919 -0.954695 -0.292272 0.0561908 -0.966874 -0.248993 0.412488 -0.851571 -0.323545 0.203267 -0.939888 -0.274396 0.338362 -0.895092 -0.290382 0.398607 -0.860577 -0.31705 0.369512 -0.878143 -0.303851 0.384293 -0.869435 -0.310485 0.35422 -0.886696 -0.297151 0.304705 -0.911382 -0.276653 0.321878 -0.903325 -0.283546 0.268259 -0.926844 -0.262673 0.286847 -0.91923 -0.269694 0.228296 -0.941359 -0.248443 0.248819 -0.934217 -0.255592 0.206345 -0.94828 -0.241219 0.182061 -0.955059 -0.233916 0.155027 -0.961583 -0.226548 0.124971 -0.967651 -0.219166 0.0564253 -0.977184 -0.204763 0.0920293 -0.972951 -0.21189 0.337093 -0.856704 -0.390419 0.584837 -0.669489 -0.457985 0.592878 -0.689403 -0.416197 0.602279 -0.678153 -0.421152 0.61148 -0.666799 -0.425994 0.329066 -0.837888 -0.435498 0.196166 -0.909673 -0.36608 0.620483 -0.655347 -0.430721 0.629304 -0.643788 -0.435331 0.637965 -0.632107 -0.43982 0.646467 -0.620313 -0.444177 0.663055 -0.596321 -0.452504 0.654834 -0.608379 -0.448406 0.46167 -0.763233 -0.452036 0.569184 -0.651293 -0.501844 0.686825 -0.559462 -0.463976 0.676147 -0.544358 -0.496487 0.671127 -0.584147 -0.456466 0.679051 -0.571859 -0.460291 0.69445 -0.54696 -0.467518 0.701925 -0.534358 -0.470917 0.709251 -0.521659 -0.474168 0.716426 -0.508868 -0.477271 0.723451 -0.495987 -0.480224 0.449193 -0.743317 -0.495687 0.730327 -0.483023 -0.483024 0.737054 -0.469976 -0.485669 0.743632 -0.456852 -0.488158 0.746828 -0.414019 -0.520419 0.756345 -0.430384 -0.492659 0.762481 -0.417046 -0.494667 0.657373 -0.528146 -0.537515 0.768471 -0.403643 -0.496513 0.436056 -0.722241 -0.536865 0.320437 -0.81758 -0.478417 0.774317 -0.390176 -0.498192 0.78002 -0.376648 -0.499705 0.791 -0.349418 -0.502221 0.785581 -0.363062 -0.501048 0.801423 -0.321963 -0.504045 0.726054 -0.401062 -0.558565 0.79628 -0.335718 -0.50322 0.806429 -0.308152 -0.504692 0.841802 -0.195523 -0.503131 0.776584 -0.276386 -0.566152 0.798278 -0.285238 -0.530464 0.811301 -0.294286 -0.50516 0.820648 -0.266385 -0.505545 0.825127 -0.252347 -0.505456 0.81604 -0.280364 -0.505445 0.616097 -0.118715 -0.778673 0.584324 -0.19957 -0.786599 0.641315 -0.1242 -0.757159 0.837815 -0.209839 -0.504017 0.833709 -0.224078 -0.504696 0.82948 -0.238246 -0.505174 0.845671 -0.181122 -0.502031 0.849426 -0.166627 -0.500711 0.422419 -0.700198 -0.575573 0.311295 -0.795984 -0.519139 0.301763 -0.773275 -0.55766 0.408463 -0.677352 -0.611844 0.828923 -0.16248 -0.535245 0.292015 -0.749584 -0.594012 0.394365 -0.65386 -0.645711 0.535651 -0.612013 -0.581823 0.552727 -0.63207 -0.543121 0.637845 -0.511214 -0.576033 0.380078 -0.629821 -0.677397 0.282248 -0.72507 -0.62818 0.617718 -0.493749 -0.612075 0.518131 -0.591303 -0.617982 0.365739 -0.605383 -0.706927 0.272319 -0.699849 -0.660344 0.597151 -0.475938 -0.645674 0.500329 -0.570108 -0.65165 0.262349 -0.674055 -0.690524 0.351496 -0.580727 -0.734307 0.482287 -0.548476 -0.683061 0.576253 -0.457757 -0.677046 0.337324 -0.555866 -0.759754 0.252477 -0.647874 -0.71869 0.555164 -0.439354 -0.70623 0.464148 -0.526562 -0.712249 0.32319 -0.53076 -0.783481 0.242658 -0.621338 -0.745021 0.534048 -0.420889 -0.733242 0.446068 -0.504536 -0.739234 0.309286 -0.505604 -0.805424 0.23283 -0.594394 -0.769731 0.428048 -0.482388 -0.764249 0.512932 -0.402329 -0.758309 0.295527 -0.480309 -0.825813 0.223197 -0.567223 -0.792743 0.491806 -0.383636 -0.781633 0.410072 -0.460086 -0.787504 0.213675 -0.539758 -0.814251 0.281869 -0.454876 -0.844771 0.470845 -0.365026 -0.803157 0.392321 -0.437833 -0.808942 0.268747 -0.429931 -0.861936 0.204208 -0.512045 -0.834332 0.374717 -0.415528 -0.828809 0.449978 -0.34639 -0.823125 0.255631 -0.404818 -0.877938 0.195193 -0.484807 -0.852562 0.4292 -0.327648 -0.841685 0.35723 -0.393128 -0.847253 0.242627 -0.379566 -0.892783 0.185993 -0.457246 -0.869674 0.340333 -0.371154 -0.863955 0.409017 -0.30921 -0.858542 0.229834 -0.354206 -0.906484 0.17678 -0.429378 -0.885654 0.38908 -0.290673 -0.874143 0.323594 -0.349084 -0.879447 0.217338 -0.328776 -0.919059 0.167708 -0.401231 -0.900493 0.369379 -0.272129 -0.888541 0.307054 -0.326971 -0.89376 0.205216 -0.303321 -0.930528 0.158906 -0.372851 -0.914183 0.29076 -0.304863 -0.906928 0.349912 -0.253648 -0.901789 0.20928 -0.105554 -0.972142 0.187664 -0.149759 -0.970749 0.224621 -0.124694 -0.966435 0.330701 -0.235273 -0.913938 0.274762 -0.282794 -0.918985 0.150473 -0.344305 -0.926721 0.193527 -0.277893 -0.940916 0.311789 -0.217015 -0.925036 0.259118 -0.260792 -0.929971 0.182315 -0.252559 -0.95025 0.142468 -0.315694 -0.938105 0.243895 -0.238868 -0.939924 0.293258 -0.198852 -0.935124 0.171334 -0.226991 -0.958707 0.134896 -0.287156 -0.948338 0.27524 -0.180719 -0.944237 0.229178 -0.21702 -0.948883 0.127416 -0.258402 -0.957598 0.160597 -0.200933 -0.966351 0.257677 -0.162188 -0.952522 0.214819 -0.194873 -0.957015 0.24308 -0.084246 -0.966341 0.200925 -0.172413 -0.964315 0.240766 -0.143474 -0.95992 0.257227 -0.0508414 -0.965013 0.281223 -0.0307448 -0.95915 0.240595 -0.0388627 -0.969847 0.276427 -0.0628323 -0.958979 0.300448 -0.0383084 -0.953028 0.182646 -0.0653258 -0.981006 0.17267 -0.0444959 -0.983974 0.153331 -0.0784845 -0.985053 0.189062 -1.80544e-08 -0.981965 0.191935 -0.0179788 -0.981243 0.21451 -5.92279e-09 -0.976722 0.242876 -0.00795999 -0.970025 0.217826 -0.0133934 -0.975896 0.239789 7.69506e-14 -0.970825 0.150331 -0.17452 -0.97311 0.119929 -0.228931 -0.966027 0.175109 -0.126702 -0.976362 0.0677976 -0.153753 -0.985781 0.0997958 -0.136983 -0.985534 0.09425 -0.104558 -0.990043 0.140651 -0.14764 -0.978989 0.112733 -0.198904 -0.973513 0.0870207 -0.0361638 -0.99555 0.0605961 -0.0406422 -0.997335 0.0620934 -0.0798289 -0.994873 0.0348848 -0.130179 -0.990877 0.0645792 -0.117434 -0.990979 0.0342331 -2.51231e-13 -0.999414 0.0341501 -0.0450821 -0.998399 0.0601614 -6.40585e-09 -0.998189 0.0342919 -0.0885 -0.995486 0.0557895 -0.940739 -0.33451 0.192054 -0.891874 -0.409482 0.055513 -0.925108 -0.375624 0.187564 -0.872516 -0.45115 0.750062 -0.443654 -0.490488 0.182719 -0.85176 -0.491039 0.0550923 -0.907906 -0.415538 0.609363 -0.209557 -0.764698 0.177595 -0.829743 -0.529138 0.054489 -0.889232 -0.4542 0.754088 -0.267409 -0.59987 0.704503 -0.387664 -0.594469 0.172345 -0.806552 -0.565483 0.0537275 -0.869165 -0.491595 0.807553 -0.158326 -0.568147 0.730951 -0.258123 -0.63173 0.682334 -0.374037 -0.628105 0.167187 -0.782351 -0.59998 0.0529274 -0.847741 -0.527763 0.785359 -0.153863 -0.599614 0.707273 -0.248631 -0.661777 0.659701 -0.360079 -0.65965 0.161888 -0.757245 -0.63275 0.0523241 -0.825126 -0.56252 0.762426 -0.149218 -0.629635 0.683226 -0.239072 -0.689961 0.636725 -0.345917 -0.689146 0.156544 -0.731341 -0.663803 0.0516077 -0.801387 -0.595916 0.738976 -0.144515 -0.65805 0.658875 -0.229372 -0.71643 0.613581 -0.331702 -0.716584 0.151287 -0.704823 -0.693063 0.0508476 -0.776591 -0.62795 0.715078 -0.139621 -0.684959 0.634202 -0.219456 -0.741368 0.590313 -0.317377 -0.74216 0.146053 -0.67774 -0.720651 0.0501649 -0.750916 -0.65849 0.690782 -0.134529 -0.710438 0.566916 -0.302892 -0.76607 0.14075 -0.65001 -0.746777 0.0494849 -0.724414 -0.687587 0.666214 -0.129422 -0.734444 0.543552 -0.288472 -0.788248 0.135586 -0.621806 -0.771345 0.0486836 -0.696969 -0.715447 0.559132 -0.189366 -0.807163 0.520168 -0.274007 -0.808916 0.130482 -0.593083 -0.794498 0.0479642 -0.668742 -0.741946 0.591048 -0.113044 -0.798676 0.53434 -0.179123 -0.826073 0.496785 -0.25939 -0.828204 0.047258 -0.639709 -0.767163 0.125379 -0.563931 -0.816249 0.566003 -0.107008 -0.817429 0.509736 -0.168623 -0.843644 0.473936 -0.244913 -0.845814 0.0465069 -0.610003 -0.791033 0.120638 -0.535157 -0.836094 0.540888 -0.10083 -0.835029 0.485237 -0.158057 -0.859979 0.451348 -0.230277 -0.862124 0.0460428 -0.580493 -0.812962 0.115504 -0.50582 -0.854871 0.515668 -0.0946784 -0.851541 0.460784 -0.14756 -0.87516 0.428964 -0.215622 -0.87721 0.110212 -0.475936 -0.872547 0.0449832 -0.550099 -0.833887 0.490336 -0.0886542 -0.867012 0.436356 -0.137203 -0.889252 0.406751 -0.201046 -0.891142 0.0436171 -0.518849 -0.853753 0.10497 -0.445538 -0.889088 0.464931 -0.0827807 -0.881468 0.411989 -0.126989 -0.902296 0.384704 -0.186606 -0.903981 0.0999527 -0.414685 -0.904459 0.0422041 -0.486786 -0.872501 0.439576 -0.0769998 -0.894899 0.387801 -0.116844 -0.914307 0.362861 -0.172305 -0.915774 0.0409619 -0.45399 -0.890065 0.0952856 -0.383474 -0.918623 0.414511 -0.0711603 -0.907258 0.36403 -0.106599 -0.925267 0.34132 -0.158092 -0.926557 0.091033 -0.352053 -0.931543 0.0400488 -0.420587 -0.906368 0.390016 -0.0648622 -0.918521 0.340781 -0.0956994 -0.935259 0.320266 -0.143847 -0.936343 0.0395398 -0.386775 -0.921326 0.0871712 -0.320638 -0.943182 0.366206 -0.0581009 -0.928718 0.318408 -0.0847688 -0.944156 0.299724 -0.129081 -0.945253 0.0393895 -0.352849 -0.934851 0.0832584 -0.288975 -0.953709 0.343409 -0.0516899 -0.937762 0.29696 -0.0739617 -0.952021 0.279973 -0.114223 -0.953188 0.0790728 -0.256306 -0.963356 0.0390551 -0.318584 -0.94709 0.321443 -0.0452554 -0.945847 0.261088 -0.0994031 -0.960183 0.0381777 -0.282966 -0.95837 0.0749858 -0.222839 -0.971967 0.264865 -0.0236044 -0.963997 0.227085 -0.0265948 -0.973512 0.131707 -0.120017 -0.983997 0.105989 -0.168317 -0.980018 0.0372034 -0.246256 -0.96849 0.0712098 -0.188682 -0.979453 0.195017 -0.0856251 -0.977055 0.22629 -0.0682654 -0.971665 0.163468 -0.102887 -0.981169 0.0363987 -0.208689 -0.977304 0.211749 -0.052112 -0.975934 0.12385 -0.0915683 -0.988067 0.0357758 -0.170294 -0.984744 0.251712 -0.0161302 -0.967668 0.145192 -0.0534045 -0.987961 0.19998 -0.0355556 -0.979155 0.117579 -0.0622703 -0.991109 0.0898677 -0.0710821 -0.993414 0.113396 -0.0316525 -0.993046 0.165881 -0.0225543 -0.985888 0.139692 -0.0271141 -0.989824 0.163468 -2.8767e-08 -0.986549 0.137755 -3.32038e-08 -0.990466 0.111948 -2.95013e-08 -0.993714 0.0860752 -1.89952e-08 -0.996289 -0.805134 0.552052 -0.21679 -0.78463 0.552052 -0.282124 -0.762666 0.552052 -0.337015 -0.728103 0.552052 -0.40633 -0.702363 0.552052 -0.449359 -0.828774 0.552052 -0.0914956 -0.82014 0.552052 -0.150361 -0.684295 0.552052 -0.476422 -0.824893 0.552052 0.12161 -0.817815 0.552052 0.162532 -0.79401 0.552052 0.254533 -0.833035 0.552052 0.0359384 -0.833682 0.552052 -0.0145711 -0.661054 0.552052 0.508179 -0.57987 0.552052 0.599157 -0.669835 0.552052 0.496548 -0.730807 0.552052 0.401446 -0.741858 0.552052 0.380638 -0.783472 0.552052 0.285325 -0.367329 0.552052 0.748537 -0.474372 0.552052 0.685718 -0.477165 0.552052 0.683778 -0.575842 0.552052 0.603029 -0.228425 0.552052 0.80191 -0.356169 0.552052 0.753911 -0.299539 0.552052 0.778148 -0.667293 0.552052 -0.499958 -0.652074 0.552052 -0.519652 -0.660373 0.552052 -0.509063 1 0 -5.55112e-17 1 0 -5.55112e-17 1 0 -5.55112e-17 1 0 -5.55112e-17 1 0 -5.55112e-17 1 0 -5.55112e-17 1 0 -5.55112e-17 1 0 -5.55112e-17 1 0 -5.55112e-17 1 0 -5.55112e-17 1 0 -5.55112e-17 1 0 -5.55112e-17 1 0 -5.55112e-17 1 0 -5.55112e-17 1 0 -5.55112e-17 1 0 -5.55112e-17 1 0 -5.55112e-17 1 0 -5.55112e-17 1 0 -5.55112e-17 1 0 -5.55112e-17 1 0 -5.55112e-17 1 0 -5.55112e-17 1 0 -5.55112e-17 1 0 -5.55112e-17 1 0 -5.55112e-17 1 0 -5.55112e-17 1 0 -5.55112e-17 1 0 -5.55112e-17 1 0 -5.55112e-17 1 0 -5.55112e-17 1 0 -5.55112e-17 1 0 -5.55112e-17 1 0 -5.55112e-17 1 0 -5.55112e-17 1 0 -5.55112e-17 1 0 -5.55112e-17 1 0 -5.55112e-17 1 0 -5.55112e-17 1 0 -5.55112e-17 1 0 -5.55112e-17 1 0 -5.55112e-17 1 0 -5.55112e-17 1 0 -5.55112e-17 1 0 -5.55112e-17 1 0 -5.55112e-17 1 0 -5.55112e-17 1 0 -5.55112e-17 1 0 -5.55112e-17 1 0 -5.55112e-17 1 0 -5.55112e-17 1 0 -5.55112e-17 1 0 -5.55112e-17 1 0 -5.55112e-17 1 0 -5.55112e-17 1 0 -5.55112e-17 1 0 -5.55112e-17 1 0 -5.55112e-17 1 0 -5.55112e-17 1 0 -5.55112e-17 1 0 -5.55112e-17 1 0 -5.55112e-17 1 0 -5.55112e-17 1 0 -5.55112e-17 1 0 -5.55112e-17 1 0 -5.55112e-17 1 0 -5.55112e-17 1 0 -5.55112e-17 1 0 -5.55112e-17 1 0 -5.55112e-17 1 0 -5.55112e-17 1 0 -5.55112e-17 1 0 -5.55112e-17 1 0 -5.55112e-17 1 0 -5.55112e-17 1 0 -5.55112e-17 -0.0443496 -0.99863 0.0277879 -0.0438139 -0.99863 0.028625 -0.0432028 -0.99863 0.0295393 4.57424e-09 -0.99863 -0.052336 -0.00861422 -0.99863 -0.0516222 5.00034e-05 -0.99863 -0.0523359 -0.0407401 -0.99863 0.0328527 -0.0419881 -0.99863 0.0312419 -0.0385048 -0.99863 0.0354462 -0.0394677 -0.99863 0.0343709 -0.0321454 -0.99863 0.0413004 -0.0336655 -0.99863 0.040071 -0.0249092 -0.99863 0.0460281 -0.0270502 -0.99863 0.0448033 -0.0190289 -0.99863 0.048754 -0.0169934 -0.99863 0.0495003 -0.00861422 -0.99863 0.0516222 -0.00965699 -0.99863 0.0514373 1.11959e-12 -0.99863 0.052336 5.00113e-05 -0.99863 0.0523359 0.00458659 -0.99863 0.0521346 0.0074185 -0.99863 0.0518075 0.00908804 -0.99863 0.0515409 0.0146872 -0.99863 0.0502328 0.0154966 -0.99863 0.0499891 0.0216593 -0.99863 0.0476438 0.0216593 -0.99863 0.0476438 -0.0454193 -0.99863 0.0260027 -0.0487677 -0.99863 0.0189937 -0.0479279 -0.99863 0.0210231 -0.0510419 -0.99863 0.0115662 -0.0507345 -0.99863 0.0128477 -0.0521572 -0.99863 0.00432186 -0.0521916 -0.99863 0.00388392 -0.0521572 -0.99863 -0.00432188 -0.0510419 -0.99863 -0.0115662 -0.0521916 -0.99863 -0.00388391 -0.0487677 -0.99863 -0.0189937 -0.0507345 -0.99863 -0.0128477 -0.0479279 -0.99863 -0.0210231 -0.0438139 -0.99863 -0.0286251 -0.0454193 -0.99863 -0.0260027 -0.0432029 -0.99863 -0.0295392 -0.0443497 -0.99863 -0.0277878 -0.0407402 -0.99863 -0.0328525 -0.0419881 -0.99863 -0.0312418 -0.0385048 -0.99863 -0.0354462 -0.0394677 -0.99863 -0.0343709 -0.0336655 -0.99863 -0.040071 -0.0321454 -0.99863 -0.0413004 -0.00965698 -0.99863 -0.0514373 -0.0169935 -0.99863 -0.0495003 -0.0249092 -0.99863 -0.0460281 -0.0270502 -0.99863 -0.0448033 -0.0190289 -0.99863 -0.048754 0.00458747 -0.99863 -0.0521345 0.00908805 -0.99863 -0.0515409 0.00883792 -0.99863 -0.0515843 0.0255056 -0.99863 -0.0457003 0.017422 -0.99863 -0.0493511 0.0178109 -0.99863 -0.049212 0.0445436 -0.99863 -0.0274759 0.039264 -0.99863 -0.0346033 0.0398472 -0.99863 -0.0339302 0.0328567 -0.99863 -0.0407368 0.0260038 -0.99863 -0.0454187 0.0334228 -0.99863 -0.0402737 0.045696 -0.99863 -0.0255132 0.0458446 -0.99863 -0.0252453 0.0453941 -0.99863 -0.0260467 0.0452407 -0.99863 -0.0263122 0.0461366 -0.99863 -0.0247075 0.0459915 -0.99863 -0.0249768 0.0465619 -0.99863 -0.0238965 0.0464219 -0.99863 -0.0241673 0.0462801 -0.99863 -0.0244377 0.0468367 -0.99863 -0.0233533 0.0485437 -0.99863 -0.0195593 0.0467002 -0.99863 -0.0236251 0.0472354 -0.99863 -0.0225359 0.0473647 -0.99863 -0.0222629 0.0469714 -0.99863 -0.0230812 0.0471043 -0.99863 -0.0228087 0.0486646 -0.99863 -0.0192564 0.0487716 -0.99863 -0.0189838 0.0474921 -0.99863 -0.0219898 0.0484451 -0.99863 0.0198022 0.0483325 -0.99863 0.0200755 0.0467699 -0.99863 0.0234868 0.0490814 -0.99863 -0.0181678 0.0491809 -0.99863 -0.0178966 0.0499111 -0.99863 -0.0157459 0.0498263 -0.99863 -0.0160123 0.0487716 -0.99863 0.0189837 0.0486646 -0.99863 0.0192563 0.0500644 -0.99863 0.0152515 0.0511495 -0.99863 -0.0110808 0.0500753 -0.99863 -0.0152157 0.0501546 -0.99863 -0.0149522 0.0499941 -0.99863 -0.0154803 0.0502321 -0.99863 -0.0146898 0.0503077 -0.99863 -0.0144286 0.0494686 -0.99863 0.0170855 0.0495608 -0.99863 0.0168162 0.0498263 -0.99863 0.0160123 0.0499111 -0.99863 0.0157458 0.0503816 -0.99863 -0.0141686 0.0505237 -0.99863 -0.013653 0.0504536 -0.99863 -0.0139101 0.0506586 -0.99863 -0.0131437 0.0505921 -0.99863 -0.0133975 0.0507234 -0.99863 -0.0128915 0.0502321 -0.99863 0.0146897 0.0501546 -0.99863 0.0149521 0.0503816 -0.99863 0.0141686 0.0503078 -0.99863 0.0144285 0.0504536 -0.99863 0.01391 0.0507862 -0.99863 -0.0126418 0.0508471 -0.99863 -0.0123946 0.0505237 -0.99863 0.013653 0.0509062 -0.99863 -0.0121496 0.0509634 -0.99863 -0.0119072 0.0510186 -0.99863 -0.0116686 0.0510717 -0.99863 -0.011434 0.0505921 -0.99863 0.0133975 0.0506587 -0.99863 0.0131434 0.0511227 -0.99863 -0.0112038 0.0507234 -0.99863 0.0128913 0.0507863 -0.99863 0.0126415 0.0508472 -0.99863 0.0123941 0.0509063 -0.99863 0.0121491 0.0509635 -0.99863 0.011907 0.0512611 -0.99863 -0.0105522 0.0512176 -0.99863 -0.0107613 0.0511713 -0.99863 -0.0109795 0.0513018 -0.99863 -0.0103525 0.0510718 -0.99863 0.0114335 0.0510186 -0.99863 0.0116684 0.051339 -0.99863 -0.0101667 0.0519209 -0.99863 0.00657815 0.0511715 -0.99863 0.0109786 0.0511227 -0.99863 0.0112036 0.0513722 -0.99863 -0.00999743 0.0512177 -0.99863 0.0107611 0.0514007 -0.99863 -0.00984986 0.0523308 -0.99863 -0.000736837 0.0522861 -0.99863 -0.00228415 0.052289 -0.99863 -0.00221657 0.0514229 -0.99863 -0.00973343 0.0522893 -0.99863 0.00221049 0.0513021 -0.99863 0.0103509 0.0512614 -0.99863 0.0105507 0.0514385 -0.99863 0.0096508 0.0514673 -0.99863 0.00949602 0.0513394 -0.99863 0.0101644 0.0514012 -0.99863 0.00984748 0.0514229 -0.99863 0.00973329 0.0522016 -0.99863 0.00374797 0.051373 -0.99863 0.00999333 0.052331 -0.99863 0.000722658 0.0519288 -0.99863 0.00651531 0.0517303 -0.99863 0.00793893 0.0519295 -0.99863 -0.00650958 0.0520751 -0.99863 -0.00521902 0.0514385 -0.99863 -0.00965079 0.0517307 -0.99863 -0.00793615 0.0514673 -0.99863 -0.00949602 0.0521993 -0.99863 -0.00377994 0.0520697 -0.99863 0.00527241 0.0500753 -0.99863 0.0152157 0.0499941 -0.99863 0.0154803 0.0497396 -0.99863 0.0162795 0.0496511 -0.99863 0.0165475 0.0493745 -0.99863 0.0173553 0.0492787 -0.99863 0.0176257 0.0491809 -0.99863 0.0178966 0.0490814 -0.99863 0.0181678 0.04898 -0.99863 0.0184394 0.0488767 -0.99863 0.0187114 0.0497396 -0.99863 -0.0162795 0.0495607 -0.99863 -0.0168162 0.0496511 -0.99863 -0.0165475 0.0485558 -0.99863 0.0195292 0.0494686 -0.99863 -0.0170855 0.048218 -0.99863 0.0203489 0.0493745 -0.99863 -0.0173554 0.0481017 -0.99863 0.0206223 0.0492786 -0.99863 -0.0176258 0.0479835 -0.99863 0.0208959 0.04898 -0.99863 -0.0184395 0.0478634 -0.99863 0.0211694 0.0488767 -0.99863 -0.0187115 0.0477415 -0.99863 0.0214429 0.0476178 -0.99863 0.0217164 0.0474922 -0.99863 0.0219897 0.0473647 -0.99863 0.0222629 0.0472354 -0.99863 0.0225359 0.0471043 -0.99863 0.0228087 0.0469714 -0.99863 0.0230811 0.0485558 -0.99863 -0.0195292 0.0468367 -0.99863 0.0233533 0.048445 -0.99863 -0.0198023 0.0467002 -0.99863 0.0236251 0.0465619 -0.99863 0.0238964 0.0483324 -0.99863 -0.0200755 0.0464219 -0.99863 0.0241673 0.0462801 -0.99863 0.0244377 0.048218 -0.99863 -0.0203489 0.0461367 -0.99863 0.0247075 0.0481017 -0.99863 -0.0206224 0.0459915 -0.99863 0.0249767 0.0479835 -0.99863 -0.0208959 0.0458446 -0.99863 0.0252453 0.0478634 -0.99863 -0.0211694 0.0456961 -0.99863 0.0255132 0.0477415 -0.99863 -0.021443 0.0476177 -0.99863 -0.0217164 0.0453941 -0.99863 0.0260467 0.0455459 -0.99863 0.0257803 0.0450857 -0.99863 0.0265769 0.0452407 -0.99863 0.0263122 0.040513 -0.99863 0.0331323 0.042132 -0.99863 0.0310475 0.036284 -0.99863 0.0377164 0.0349954 -0.99863 0.038915 0.0293938 -0.99863 0.043302 0.0286616 -0.99863 0.04379 0.0455459 -0.99863 -0.0257804 0.0450857 -0.99863 -0.0265769 0.715007 -0.139742 0.685009 0.629714 -0.166431 0.758789 0.750754 -0.166431 0.639273 0.590716 -0.113202 0.798899 0.565354 -0.107537 0.817809 0.492961 -0.125078 0.861014 0.690674 -0.1347 0.710511 0.171226 -0.166431 0.971073 0.335573 -0.166431 0.927195 0.172284 -0.125078 0.977074 0.615977 -0.11876 0.778761 0.785261 -0.153919 0.599728 0.762383 -0.149364 0.629652 0.300691 -0.0381265 0.952959 0.281926 -0.0309437 0.958937 0.173496 -0.0417901 0.983947 0.807468 -0.158293 0.568277 0.252685 -0.0158855 0.967418 0.245191 -0.00797057 0.969442 0.173648 1.99386e-10 0.984808 0.828904 -0.162463 0.535279 0.849452 -0.166431 0.500731 0.539943 -0.101768 0.835526 0.738937 -0.144633 0.658068 0.666017 -0.129515 0.734607 0.641096 -0.1242 0.757344 0.514526 -0.0959011 0.852095 0.489165 -0.0899381 0.867542 0.337647 -0.125078 0.932926 0.463939 -0.0838754 0.881888 0.438942 -0.0777081 0.895149 0.414285 -0.0714304 0.90734 0.339131 -0.0835071 0.937026 0.489933 -0.166431 0.855725 0.390049 -0.0650402 0.918494 0.173042 -0.0835071 0.981368 0.366377 -0.0585312 0.928624 0.343378 -0.0518926 0.937762 0.321245 -0.0451103 0.945921 0.265352 -0.0235485 0.963864 0.239789 1.99386e-10 0.970825 0.0174529 -0.125027 0.992 0.0174515 -0.166469 0.985892 0.0801015 -0.166362 0.982806 0.0814949 0.0515765 0.995338 0.0816037 -0.00051904 0.996665 0.173518 0.0387982 0.984066 0.173128 0.0773497 0.981857 0.172476 0.11595 0.978165 0.081169 0.103072 0.991356 0.171224 -0.166495 0.971062 0.172287 -0.124979 0.977086 0.0808899 -0.111047 0.990518 0.0174392 0.0388605 0.999092 0.173044 -0.08338 0.981378 0.0814248 -0.0556456 0.995125 0.173497 -0.0416966 0.983951 0.0174526 -0.0834578 0.996358 0.0174524 -0.0417588 0.998975 0.0174 0.0774291 0.996846 0.0174576 -0.000417255 0.999848 0.171564 0.154495 0.972984 0.0807449 0.154531 0.984683 0.0173346 0.116001 0.993098 0.0172429 0.154471 0.987847 0.173648 -0.000417318 0.984808 -0.934863 -0.109518 0.337694 -0.927807 -0.163865 0.335145 -0.858976 -0.162209 0.485643 -0.971703 -0.163865 0.170121 -0.967777 -0.217718 0.126514 -0.943213 -0.217718 0.250893 -0.867355 -0.107293 0.485987 -0.976012 -0.217718 -3.92462e-08 -0.986483 -0.163865 -3.96673e-08 -0.902734 -0.217718 0.371039 -0.847023 -0.217718 0.484924 -0.979093 -0.109518 0.171415 -0.96796 2.01551e-09 0.251106 -0.939105 -0.0548415 0.339226 -0.928392 2.01551e-09 0.371602 -0.993985 -0.109518 -3.99689e-08 -0.983535 -0.0548415 0.172193 -0.991958 2.01551e-09 0.126571 -0.998495 -0.0548415 -4.01503e-08 -0.872282 -0.0531657 0.486105 -0.873892 2.01551e-09 0.486121 -1 2.01551e-09 -4.02108e-08 -0.204178 -0.164037 0.965092 -0.154515 -0.12592 0.979933 -0.271904 -0.122649 0.954476 -0.213596 -9.3784e-08 0.976922 -0.300703 -9.15564e-08 0.953718 -0.271904 -0.0409822 0.961451 -0.348027 -0.158973 0.923907 -0.27938 -0.161754 0.946458 -0.122583 -0.165631 0.97854 -0.154515 -0.084074 0.984407 -0.0349932 -0.124998 0.99154 -0.154515 -0.0420752 0.987094 -0.034946 -0.166329 0.985451 -0.124753 -9.52495e-08 0.992188 -0.271904 -0.0818899 0.958834 -0.034968 -0.0417614 0.998515 -0.0348956 -9.5941e-08 0.999391 -0.383051 -0.0393516 0.922889 -0.376088 -0.0788661 0.923222 -0.385367 -8.85848e-08 0.922763 -0.364436 -0.118699 0.923633 -0.0350006 -0.0834519 0.995897 -0.271904 -0.122649 -0.954476 -0.27938 -0.161754 -0.946458 -0.348027 -0.158973 -0.923907 -0.0350006 -0.08346 -0.995896 -0.154515 -0.0840738 -0.984407 -0.154515 -0.042075 -0.987094 -0.204178 -0.164037 -0.965092 -0.154515 -0.12592 -0.979933 -0.122583 -0.165631 -0.97854 -0.034946 -0.166329 -0.985451 -0.0349932 -0.125004 -0.991539 -0.376088 -0.0788662 -0.923222 -0.271904 -0.0818897 -0.958834 -0.364436 -0.118699 -0.923633 -0.271904 -0.040982 -0.961451 -0.124753 7.823e-08 -0.992188 -0.034968 -0.0417675 -0.998515 -0.213596 7.70263e-08 -0.976922 -0.383051 -0.0393515 -0.922889 -0.300703 7.51968e-08 -0.953718 -0.385367 7.27561e-08 -0.922763 -0.0348956 7.87979e-08 -0.999391 -0.979093 -0.109518 -0.171415 -0.934863 -0.109518 -0.337694 -0.971703 -0.163865 -0.170121 -0.902734 -0.217718 -0.371039 -0.927807 -0.163865 -0.335145 -0.858976 -0.162209 -0.485643 -0.986483 -0.163865 -2.30464e-08 -0.967777 -0.217718 -0.126514 -0.943213 -0.217718 -0.250893 -0.976012 -0.217718 -2.28018e-08 -0.847023 -0.217718 -0.484924 -0.993985 -0.109518 -2.32217e-08 -0.991958 2.01552e-09 -0.126571 -0.96796 2.01552e-09 -0.251106 -0.983535 -0.0548415 -0.172193 -0.872282 -0.0531657 -0.486105 -0.939105 -0.0548415 -0.339226 -0.928392 2.01552e-09 -0.371602 -0.867355 -0.107293 -0.485987 -0.998495 -0.0548415 -2.3327e-08 -1 2.01552e-09 -2.33622e-08 -0.873891 2.01552e-09 -0.486121 0.253767 -0.0158083 -0.967136 0.266281 -0.02348 -0.963609 0.173496 -0.0417901 -0.983947 0.30042 -0.0381427 -0.953044 0.321104 -0.0451186 -0.945968 0.281903 -0.0309271 -0.958944 0.366235 -0.0585461 -0.928679 0.339131 -0.0835071 -0.937025 0.343162 -0.0519126 -0.93784 0.173042 -0.0835071 -0.981368 0.337647 -0.125078 -0.932925 0.172285 -0.125078 -0.977074 0.389963 -0.0650547 -0.91853 0.171226 -0.166431 -0.971073 0.463928 -0.0838766 -0.881893 0.438939 -0.0777088 -0.89515 0.492961 -0.125078 -0.861014 0.514532 -0.0959017 -0.852092 0.539953 -0.101767 -0.835521 0.489156 -0.0899403 -0.867547 0.565372 -0.107535 -0.817796 0.590723 -0.113202 -0.798894 0.615987 -0.118758 -0.778753 0.641105 -0.124199 -0.757337 0.629714 -0.166431 -0.75879 0.489933 -0.166431 -0.855725 0.690684 -0.134697 -0.710501 0.666024 -0.129515 -0.734601 0.715012 -0.139741 -0.685004 0.750754 -0.166431 -0.639273 0.738944 -0.144631 -0.658061 0.762391 -0.14936 -0.629644 0.785264 -0.153918 -0.599725 0.807472 -0.158288 -0.568272 0.849452 -0.166431 -0.500731 0.828905 -0.162464 -0.535277 0.414251 -0.0714391 -0.907355 0.173648 1.99366e-10 -0.984808 0.245193 -0.00797051 -0.969442 0.239789 1.99366e-10 -0.970825 0.335573 -0.166431 -0.927195 0.0807449 0.154531 -0.984683 0.0173346 0.115989 -0.993099 0.0172429 0.154471 -0.987847 0.0174392 0.0388489 -0.999093 0.0814949 0.0515765 -0.995338 0.0816038 -0.00051904 -0.996665 0.0814248 -0.0556456 -0.995125 0.0808899 -0.111047 -0.990518 0.0174526 -0.0834657 -0.996358 0.171564 0.154495 -0.972984 0.172476 0.11595 -0.978165 0.0174 0.0774137 -0.996847 0.081169 0.103072 -0.991356 0.173128 0.0773497 -0.981857 0.173518 0.0387982 -0.984066 0.0174576 -0.000417255 -0.999848 0.0174524 -0.0417648 -0.998975 0.0801015 -0.166362 -0.982806 0.172287 -0.124979 -0.977086 0.173044 -0.08338 -0.981378 0.173497 -0.0416966 -0.983951 0.0174515 -0.166469 -0.985892 0.0174529 -0.125033 -0.991999 0.171224 -0.166495 -0.971062 0.173648 -0.000417318 -0.984808 0.250646 -0.51577 0.819242 0.250646 -0.640092 0.726263 0.250646 -0.594606 0.76395 0.250646 0.960984 0.116991 0.250646 0.938456 0.237649 0.250646 0.964772 0.0799434 0.250646 -0.712239 0.655662 0.250646 -0.747953 0.614607 0.250646 -0.83658 0.487145 0.250646 -0.810443 0.529489 0.250646 -0.96792 0.0175493 0.250646 -0.964772 0.0799434 0.250646 -0.966672 0.0521719 0.250646 -0.96792 -0.0175251 0.250646 -0.903692 0.347156 0.250646 -0.886541 0.388873 0.250646 -0.964275 0.0857373 0.250646 -0.938456 0.237649 0.250646 -0.956984 0.146145 0.250646 -0.96098 0.117023 0.250646 -0.947564 0.198239 0.250646 -0.952465 0.173167 0.250646 -0.460755 0.8514 0.250646 -0.378184 0.891153 0.250646 -0.314335 0.915625 0.250646 -0.159341 0.954875 0.250646 -0.230872 0.940146 0.250646 -0.964307 -0.0853701 0.250646 -0.960983 -0.116993 0.250646 -0.964772 -0.0799433 0.250646 -0.966675 -0.0521161 0.250646 -0.729117 -0.636839 0.250646 -0.810443 -0.529489 0.250646 -0.826636 -0.503834 0.250646 -0.610437 -0.751361 0.250646 -0.474039 -0.844076 0.250646 -0.594606 -0.76395 0.250646 -0.886541 -0.388873 0.250646 -0.900163 -0.356205 0.250646 -0.938456 -0.237649 0.250646 -0.947564 -0.198239 0.250646 -0.712239 -0.655662 0.250646 -0.164326 -0.95403 0.250646 -0.314335 -0.915626 0.250646 -0.323882 -0.912292 0.250646 -0.460755 -0.8514 0.250646 -0.159341 -0.954875 0.250646 6.59128e-27 -0.968079 0.250646 1.29724e-11 -0.968079 0.250646 -0.952466 -0.17316 0.250646 -0.956985 -0.146136 0.250646 8.46321e-08 0.968079 0.250646 -0.0776228 0.964962 0.250646 0.159341 0.954875 0.250646 0.0776228 0.964962 0.250646 0.230872 0.940146 0.250646 0.314335 0.915626 0.250646 0.460755 0.8514 0.250646 0.378184 0.891153 0.250646 0.594606 0.76395 0.250646 0.51577 0.819242 0.250646 0.640092 0.726263 0.250646 0.712239 0.655662 0.250646 0.810443 0.529489 0.250646 0.747954 0.614607 0.250646 0.886541 0.388873 0.250646 0.83658 0.487146 0.250646 0.903692 0.347156 0.250646 0.947564 0.198239 0.250646 0.938456 -0.237649 0.250646 0.900163 -0.356205 0.250646 0.947564 -0.198239 0.250646 0.610436 -0.751361 0.250646 0.729117 -0.636839 0.250646 0.712239 -0.655662 0.250646 0.826636 -0.503834 0.250646 0.886541 -0.388873 0.250646 0.810443 -0.529489 0.250646 0.323882 -0.912292 0.250646 0.460755 -0.8514 0.250646 0.314335 -0.915626 0.250646 0.594606 -0.76395 0.250646 0.474038 -0.844076 0.250646 0.15934 -0.954875 0.250646 0.164326 -0.95403 0.250646 0.952465 -0.173169 0.250646 0.956983 -0.146149 0.250646 0.96792 0.0175077 0.250646 0.964772 -0.0799434 0.250646 0.967919 -0.0175695 0.250646 0.960979 -0.11703 0.250646 0.966671 -0.0521885 0.250646 0.964274 -0.0857476 0.250646 0.964305 0.0853949 0.250646 0.966675 0.0521231 0.250646 0.956985 0.146139 0.250646 0.952466 0.173162 0.317387 0.040532 0.947429 0.173518 0.0387577 0.984068 0.29769 0.0342503 0.954048 0.280007 0.027759 0.959597 0.339277 0.0774572 0.937492 0.338641 0.0466408 0.939759 0.360818 0.0526091 0.931151 0.173126 0.0774572 0.981849 0.407075 0.0642115 0.911135 0.430861 0.0698589 0.89971 0.383646 0.0584663 0.921627 0.172475 0.11604 0.978155 0.336216 0.154449 0.929034 0.171564 0.154449 0.972991 0.503822 0.0862592 0.85949 0.49347 0.11604 0.861987 0.479322 0.0808799 0.873904 0.454969 0.0754136 0.887308 0.338 0.11604 0.933965 0.528412 0.091553 0.844037 0.553009 0.0967649 0.827537 0.626407 0.111873 0.771426 0.602039 0.106931 0.791274 0.577567 0.101892 0.80996 0.490864 0.154449 0.857437 0.630908 0.154449 0.760329 0.650614 0.116713 0.750386 0.698339 0.126062 0.704579 0.721739 0.130557 0.679741 0.674606 0.121447 0.728119 0.752182 0.154449 0.6406 0.744746 0.134921 0.653567 0.789278 0.14322 0.5971 0.810638 0.147134 0.56676 0.767287 0.139144 0.626027 0.83127 0.150881 0.535 0.851076 0.154449 0.501812 0.265307 0.0210555 0.963934 0.253081 0.0141837 0.967341 0.173648 -4.05697e-14 0.984808 0.245085 0.00714498 0.969475 0.239789 -4.05847e-14 0.970825 0.173518 0.0387577 -0.984068 0.252115 0.0142483 -0.967592 0.173648 -1.81244e-14 -0.984808 0.49347 0.11604 -0.861987 0.490864 0.154449 -0.857437 0.626399 0.111874 -0.771433 0.577549 0.101894 -0.809972 0.602032 0.106932 -0.79128 0.69833 0.126065 -0.704587 0.630908 0.154449 -0.760329 0.721731 0.13056 -0.679748 0.752182 0.154449 -0.6406 0.171564 0.154449 -0.972991 0.336216 0.154449 -0.929034 0.338 0.11604 -0.933965 0.810634 0.147138 -0.566765 0.789275 0.143222 -0.597104 0.76728 0.139148 -0.626035 0.851076 0.154449 -0.501812 0.831269 0.15088 -0.535001 0.245083 0.00714503 -0.969476 0.239789 -1.80979e-14 -0.970825 0.2979 0.0342381 -0.953983 0.279963 0.0277795 -0.959609 0.552999 0.0967649 -0.827544 0.528405 0.0915531 -0.844042 0.744741 0.134922 -0.653572 0.674603 0.121446 -0.728122 0.650603 0.116715 -0.750395 0.503829 0.0862572 -0.859486 0.479322 0.0808791 -0.873904 0.454984 0.0754122 -0.887301 0.339277 0.0774572 -0.937492 0.430876 0.0698553 -0.899704 0.407107 0.0642022 -0.911121 0.383772 0.0584503 -0.921576 0.360963 0.0525963 -0.931096 0.338823 0.046625 -0.939694 0.173126 0.0774572 -0.981849 0.317626 0.0405189 -0.94735 0.264187 0.0211323 -0.96424 0.172475 0.11604 -0.978155 -0.159136 0.143173 0.97682 -0.154453 0.114834 0.981304 -0.128002 0.148413 0.980606 -0.154453 0.0383552 0.987255 -0.271874 0.0373587 0.961608 -0.213596 -9.65692e-10 0.976922 -0.0957487 0.153989 0.983422 -0.0349801 0.115975 0.992636 -0.0654518 0.154232 0.985864 -0.191513 0.136158 0.972 -0.0349144 0.154354 0.987398 -0.213018 0.132203 0.968063 -0.236079 0.129507 0.963065 -0.271874 0.0746614 0.959432 -0.271874 0.111851 0.955811 -0.259149 0.12779 0.957346 -0.154453 0.0766527 0.985022 -0.325077 0.123726 0.937559 -0.351239 0.0935245 0.931603 -0.124753 -9.80782e-10 0.992188 -0.300703 -9.42754e-10 0.953718 -0.034963 0.0387396 0.998637 -0.0349916 0.0774172 0.996385 -0.381524 0.0314496 0.923824 -0.385367 -9.12155e-10 0.922763 -0.0348958 -9.87902e-10 0.999391 -0.370043 0.0627529 0.926893 -0.291217 0.125927 0.948333 -0.984231 0.153455 0.0879764 -0.984538 0.152241 0.086647 -0.978459 0.148483 0.143427 -0.98577 0.148632 0.0785181 -0.986052 0.148119 0.0759123 -0.986681 0.0744482 0.144632 -0.873892 -3.06704e-15 0.486121 -0.869335 0.0751997 0.488468 -0.903661 0.0744482 0.421727 -0.983664 0.156139 0.0895831 -0.983936 0.154768 0.0889716 -0.955271 0.0744482 0.286206 -0.896131 0.148483 0.418213 -0.985166 0.150153 0.0830734 -0.985476 0.149309 0.0808964 -0.98485 0.151141 0.0850098 -0.997254 0.074053 -8.0011e-08 -1 -2.97535e-15 -8.02313e-08 -0.991958 -2.96707e-15 0.126571 -0.986526 0.147699 0.0703672 -0.986306 0.147804 0.0731776 -0.989032 0.147699 -7.93513e-08 -0.983421 0.157546 0.08979 -0.883627 0.221694 0.412377 -0.907462 0.293674 0.300446 -0.934093 0.221694 0.279861 -0.971905 0.217477 0.0900298 -0.964806 0.221694 0.141426 -0.831421 0.224061 0.508464 -0.798429 0.293674 0.525611 -0.860343 0.293674 0.416611 -0.957469 0.274016 0.090375 -0.938975 0.293674 0.179115 -0.955075 0.286579 0.075523 -0.954649 0.290415 0.0656093 -0.954339 0.293674 0.0547032 -0.95564 0.282232 0.0842488 -0.956578 0.277409 0.089463 -0.956211 0.279037 0.0883174 -0.956999 0.275726 0.0901525 -0.96796 -2.97885e-15 0.251106 -0.928392 -3.01095e-15 0.371602 -0.947311 0.148483 0.283821 -0.85519 0.150279 0.49605 -0.291217 0.125927 -0.948333 -0.259149 0.12779 -0.957346 -0.271874 0.111851 -0.955811 -0.0654518 0.154232 -0.985864 -0.0349291 0.154354 -0.987398 -0.0349782 0.115963 -0.992637 -0.0957487 0.153989 -0.983422 -0.213596 6.11402e-08 -0.976922 -0.300703 5.9688e-08 -0.953718 -0.271874 0.0373588 -0.961608 -0.128002 0.148413 -0.980606 -0.0348958 6.25464e-08 -0.999391 -0.124753 6.20956e-08 -0.992188 -0.0349616 0.0387283 -0.998638 -0.154453 0.0383552 -0.987255 -0.381524 0.0314477 -0.923824 -0.385367 5.77507e-08 -0.922763 -0.271874 0.0746612 -0.959432 -0.370144 0.0626053 -0.926863 -0.325077 0.123725 -0.937559 -0.154453 0.0766525 -0.985022 -0.236134 0.129502 -0.963052 -0.154453 0.114835 -0.981304 -0.213094 0.132191 -0.968048 -0.191513 0.136158 -0.972 -0.160328 0.142947 -0.976658 -0.0349892 0.077402 -0.996386 -0.351241 0.0935227 -0.931603 -0.985167 0.15015 -0.0830669 -0.978459 0.148483 -0.143427 -0.985475 0.149311 -0.0809037 -0.984851 0.151139 -0.0850049 -0.903661 0.0744482 -0.421727 -0.873892 -9.53127e-15 -0.486121 -0.928392 -9.55945e-15 -0.371602 -0.984537 0.152245 -0.0866496 -0.96796 -9.58763e-15 -0.251106 -0.955272 0.0744482 -0.286206 -0.983664 0.15614 -0.0895833 -0.983937 0.154768 -0.0889698 -0.869335 0.0752008 -0.488468 -0.860343 0.293674 -0.416611 -0.798429 0.293674 -0.525611 -0.831421 0.224062 -0.508465 -0.896131 0.148483 -0.418213 -0.883627 0.221694 -0.412377 -0.855168 0.150883 -0.495905 -0.934093 0.221694 -0.279861 -0.957469 0.274016 -0.0903751 -0.938975 0.293674 -0.179115 -0.964806 0.221694 -0.141426 -0.956999 0.275726 -0.0901523 -0.907462 0.293674 -0.300446 -0.956578 0.277409 -0.0894629 -0.956211 0.279037 -0.0883174 -0.95564 0.282232 -0.0842486 -0.955079 0.286556 -0.0755657 -0.95465 0.290404 -0.0656462 -0.954339 0.293674 -0.0547032 -0.983421 0.157546 -0.0897901 -0.986681 0.0744482 -0.144632 -0.991958 -9.61581e-15 -0.126571 -0.997254 0.074053 1.66124e-08 -0.984233 0.153452 -0.0879697 -0.985771 0.148629 -0.0785104 -0.986306 0.147804 -0.0731789 -0.986052 0.148118 -0.0759094 -1 -7.85483e-15 1.66582e-08 -0.986526 0.147699 -0.0703673 -0.989032 0.147699 1.64755e-08 -0.971905 0.217477 -0.0900299 -0.947311 0.148483 -0.283821 -0.315536 0.520994 -0.793096 -0.325288 0.39564 -0.858869 -0.377846 0.429347 -0.820301 -0.332141 0.556814 -0.761341 -0.299433 0.635852 -0.711359 -0.421166 0.300324 -0.855818 -0.32849 0.262333 -0.907346 -0.460977 0.175225 -0.86994 -0.325078 0.123725 -0.937559 -0.471771 0.783853 -0.403741 -0.402142 0.876469 -0.264733 -0.364688 0.872793 -0.3244 -0.753297 0.432002 -0.4959 -0.718095 0.266542 -0.64288 -0.798429 0.293674 -0.525611 -0.62821 0.547461 -0.552846 -0.607886 0.685809 -0.400175 -0.55744 0.673964 -0.484803 -0.599282 0.383395 -0.702759 -0.681997 0.409722 -0.605812 -0.689458 0.564487 -0.453875 -0.625091 0.234331 -0.744547 -0.538805 0.30029 -0.787093 -0.521366 0.197205 -0.830233 -0.510937 0.791082 -0.336353 -0.285795 0.939641 -0.18814 -0.27322 0.936327 -0.220552 -0.162718 0.979935 -0.115108 -0.166411 0.979952 -0.109549 -0.435261 0.795194 -0.422154 -0.487549 0.706069 -0.513579 -0.522129 0.609707 -0.596354 -0.540981 0.508561 -0.669855 -0.545982 0.404557 -0.733646 -0.772086 0.0969468 -0.62808 -0.666406 -7.86743e-07 -0.745589 -0.78173 -4.26581e-07 -0.623617 -0.65744 0.0805153 -0.749193 -0.524332 0.0618216 -0.849267 -0.532306 -4.47935e-07 -0.846552 -0.381586 0.0311582 -0.923808 -0.385367 2.99834e-14 -0.922763 -0.48786 0.183955 -0.853319 -0.500117 0.122925 -0.857189 -0.495633 0.186856 -0.848194 -0.630019 0.15994 -0.759931 -0.52127 0.197369 -0.830255 -0.503801 0.190058 -0.842652 -0.480493 0.181354 -0.858043 -0.467015 0.177048 -0.866343 -0.460921 0.175342 -0.869947 -0.473541 0.179051 -0.86238 -0.32507 0.123742 -0.937559 -0.351253 0.0934311 -0.931607 -0.370213 0.0624676 -0.926844 -0.512352 0.193562 -0.836678 -0.86938 0.0745073 -0.488495 -0.855539 0.149154 -0.495788 -0.873892 2.97317e-14 -0.486121 -0.798285 0.293999 -0.525648 -0.742468 0.192527 -0.641618 -0.832116 0.222295 -0.508103 -0.721234 0.267523 -0.638947 -0.628073 0.235278 -0.741733 -0.329543 0.733499 -0.594458 -0.327092 0.782694 -0.529528 -0.387411 0.675692 -0.627178 -0.433479 0.552052 -0.712274 -0.358569 0.616562 -0.700914 -0.475999 0.599756 -0.64321 -0.496081 0.552052 -0.67018 -0.367329 0.552052 -0.748537 -0.45372 0.646872 -0.612939 -0.402177 0.737771 -0.542169 -0.429143 0.693017 -0.579279 -0.345989 0.677171 -0.649408 -0.157598 0.965365 -0.207926 -0.192489 0.94762 -0.25488 -0.191124 0.94093 -0.279504 -0.300729 0.804988 -0.511426 -0.340801 0.821299 -0.457518 -0.372748 0.78069 -0.501579 -0.25238 0.882199 -0.39753 -0.309534 0.855797 -0.414488 -0.284059 0.880502 -0.379508 -0.256012 0.90448 -0.341135 -0.225294 0.927178 -0.299306 -0.117999 0.979952 -0.16053 -0.120647 0.979952 -0.158549 -0.181662 0.979952 -0.0818066 -0.18054 0.979952 -0.0842555 -0.190851 0.979952 -0.0571801 -0.191907 0.979952 -0.0535266 -0.166411 0.979952 -0.109549 -0.166461 0.979952 -0.109473 -0.16544 0.979952 -0.111009 -0.167564 0.979952 -0.107777 -0.167175 0.979952 -0.10838 -0.162685 0.979952 -0.11501 -0.167606 0.979952 -0.107712 -0.197778 0.979952 -0.0240265 -0.197126 0.979952 -0.0288956 -0.199232 0.979952 -6.67572e-10 -0.167277 0.979952 -0.108222 -0.199141 0.979952 0.00602127 -0.197126 0.979952 0.0288956 -0.190851 0.979952 0.0571801 -0.195965 0.979952 0.0359317 -0.188323 0.979952 0.0650232 -0.18054 0.979952 0.0842555 -0.166411 0.979952 0.109549 -0.176388 0.979952 0.0926327 -0.162022 0.979952 0.115942 -0.160433 0.979952 0.118131 -0.157327 0.979952 0.122237 -0.152361 0.979952 0.128373 -0.147345 0.979952 0.1341 -0.140821 0.979952 0.140936 -0.130633 0.979952 0.150427 -0.142074 0.979952 0.139673 -0.117999 0.979952 0.16053 -0.120647 0.979952 -0.158549 -0.117999 0.979952 -0.16053 -0.123426 0.979952 -0.156395 -0.151704 0.941302 -0.301556 -0.204845 0.886826 -0.41422 -0.143714 0.964355 -0.222183 -0.236332 0.793029 -0.561474 -0.241328 0.815253 -0.526425 -0.183065 0.878786 -0.440706 -0.233048 0.684499 -0.69076 -0.261985 0.684733 -0.680076 -0.117999 0.979952 -0.16053 -0.12342 0.979953 -0.156397 -0.273224 0.730344 -0.626056 -0.299433 0.635852 -0.711359 -0.280708 0.558325 -0.780689 -0.315536 0.520994 -0.793096 -0.291907 0.419075 -0.859748 -0.325288 0.39564 -0.858869 -0.259148 0.12779 -0.957346 -0.295586 0.272956 -0.915491 -0.262178 0.274338 -0.925203 -0.29229 0.125862 -0.948011 -0.32849 0.262333 -0.907346 -0.325078 0.123725 -0.937559 -0.210618 0.792518 -0.572325 -0.249372 0.558547 -0.791099 -0.25908 0.419863 -0.869823 -0.275304 0.944742 -0.177959 -0.373235 0.895573 -0.242167 -0.40873 0.905832 -0.111397 -0.374126 0.849039 0.373044 -0.424619 0.84248 0.331552 -0.410536 0.780903 0.470798 -0.361696 0.902229 0.23486 -0.287967 0.91387 0.28621 -0.318734 0.852643 0.414015 -0.378391 0.77705 0.503004 -0.374549 0.688885 0.620605 -0.342806 0.773483 0.533111 -0.363198 0.588083 0.722666 -0.359548 0.679126 0.639932 -0.251549 0.955546 0.153805 -0.36879 0.573117 0.7318 -0.340136 0.483825 0.806363 -0.370798 0.45941 0.807125 -0.464665 0.789926 0.40013 -0.469978 0.833786 0.289693 -0.510221 0.823639 0.247574 -0.428905 0.88428 0.184633 -0.210822 0.977298 0.0210222 -0.341592 0.935224 0.093115 -0.167277 0.979952 -0.108222 -0.31478 0.947975 -0.0475093 -0.559816 0.825607 -0.0705632 -0.491362 0.85416 -0.170216 -0.563183 0.79546 -0.223761 -0.496013 0.868099 -0.0193568 -0.615996 0.77885 -0.118072 -0.629459 0.727138 -0.273955 -0.638261 0.757146 -0.139116 -0.459482 0.835862 -0.300352 -0.414201 0.756712 0.505791 -0.407513 0.73618 0.540344 -0.439321 0.785153 0.4365 -0.423387 0.905262 0.0352712 -0.356391 0.609159 0.708456 -0.387357 0.701968 0.597659 -0.534302 0.768345 -0.352373 -0.489027 0.861631 0.135808 -0.398372 0.717872 0.570928 -0.349122 0.635339 0.688809 -0.309073 0.520329 0.796073 -0.542238 0.835545 0.0885552 -0.334138 0.681382 0.651207 -0.308219 0.603115 0.7357 -0.599223 0.694671 -0.397949 -0.589207 0.806836 0.0430173 -0.545503 0.812597 0.205213 -0.48628 0.795466 0.361615 -0.622347 0.782736 0.00289236 -0.581184 0.800278 0.14758 -0.519152 0.803885 0.290257 -0.448267 0.786477 0.424865 -0.382954 0.744758 0.546518 -0.0852028 0.69345 -0.715449 -0.0694147 0.571514 -0.817651 -0.0724548 0.636221 -0.768097 -0.0413828 0.392832 -0.918679 -0.0573306 0.520718 -0.851801 -0.0518534 0.434979 -0.898946 -0.0410557 0.394727 -0.917881 -0.0979188 0.825618 -0.555668 -0.0988131 0.797661 -0.594957 -0.0860704 0.7385 -0.668738 -0.118172 0.942761 -0.311829 -0.107757 0.895791 -0.431215 -0.115385 0.947585 -0.29794 -0.109897 0.881479 -0.459257 -0.120647 0.979952 -0.158549 -0.123426 0.979952 -0.156395 -0.0329626 0.287294 -0.957275 -0.026161 0.0348995 -0.999048 -0.0329627 0.287294 -0.957275 -0.0587566 0.182937 -0.981367 -0.148965 0.605085 -0.782101 -0.0988134 0.797661 -0.594957 -0.172465 0.719849 -0.672364 -0.0518536 0.434979 -0.898946 -0.118172 0.942761 -0.311829 -0.191203 0.814419 -0.547872 -0.109898 0.881479 -0.459257 -0.163606 0.944377 -0.285282 -0.204843 0.886824 -0.414225 -0.123426 0.979952 -0.156395 -0.121437 0.473835 -0.8722 -0.085203 0.69345 -0.715449 -0.0909467 0.331182 -0.939174 -0.0694149 0.571514 -0.817651 -0.031267 0.26675 -0.963258 -0.564289 0.467494 0.680461 -0.511295 0.374345 0.773591 -0.449348 0.46837 0.760734 -0.342444 0.48314 0.805796 -0.310426 0.520923 0.795157 -0.429431 0.53849 0.724995 -0.372406 0.459146 0.806535 -0.745737 0.590114 0.309261 -0.860608 0.465366 0.206852 -0.816948 0.465767 0.340084 -0.778417 0.596207 -0.196479 -0.813179 0.465733 -0.349047 -0.858445 0.465525 -0.215308 -0.741672 0.589593 -0.319848 -0.616458 0.178101 -0.766981 -0.73732 0.0348891 -0.674642 -0.734503 0.177803 -0.654898 -0.834954 0.0349739 -0.549207 -0.829737 0.177626 -0.529137 -0.440777 0.468456 -0.765679 -0.558623 0.467717 -0.684968 -0.524978 0.553998 -0.64613 -0.616471 0.56826 -0.545018 -0.663634 0.466871 -0.584484 -0.419257 0.537488 -0.731663 -0.314024 0.46929 -0.825322 -0.708031 0.323546 -0.627702 -0.468381 0.324616 -0.821732 -0.341966 0.178579 -0.922588 -0.484093 0.17834 -0.85665 -0.595089 0.324128 -0.735398 -0.026161 0.0348995 -0.999048 -0.18775 0.0348613 -0.981598 -0.190464 0.178891 -0.965257 -0.340185 0.0349068 -0.93971 -0.0311625 0.258183 -0.965593 -0.186912 0.325848 -0.926762 -0.0347409 0.481571 -0.875718 -0.688206 0.580176 -0.435624 -0.748254 0.466167 -0.472022 -0.910621 0.0349987 -0.411757 -0.902927 0.177499 -0.39143 -0.174195 0.500745 -0.847886 -0.95404 0.177399 -0.241531 -0.964392 0.0349369 -0.262158 -0.980834 0.177332 -0.080737 -0.997619 0.0349834 0.0594417 -0.981047 0.17734 0.078079 -0.994275 0.0349038 -0.100986 -0.882443 0.465241 0.069608 -0.780842 0.596245 0.186488 -0.956392 0.177386 0.232054 -0.975976 0.0350108 0.215049 -0.907198 0.177466 0.381442 -0.856219 0.117918 0.502976 -0.801335 0.323201 0.503392 -0.92995 0.0349345 0.366023 -0.664771 0.466855 0.583203 -0.709258 0.323555 0.62631 -0.750293 0.466334 0.468607 -0.690804 0.581023 0.43035 -0.618767 0.568996 0.541637 -0.797612 0.599518 -0.0662727 -0.531718 0.554603 0.640071 -0.640891 0.288551 0.711335 -0.757272 0.202789 0.620819 -0.873082 0.322817 0.3654 -0.92008 0.322567 0.222268 -0.79804 0.599421 0.0618552 -0.943616 0.322482 0.0747919 -0.882195 0.465356 -0.0719383 -0.943392 0.322544 -0.0773157 -0.917804 0.322663 -0.231354 -0.869005 0.322811 -0.374999 -0.799083 0.323094 -0.507027 -0.617211 0.034927 -0.786022 -0.302635 0.519567 -0.799038 -0.483464 0.0349416 -0.874667 -0.332207 0.325155 -0.885388 -0.031303 0.265461 -0.963613 -0.0347408 0.481571 -0.875718 -0.0313275 0.266739 -0.96326 -0.026161 0.0348995 -0.999048 -0.026161 0.0348995 -0.999048 -0.0261769 0.999657 1.73472e-18 -0.0261769 0.999657 1.73472e-18 -0.0261769 0.999657 1.73472e-18 -0.583662 0.552052 -0.595463 -0.608237 0.552052 -0.570338 -0.540287 0.552052 -0.635081 -0.624989 0.552052 -0.55193 -0.616005 0.552052 -0.561939 -0.444636 0.552052 -0.705363 -0.433479 0.552052 -0.712274 -0.496081 0.552052 -0.67018 -0.525886 0.552052 -0.647056 -0.339975 0.552052 -0.761351 -0.228425 0.552052 -0.80191 -0.299539 0.552052 -0.778148 -0.367329 0.552052 -0.748537 -0.50145 0.552052 -0.666173 -0.503197 0.552052 -0.664854 -0.497396 0.552052 -0.669205 -0.496587 0.552052 -0.669805 -0.499865 0.552052 -0.667363 -0.498497 0.552052 -0.668385 -0.505061 0.552052 -0.663439 -0.507012 0.552052 -0.66195 -0.509022 0.552052 -0.660405 -0.51316 0.552052 -0.657195 -0.511075 0.552052 -0.658817 -0.517385 0.552052 -0.653874 -0.515266 0.552052 -0.655545 -0.52164 0.552052 -0.650484 -0.519513 0.552052 -0.652184 -0.523765 0.552052 -0.648774 0.250646 0.947564 -0.198239 0.0567667 0.978085 -0.20032 0.169477 0.978085 -0.120946 0.250646 0.947564 0.198239 0.169477 0.978085 0.120946 0.0568599 0.977225 0.204444 -0.0789595 0.608883 0.78932 -0.151701 0.613771 0.774773 -0.0870181 0.46883 0.878992 -0.0687172 0.73205 0.677777 -0.130696 0.733082 0.667465 -0.168401 0.481471 0.860132 -0.0926669 0.315804 0.944288 -0.180525 0.342097 0.922161 -0.156317 0.281054 0.946876 -0.127683 0.218366 0.967478 -0.0957486 0.153989 0.983422 -0.0464803 0.722698 0.6896 -0.0687447 0.73205 0.677774 -0.078986 0.608883 0.789318 -0.0591865 0.460143 0.88587 -0.0533725 0.603896 0.795274 -0.0870384 0.46883 0.87899 -0.0231927 0.723811 0.689608 -0.0274443 0.596749 0.801958 -0.0308564 0.455006 0.889953 -0.0957486 0.153989 0.983422 -0.0654267 0.154236 0.985865 -0.0631931 0.307927 0.949309 -0.033347 0.305337 0.95166 -0.0349144 0.154354 0.987398 -0.0926775 0.315804 0.944287 -0.130666 0.733082 0.667471 -0.236649 0.733082 0.637643 -0.28132 0.61683 0.735105 -0.40311 0.61683 0.676035 -0.336431 0.733082 0.591105 -0.427396 0.733082 0.529078 -0.569884 0.485186 0.663194 -0.447828 0.485186 0.751029 -0.675086 0.485186 0.555746 -0.512978 0.61683 0.596971 -0.607675 0.61683 0.500252 -0.775457 0.61683 0.134858 -0.861481 0.485186 0.149818 -0.740884 0.61683 0.265727 -0.760322 0.485186 0.431862 -0.740884 0.61683 -0.265727 -0.823073 0.485186 -0.295205 -0.775457 0.61683 -0.134858 -0.874411 0.485186 -1.19378e-07 -0.936582 0.342097 0.0760562 -0.569884 0.485186 -0.663194 -0.607675 0.61683 -0.500252 -0.512978 0.61683 -0.596971 -0.760322 0.485186 -0.431862 -0.863595 0.342097 -0.370368 -0.447828 0.485186 -0.751029 -0.590477 0.342097 -0.730963 -0.40311 0.61683 -0.676035 -0.326944 0.342097 -0.880953 -0.312528 0.485186 -0.816652 -0.18052 0.342097 -0.922162 -0.167989 0.485186 -0.858122 -0.28132 0.61683 -0.735105 -0.151215 0.61683 -0.772434 -0.464801 0.342097 -0.816658 -0.236649 0.733082 -0.637643 -0.130667 0.733082 -0.667471 -0.70068 0.342097 -0.626113 -0.675086 0.485186 -0.555746 -0.792522 0.342097 -0.504855 -0.6844 0.61683 -0.388738 -0.861481 0.485186 -0.149818 -0.936582 0.342097 -0.0760562 -0.912039 0.342097 -0.226176 -0.787096 0.61683 -1.07458e-07 -0.6844 0.61683 0.388738 -0.823073 0.485186 0.295205 -0.912039 0.342097 0.226176 -0.312527 0.485186 0.816652 -0.151214 0.616833 0.772432 -0.180571 0.341446 0.922393 -0.167988 0.485193 0.858119 -0.326944 0.342097 0.880952 -0.464801 0.342097 0.816658 -0.507162 0.733082 0.453186 -0.590477 0.342097 0.730963 -0.573638 0.733082 0.365419 -0.70068 0.342097 0.626113 -0.625081 0.733082 0.268076 -0.792522 0.342097 0.504855 -0.660145 0.733082 0.163708 -0.863595 0.342097 0.370368 -0.677909 0.733082 0.0550502 -0.677909 0.733082 -0.0550502 -0.660145 0.733082 -0.163708 -0.625081 0.733082 -0.268076 -0.573638 0.733082 -0.365419 -0.507162 0.733082 -0.453186 -0.427396 0.733082 -0.529078 -0.336431 0.733082 -0.591105 0.0784443 0.30525 0.949036 0.171564 0.154495 0.972984 0.165352 0.305415 0.937753 0.0573418 0.722786 0.688689 0.0661929 0.596509 0.799872 0.139346 0.596707 0.790268 0.0120568 0.723759 0.689947 0.0142167 0.593701 0.80456 0.119826 0.723768 0.679559 0.0734013 0.454824 0.887551 0.0158963 0.450654 0.892557 0.0170857 0.302028 0.953146 0.0813505 0.154386 0.984656 0.0178151 0.154472 0.987836 0.154631 0.455021 0.876952 -0.0957486 0.153989 -0.983422 -0.12776 0.218568 -0.967422 -0.0926666 0.315804 -0.944288 -0.130698 0.733082 -0.667465 -0.0687167 0.73205 -0.677777 -0.0789588 0.608883 -0.78932 -0.151703 0.613771 -0.774772 -0.0870176 0.46883 -0.878992 -0.168402 0.481471 -0.860132 -0.180525 0.342097 -0.922161 -0.156417 0.281247 -0.946802 0.301498 0.463725 0.833101 0.440177 0.463725 0.768897 0.396787 0.601804 0.693103 0.606428 0.313268 0.730827 0.471818 0.313268 0.824167 0.490864 0.154449 0.857437 0.687985 0.601768 0.40565 0.594403 0.723778 0.350472 0.608021 0.601804 0.517824 0.525334 0.723778 0.447404 0.138681 0.601821 0.786498 0.271778 0.601804 0.750978 0.234818 0.723778 0.64885 0.56576 0.463725 0.681817 0.119815 0.723819 0.679508 0.153845 0.463762 0.8725 0.171564 0.154449 0.972991 0.336216 0.154449 0.929034 0.32317 0.313268 0.892986 0.509991 0.601804 0.614607 0.630908 0.154449 0.760329 0.722996 0.313268 0.615743 0.674511 0.463725 0.574451 0.763205 0.463699 0.450001 0.818057 0.313254 0.482343 0.851076 0.154449 0.501812 0.752182 0.154449 0.6406 0.440635 0.723778 0.531024 0.342826 0.723778 0.598846 0.164904 0.313327 0.935218 -0.033347 0.305337 -0.95166 -0.0349144 0.154354 -0.987398 -0.0654267 0.154236 -0.985865 -0.0274443 0.596749 -0.801958 -0.0591865 0.460143 -0.88587 -0.0533725 0.603896 -0.795274 -0.0464792 0.722697 -0.6896 -0.0231927 0.723811 -0.689608 -0.078986 0.608883 -0.789318 -0.0687447 0.73205 -0.677774 -0.0308564 0.455006 -0.889953 -0.0631931 0.307927 -0.949309 -0.0957486 0.153989 -0.983422 -0.0926775 0.315804 -0.944287 -0.0870384 0.46883 -0.87899 0.76707 0.455031 0.452273 0.82026 0.305397 0.483638 0.646221 0.627577 0.434219 0.506763 0.785841 0.354464 0.624755 0.650494 0.431902 0.532092 0.753394 0.386363 0.699305 0.537002 0.471806 0.76169 0.415392 0.497271 0.423131 0.843989 0.329609 0.691231 0.596741 0.407554 0.545693 0.754992 0.363602 0.568626 0.739539 0.360203 0.594407 0.723778 0.350465 0.851076 0.154449 0.501812 0.812465 0.287347 0.507279 0.0784482 0.305251 -0.949035 0.0178402 0.154472 -0.987836 0.0170992 0.302027 -0.953146 0.139346 0.596707 -0.790268 0.0661962 0.59651 -0.799872 0.119833 0.723727 -0.679602 0.0734049 0.454824 -0.887551 0.0573484 0.722786 -0.688688 0.0142176 0.593701 -0.80456 0.0120564 0.723759 -0.689947 0.154631 0.455021 -0.876952 0.165352 0.305415 -0.937753 0.0813545 0.154386 -0.984655 0.0159016 0.450654 -0.892557 0.171564 0.154495 -0.972984 0.606428 0.313268 -0.730827 0.471818 0.313268 -0.824167 0.440177 0.463725 -0.768897 0.722996 0.313268 -0.615744 0.56576 0.463725 -0.681817 0.271778 0.601804 -0.750978 0.138681 0.601821 -0.786498 0.119823 0.723778 -0.67955 0.234818 0.723778 -0.64885 0.687985 0.601768 -0.40565 0.763205 0.463699 -0.450001 0.608021 0.601804 -0.517825 0.50999 0.601804 -0.614607 0.674511 0.463725 -0.574451 0.525334 0.723778 -0.447404 0.594403 0.723778 -0.350472 0.752182 0.154449 -0.6406 0.851076 0.154449 -0.501812 0.396787 0.601804 -0.693103 0.490864 0.154449 -0.857437 0.32317 0.313268 -0.892986 0.336216 0.154449 -0.929034 0.164904 0.313327 -0.935218 0.153845 0.463762 -0.8725 0.301498 0.463725 -0.833101 0.171562 0.154531 -0.972978 0.342826 0.723778 -0.598846 0.440635 0.723778 -0.531024 0.630908 0.154449 -0.760329 0.818057 0.313254 -0.482343 0.0518115 0.99863 -0.00735899 0.250697 0.956919 -0.146482 0.250364 0.952447 -0.173674 0.250646 0.947564 -0.198239 0.169477 0.978085 -0.120946 0.0515916 0.99863 -0.00873809 0.0521473 0.998629 -0.0045122 0.250769 0.960893 -0.117473 0.0520026 0.998629 -0.00594852 0.0523213 0.998629 -0.00155171 0.052336 0.99863 -1.06121e-05 0.250623 0.967908 -0.0185108 0.0522638 0.998629 -0.00303555 0.250698 0.966624 -0.0528146 0.250906 0.964216 -0.0856354 0.052269 0.998628 0.0030223 0.25103 0.964219 0.0852351 0.250768 0.966621 0.0525387 0.250629 0.967912 0.0182223 0.0523226 0.998629 0.0015449 0.0518155 0.99863 0.00735125 0.250677 0.956951 0.146305 0.0520002 0.998629 0.0059441 0.250716 0.96093 0.11728 0.0521515 0.998629 0.0044985 0.0515985 0.99863 0.00873132 0.250485 0.952455 0.173456 0.169477 0.978085 0.120946 0.250646 0.947564 0.198239 0.76707 0.455031 -0.452273 0.69123 0.596741 -0.407554 0.545701 0.754985 -0.363604 0.568651 0.739516 -0.360213 0.594407 0.723778 -0.350466 0.50671 0.785881 -0.354452 0.646305 0.627462 -0.43426 0.423133 0.843989 -0.329607 0.53208 0.753407 -0.386353 0.6248 0.650419 -0.431951 0.761766 0.415226 -0.497292 0.82026 0.305397 -0.483638 0.699388 0.536861 -0.471844 0.851076 0.154449 -0.501812 0.812506 0.287222 -0.507284 0.197767 0.909953 0.364518 0.340138 0.856083 0.389138 0.332282 0.837828 0.433165 0.454073 0.742451 0.492528 0.44124 0.722047 0.532875 0.323849 0.818149 0.475136 0.699077 0.537327 0.471774 0.575195 0.64851 0.498584 0.590479 0.666109 0.455667 0.247751 0.628474 0.737319 0.344613 0.561236 0.7525 0.330681 0.536922 0.776122 0.525363 0.59058 0.612543 0.542464 0.610566 0.577011 0.625882 0.490635 0.606259 0.454833 0.506787 0.732321 0.472577 0.528088 0.705546 0.544187 0.420546 0.725949 0.78477 0.268083 0.558808 0.851036 0.15461 0.501831 0.831285 0.150892 0.534974 0.386512 0.632707 0.671037 0.286523 0.7287 0.622013 0.400488 0.655944 0.639802 0.316979 0.512592 0.797981 0.238054 0.602403 0.761867 0.257312 0.654044 0.711349 0.358444 0.585189 0.727373 0.290018 0.46361 0.837231 0.219176 0.549642 0.806136 0.303451 0.488176 0.818292 0.402103 0.44243 0.801604 0.419558 0.463925 0.780221 0.482331 0.366878 0.795461 0.367638 0.399363 0.839852 0.384819 0.420937 0.821417 0.441522 0.331057 0.833942 0.264089 0.4151 0.870603 0.20088 0.49628 0.844602 0.27695 0.439289 0.85459 0.334363 0.356786 0.872299 0.382477 0.277747 0.881231 0.318065 0.335515 0.886715 0.40187 0.295517 0.866701 0.350833 0.378006 0.856754 0.325686 0.224864 0.918349 0.270616 0.271821 0.923515 0.286147 0.293001 0.912289 0.214121 0.317335 0.923824 0.165147 0.388549 0.906508 0.226223 0.341868 0.912113 0.226433 0.208766 0.951391 0.240686 0.229705 0.94303 0.271854 0.172849 0.946688 0.186066 0.144051 0.97192 0.222669 0.119266 0.967571 0.207762 0.100942 0.972957 0.126131 0.250327 0.95991 0.169482 0.219181 0.960851 0.159059 0.194039 0.968013 0.254743 0.155022 0.954502 0.212414 0.187367 0.959048 0.149095 0.16855 0.974352 0.118848 0.221769 0.967829 0.241289 0.079865 0.967162 0.173874 0.12187 0.977198 0.0620226 0.0775034 0.995061 0.0869846 0.034999 0.995595 0.0605785 0.0394273 0.997384 0.0993064 0.132679 0.986172 0.0939643 0.101302 0.990408 0.0675146 0.1493 0.986484 0.0644191 0.114054 0.991384 0.198941 0.165813 0.965882 0.139705 0.1426 0.979871 0.111867 0.19269 0.974862 0.239695 0.0362943 0.97017 0.255756 0.047412 0.965578 0.279223 0.0275718 0.95983 0.274374 0.0586904 0.95983 0.297564 0.0343531 0.954084 0.189062 1.30132e-08 0.981965 0.191827 0.0170216 0.981281 0.21451 4.25911e-09 0.976722 0.172343 0.0425453 0.984118 0.152795 0.0754923 0.98537 0.181986 0.0624715 0.981315 0.242708 0.00712252 0.970073 0.239789 -1.27038e-13 0.970825 0.217701 0.0124897 0.975936 0.0601614 4.59561e-09 0.998189 0.0342332 6.84242e-14 0.999414 0.034154 0.0438177 0.998456 0.0348528 0.126678 0.991331 0.0342882 0.0860848 0.995698 0.133525 0.278295 0.951169 0.180245 0.243973 0.952884 0.23835 0.137193 0.96144 0.255441 0.250721 0.93375 0.289315 0.190153 0.938157 0.140832 0.305804 0.941621 0.191093 0.268331 0.944183 0.148537 0.333436 0.930998 0.202395 0.292806 0.934506 0.307305 0.207466 0.92872 0.301979 0.314241 0.900034 0.363309 0.260017 0.89465 0.267033 0.679388 0.683465 0.372449 0.609067 0.700228 0.34437 0.24238 0.907007 0.156655 0.361051 0.919294 0.238637 0.366361 0.899351 0.173935 0.41586 0.89264 0.251287 0.390782 0.885519 0.191943 0.469749 0.861681 0.18291 0.442937 0.877696 0.421493 0.313251 0.85101 0.461893 0.349002 0.815385 0.209863 0.522856 0.826183 0.228544 0.576144 0.784746 0.523606 0.402801 0.750725 0.437244 0.485499 0.757039 0.502882 0.384786 0.773983 0.490341 0.549255 0.676672 0.564854 0.438335 0.699144 0.507976 0.570129 0.645688 0.585455 0.456042 0.670274 0.276817 0.704329 0.653676 0.605839 0.473512 0.639333 0.427919 0.700725 0.570849 0.414278 0.678647 0.606475 0.305619 0.775277 0.55276 0.296086 0.752392 0.588421 0.330765 0.897825 0.290697 0.347349 0.872703 0.34313 0.201435 0.925548 0.320602 0.487983 0.245937 0.837489 0.465786 0.232076 0.853923 0.645478 0.507426 0.570856 0.559131 0.629934 0.539033 0.6645 0.523709 0.533075 0.618709 0.65453 0.434499 0.466267 0.761748 0.449817 0.477682 0.779727 0.404778 0.525736 0.758052 0.385953 0.204745 0.939327 0.275218 0.423331 0.844045 0.32921 0.0566355 0.976823 0.206421 0.216284 0.943856 0.249713 0.056408 0.966762 0.249378 0.0562052 0.954931 0.291456 0.193742 0.892706 0.406865 0.0559964 0.941416 0.332566 0.76486 0.411399 0.495722 0.189361 0.873972 0.447565 0.0557214 0.92631 0.37262 0.733906 0.394744 0.552773 0.815362 0.282118 0.505564 0.314924 0.797241 0.515005 0.0553183 0.909712 0.411539 0.184644 0.853909 0.486566 0.501433 0.157397 0.850759 0.553815 0.0959834 0.827089 0.529471 0.0904257 0.843495 0.0547503 0.891718 0.449268 0.179656 0.832651 0.523847 0.763019 0.259636 0.591939 0.713 0.381959 0.587996 0.0540321 0.87241 0.485778 0.174527 0.810295 0.55943 0.810716 0.147174 0.566638 0.740641 0.25094 0.623281 0.691467 0.368951 0.621087 0.0532571 0.851837 0.521092 0.169467 0.786943 0.593297 0.789373 0.143173 0.596985 0.717711 0.242019 0.65293 0.669467 0.35565 0.652171 0.164307 0.762735 0.625491 0.052644 0.830084 0.555147 0.767323 0.139008 0.626012 0.694381 0.233017 0.680836 0.647106 0.342128 0.681324 0.159063 0.737741 0.656077 0.0519812 0.807284 0.587869 0.74477 0.134795 0.653566 0.670826 0.224022 0.70697 0.624537 0.328534 0.708532 0.0512325 0.783454 0.619334 0.153872 0.712126 0.684981 0.721815 0.130471 0.679677 0.646847 0.21469 0.731777 0.601929 0.314977 0.733806 0.0505294 0.758749 0.64942 0.148815 0.686076 0.712147 0.698425 0.125905 0.704521 0.622717 0.205386 0.75501 0.579068 0.301125 0.757631 0.0499413 0.733352 0.678013 0.143578 0.659317 0.738029 0.674779 0.121331 0.727978 0.598398 0.196058 0.776841 0.556252 0.287355 0.77975 0.0491379 0.706987 0.705517 0.138465 0.632128 0.762392 0.650817 0.116688 0.750214 0.573888 0.18659 0.797394 0.533431 0.273602 0.800371 0.0483966 0.679892 0.731713 0.133445 0.604471 0.785371 0.626539 0.111854 0.771322 0.549482 0.177031 0.816535 0.51058 0.259756 0.819656 0.0477027 0.652044 0.756679 0.128427 0.57633 0.807063 0.602268 0.106854 0.79111 0.525389 0.167285 0.834256 0.0469629 0.623452 0.78045 0.1237 0.548292 0.827088 0.578067 0.101518 0.80965 0.118845 0.520125 0.845781 0.0464861 0.594788 0.802538 0.477546 0.14752 0.866134 0.443811 0.218142 0.869164 0.113723 0.491448 0.86345 0.045718 0.565737 0.823317 0.505007 0.0849612 0.858924 0.453687 0.137755 0.88045 0.422015 0.204249 0.883281 0.0445142 0.535877 0.843122 0.108542 0.46228 0.880066 0.480436 0.0796453 0.873406 0.429851 0.128144 0.89376 0.400374 0.190471 0.896338 0.0431304 0.505234 0.861904 0.103481 0.432658 0.895599 0.45583 0.0744649 0.886946 0.406094 0.118665 0.906094 0.378897 0.176841 0.908386 0.0417912 0.473859 0.879609 0.0986842 0.402647 0.91002 0.431341 0.0693296 0.899521 0.382555 0.10922 0.917455 0.357633 0.163343 0.919466 0.0406779 0.441837 0.896173 0.0942484 0.372347 0.923296 0.407232 0.0640618 0.911076 0.359492 0.0996234 0.927815 0.336694 0.14991 0.929604 0.0399117 0.409304 0.911524 0.0902083 0.341914 0.935392 0.38361 0.0581117 0.921665 0.336877 0.0892978 0.937305 0.316278 0.136406 0.938809 0.0395294 0.376468 0.925586 0.0865106 0.311566 0.946278 0.360833 0.0521843 0.931169 0.315193 0.0791833 0.945719 0.296288 0.122285 0.947238 0.0394469 0.343629 0.938277 0.0825491 0.280677 0.956246 0.338916 0.0465153 0.939666 0.294345 0.0691301 0.953196 0.277146 0.108281 0.954707 0.0389271 0.310108 0.949904 0.0784537 0.248907 0.965345 0.317759 0.0407309 0.947296 0.258797 0.094267 0.961321 0.0380251 0.275359 0.960589 0.0744932 0.216402 0.973458 0.263635 0.0212215 0.964389 0.226635 0.0248415 0.973663 0.105337 0.16308 0.980973 0.131013 0.115872 0.984586 0.0370878 0.239617 0.970159 0.0708549 0.183264 0.980507 0.193924 0.0818232 0.977598 0.225005 0.0646466 0.972211 0.162573 0.098909 0.981727 0.0363444 0.203102 0.978483 0.210968 0.0493991 0.976244 0.123438 0.0884423 0.988403 0.0357032 0.165703 0.985529 0.251096 0.0144946 0.967854 0.144928 0.0513576 0.988108 0.19959 0.0337029 0.9793 0.117379 0.0601286 0.991265 0.0897325 0.0688475 0.993583 0.16579 0.0215442 0.985926 0.139619 0.0260518 0.989863 0.163468 2.07484e-08 0.986549 0.113341 0.0305386 0.993087 0.137755 2.39519e-08 0.990466 0.111948 2.1275e-08 0.993714 0.0860752 1.36837e-08 0.996289 0.347359 0.872698 -0.343132 0.33075 0.897827 -0.290707 0.201447 0.925544 -0.320605 0.204757 0.939323 -0.27522 0.216227 0.943864 -0.249732 0.0564081 0.966762 -0.249378 0.0566356 0.976823 -0.206422 0.340148 0.856078 -0.38914 0.0547505 0.891718 -0.449268 0.179666 0.832647 -0.523851 0.184654 0.853905 -0.486569 0.332291 0.837824 -0.433168 0.466275 0.761742 -0.449818 0.669469 0.355647 -0.652171 0.605842 0.473508 -0.639333 0.585458 0.456039 -0.670274 0.525368 0.590576 -0.612543 0.625885 0.490631 -0.606259 0.542469 0.610561 -0.577011 0.344618 0.561231 -0.752501 0.437248 0.485495 -0.75704 0.35845 0.585184 -0.727374 0.372455 0.609062 -0.700229 0.472581 0.528083 -0.705546 0.386518 0.632702 -0.671038 0.487984 0.245935 -0.837489 0.441524 0.331055 -0.833942 0.421496 0.313248 -0.851009 0.533432 0.273601 -0.80037 0.482333 0.366875 -0.79546 0.461895 0.348999 -0.815385 0.28615 0.292998 -0.912289 0.344372 0.242378 -0.907006 0.301981 0.314239 -0.900034 0.334366 0.356783 -0.872299 0.276954 0.439285 -0.854591 0.264093 0.415096 -0.870603 0.289317 0.190151 -0.938157 0.255443 0.250719 -0.93375 0.240688 0.229704 -0.94303 0.214124 0.317333 -0.923824 0.270619 0.271819 -0.923515 0.226226 0.341865 -0.912113 0.226435 0.208764 -0.951391 0.191095 0.268329 -0.944183 0.180248 0.243971 -0.952884 0.271855 0.172848 -0.946688 0.207763 0.100941 -0.972957 0.186068 0.14405 -0.97192 0.173875 0.121869 -0.977198 0.212416 0.187366 -0.959048 0.198943 0.165812 -0.965882 0.238352 0.137192 -0.96144 0.222671 0.119265 -0.967571 0.169485 0.219179 -0.960852 0.159062 0.194037 -0.968013 0.251086 0.0144882 -0.967856 0.226635 0.0248414 -0.973663 0.217701 0.0124897 -0.975936 0.149098 0.168548 -0.974352 0.199591 0.0337027 -0.9793 0.210969 0.0493987 -0.976244 0.181987 0.0624709 -0.981314 0.172344 0.042545 -0.984118 0.225005 0.0646462 -0.972211 0.193925 0.0818226 -0.977598 0.241289 0.0798644 -0.967161 0.139707 0.142598 -0.979871 0.0675171 0.149299 -0.986484 0.0708577 0.183262 -0.980507 0.0363444 0.203102 -0.978483 0.0620248 0.0775026 -0.995061 0.0897344 0.0688469 -0.993583 0.0644215 0.114053 -0.991384 0.0869864 0.0349986 -0.995595 0.0605806 0.0394269 -0.997384 0.0860752 1.37965e-08 -0.996289 0.0601613 4.66355e-09 -0.998189 0.0342332 1.97045e-13 -0.999414 0.034154 0.0438176 -0.998456 0.239789 -2.40273e-13 -0.970825 0.242706 0.00712034 -0.970074 0.21451 4.31417e-09 -0.976722 0.254744 0.155021 -0.954502 0.202398 0.292804 -0.934506 0.325687 0.224862 -0.918349 0.307307 0.207464 -0.92872 0.23864 0.366358 -0.899351 0.251291 0.390779 -0.88552 0.318068 0.335513 -0.886715 0.363311 0.260015 -0.894649 0.401872 0.295514 -0.866701 0.350836 0.378003 -0.856754 0.382479 0.277745 -0.881231 0.367641 0.39936 -0.839852 0.290022 0.463606 -0.837231 0.510581 0.259754 -0.819656 0.303456 0.488172 -0.818292 0.330686 0.536918 -0.776122 0.316984 0.512588 -0.797982 0.402107 0.442426 -0.801604 0.384822 0.420934 -0.821417 0.419562 0.463921 -0.780221 0.556253 0.287353 -0.77975 0.502885 0.384783 -0.773982 0.454837 0.506783 -0.732321 0.579069 0.301123 -0.757631 0.523609 0.402798 -0.750725 0.624539 0.328532 -0.708532 0.564857 0.438332 -0.699144 0.544189 0.420543 -0.725949 0.60193 0.314975 -0.733806 0.647108 0.342125 -0.681324 0.490345 0.549251 -0.676672 0.400494 0.655939 -0.639804 0.427926 0.70072 -0.570851 0.414284 0.678642 -0.606477 0.507981 0.570125 -0.645688 0.441247 0.722042 -0.532876 0.691469 0.368948 -0.621086 0.645481 0.507422 -0.570856 0.559136 0.629929 -0.539033 0.664503 0.523705 -0.533075 0.733908 0.394741 -0.552773 0.45408 0.742446 -0.49253 0.81537 0.282091 -0.505566 0.784771 0.268082 -0.558808 0.5752 0.648505 -0.498585 0.189371 0.873968 -0.447569 0.193753 0.892703 -0.406868 0.0557216 0.92631 -0.37262 0.0553185 0.909711 -0.41154 0.0357032 0.165703 -0.985529 0.197779 0.90995 -0.364521 0.0562053 0.954931 -0.291457 0.0559965 0.941416 -0.332566 0.113342 0.0305383 -0.993087 0.117381 0.0601281 -0.991265 0.52576 0.758029 -0.385965 0.423331 0.844045 -0.32921 0.477689 0.779722 -0.40478 0.618741 0.654489 -0.434516 0.323858 0.818144 -0.475138 0.699106 0.537278 -0.471788 0.590485 0.666104 -0.455668 0.314933 0.797236 -0.515007 0.764879 0.411354 -0.49573 0.0540323 0.87241 -0.485778 0.174536 0.810291 -0.559433 0.305627 0.775272 -0.552762 0.0532572 0.851837 -0.521092 0.169476 0.786939 -0.5933 0.296095 0.752387 -0.588424 0.713001 0.381956 -0.587996 0.851036 0.15461 -0.501831 0.0526442 0.830084 -0.555148 0.164316 0.76273 -0.625494 0.28653 0.728696 -0.622015 0.831286 0.150892 -0.534972 0.763019 0.259634 -0.591939 0.0519814 0.807284 -0.587869 0.159072 0.737736 -0.65608 0.276825 0.704324 -0.653678 0.810722 0.147175 -0.56663 0.740642 0.250939 -0.623282 0.0512326 0.783454 -0.619334 0.15388 0.712122 -0.684984 0.267041 0.679384 -0.683467 0.789365 0.143172 -0.596997 0.717712 0.242018 -0.65293 0.0505295 0.758749 -0.64942 0.148823 0.686071 -0.71215 0.257319 0.654039 -0.711351 0.767321 0.139007 -0.626016 0.694382 0.233016 -0.680836 0.0499414 0.733352 -0.678013 0.143585 0.659312 -0.738032 0.247758 0.62847 -0.737321 0.744761 0.134793 -0.653576 0.670827 0.224021 -0.70697 0.0491381 0.706987 -0.705517 0.138472 0.632124 -0.762394 0.23806 0.602398 -0.761869 0.721809 0.13047 -0.679683 0.646847 0.214689 -0.731777 0.0483967 0.679892 -0.731714 0.133452 0.604466 -0.785373 0.22855 0.57614 -0.784747 0.698438 0.125908 -0.704508 0.622717 0.205385 -0.75501 0.0477028 0.652044 -0.756679 0.128434 0.576325 -0.807065 0.219182 0.549638 -0.806137 0.674789 0.121333 -0.727968 0.598398 0.196057 -0.77684 0.046963 0.623452 -0.78045 0.123707 0.548288 -0.82709 0.209868 0.522852 -0.826185 0.650833 0.116692 -0.750199 0.573889 0.186589 -0.797393 0.0464863 0.594788 -0.802538 0.118851 0.520121 -0.845783 0.200885 0.496276 -0.844603 0.626559 0.111858 -0.771305 0.549483 0.17703 -0.816535 0.0457181 0.565737 -0.823317 0.113729 0.491444 -0.863451 0.191948 0.469745 -0.861682 0.465787 0.232074 -0.853923 0.60227 0.106855 -0.791109 0.525389 0.167284 -0.834256 0.0445143 0.535876 -0.843122 0.108548 0.462276 -0.880067 0.182915 0.442933 -0.877697 0.443813 0.218141 -0.869164 0.501433 0.157396 -0.850759 0.578063 0.101517 -0.809653 0.0431305 0.505233 -0.861904 0.103486 0.432655 -0.895601 0.173939 0.415857 -0.892641 0.422016 0.204248 -0.883281 0.477547 0.147519 -0.866134 0.529464 0.0904241 -0.843499 0.553811 0.0959824 -0.827092 0.0417912 0.473859 -0.879609 0.0986889 0.402643 -0.910021 0.165151 0.388546 -0.906508 0.400375 0.19047 -0.896338 0.453687 0.137754 -0.88045 0.505 0.0849597 -0.858928 0.0406779 0.441837 -0.896173 0.0942528 0.372344 -0.923296 0.156659 0.361048 -0.919295 0.378898 0.17684 -0.908386 0.429852 0.128144 -0.89376 0.480432 0.0796445 -0.873408 0.0399118 0.409304 -0.911525 0.0902124 0.341911 -0.935392 0.148541 0.333433 -0.930999 0.357634 0.163342 -0.919466 0.406095 0.118665 -0.906094 0.455827 0.0744642 -0.886948 0.0395295 0.376467 -0.925586 0.0865144 0.311563 -0.946279 0.140836 0.305801 -0.941621 0.336695 0.149909 -0.929604 0.382555 0.10922 -0.917454 0.431336 0.0693285 -0.899524 0.039447 0.343629 -0.938277 0.0825526 0.280675 -0.956246 0.133528 0.278292 -0.95117 0.359492 0.099623 -0.927815 0.316279 0.136405 -0.938808 0.407235 0.0640626 -0.911074 0.0389271 0.310108 -0.949904 0.0784569 0.248905 -0.965345 0.126134 0.250325 -0.95991 0.336877 0.0892974 -0.937304 0.296289 0.122284 -0.947238 0.383624 0.0581153 -0.921659 0.0380251 0.275359 -0.960589 0.0744962 0.2164 -0.973458 0.118851 0.221767 -0.96783 0.315193 0.0791829 -0.945719 0.277147 0.108281 -0.954707 0.360844 0.052187 -0.931165 0.0370878 0.239617 -0.970159 0.11187 0.192688 -0.974862 0.338924 0.0465173 -0.939663 0.294346 0.0691298 -0.953195 0.258798 0.0942664 -0.961321 0.239695 0.0362942 -0.97017 0.263662 0.0212337 -0.964381 0.10534 0.163079 -0.980973 0.317744 0.0407267 -0.947301 0.274374 0.0586902 -0.95983 0.131015 0.115871 -0.984586 0.162574 0.0989082 -0.981726 0.0993086 0.132678 -0.986172 0.297556 0.0343504 -0.954086 0.255757 0.0474117 -0.965578 0.0348528 0.126678 -0.991331 0.12344 0.0884414 -0.988403 0.152796 0.0754916 -0.98537 0.0939663 0.101301 -0.990408 0.279243 0.0275792 -0.959824 0.0342882 0.0860847 -0.995698 0.144929 0.0513571 -0.988108 0.13962 0.0260515 -0.989862 0.165791 0.021544 -0.985925 0.191828 0.0170215 -0.981281 0.111948 2.14115e-08 -0.993714 0.137755 2.40926e-08 -0.990466 0.163468 2.08757e-08 -0.986549 0.189062 1.31114e-08 -0.981965 0.0568599 0.977225 0.204444 -0.0568473 -0.977224 -0.204454 0.0566338 0.976818 0.206444 0.0563514 0.966543 0.250238 0.0568599 0.660129 0.748997 0.04984 0.7298 0.681842 0.0491171 0.703425 0.70907 0.0568599 0.93198 0.358023 0.0560189 0.954445 0.293083 0.0556386 0.940618 0.334875 0.0501562 -0.747571 0.662286 0.0508611 -0.773396 0.63188 0.0568599 -0.771366 0.633846 0.0455492 0.334215 0.941396 0.0568599 0.390022 0.919048 0.0455492 0.489161 0.871003 0.0494301 -0.720907 0.691267 0.0395942 0.343119 0.938457 0.0387925 0.309694 0.950045 0.0486848 -0.693467 0.718841 0.0568599 -0.660129 0.748997 0.0479222 -0.665331 0.745008 0.0380062 0.275488 0.960553 0.0372391 0.240486 0.969938 0.0455492 0.169568 0.984465 0.0365045 0.204468 0.978192 0.0455492 -0.334215 0.941396 0.0455492 -0.489161 0.871003 0.0568599 -0.390022 0.919048 0.0447305 -0.546734 0.836111 0.0568599 -0.531915 0.844887 0.0358193 0.167113 0.985287 0.035214 0.127924 0.991159 0.0430746 -0.484092 0.873957 0.0422419 -0.451979 0.891028 0.0455492 -8.7332e-08 0.998962 0.0347116 0.0871639 0.995589 0.0343656 0.0442989 0.998427 0.0342331 -8.73715e-08 0.999414 0.0568599 -0.238099 0.969575 0.0455492 -0.169568 0.984465 0.0389238 -0.318117 0.947252 0.0381171 -0.283007 0.95836 0.0397476 -0.35244 0.93499 0.0347231 -0.0895244 0.995379 0.0352382 -0.131648 0.99067 0.0568599 -0.0800526 0.995168 0.0365722 -0.210067 0.977003 0.0358653 -0.171746 0.984488 0.037331 -0.247046 0.968284 0.0343708 -0.0455244 0.998372 0.0568599 0.0800524 0.995168 0.0414103 -0.419322 0.906893 0.0405788 -0.386116 0.921557 0.0439068 -0.515732 0.855624 0.0568599 0.238099 0.969575 0.0455448 -0.577144 0.815372 0.0463513 -0.607108 0.793266 0.0471439 -0.636516 0.769822 0.0412246 0.408388 0.911877 0.0404083 0.375955 0.925756 0.0420353 0.440089 0.89697 0.04285 0.47139 0.880883 0.0515423 -0.798314 0.600032 0.0568599 -0.862767 0.502394 0.052197 -0.82225 0.566727 0.0452756 0.56228 0.825706 0.0568599 0.531915 0.844887 0.0528217 -0.845132 0.531941 0.0444728 0.532483 0.845272 0.0436637 0.502182 0.863659 0.0534141 -0.866849 0.495701 0.053972 -0.887291 0.458041 0.046071 0.591615 0.804903 0.0544925 -0.906367 0.418963 0.046853 0.620406 0.78288 0.0568599 -0.93198 0.358023 0.0549724 -0.923955 0.378529 0.0554088 -0.939944 0.336802 0.0557987 -0.954217 0.293864 0.0476219 0.648667 0.759581 0.0561388 -0.966665 0.249813 0.0564258 -0.977182 0.204772 0.0568599 -0.977225 0.204444 0.0483772 0.676363 0.734978 0.0568599 0.771366 0.633846 0.0505441 0.755431 0.653276 0.0518878 0.804211 0.592074 0.0512275 0.780256 0.623359 0.0525229 0.827242 0.559385 0.0568599 0.862767 0.502394 0.0537018 0.870132 0.489885 0.0531277 0.849238 0.52533 0.0547476 0.908201 0.414939 0.0542427 0.88982 0.453076 0.0552139 0.925168 0.375519 0.0358136 0.167171 -0.985277 0.0364997 0.204517 -0.978182 0.0455494 0.169568 -0.984465 0.0352057 0.128109 -0.991135 0.0347068 0.0871052 -0.995594 0.037238 0.240524 -0.969929 0.0380044 0.275526 -0.960542 0.0568599 0.0800526 -0.995168 0.0455494 8.23037e-08 -0.998962 0.0395937 0.343164 -0.938441 0.0455494 0.334215 -0.941396 0.0387913 0.309713 -0.950039 0.0404078 0.375903 -0.925777 0.0412215 0.40823 -0.911948 0.0568599 0.238099 -0.969575 0.042851 0.471403 -0.880876 0.0455494 0.489161 -0.871003 0.0420346 0.440028 -0.897 0.0568599 0.390022 -0.919048 0.0436639 0.502203 -0.863647 0.0452761 0.562284 -0.825704 0.0568599 0.531915 -0.844887 0.0444729 0.532482 -0.845272 0.0460702 0.591587 -0.804923 0.0468533 0.620405 -0.78288 0.0568599 0.660129 -0.748997 0.047623 0.648712 -0.759543 0.0483777 0.676355 -0.734985 0.0491176 0.703423 -0.709073 0.0498405 0.729797 -0.681844 0.0505447 0.755428 -0.65328 0.0568599 0.771366 -0.633846 0.0525223 0.82723 -0.559403 0.0518881 0.804211 -0.592074 0.051228 0.780254 -0.623361 0.0531274 0.849247 -0.525316 0.0568599 0.862767 -0.502394 0.0537016 0.870144 -0.489863 0.0542428 0.889817 -0.453083 0.0547476 0.908199 -0.414942 0.0568599 0.93198 -0.358023 0.0556385 0.940617 -0.334879 0.0552138 0.925167 -0.375523 0.0563515 0.966543 -0.250237 0.0566337 0.976818 -0.206445 0.0568599 0.977225 -0.204444 0.0568473 0.977224 -0.204454 0.0560187 0.954443 -0.293087 0.0343659 0.0442831 -0.998428 0.0389263 -0.318082 -0.947264 0.0381195 -0.282962 -0.958373 0.0455494 -0.334215 -0.941396 0.0455494 -0.169568 -0.984465 0.0568599 -0.0800524 -0.995168 0.0486849 -0.693463 -0.718845 0.0479224 -0.665311 -0.745027 0.0568599 -0.660129 -0.748997 0.0455494 -0.489161 -0.871003 0.0447289 -0.546661 -0.836159 0.0439049 -0.515643 -0.855678 0.0534148 -0.866839 -0.495719 0.0528224 -0.845122 -0.531957 0.0568599 -0.862767 -0.502394 0.0508612 -0.773392 -0.631884 0.0568599 -0.771366 -0.633846 0.0515425 -0.798309 -0.600038 0.0568599 -0.93198 -0.358023 0.0561388 -0.966665 -0.249814 0.055799 -0.954218 -0.293861 0.0544928 -0.906366 -0.418964 0.0549727 -0.923956 -0.378528 0.0564258 -0.977182 -0.204772 0.0568599 -0.977225 -0.204444 0.0568599 -0.390022 -0.919048 0.0471443 -0.636505 -0.769831 0.0568599 -0.531915 -0.844887 0.0554091 -0.939944 -0.336801 0.0539725 -0.88729 -0.458043 0.0521978 -0.82225 -0.566727 0.0501562 -0.747567 -0.66229 0.0494301 -0.720902 -0.691272 0.0463519 -0.607098 -0.793274 0.0455457 -0.577137 -0.815377 0.0422399 -0.451863 -0.891087 0.0414101 -0.419307 -0.9069 0.040579 -0.38612 -0.921556 0.0397484 -0.352416 -0.934999 0.0373333 -0.246981 -0.968301 0.0568599 -0.238099 -0.969575 0.0365777 -0.210007 -0.977015 0.0352474 -0.131493 -0.99069 0.03473 -0.0895698 -0.995375 0.0358723 -0.171664 -0.984502 0.0342331 8.23409e-08 -0.999414 0.0343707 -0.0455357 -0.998371 0.0430765 -0.484127 -0.873937 0.0520138 0.99863 0.00579812 0.052336 0.99863 4.57535e-09 0.051838 0.99863 0.00720207 0.0523157 0.99863 0.0014548 0.0522517 0.99863 -0.00296933 0.052252 0.99863 0.00296328 0.0521405 0.99863 -0.00451844 0.0520137 0.99863 -0.00579925 0.0521407 0.99863 0.00451631 0.0516034 0.99863 0.00872585 0.052336 0.99863 -7.74418e-06 0.0523154 0.99863 -0.00146529 0.051838 0.99863 -0.00720248 0.0516034 0.99863 -0.00872585 0.0619351 -0.68311 -0.727685 -0.0619351 -0.68311 -0.727685 0.0523637 -0.786609 -0.615228 0.677652 -0.68311 0.272303 0.525778 -0.786609 0.323735 0.621885 -0.68311 0.38291 0.572927 -0.786609 0.230221 0.603593 -0.786609 0.130084 0.454766 -0.871661 0.18274 0.367911 -0.871661 0.323802 0.220676 -0.936273 0.273302 0.307896 -0.871661 0.381322 0.463504 -0.786609 0.407935 0.0146872 -0.99863 0.0502328 0.0345097 -0.97893 0.201261 0.0680266 -0.97893 0.192534 0.163275 -0.871661 0.462112 0.239023 -0.871661 0.427872 0.117023 -0.936273 0.331207 -9.15071e-09 -0.99863 0.0523359 -3.57032e-08 -0.97893 0.204198 0.00741851 -0.99863 0.0518075 0.479108 -0.871661 0.103256 0.616896 -0.786609 0.0262053 0.171314 -0.936273 0.306666 0.612451 -0.786609 -0.0784273 0.724401 -0.68311 -0.0927631 0.698304 -0.68311 -0.213853 0.590387 -0.786609 -0.180804 0.486139 -0.871661 -0.0622525 0.652118 -0.68311 -0.328791 0.587172 -0.68311 -0.43427 0.551339 -0.786609 -0.277979 0.468626 -0.871661 -0.143515 0.505334 -0.68311 -0.527256 0.408958 -0.68311 -0.605074 0.427239 -0.786609 -0.445773 0.394046 -0.871661 -0.291435 0.49643 -0.786609 -0.367157 0.201876 -0.871661 -0.446601 0.254329 -0.786609 -0.56264 0.155584 -0.786609 -0.597529 0.300818 -0.68311 -0.665485 0.345757 -0.786609 -0.511565 -0.408958 -0.68311 -0.605074 -0.254329 -0.786609 -0.56264 -0.300818 -0.68311 -0.665485 -0.155584 -0.786609 -0.597529 -0.0415641 -0.871661 -0.488343 -0.0523636 -0.786609 -0.615228 -0.427239 -0.786609 -0.445773 -0.49643 -0.786609 -0.367157 -0.339125 -0.871661 -0.353837 -0.274448 -0.871661 -0.40606 -0.345758 -0.786609 -0.511565 -0.468626 -0.871661 -0.143515 -0.590387 -0.786609 -0.180804 -0.612451 -0.786609 -0.0784274 -0.724401 -0.68311 -0.0927631 -0.698304 -0.68311 -0.213853 -0.572927 -0.786609 0.230221 -0.479108 -0.871661 0.103256 -0.603593 -0.786609 0.130084 -0.713924 -0.68311 0.153862 -0.677652 -0.68311 0.272303 -0.463504 -0.786609 0.407935 -0.417342 -0.871661 0.256968 -0.525778 -0.786609 0.323735 -0.454766 -0.871661 0.18274 -0.356171 -0.68311 0.637576 -0.243297 -0.68311 0.688598 -0.301128 -0.786609 0.539044 -0.387896 -0.786609 0.4804 -0.458799 -0.68311 0.568212 -0.10435 -0.786609 0.608571 -0.163275 -0.871661 0.462112 -0.205698 -0.786609 0.582182 -0.123424 -0.68311 0.719811 1.16223e-11 -0.430857 0.90242 -0.15251 -0.430857 0.88944 2.65794e-16 -0.288019 0.957625 -0.139604 -0.563592 0.814171 -0.275191 -0.563592 0.778867 2.12769e-11 -0.563592 0.826054 0.319023 -0.288019 0.902923 0.467029 -0.288019 0.83602 0.300632 -0.430857 0.850872 -5.0598e-10 -0.68311 0.730316 3.18072e-11 -0.786609 0.617452 -0.0828288 -0.871661 0.483059 -0.0593653 -0.936273 0.346219 2.59627e-10 -0.871661 0.490109 -0.0345097 -0.97893 0.201261 -4.8674e-10 -0.936273 0.351272 -0.00861421 -0.99863 0.0516221 -0.239023 -0.871661 0.427872 -0.161839 -0.288019 0.94385 -0.367911 -0.871661 0.323802 -0.307896 -0.871661 0.381322 -0.621885 -0.68311 0.38291 -0.548228 -0.68311 0.482501 -0.616896 -0.786609 0.0262054 -0.489667 -0.871661 0.0208008 -0.486139 -0.871661 -0.0622525 -0.729658 -0.68311 0.0309955 -0.437631 -0.871661 -0.220649 -0.551339 -0.786609 -0.277979 -0.394046 -0.871661 -0.291435 -0.587172 -0.68311 -0.43427 -0.652118 -0.68311 -0.328791 -0.505334 -0.68311 -0.527256 0.123497 -0.871661 -0.474294 -0.201876 -0.871661 -0.446601 -0.123497 -0.871661 -0.474294 -0.184024 -0.68311 -0.706751 0.0415642 -0.871661 -0.488343 0.184024 -0.68311 -0.706751 0.339125 -0.871661 -0.353837 0.274448 -0.871661 -0.40606 0.437631 -0.871661 -0.220649 0.489667 -0.871661 0.0208007 0.713924 -0.68311 0.153862 0.729658 -0.68311 0.0309954 0.417342 -0.871661 0.256967 0.387896 -0.786609 0.4804 0.458799 -0.68311 0.568212 0.548228 -0.68311 0.482501 0.123424 -0.68311 0.719811 0.275191 -0.563592 0.778867 0.243297 -0.68311 0.688598 0.566918 -0.430857 0.702115 0.718862 -0.288019 0.632679 0.677422 -0.430857 0.596206 0.15251 -0.430857 0.88944 0.440106 -0.430857 0.787826 0.161839 -0.288019 0.94385 -0.319023 -0.288019 0.902923 -0.300632 -0.430857 0.850872 -0.467029 -0.288019 0.83602 -0.440106 -0.430857 0.787826 -0.117023 -0.936273 0.331207 -0.0680266 -0.97893 0.192534 -0.0169935 -0.99863 0.0495002 -0.815445 -0.288019 0.50209 -0.718862 -0.288019 0.632678 -0.768437 -0.430857 0.473145 -0.566918 -0.430857 0.702115 -0.402862 -0.563592 0.721156 -0.171314 -0.936273 0.306666 -0.0995865 -0.97893 0.178268 -0.0249092 -0.99863 0.0460281 -0.601599 -0.288019 0.745066 -0.677422 -0.430857 0.596206 -0.518943 -0.563592 0.642699 -0.220676 -0.936273 0.273302 -0.128281 -0.97893 0.158874 -0.0321454 -0.99863 0.0413004 -0.936131 -0.288019 0.201752 -0.888569 -0.288019 0.357056 -0.882166 -0.430857 0.190121 -0.837346 -0.430857 0.336473 -0.26369 -0.936273 0.232077 -0.620095 -0.563592 0.545753 -0.153286 -0.97893 0.134909 -0.0385048 -0.99863 0.0354462 -0.901607 -0.430857 0.0382998 -0.956762 -0.288019 0.0406427 -0.703409 -0.563592 0.433106 -0.299119 -0.936273 0.184175 -0.173881 -0.97893 0.107063 -0.0438139 -0.99863 0.0286251 -0.895111 -0.430857 -0.114624 -0.949868 -0.288019 -0.121635 -0.766486 -0.563592 0.307999 -0.189473 -0.97893 0.0761367 -0.325942 -0.936273 0.130974 -0.0479279 -0.99863 0.0210231 -0.807513 -0.563592 0.174032 -0.199615 -0.97893 0.0430204 -0.343388 -0.936273 0.0740058 -0.0507345 -0.99863 0.0128477 -0.862864 -0.430857 -0.264249 -0.915649 -0.288019 -0.280414 -0.825309 -0.563592 0.0350587 -0.204014 -0.97893 0.00866642 -0.350956 -0.936273 0.0149084 -0.0521572 -0.99863 0.00432187 -0.725543 -0.430857 -0.536609 -0.769928 -0.288019 -0.569435 -0.855088 -0.288019 -0.431126 -0.805794 -0.430857 -0.406273 -0.819363 -0.563592 -0.104924 -0.202544 -0.97893 -0.0259368 -0.348427 -0.936273 -0.0446179 -0.0521572 -0.99863 -0.00432187 -0.789845 -0.563592 -0.241887 -0.195248 -0.97893 -0.0597939 -0.335875 -0.936273 -0.102861 -0.0507345 -0.99863 -0.0128477 -0.662618 -0.288019 -0.691363 -0.505333 -0.430857 -0.747664 -0.536246 -0.288019 -0.793401 -0.62442 -0.430857 -0.651508 -0.737605 -0.563592 -0.371892 -0.182334 -0.97893 -0.0919308 -0.31366 -0.936273 -0.158144 -0.0479279 -0.99863 -0.0210231 -0.664145 -0.563592 -0.491199 -0.164175 -0.97893 -0.121423 -0.282422 -0.936273 -0.208878 -0.0438139 -0.99863 -0.028625 -0.2413 -0.288019 -0.926725 -0.394447 -0.288019 -0.872615 -0.22739 -0.430857 -0.873302 -0.371708 -0.430857 -0.822311 -0.571579 -0.563592 -0.596374 -0.0385048 -0.99863 -0.0354462 -0.141293 -0.97893 -0.147422 -0.243059 -0.936273 -0.253603 -0.462569 -0.563592 -0.684393 -0.0321454 -0.99863 -0.0413004 -0.114346 -0.97893 -0.16918 -0.196704 -0.936273 -0.291032 0.2413 -0.288019 -0.926725 0.0812122 -0.288019 -0.954175 0.22739 -0.430857 -0.873302 -0.0765306 -0.430857 -0.899169 -0.0812123 -0.288019 -0.954175 -0.340252 -0.563592 -0.752724 -0.0249092 -0.99863 -0.0460281 -0.0841095 -0.97893 -0.186071 -0.144689 -0.936273 -0.320089 -0.208147 -0.563592 -0.799399 -0.0169934 -0.99863 -0.0495002 -0.0514535 -0.97893 -0.197609 -0.0885129 -0.936273 -0.339938 0.371708 -0.430857 -0.822311 0.394447 -0.288019 -0.872615 -0.0700542 -0.563592 -0.823078 -0.00861421 -0.99863 -0.0516221 -0.0173172 -0.97893 -0.203463 -0.02979 -0.936273 -0.350007 0.0765305 -0.430857 -0.899169 0.0700542 -0.563592 -0.823078 4.57535e-09 -0.99863 -0.0523359 0.0173173 -0.97893 -0.203463 0.02979 -0.936273 -0.350007 0.536246 -0.288019 -0.793401 0.624419 -0.430857 -0.651508 0.662618 -0.288019 -0.691363 0.505333 -0.430857 -0.747664 0.208147 -0.563592 -0.799399 0.00883792 -0.99863 -0.0515843 0.0514535 -0.97893 -0.197609 0.0885129 -0.936273 -0.339938 0.725543 -0.430857 -0.536609 0.769928 -0.288019 -0.569435 0.340253 -0.563592 -0.752723 0.017422 -0.99863 -0.049351 0.0841095 -0.97893 -0.186071 0.144689 -0.936273 -0.320089 0.805794 -0.430857 -0.406273 0.855088 -0.288019 -0.431126 0.462569 -0.563592 -0.684393 0.0255056 -0.99863 -0.0457003 0.114346 -0.97893 -0.16918 0.196704 -0.936273 -0.291032 0.571578 -0.563592 -0.596375 0.0328567 -0.99863 -0.0407368 0.141293 -0.97893 -0.147422 0.243059 -0.936273 -0.253603 0.915649 -0.288019 -0.280414 0.895111 -0.430857 -0.114624 0.949868 -0.288019 -0.121635 0.862864 -0.430857 -0.264249 0.664145 -0.563592 -0.491199 0.039264 -0.99863 -0.0346033 0.164175 -0.97893 -0.121423 0.282422 -0.936273 -0.208878 0.901607 -0.430857 0.0383001 0.956762 -0.288019 0.040643 0.737605 -0.563592 -0.371892 0.0445435 -0.99863 -0.0274759 0.182334 -0.97893 -0.0919309 0.31366 -0.936273 -0.158144 0.882166 -0.430857 0.190121 0.936131 -0.288019 0.201752 0.789845 -0.563592 -0.241887 0.0485436 -0.99863 -0.0195593 0.195248 -0.97893 -0.0597939 0.335875 -0.936273 -0.10286 0.819363 -0.563592 -0.104924 0.0511494 -0.99863 -0.0110809 0.202544 -0.97893 -0.0259368 0.348427 -0.936273 -0.0446178 0.88857 -0.288019 0.357056 0.768437 -0.430857 0.473145 0.815445 -0.288019 0.50209 0.837346 -0.430857 0.336473 0.825309 -0.563592 0.035059 0.0522861 -0.99863 -0.00228417 0.204014 -0.97893 0.00866638 0.350956 -0.936273 0.0149084 0.807513 -0.563592 0.174032 0.0519209 -0.99863 0.00657813 0.199615 -0.97893 0.0430203 0.343388 -0.936273 0.0740058 0.601599 -0.288019 0.745066 0.766486 -0.563592 0.307999 0.0500644 -0.99863 0.0152515 0.189473 -0.97893 0.0761367 0.325942 -0.936273 0.130974 0.703409 -0.563592 0.433106 0.0467699 -0.99863 0.0234868 0.173881 -0.97893 0.107063 0.299119 -0.936273 0.184175 0.620095 -0.563592 0.545753 0.042132 -0.99863 0.0310475 0.153286 -0.97893 0.134909 0.26369 -0.936273 0.232077 0.518943 -0.563592 0.642699 0.0216593 -0.99863 0.0476438 0.0995865 -0.97893 0.178268 0.036284 -0.99863 0.0377164 0.128281 -0.97893 0.158874 0.301128 -0.786609 0.539044 0.356171 -0.68311 0.637576 0.402862 -0.563592 0.721156 0.0293938 -0.99863 0.0433019 0.139604 -0.563592 0.814171 0.205698 -0.786609 0.582182 0.10435 -0.786609 0.608571 0.0828288 -0.871661 0.483059 0.0593653 -0.936273 0.346219</float_array>
          <technique_common>
            <accessor count="10245" source="#ID8" stride="3">
              <param name="X" type="float"/>
              <param name="Y" type="float"/>
              <param name="Z" type="float"/>
            </accessor>
          </technique_common>
        </source>
        <vertices id="ID9">
          <input semantic="POSITION" source="#ID5"/>
          <input semantic="NORMAL" source="#ID7"/>
        </vertices>
        <triangles count="322" material="ID10">
          <input offset="0" semantic="VERTEX" source="#ID9"/>
          <p>606 607 608 609 610 611 612 613 609 614 615 616 617 618 619 620 621 622 607 623 624 620 623 621 625 622 621 624 608 607 620 624 623 616 615 626 606 608 627 628 629 630 614 631 615 632 628 630 629 628 633 631 632 630 616 626 627 631 614 632 634 635 636 626 634 636 635 634 637 638 635 637 635 638 639 627 636 640 636 627 626 627 640 606 641 618 606 606 640 641 642 618 617 619 618 641 642 643 610 643 642 617 609 611 612 643 611 610 1142 1143 1144 1143 1145 1146 1145 1143 1142 1147 1146 1148 1145 1148 1146 1149 1150 1147 1147 1148 1149 1151 1150 1149 1151 1152 1150 1142 1144 1153 1154 1153 1155 1144 1155 1153 1156 1157 1154 1154 1155 1156 1157 1158 1159 1158 1157 1156 1158 1160 1159 1159 1160 1161 1162 1163 1164 1163 1165 1166 1165 1163 1162 1167 1166 1168 1165 1168 1166 1169 1170 1167 1167 1168 1169 1171 1170 1169 1171 1172 1170 1162 1164 1173 1174 1173 1175 1164 1175 1173 1176 1177 1174 1174 1175 1176 1177 1178 1179 1178 1177 1176 1178 1180 1179 1179 1180 1181 1250 1251 1252 1252 1253 1250 1254 1255 1256 1257 1258 1254 1254 1256 1257 1259 1258 1257 1259 1260 1258 1256 1255 1261 1261 1262 1263 1262 1261 1255 1262 1264 1263 1263 1264 1265 1344 1345 1346 1344 1347 1345 1348 1349 1350 1351 1352 1353 1351 1354 1355 1352 1356 1357 1358 1359 1357 1360 1358 1357 1361 1362 1363 1362 1358 1363 1361 1364 1362 1357 1356 1360 1363 1358 1360 1352 1351 1355 1356 1352 1355 1348 1350 1354 1351 1348 1354 1365 1366 1367 1368 1369 1370 1371 1366 1372 1373 1374 1375 1376 1377 1374 1378 1374 1379 1380 1381 1382 1383 1384 1385 1386 1387 1388 1389 1390 1391 1392 1393 1394 1387 1386 1395 1396 1397 1394 1398 1399 1396 1400 1401 1397 1397 1396 1399 1402 1403 1404 1367 1405 1406 1407 1402 1408 1407 1403 1402 1409 1410 1366 1403 1410 1404 1366 1411 1412 1411 1366 1365 1366 1413 1414 1412 1413 1366 1414 1372 1366 1415 1366 1371 1410 1416 1417 1410 1417 1404 1410 1367 1366 1410 1409 1416 1405 1367 1400 1367 1406 1365 1418 1419 1420 1400 1421 1405 1421 1400 1422 1397 1399 1422 1422 1400 1397 1387 1398 1396 1423 1424 1425 1426 1427 1370 1378 1428 1429 1426 1430 1431 1432 1426 1433 1434 1435 1436 1437 1418 1438 1439 1434 1436 1440 1435 1441 1441 1435 1434 1442 1440 1441 1443 1444 1440 1443 1440 1442 1440 1418 1420 1418 1440 1444 1445 1446 1424 1431 1430 1447 1448 1424 1420 1449 1418 1450 1418 1451 1450 1452 1418 1453 1418 1449 1453 1418 1452 1438 1437 1419 1418 1454 1448 1420 1419 1454 1420 1448 1445 1424 1424 1455 1425 1455 1424 1446 1456 1457 1370 1456 1370 1455 1455 1370 1458 1426 1432 1430 1459 1382 1381 1459 1431 1460 1459 1461 1382 1462 1378 1463 1464 1465 1379 1466 1382 1461 1464 1379 1467 1382 1466 1468 1468 1469 1382 1470 1471 1472 1374 1373 1473 1379 1473 1467 1382 1469 1470 1374 1474 1375 1474 1374 1377 1374 1473 1379 1388 1379 1465 1387 1379 1388 1475 1476 1477 1387 1478 1398 1395 1479 1387 1478 1387 1479 1370 1369 1426 1431 1459 1480 1481 1482 1383 1460 1431 1483 1461 1459 1460 1447 1483 1431 1369 1433 1426 1457 1368 1370 1484 1425 1458 1455 1458 1425 1485 1381 1391 1486 1475 1458 1458 1475 1484 1487 1488 1489 1396 1490 1491 1383 1385 1382 1383 1492 1384 1383 1493 1492 1385 1380 1382 1381 1494 1495 1380 1494 1381 1496 1497 1498 1487 1499 1488 1500 1501 1502 1378 1503 1504 1505 1506 1507 1508 1509 1481 1383 1482 1493 1481 1510 1482 1511 1512 1484 1477 1513 1475 1514 1515 1516 1517 1518 1519 1520 1484 1513 1475 1513 1484 1517 1521 1522 1484 1523 1511 1484 1520 1523 1484 1524 1525 1512 1524 1484 1484 1526 1527 1525 1526 1484 1514 1528 1515 1392 1394 1527 1484 1527 1394 1393 1529 1394 1394 1530 1531 1529 1530 1394 1394 1532 1533 1531 1532 1394 1396 1533 1490 1394 1533 1396 1396 1534 1535 1491 1534 1396 1536 1518 1515 1378 1396 1537 1535 1537 1396 1538 1536 1515 1517 1522 1539 1378 1537 1463 1540 1541 1542 1543 1544 1545 1378 1546 1503 1378 1462 1546 1547 1499 1548 1547 1540 1499 1378 1549 1428 1504 1549 1378 1378 1550 1374 1378 1429 1550 1550 1508 1374 1551 1552 1507 1374 1508 1481 1553 1481 1554 1481 1509 1554 1481 1507 1506 1481 1553 1507 1381 1555 1556 1545 1557 1558 1518 1517 1515 1515 1528 1538 1521 1517 1519 1516 1559 1560 1560 1514 1516 1561 1559 1516 1543 1542 1544 1562 1381 1563 1558 1557 1561 1561 1516 1558 1545 1558 1543 1500 1496 1498 1540 1547 1541 1540 1542 1543 1381 1564 1565 1487 1566 1499 1548 1499 1566 1567 1568 1569 1507 1487 1570 1489 1570 1487 1571 1568 1567 1572 1507 1573 1507 1570 1573 1501 1574 1569 1575 1571 1576 1481 1576 1510 1507 1572 1551 1576 1481 1506 1507 1552 1505 1510 1576 1571 1575 1568 1571 1569 1574 1567 1501 1500 1574 1502 1496 1500 1498 1577 1495 1498 1497 1577 1495 1564 1381 1577 1564 1495 1565 1555 1381 1556 1563 1381 1578 1391 1562 1381 1562 1391 1389 1391 1579 1391 1578 1579 1391 1390 1475 1476 1475 1580 1475 1390 1580</p>
        </triangles>
        <triangles count="12688" material="ID11">
          <input offset="0" semantic="VERTEX" source="#ID9"/>
          <p>0 1 2 3 4 5 3 6 4 7 5 8 4 8 5 9 10 7 7 8 9 10 11 12 11 10 9 13 14 15 11 16 12 17 18 19 20 21 22 23 24 25 26 27 28 29 30 31 32 33 34 35 36 32 36 35 27 32 34 35 29 26 28 26 36 27 30 29 28 23 31 24 24 31 30 19 18 25 25 18 23 20 22 17 19 20 17 21 1 0 22 21 0 2 14 13 2 1 14 12 16 15 16 13 15 37 38 39 38 40 41 40 38 37 42 41 43 40 43 41 44 45 42 42 43 44 45 46 47 46 45 44 48 47 49 46 49 47 50 51 48 48 49 50 51 52 53 52 51 50 54 53 55 52 55 53 56 57 54 54 55 56 57 58 59 58 57 56 60 59 61 58 61 59 62 63 60 60 61 62 63 64 65 64 63 62 66 65 67 64 67 65 68 69 66 66 67 68 69 70 71 70 69 68 72 71 73 70 73 71 74 75 72 72 73 74 37 39 76 77 78 76 76 39 77 78 79 80 79 78 77 81 80 82 79 82 80 83 84 81 81 82 83 84 85 86 85 84 83 87 86 88 85 88 86 89 90 87 87 88 89 90 91 92 91 90 89 91 93 92 94 95 93 92 93 95 94 96 97 97 95 94 98 96 99 96 98 97 100 101 99 98 99 101 100 102 103 103 101 100 104 102 105 102 104 103 106 107 105 104 105 107 106 108 109 109 107 106 110 108 111 108 110 109 110 111 74 74 111 75 112 113 114 115 116 117 118 114 119 113 119 114 120 121 118 118 119 120 121 122 123 122 121 120 124 123 125 122 125 123 126 127 124 124 125 126 127 128 129 128 127 126 130 129 131 128 131 129 132 133 130 130 131 132 134 133 132 134 135 133 113 112 136 137 138 136 136 112 137 138 139 140 139 138 137 141 140 142 139 142 140 143 144 141 141 142 143 144 145 146 145 144 143 147 146 148 145 148 146 149 150 147 147 148 149 150 151 152 151 150 149 151 116 152 153 154 155 152 116 115 156 157 158 159 160 161 162 163 164 165 166 167 168 169 170 171 172 173 174 175 176 177 178 179 180 181 182 174 182 181 180 183 184 184 181 180 185 183 186 183 185 184 135 187 186 185 186 187 134 187 135 175 179 176 174 176 182 177 169 178 175 177 179 168 170 171 178 169 168 173 172 164 171 170 172 166 163 162 163 173 164 156 165 167 167 166 162 157 161 158 156 158 165 159 153 160 157 159 161 155 154 117 160 153 155 115 117 154 188 189 190 191 192 193 194 195 196 197 198 199 200 201 202 200 202 196 203 201 200 195 194 199 196 202 194 189 198 197 198 195 199 204 188 190 190 189 197 205 204 206 204 205 188 207 205 206 207 208 209 208 207 206 191 209 192 208 192 209 191 193 210 211 212 210 210 193 211 212 213 214 213 212 211 215 216 217 213 215 214 218 219 220 221 222 223 222 224 225 218 225 224 224 222 221 219 216 220 218 220 225 215 217 214 219 217 216 226 227 228 229 230 231 232 228 233 227 233 228 234 235 232 232 233 234 235 236 237 236 235 234 238 237 239 236 239 237 240 241 238 238 239 240 241 242 243 242 241 240 244 243 245 242 245 243 246 247 244 244 245 246 248 247 246 248 249 247 227 226 250 251 252 250 250 226 251 252 253 254 253 252 251 255 254 256 253 256 254 257 258 255 255 256 257 258 259 260 259 258 257 261 260 262 259 262 260 263 264 261 261 262 263 264 265 266 265 264 263 265 230 266 267 268 269 266 230 229 270 271 272 273 274 275 276 277 278 279 280 281 282 283 284 285 286 287 288 289 290 291 292 293 294 295 296 288 296 295 294 297 298 298 295 294 299 297 300 297 299 298 249 301 300 299 300 301 248 301 249 289 293 290 288 290 296 291 283 292 289 291 293 282 284 285 292 283 282 287 286 278 285 284 286 280 277 276 277 287 278 270 279 281 281 280 276 271 275 272 270 272 279 273 267 274 271 273 275 269 268 231 274 267 269 229 231 268 302 303 304 305 306 307 306 308 307 309 310 305 305 307 309 310 311 312 311 310 309 304 312 313 311 313 312 304 313 302 303 314 315 314 303 302 316 315 317 314 317 315 318 319 316 316 317 318 319 320 321 320 319 318 322 323 324 320 325 321 326 327 328 329 330 331 332 333 334 335 336 337 338 339 335 339 338 333 336 335 339 332 334 326 333 338 334 331 328 327 328 332 326 323 330 329 329 331 327 324 325 322 323 322 330 325 324 321 340 341 342 343 344 345 346 342 347 341 347 342 348 349 346 346 347 348 349 350 351 350 349 348 352 351 353 350 353 351 354 355 352 352 353 354 355 356 357 356 355 354 358 357 359 356 359 357 360 361 358 358 359 360 362 361 360 362 363 361 341 340 364 365 366 364 364 340 365 366 367 368 367 366 365 369 368 370 367 370 368 371 372 369 369 370 371 372 373 374 373 372 371 375 374 376 373 376 374 377 378 375 375 376 377 378 379 380 379 378 377 379 344 380 381 382 383 380 344 343 384 385 386 387 388 389 390 391 392 393 394 395 396 397 398 399 400 401 402 403 404 405 406 407 408 409 410 402 410 409 408 411 412 412 409 408 413 411 414 411 413 412 363 415 414 413 414 415 362 415 363 403 407 404 402 404 410 405 397 406 403 405 407 396 398 399 406 397 396 401 400 392 399 398 400 394 391 390 391 401 392 384 393 395 395 394 390 385 389 386 384 386 393 387 381 388 385 387 389 383 382 345 388 381 383 343 345 382 416 417 418 419 420 421 422 423 418 416 418 423 422 424 425 425 423 422 425 424 426 427 428 426 426 424 427 428 429 430 429 428 427 431 432 433 429 431 430 434 435 436 437 438 439 419 421 440 441 442 420 443 444 445 446 447 448 449 450 451 452 449 453 453 444 452 449 452 450 445 447 443 453 445 444 446 448 440 443 447 446 421 420 442 440 448 419 435 434 441 441 434 442 435 437 436 438 432 439 437 439 436 431 433 430 438 433 432 454 455 456 457 458 459 460 456 461 455 461 456 462 463 460 460 461 462 463 464 465 464 463 462 466 465 467 464 467 465 468 469 466 466 467 468 469 470 471 470 469 468 472 471 473 470 473 471 474 475 472 472 473 474 476 475 474 476 477 475 455 454 478 479 480 478 478 454 479 480 481 482 481 480 479 483 482 484 481 484 482 485 486 483 483 484 485 486 487 488 487 486 485 489 488 490 487 490 488 491 492 489 489 490 491 492 493 494 493 492 491 493 458 494 495 496 497 494 458 457 498 499 500 501 502 503 504 505 506 507 508 509 510 511 512 513 514 515 516 517 518 519 520 521 522 523 524 516 524 523 522 525 526 526 523 522 527 525 528 525 527 526 477 529 528 527 528 529 476 529 477 517 521 518 516 518 524 519 511 520 517 519 521 510 512 513 520 511 510 515 514 506 513 512 514 508 505 504 505 515 506 498 507 509 509 508 504 499 503 500 498 500 507 501 495 502 499 501 503 497 496 459 502 495 497 457 459 496 530 531 532 533 534 535 536 537 538 539 540 541 542 543 544 545 546 547 548 549 550 551 552 553 554 555 556 557 534 558 559 533 535 560 561 562 563 564 565 564 560 562 563 565 558 560 564 563 534 557 535 558 565 557 559 551 533 553 552 554 551 559 552 546 556 555 556 553 554 549 545 547 547 546 555 550 541 548 549 548 545 541 550 539 544 543 540 539 544 540 542 536 538 543 542 538 537 531 530 537 536 531 566 567 532 567 530 532 568 569 570 571 572 573 574 575 570 568 570 575 574 576 577 577 575 574 577 576 578 579 580 578 578 576 579 580 581 582 581 580 579 583 584 585 581 583 582 586 587 588 589 590 591 571 573 592 593 594 572 595 596 597 598 599 600 601 602 603 604 601 605 605 596 604 601 604 602 597 599 595 605 597 596 598 600 592 595 599 598 573 572 594 592 600 571 587 586 593 593 586 594 587 589 588 590 584 591 589 591 588 583 585 582 590 585 584 1266 1267 1268 1269 1270 1271 1272 1273 1268 1266 1268 1273 1272 1274 1275 1275 1273 1272 1276 1274 1277 1274 1276 1275 1278 1279 1277 1276 1277 1279 1278 1280 1281 1281 1279 1278 1282 1280 1283 1280 1282 1281 1284 1285 1283 1282 1283 1285 1284 1286 1287 1287 1285 1284 1286 1288 1287 1286 1289 1288 1267 1266 1290 1290 1291 1292 1292 1267 1290 1293 1291 1294 1291 1293 1292 1295 1296 1294 1293 1294 1296 1295 1297 1298 1298 1296 1295 1299 1297 1300 1297 1299 1298 1301 1302 1300 1299 1300 1302 1301 1303 1304 1304 1302 1301 1305 1303 1271 1303 1305 1304 1305 1271 1270 1306 1307 1308 1269 1309 1310 1311 1312 1313 1314 1315 1316 1317 1318 1319 1320 1321 1322 1323 1320 1322 1324 1325 1326 1327 1328 1329 1318 1317 1330 1331 1328 1327 1329 1332 1327 1333 1334 1335 1331 1336 1334 1337 1333 1335 1333 1337 1338 1335 1334 1336 1339 1338 1337 1331 1334 1328 1339 1288 1289 1289 1338 1339 1332 1340 1324 1340 1332 1329 1325 1341 1326 1340 1325 1324 1330 1342 1341 1326 1341 1342 1319 1318 1321 1317 1342 1330 1323 1322 1313 1320 1319 1321 1316 1312 1311 1311 1313 1322 1314 1343 1315 1316 1315 1312 1306 1343 1307 1314 1307 1343 1309 1308 1310 1306 1308 1309 1269 1310 1270 1581 1582 1583 1584 1585 1586 1587 1588 1589 1590 1591 1581 1581 1583 1590 1592 1588 1593 1592 1593 1594 1591 1595 1596 1595 1591 1590 1594 1597 1598 1597 1599 1598 1600 1596 1601 1595 1601 1596 1584 1599 1602 1584 1602 1603 1604 1605 1600 1600 1601 1604 1585 1584 1603 1605 1606 1607 1606 1605 1604 1608 1607 1609 1606 1609 1607 1610 1611 1608 1608 1609 1610 1611 1612 1613 1612 1611 1610 1614 1613 1615 1612 1615 1613 1616 1617 1614 1614 1615 1616 1617 1618 1619 1618 1617 1616 1620 1619 1621 1618 1621 1619 1621 1622 1620 1620 1622 1623 1624 1620 1623 1625 1626 1627 1625 1627 1624 1625 1624 1623 1628 1583 1582 1628 1629 1630 1629 1628 1582 1631 1630 1632 1629 1632 1630 1633 1634 1631 1631 1632 1633 1634 1635 1636 1635 1634 1633 1636 1637 1638 1635 1637 1636 1639 1640 1638 1636 1638 1640 1639 1641 1642 1642 1640 1639 1643 1641 1644 1641 1643 1642 1643 1644 1645 1646 1647 1645 1645 1644 1646 1647 1648 1649 1648 1647 1646 1650 1649 1651 1648 1651 1649 1652 1653 1650 1650 1651 1652 1653 1654 1655 1654 1653 1652 1585 1655 1586 1654 1586 1655 1592 1594 1598 1599 1597 1602 1656 1589 1657 1593 1588 1587 1627 1658 1657 1656 1657 1658 1626 1658 1627 1589 1656 1587 1659 1660 1661 1662 1663 1664 1665 1666 1667 1668 1669 1670 1671 1672 1673 1674 1675 1676 1677 1678 1679 1680 1681 1682 1683 1684 1685 1686 1663 1687 1688 1662 1664 1689 1690 1691 1692 1693 1694 1693 1689 1691 1692 1694 1687 1689 1693 1692 1663 1686 1664 1687 1694 1686 1688 1680 1662 1682 1681 1683 1680 1688 1681 1675 1685 1684 1685 1682 1683 1678 1674 1676 1676 1675 1684 1679 1670 1677 1678 1677 1674 1670 1679 1668 1673 1672 1669 1668 1673 1669 1671 1665 1667 1672 1671 1667 1666 1660 1659 1666 1665 1660 1695 1696 1661 1696 1659 1661 1697 1698 1699 1700 1701 1702 1703 1699 1704 1698 1704 1699 1705 1706 1703 1703 1704 1705 1706 1707 1708 1707 1706 1705 1709 1708 1710 1707 1710 1708 1711 1712 1709 1709 1710 1711 1712 1713 1714 1713 1712 1711 1715 1714 1716 1713 1716 1714 1717 1718 1715 1715 1716 1717 1719 1718 1717 1719 1720 1718 1698 1697 1721 1722 1723 1721 1721 1697 1722 1723 1724 1725 1724 1723 1722 1726 1725 1727 1724 1727 1725 1728 1729 1726 1726 1727 1728 1729 1730 1731 1730 1729 1728 1732 1731 1733 1730 1733 1731 1734 1735 1732 1732 1733 1734 1735 1736 1737 1736 1735 1734 1736 1701 1737 1738 1739 1740 1737 1701 1700 1741 1742 1743 1744 1745 1746 1747 1748 1749 1750 1751 1752 1753 1754 1755 1756 1757 1758 1759 1760 1761 1762 1763 1764 1765 1766 1767 1759 1767 1766 1765 1768 1769 1769 1766 1765 1770 1768 1771 1768 1770 1769 1720 1772 1771 1770 1771 1772 1719 1772 1720 1760 1764 1761 1759 1761 1767 1762 1754 1763 1760 1762 1764 1753 1755 1756 1763 1754 1753 1758 1757 1749 1756 1755 1757 1751 1748 1747 1748 1758 1749 1741 1750 1752 1752 1751 1747 1742 1746 1743 1741 1743 1750 1744 1738 1745 1742 1744 1746 1740 1739 1702 1745 1738 1740 1700 1702 1739 1773 1774 1775 1776 1777 1778 1779 1780 1781 1782 1783 1784 1785 1786 1787 1788 1789 1790 1791 1792 1793 1794 1795 1796 1797 1798 1799 1800 1801 1802 1803 1804 1805 1806 1807 1808 1803 1807 1806 1807 1803 1805 1801 1808 1802 1801 1806 1808 1795 1800 1796 1796 1800 1802 1794 1798 1795 1799 1798 1794 1797 1788 1790 1797 1799 1788 1793 1789 1791 1793 1790 1789 1782 1792 1783 1783 1792 1791 1786 1785 1784 1784 1785 1782 1777 1776 1787 1786 1777 1787 1778 1774 1773 1776 1778 1773 1775 1780 1779 1775 1774 1780 1809 1810 1781 1810 1779 1781 1811 1812 1813 1814 1815 1816 1817 1813 1818 1812 1818 1813 1819 1820 1817 1817 1818 1819 1820 1821 1822 1821 1820 1819 1823 1822 1824 1821 1824 1822 1825 1826 1823 1823 1824 1825 1826 1827 1828 1827 1826 1825 1829 1828 1830 1827 1830 1828 1831 1832 1829 1829 1830 1831 1833 1832 1831 1833 1834 1832 1812 1811 1835 1836 1837 1835 1835 1811 1836 1837 1838 1839 1838 1837 1836 1840 1839 1841 1838 1841 1839 1842 1843 1840 1840 1841 1842 1843 1844 1845 1844 1843 1842 1846 1845 1847 1844 1847 1845 1848 1849 1846 1846 1847 1848 1849 1850 1851 1850 1849 1848 1850 1815 1851 1852 1853 1854 1851 1815 1814 1855 1856 1857 1858 1859 1860 1861 1862 1863 1864 1865 1866 1867 1868 1869 1870 1871 1872 1873 1874 1875 1876 1877 1878 1879 1880 1881 1873 1881 1880 1879 1882 1883 1883 1880 1879 1884 1882 1885 1882 1884 1883 1834 1886 1885 1884 1885 1886 1833 1886 1834 1874 1878 1875 1873 1875 1881 1876 1868 1877 1874 1876 1878 1867 1869 1870 1877 1868 1867 1872 1871 1863 1870 1869 1871 1865 1862 1861 1862 1872 1863 1855 1864 1866 1866 1865 1861 1856 1860 1857 1855 1857 1864 1858 1852 1859 1856 1858 1860 1854 1853 1816 1859 1852 1854 1814 1816 1853 1887 1888 1889 1890 1891 1892 1892 1893 1890 1891 1894 1895 1894 1891 1890 1896 1895 1897 1894 1897 1895 1898 1899 1896 1896 1897 1898 1899 1888 1887 1888 1899 1898 1900 1901 1902 1889 1903 1904 1905 1906 1907 1908 1909 1910 1911 1912 1913 1914 1915 1916 1917 1918 1919 1920 1921 1922 1922 1923 1924 1915 1924 1923 1924 1920 1922 1916 1915 1923 1917 1914 1918 1918 1914 1916 1908 1910 1919 1919 1910 1917 1913 1912 1909 1908 1913 1909 1911 1907 1906 1912 1911 1906 1905 1900 1902 1905 1907 1900 1903 1901 1904 1903 1902 1901 1904 1887 1889 1925 1926 1927 1928 1929 1930 1931 1927 1932 1926 1932 1927 1933 1934 1931 1931 1932 1933 1934 1935 1936 1935 1934 1933 1937 1936 1938 1935 1938 1936 1939 1940 1937 1937 1938 1939 1940 1941 1942 1941 1940 1939 1943 1942 1944 1941 1944 1942 1945 1946 1943 1943 1944 1945 1947 1946 1945 1947 1948 1946 1926 1925 1949 1950 1951 1949 1949 1925 1950 1951 1952 1953 1952 1951 1950 1954 1953 1955 1952 1955 1953 1956 1957 1954 1954 1955 1956 1957 1958 1959 1958 1957 1956 1960 1959 1961 1958 1961 1959 1962 1963 1960 1960 1961 1962 1963 1964 1965 1964 1963 1962 1964 1929 1965 1966 1967 1968 1965 1929 1928 1969 1970 1971 1972 1973 1974 1975 1976 1977 1978 1979 1980 1981 1982 1983 1984 1985 1986 1987 1988 1989 1990 1991 1992 1993 1994 1995 1987 1995 1994 1993 1996 1997 1997 1994 1993 1998 1996 1999 1996 1998 1997 1948 2000 1999 1998 1999 2000 1947 2000 1948 1988 1992 1989 1987 1989 1995 1990 1982 1991 1988 1990 1992 1981 1983 1984 1991 1982 1981 1986 1985 1977 1984 1983 1985 1979 1976 1975 1976 1986 1977 1969 1978 1980 1980 1979 1975 1970 1974 1971 1969 1971 1978 1972 1966 1973 1970 1972 1974 1968 1967 1930 1973 1966 1968 1928 1930 1967 2001 2002 2003 2004 2005 2006 2007 2008 2003 2001 2003 2008 2007 2009 2010 2010 2008 2007 2010 2009 2011 2012 2013 2011 2011 2009 2012 2013 2014 2015 2014 2013 2012 2016 2017 2018 2014 2016 2015 2019 2020 2021 2022 2023 2024 2004 2006 2025 2026 2027 2005 2028 2029 2030 2031 2032 2033 2034 2035 2036 2037 2034 2038 2038 2029 2037 2034 2037 2035 2030 2032 2028 2038 2030 2029 2031 2033 2025 2028 2032 2031 2006 2005 2027 2025 2033 2004 2020 2019 2026 2026 2019 2027 2020 2022 2021 2023 2017 2024 2022 2024 2021 2016 2018 2015 2023 2018 2017 2039 2040 2041 2042 2043 2044 2045 2046 2047 2048 2049 2050 2051 2041 2052 2053 2054 2055 2054 2056 2055 2057 2058 2059 2060 2061 2062 2063 2064 2065 2066 2067 2068 2069 2066 2070 2071 2072 2073 2074 2075 2076 2072 2077 2073 2078 2079 2080 2081 2082 2083 2084 2085 2086 2075 2082 2076 2073 2087 2088 2089 2090 2081 2091 2092 2093 2094 2095 2073 2088 2094 2073 2096 2097 2091 2098 2099 2100 2091 2097 2092 2101 2102 2067 2103 2104 2105 2101 2067 2106 2102 2107 2067 2068 2067 2108 2095 2071 2073 2109 2110 2111 2058 2112 2113 2114 2115 2105 2067 2116 2106 2042 2114 2105 2049 2117 2118 2119 2120 2121 2044 2122 2042 2123 2124 2125 2118 2124 2123 2126 2062 2117 2062 2124 2118 2062 2126 2060 2127 2128 2061 2062 2061 2128 2129 2128 2130 2128 2127 2130 2131 2128 2132 2128 2129 2132 2133 2128 2134 2128 2131 2134 2039 2128 2135 2128 2133 2135 2041 2128 2039 2136 2041 2137 2041 2040 2137 2051 2138 2041 2041 2136 2052 2058 2041 2139 2138 2139 2041 2140 2058 2141 2058 2139 2141 2059 2058 2142 2058 2140 2142 2143 2054 2057 2054 2143 2144 2054 2058 2057 2145 2146 2053 2146 2049 2053 2147 2148 2149 2150 2151 2152 2153 2106 2116 2154 2155 2047 2156 2157 2158 2156 2158 2159 2156 2159 2160 2045 2157 2046 2157 2156 2046 2161 2162 2155 2045 2155 2162 2163 2162 2164 2162 2161 2164 2165 2162 2166 2162 2163 2166 2167 2162 2168 2162 2165 2168 2169 2162 2170 2162 2167 2171 2162 2171 2170 2172 2169 2173 2169 2170 2173 2174 2169 2175 2169 2176 2175 2169 2172 2176 2169 2174 2119 2177 2119 2178 2119 2174 2178 2179 2119 2180 2119 2177 2180 2120 2119 2181 2119 2179 2181 2121 2182 2119 2124 2119 2125 2182 2125 2119 2042 2122 2183 2043 2042 2123 2123 2125 2043 2114 2042 2184 2184 2042 2183 2185 2186 2187 2188 2066 2068 2189 2190 2191 2100 2099 2192 2087 2073 2193 2194 2195 2196 2197 2198 2199 2200 2185 2201 2187 2202 2203 2186 2204 2190 2204 2066 2190 2205 2190 2069 2066 2069 2190 2206 2190 2207 2190 2205 2207 2190 2208 2191 2190 2206 2208 2189 2209 2149 2210 2189 2211 2189 2191 2211 2189 2210 2212 2189 2212 2213 2214 2189 2215 2189 2213 2215 2189 2214 2209 2216 2149 2217 2149 2209 2217 2218 2149 2219 2149 2216 2219 2147 2149 2220 2149 2218 2220 2148 2221 2149 2157 2149 2222 2221 2222 2149 2158 2157 2223 2157 2222 2223 2116 2156 2160 2224 2116 2160 2225 2116 2224 2153 2116 2226 2226 2116 2225 2227 2073 2228 2229 2230 2231 2194 2232 2233 2097 2096 2198 2234 2235 2152 2197 2236 2237 2228 2236 2238 2237 2236 2073 2193 2073 2227 2236 2228 2073 2097 2198 2197 2097 2197 2237 2239 2240 2199 2197 2199 2240 2241 2240 2242 2240 2239 2242 2243 2240 2244 2240 2241 2244 2245 2240 2246 2240 2243 2246 2240 2245 2247 2232 2240 2248 2240 2247 2248 2194 2240 2232 2195 2194 2249 2194 2233 2249 2196 2250 2194 2187 2194 2251 2250 2251 2194 2252 2187 2253 2187 2251 2253 2254 2187 2255 2187 2252 2255 2201 2185 2203 2187 2254 2202 2185 2256 2099 2187 2203 2185 2070 2066 2188 2257 2099 2258 2258 2099 2256 2259 2260 2261 2261 2262 2234 2086 2085 2075 2107 2108 2067 2263 2077 2072 2264 2265 2266 2104 2267 2047 2105 2104 2047 2268 2266 2090 2103 2105 2269 2270 2271 2272 2273 2274 2275 2271 2270 2078 2276 2277 2278 2270 2079 2078 2279 2109 2280 2281 2282 2283 2284 2079 2285 2286 2287 2288 2079 2289 2290 2079 2290 2285 2291 2292 2289 2293 2289 2292 2294 2291 2289 2295 2294 2085 2296 2295 2297 2298 2297 2295 2299 2296 2300 2296 2297 2300 2301 2296 2302 2296 2299 2302 2303 2296 2304 2296 2301 2304 2305 2296 2306 2296 2303 2306 2296 2307 2151 2296 2305 2307 2296 2151 2150 2235 2150 2152 2262 2235 2234 2260 2262 2261 2229 2260 2259 2259 2230 2229 2229 2231 2238 2308 2238 2309 2238 2231 2309 2310 2238 2311 2238 2308 2311 2312 2238 2313 2238 2310 2313 2314 2238 2315 2238 2312 2315 2228 2238 2314 2316 2270 2317 2318 2319 2320 2321 2319 2064 2322 2053 2055 2053 2323 2324 2325 2326 2327 2323 2053 2322 2056 2054 2144 2058 2054 2112 2112 2325 2113 2325 2065 2113 2328 2065 2329 2325 2329 2065 2330 2065 2331 2065 2328 2331 2065 2332 2063 2065 2330 2332 2333 2064 2334 2064 2063 2334 2064 2333 2335 2336 2064 2337 2064 2335 2337 2064 2338 2321 2064 2336 2338 2339 2319 2340 2319 2321 2340 2341 2319 2342 2319 2339 2342 2320 2319 2343 2319 2341 2343 2318 2344 2319 2345 2319 2346 2344 2346 2319 2282 2345 2347 2345 2346 2347 2281 2348 2349 2281 2349 2350 2283 2348 2281 2109 2350 2280 2110 2109 2279 2085 2351 2352 2350 2349 2353 2354 2355 2278 2356 2357 2287 2358 2280 2350 2353 2359 2350 2360 2350 2359 2281 2345 2282 2345 2361 2286 2287 2286 2361 2345 2281 2361 2362 2363 2288 2286 2288 2363 2364 2363 2365 2363 2362 2365 2366 2363 2367 2363 2364 2367 2368 2363 2369 2363 2366 2369 2363 2368 2370 2278 2363 2354 2363 2370 2354 2371 2278 2372 2278 2355 2276 2278 2277 2372 2278 2371 2273 2373 2273 2374 2273 2371 2374 2375 2273 2376 2273 2373 2376 2274 2273 2377 2273 2375 2377 2275 2378 2273 2291 2273 2292 2378 2292 2273 2289 2293 2290 2379 2380 2085 2380 2298 2085 2080 2079 2381 2381 2079 2284 2382 2092 2098 2383 2077 2263 2077 2383 2265 2384 2385 2047 2385 2154 2047 2045 2047 2155 2047 2267 2384 2386 2049 2048 2387 2049 2386 2105 2115 2269 2387 2117 2049 2062 2118 2117 2049 2146 2050 2388 2109 2111 2326 2109 2388 2053 2324 2145 2325 2109 2326 2325 2327 2329 2316 2356 2270 2350 2360 2358 2270 2356 2287 2389 2288 2287 2287 2357 2389 2390 2085 2084 2272 2317 2270 2390 2391 2085 2085 2391 2351 2379 2085 2352 2291 2294 2295 2085 2298 2295 2086 2075 2074 2082 2075 2083 2081 2083 2089 2090 2089 2268 2266 2268 2264 2265 2264 2077 2092 2392 2393 2093 2092 2393 2092 2099 2098 2092 2382 2392 2099 2257 2192 2200 2256 2185 2204 2186 2185 2394 2395 2396 2397 2398 2399 2395 2400 2401 2400 2395 2394 2402 2401 2403 2400 2403 2401 2404 2405 2402 2402 2403 2404 2406 2405 2404 2406 2407 2405 2394 2396 2408 2409 2408 2410 2396 2410 2408 2411 2412 2409 2409 2410 2411 2412 2413 2414 2413 2412 2411 2398 2414 2399 2413 2399 2414 2415 2416 2417 2418 2419 2420 2421 2422 2423 2424 2425 2426 2427 2428 2429 2430 2431 2432 2433 2434 2435 2436 2437 2438 2439 2440 2441 2442 2443 2444 2445 2446 2447 2448 2449 2450 2451 2452 2453 2454 2455 2456 2451 2457 2458 2458 2452 2451 2459 2457 2460 2457 2459 2458 2461 2462 2460 2459 2460 2462 2461 2463 2464 2464 2462 2461 2465 2463 2466 2463 2465 2464 2407 2467 2466 2465 2466 2467 2406 2467 2407 2454 2456 2453 2452 2454 2453 2446 2455 2447 2456 2455 2446 2448 2445 2449 2445 2447 2449 2439 2441 2450 2441 2448 2450 2444 2443 2440 2444 2440 2439 2442 2434 2433 2442 2433 2443 2435 2436 2438 2434 2436 2435 2428 2437 2429 2438 2437 2428 2430 2427 2431 2427 2429 2431 2421 2423 2432 2423 2430 2432 2426 2425 2422 2426 2422 2421 2424 2416 2415 2424 2415 2425 2417 2419 2418 2416 2419 2417 2397 2420 2398 2418 2420 2397 2468 2469 2470 2471 2472 2473 2474 2470 2475 2469 2475 2470 2476 2477 2474 2474 2475 2476 2477 2478 2479 2478 2477 2476 2480 2479 2481 2478 2481 2479 2482 2483 2480 2480 2481 2482 2483 2484 2485 2484 2483 2482 2486 2485 2487 2484 2487 2485 2488 2489 2486 2486 2487 2488 2490 2489 2488 2490 2491 2489 2469 2468 2492 2493 2494 2492 2492 2468 2493 2494 2495 2496 2495 2494 2493 2497 2496 2498 2495 2498 2496 2499 2500 2497 2497 2498 2499 2500 2501 2502 2501 2500 2499 2503 2502 2504 2501 2504 2502 2505 2506 2503 2503 2504 2505 2506 2507 2508 2507 2506 2505 2507 2472 2508 2509 2510 2511 2508 2472 2471 2512 2513 2514 2515 2516 2517 2518 2519 2520 2521 2522 2523 2524 2525 2526 2527 2528 2529 2530 2531 2532 2533 2534 2535 2536 2537 2538 2530 2538 2537 2536 2539 2540 2540 2537 2536 2541 2539 2542 2539 2541 2540 2491 2543 2542 2541 2542 2543 2490 2543 2491 2531 2535 2532 2530 2532 2538 2533 2525 2534 2531 2533 2535 2524 2526 2527 2534 2525 2524 2529 2528 2520 2527 2526 2528 2522 2519 2518 2519 2529 2520 2512 2521 2523 2523 2522 2518 2513 2517 2514 2512 2514 2521 2515 2509 2516 2513 2515 2517 2511 2510 2473 2516 2509 2511 2471 2473 2510 2544 2545 2546 2547 2548 2549 2550 2551 2546 2544 2546 2551 2550 2552 2553 2553 2551 2550 2553 2552 2554 2555 2556 2554 2554 2552 2555 2556 2557 2558 2557 2556 2555 2559 2560 2561 2557 2559 2558 2562 2563 2564 2565 2566 2567 2547 2549 2568 2569 2570 2548 2571 2572 2573 2574 2575 2576 2577 2578 2579 2580 2577 2581 2581 2572 2580 2577 2580 2578 2573 2575 2571 2581 2573 2572 2574 2576 2568 2571 2575 2574 2549 2548 2570 2568 2576 2547 2563 2562 2569 2569 2562 2570 2563 2565 2564 2566 2560 2567 2565 2567 2564 2559 2561 2558 2566 2561 2560 2582 2583 2584 2585 2586 2587 2588 2585 2589 2590 2591 2586 2592 2588 2593 2594 2595 2590 2596 2597 2598 2599 2600 2594 2598 2601 2602 2603 2604 2605 2606 2607 2601 2608 2609 2610 2611 2612 2613 2614 2615 2616 2617 2618 2619 2620 2621 2622 2623 2624 2625 2626 2623 2627 2628 2629 2618 2629 2630 2624 2631 2632 2633 2634 2635 2636 2637 2619 2638 2639 2640 2641 2638 2642 2643 2644 2614 2645 2641 2610 2609 2609 2608 2646 2647 2645 2612 2646 2648 2584 2649 2583 2650 2651 2603 2652 2653 2599 2605 2606 2649 2654 2642 2616 2655 2641 2640 2610 2636 2626 2634 2608 2648 2646 2648 2582 2584 2582 2650 2583 2650 2654 2649 2654 2607 2606 2607 2602 2601 2602 2596 2598 2597 2592 2593 2596 2592 2597 2593 2588 2589 2589 2585 2587 2587 2586 2591 2591 2590 2595 2595 2594 2600 2600 2599 2653 2653 2605 2604 2604 2603 2651 2652 2656 2651 2656 2611 2613 2656 2613 2651 2611 2647 2612 2647 2644 2645 2644 2615 2614 2615 2655 2616 2655 2643 2642 2643 2637 2638 2637 2617 2619 2617 2628 2618 2628 2630 2629 2630 2625 2624 2625 2627 2623 2627 2634 2626 2635 2631 2636 2632 2620 2633 2635 2632 2631 2622 2621 2639 2633 2620 2622 2640 2639 2621 2657 2658 2659 2660 2661 2662 2663 2664 2661 2665 2666 2667 2668 2658 2669 2670 2671 2672 2673 2674 2675 2676 2677 2678 2679 2680 2681 2682 2683 2684 2685 2686 2687 2688 2689 2690 2691 2685 2687 2692 2688 2681 2688 2692 2693 2692 2681 2680 2694 2695 2696 2696 2679 2694 2696 2680 2679 2687 2686 2693 2686 2689 2688 2697 2690 2689 2698 2690 2699 2690 2697 2699 2686 2688 2693 2682 2690 2698 2700 2682 2698 2683 2682 2700 2684 2683 2701 2702 2703 2704 2705 2677 2706 2707 2708 2709 2710 2711 2712 2712 2713 2710 2714 2715 2712 2711 2716 2717 2718 2719 2720 2719 2721 2722 2723 2720 2709 2722 2724 2725 2725 2726 2717 2714 2727 2728 2726 2711 2717 2729 2707 2704 2676 2730 2727 2731 2732 2733 2731 2703 2734 2733 2735 2671 2684 2736 2706 2737 2670 2738 2684 2701 2736 2739 2740 2741 2742 2675 2737 2659 2743 2744 2744 2745 2740 2746 2747 2748 2665 2668 2666 2746 2748 2749 2746 2749 2662 2674 2750 2751 2660 2662 2749 2747 2751 2750 2746 2751 2747 2750 2674 2673 2673 2675 2742 2742 2737 2738 2738 2670 2672 2672 2671 2735 2735 2733 2732 2732 2731 2734 2734 2703 2702 2704 2703 2729 2707 2729 2708 2709 2708 2723 2720 2723 2718 2719 2718 2721 2722 2721 2724 2725 2724 2726 2716 2711 2710 2713 2712 2715 2715 2714 2728 2728 2727 2730 2730 2676 2678 2678 2677 2705 2705 2706 2736 2752 2753 2739 2754 2753 2752 2681 2753 2755 2755 2679 2681 2753 2754 2755 2753 2740 2739 2741 2740 2745 2745 2744 2743 2659 2744 2657 2658 2657 2669 2668 2669 2666 2665 2667 2663 2661 2664 2662 2663 2667 2664 2756 2757 2758 2759 2760 2761 2762 2763 2757 2758 2764 2765 2766 2767 2762 2768 2763 2767 2758 2763 2764 2764 2760 2759 2760 2764 2768 2761 2769 2759 2770 2769 2771 2762 2767 2763 2757 2763 2758 2765 2759 2770 2768 2764 2763 2765 2764 2759 2769 2770 2759 2772 2773 2774 2775 2776 2777 2778 2779 2780 2774 2781 2772 2782 2780 2783 2784 2779 2778 2782 2778 2780 2774 2785 2786 2774 2786 2787 2788 2776 2786 2776 2789 2786 2775 2777 2790 2775 2789 2776 2776 2788 2791 2791 2777 2776 2788 2786 2785 2774 2773 2785 2787 2786 2789 2772 2792 2773 2781 2774 2787 2778 2782 2792 2784 2772 2781 2792 2772 2778 2784 2778 2772 2793 2794 2795 2796 2794 2797 2798 2799 2800 2794 2793 2799 2794 2801 2795 2802 2796 2803 2796 2801 2794 2797 2804 2796 2801 2802 2805 2797 2806 2804 2797 2794 2798 2799 2798 2794 2802 2801 2796 2796 2804 2803 2807 2808 2809 2810 2811 2812 2809 2813 2814 2815 2816 2809 2817 2808 2818 2819 2809 2820 2808 2821 2822 2823 2808 2822 2808 2823 2818 2808 2807 2824 2808 2825 2826 2827 2826 2825 2825 2828 2827 2808 2824 2825 2817 2813 2809 2817 2809 2808 2820 2809 2829 2814 2829 2809 2809 2830 2815 2830 2809 2819 2810 2831 2815 2815 2831 2816 2832 2812 2811 2812 2831 2810 2833 2834 2811 2811 2834 2832 2833 2811 2835 2836 2837 2833 2836 2833 2835 2838 2839 2840 2837 2841 2833 2839 2833 2842 2841 2842 2833 2843 2839 2844 2839 2842 2844 2839 2843 2840 2845 2846 2838 2839 2838 2846 2847 2846 2848 2846 2845 2848 2849 2846 2850 2846 2847 2850 2851 2852 2853 2854 2855 2856 2857 2851 2858 2857 2852 2851 2859 2858 2856 2851 2856 2858 2855 2859 2856 2860 2861 2862 2863 2864 2865 2866 2862 2861 2861 2867 2868 2861 2860 2867 2864 2863 2868 2861 2868 2863 2865 2869 2863 2863 2870 2871 2869 2870 2863 2872 2856 2871 2863 2871 2856 2854 2856 2872 2873 2874 2875 2876 2877 2873 2875 2874 2878 2874 2879 2878 2873 2875 2876 2880 2881 2882 2883 2880 2882 2881 2884 2882 2881 2885 2884 2883 2886 2880 2885 2887 2884 2886 2883 2888 2888 2889 2886 2889 2890 2891 2890 2889 2888 2892 2893 2891 2891 2890 2892 2892 2894 2893 2895 2896 2897 2898 2899 2900 2901 2902 2903 2904 2905 2906 2907 2897 2908 2902 2901 2909 2908 2910 2911 2903 2912 2913 2914 2915 2916 2917 2918 2919 2920 2919 2921 2922 2923 2920 2924 2923 2925 2926 2913 2927 2928 2929 2930 2924 2931 2928 2932 2933 2930 2934 2932 2930 2929 2934 2930 2929 2935 2934 2936 2937 2938 2938 2939 2940 2941 2933 2932 2942 2935 2943 2944 2940 2939 2939 2941 2944 2945 2946 2947 2941 2939 2933 2939 2938 2937 2931 2943 2929 2948 2933 2937 2943 2949 2950 2948 2928 2930 2928 2931 2929 2942 2943 2950 2935 2929 2943 2939 2937 2933 2947 2936 2938 2931 2925 2949 2933 2948 2930 2951 2948 2936 2952 2950 2949 2951 2924 2928 2943 2931 2949 2931 2924 2925 2952 2949 2953 2937 2936 2948 2945 2947 2954 2925 2922 2953 2948 2951 2928 2955 2951 2946 2953 2956 2957 2955 2923 2924 2923 2922 2925 2952 2953 2957 2949 2925 2953 2951 2936 2946 2947 2946 2936 2922 2921 2956 2951 2955 2924 2958 2955 2945 2959 2956 2960 2958 2920 2923 2920 2921 2922 2957 2956 2959 2953 2922 2956 2946 2945 2955 2914 2916 2954 2921 2918 2960 2955 2958 2923 2961 2958 2916 2962 2960 2963 2961 2919 2920 2919 2918 2921 2959 2960 2962 2956 2921 2960 2958 2945 2916 2954 2916 2945 2904 2963 2918 2958 2961 2920 2961 2915 2964 2965 2962 2963 2917 2919 2964 2960 2918 2963 2918 2917 2904 2965 2963 2906 2916 2915 2961 2926 2927 2914 2904 2917 2966 2961 2964 2919 2967 2964 2927 2906 2963 2904 2967 2966 2917 2966 2905 2904 2898 2906 2899 2906 2898 2965 2964 2915 2927 2914 2927 2915 2905 2966 2968 2964 2967 2917 2967 2913 2912 2905 2895 2899 2912 2968 2966 2906 2905 2899 2905 2968 2895 2900 2899 2897 2927 2913 2967 2903 2926 2969 2902 2970 2968 2967 2912 2966 2968 2912 2902 2970 2896 2895 2895 2968 2970 2897 2896 2908 2900 2897 2907 2899 2895 2897 2926 2903 2913 2969 2901 2903 2909 2971 2970 2912 2903 2902 2909 2970 2902 2970 2971 2896 2971 2972 2896 2911 2907 2908 2896 2972 2908 2910 2908 2972 2973 2974 2975 2976 2977 2978 2977 2979 2980 2976 2979 2977 2978 2981 2976 2982 2978 2977 2983 2984 2980 2979 2983 2980 2975 2984 2983 2984 2975 2974 2985 2974 2973 2986 2987 2985 2987 2988 2974 2985 2987 2974 2988 2989 2984 2974 2988 2984 2989 2990 2980 2984 2989 2980 2982 2977 2990 2980 2990 2977 2991 2992 2993 2994 2995 2996 2997 2998 2999 3000 3001 3002 3003 3004 3005 3006 3004 3007 3008 3009 3010 3006 3007 2996 3011 3012 3013 3014 3009 3015 3016 3017 3018 3019 3016 2993 3020 3021 3022 2992 3022 3023 3024 3025 3026 3020 3027 3028 2992 3023 3029 3022 3030 3027 3019 2993 3029 2998 3031 3010 3030 3014 3032 3033 3001 3034 3035 3036 3002 3036 3037 3038 3039 3037 3040 3037 3039 3041 3042 3043 3044 3029 2993 2992 3016 3018 2993 3028 3045 3020 3021 3020 3025 3023 3022 3021 2992 3030 3022 3045 3046 3026 3026 3025 3045 3025 3020 3045 3018 2991 2993 3042 3017 3016 3027 3047 3028 2991 3030 2992 2991 3018 3048 3014 3030 2991 3045 3028 3046 3022 3027 3020 3047 3027 3032 3049 3046 3028 3017 3048 3018 3043 3042 3013 3047 3050 3051 3048 3014 2991 3048 3017 3052 3009 3014 3048 3047 3051 3049 3030 3032 3027 3032 3015 3050 3049 3028 3047 3017 3044 3052 3042 3044 3017 3050 3053 3054 3052 3009 3048 3052 3044 3055 3009 3052 3010 3051 3050 3054 3014 3015 3032 3053 3015 3008 3032 3050 3047 3043 3055 3044 3011 3013 3056 3057 3053 3008 3055 3010 3052 3055 3043 3058 2998 3010 3055 3054 3053 3059 3009 3008 3015 3008 3031 3057 3015 3053 3050 3043 3012 3058 3013 3012 3043 3057 2995 3060 3058 2998 3055 3012 3061 3058 2999 2998 3058 3060 3059 3057 3010 3031 3008 3031 2997 2995 3059 3053 3057 3011 3061 3012 3035 3056 3062 2999 3033 3063 3061 2999 3058 3061 3011 3064 2999 3061 3033 3060 2995 2994 2998 2997 3031 2996 2997 3063 3031 2995 3057 3011 3035 3064 3056 3035 3011 3001 3033 3064 3064 3033 3061 3064 3002 3001 3033 3034 3063 2994 2996 3007 2999 3063 2997 3006 3063 3034 2997 2996 2995 3035 3062 3036 3037 3062 3040 3034 3001 3065 3035 3002 3064 3002 3038 3000 3005 3066 3003 3001 3000 3065 3005 3004 3006 3034 3065 3005 3063 3006 2996 3036 3062 3037 3036 3038 3002 3041 3067 3038 3037 3041 3038 3067 3068 3000 3038 3067 3000 3068 3066 3065 3000 3068 3065 3065 3066 3005 3034 3005 3006 3069 3070 3071 3072 3073 3074 3075 3076 3077 3078 3079 3080 3081 3082 3076 3077 3076 3082 3077 3078 3075 3080 3075 3078 3079 3069 3071 3079 3071 3080 3072 3070 3073 3073 3070 3069 3083 3084 3085 3086 3083 3087 3085 3084 3088 3088 3084 3089 3086 3087 3090 3085 3091 3087 3092 3093 3094 3091 3095 3096 3097 3098 3099 3100 3097 3101 3098 3100 3102 3103 3104 3105 3085 3087 3083 3106 3088 3107 3089 3107 3088 3090 3108 3094 3090 3087 3108 3095 3109 3098 3106 3110 3099 3091 3108 3087 3088 3106 3085 3106 3109 3085 3107 3110 3106 3090 3094 3111 3094 3093 3111 3094 3108 3096 3096 3108 3091 3112 3102 3113 3106 3099 3109 3085 3109 3091 3099 3098 3109 3110 3114 3099 3096 3092 3094 3092 3096 3115 3115 3096 3112 3102 3100 3113 3109 3095 3091 3096 3095 3102 3097 3099 3114 3100 3098 3097 3116 3097 3114 3112 3096 3102 3113 3103 3117 3098 3102 3095 3103 3113 3100 3101 3104 3103 3101 3103 3100 3116 3101 3097 3105 3117 3103 3101 3116 3104 3118 3119 3120 3121 3122 3123 3124 3125 3126 3127 3128 3129 3130 3129 3128 3131 3127 3129 3130 3121 3123 3130 3128 3121 3122 3124 3126 3123 3122 3126 3118 3120 3125 3124 3118 3125 3132 3133 3134 3135 3132 3136 3134 3133 3137 3137 3133 3138 3135 3136 3139 3134 3140 3136 3141 3142 3143 3140 3144 3145 3146 3147 3148 3149 3146 3150 3147 3149 3151 3152 3153 3154 3134 3136 3132 3155 3137 3156 3138 3156 3137 3139 3157 3143 3139 3136 3157 3144 3158 3147 3155 3159 3148 3140 3157 3136 3137 3155 3134 3155 3158 3134 3156 3159 3155 3139 3143 3160 3143 3142 3160 3143 3157 3145 3145 3157 3140 3161 3151 3162 3155 3148 3158 3134 3158 3140 3148 3147 3158 3159 3163 3148 3145 3141 3143 3141 3145 3164 3164 3145 3161 3151 3149 3162 3158 3144 3140 3145 3144 3151 3146 3148 3163 3149 3147 3146 3165 3146 3163 3161 3145 3151 3162 3152 3166 3147 3151 3144 3152 3162 3149 3150 3153 3152 3150 3152 3149 3165 3150 3146 3154 3166 3152 3150 3165 3153 3167 3168 3169 3170 3171 3172 3173 3174 3175 3176 3169 3177 3178 3179 3173 3174 3173 3179 3175 3177 3173 3177 3175 3176 3168 3167 3172 3167 3169 3176 3170 3180 3171 3168 3172 3171 3181 3182 3183 3184 3185 3186 3187 3188 3189 3189 3190 3191 3192 3193 3194 3195 3196 3197 3198 3186 3185 3197 3199 3195 3200 3201 3202 3203 3201 3204 3205 3201 3200 3206 3207 3208 3202 3182 3209 3210 3211 3212 3213 3183 3202 3204 3205 3214 3215 3213 3191 3204 3214 3199 3216 3211 3217 3218 3219 3196 3220 3221 3222 3188 3185 3223 3220 3222 3211 3224 3225 3226 3221 3220 3227 3222 3221 3228 3217 3210 3229 3205 3204 3201 3197 3204 3199 3182 3181 3206 3209 3182 3208 3200 3202 3209 3213 3202 3201 3206 3230 3231 3207 3206 3231 3208 3182 3206 3197 3203 3204 3218 3196 3195 3232 3181 3183 3203 3213 3201 3203 3197 3233 3213 3203 3191 3234 3230 3181 3202 3183 3182 3215 3232 3183 3230 3206 3181 3196 3233 3197 3235 3219 3218 3236 3232 3215 3233 3191 3203 3196 3237 3233 3189 3191 3233 3238 3234 3232 3213 3215 3183 3190 3236 3215 3234 3181 3232 3219 3237 3196 3229 3239 3235 3190 3223 3236 3237 3189 3233 3219 3240 3237 3189 3237 3187 3241 3238 3236 3191 3190 3215 3190 3188 3223 3238 3232 3236 3219 3239 3240 3239 3219 3235 3242 3224 3226 3240 3187 3237 3240 3239 3225 3187 3240 3224 3223 3243 3241 3189 3188 3190 3188 3198 3185 3241 3236 3223 3239 3210 3225 3210 3239 3229 3224 3198 3187 3225 3224 3240 3225 3212 3226 3198 3224 3242 3185 3184 3243 3187 3198 3188 3198 3242 3186 3243 3223 3185 3217 3211 3210 3220 3216 3244 3226 3212 3245 3210 3212 3225 3212 3222 3245 3242 3226 3246 3226 3245 3246 3186 3242 3194 3242 3246 3194 3193 3184 3186 3216 3220 3211 3227 3220 3244 3228 3247 3245 3211 3222 3212 3228 3245 3222 3245 3247 3246 3247 3248 3246 3194 3193 3186 3246 3248 3194 3192 3194 3248 3249 3250 3251 3252 3253 3254 3255 3256 3257 3255 3257 3254 3257 3258 3252 3259 3260 3252 3261 3259 3262 3263 3264 3265 3256 3265 3266 3249 3264 3267 3263 3265 3255 3251 3268 3249 3263 3267 3264 3249 3267 3250 3269 3270 3271 3272 3269 3273 3269 3272 3270 3264 3249 3270 3272 3266 3265 3265 3264 3272 3266 3274 3256 3258 3257 3274 3255 3265 3256 3257 3256 3274 3259 3252 3258 3253 3252 3260 3254 3257 3252 3249 3268 3270 3271 3270 3268 3273 3275 3266 3264 3270 3272 3273 3266 3272 3266 3275 3274 3275 3276 3274 3274 3276 3258 3276 3277 3258 3262 3259 3277 3277 3259 3258 3260 3259 3261 3278 3279 3280 3279 3281 3280 3282 3283 3280 3278 3284 3285 3286 3283 3287 3288 3281 3279 3289 3284 3286 3290 3281 3288 3291 3292 3293 3293 3288 3294 3293 3294 3295 3296 3295 3297 3298 3299 3291 3297 3295 3294 3298 3300 3301 3300 3296 3302 3298 3291 3300 3295 3300 3291 3292 3290 3293 3281 3290 3303 3288 3293 3290 3290 3292 3303 3280 3281 3282 3281 3303 3282 3284 3280 3283 3285 3284 3289 3278 3280 3284 3296 3300 3295 3301 3300 3302 3299 3304 3292 3295 3291 3293 3299 3292 3291 3304 3305 3303 3304 3303 3292 3303 3305 3282 3305 3306 3282 3283 3286 3284 3282 3306 3283 3287 3283 3306 3307 3308 3309 3310 3307 3309 3308 3311 3312 3307 3310 3313 3314 3313 3310 3312 3309 3308 3314 3315 3316 3316 3313 3314 3317 3315 3318 3315 3317 3316 3317 3318 3319 3319 3318 3320 3321 3322 3323 3324 3325 3326 3325 3324 3327 3328 3329 3330 3330 3329 3327 3330 3331 3328 3329 3325 3327 3332 3324 3326 3332 3321 3323 3321 3332 3326 3322 3333 3323 3322 3334 3333 3335 3336 3337 3338 3339 3340 3341 3342 3343 3344 3340 3339 3340 3344 3343 3345 3343 3346 3341 3337 3336 3347 3335 3348 3349 3350 3351 3337 3348 3335 3352 3353 3350 3347 3348 3349 3354 3347 3349 3355 3354 3356 3357 3350 3349 3346 3343 3342 3344 3339 3358 3359 3337 3341 3342 3341 3336 3341 3344 3359 3360 3348 3337 3337 3359 3360 3357 3349 3348 3360 3357 3348 3351 3353 3356 3356 3354 3351 3354 3349 3351 3343 3345 3340 3338 3340 3345 3358 3361 3359 3343 3344 3341 3358 3359 3344 3361 3362 3360 3361 3360 3359 3360 3362 3357 3362 3363 3357 3352 3350 3363 3363 3350 3357 3353 3351 3350 3364 3365 3366 3367 3368 3366 3366 3369 3367 3370 3367 3371 3372 3373 3368 3369 3374 3371 3372 3368 3375 3365 3364 3376 3376 3377 3378 3377 3376 3364 3379 3380 3381 3377 3382 3378 3381 3383 3384 3379 3381 3382 3385 3386 3380 3371 3367 3369 3373 3372 3387 3388 3364 3373 3369 3366 3365 3364 3366 3373 3389 3377 3388 3377 3364 3388 3378 3382 3384 3389 3382 3377 3382 3389 3379 3383 3381 3386 3384 3382 3381 3367 3370 3368 3375 3368 3370 3387 3390 3388 3366 3368 3373 3387 3388 3373 3388 3390 3389 3390 3391 3389 3389 3391 3379 3391 3392 3379 3379 3392 3380 3385 3380 3392 3386 3381 3380 3393 3394 3395 3396 3397 3398 3399 3400 3393 3400 3399 3401 3398 3402 3403 3404 3403 3402 3405 3404 3402 3405 3406 3407 3398 3403 3396 3401 3397 3396 3401 3399 3397 3408 3409 3410 3395 3411 3399 3393 3409 3394 3410 3409 3393 3400 3410 3393 3397 3411 3412 3395 3399 3393 3398 3412 3413 3411 3397 3399 3402 3413 3406 3412 3398 3397 3413 3402 3398 3406 3405 3402 3414 3415 3416 3417 3418 3419 3420 3421 3422 3423 3424 3425 3414 3426 3420 3427 3425 3428 3419 3428 3424 3429 3427 3428 3418 3428 3419 3430 3431 3421 3430 3418 3417 3420 3432 3415 3420 3415 3414 3431 3430 3417 3432 3420 3422 3422 3421 3431 3426 3433 3421 3420 3426 3421 3433 3434 3430 3421 3433 3430 3434 3429 3418 3430 3434 3418 3429 3428 3418 3425 3424 3428 3435 3436 3437 3438 3439 3440 3440 3439 3436 3439 3438 3441 3441 3438 3442 3440 3436 3435 3435 3437 3443 3443 3444 3445 3444 3443 3437 3446 3447 3445 3445 3444 3446 3446 3448 3447 3449 3450 3451 3451 3452 3449 3453 3454 3455 3456 3457 3458 3459 3460 3461 3462 3463 3457 3464 3457 3463 3465 3457 3459 3451 3450 3453 3452 3460 3449 3449 3466 3450 3467 3454 3450 3468 3469 3470 3461 3465 3459 3457 3465 3462 3449 3460 3471 3461 3460 3452 3460 3456 3471 3468 3467 3469 3471 3466 3449 3466 3467 3450 3455 3454 3472 3453 3450 3454 3471 3456 3473 3466 3471 3474 3459 3456 3460 3456 3458 3473 3467 3466 3469 3473 3474 3471 3467 3472 3454 3466 3474 3469 3468 3472 3467 3456 3459 3457 3464 3475 3458 3457 3464 3458 3475 3476 3473 3458 3475 3473 3476 3477 3474 3473 3476 3474 3470 3469 3477 3474 3477 3469 3478 3479 3480 3481 3482 3483 3484 3485 3486 3487 3488 3489 3488 3487 3479 3490 3480 3491 3490 3478 3480 3492 3493 3494 3495 3496 3494 3483 3491 3480 3496 3497 3498 3499 3500 3501 3502 3503 3504 3504 3505 3506 3507 3508 3509 3485 3484 3510 3511 3507 3512 3507 3511 3508 3513 3514 3515 3514 3513 3516 3517 3515 3506 3518 3486 3519 3520 3521 3522 3523 3508 3503 3500 3521 3517 3500 3524 3525 3524 3506 3526 3502 3514 3527 3501 3525 3497 3528 3481 3529 3497 3496 3495 3480 3479 3483 3530 3491 3493 3493 3492 3530 3530 3490 3491 3482 3491 3483 3478 3488 3479 3531 3483 3479 3487 3532 3479 3493 3482 3495 3495 3494 3493 3481 3483 3533 3493 3491 3482 3482 3481 3528 3479 3532 3531 3533 3483 3531 3497 3495 3528 3534 3498 3525 3481 3535 3536 3495 3482 3528 3528 3529 3501 3533 3535 3481 3498 3497 3525 3524 3526 3534 3481 3536 3529 3497 3528 3501 3501 3529 3499 3499 3529 3536 3534 3525 3524 3506 3505 3526 3525 3501 3500 3537 3500 3499 3506 3524 3517 3538 3505 3504 3500 3537 3521 3524 3500 3517 3517 3513 3515 3522 3521 3537 3504 3506 3515 3539 3538 3503 3520 3513 3521 3521 3513 3517 3502 3515 3514 3516 3513 3520 3538 3504 3503 3539 3508 3511 3504 3515 3502 3523 3502 3527 3484 3514 3510 3514 3484 3527 3516 3510 3514 3539 3503 3508 3503 3502 3523 3509 3523 3540 3508 3523 3509 3518 3540 3527 3523 3527 3540 3527 3484 3518 3486 3518 3484 3541 3542 3543 3544 3545 3546 3547 3544 3548 3549 3550 3551 3552 3553 3554 3553 3555 3544 3556 3550 3557 3544 3546 3553 3556 3542 3550 3551 3550 3542 3556 3543 3542 3558 3559 3560 3561 3562 3558 3562 3563 3558 3543 3559 3541 3541 3559 3558 3550 3546 3557 3542 3563 3551 3549 3546 3550 3545 3544 3547 3557 3546 3545 3546 3549 3553 3548 3544 3555 3562 3561 3564 3551 3563 3565 3541 3563 3542 3563 3562 3565 3549 3551 3566 3551 3565 3566 3553 3549 3554 3549 3566 3554 3555 3553 3552 3560 3561 3558 3564 3567 3565 3563 3541 3558 3564 3565 3562 3567 3568 3566 3567 3566 3565 3568 3569 3554 3568 3554 3566 3552 3554 3569 3570 3571 3572 3573 3574 3572 3572 3571 3573 3575 3574 3576 3573 3576 3574 3577 3575 3576 3578 3571 3570 3578 3579 3580 3579 3578 3570 3581 3582 3580 3580 3579 3581 3581 3583 3582 3584 3585 3586 3584 3586 3587 3588 3587 3586 3589 3590 3591 3592 3590 3589 3592 3593 3590 3594 3595 3596 3596 3597 3594 3595 3594 3598 3599 3600 3601 3601 3602 3599 3599 3602 3603 3604 3605 3606 3607 3606 3605 3605 3604 3608 3609 3610 3611 3609 3612 3613 3609 3611 3612 3614 3615 3613 3612 3614 3613 3613 3616 3617 3616 3613 3615 3617 3618 3619 3616 3618 3617 3620 3617 3621 3619 3621 3617 3620 3621 3622 3620 3622 3623 3624 3625 3626 3627 3628 3629 3630 3631 3632 3632 3627 3629 3627 3633 3634 3635 3636 3634 3635 3634 3633 3637 3638 3628 3639 3637 3640 3641 3639 3640 3642 3643 3644 3645 3636 3635 3646 3636 3645 3647 3648 3649 3649 3648 3646 3647 3625 3650 3651 3646 3652 3653 3654 3655 3648 3647 3650 3624 3626 3654 3656 3657 3653 3658 3659 3660 3661 3656 3660 3660 3659 3662 3663 3659 3658 3664 3657 3665 3625 3624 3650 3653 3624 3654 3648 3666 3652 3667 3650 3624 3666 3648 3650 3636 3651 3640 3649 3646 3645 3648 3652 3646 3634 3640 3637 3636 3646 3651 3633 3627 3632 3640 3634 3636 3632 3629 3630 3628 3627 3637 3668 3630 3629 3653 3667 3624 3669 3656 3655 3664 3666 3667 3667 3666 3650 3667 3657 3664 3670 3652 3666 3666 3664 3670 3671 3651 3652 3652 3670 3671 3641 3640 3651 3651 3671 3641 3638 3639 3644 3628 3672 3668 3634 3637 3627 3637 3639 3638 3668 3629 3628 3655 3656 3653 3660 3669 3658 3670 3664 3673 3653 3657 3667 3657 3661 3665 3671 3670 3674 3664 3665 3673 3641 3671 3675 3670 3673 3674 3639 3641 3676 3671 3674 3675 3677 3642 3644 3675 3676 3641 3628 3638 3672 3639 3676 3644 3643 3672 3638 3669 3660 3656 3656 3661 3657 3662 3678 3661 3660 3662 3661 3678 3679 3665 3661 3678 3665 3679 3680 3673 3665 3679 3673 3680 3681 3674 3673 3680 3674 3681 3682 3675 3674 3681 3675 3682 3677 3676 3675 3682 3676 3677 3644 3676 3643 3638 3644 3683 3684 3685 3685 3686 3683 3687 3688 3689 3690 3684 3689 3687 3691 3688 3690 3689 3688 3692 3693 3691 3692 3691 3687 3690 3685 3684 3683 3686 3694 3695 3694 3696 3686 3696 3694 3697 3698 3695 3695 3696 3697 3698 3699 3700 3699 3698 3697 3701 3702 3699 3700 3702 3703 3699 3702 3700 3704 3705 3706 3707 3708 3709 3710 3711 3704 3712 3705 3711 3713 3714 3715 3716 3717 3718 3719 3720 3721 3722 3714 3713 3723 3724 3725 3721 3725 3719 3726 3715 3714 3704 3711 3705 3706 3713 3715 3727 3728 3729 3730 3718 3731 3710 3718 3711 3730 3732 3733 3730 3731 3732 3734 3735 3716 3710 3731 3718 3736 3737 3709 3734 3738 3739 3740 3741 3735 3741 3712 3717 3742 3740 3739 3743 3744 3733 3745 3746 3747 3733 3744 3730 3748 3749 3728 3730 3716 3718 3750 3722 3713 3751 3722 3750 3705 3713 3706 3711 3717 3712 3714 3720 3726 3750 3713 3705 3720 3752 3721 3721 3723 3725 3726 3720 3719 3720 3753 3752 3754 3723 3721 3744 3716 3730 3745 3755 3743 3755 3745 3747 3717 3711 3718 3744 3734 3716 3756 3722 3751 3736 3751 3737 3712 3750 3705 3717 3735 3741 3722 3753 3714 3737 3750 3712 3757 3752 3758 3752 3754 3721 3714 3753 3720 3753 3756 3758 3757 3754 3752 3744 3755 3734 3755 3744 3743 3747 3746 3759 3735 3717 3716 3755 3738 3734 3760 3751 3736 3737 3751 3750 3741 3737 3712 3740 3735 3739 3736 3709 3708 3709 3737 3741 3761 3758 3762 3753 3758 3752 3722 3756 3753 3756 3760 3762 3757 3758 3761 3747 3738 3755 3763 3759 3746 3729 3728 3749 3739 3735 3734 3738 3747 3764 3738 3764 3765 3708 3766 3736 3740 3709 3741 3742 3739 3765 3708 3707 3767 3707 3709 3740 3768 3762 3769 3756 3762 3758 3751 3760 3756 3760 3766 3769 3761 3762 3768 3759 3764 3747 3748 3770 3763 3771 3742 3765 3765 3739 3738 3759 3772 3764 3773 3764 3772 3767 3774 3708 3742 3707 3740 3773 3771 3765 3767 3775 3776 3775 3707 3742 3777 3769 3778 3760 3769 3762 3736 3766 3760 3766 3774 3778 3768 3769 3777 3759 3770 3772 3770 3759 3763 3771 3773 3779 3773 3765 3764 3770 3727 3772 3779 3772 3727 3775 3767 3707 3771 3775 3742 3774 3780 3778 3776 3771 3779 3781 3778 3780 3766 3778 3769 3708 3774 3766 3774 3782 3780 3777 3778 3781 3770 3728 3727 3728 3770 3748 3729 3783 3779 3779 3773 3772 3729 3779 3727 3776 3775 3771 3776 3782 3767 3783 3776 3779 3783 3782 3776 3780 3783 3784 3767 3782 3774 3783 3780 3782 3781 3780 3784 3785 3786 3787 3785 3788 3789 3790 3791 3792 3793 3794 3795 3796 3797 3798 3797 3796 3791 3799 3798 3800 3797 3800 3798 3793 3792 3794 3793 3790 3792 3792 3791 3796 3795 3789 3788 3795 3794 3789 3789 3786 3785 3801 3802 3803 3804 3801 3805 3806 3807 3808 3809 3810 3811 3812 3813 3814 3813 3812 3808 3815 3816 3814 3812 3814 3816 3806 3811 3807 3808 3807 3813 3810 3817 3811 3806 3809 3811 3805 3801 3803 3817 3803 3802 3810 3803 3817 3805 3818 3804 3819 3820 3821 3822 3823 3824 3825 3826 3827 3828 3829 3830 3831 3832 3833 3834 3835 3836 3837 3838 3839 3840 3841 3842 3843 3841 3840 3844 3845 3841 3842 3845 3846 3847 3848 3849 3848 3850 3851 3845 3842 3841 3852 3843 3853 3840 3853 3843 3854 3855 3820 3844 3856 3834 3855 3857 3858 3859 3844 3834 3860 3858 3861 3839 3860 3862 3863 3864 3865 3827 3822 3866 3867 3838 3868 3863 3869 3870 3823 3867 3871 3872 3873 3874 3875 3876 3826 3877 3878 3879 3877 3879 3880 3881 3882 3883 3884 3876 3885 3886 3887 3888 3887 3886 3889 3819 3821 3852 3890 3891 3884 3821 3843 3852 3845 3851 3846 3856 3841 3843 3892 3848 3893 3850 3848 3847 3846 3851 3850 3851 3894 3893 3849 3848 3892 3821 3856 3843 3854 3820 3819 3844 3894 3845 3856 3844 3841 3895 3856 3821 3894 3896 3893 3851 3893 3848 3845 3894 3851 3894 3859 3896 3892 3893 3897 3820 3895 3821 3857 3855 3854 3859 3898 3896 3895 3834 3856 3895 3820 3899 3835 3834 3895 3896 3897 3893 3844 3859 3894 3898 3859 3836 3900 3897 3896 3855 3899 3820 3861 3858 3857 3865 3901 3863 3899 3835 3895 3901 3899 3855 3865 3835 3899 3902 3900 3898 3834 3836 3859 3836 3903 3902 3900 3896 3898 3858 3901 3855 3862 3860 3861 3865 3903 3835 3901 3865 3899 3904 3901 3858 3905 3902 3906 3836 3902 3898 3835 3903 3836 3903 3864 3906 3900 3902 3905 3860 3904 3858 3837 3839 3862 3906 3864 3907 3904 3863 3901 3904 3860 3908 3869 3863 3904 3903 3906 3902 3865 3864 3903 3864 3870 3907 3905 3906 3909 3839 3908 3860 3868 3838 3837 3830 3829 3910 3908 3869 3904 3910 3908 3839 3829 3869 3908 3907 3909 3906 3863 3870 3864 3911 3870 3912 3913 3909 3907 3838 3910 3839 3871 3867 3868 3829 3912 3869 3910 3829 3908 3914 3910 3838 3913 3911 3915 3870 3911 3907 3869 3912 3870 3912 3828 3915 3913 3907 3911 3867 3914 3838 3824 3823 3871 3916 3915 3828 3914 3830 3910 3917 3914 3867 3918 3830 3914 3912 3915 3911 3829 3828 3912 3916 3828 3919 3913 3915 3920 3823 3917 3867 3866 3822 3824 3918 3919 3830 3917 3918 3914 3872 3917 3823 3874 3918 3917 3915 3916 3920 3830 3919 3828 3921 3919 3922 3920 3916 3921 3822 3872 3823 3825 3827 3866 3874 3922 3918 3872 3874 3917 3822 3923 3872 3922 3924 3921 3919 3921 3916 3918 3922 3919 3922 3925 3924 3920 3921 3926 3827 3923 3822 3875 3826 3825 3873 3925 3874 3923 3873 3872 3878 3923 3827 3877 3873 3923 3924 3926 3921 3874 3925 3922 3927 3925 3928 3929 3926 3924 3826 3878 3827 3885 3876 3875 3877 3928 3873 3878 3877 3923 3826 3930 3878 3928 3931 3927 3925 3927 3924 3873 3928 3925 3928 3880 3931 3929 3924 3927 3876 3930 3826 3884 3885 3932 3881 3933 3882 3930 3879 3878 3876 3883 3930 3882 3879 3930 3931 3929 3927 3877 3880 3928 3833 3880 3831 3934 3929 3931 3884 3883 3876 3890 3887 3889 3882 3831 3879 3883 3882 3930 3883 3891 3881 3832 3934 3833 3880 3833 3931 3879 3831 3880 3832 3831 3933 3934 3931 3833 3884 3932 3890 3887 3932 3935 3881 3891 3936 3884 3891 3883 3891 3889 3936 3882 3933 3831 3937 3832 3933 3938 3881 3936 3937 3933 3938 3934 3832 3937 3932 3887 3890 3888 3887 3935 3886 3939 3936 3890 3889 3891 3886 3936 3889 3881 3938 3933 3937 3939 3940 3936 3939 3938 3939 3937 3938 3934 3937 3940 3941 3942 3943 3941 3944 3945 3944 3946 3945 3947 3944 3948 3949 3941 3945 3948 3950 3947 3942 3941 3949 3943 3951 3941 3943 3942 3952 3941 3953 3944 3953 3941 3951 3944 3953 3948 3947 3954 3944 3946 3944 3954 3955 3956 3957 3958 3959 3960 3961 3962 3963 3964 3965 3966 3967 3968 3969 3969 3970 3971 3972 3973 3974 3975 3976 3977 3978 3979 3980 3964 3981 3982 3983 3984 3985 3986 3987 3988 3955 3988 3987 3989 3990 3972 3966 3991 3958 3992 3981 3993 3987 3986 3993 3994 3995 3996 3997 3998 3999 4000 4001 3970 4002 4003 4004 4005 4006 4007 4008 4009 4010 4011 4012 3998 4010 4013 3999 4013 3997 3999 4014 4013 4010 3992 3993 3986 4003 4015 4007 3957 4016 3955 3955 3987 3956 4017 3956 3987 3956 4018 3957 3985 3984 4016 3955 4016 3984 4016 3957 3978 3984 3983 4019 4020 4021 3983 3993 4017 3987 3982 3981 3992 4018 3978 3957 4017 4018 3956 4017 3993 4022 3978 4020 4016 4017 4023 4018 4018 3979 3978 4020 3983 3985 4016 4020 3985 4021 4020 3980 4019 3983 4024 3981 4022 3993 3965 3964 3982 4023 3979 4018 4022 4023 4017 3981 4025 4022 3979 4026 3980 4022 3994 4023 4027 3979 4023 4024 3983 4021 3978 3980 4020 4028 3980 4026 3964 4025 3981 3991 3966 3965 3994 4027 4023 4025 3994 4022 4029 4025 3964 4027 4026 3979 4025 3995 3994 4021 3980 4028 4027 3994 3996 4026 4030 4031 4024 4028 4031 4021 4028 4024 3966 4029 3964 3959 3958 3991 4032 3996 4033 4029 3995 4025 4034 4029 3966 3996 4030 4027 4029 4035 3995 4033 3996 3995 4026 4031 4028 4027 4030 4026 4036 4030 4032 4024 4031 4037 3958 4034 3966 4002 3960 3959 4035 4033 3995 4034 4035 4029 3958 4038 4034 4036 4032 4039 4034 4040 4035 3963 4033 4035 4030 4036 4031 3996 4032 4030 4032 4041 4039 4037 4031 4036 3960 4038 3958 4003 4002 4015 4040 3963 4035 4038 4040 4034 4038 3960 4042 3963 4041 4033 4038 4043 4040 4040 3961 3963 4039 4037 4036 4033 4041 4032 4044 4041 3962 4037 4039 4044 3960 4004 4042 4002 4004 3960 4043 3961 4040 4042 4043 4038 4004 4045 4042 3961 4046 3962 4042 4001 4043 4047 3961 4043 4041 4044 4039 3963 3962 4041 4048 3962 4046 4037 4044 4049 4003 4045 4004 4005 4007 4015 4001 4047 4043 4045 4001 4042 4050 4045 4003 4047 4046 3961 4045 3970 4001 4044 3962 4048 4047 4001 4000 4046 4051 4052 4049 4048 4052 4044 4048 4049 4007 4050 4003 4012 4006 4005 4053 4000 3969 4050 3970 4045 4007 4054 4050 4000 4051 4047 3971 3970 4050 3969 4000 3970 4046 4052 4048 4047 4051 4046 4055 4051 4053 4049 4052 4056 4006 4054 4007 3998 4012 4057 3971 3989 3967 4054 3971 4050 4054 4006 4058 4055 4053 4059 3989 3971 4054 3967 3969 3971 4051 4055 4052 4000 4053 4051 4053 3968 4059 4056 4052 4055 4006 4011 4058 4012 4011 4006 3972 3974 4060 4058 3989 4054 4061 4058 4011 3972 4060 3967 3990 3989 4058 3967 3989 3972 4059 4056 4055 3969 3968 4053 3976 3968 4060 3975 4056 4059 3998 4061 4011 3999 4057 4062 4063 3990 4061 4061 3990 4058 4061 3997 4063 3973 3972 3990 4063 3973 3990 4060 3977 3976 3968 3976 4059 3967 4060 3968 4060 3974 3977 3975 4059 3976 4057 3999 3998 4062 4008 4010 4063 3997 4064 3998 3997 4061 3997 4013 4064 3973 4063 4065 4063 4064 4065 3974 3973 4066 3973 4065 4066 4066 3977 3974 4067 3977 4066 4062 4010 3999 4009 4014 4010 4014 4068 4013 4013 4068 4064 4068 4069 4064 4069 4070 4065 4069 4065 4064 4070 4071 4066 4070 4066 4065 4067 4066 4071 3975 3977 4067 4072 4073 4074 4075 4074 4073 4072 4076 4077 4078 4074 4075 4072 4077 4073 4078 4079 4080 4079 4078 4075 4081 4080 4082 4079 4082 4080 4081 4082 4083 4084 4085 4086 4087 4086 4088 4087 4088 4089 4084 4086 4087 4090 4084 4091 4090 4085 4084 4092 4091 4084 4093 4088 4094 4093 4089 4088 4094 4095 4096 4096 4093 4094 4097 4095 4098 4095 4097 4096 4097 4098 4099 4100 4101 4102 4103 4104 4105 4106 4107 4100 4100 4102 4106 4108 4109 4106 4106 4109 4107 4106 4110 4108 4111 4108 4110 4101 4112 4102 4113 4112 4114 4112 4113 4102 4115 4113 4116 4114 4116 4113 4117 4118 4115 4115 4116 4117 4118 4119 4120 4119 4118 4117 4119 4105 4120 4120 4105 4104 4104 4121 4122 4104 4103 4121 4122 4123 4104 4124 4123 4122 4125 4126 4127 4125 4127 4128 4129 4130 4131 4132 4133 4134 4135 4136 4137 4129 4131 4138 4139 4130 4129 4140 4141 4142 4129 4138 4141 4143 4144 4140 4140 4142 4143 4145 4146 4147 4147 4144 4148 4147 4148 4145 4148 4144 4143 4142 4141 4138 4139 4149 4130 4149 4150 4151 4150 4149 4139 4136 4151 4137 4150 4137 4151 4152 4153 4154 4155 4156 4157 4158 4153 4152 4154 4153 4156 4159 4155 4157 4156 4155 4154 4133 4159 4160 4159 4133 4155 4133 4161 4162 4160 4161 4133 4132 4137 4133 4162 4134 4133 4132 4135 4137 4163 4164 4165 4166 4167 4168 4169 4168 4163 4170 4171 4172 4171 4173 4174 4174 4175 4171 4168 4176 4166 4177 4166 4176 4178 4164 4179 4168 4167 4170 4164 4180 4165 4164 4178 4180 4181 4182 4178 4180 4178 4182 4181 4183 4184 4184 4182 4181 4185 4186 4187 4183 4188 4184 4189 4190 4191 4189 4191 4186 4192 4190 4193 4194 4195 4188 4187 4195 4194 4188 4183 4194 4195 4196 4197 4176 4168 4169 4167 4198 4170 4199 4181 4178 4169 4163 4165 4170 4172 4163 4200 4183 4181 4172 4179 4164 4201 4194 4183 4179 4199 4178 4189 4186 4202 4199 4200 4181 4194 4185 4187 4201 4183 4200 4195 4187 4196 4201 4185 4194 4203 4196 4187 4168 4170 4163 4175 4174 4204 4175 4205 4179 4163 4172 4164 4179 4172 4175 4205 4206 4199 4205 4199 4179 4206 4207 4200 4200 4199 4206 4207 4208 4201 4207 4201 4200 4208 4202 4185 4185 4201 4208 4187 4186 4203 4186 4185 4202 4191 4203 4186 4170 4198 4171 4173 4171 4198 4204 4209 4205 4172 4171 4175 4206 4209 4210 4204 4205 4175 4209 4206 4205 4210 4211 4207 4208 4211 4212 4210 4207 4206 4202 4212 4213 4211 4208 4207 4189 4213 4193 4212 4202 4208 4193 4190 4189 4213 4189 4202 4214 4215 4216 4217 4218 4219 4218 4217 4220 4221 4222 4218 4223 4221 4218 4224 4225 4226 4217 4227 4228 4226 4229 4230 4221 4226 4225 4231 4230 4229 4217 4228 4232 4233 4234 4228 4233 4228 4227 4235 4234 4236 4234 4235 4228 4237 4238 4236 4235 4236 4238 4214 4239 4215 4214 4238 4237 4237 4240 4239 4216 4241 4238 4237 4239 4214 4216 4238 4214 4241 4242 4235 4241 4235 4238 4242 4232 4228 4242 4228 4235 4232 4220 4217 4218 4220 4223 4219 4227 4217 4221 4223 4243 4222 4219 4218 4226 4243 4229 4225 4222 4221 4226 4221 4243 4224 4226 4230 4244 4245 4246 4247 4248 4245 4249 4250 4251 4252 4253 4254 4255 4250 4256 4246 4257 4258 4259 4246 4260 4248 4247 4261 4260 4262 4259 4263 4251 4255 4264 4257 4265 4266 4265 4267 4265 4266 4264 4268 4269 4267 4266 4267 4269 4268 4270 4271 4271 4269 4268 4272 4273 4274 4275 4276 4277 4276 4278 4277 4272 4274 4279 4270 4280 4271 4281 4282 4273 4280 4275 4283 4275 4280 4270 4283 4277 4284 4260 4246 4258 4259 4244 4246 4265 4253 4267 4258 4257 4264 4245 4285 4257 4267 4252 4268 4285 4253 4265 4268 4286 4270 4253 4252 4267 4287 4275 4270 4268 4252 4286 4288 4277 4278 4270 4286 4287 4284 4277 4288 4275 4287 4276 4283 4275 4277 4246 4245 4257 4244 4247 4245 4289 4286 4252 4257 4285 4265 4248 4263 4285 4290 4287 4286 4263 4254 4253 4291 4276 4287 4254 4289 4252 4292 4278 4276 4289 4290 4286 4293 4279 4274 4290 4291 4287 4291 4292 4276 4288 4278 4293 4293 4278 4279 4248 4285 4245 4249 4251 4261 4294 4255 4256 4285 4263 4253 4255 4254 4263 4294 4295 4289 4294 4254 4255 4296 4295 4297 4295 4290 4289 4298 4296 4299 4296 4290 4295 4298 4300 4292 4298 4291 4296 4272 4279 4300 4279 4292 4300 4278 4292 4279 4248 4261 4251 4263 4248 4251 4294 4256 4301 4250 4255 4251 4295 4301 4297 4289 4254 4294 4296 4297 4299 4301 4295 4294 4298 4299 4302 4291 4290 4296 4300 4302 4303 4292 4291 4298 4272 4303 4281 4302 4300 4298 4281 4273 4272 4303 4272 4300 4304 4305 4306 4307 4308 4309 4310 4311 4312 4313 4314 4311 4315 4316 4317 4318 4307 4319 4320 4321 4322 4319 4307 4323 4316 4320 4324 4325 4326 4327 4320 4315 4328 4312 4311 4319 4310 4329 4311 4330 4329 4310 4331 4329 4330 4331 4330 4332 4333 4334 4335 4332 4336 4331 4304 4337 4305 4338 4337 4304 4337 4339 4305 4332 4338 4336 4340 4341 4333 4342 4343 4334 4343 4335 4334 4334 4344 4345 4340 4306 4341 4338 4304 4336 4306 4340 4304 4331 4346 4329 4336 4340 4347 4311 4329 4313 4331 4347 4346 4319 4311 4314 4346 4313 4329 4317 4308 4307 4307 4309 4323 4312 4319 4323 4318 4319 4314 4317 4307 4315 4304 4340 4336 4333 4341 4348 4313 4346 4349 4336 4347 4331 4347 4333 4335 4314 4313 4350 4346 4335 4349 4318 4314 4351 4313 4349 4350 4315 4318 4328 4351 4314 4350 4307 4318 4315 4318 4351 4328 4316 4315 4320 4340 4333 4347 4348 4344 4334 4343 4352 4349 4347 4335 4346 4349 4335 4343 4352 4353 4350 4350 4349 4352 4353 4354 4351 4351 4350 4353 4354 4321 4328 4328 4351 4354 4326 4325 4322 4328 4321 4320 4324 4320 4322 4348 4334 4333 4345 4342 4334 4342 4355 4343 4343 4355 4352 4355 4356 4352 4352 4356 4353 4356 4357 4353 4357 4358 4354 4357 4354 4353 4358 4359 4321 4358 4321 4354 4359 4326 4322 4322 4321 4359 4324 4322 4325 4360 4361 4362 4363 4364 4365 4366 4367 4368 4369 4370 4371 4372 4373 4374 4375 4376 4377 4375 4377 4378 4379 4380 4381 4380 4379 4382 4383 4384 4385 4386 4387 4388 4389 4390 4391 4392 4391 4393 4394 4395 4396 4395 4397 4398 4399 4400 4401 4402 4403 4404 4405 4406 4407 4408 4407 4409 4410 4411 4412 4411 4413 4414 4415 4416 4417 4418 4419 4420 4421 4422 4423 4424 4423 4425 4426 4427 4428 4429 4430 4431 4432 4433 4434 4435 4426 4428 4436 4437 4438 4439 4440 4441 4442 4443 4444 4437 4445 4446 4447 4448 4449 4450 4451 4447 4452 4453 4454 4454 4448 4455 4456 4457 4458 4459 4460 4452 4461 4462 4463 4463 4457 4464 4462 4465 4466 4464 4467 4461 4468 4469 4465 4469 4468 4470 4471 4469 4470 4471 4470 4472 4473 4474 4475 4474 4471 4472 4476 4477 4478 4479 4480 4481 4372 4482 4483 4484 4373 4474 4485 4477 4486 4485 4486 4487 4488 4489 4479 4490 4488 4491 4492 4493 4494 4487 4495 4496 4497 4498 4499 4497 4500 4498 4501 4502 4503 4498 4372 4499 4504 4505 4506 4502 4507 4508 4509 4510 4505 4510 4511 4506 4474 4472 4484 4373 4483 4475 4512 4464 4456 4513 4465 4461 4458 4453 4460 4460 4514 4456 4451 4455 4447 4452 4455 4515 4450 4447 4516 4517 4518 4411 4450 4516 4444 4516 4442 4444 4446 4519 4520 4520 4443 4442 4446 4521 4438 4520 4522 4521 4523 4441 4524 4437 4523 4525 4526 4527 4441 4439 4523 4436 4440 4433 4526 4432 4435 4528 4526 4432 4529 4435 4428 4528 4530 4435 4434 4431 4531 4532 4532 4427 4426 4431 4533 4534 4532 4535 4533 4534 4536 4429 4429 4422 4537 4425 4422 4536 4424 4416 4538 4539 4423 4538 4415 4418 4540 4538 4415 4541 4419 4410 4542 4418 4417 4543 4419 4542 4420 4418 4420 4540 4412 4542 4410 4544 4517 4414 4517 4406 4545 4546 4407 4547 4409 4406 4544 4547 4408 4400 4548 4547 4399 4549 4401 4404 4399 4549 4550 4551 4403 4394 4552 4549 4403 4394 4396 4551 4552 4403 4551 4553 4390 4554 4395 4553 4555 4393 4390 4556 4556 4553 4398 4557 4558 4383 4559 4391 4558 4383 4560 4561 4392 4384 4558 4562 4560 4386 4560 4385 4387 4563 4381 4388 4564 4386 4381 4565 4382 4379 4566 4379 4563 4565 4567 4382 4565 4376 4567 4378 4377 4568 4567 4376 4375 4569 4370 4568 4570 4568 4369 4571 4572 4573 4573 4574 4369 4365 4571 4575 4371 4571 4573 4576 4577 4578 4507 4579 4508 4580 4368 4367 4364 4581 4582 4366 4583 4572 4368 4583 4366 4368 4580 4577 4583 4577 4584 4585 4366 4572 4586 4572 4584 4586 4573 4572 4575 4571 4371 4364 4585 4365 4585 4571 4365 4365 4575 4363 4582 4585 4364 4368 4577 4583 4580 4578 4577 4576 4587 4588 4583 4584 4572 4589 4584 4576 4590 4363 4575 4586 4589 4574 4574 4573 4586 4363 4591 4581 4585 4572 4571 4369 4371 4573 4592 4581 4593 4370 4590 4575 4590 4591 4363 4582 4581 4592 4364 4363 4581 4577 4576 4584 4578 4587 4576 4588 4594 4595 4584 4589 4586 4596 4589 4588 4597 4591 4590 4574 4596 4570 4570 4369 4574 4591 4598 4593 4371 4370 4575 4370 4369 4568 4599 4593 4600 4569 4597 4590 4597 4598 4591 4592 4593 4599 4581 4591 4593 4576 4588 4589 4587 4594 4588 4595 4601 4602 4589 4596 4574 4603 4596 4595 4598 4597 4604 4570 4603 4378 4378 4568 4570 4598 4605 4600 4370 4569 4590 4569 4568 4377 4606 4600 4607 4604 4597 4608 4604 4605 4598 4599 4600 4606 4593 4598 4600 4588 4595 4596 4594 4601 4595 4602 4609 4610 4596 4603 4570 4611 4603 4602 4377 4608 4569 4375 4378 4611 4604 4612 4605 4607 4605 4613 4569 4608 4597 4608 4377 4376 4614 4607 4615 4612 4604 4616 4613 4605 4612 4606 4607 4614 4600 4605 4607 4595 4602 4603 4601 4609 4602 4610 4617 4618 4603 4611 4378 4619 4611 4610 4376 4616 4608 4567 4375 4619 4612 4620 4613 4621 4615 4622 4608 4616 4604 4616 4376 4565 4615 4607 4613 4566 4620 4612 4620 4622 4613 4623 4615 4621 4615 4623 4614 4602 4610 4611 4609 4617 4610 4618 4624 4625 4611 4619 4375 4619 4618 4626 4565 4566 4616 4382 4567 4626 4620 4627 4622 4628 4621 4629 4616 4566 4612 4566 4565 4379 4613 4622 4615 4563 4627 4620 4621 4630 4623 4622 4627 4629 4631 4630 4621 4610 4618 4619 4617 4624 4618 4625 4632 4633 4619 4626 4567 4634 4626 4625 4380 4564 4381 4380 4382 4634 4627 4635 4629 4636 4628 4637 4566 4563 4620 4563 4379 4381 4622 4629 4621 4388 4635 4627 4621 4628 4631 4629 4635 4637 4638 4631 4628 4618 4625 4626 4624 4632 4625 4633 4639 4640 4626 4634 4382 4641 4634 4633 4564 4562 4386 4564 4380 4641 4635 4642 4637 4643 4636 4644 4563 4388 4627 4388 4381 4386 4629 4637 4628 4387 4642 4635 4628 4636 4638 4637 4642 4644 4645 4638 4636 4625 4633 4634 4632 4639 4633 4640 4646 4647 4634 4641 4380 4648 4641 4640 4562 4561 4560 4562 4564 4648 4649 4643 4644 4650 4643 4649 4388 4387 4635 4387 4386 4560 4637 4644 4636 4385 4651 4642 4636 4643 4645 4644 4651 4649 4652 4645 4643 4633 4640 4641 4639 4646 4640 4647 4653 4654 4641 4648 4564 4655 4648 4647 4561 4557 4383 4562 4655 4561 4656 4650 4649 4642 4651 4644 4387 4385 4642 4383 4385 4560 4650 4656 4657 4384 4658 4651 4643 4650 4652 4649 4658 4656 4659 4652 4650 4640 4647 4648 4646 4653 4647 4654 4660 4661 4648 4655 4562 4662 4655 4654 4557 4559 4558 4561 4662 4557 4663 4657 4656 4651 4658 4649 4385 4384 4651 4558 4384 4383 4657 4663 4664 4392 4665 4658 4650 4657 4659 4656 4665 4663 4666 4659 4657 4647 4654 4655 4653 4660 4654 4661 4667 4668 4655 4662 4561 4669 4662 4661 4559 4389 4391 4557 4669 4559 4670 4664 4663 4658 4665 4656 4384 4392 4658 4391 4392 4558 4671 4664 4672 4393 4673 4665 4657 4664 4666 4663 4673 4670 4671 4666 4664 4654 4661 4662 4660 4667 4661 4668 4674 4675 4662 4669 4557 4676 4669 4668 4677 4670 4673 4559 4676 4389 4678 4672 4670 4665 4673 4663 4392 4393 4665 4390 4393 4391 4679 4672 4680 4556 4677 4673 4677 4678 4670 4671 4672 4679 4664 4670 4672 4661 4668 4669 4667 4674 4668 4675 4681 4682 4669 4676 4559 4683 4676 4675 4684 4678 4677 4389 4683 4554 4554 4390 4389 4678 4685 4680 4393 4556 4673 4556 4390 4553 4686 4680 4687 4398 4684 4677 4684 4685 4678 4679 4680 4686 4672 4678 4680 4668 4675 4676 4674 4681 4675 4682 4688 4689 4676 4683 4389 4690 4683 4682 4685 4684 4691 4554 4690 4555 4555 4553 4554 4685 4692 4687 4556 4398 4677 4398 4553 4395 4693 4687 4694 4397 4691 4684 4691 4692 4685 4686 4687 4693 4680 4685 4687 4675 4682 4683 4681 4688 4682 4689 4695 4696 4683 4690 4554 4697 4690 4689 4692 4691 4698 4555 4697 4396 4396 4395 4555 4692 4699 4694 4398 4397 4684 4397 4395 4394 4700 4694 4701 4698 4691 4402 4698 4699 4692 4693 4694 4700 4687 4692 4694 4682 4689 4690 4688 4695 4689 4696 4702 4703 4690 4697 4555 4697 4696 4704 4394 4402 4397 4551 4396 4704 4698 4705 4699 4706 4701 4707 4397 4402 4691 4402 4394 4403 4708 4701 4706 4705 4698 4404 4707 4699 4705 4700 4701 4708 4694 4699 4701 4689 4696 4697 4695 4702 4696 4703 4709 4710 4697 4704 4396 4711 4704 4703 4552 4550 4549 4552 4551 4711 4705 4712 4707 4713 4706 4714 4402 4404 4698 4404 4403 4549 4699 4707 4701 4401 4712 4705 4706 4715 4708 4707 4712 4714 4716 4715 4706 4696 4703 4704 4702 4709 4703 4710 4717 4718 4704 4711 4551 4719 4711 4710 4550 4548 4399 4550 4552 4719 4712 4720 4714 4721 4713 4722 4404 4401 4705 4401 4549 4399 4707 4714 4706 4400 4720 4712 4706 4713 4716 4714 4720 4722 4723 4716 4713 4703 4710 4711 4709 4717 4710 4718 4724 4725 4711 4719 4552 4726 4719 4718 4548 4546 4547 4548 4550 4726 4727 4721 4722 4728 4721 4727 4401 4400 4712 4400 4399 4547 4714 4722 4713 4408 4729 4720 4713 4721 4723 4722 4729 4727 4730 4723 4721 4710 4718 4719 4717 4724 4718 4725 4731 4732 4719 4726 4550 4733 4726 4725 4546 4405 4407 4548 4733 4546 4734 4728 4727 4720 4729 4722 4400 4408 4720 4407 4408 4547 4728 4734 4735 4409 4736 4729 4721 4728 4730 4727 4736 4734 4737 4730 4728 4718 4725 4726 4724 4731 4725 4732 4738 4739 4726 4733 4548 4740 4733 4732 4405 4545 4406 4546 4740 4405 4741 4735 4734 4729 4736 4727 4408 4409 4729 4406 4409 4407 4742 4735 4743 4544 4744 4736 4728 4735 4737 4734 4744 4741 4742 4737 4735 4725 4732 4733 4731 4738 4732 4739 4745 4746 4733 4740 4546 4747 4740 4739 4748 4741 4744 4405 4747 4545 4749 4743 4741 4736 4744 4734 4409 4544 4736 4517 4544 4406 4750 4743 4751 4414 4748 4744 4748 4749 4741 4742 4743 4750 4735 4741 4743 4732 4739 4740 4738 4745 4739 4746 4752 4753 4740 4747 4405 4754 4747 4746 4755 4749 4748 4545 4754 4518 4518 4517 4545 4749 4756 4751 4544 4414 4744 4414 4517 4411 4757 4751 4758 4413 4755 4748 4755 4756 4749 4750 4751 4757 4743 4749 4751 4739 4746 4747 4745 4752 4746 4753 4759 4760 4747 4754 4545 4761 4754 4753 4756 4755 4762 4518 4761 4412 4412 4411 4518 4756 4763 4758 4414 4413 4748 4413 4411 4410 4764 4758 4765 4762 4755 4766 4762 4763 4756 4757 4758 4764 4751 4756 4758 4746 4753 4754 4752 4759 4753 4760 4767 4768 4754 4761 4518 4769 4761 4760 4410 4766 4413 4542 4412 4769 4762 4770 4763 4771 4765 4763 4413 4766 4755 4766 4410 4419 4772 4765 4773 4770 4762 4543 4771 4763 4770 4764 4765 4772 4758 4763 4765 4753 4760 4761 4759 4767 4760 4768 4774 4775 4761 4769 4412 4769 4768 4776 4419 4543 4766 4420 4542 4776 4770 4777 4771 4778 4773 4779 4766 4543 4762 4543 4419 4418 4773 4778 4780 4777 4770 4417 4779 4771 4777 4772 4773 4780 4765 4771 4773 4760 4768 4769 4767 4774 4768 4775 4781 4782 4769 4776 4542 4783 4776 4775 4540 4541 4415 4540 4420 4783 4777 4784 4779 4785 4778 4786 4543 4417 4770 4417 4418 4415 4771 4779 4773 4416 4784 4777 4778 4787 4780 4779 4784 4786 4788 4787 4778 4768 4775 4776 4774 4781 4775 4782 4789 4790 4776 4783 4420 4791 4783 4782 4541 4539 4538 4541 4540 4791 4792 4785 4786 4793 4785 4792 4417 4416 4777 4416 4415 4538 4779 4786 4778 4424 4794 4784 4778 4785 4788 4786 4794 4792 4795 4788 4785 4775 4782 4783 4781 4789 4782 4790 4796 4797 4783 4791 4540 4798 4791 4790 4539 4421 4423 4541 4798 4539 4799 4793 4792 4784 4794 4786 4416 4424 4784 4423 4424 4538 4793 4799 4800 4425 4801 4794 4785 4793 4795 4792 4801 4799 4802 4795 4793 4782 4790 4791 4789 4796 4790 4797 4803 4804 4791 4798 4541 4805 4798 4797 4421 4537 4422 4539 4805 4421 4806 4800 4799 4794 4801 4792 4424 4425 4794 4422 4425 4423 4800 4806 4807 4536 4808 4801 4793 4800 4802 4799 4808 4806 4809 4802 4800 4790 4797 4798 4796 4803 4797 4804 4810 4811 4798 4805 4539 4812 4805 4804 4813 4806 4808 4421 4812 4537 4814 4807 4806 4801 4808 4799 4425 4536 4801 4429 4536 4422 4815 4807 4816 4534 4813 4808 4800 4807 4809 4806 4813 4814 4815 4809 4807 4797 4804 4805 4803 4810 4804 4811 4817 4818 4805 4812 4421 4819 4812 4811 4820 4814 4813 4537 4819 4430 4430 4429 4537 4814 4821 4816 4536 4534 4808 4431 4534 4429 4822 4816 4823 4533 4820 4813 4820 4821 4814 4815 4816 4822 4807 4814 4816 4804 4811 4812 4810 4817 4811 4824 4825 4818 4812 4819 4537 4826 4819 4818 4827 4821 4820 4430 4819 4826 4531 4431 4430 4821 4828 4823 4534 4533 4813 4533 4431 4532 4829 4823 4830 4535 4827 4820 4827 4828 4821 4822 4823 4829 4816 4821 4823 4811 4818 4819 4817 4824 4818 4831 4825 4832 4430 4826 4531 4833 4826 4825 4828 4827 4834 4531 4833 4427 4427 4532 4531 4828 4835 4830 4533 4535 4820 4535 4532 4426 4836 4830 4837 4834 4827 4530 4834 4835 4828 4829 4830 4836 4823 4828 4830 4818 4825 4826 4824 4832 4825 4831 4838 4839 4826 4833 4531 4833 4831 4840 4426 4530 4535 4428 4427 4840 4834 4841 4835 4842 4837 4843 4535 4530 4827 4530 4426 4435 4844 4837 4842 4841 4834 4434 4843 4835 4841 4836 4837 4844 4830 4835 4837 4825 4831 4833 4832 4838 4831 4839 4845 4846 4833 4840 4427 4847 4840 4839 4528 4529 4432 4528 4428 4847 4841 4848 4843 4849 4842 4850 4530 4434 4834 4434 4435 4432 4835 4843 4837 4433 4848 4841 4842 4851 4844 4843 4848 4850 4852 4851 4842 4831 4839 4840 4838 4845 4839 4846 4362 4361 4840 4847 4428 4853 4847 4846 4529 4527 4526 4529 4528 4853 4848 4854 4850 4855 4849 4856 4434 4433 4841 4433 4432 4526 4843 4850 4842 4440 4854 4848 4842 4849 4852 4850 4854 4856 4857 4852 4849 4839 4846 4847 4845 4362 4846 4361 4360 4858 4847 4853 4528 4859 4860 4861 4527 4524 4441 4527 4529 4862 4863 4855 4856 4864 4855 4863 4433 4440 4848 4440 4526 4441 4850 4856 4849 4439 4865 4854 4849 4855 4857 4856 4865 4863 4866 4857 4855 4853 4361 4862 4361 4853 4846 4858 4867 4868 4853 4862 4529 4869 4862 4858 4524 4525 4523 4527 4869 4524 4870 4864 4863 4854 4865 4856 4440 4439 4854 4523 4439 4441 4864 4870 4871 4436 4872 4865 4855 4864 4866 4863 4872 4870 4873 4866 4864 4361 4858 4862 4360 4867 4858 4868 4874 4875 4862 4869 4527 4876 4869 4868 4525 4445 4437 4524 4876 4525 4877 4871 4870 4865 4872 4863 4439 4436 4865 4437 4436 4523 4878 4871 4879 4438 4880 4872 4864 4871 4873 4870 4880 4877 4878 4873 4871 4858 4868 4869 4867 4874 4868 4875 4881 4882 4869 4876 4524 4883 4876 4875 4884 4877 4880 4525 4883 4445 4885 4879 4877 4872 4880 4870 4436 4438 4872 4446 4438 4437 4886 4879 4887 4521 4884 4880 4884 4885 4877 4878 4879 4886 4871 4877 4879 4868 4875 4876 4874 4881 4875 4888 4889 4882 4876 4883 4525 4890 4883 4882 4891 4885 4884 4445 4883 4890 4519 4446 4445 4885 4892 4887 4438 4521 4880 4521 4446 4520 4893 4887 4894 4522 4891 4884 4891 4892 4885 4886 4887 4893 4879 4885 4887 4875 4882 4883 4881 4888 4882 4895 4889 4896 4445 4890 4519 4897 4890 4889 4892 4891 4898 4519 4897 4443 4519 4443 4520 4892 4899 4894 4521 4522 4884 4522 4520 4442 4900 4894 4901 4898 4891 4902 4898 4899 4892 4893 4894 4900 4887 4892 4894 4882 4889 4890 4888 4896 4889 4895 4903 4904 4890 4897 4519 4905 4897 4895 4442 4902 4522 4444 4443 4905 4898 4906 4899 4907 4901 4899 4522 4902 4891 4902 4442 4516 4908 4901 4909 4906 4898 4449 4907 4899 4906 4900 4901 4908 4894 4899 4901 4889 4895 4897 4896 4903 4895 4904 4910 4911 4897 4905 4443 4905 4904 4912 4516 4449 4902 4450 4444 4912 4906 4913 4907 4914 4909 4915 4902 4449 4898 4449 4516 4447 4909 4914 4916 4913 4906 4448 4915 4907 4913 4908 4909 4916 4901 4907 4909 4895 4904 4905 4903 4910 4904 4911 4859 4861 4905 4912 4444 4917 4912 4911 4451 4515 4455 4451 4450 4917 4913 4918 4915 4919 4914 4920 4449 4448 4906 4448 4447 4455 4907 4915 4909 4454 4918 4913 4914 4921 4916 4915 4918 4920 4922 4921 4914 4904 4911 4912 4910 4859 4911 4860 4923 4861 4912 4917 4450 4924 4925 4926 4515 4459 4452 4927 4451 4917 4928 4919 4920 4929 4919 4928 4448 4454 4913 4454 4455 4452 4915 4920 4914 4453 4930 4918 4914 4919 4922 4920 4930 4928 4931 4922 4919 4917 4861 4927 4861 4917 4911 4932 4923 4933 4451 4927 4515 4934 4927 4923 4459 4514 4460 4459 4515 4934 4935 4929 4928 4918 4930 4920 4454 4453 4918 4460 4453 4452 4929 4935 4936 4458 4937 4930 4919 4929 4931 4928 4937 4935 4938 4931 4929 4861 4923 4927 4860 4933 4923 4939 4932 4940 4927 4934 4515 4941 4934 4932 4514 4512 4456 4459 4941 4514 4942 4936 4935 4930 4937 4928 4453 4458 4930 4456 4458 4460 4936 4942 4943 4457 4944 4937 4929 4936 4938 4935 4944 4942 4945 4938 4936 4923 4932 4934 4933 4940 4932 4939 4946 4947 4934 4941 4459 4948 4941 4939 4949 4942 4944 4514 4948 4512 4950 4943 4942 4937 4944 4935 4458 4457 4937 4464 4457 4456 4951 4943 4952 4463 4949 4944 4936 4943 4945 4942 4949 4950 4951 4945 4943 4932 4939 4941 4940 4946 4939 4947 4926 4925 4941 4948 4514 4953 4948 4947 4954 4950 4949 4512 4953 4467 4467 4464 4512 4950 4955 4952 4457 4463 4944 4461 4463 4464 4956 4952 4957 4462 4954 4949 4954 4955 4950 4951 4952 4956 4943 4950 4952 4939 4947 4948 4946 4926 4947 4924 4958 4925 4948 4953 4512 4959 4960 4961 4962 4955 4954 4467 4953 4963 4467 4513 4461 4955 4964 4957 4463 4462 4949 4462 4461 4465 4965 4957 4966 4466 4962 4954 4962 4964 4955 4956 4957 4965 4952 4955 4957 4953 4925 4963 4925 4953 4947 4967 4958 4968 4467 4963 4513 4958 4969 4963 4964 4962 4970 4468 4513 4969 4468 4465 4513 4964 4971 4966 4462 4466 4954 4466 4465 4469 4972 4966 4973 4970 4962 4974 4970 4971 4964 4965 4966 4972 4957 4964 4966 4925 4958 4963 4924 4968 4958 4975 4967 4976 4963 4969 4513 4967 4977 4969 4469 4974 4466 4470 4468 4977 4970 4978 4971 4973 4971 4979 4466 4974 4962 4974 4469 4471 4980 4973 4981 4978 4970 4473 4979 4971 4978 4972 4973 4980 4966 4971 4973 4958 4967 4969 4968 4976 4967 4975 4982 4983 4969 4977 4468 4977 4975 4984 4471 4473 4974 4472 4470 4984 4978 4985 4979 4986 4981 4987 4974 4473 4970 4473 4471 4474 4981 4973 4979 4475 4985 4978 4985 4987 4979 4988 4981 4986 4981 4988 4980 4967 4975 4977 4976 4982 4975 4983 4960 4959 4977 4984 4470 4989 4984 4983 4373 4484 4374 4484 4472 4989 4985 4990 4987 4991 4986 4992 4473 4475 4978 4475 4474 4373 4979 4987 4981 4483 4990 4985 4986 4993 4988 4987 4990 4992 4994 4993 4986 4975 4983 4984 4982 4960 4983 4959 4961 4995 4984 4989 4472 4996 4997 4998 4372 4374 4499 4374 4484 4999 5000 4991 4992 5001 4991 5000 4475 4483 4985 4483 4373 4372 4987 4992 4986 4482 5002 4990 4986 4991 4994 4992 5002 5000 5003 4994 4991 4989 4959 4999 4959 4989 4983 4501 4503 4997 4989 4999 4484 4999 4995 5004 4498 4494 4482 4374 5004 4499 4481 5001 5000 4990 5002 4992 4483 4482 4990 4482 4372 4498 5001 4481 4480 4494 4493 5002 4991 5001 5003 5000 4493 4481 5005 5003 5001 4959 4995 4999 4961 4996 4995 5006 5007 5008 4999 5004 4374 4998 5009 5004 4494 4498 4500 5009 4497 4499 4479 5010 5011 5002 4493 5000 4482 4494 5002 4492 4494 4500 4480 4479 4489 4492 5010 4493 5001 4480 5005 4481 5010 4479 5012 5005 4480 5004 4995 4998 4996 4998 4995 4497 5013 4500 5004 5009 4499 5009 4503 5014 4500 5015 4492 5014 5013 4497 4492 5016 5010 4500 5013 5015 4493 5010 4481 5016 4492 5015 5017 4489 4490 5011 5010 5016 4480 4489 5012 4479 5011 4488 5017 5012 4489 5009 4998 4503 4997 4503 4998 5013 5008 5015 5009 5014 4497 4502 5018 5014 5015 5007 5016 5018 5008 5013 5016 5019 5011 5008 5007 5015 5020 4488 5011 5007 5019 5016 5021 4490 4496 5011 5019 5020 5020 4491 4488 5017 4490 5021 4489 4488 4490 4503 4502 5014 4501 4507 4502 5022 5019 5007 5014 5018 5013 4508 4504 5018 5023 5020 5019 4504 5006 5008 5024 4491 5020 5006 5022 5007 5025 4496 4491 5022 5023 5019 5026 4487 5025 5024 5020 5023 5025 4491 5024 5021 4496 4495 4490 4491 4496 4508 5018 4502 4509 4505 4579 4506 5027 5006 5018 4504 5008 4506 5006 4504 5027 5028 5022 5027 5022 5006 5028 5029 5023 5028 5023 5022 5029 5030 5024 5029 5024 5023 5030 5026 5025 5030 5025 5024 4485 4487 5026 4495 4487 4486 4496 5025 4487 4508 4579 4505 4504 4508 4505 5027 4511 5031 4510 4506 4505 5028 5031 5032 4511 5027 4506 5029 5032 5033 5031 5028 5027 5030 5033 5034 5032 5029 5028 5026 5034 5035 5033 5030 5029 4485 5035 4478 5034 5026 5030 4478 4477 4485 5035 4485 5026 5036 5037 5038 5039 5040 5041 5039 5042 5040 5043 5044 5045 5046 5047 5041 5048 5049 5050 5051 5052 5053 5054 5055 5056 5049 5048 5045 5039 5057 5042 5058 5059 5050 5060 5061 5055 5062 5042 5057 5063 5062 5064 5065 5043 5066 5055 5041 5060 5067 5056 5061 5061 5056 5055 5056 5067 5068 5068 5067 5069 5038 5070 5036 5037 5036 5069 5071 5038 5037 5069 5036 5068 5072 5073 5074 5075 5076 5077 5078 5079 5080 5081 5076 5079 5080 5082 5083 5084 5078 5080 5085 5083 5082 5075 5077 5070 5079 5078 5081 5077 5036 5070 5056 5072 5054 5086 5068 5036 5055 5054 5046 5056 5068 5072 5052 5046 5054 5057 5087 5088 5060 5041 5040 5041 5055 5046 5057 5064 5062 5039 5047 5087 5088 5064 5057 5077 5086 5036 5089 5076 5075 5053 5052 5074 5086 5072 5068 5090 5086 5077 5074 5052 5054 5073 5072 5086 5052 5044 5046 5072 5074 5054 5065 5087 5043 5039 5087 5057 5041 5047 5039 5044 5043 5047 5088 5087 5065 5076 5090 5077 5091 5079 5089 5092 5073 5090 5090 5073 5086 5090 5081 5092 5093 5074 5073 5092 5093 5073 5049 5045 5051 5093 5053 5074 5051 5044 5052 5043 5094 5066 5046 5044 5047 5044 5051 5045 5047 5043 5087 5089 5079 5076 5091 5082 5080 5092 5081 5095 5076 5081 5090 5081 5078 5095 5093 5092 5096 5092 5095 5096 5053 5093 5097 5093 5096 5097 5051 5053 5098 5097 5098 5053 5045 5094 5043 5049 5051 5098 5048 5094 5045 5080 5079 5091 5083 5084 5080 5084 5099 5078 5099 5100 5095 5099 5095 5078 5100 5101 5096 5100 5096 5095 5101 5102 5097 5101 5097 5096 5102 5103 5098 5102 5098 5097 5103 5058 5049 5103 5049 5098 5050 5049 5058 5104 5105 5106 5105 5104 5107 5108 5109 5110 5111 5112 5113 5114 5115 5116 5112 5117 5116 5116 5115 5112 5118 5119 5120 5121 5109 5108 5122 5123 5110 5124 5125 5110 5126 5127 5122 5124 5128 5125 5129 5126 5130 5126 5129 5127 5131 5132 5130 5129 5130 5132 5131 5133 5134 5134 5132 5131 5135 5136 5137 5138 5139 5140 5136 5141 5142 5143 5137 5144 5133 5145 5134 5146 5147 5148 5139 5149 5145 5139 5145 5133 5149 5138 5150 5124 5110 5123 5125 5108 5110 5126 5119 5130 5123 5122 5127 5109 5151 5122 5130 5118 5131 5151 5119 5126 5131 5152 5133 5119 5118 5130 5153 5139 5133 5131 5118 5152 5139 5153 5140 5153 5133 5152 5138 5142 5141 5150 5138 5141 5149 5139 5138 5109 5122 5110 5111 5121 5154 5155 5152 5118 5122 5151 5126 5111 5113 5151 5156 5153 5152 5113 5120 5119 5157 5140 5153 5120 5155 5118 5158 5142 5140 5155 5156 5152 5142 5158 5137 5157 5153 5156 5138 5140 5142 5140 5157 5158 5136 5142 5137 5151 5109 5111 5121 5111 5109 5115 5159 5120 5151 5113 5119 5120 5113 5115 5159 5160 5155 5155 5120 5159 5160 5161 5156 5156 5155 5160 5161 5162 5157 5161 5157 5156 5162 5144 5158 5162 5158 5157 5146 5148 5143 5137 5158 5144 5135 5137 5143 5111 5154 5112 5117 5112 5154 5114 5163 5159 5113 5112 5115 5114 5159 5115 5163 5164 5160 5163 5160 5159 5164 5165 5161 5162 5165 5166 5164 5161 5160 5144 5166 5167 5165 5162 5161 5143 5167 5146 5166 5144 5162 5143 5144 5167 5135 5143 5148 5168 5169 5170 5171 5172 5173 5172 5174 5175 5176 5177 5178 5179 5180 5181 5182 5179 5181 5179 5183 5180 5184 5178 5171 5181 5185 5182 5186 5187 5188 5176 5178 5188 5173 5172 5189 5172 5175 5189 5190 5191 5175 5189 5175 5191 5190 5192 5193 5193 5191 5190 5194 5195 5196 5192 5197 5193 5198 5199 5195 5199 5200 5195 5201 5202 5203 5204 5197 5205 5205 5196 5204 5205 5197 5192 5206 5204 5207 5184 5186 5178 5188 5178 5186 5208 5190 5175 5184 5171 5173 5177 5209 5171 5210 5192 5190 5209 5174 5172 5211 5205 5192 5174 5208 5175 5198 5212 5199 5208 5210 5190 5205 5194 5196 5211 5192 5210 5204 5196 5207 5211 5194 5205 5213 5207 5196 5178 5177 5171 5176 5185 5177 5214 5180 5183 5171 5209 5172 5180 5209 5181 5215 5214 5216 5214 5174 5180 5217 5215 5218 5215 5208 5214 5219 5217 5220 5217 5210 5215 5198 5219 5221 5211 5217 5219 5196 5195 5213 5194 5219 5198 5200 5213 5195 5209 5177 5181 5185 5181 5177 5214 5183 5216 5174 5209 5180 5215 5216 5218 5208 5174 5214 5217 5218 5220 5210 5208 5215 5219 5220 5221 5211 5210 5217 5198 5221 5212 5194 5211 5219 5199 5212 5201 5195 5194 5198 5201 5203 5199 5200 5199 5203 5222 5223 5224 5225 5226 5227 5228 5229 5230 5231 5232 5233 5234 5235 5236 5237 5238 5239 5240 5241 5242 5243 5244 5242 5240 5245 5246 5246 5241 5240 5247 5245 5248 5245 5247 5246 5243 5235 5244 5247 5248 5249 5242 5241 5243 5237 5234 5236 5234 5244 5235 5230 5239 5238 5238 5237 5236 5228 5231 5229 5230 5229 5239 5232 5223 5233 5228 5232 5231 5222 5224 5227 5233 5223 5222 5225 5227 5224 5250 5251 5252 5253 5254 5255 5252 5251 5254 5256 5253 5257 5258 5253 5255 5259 5257 5258 5253 5256 5260 5261 5256 5257 5259 5262 5263 5255 5254 5251 5264 5265 5252 5266 5267 5265 5265 5250 5252 5267 5268 5269 5265 5267 5270 5271 5272 5273 5274 5267 5269 5273 5275 5276 5269 5272 5271 5271 5273 5277 5259 5263 5257 5261 5257 5263 5260 5278 5254 5258 5257 5253 5260 5254 5253 5278 5264 5252 5278 5252 5254 5264 5279 5265 5266 5265 5279 5270 5250 5265 5268 5267 5266 5274 5270 5267 5275 5269 5268 5271 5274 5269 5269 5275 5272 5275 5273 5272 5280 5281 5282 5283 5284 5285 5286 5287 5288 5289 5290 5285 5287 5291 5290 5292 5291 5287 5285 5284 5289 5293 5292 5287 5294 5284 5283 5295 5294 5283 5296 5297 5298 5295 5299 5294 5297 5296 5300 5300 5296 5301 5302 5300 5301 5303 5302 5301 5304 5305 5306 5307 5305 5308 5309 5310 5311 5312 5308 5305 5313 5304 5306 5311 5310 5308 5314 5302 5303 5315 5316 5309 5313 5306 5317 5314 5303 5313 5318 5319 5320 5319 5317 5306 5321 5283 5298 5283 5321 5295 5296 5322 5301 5321 5298 5297 5298 5285 5323 5303 5301 5324 5296 5323 5322 5313 5303 5325 5324 5301 5322 5325 5303 5324 5306 5320 5319 5314 5313 5317 5313 5325 5304 5326 5320 5306 5285 5298 5283 5290 5289 5327 5324 5322 5328 5298 5323 5296 5323 5290 5291 5325 5324 5329 5322 5291 5328 5304 5325 5330 5324 5328 5329 5305 5304 5312 5329 5330 5325 5306 5305 5326 5330 5312 5304 5307 5326 5305 5285 5290 5323 5327 5288 5287 5292 5331 5328 5323 5291 5322 5328 5291 5292 5331 5332 5329 5329 5328 5331 5332 5333 5330 5330 5329 5332 5333 5334 5312 5312 5330 5333 5311 5308 5334 5312 5334 5308 5310 5307 5308 5327 5287 5290 5286 5293 5287 5293 5335 5292 5292 5335 5331 5335 5336 5331 5331 5336 5332 5336 5337 5332 5337 5338 5333 5337 5333 5332 5338 5339 5334 5338 5334 5333 5339 5315 5311 5339 5311 5334 5309 5311 5315 5340 5341 5342 5341 5340 5343 5344 5345 5346 5347 5348 5349 5350 5351 5352 5353 5354 5355 5356 5357 5358 5359 5360 5361 5362 5363 5361 5352 5357 5356 5364 5359 5354 5365 5366 5367 5368 5369 5370 5371 5369 5372 5373 5374 5372 5375 5376 5377 5378 5379 5371 5378 5374 5380 5381 5380 5382 5383 5384 5385 5386 5387 5388 5389 5390 5391 5392 5383 5393 5394 5395 5396 5397 5398 5399 5400 5401 5402 5403 5404 5405 5406 5407 5408 5409 5400 5410 5411 5412 5413 5414 5415 5416 5417 5418 5419 5420 5421 5422 5423 5424 5425 5426 5417 5427 5428 5429 5430 5431 5432 5433 5434 5435 5436 5437 5438 5432 5439 5440 5441 5442 5434 5443 5444 5445 5446 5447 5448 5449 5450 5451 5452 5453 5454 5455 5452 5456 5457 5458 5454 5459 5460 5461 5462 5457 5463 5464 5465 5466 5462 5467 5464 5468 5465 5469 5470 5460 5471 5467 5472 5469 5473 5471 5466 5474 5475 5476 5473 5477 5474 5470 5478 5479 5475 5472 5480 5477 5478 5481 5482 5480 5476 5483 5484 5481 5485 5486 5483 5479 5487 5488 5489 5490 5485 5488 5491 5492 5493 5494 5486 5482 5495 5496 5491 5484 5497 5494 5495 5498 5499 5497 5490 5500 5501 5498 5502 5503 5500 5487 5504 5505 5502 5506 5507 5503 5508 5509 5510 5507 5511 5510 5453 5512 5513 5449 5450 5446 5448 5514 5451 5515 5444 5441 5456 5514 5516 5517 5515 5518 5445 5517 5447 5440 5519 5518 5443 5520 5439 5436 5519 5520 5521 5437 5522 5442 5521 5523 5524 5438 5430 5523 5525 5435 5526 5527 5528 5529 5528 5530 5524 5531 5433 5425 5532 5428 5532 5533 5534 5429 5534 5531 5424 5535 5533 5427 5536 5423 5419 5535 5536 5537 5420 5538 5426 5537 5539 5421 5413 5540 5539 5541 5418 5542 5416 5543 5544 5543 5545 5546 5547 5548 5548 5407 5411 5549 5550 5540 5412 5406 5549 5410 5551 5546 5402 5552 5551 5408 5547 5552 5553 5403 5554 5409 5553 5555 5554 5556 5557 5555 5557 5401 5558 5559 5560 5561 5404 5395 5562 5559 5563 5399 5390 5396 5564 5562 5565 5393 5566 5397 5567 5394 5389 5568 5566 5385 5391 5398 5568 5569 5386 5570 5392 5569 5571 5570 5572 5573 5571 5573 5384 5574 5572 5388 5575 5387 5381 5576 5375 5577 5377 5578 5579 5379 5580 5370 5368 5581 5582 5366 5581 5580 5582 5365 5345 5367 5583 5346 5584 5585 5351 5586 5583 5350 5586 5356 5344 5585 5352 5351 5587 5588 5589 5588 5587 5584 5590 5591 5589 5587 5589 5591 5592 5593 5594 5592 5594 5590 5595 5593 5596 5358 5362 5356 5362 5358 5363 5597 5355 5598 5352 5585 5357 5344 5356 5362 5599 5600 5588 5601 5600 5599 5351 5588 5584 5352 5586 5350 5592 5590 5602 5588 5351 5599 5589 5588 5600 5592 5596 5593 5591 5590 5594 5590 5603 5602 5604 5596 5592 5362 5360 5344 5360 5362 5361 5605 5598 5606 5586 5352 5356 5345 5344 5360 5607 5601 5599 5608 5601 5607 5350 5599 5351 5586 5346 5583 5600 5603 5589 5607 5599 5350 5603 5609 5602 5602 5604 5592 5589 5603 5590 5603 5610 5609 5611 5604 5602 5360 5364 5345 5364 5360 5359 5612 5606 5613 5346 5586 5344 5345 5364 5582 5614 5608 5607 5615 5608 5614 5583 5607 5350 5346 5365 5367 5601 5610 5600 5614 5607 5583 5610 5616 5609 5609 5611 5602 5600 5610 5603 5610 5617 5616 5618 5611 5609 5364 5353 5582 5353 5364 5354 5619 5613 5620 5365 5346 5345 5582 5353 5368 5621 5608 5615 5622 5615 5623 5367 5614 5583 5365 5581 5366 5608 5617 5601 5623 5614 5367 5624 5616 5625 5616 5618 5609 5601 5617 5610 5617 5621 5625 5624 5618 5616 5353 5597 5368 5597 5353 5355 5626 5620 5627 5581 5365 5582 5368 5597 5369 5628 5615 5622 5623 5615 5614 5366 5623 5367 5580 5581 5370 5622 5629 5630 5629 5623 5366 5631 5625 5632 5617 5625 5616 5608 5621 5617 5621 5628 5632 5624 5625 5631 5597 5605 5369 5605 5597 5598 5627 5633 5634 5370 5581 5368 5369 5605 5372 5635 5622 5630 5629 5622 5623 5580 5629 5366 5370 5371 5379 5630 5579 5578 5579 5629 5580 5636 5632 5637 5621 5632 5625 5615 5628 5621 5628 5635 5637 5631 5632 5636 5605 5612 5372 5612 5605 5606 5638 5633 5639 5371 5370 5369 5372 5612 5373 5640 5630 5578 5579 5630 5629 5379 5579 5580 5371 5374 5378 5578 5377 5376 5579 5379 5377 5641 5637 5642 5628 5637 5632 5622 5635 5628 5635 5640 5642 5636 5637 5641 5612 5619 5373 5619 5612 5613 5643 5639 5644 5374 5371 5372 5373 5619 5645 5645 5382 5373 5646 5578 5376 5378 5377 5379 5374 5382 5380 5375 5576 5376 5377 5378 5375 5647 5642 5648 5635 5642 5637 5630 5640 5635 5640 5646 5648 5641 5642 5647 5619 5626 5645 5626 5619 5620 5649 5644 5650 5382 5374 5373 5645 5626 5574 5574 5575 5645 5651 5376 5576 5380 5375 5378 5382 5575 5381 5646 5652 5648 5375 5380 5577 5653 5648 5652 5640 5648 5642 5578 5646 5640 5646 5651 5652 5647 5648 5653 5626 5634 5574 5634 5626 5627 5654 5650 5655 5575 5382 5645 5572 5574 5634 5656 5657 5577 5658 5576 5657 5381 5577 5380 5575 5388 5387 5652 5651 5659 5577 5381 5656 5576 5577 5657 5652 5660 5661 5376 5651 5646 5658 5659 5651 5653 5652 5661 5634 5638 5572 5638 5634 5633 5662 5655 5663 5388 5575 5574 5573 5572 5638 5664 5665 5656 5666 5657 5665 5387 5656 5381 5388 5570 5386 5659 5658 5667 5656 5387 5664 5657 5656 5665 5659 5660 5652 5576 5658 5651 5658 5666 5667 5668 5660 5659 5638 5643 5573 5643 5638 5639 5669 5663 5670 5570 5388 5572 5384 5573 5643 5671 5672 5664 5673 5672 5671 5386 5664 5387 5570 5571 5569 5667 5666 5674 5664 5386 5671 5665 5664 5672 5667 5668 5659 5657 5666 5658 5666 5675 5674 5676 5668 5667 5643 5649 5384 5649 5643 5644 5677 5670 5678 5571 5570 5573 5384 5649 5385 5679 5673 5671 5680 5673 5679 5569 5671 5386 5571 5383 5392 5672 5675 5665 5679 5671 5569 5675 5681 5674 5674 5676 5667 5665 5675 5666 5675 5682 5681 5683 5676 5674 5649 5654 5385 5654 5649 5650 5684 5678 5685 5383 5571 5384 5385 5654 5568 5686 5673 5680 5687 5680 5688 5392 5679 5569 5383 5566 5393 5673 5682 5672 5688 5679 5392 5689 5681 5690 5681 5683 5674 5672 5682 5675 5682 5686 5690 5689 5683 5681 5654 5662 5568 5662 5654 5655 5691 5685 5692 5566 5383 5385 5568 5662 5391 5693 5680 5687 5688 5680 5679 5393 5688 5392 5397 5566 5398 5687 5694 5695 5694 5688 5393 5696 5690 5697 5682 5690 5681 5673 5686 5682 5686 5693 5697 5689 5690 5696 5662 5669 5391 5669 5662 5663 5692 5698 5699 5398 5566 5568 5391 5669 5389 5700 5687 5695 5694 5687 5688 5397 5694 5393 5399 5398 5390 5695 5564 5565 5564 5694 5397 5701 5697 5702 5686 5697 5690 5680 5693 5686 5693 5700 5702 5696 5697 5701 5669 5677 5389 5677 5669 5670 5703 5698 5704 5390 5398 5391 5389 5677 5567 5705 5695 5565 5564 5695 5694 5399 5564 5397 5390 5394 5396 5565 5562 5563 5562 5564 5399 5706 5702 5707 5693 5702 5697 5687 5700 5693 5700 5705 5707 5701 5702 5706 5677 5684 5567 5684 5677 5678 5708 5704 5709 5394 5390 5389 5567 5684 5710 5710 5561 5567 5563 5711 5565 5396 5562 5399 5394 5561 5395 5559 5558 5563 5562 5396 5559 5712 5707 5713 5700 5707 5702 5695 5705 5700 5705 5711 5713 5706 5707 5712 5684 5691 5710 5691 5684 5685 5714 5709 5715 5561 5394 5567 5710 5691 5556 5556 5405 5710 5716 5563 5558 5395 5559 5396 5561 5405 5404 5717 5713 5711 5559 5395 5560 5718 5713 5717 5705 5713 5707 5565 5711 5705 5711 5716 5717 5712 5713 5718 5691 5699 5556 5699 5691 5692 5719 5715 5720 5405 5561 5710 5557 5556 5699 5721 5722 5560 5723 5558 5722 5404 5560 5395 5405 5554 5403 5717 5716 5724 5560 5404 5721 5558 5560 5722 5717 5725 5718 5563 5716 5711 5716 5723 5724 5726 5725 5717 5699 5703 5557 5703 5699 5698 5727 5720 5728 5554 5405 5556 5401 5557 5703 5729 5730 5721 5731 5722 5730 5403 5721 5404 5554 5555 5553 5724 5723 5732 5721 5403 5729 5722 5721 5730 5724 5726 5717 5558 5723 5716 5723 5731 5732 5733 5726 5724 5703 5708 5401 5708 5703 5704 5734 5728 5735 5555 5554 5557 5402 5401 5708 5736 5737 5729 5738 5737 5736 5553 5729 5403 5555 5400 5409 5732 5731 5739 5729 5553 5736 5730 5729 5737 5732 5733 5724 5722 5731 5723 5731 5740 5739 5741 5733 5732 5708 5714 5402 5714 5708 5709 5742 5735 5743 5400 5555 5401 5402 5714 5552 5744 5738 5736 5745 5738 5744 5409 5736 5553 5400 5551 5410 5737 5740 5730 5744 5736 5409 5740 5746 5739 5739 5741 5732 5730 5740 5731 5740 5747 5746 5748 5741 5739 5714 5719 5552 5719 5714 5715 5749 5743 5750 5551 5400 5402 5552 5719 5408 5751 5738 5745 5752 5745 5753 5410 5744 5409 5551 5547 5546 5738 5747 5737 5753 5744 5410 5754 5746 5755 5746 5748 5739 5737 5747 5740 5747 5751 5755 5754 5748 5746 5719 5727 5408 5727 5719 5720 5756 5750 5757 5547 5551 5552 5408 5727 5406 5758 5745 5752 5753 5745 5744 5546 5753 5410 5548 5547 5407 5752 5759 5760 5759 5753 5546 5761 5755 5762 5747 5755 5746 5738 5751 5747 5751 5758 5762 5754 5755 5761 5727 5734 5406 5734 5727 5728 5763 5757 5764 5407 5547 5408 5406 5734 5549 5765 5752 5760 5759 5752 5753 5548 5759 5546 5407 5412 5411 5760 5415 5414 5415 5759 5548 5766 5762 5767 5751 5762 5755 5745 5758 5751 5758 5765 5767 5761 5762 5766 5734 5742 5549 5742 5734 5735 5768 5764 5769 5412 5407 5406 5549 5742 5550 5770 5760 5414 5415 5760 5759 5411 5415 5548 5412 5540 5413 5416 5542 5414 5415 5411 5416 5771 5767 5772 5758 5767 5762 5752 5765 5758 5765 5770 5772 5766 5767 5771 5742 5749 5550 5749 5742 5743 5773 5769 5774 5540 5412 5549 5550 5749 5775 5775 5422 5550 5776 5414 5542 5413 5416 5411 5540 5422 5421 5543 5544 5542 5416 5413 5543 5777 5772 5778 5765 5772 5767 5760 5770 5765 5770 5776 5778 5771 5772 5777 5749 5756 5775 5756 5749 5750 5779 5774 5780 5422 5540 5550 5775 5756 5541 5541 5538 5775 5781 5542 5544 5421 5543 5413 5422 5538 5420 5778 5776 5782 5543 5421 5545 5783 5784 5778 5770 5778 5772 5414 5776 5770 5776 5781 5782 5777 5778 5784 5756 5763 5541 5763 5756 5757 5785 5780 5786 5538 5422 5775 5418 5541 5763 5787 5788 5545 5789 5544 5788 5420 5545 5421 5538 5539 5537 5782 5781 5790 5545 5420 5787 5544 5545 5788 5778 5782 5783 5542 5781 5776 5781 5789 5790 5791 5783 5782 5763 5768 5418 5768 5763 5764 5792 5786 5793 5539 5538 5541 5419 5418 5768 5794 5795 5787 5796 5795 5794 5537 5787 5420 5539 5417 5426 5790 5789 5797 5787 5537 5794 5788 5787 5795 5790 5791 5782 5544 5789 5781 5789 5798 5797 5799 5791 5790 5768 5773 5419 5773 5768 5769 5800 5793 5801 5417 5539 5418 5535 5419 5773 5802 5796 5794 5803 5796 5802 5426 5794 5537 5417 5536 5427 5795 5798 5788 5802 5794 5426 5798 5804 5797 5797 5799 5790 5788 5798 5789 5798 5805 5804 5806 5799 5797 5773 5779 5535 5779 5773 5774 5807 5801 5808 5536 5417 5419 5535 5779 5533 5809 5803 5802 5810 5803 5809 5427 5802 5426 5536 5424 5423 5796 5805 5795 5809 5802 5427 5805 5811 5804 5804 5806 5797 5795 5805 5798 5805 5812 5811 5813 5806 5804 5779 5785 5533 5785 5779 5780 5814 5808 5815 5424 5536 5535 5533 5785 5534 5816 5803 5810 5817 5810 5818 5423 5809 5427 5424 5532 5425 5803 5812 5796 5818 5809 5423 5819 5811 5820 5811 5813 5804 5796 5812 5805 5812 5816 5820 5819 5813 5811 5785 5792 5534 5792 5785 5786 5815 5821 5822 5532 5424 5533 5534 5792 5531 5823 5810 5817 5818 5810 5809 5425 5818 5423 5428 5532 5429 5817 5824 5825 5824 5818 5425 5826 5820 5827 5812 5820 5811 5803 5816 5812 5816 5823 5827 5819 5820 5826 5792 5800 5531 5800 5792 5793 5828 5821 5829 5429 5532 5534 5531 5800 5433 5830 5817 5825 5824 5817 5818 5428 5824 5425 5429 5524 5430 5825 5527 5526 5527 5824 5428 5831 5827 5832 5816 5827 5820 5810 5823 5816 5823 5830 5832 5826 5827 5831 5800 5807 5433 5807 5800 5801 5833 5829 5834 5524 5429 5531 5433 5807 5431 5835 5825 5526 5527 5825 5824 5430 5527 5428 5524 5432 5438 5528 5529 5526 5527 5430 5528 5836 5832 5837 5823 5832 5827 5817 5830 5823 5830 5835 5837 5831 5832 5836 5807 5814 5431 5814 5807 5808 5838 5834 5839 5432 5524 5433 5431 5814 5525 5525 5522 5431 5840 5526 5529 5438 5528 5430 5432 5522 5437 5530 5841 5529 5528 5438 5530 5842 5837 5843 5830 5837 5832 5825 5835 5830 5835 5840 5843 5836 5837 5842 5814 5822 5525 5822 5814 5815 5844 5839 5845 5522 5432 5431 5435 5525 5822 5846 5841 5530 5847 5529 5841 5437 5530 5438 5522 5523 5521 5843 5840 5848 5530 5437 5846 5849 5850 5843 5835 5843 5837 5526 5840 5835 5847 5848 5840 5842 5843 5850 5822 5828 5435 5828 5822 5821 5851 5845 5852 5523 5522 5525 5436 5435 5828 5853 5854 5846 5855 5841 5854 5521 5846 5437 5523 5434 5442 5848 5847 5856 5846 5521 5853 5841 5846 5854 5848 5849 5843 5529 5847 5840 5847 5855 5856 5857 5849 5848 5828 5833 5436 5833 5828 5829 5858 5852 5859 5434 5523 5435 5519 5436 5833 5860 5861 5853 5862 5861 5860 5442 5853 5521 5434 5520 5443 5856 5855 5863 5853 5442 5860 5854 5853 5861 5856 5857 5848 5841 5855 5847 5855 5864 5863 5865 5857 5856 5833 5838 5519 5838 5833 5834 5866 5859 5867 5520 5434 5436 5518 5519 5838 5868 5862 5860 5869 5862 5868 5443 5860 5442 5520 5440 5439 5861 5864 5854 5868 5860 5443 5864 5870 5863 5863 5865 5856 5854 5864 5855 5864 5871 5870 5872 5865 5863 5838 5844 5518 5844 5838 5839 5873 5867 5874 5440 5520 5519 5518 5844 5517 5875 5869 5868 5876 5869 5875 5439 5868 5443 5440 5515 5441 5862 5871 5861 5875 5868 5439 5871 5877 5870 5870 5872 5863 5861 5871 5864 5871 5878 5877 5879 5872 5870 5844 5851 5517 5851 5844 5845 5880 5874 5881 5515 5440 5518 5517 5851 5447 5882 5869 5876 5883 5876 5884 5441 5875 5439 5515 5445 5444 5869 5878 5862 5884 5875 5441 5885 5877 5886 5877 5879 5870 5862 5878 5871 5878 5882 5886 5885 5879 5877 5851 5858 5447 5858 5851 5852 5887 5881 5888 5445 5515 5517 5447 5858 5448 5889 5876 5883 5884 5876 5875 5444 5884 5441 5446 5445 5449 5883 5890 5891 5890 5884 5444 5892 5886 5893 5878 5886 5877 5869 5882 5878 5882 5889 5893 5885 5886 5892 5858 5866 5448 5866 5858 5859 5894 5888 5895 5449 5445 5447 5448 5866 5514 5896 5883 5891 5890 5883 5884 5446 5890 5444 5449 5451 5450 5891 5513 5512 5513 5890 5446 5897 5893 5898 5882 5893 5886 5876 5889 5882 5889 5896 5898 5892 5893 5897 5866 5873 5514 5873 5866 5867 5899 5895 5900 5451 5449 5448 5514 5873 5516 5901 5891 5512 5513 5891 5890 5450 5513 5446 5451 5456 5452 5453 5455 5512 5513 5450 5453 5902 5898 5903 5889 5898 5893 5883 5896 5889 5896 5901 5903 5897 5898 5902 5873 5880 5516 5880 5873 5874 5904 5900 5905 5456 5451 5514 5516 5880 5906 5906 5463 5516 5907 5512 5455 5452 5453 5450 5456 5463 5457 5454 5458 5455 5453 5452 5454 5908 5903 5909 5896 5903 5898 5891 5901 5896 5901 5907 5909 5902 5903 5908 5880 5887 5906 5887 5880 5881 5910 5905 5911 5463 5456 5516 5906 5887 5461 5461 5468 5906 5912 5455 5458 5457 5454 5452 5463 5468 5464 5909 5907 5913 5454 5457 5459 5914 5915 5909 5901 5909 5903 5512 5907 5901 5912 5913 5907 5908 5909 5915 5887 5894 5461 5894 5887 5888 5916 5911 5917 5468 5463 5906 5462 5461 5894 5918 5919 5459 5920 5458 5919 5464 5459 5457 5468 5460 5467 5913 5912 5921 5459 5464 5918 5458 5459 5919 5913 5914 5909 5455 5912 5907 5912 5920 5921 5922 5914 5913 5894 5899 5462 5899 5894 5895 5923 5917 5924 5460 5468 5461 5465 5462 5899 5925 5926 5918 5927 5926 5925 5467 5918 5464 5460 5466 5471 5921 5920 5928 5918 5467 5925 5919 5918 5926 5921 5922 5913 5458 5920 5912 5920 5929 5928 5930 5922 5921 5899 5904 5465 5904 5899 5900 5931 5924 5932 5466 5460 5462 5469 5465 5904 5933 5927 5925 5934 5927 5933 5471 5925 5467 5466 5470 5474 5926 5929 5919 5933 5925 5471 5929 5935 5928 5928 5930 5921 5919 5929 5920 5929 5936 5935 5937 5930 5928 5904 5910 5469 5910 5904 5905 5938 5932 5939 5470 5466 5465 5473 5469 5910 5940 5934 5933 5941 5934 5940 5474 5933 5471 5470 5472 5477 5927 5936 5926 5940 5933 5474 5936 5942 5935 5935 5937 5928 5926 5936 5929 5936 5943 5942 5944 5937 5935 5910 5916 5473 5916 5910 5911 5945 5939 5946 5472 5470 5469 5473 5916 5475 5947 5934 5941 5948 5941 5949 5477 5940 5474 5472 5476 5480 5934 5943 5927 5949 5940 5477 5950 5942 5951 5942 5944 5935 5927 5943 5936 5943 5947 5951 5950 5944 5942 5916 5923 5475 5923 5916 5917 5952 5946 5953 5476 5472 5473 5475 5923 5478 5954 5941 5948 5949 5941 5940 5480 5949 5477 5483 5476 5479 5948 5955 5956 5955 5949 5480 5957 5951 5958 5943 5951 5942 5934 5947 5943 5947 5954 5958 5950 5951 5957 5923 5931 5478 5931 5923 5924 5959 5953 5960 5479 5476 5475 5478 5931 5481 5961 5948 5956 5955 5948 5949 5483 5955 5480 5486 5479 5482 5956 5962 5963 5962 5955 5483 5964 5958 5965 5947 5958 5951 5941 5954 5947 5954 5961 5965 5957 5958 5964 5931 5938 5481 5938 5931 5932 5960 5966 5967 5482 5479 5478 5481 5938 5485 5968 5956 5963 5962 5956 5955 5486 5962 5483 5494 5482 5484 5963 5969 5970 5969 5962 5486 5971 5965 5972 5954 5965 5958 5948 5961 5954 5961 5968 5972 5964 5965 5971 5938 5945 5485 5945 5938 5939 5973 5966 5974 5484 5482 5481 5485 5945 5488 5975 5963 5970 5969 5963 5962 5494 5969 5486 5497 5484 5490 5970 5493 5492 5493 5969 5494 5976 5972 5977 5961 5972 5965 5956 5968 5961 5968 5975 5977 5971 5972 5976 5945 5952 5488 5952 5945 5946 5978 5974 5979 5490 5484 5485 5488 5952 5489 5980 5970 5492 5493 5970 5969 5497 5493 5494 5490 5487 5500 5491 5496 5492 5493 5497 5491 5981 5977 5982 5968 5977 5972 5963 5975 5968 5975 5980 5982 5976 5977 5981 5952 5959 5489 5959 5952 5953 5983 5979 5984 5487 5490 5488 5489 5959 5985 5489 5985 5506 5986 5492 5496 5500 5491 5497 5487 5506 5503 5495 5499 5496 5491 5500 5495 5987 5982 5988 5975 5982 5977 5970 5980 5975 5980 5986 5988 5981 5982 5987 5959 5967 5985 5967 5959 5960 5989 5984 5990 5506 5487 5489 5985 5967 5991 5985 5991 5511 5992 5496 5499 5503 5495 5500 5506 5511 5507 5988 5986 5993 5495 5503 5498 5994 5995 5988 5980 5988 5982 5492 5986 5980 5992 5993 5986 5987 5988 5995 5967 5973 5991 5973 5967 5966 5348 5990 5996 5511 5506 5985 5991 5973 5997 5991 5997 5508 5998 5499 5501 5507 5498 5503 5511 5508 5510 5993 5992 5999 5498 5507 5502 5499 5498 5501 5993 5994 5988 5496 5992 5986 5992 5998 5999 6000 5994 5993 5973 5978 5997 5978 5973 5974 5349 5348 5996 5508 5511 5991 5997 5978 6001 5997 6001 6002 6003 5501 5505 5510 5502 5507 5509 5508 6002 5999 5998 6004 5502 5510 5504 5501 5502 5505 5999 6000 5993 5499 5998 5992 5998 6003 6004 6005 6000 5999 5978 5983 6001 5983 5978 5979 6006 5509 6002 6002 5508 5997 5983 6007 6001 6008 6001 6007 6009 5505 6010 5509 5504 5510 6008 6006 6002 6004 6003 6011 6012 5504 5509 5505 5504 6010 6004 6005 5999 5501 6003 5998 6003 6009 6011 6013 6005 6004 5983 5989 6007 5989 5983 5984 6006 6008 6014 6008 6002 6001 5989 5347 6007 6014 6007 5347 6012 6010 5504 6006 6012 5509 6011 6009 6015 6016 6010 6012 6011 6013 6004 5505 6009 6003 6009 6017 6015 6018 6013 6011 5989 5348 5347 5348 5989 5990 5349 6019 6014 6014 6008 6007 5349 6014 5347 6006 6014 6016 6016 6017 6010 6016 6012 6006 6019 6016 6014 6019 6017 6016 6015 6018 6011 6010 6017 6009 6017 6019 6015 6019 6018 6015 6020 6021 6022 6023 6024 6025 6026 6027 6022 6022 6028 6029 6030 6031 6032 6026 6029 6033 6034 6032 6035 6036 6037 6038 6030 6032 6034 6039 6040 6041 6041 6042 6034 6043 6031 6044 6045 6040 6039 6046 6034 6035 6033 6036 6047 6045 6039 6033 6048 6036 6038 6036 6048 6047 6049 6050 6051 6038 6050 6048 6052 6053 6021 6054 6028 6021 6053 6055 6056 6057 6058 6059 6060 6056 6061 6054 6053 6062 6063 6062 6056 6064 6065 6060 6066 6065 6067 6063 6060 6068 6069 6070 6066 6071 6068 6065 6070 6072 6073 6066 6074 6071 6075 6073 6076 6074 6070 6077 6078 6075 6079 6080 6077 6073 6081 6082 6078 6075 6083 6080 6082 6084 6085 6078 6086 6083 6085 6087 6088 6086 6082 6089 6090 6089 6085 6090 6088 6024 6088 6091 6025 6092 6093 6094 6095 6096 6097 6092 6098 6099 6100 6101 6102 6103 6104 6095 6105 6106 6107 6108 6109 6110 6111 6112 6113 6114 6115 6113 6116 6117 6111 6118 6119 6120 6121 6057 6122 6123 6124 6125 6126 6030 6042 6121 6127 6128 6031 6030 6044 6129 6044 6126 6130 6131 6132 6124 6123 6133 6111 6124 6134 6135 6136 6137 6050 6049 6136 6130 6135 6137 6138 6139 6140 6138 6141 6125 6133 6123 6142 6115 6143 6144 6139 6106 6145 6102 6107 6146 6144 6147 6108 6146 6148 6100 6149 6105 6102 6150 6151 6100 6148 6103 6150 6096 6104 6152 6095 6153 6150 6096 6154 6155 6154 6152 6098 6156 6093 6099 6154 6092 6157 6158 6093 6159 6023 6159 6156 6160 6159 6025 6030 6034 6042 6161 6046 6035 6162 6046 6161 6042 6041 6040 6163 6041 6046 6039 6163 6026 6164 6051 6165 6045 6033 6047 6033 6039 6026 6051 6050 6038 6029 6037 6036 6037 6165 6038 6166 6051 6164 6051 6166 6049 6034 6046 6041 6167 6162 6161 6168 6162 6167 6041 6163 6039 6162 6027 6163 6037 6169 6165 6170 6164 6171 6033 6029 6036 6029 6026 6022 6038 6165 6051 6028 6169 6037 6164 6172 6166 6165 6169 6171 6172 6164 6170 6046 6162 6163 6173 6168 6167 6174 6168 6173 6163 6027 6026 6168 6020 6027 6169 6175 6171 6176 6170 6177 6029 6028 6037 6028 6022 6021 6165 6171 6164 6054 6175 6169 6170 6178 6172 6171 6175 6177 6179 6178 6170 6162 6168 6027 6180 6174 6173 6181 6174 6180 6027 6020 6022 6174 6052 6020 6175 6182 6177 6183 6176 6184 6028 6054 6169 6054 6021 6053 6171 6177 6170 6062 6182 6175 6170 6176 6179 6177 6182 6184 6185 6179 6176 6168 6174 6020 6186 6181 6180 6186 6187 6181 6020 6052 6021 6181 6055 6052 6182 6188 6184 6189 6183 6190 6054 6062 6175 6062 6053 6056 6177 6184 6176 6063 6188 6182 6176 6183 6185 6184 6188 6190 6191 6185 6183 6174 6181 6052 6192 6187 6186 6192 6193 6187 6052 6055 6053 6187 6061 6055 6188 6194 6190 6195 6189 6196 6062 6063 6182 6063 6056 6060 6184 6190 6183 6068 6194 6188 6183 6189 6191 6190 6194 6196 6197 6191 6189 6181 6187 6055 6198 6193 6192 6198 6199 6193 6055 6061 6056 6193 6064 6061 6194 6200 6196 6201 6195 6202 6063 6068 6188 6068 6060 6065 6190 6196 6189 6071 6200 6194 6189 6195 6197 6196 6200 6202 6203 6197 6195 6187 6193 6061 6204 6199 6198 6204 6205 6199 6061 6064 6060 6199 6067 6064 6200 6206 6202 6207 6201 6208 6068 6071 6194 6071 6065 6066 6196 6202 6195 6074 6206 6200 6195 6201 6203 6202 6206 6208 6209 6203 6201 6193 6199 6064 6210 6205 6204 6210 6211 6205 6064 6067 6065 6205 6069 6067 6206 6212 6208 6213 6207 6214 6071 6074 6200 6074 6066 6070 6202 6208 6201 6077 6212 6206 6201 6207 6209 6208 6212 6214 6215 6209 6207 6199 6205 6067 6216 6211 6210 6216 6217 6211 6067 6069 6066 6211 6072 6069 6212 6218 6214 6219 6213 6220 6074 6077 6206 6077 6070 6073 6208 6214 6207 6080 6218 6212 6207 6213 6215 6214 6218 6220 6221 6215 6213 6205 6211 6069 6222 6217 6216 6222 6223 6217 6069 6072 6070 6217 6076 6072 6218 6224 6220 6225 6219 6226 6077 6080 6212 6080 6073 6075 6214 6220 6213 6083 6224 6218 6213 6219 6221 6220 6224 6226 6227 6221 6219 6211 6217 6072 6228 6223 6222 6228 6229 6223 6072 6076 6073 6223 6079 6076 6224 6230 6226 6231 6225 6232 6080 6083 6218 6083 6075 6078 6220 6226 6219 6086 6230 6224 6219 6225 6227 6226 6230 6232 6233 6227 6225 6217 6223 6076 6234 6229 6228 6234 6235 6229 6076 6079 6075 6229 6081 6079 6236 6231 6232 6237 6231 6236 6083 6086 6224 6086 6078 6082 6226 6232 6225 6089 6238 6230 6225 6231 6233 6232 6238 6236 6239 6233 6231 6223 6229 6079 6240 6235 6234 6240 6241 6235 6079 6081 6078 6084 6081 6235 6242 6237 6236 6230 6238 6232 6086 6089 6230 6085 6089 6082 6237 6242 6243 6090 6244 6238 6231 6237 6239 6236 6244 6242 6245 6239 6237 6229 6235 6081 6246 6241 6240 6246 6247 6241 6081 6084 6082 6087 6084 6241 6248 6243 6242 6238 6244 6236 6089 6090 6238 6088 6090 6085 6243 6248 6249 6024 6250 6244 6237 6243 6245 6242 6250 6248 6251 6245 6243 6235 6241 6084 6252 6247 6246 6252 6253 6247 6084 6087 6085 6091 6087 6247 6254 6249 6248 6244 6250 6242 6090 6024 6244 6025 6024 6088 6249 6254 6255 6023 6256 6250 6243 6249 6251 6248 6256 6254 6257 6251 6249 6241 6247 6087 6258 6253 6252 6258 6259 6253 6087 6091 6088 6160 6091 6253 6260 6255 6254 6250 6256 6248 6024 6023 6250 6159 6023 6025 6255 6260 6261 6156 6262 6256 6249 6255 6257 6254 6262 6260 6263 6257 6255 6247 6253 6091 6264 6259 6258 6264 6265 6259 6091 6160 6025 6158 6160 6259 6266 6261 6260 6256 6262 6254 6023 6156 6256 6093 6156 6159 6267 6261 6268 6099 6269 6262 6255 6261 6263 6260 6269 6266 6267 6263 6261 6253 6259 6160 6270 6265 6264 6270 6271 6265 6160 6158 6159 6094 6158 6265 6272 6268 6266 6262 6269 6260 6156 6099 6262 6092 6099 6093 6273 6268 6274 6098 6275 6269 6275 6272 6266 6267 6268 6273 6261 6266 6268 6259 6265 6158 6276 6271 6270 6276 6277 6271 6158 6094 6093 6157 6094 6271 6278 6274 6272 6269 6275 6266 6099 6098 6269 6154 6098 6092 6279 6274 6280 6152 6281 6275 6281 6278 6272 6273 6274 6279 6268 6272 6274 6265 6271 6094 6282 6277 6276 6282 6283 6277 6094 6157 6092 6155 6157 6277 6284 6280 6278 6275 6281 6272 6098 6152 6275 6096 6152 6154 6285 6280 6286 6104 6287 6281 6287 6284 6278 6279 6280 6285 6274 6278 6280 6271 6277 6157 6288 6283 6282 6288 6289 6283 6157 6155 6154 6097 6155 6283 6290 6286 6284 6281 6287 6278 6152 6104 6281 6095 6104 6096 6291 6286 6292 6103 6293 6287 6293 6290 6284 6285 6286 6291 6280 6284 6286 6277 6283 6155 6294 6289 6288 6294 6295 6289 6155 6097 6096 6153 6097 6289 6296 6292 6290 6287 6293 6284 6104 6103 6287 6150 6103 6095 6297 6292 6298 6148 6299 6293 6299 6296 6290 6291 6292 6297 6286 6290 6292 6283 6289 6097 6300 6295 6294 6300 6301 6295 6097 6153 6095 6151 6153 6295 6302 6298 6296 6293 6299 6290 6103 6148 6293 6100 6148 6150 6303 6298 6304 6146 6305 6299 6305 6302 6296 6297 6298 6303 6292 6296 6298 6289 6295 6153 6306 6301 6300 6306 6307 6301 6153 6151 6150 6101 6151 6301 6109 6304 6302 6299 6305 6296 6148 6146 6299 6102 6146 6100 6308 6304 6309 6107 6110 6305 6110 6109 6302 6303 6304 6308 6298 6302 6304 6295 6301 6151 6310 6307 6306 6310 6311 6307 6151 6101 6100 6149 6101 6307 6147 6309 6109 6305 6110 6302 6146 6107 6305 6105 6107 6102 6312 6309 6313 6106 6108 6110 6108 6147 6109 6308 6309 6312 6304 6109 6309 6301 6307 6101 6314 6311 6310 6314 6315 6311 6101 6149 6102 6316 6149 6311 6105 6316 6145 6147 6143 6313 6107 6106 6110 6145 6106 6105 6317 6313 6318 6139 6144 6108 6144 6143 6147 6312 6313 6317 6309 6147 6313 6307 6311 6149 6319 6315 6314 6319 6320 6315 6149 6316 6105 6321 6316 6315 6145 6321 6140 6143 6114 6318 6106 6139 6108 6140 6139 6145 6322 6318 6323 6138 6115 6144 6115 6114 6143 6317 6318 6322 6313 6143 6318 6311 6315 6316 6324 6320 6319 6324 6325 6320 6316 6321 6145 6326 6321 6320 6140 6326 6141 6114 6112 6323 6139 6138 6144 6141 6138 6140 6327 6323 6328 6125 6113 6115 6113 6112 6114 6322 6323 6327 6318 6114 6323 6315 6320 6321 6329 6325 6324 6329 6058 6325 6321 6326 6140 6326 6325 6330 6123 6141 6330 6112 6117 6328 6138 6125 6115 6125 6141 6123 6331 6328 6332 6124 6111 6113 6111 6117 6112 6327 6328 6331 6323 6112 6328 6320 6325 6326 6059 6058 6329 6333 6334 6335 6326 6330 6141 6142 6330 6058 6336 6337 6116 6117 6337 6332 6125 6124 6113 6124 6133 6134 6338 6332 6339 6134 6116 6111 6116 6337 6117 6331 6332 6338 6328 6117 6332 6325 6058 6330 6122 6057 6059 6133 6340 6134 6330 6142 6123 6142 6057 6341 6134 6342 6116 6340 6133 6341 6337 6119 6339 6342 6134 6340 6343 6339 6118 6336 6116 6342 6336 6119 6337 6338 6339 6343 6332 6337 6339 6058 6057 6142 6344 6121 6122 6340 6334 6342 6142 6341 6133 6121 6345 6341 6342 6333 6336 6345 6334 6340 6346 6119 6336 6334 6333 6342 6347 6118 6132 6336 6333 6346 6346 6120 6119 6343 6118 6347 6339 6119 6118 6057 6121 6341 6344 6127 6121 6348 6346 6333 6341 6345 6340 6128 6129 6345 6349 6120 6346 6129 6335 6334 6350 6132 6120 6335 6348 6333 6351 6130 6350 6349 6346 6348 6350 6120 6349 6347 6132 6131 6118 6120 6132 6121 6128 6345 6127 6043 6128 6126 6352 6335 6345 6129 6334 6126 6335 6129 6352 6353 6348 6352 6348 6335 6353 6354 6349 6353 6349 6348 6354 6351 6350 6354 6350 6349 6135 6130 6351 6131 6130 6137 6132 6350 6130 6128 6043 6044 6129 6128 6044 6352 6042 6040 6030 6126 6044 6353 6040 6045 6042 6352 6126 6354 6045 6047 6040 6353 6352 6351 6047 6048 6045 6354 6353 6135 6048 6050 6047 6351 6354 6050 6136 6135 6048 6135 6351 6355 6356 6357 6358 6359 6357 6355 6357 6359 6358 6360 6361 6361 6359 6358 6362 6360 6363 6360 6362 6361 6364 6365 6363 6362 6363 6365 6364 6366 6367 6367 6365 6364 6368 6366 6369 6366 6368 6367 6370 6371 6369 6368 6369 6371 6372 6371 6370 6373 6356 6355 6374 6373 6375 6373 6374 6356 6376 6377 6375 6374 6375 6377 6376 6378 6379 6379 6377 6376 6380 6378 6381 6378 6380 6379 6382 6383 6381 6380 6381 6383 6382 6384 6385 6385 6383 6382 6386 6384 6387 6384 6386 6385 6386 6387 6388 6388 6387 6389 6390 6391 6392 6393 6394 6390 6390 6392 6393 6394 6395 6396 6395 6394 6393 6397 6396 6398 6395 6398 6396 6399 6400 6397 6397 6398 6399 6400 6401 6402 6401 6400 6399 6403 6402 6404 6401 6404 6402 6405 6406 6403 6403 6404 6405 6407 6406 6405 6407 6408 6406 6392 6391 6409 6409 6410 6411 6410 6409 6391 6412 6411 6413 6410 6413 6411 6414 6415 6412 6412 6413 6414 6415 6416 6417 6416 6415 6414 6418 6417 6419 6416 6419 6417 6420 6421 6418 6418 6419 6420 6421 6422 6423 6422 6421 6420 6422 6424 6423 6423 6424 6425 6426 6427 6428 6429 6430 6431 6430 6429 6432 6432 6433 6430 6426 6431 6427 6429 6431 6426 6434 6435 6436 6434 6436 6437 6434 6437 6438 6438 6439 6434 6438 6437 6440 6441 6437 6442 6441 6443 6444 6441 6444 6437 6436 6445 6437 6434 6446 6435 6447 6448 6449 6448 6439 6450 6447 6446 6434 6442 6437 6445 6440 6437 6444 6434 6448 6447 6439 6448 6434 6451 6452 6453 6454 6455 6456 6457 6456 6452 6455 6453 6456 6458 6459 6460 6460 6461 6458 6461 6462 6463 6460 6462 6461 6464 6461 6463 6455 6465 6453 6457 6466 6461 6467 6457 6468 6469 6467 6468 6470 6471 6469 6472 6471 6473 6469 6468 6470 6474 6475 6472 6473 6471 6470 6476 6477 6478 6473 6474 6472 6479 6480 6481 6481 6477 6476 6478 6474 6482 6475 6478 6483 6461 6466 6458 6456 6464 6454 6452 6484 6468 6466 6457 6467 6452 6468 6457 6484 6485 6470 6484 6470 6468 6485 6486 6473 6485 6473 6470 6486 6482 6474 6486 6474 6473 6476 6478 6482 6483 6478 6477 6475 6474 6478 6464 6456 6461 6457 6461 6456 6484 6451 6487 6453 6452 6456 6485 6487 6488 6451 6484 6452 6486 6488 6489 6487 6485 6484 6482 6489 6490 6488 6486 6485 6476 6490 6479 6489 6482 6486 6479 6481 6476 6490 6476 6482 6491 6492 6493 6494 6495 6496 6497 6493 6498 6499 6493 6497 6497 6500 6501 6502 6503 6504 6505 6495 6506 6495 6492 6506 6507 6508 6509 6510 6511 6512 6513 6514 6515 6516 6502 6517 6517 6518 6516 6517 6519 6520 6521 6518 6522 6516 6503 6502 6517 6502 6519 6523 6504 6503 6524 6525 6526 6504 6523 6515 6509 6527 6507 6528 6527 6514 6529 6530 6531 6509 6530 6527 6532 6511 6510 6529 6531 6533 6512 6533 6534 6505 6535 6536 6537 6538 6539 6538 6532 6510 6540 6537 6539 6532 6538 6541 6492 6542 6543 6544 6545 6498 6491 6493 6499 6493 6492 6543 6546 6547 6548 6529 6527 6530 6527 6528 6507 6513 6515 6523 6528 6514 6513 6535 6514 6536 6549 6504 6515 6535 6549 6515 6502 6504 6525 6549 6525 6504 6517 6522 6518 6525 6519 6502 6520 6522 6517 6529 6536 6527 6533 6531 6534 6514 6535 6515 6527 6536 6514 6505 6536 6496 6535 6505 6526 6526 6550 6524 6549 6526 6525 6525 6551 6519 6520 6519 6552 6533 6496 6529 6553 6512 6534 6505 6506 6554 6529 6496 6536 6494 6496 6533 6535 6526 6549 6505 6554 6526 6550 6526 6554 6524 6551 6525 6555 6552 6551 6519 6551 6552 6512 6494 6533 6556 6510 6553 6557 6495 6494 6495 6505 6496 6494 6511 6557 6506 6492 6491 6542 6495 6557 6495 6542 6492 6544 6547 6545 6498 6493 6543 6553 6510 6512 6556 6539 6538 6558 6559 6560 6512 6511 6494 6511 6532 6559 6542 6557 6558 6557 6559 6558 6498 6543 6544 6558 6561 6542 6500 6497 6498 6561 6544 6543 6500 6498 6545 6538 6510 6556 6537 6541 6538 6541 6562 6532 6511 6559 6557 6562 6560 6559 6532 6562 6559 6560 6563 6558 6542 6561 6543 6563 6548 6561 6558 6563 6561 6548 6547 6544 6561 6548 6544 6564 6565 6566 6567 6568 6569 6570 6567 6571 6570 6572 6567 6566 6565 6573 6574 6572 6570 6566 6572 6574 6564 6575 6565 6576 6577 6578 6568 6579 6569 6576 6580 6581 6581 6580 6582 6582 6583 6584 6585 6586 6587 6584 6581 6582 6588 6589 6590 6591 6588 6592 6593 6594 6595 6585 6589 6586 6596 6584 6583 6591 6596 6583 6591 6592 6597 6592 6598 6597 6599 6598 6600 6577 6564 6578 6564 6577 6575 6580 6601 6602 6578 6580 6576 6564 6603 6578 6582 6602 6586 6578 6601 6580 6583 6586 6589 6582 6580 6602 6583 6582 6586 6598 6592 6600 6596 6591 6597 6588 6591 6589 6604 6600 6592 6566 6603 6564 6605 6572 6573 6606 6601 6603 6603 6601 6578 6603 6574 6606 6607 6602 6601 6601 6606 6607 6587 6586 6602 6602 6607 6587 6585 6595 6590 6592 6588 6604 6583 6589 6591 6590 6589 6585 6608 6604 6588 6573 6572 6566 6605 6568 6567 6606 6574 6609 6566 6574 6603 6574 6570 6609 6607 6606 6610 6606 6609 6610 6587 6607 6611 6607 6610 6611 6585 6587 6612 6611 6612 6587 6588 6590 6608 6585 6612 6595 6594 6608 6590 6567 6572 6605 6569 6571 6567 6571 6613 6570 6570 6613 6609 6613 6614 6609 6609 6614 6610 6614 6615 6610 6610 6615 6611 6615 6616 6611 6611 6616 6612 6616 6617 6612 6595 6594 6590 6612 6617 6595 6593 6595 6617 6618 6619 6620 6621 6622 6623 6622 6618 6620 6624 6625 6626 6624 6627 6628 6626 6627 6624 6626 6629 6627 6630 6626 6619 6623 6622 6620 6631 6621 6632 6631 6633 6634 6632 6621 6623 6635 6634 6636 6632 6633 6631 6637 6638 6636 6634 6633 6636 6635 6638 6639 6636 6638 6635 6629 6626 6630 6630 6619 6618 6625 6640 6619 6626 6625 6619 6640 6641 6620 6619 6640 6620 6641 6642 6623 6620 6641 6623 6642 6643 6632 6623 6642 6632 6643 6644 6633 6632 6643 6633 6637 6636 6644 6633 6644 6636 6645 6646 6647 6647 6646 6648 6648 6649 6650 6651 6649 6652 6650 6647 6648 6651 6652 6653 6654 6655 6653 6656 6648 6646 6654 6652 6657 6645 6658 6646 6657 6659 6660 6648 6661 6652 6662 6659 6663 6659 6662 6660 6664 6662 6663 6664 6665 6666 6665 6664 6663 6667 6668 6669 6665 6670 6666 6671 6668 6667 6666 6670 6672 6672 6670 6669 6673 6674 6675 6669 6674 6672 6659 6657 6676 6652 6654 6653 6663 6659 6677 6654 6657 6660 6657 6661 6676 6665 6663 6678 6659 6676 6677 6670 6665 6679 6663 6677 6678 6669 6670 6667 6678 6679 6665 6668 6675 6669 6679 6667 6670 6675 6674 6669 6649 6648 6652 6652 6661 6657 6656 6680 6661 6648 6656 6661 6680 6681 6676 6661 6680 6676 6681 6682 6677 6676 6681 6677 6682 6683 6678 6677 6682 6678 6683 6684 6679 6678 6683 6679 6671 6667 6684 6679 6684 6667 6685 6686 6687 6688 6689 6690 6691 6687 6686 6691 6690 6692 6685 6693 6686 6694 6688 6686 6695 6693 6696 6695 6697 6698 6693 6695 6686 6686 6695 6694 6695 6698 6699 6700 6694 6695 6698 6701 6699 6688 6690 6686 6686 6690 6691 6700 6695 6699 6697 6695 6696 6702 6703 6704 6705 6706 6707 6705 6708 6706 6705 6707 6703 6702 6704 6709 6703 6707 6704 6710 6711 6712 6713 6714 6715 6716 6717 6712 6716 6718 6719 6720 6721 6722 6710 6723 6711 6724 6725 6717 6726 6715 6721 6720 6722 6727 6722 6721 6728 6729 6727 6722 6730 6731 6729 6725 6732 6733 6725 6720 6732 6734 6725 6733 6735 6717 6734 6712 6718 6716 6722 6730 6729 6732 6720 6727 6724 6721 6720 6728 6730 6722 6734 6717 6725 6712 6735 6710 6724 6726 6721 6725 6724 6720 6716 6726 6724 6715 6728 6721 6712 6717 6735 6711 6718 6712 6719 6713 6726 6717 6716 6724 6719 6726 6716 6715 6726 6713 6736 6737 6738 6739 6740 6741 6742 6743 6744 6743 6736 6744 6745 6737 6746 6747 6748 6749 6738 6750 6751 6752 6745 6746 6753 6752 6754 6739 6741 6755 6756 6757 6740 6738 6751 6755 6756 6740 6758 6739 6758 6740 6759 6756 6758 6760 6757 6747 6760 6744 6736 6760 6741 6740 6755 6741 6738 6738 6741 6736 6750 6738 6737 6757 6760 6740 6744 6747 6749 6743 6746 6737 6741 6760 6736 6736 6743 6737 6750 6737 6745 6747 6744 6760 6749 6742 6744 6742 6761 6743 6761 6754 6746 6761 6746 6743 6752 6746 6754 6762 6763 6764 6765 6766 6767 6768 6769 6770 6771 6772 6773 6768 6771 6763 6769 6774 6770 6775 6776 6777 6764 6765 6778 6765 6779 6780 6765 6780 6778 6780 6779 6781 6767 6766 6776 6782 6763 6783 6768 6772 6771 6783 6763 6784 6763 6762 6784 6782 6769 6768 6766 6765 6764 6762 6764 6778 6766 6764 6771 6779 6765 6767 6782 6768 6763 6770 6772 6768 6773 6777 6766 6763 6771 6764 6773 6766 6771 6776 6766 6777 6785 6786 6787 6788 6789 6790 6791 6792 6793 6794 6795 6796 6797 6798 6799 6800 6788 6801 6802 6803 6804 6804 6805 6806 6807 6791 6808 6809 6810 6811 6785 6812 6810 6813 6812 6785 6814 6812 6813 6787 6815 6816 6817 6816 6815 6787 6786 6815 6817 6818 6819 6813 6820 6821 6821 6822 6823 6786 6785 6809 6824 6825 6807 6787 6796 6785 6823 6813 6821 6814 6813 6823 6822 6821 6826 6794 6799 6827 6792 6828 6829 6797 6803 6830 6831 6832 6828 6833 6834 6831 6789 6788 6804 6835 6836 6837 6834 6837 6838 6838 6837 6836 6839 6840 6841 6842 6838 6836 6838 6842 6839 6825 6824 6820 6785 6810 6809 6820 6813 6825 6787 6816 6843 6795 6813 6785 6817 6819 6816 6787 6843 6796 6844 6816 6819 6825 6813 6795 6808 6824 6807 6796 6843 6845 6795 6785 6796 6827 6825 6795 6843 6816 6844 6796 6845 6794 6846 6843 6844 6807 6825 6827 6793 6808 6791 6847 6848 6845 6827 6795 6794 6798 6807 6827 6845 6843 6846 6794 6848 6799 6847 6845 6846 6791 6807 6798 6829 6793 6792 6849 6850 6848 6798 6827 6799 6830 6791 6798 6794 6845 6848 6799 6850 6797 6847 6849 6848 6792 6791 6830 6832 6829 6828 6851 6852 6850 6830 6798 6797 6830 6802 6792 6799 6848 6850 6797 6852 6803 6849 6851 6850 6828 6792 6802 6853 6832 6831 6854 6789 6852 6802 6830 6803 6802 6806 6828 6797 6850 6852 6803 6789 6804 6851 6854 6852 6831 6828 6806 6834 6855 6853 6856 6788 6857 6806 6802 6804 6805 6833 6806 6803 6852 6789 6805 6804 6788 6854 6790 6789 6853 6831 6834 6855 6838 6841 6856 6833 6805 6831 6806 6833 6856 6837 6833 6788 6856 6805 6790 6801 6788 6855 6834 6838 6839 6841 6838 6856 6858 6835 6834 6833 6837 6835 6837 6856 6856 6857 6858 6788 6800 6857 6859 6860 6861 6862 6863 6864 6865 6866 6867 6868 6869 6870 6871 6872 6873 6874 6875 6876 6877 6878 6879 6880 6881 6882 6883 6884 6885 6884 6883 6886 6885 6887 6888 6888 6883 6885 6889 6890 6887 6888 6887 6890 6891 6889 6892 6889 6891 6890 6893 6891 6892 6886 6879 6884 6877 6880 6878 6886 6877 6879 6881 6872 6882 6880 6882 6878 6876 6871 6873 6873 6872 6881 6865 6875 6874 6875 6871 6876 6894 6867 6866 6865 6874 6866 6869 6895 6860 6870 6896 6868 6868 6896 6894 6866 6868 6894 6869 6868 6895 6861 6864 6859 6895 6861 6860 6863 6859 6864 6897 6898 6899 6897 6899 6900 6901 6902 6903 6904 6898 6905 6904 6906 6898 6897 6907 6908 6898 6909 6910 6906 6899 6898 6909 6911 6912 6913 6914 6902 6909 6898 6897 6915 6911 6909 6897 6916 6909 6916 6908 6917 6918 6919 6915 6920 6921 6922 6915 6921 6920 6909 6921 6915 6923 6921 6909 6924 6922 6925 6921 6925 6922 6926 6925 6927 6925 6928 6929 6925 6930 6931 6932 6927 6925 6933 6934 6935 6935 6930 6925 6908 6936 6937 6938 6900 6939 6897 6900 6938 6940 6941 6942 6907 6897 6938 6943 6936 6907 6944 6938 6945 6946 6947 6938 6944 6946 6938 6907 6948 6943 6949 6945 6938 6950 6907 6938 6938 6947 6950 6951 6952 6953 6950 6948 6907 6948 6954 6955 6956 6954 6948 6957 6948 6958 6959 6960 6961 6962 6948 6963 6943 6964 6965 6960 6965 6966 6948 6962 6964 6967 6968 6964 6964 6969 6970 6971 6972 6964 6964 6973 6974 6975 6976 6977 6972 6975 6964 6978 6979 6975 6980 6975 6981 6975 6982 6983 6984 6985 6979 6978 6984 6979 6979 6985 6986 6975 6983 6987 6978 6975 6987 6975 6979 6965 6982 6975 6980 6976 6975 6972 6975 6977 6988 6964 6974 6971 6975 6965 6964 6964 6989 6967 6902 6901 6913 6990 6969 6964 6989 6964 6970 6991 6958 6948 6964 6943 6948 6948 6955 6991 6963 6948 6957 6911 6915 6919 6910 6909 6912 6918 6915 6992 6929 6924 6925 6993 6994 6917 6995 6992 6915 6993 6996 6997 6998 6999 6923 6996 7000 7001 6998 7002 7003 7004 7000 7005 7006 7002 7007 7008 7009 7005 7010 7011 7007 7008 7012 7013 7010 7014 7015 7013 7016 7017 7018 7014 7017 7019 7016 7020 7016 7012 7021 7022 7023 7020 7024 7020 7021 7022 7024 7025 7025 7026 7027 7022 7027 7028 7029 7026 7030 7031 7027 7029 7032 7033 7030 7033 7034 7029 7032 7035 7036 7033 7036 7037 7038 7035 7039 7040 7036 7038 7041 7042 7039 7042 7043 7038 7041 7044 7045 7042 7045 7046 7047 7048 7049 7050 7045 7049 7047 7051 7052 7053 7049 7044 7054 7051 7055 7053 7056 7047 7057 7058 7055 7056 7059 7051 7060 7061 7062 7055 7059 7063 6953 7064 7065 7066 7057 7063 7067 7068 7069 7061 7070 7071 7072 6951 7073 7064 7068 7074 7058 7075 7076 7068 7067 7074 7077 7078 7069 7062 7079 7075 7060 7066 7070 7080 7081 7082 7083 7062 7084 7085 7086 7087 7088 7082 7081 7089 7090 7091 6981 6975 6988 6966 6965 6979 6964 6968 6973 6961 6960 6966 6962 7092 6964 6990 6964 7092 6960 6943 6965 7093 6959 6961 7094 7095 6948 6948 7095 6956 6936 6943 6960 6950 7094 6948 6959 6936 6960 6901 6903 7093 7096 6938 7097 7096 6949 6938 6959 6937 6936 6907 6936 6908 6939 7098 6938 7097 6938 7098 6959 6903 6937 6903 6959 7093 6898 7099 7100 6898 7100 6905 6903 7101 6937 7101 6917 6937 7102 7103 6898 6898 7103 7099 6908 6916 6897 6910 7102 6898 6902 7101 6903 7104 6914 6913 7104 7105 6914 6917 6908 6937 6902 7106 7101 7101 7106 6993 7107 6915 7108 7107 6995 6915 6994 6916 6917 6909 6916 6923 6920 7109 6915 7108 6915 7109 6914 7106 6902 7110 7105 7104 7110 7111 7105 6993 6917 7101 7106 6914 7112 6994 6923 6916 7106 7112 6996 6998 6997 7002 6997 6994 6993 6925 6926 6928 6994 6998 6923 6925 6931 6932 6935 6921 6999 6934 6930 6935 7105 7112 6914 7113 7111 7110 7113 7114 7111 6996 6993 7106 7105 7115 7112 6997 6998 6994 7112 7115 7000 7002 7001 7007 7001 6997 6996 7116 6935 7117 6921 6935 6925 6923 6999 6921 6999 7003 7117 6935 7116 6933 7111 7115 7105 7118 7114 7113 7118 7119 7114 7000 6996 7112 7111 7120 7115 7001 7002 6997 7120 7005 7115 7007 7004 7010 7004 7001 7000 7121 7117 7122 6999 7117 6935 6998 7003 6999 7003 7006 7122 7116 7117 7121 7114 7120 7111 7123 7119 7118 7123 7124 7119 7005 7000 7115 7114 7125 7120 7004 7007 7001 7125 7008 7120 7010 7009 7014 7009 7004 7005 7126 7122 7127 7003 7122 7117 7002 7006 7003 7006 7011 7127 7121 7122 7126 7119 7125 7114 7128 7124 7123 7128 7129 7124 7008 7005 7120 7119 7130 7125 7009 7010 7004 7130 7012 7125 7014 7013 7017 7013 7009 7008 7131 7127 7132 7006 7127 7122 7007 7011 7006 7011 7015 7132 7126 7127 7131 7124 7130 7119 7133 7129 7128 7133 7134 7129 7012 7008 7125 7124 7135 7130 7013 7014 7009 7135 7021 7130 7017 7016 7019 7016 7013 7012 7136 7132 7137 7011 7132 7127 7010 7015 7011 7015 7018 7137 7131 7132 7136 7129 7135 7124 7138 7134 7133 7138 7139 7134 7021 7012 7130 7135 7129 7140 7019 7141 7017 7140 7024 7135 7019 7020 7023 7016 7021 7020 7142 7137 7143 7015 7137 7132 7014 7018 7015 7018 7141 7143 7136 7137 7142 7134 7140 7129 7144 7139 7138 7144 7145 7139 7024 7021 7135 7140 7134 7146 7147 7019 7023 7146 7025 7140 7141 7148 7143 7020 7024 7022 7149 7143 7148 7018 7143 7137 7017 7141 7018 7141 7147 7148 7142 7143 7149 7139 7146 7134 7150 7145 7144 7150 7151 7145 7025 7024 7140 7146 7139 7152 7153 7023 7028 7152 7026 7146 7147 7154 7148 7022 7025 7027 7023 7022 7028 7154 7155 7148 7019 7147 7141 7147 7153 7154 7149 7148 7155 7145 7152 7139 7156 7151 7150 7156 7157 7151 7026 7025 7146 7152 7145 7158 7159 7028 7031 7158 7030 7152 7154 7153 7160 7027 7026 7029 7028 7027 7031 7154 7161 7162 7023 7153 7147 7159 7160 7153 7155 7154 7162 7151 7158 7145 7163 7157 7156 7163 7164 7157 7030 7026 7152 7158 7151 7165 7166 7031 7034 7165 7032 7158 7160 7159 7167 7029 7030 7033 7031 7029 7034 7160 7161 7154 7028 7159 7153 7159 7166 7167 7168 7161 7160 7157 7165 7151 7169 7164 7163 7170 7171 7172 7032 7030 7158 7173 7165 7157 7174 7034 7037 7173 7035 7165 7167 7166 7175 7033 7032 7036 7034 7033 7037 7167 7168 7160 7031 7166 7159 7166 7174 7175 7176 7168 7167 7164 7173 7157 6941 7177 7169 6941 6940 7177 7035 7032 7165 7173 7164 7178 7179 7037 7040 7173 7178 7039 7175 7174 7180 7036 7035 7038 7037 7036 7040 7175 7176 7167 7034 7174 7166 7174 7179 7180 7181 7176 7175 7164 7177 7178 7177 7164 7169 7182 7183 7184 7039 7035 7173 7185 7178 7177 7186 7040 7043 7185 7041 7178 7180 7179 7187 7038 7039 7042 7040 7038 7043 7180 7181 7175 7037 7179 7174 7179 7186 7187 7188 7181 7180 6940 7185 7177 7171 7189 6942 7171 7170 7189 7041 7039 7178 7185 6940 7190 7191 7043 7046 7185 7190 7044 7187 7186 7192 7042 7041 7045 7043 7042 7046 7187 7188 7180 7040 7186 7179 7186 7191 7192 7193 7188 7187 6940 7189 7190 7189 6940 6942 7194 7195 7196 7044 7041 7185 7197 7190 7189 7048 7050 7049 7197 7053 7190 7192 7191 7198 7045 7044 7049 7046 7045 7050 7192 7193 7187 7043 7191 7186 7191 7199 7198 7200 7193 7192 7170 7197 7189 7183 7201 7172 7201 7183 7182 7053 7044 7190 7197 7170 7202 7052 7048 7047 7197 7202 7056 7050 7199 7046 7047 7049 7053 7199 7203 7198 7198 7200 7192 7046 7199 7191 7199 7204 7203 7205 7200 7198 7170 7201 7202 7201 7170 7172 7072 7073 7206 7056 7053 7197 7207 7202 7201 7054 7052 7051 7059 7202 7207 7048 7204 7050 7051 7047 7056 7204 7208 7203 7203 7205 7198 7050 7204 7199 7204 7209 7208 7210 7205 7203 7182 7207 7201 7195 7211 7184 7211 7195 7194 7059 7056 7202 7207 7182 7212 7058 7054 7055 7063 7207 7212 7052 7209 7048 7055 7051 7059 7209 7213 7208 7208 7210 7203 7048 7209 7204 7209 7214 7213 7215 7210 7208 7182 7211 7212 7211 7182 7184 7065 7216 7217 7063 7059 7207 7218 7212 7211 7075 7058 7057 7066 7212 7218 7054 7214 7052 7057 7055 7063 7219 7213 7220 7213 7215 7208 7052 7214 7209 7214 7221 7220 7219 7215 7213 7194 7218 7211 7206 7222 7196 7206 7073 7222 7066 7063 7212 7194 7223 7218 7062 7075 7060 7066 7218 7070 7058 7221 7054 7060 7057 7066 7224 7220 7225 7214 7220 7213 7054 7221 7214 7221 7076 7225 7219 7220 7224 7194 7222 7223 7222 7194 7196 7226 7087 7227 7223 7070 7218 7228 7223 7222 7060 7075 7057 7070 7223 7071 7062 7061 7084 7060 7070 7061 7229 7225 7230 7221 7225 7220 7058 7076 7221 7076 7079 7230 7224 7225 7229 7073 7228 7222 6952 6951 7072 7071 7231 7232 7228 7071 7223 7073 7233 7228 7061 7232 7084 7231 7071 7228 7232 7082 7084 7232 7061 7071 7234 7230 7235 7076 7230 7225 7075 7079 7076 7079 7083 7235 7229 7230 7234 6951 7233 7073 7236 6953 6952 7231 7237 7238 7233 7231 7228 6951 7239 7233 7232 7238 7082 7233 7237 7231 7084 7082 7088 7232 7231 7238 7240 7235 7226 7079 7235 7230 7062 7083 7079 7083 7088 7226 7234 7235 7240 6953 7239 6951 7241 7064 7236 7217 7237 7239 7239 7237 7233 7239 7065 7217 7242 7238 7237 7237 7217 7242 7080 7082 7238 7238 7242 7080 7086 7085 7090 7083 7226 7235 7084 7088 7083 7088 7081 7087 7240 7226 7227 7236 7064 6953 7068 7241 7077 7217 7243 7242 6953 7065 7239 7065 7074 7216 7242 7244 7080 7217 7216 7243 7080 7245 7081 7242 7243 7244 7081 7085 7087 7244 7245 7080 7088 7087 7226 7245 7085 7081 7227 7087 7086 7241 7068 7064 7077 7069 7068 7246 7074 7067 7064 7074 7065 7074 7246 7216 7247 7216 7246 7216 7247 7243 7248 7243 7247 7243 7248 7244 7249 7244 7248 7244 7249 7245 7091 7245 7249 7091 7090 7085 7245 7091 7085 7250 7251 7252 7253 7250 7254 7251 7250 7255 7250 7256 7257 7258 7250 7257 7259 7250 7260 7250 7259 7256 7250 7253 7261 7260 7250 7261 7254 7262 7263 7253 7254 7263 7264 7265 7254 7262 7254 7266 7267 7268 7269 7270 7264 7254 7254 7271 7272 7254 7273 7270 7254 7274 7275 7273 7254 7275 7272 7276 7254 7254 7276 7274 7277 7278 7271 7271 7278 7272 7271 7279 7280 7280 7277 7271 7281 7282 7271 7271 7282 7279 7283 7271 7284 7283 7281 7271 7285 7269 7286 7284 7271 7285 7269 7287 7288 7289 7267 7254 7269 7288 7286 7290 7291 7292 7250 7252 7291 7292 7293 7290 7289 7294 7295 7296 7297 7290 7296 7290 7293 7298 7299 7290 7298 7290 7297 7300 7290 7301 7301 7290 7299 7291 7290 7302 7302 7289 7250 7303 7304 7305 7290 7306 7307 7305 7308 7309 7304 7308 7305 7310 7311 7305 7309 7310 7305 7312 7305 7311 7313 7294 7302 7305 7314 7315 7305 7312 7314 7307 7303 7290 7315 7316 7305 7317 7318 7319 7320 7318 7317 7319 7321 7317 7322 7323 7313 7324 7325 7317 7324 7317 7321 7326 7317 7327 7327 7317 7325 7328 7329 7317 7326 7330 7317 7328 7331 7329 7328 7317 7330 7332 7333 7334 7335 7334 7331 7336 7337 7334 7336 7334 7338 7339 7340 7341 7335 7338 7334 7342 7334 7343 7334 7344 7343 7333 7332 7345 7334 7342 7332 7346 7333 7345 7322 7347 7348 7349 7347 7350 7346 7351 7333 7352 7350 7353 7354 7355 7356 7357 7358 7353 7359 7360 7354 7357 7361 7362 7360 7363 7364 7365 7361 7366 7367 7364 7368 7369 7370 7366 7371 7372 7367 7373 7374 7369 7372 7375 7376 7373 7377 7378 7379 7376 7380 7377 7381 7382 7383 7384 7379 7385 7381 7386 7384 7387 7388 7389 7390 7386 7391 7388 7392 7389 7393 7394 7395 7396 7391 7393 7397 7398 7399 7396 7400 7397 7401 7402 7403 7404 7399 7405 7406 7401 7404 7407 7408 7409 7410 7405 7411 7408 7412 7413 7414 7415 7416 7417 7411 7418 7409 7419 7417 7420 7421 7419 7422 7423 7424 7421 7425 7422 7426 7427 7428 7429 7424 7430 7426 7431 7429 7432 7433 7415 7434 7413 7435 7433 7436 7437 7438 7439 7437 7440 7441 7442 7443 7444 7445 7446 7447 7435 7415 7414 7448 7447 7449 7450 7447 7448 7431 7451 7452 7453 7451 7414 7454 7455 7456 7451 7457 7458 7459 7460 7461 7461 7462 7463 7464 7465 7466 7467 7461 7460 7269 7271 7267 7269 7285 7271 7268 7267 7295 7265 7266 7254 7289 7254 7250 7271 7254 7267 7468 7295 7469 7258 7255 7250 7302 7250 7291 7268 7295 7468 7294 7289 7302 7267 7289 7295 7306 7290 7300 7294 7323 7469 7304 7303 7307 7470 7469 7471 7303 7313 7302 7313 7323 7294 7468 7469 7470 7295 7294 7469 7320 7316 7472 7320 7472 7318 7323 7348 7471 7290 7303 7302 7320 7303 7305 7473 7474 7471 7355 7322 7313 7470 7471 7474 7348 7323 7322 7469 7323 7471 7475 7341 7340 7305 7316 7320 7313 7303 7355 7320 7355 7303 7320 7329 7356 7348 7349 7473 7356 7355 7320 7476 7477 7473 7354 7347 7322 7474 7473 7477 7349 7348 7347 7471 7348 7473 7334 7329 7331 7344 7334 7337 7351 7478 7333 7317 7329 7320 7479 7329 7333 7479 7359 7356 7349 7352 7476 7355 7354 7322 7359 7354 7356 7480 7481 7476 7360 7350 7347 7477 7476 7481 7352 7349 7350 7473 7349 7476 7334 7333 7329 7482 7478 7351 7482 7483 7478 7329 7479 7356 7484 7479 7478 7484 7363 7359 7352 7358 7480 7354 7360 7347 7363 7360 7359 7485 7486 7480 7364 7353 7350 7481 7480 7486 7358 7352 7353 7476 7352 7480 7333 7478 7479 7487 7483 7482 7487 7488 7483 7479 7484 7359 7489 7484 7483 7489 7368 7363 7358 7362 7485 7360 7364 7350 7368 7364 7363 7490 7491 7485 7367 7357 7353 7486 7485 7491 7362 7358 7357 7480 7358 7485 7478 7483 7484 7492 7488 7487 7492 7493 7488 7484 7489 7363 7494 7489 7488 7494 7371 7368 7362 7365 7490 7364 7367 7353 7371 7367 7368 7495 7496 7490 7372 7361 7357 7491 7490 7496 7365 7362 7361 7485 7362 7490 7483 7488 7489 7497 7493 7492 7497 7498 7493 7489 7494 7368 7499 7494 7493 7499 7375 7371 7365 7370 7495 7367 7372 7357 7375 7372 7371 7500 7501 7495 7376 7366 7361 7496 7495 7501 7370 7365 7366 7490 7365 7495 7488 7493 7494 7502 7498 7497 7502 7503 7498 7494 7499 7371 7499 7498 7504 7504 7380 7375 7370 7374 7500 7372 7376 7361 7380 7376 7375 7505 7506 7500 7379 7369 7366 7501 7500 7506 7374 7370 7369 7495 7370 7500 7493 7498 7499 7507 7503 7502 7507 7475 7503 7499 7504 7375 7504 7503 7508 7380 7508 7383 7374 7378 7505 7376 7379 7366 7383 7379 7380 7509 7510 7505 7384 7373 7369 7506 7505 7510 7378 7374 7373 7500 7374 7505 7498 7503 7504 7511 7475 7507 7446 7449 7447 7504 7508 7380 7508 7475 7512 7383 7512 7387 7382 7509 7378 7379 7384 7369 7384 7383 7387 7513 7514 7509 7388 7377 7373 7510 7509 7514 7382 7378 7377 7505 7378 7509 7503 7475 7508 7511 7341 7475 7515 7340 7339 7508 7512 7383 7516 7512 7340 7387 7516 7392 7385 7513 7382 7384 7388 7373 7388 7387 7392 7385 7382 7381 7391 7381 7377 7513 7517 7518 7514 7513 7518 7509 7382 7513 7340 7512 7475 7519 7515 7339 7520 7515 7519 7512 7516 7387 7521 7516 7515 7392 7521 7395 7390 7517 7385 7388 7391 7377 7391 7392 7395 7385 7517 7513 7396 7386 7381 7386 7390 7385 7522 7517 7523 7517 7522 7518 7340 7515 7516 7524 7520 7519 7525 7520 7524 7516 7521 7392 7526 7521 7520 7395 7526 7400 7394 7523 7390 7391 7396 7381 7396 7395 7400 7527 7523 7528 7389 7386 7399 7522 7523 7527 7390 7389 7394 7517 7390 7523 7515 7520 7521 7529 7525 7524 7530 7525 7529 7521 7526 7395 7531 7526 7525 7400 7531 7403 7398 7528 7394 7396 7399 7386 7403 7399 7400 7532 7528 7533 7404 7393 7389 7527 7528 7532 7398 7394 7393 7523 7394 7528 7520 7525 7526 7534 7530 7529 7535 7530 7534 7526 7531 7400 7536 7531 7530 7403 7536 7407 7398 7402 7533 7399 7404 7389 7404 7403 7407 7537 7538 7533 7397 7393 7408 7532 7533 7538 7398 7397 7402 7528 7398 7533 7525 7530 7531 7539 7535 7534 7540 7535 7539 7531 7536 7403 7541 7536 7535 7407 7541 7412 7406 7537 7402 7404 7408 7393 7412 7408 7407 7542 7537 7543 7411 7401 7397 7538 7537 7542 7406 7402 7401 7533 7402 7537 7530 7535 7536 7544 7540 7539 7545 7540 7544 7536 7541 7407 7546 7541 7540 7412 7546 7416 7406 7410 7543 7408 7411 7397 7411 7412 7416 7547 7548 7543 7405 7401 7417 7542 7543 7548 7406 7405 7410 7537 7406 7543 7535 7540 7541 7549 7545 7544 7550 7545 7549 7541 7546 7412 7551 7546 7545 7416 7551 7420 7418 7547 7410 7411 7417 7401 7417 7416 7420 7552 7547 7553 7421 7409 7405 7548 7547 7552 7418 7410 7409 7543 7410 7547 7540 7545 7546 7554 7550 7549 7554 7555 7550 7546 7551 7416 7556 7551 7550 7420 7556 7425 7423 7553 7418 7417 7421 7405 7425 7421 7420 7557 7558 7553 7424 7419 7409 7552 7553 7558 7418 7419 7423 7547 7418 7553 7545 7550 7551 7559 7555 7554 7559 7560 7555 7551 7556 7420 7561 7556 7555 7425 7561 7428 7423 7427 7557 7421 7424 7409 7424 7425 7428 7557 7553 7423 7429 7422 7419 7422 7427 7423 7562 7557 7563 7557 7562 7558 7550 7555 7556 7564 7560 7559 7564 7565 7560 7556 7561 7425 7566 7561 7560 7566 7432 7428 7430 7563 7427 7424 7429 7419 7432 7429 7428 7567 7563 7568 7426 7422 7433 7562 7563 7567 7430 7427 7426 7557 7427 7563 7555 7560 7561 7569 7565 7564 7569 7570 7565 7561 7566 7428 7571 7566 7565 7571 7436 7432 7452 7568 7430 7429 7433 7422 7433 7432 7436 7572 7573 7568 7435 7431 7426 7567 7568 7573 7430 7431 7452 7563 7430 7568 7560 7565 7566 7574 7570 7569 7574 7440 7570 7566 7571 7432 7571 7570 7575 7575 7415 7436 7452 7458 7572 7433 7435 7426 7435 7436 7415 7576 7572 7577 7414 7451 7431 7573 7572 7576 7458 7452 7451 7568 7452 7572 7565 7570 7571 7441 7440 7574 7578 7579 7439 7571 7575 7436 7434 7575 7440 7580 7581 7457 7458 7581 7577 7435 7414 7431 7414 7413 7453 7582 7577 7583 7453 7457 7451 7457 7581 7458 7576 7577 7582 7572 7458 7577 7570 7440 7575 7438 7437 7441 7413 7584 7453 7575 7434 7415 7585 7434 7437 7453 7586 7457 7584 7413 7585 7581 7455 7583 7586 7453 7584 7587 7583 7454 7580 7457 7586 7580 7455 7581 7582 7583 7587 7577 7581 7583 7440 7437 7434 7578 7439 7438 7584 7442 7586 7434 7585 7413 7439 7588 7585 7586 7444 7580 7588 7442 7584 7455 7580 7589 7586 7442 7444 7590 7454 7463 7580 7444 7589 7589 7456 7455 7587 7454 7590 7583 7455 7454 7437 7439 7585 7591 7579 7578 7592 7589 7444 7585 7588 7584 7579 7593 7588 7594 7456 7589 7593 7443 7442 7595 7463 7456 7443 7592 7444 7459 7595 7596 7594 7589 7592 7595 7456 7594 7590 7463 7462 7454 7456 7463 7439 7579 7588 7449 7591 7448 7597 7446 7445 7588 7593 7442 7446 7593 7449 7598 7597 7599 7597 7443 7446 7596 7598 7600 7598 7592 7597 7459 7596 7601 7596 7594 7598 7459 7602 7460 7462 7461 7467 7463 7595 7461 7593 7579 7449 7449 7579 7591 7597 7445 7599 7443 7593 7446 7598 7599 7600 7592 7443 7597 7596 7600 7601 7594 7592 7598 7459 7601 7602 7595 7594 7596 7460 7602 7466 7461 7595 7459 7466 7465 7460 7467 7460 7465 7603 7604 7605 7605 7604 7606 7605 7606 7607 7603 7608 7609 7610 7607 7606 7611 7612 7613 7608 7614 7615 7616 7617 7618 7619 7620 7621 7622 7623 7624 7623 7625 7624 7626 7627 7628 7623 7622 7627 7625 7623 7617 7627 7622 7628 7625 7617 7616 7619 7616 7618 7613 7621 7620 7620 7619 7618 7611 7614 7612 7613 7612 7621 7615 7609 7608 7611 7615 7614 7609 7604 7603 7629 7610 7606 7630 7631 7606 7629 7606 7631 7632 7633 7634 7635 7636 7637 7638 7639 7640 7638 7640 7641 7642 7639 7643 7639 7638 7643 7644 7642 7645 7642 7643 7645 7646 7644 7647 7644 7645 7647 7648 7646 7649 7646 7647 7649 7650 7648 7651 7648 7649 7651 7652 7650 7653 7650 7651 7653 7637 7652 7635 7652 7653 7635 7654 7636 7655 7637 7636 7654 7656 7655 7657 7654 7655 7656 7658 7657 7659 7656 7657 7658 7660 7659 7661 7658 7659 7660 7662 7661 7663 7660 7661 7662 7664 7663 7665 7662 7663 7664 7666 7665 7667 7664 7665 7666 7668 7667 7669 7666 7667 7668 7670 7669 7671 7668 7669 7670 7672 7671 7673 7670 7671 7672 7674 7673 7675 7672 7673 7674 7676 7675 7677 7674 7675 7676 7678 7677 7679 7676 7677 7678 7680 7679 7681 7678 7679 7680 7682 7681 7683 7680 7681 7682 7684 7683 7685 7682 7683 7684 7686 7685 7687 7684 7685 7686 7688 7687 7689 7686 7687 7688 7690 7689 7691 7688 7689 7690 7692 7691 7693 7690 7691 7692 7694 7693 7695 7692 7693 7694 7696 7695 7697 7694 7695 7696 7698 7697 7699 7696 7697 7698 7700 7699 7701 7698 7699 7700 7702 7701 7703 7700 7701 7702 7704 7703 7705 7702 7703 7704 7706 7705 7632 7704 7705 7706 7706 7632 7634 7638 7641 7633 7634 7633 7641 7707 7708 7709 7710 7711 7712 7708 7713 7714 7709 7708 7714 7713 7715 7716 7715 7713 7708 7717 7718 7715 7716 7715 7718 7717 7719 7720 7720 7718 7717 7721 7719 7722 7719 7721 7720 7723 7724 7722 7721 7722 7724 7723 7725 7726 7726 7724 7723 7727 7725 7728 7725 7727 7726 7727 7728 7729 7730 7731 7729 7729 7728 7730 7732 7731 7730 7731 7732 7733 7708 7707 7734 7735 7736 7734 7708 7734 7736 7735 7737 7738 7738 7736 7735 7739 7737 7740 7737 7739 7738 7739 7740 7741 7742 7741 7743 7741 7740 7743 7742 7744 7745 7745 7741 7742 7744 7746 7745 7747 7746 7748 7744 7748 7746 7749 7747 7750 7747 7748 7750 7751 7747 7752 7747 7749 7752 7753 7747 7751 7754 7755 7753 7754 7753 7751 7755 7756 7753 7757 7711 7758 7759 7760 7761 7760 7759 7756 7760 7756 7755 7761 7757 7758 7761 7758 7759 7757 7712 7711 7762 7763 7764 7710 7712 7762 7765 7766 7767 7768 7769 7770 7771 7772 7773 7768 7774 7775 7776 7768 7777 7778 7768 7779 7780 7768 7781 7782 7768 7778 7783 7784 7785 7768 7785 7784 7786 7787 7784 7788 7789 7784 7790 7791 7784 7792 7784 7787 7793 7794 7795 7796 7797 7784 7798 7784 7799 7800 7801 7802 7803 7804 7805 7803 7798 7806 7807 7808 7803 7809 7802 7810 7811 7802 7812 7813 7803 7808 7814 7803 7815 7803 7813 7815 7816 7803 7817 7803 7814 7817 7816 7818 7803 7802 7819 7820 7821 7822 7802 7819 7802 7822 7802 7823 7821 7824 7825 7803 7823 7802 7826 7803 7825 7827 7828 7829 7803 7828 7803 7827 7803 7829 7830 7831 7802 7832 7833 7803 7830 7834 7832 7802 7835 7802 7836 7802 7835 7834 7837 7836 7802 7838 7837 7802 7839 7803 7840 7803 7841 7840 7839 7842 7803 7802 7843 7844 7803 7842 7845 7802 7846 7843 7847 7848 7846 7845 7849 7803 7846 7850 7847 7803 7849 7851 7852 7853 7854 7851 7855 7803 7856 7846 7853 7846 7857 7858 7859 7846 7860 7857 7846 7861 7862 7846 7863 7846 7859 7863 7846 7856 7864 7865 7861 7846 7853 7852 7866 7846 7867 7868 7803 7869 7853 7869 7870 7853 7855 7871 7803 7869 7803 7872 7871 7872 7803 7871 7873 7872 7874 7854 7853 7874 7853 7870 7875 7867 7846 7866 7856 7853 7868 7860 7846 7846 7862 7865 7858 7850 7846 7846 7864 7875 7802 7844 7838 7846 7848 7843 7802 7831 7826 7803 7833 7841 7803 7818 7824 7802 7820 7876 7812 7802 7877 7802 7876 7877 7802 7878 7879 7811 7878 7802 7805 7807 7803 7879 7810 7802 7802 7880 7881 7802 7809 7880 7881 7882 7802 7804 7803 7806 7784 7798 7803 7802 7882 7883 7884 7885 7802 7883 7884 7802 7800 7802 7885 7886 7799 7784 7784 7887 7888 7784 7888 7886 7889 7795 7802 7889 7802 7801 7784 7890 7887 7889 7793 7795 7891 7795 7794 7784 7892 7890 7891 7893 7795 7894 7892 7784 7795 7893 7895 7784 7797 7894 7896 7796 7784 7897 7795 7895 7784 7898 7896 7795 7897 7899 7898 7784 7791 7900 7795 7899 7901 7795 7900 7902 7795 7901 7903 7904 7795 7902 7903 7795 7905 7795 7904 7790 7784 7906 7905 7907 7795 7908 7906 7784 7909 7910 7795 7784 7911 7908 7795 7910 7912 7795 7907 7909 7913 7795 7912 7784 7914 7911 7913 7915 7795 7916 7914 7784 7795 7915 7917 7784 7918 7916 7919 7795 7917 7918 7784 7920 7919 7921 7795 7922 7920 7784 7784 7792 7923 7784 7923 7922 7924 7795 7925 7795 7921 7925 7926 7795 7927 7795 7924 7927 7926 7928 7929 7929 7795 7926 7930 7928 7931 7928 7930 7929 7930 7931 7932 7933 7732 7932 7932 7931 7933 7733 7732 7933 7784 7783 7788 7789 7786 7784 7782 7781 7768 7768 7780 7785 7774 7768 7934 7775 7779 7768 7935 7777 7768 7934 7768 7776 7769 7773 7770 7768 7770 7935 7771 7765 7772 7769 7771 7773 7767 7766 7763 7772 7765 7767 7762 7764 7710 7763 7766 7764 7936 7937 7938 7939 7940 7941 7942 7937 7936 7943 7944 7945 7941 7946 7939 7938 7947 7948 7949 7950 7951 7952 7947 7938 7953 7954 7955 7952 7938 7956 7938 7957 7956 7958 7941 7940 7938 7959 7936 7948 7959 7938 7937 7942 7960 7946 7937 7961 7937 7960 7961 7962 7941 7958 7941 7962 7963 7964 7963 7965 7963 7964 7941 7966 7967 7968 7964 7944 7969 7970 7968 7967 7971 7945 7964 7972 7973 7968 7968 7971 7964 7971 7973 7974 7973 7971 7968 7951 7974 7949 7971 7974 7951 7951 7975 7953 7950 7975 7951 7951 7953 7955 7955 7954 7976 7968 7965 7966 7945 7944 7964 7964 7965 7968 7972 7968 7970 7964 7969 7941 7937 7941 7969 7937 7946 7941 7977 7978 7979 7980 7981 7982 7983 7984 7985 7979 7986 7987 7988 7979 7987 7989 7981 7980 7988 7987 7990 7991 7990 7992 7990 7991 7988 7993 7988 7991 7981 7994 7991 7980 7985 7995 7981 7996 7994 7984 7997 7998 7995 7985 7999 7999 7998 8000 7989 7996 7981 7985 7984 7998 7993 7977 7988 7979 7988 7977 7992 8001 7981 7993 7991 7994 7992 7981 7991 7981 8001 7982 7983 7980 7982 7995 7989 7980 7985 7980 7983 7998 7999 7985 8002 8003 8004 8005 8006 8007 8004 8008 8002 8009 8006 8010 8006 8005 8010 8011 8012 8004 8003 8013 8005 8014 8015 8016 8005 8013 8017 8018 8019 8020 8015 8014 8018 8021 8022 8016 8023 8020 8019 8018 8020 8013 8010 8005 8017 8003 8007 8011 8015 8018 8002 8017 8013 8020 8013 8002 8018 8014 8019 8018 8007 8003 8005 8011 8004 8003 8008 8021 8015 8013 8003 8002 8008 8015 8002 8016 8015 8021 8024 8025 8026 8027 8028 8029 8030 8031 8026 8024 8032 8025 8033 8025 8034 8033 8035 8029 8034 8032 8036 8037 8027 8035 8026 8025 8038 8035 8027 8029 8039 8040 8037 8041 8029 8028 8042 8029 8041 8041 8028 8043 8038 8042 8044 8037 8035 8039 8026 8044 8030 8045 8039 8035 8029 8038 8033 8042 8038 8029 8034 8045 8033 8035 8033 8045 8044 8026 8038 8031 8024 8026 8034 8025 8032 8038 8025 8033 8046 8047 8048 8049 8050 8051 8052 8046 8053 8054 8052 8053 8055 8054 8056 8057 8058 8059 8048 8059 8046 8060 8051 8058 8061 8062 8051 8051 8063 8061 8064 8065 8060 8064 8066 8065 8067 8062 8061 8060 8063 8051 8050 8056 8053 8047 8046 8052 8059 8058 8046 8056 8054 8053 8058 8050 8046 8057 8064 8060 8056 8050 8049 8046 8050 8053 8060 8058 8057 8065 8063 8060 8049 8051 8062 8058 8051 8050 8068 8069 8070 8071 8072 8073 8074 8070 8075 8071 8076 8072 8074 8075 8077 8073 8078 8071 8074 8079 8068 8080 8081 8082 8083 8084 8085 8086 8069 8083 8082 8081 8084 8087 8088 8080 8089 8083 8085 8084 8083 8069 8073 8072 8086 8070 8076 8075 8082 8084 8068 8086 8072 8069 8084 8069 8068 8081 8085 8084 8076 8070 8072 8069 8072 8070 8082 8079 8087 8074 8068 8070 8087 8080 8082 8079 8082 8068 8090 8091 8092 8093 8094 8092 8093 8092 8095 8096 8097 8098 8094 8099 8092 8097 8100 8101 8097 8096 8102 8101 8100 8103 8104 8097 8105 8099 8097 8101 8100 8097 8104 8106 8107 8108 8109 8106 8100 8106 8110 8111 8108 8110 8106 8111 8112 8106 8113 8114 8112 8115 8106 8112 8116 8114 8117 8118 8119 8114 8114 8116 8118 8120 8121 8119 8120 8119 8118 8119 8122 8123 8122 8119 8121 8124 8119 8125 8125 8119 8123 8106 8109 8107 8126 8105 8097 8099 8094 8098 8090 8092 8127 8095 8092 8091 8128 8127 8129 8128 8090 8127 8114 8113 8117 8112 8114 8115 8115 8130 8106 8103 8100 8130 8106 8130 8100 8109 8100 8104 8097 8099 8098 8126 8097 8102 8131 8132 8133 8134 8135 8136 8137 8138 8139 8131 8140 8141 8142 8132 8143 8143 8131 8141 8141 8144 8143 8143 8135 8142 8145 8136 8135 8146 8134 8136 8136 8137 8147 8148 8138 8149 8150 8137 8151 8152 8153 8148 8149 8154 8148 8138 8150 8149 8136 8147 8146 8137 8150 8138 8139 8138 8153 8148 8153 8138 8151 8136 8155 8139 8147 8137 8151 8137 8136 8136 8145 8155 8144 8145 8135 8142 8135 8134 8143 8144 8135 8131 8143 8132 8156 8157 8158 8159 8160 8161 8162 8157 8163 8157 8162 8158 8163 8164 8165 8162 8163 8165 8166 8167 8168 8169 8167 8166 8170 8171 8164 8165 8164 8171 8172 8168 8167 8171 8170 8173 8174 8175 8173 8173 8170 8176 8167 8173 8175 8175 8172 8167 8176 8177 8173 8174 8173 8177 8178 8156 8158 8179 8178 8180 8178 8179 8156 8181 8182 8180 8179 8180 8182 8183 8184 8185 8186 8185 8169 8187 8188 8189 8190 8191 8192 8189 8193 8194 8193 8189 8188 8194 8193 8195 8196 8194 8195 8197 8187 8190 8198 8199 8200 8200 8199 8201 8199 8198 8202 8201 8191 8200 8203 8202 8204 8198 8204 8202 8191 8201 8192 8197 8190 8192 8205 8196 8195 8188 8187 8197 8184 8206 8195 8195 8206 8205 8186 8183 8185 8184 8195 8185 8167 8169 8185 8207 8208 8181 8181 8208 8182 8207 8209 8210 8210 8208 8207 8211 8209 8212 8209 8211 8210 8213 8214 8212 8211 8212 8214 8213 8215 8216 8216 8214 8213 8217 8215 8218 8215 8217 8216 8219 8220 8218 8217 8218 8220 8219 8221 8222 8222 8220 8219 8223 8221 8160 8221 8223 8222 8223 8160 8224 8225 8226 8227 8228 8229 8230 8231 8232 8233 8234 8235 8236 8237 8235 8238 8239 8240 8236 8234 8236 8240 8239 8203 8204 8204 8240 8239 8228 8237 8238 8238 8235 8234 8229 8233 8230 8228 8230 8237 8231 8226 8232 8229 8231 8233 8227 8241 8225 8232 8226 8225 8225 8241 8242 8243 8244 8245 8244 8225 8246 8242 8246 8225 8247 8244 8248 8244 8246 8248 8244 8247 8245 8244 8243 8161 8249 8161 8250 8161 8243 8250 8160 8159 8251 8161 8249 8159 8224 8160 8252 8160 8251 8252 8253 8254 8255 8255 8254 8256 8257 8258 8259 8260 8254 8253 8261 8262 8257 8259 8263 8257 8264 8265 8266 8257 8260 8258 8267 8268 8269 8257 8270 8269 8271 8265 8264 8260 8271 8264 8271 8269 8268 8268 8272 8273 8274 8268 8275 8275 8268 8276 8265 8271 8277 8278 8277 8268 8274 8278 8268 8278 8274 8279 8280 8281 8278 8280 8278 8282 8283 8281 8284 8281 8283 8278 8283 8285 8286 8283 8287 8285 8283 8288 8289 8286 8288 8283 8261 8257 8263 8284 8287 8283 8256 8254 8290 8258 8260 8253 8291 8290 8254 8291 8292 8293 8292 8291 8254 8293 8292 8294 8270 8257 8262 8260 8257 8271 8269 8271 8257 8267 8272 8268 8276 8268 8273 8277 8271 8268 8278 8279 8282 8295 8296 8297 8298 8299 8300 8301 8298 8302 8303 8304 8305 8304 8306 8305 8307 8308 8309 8306 8310 8311 8312 8306 8311 8306 8313 8314 8297 8315 8316 8295 8317 8318 8319 8320 8298 8306 8314 8310 8306 8321 8305 8312 8321 8306 8304 8303 8322 8300 8304 8323 8304 8322 8323 8319 8298 8301 8298 8324 8325 8320 8324 8298 8309 8308 8298 8309 8326 8327 8328 8327 8326 8309 8325 8326 8329 8330 8327 8329 8327 8328 8331 8332 8327 8331 8327 8330 8333 8332 8334 8332 8333 8327 8295 8334 8317 8333 8334 8295 8295 8335 8296 8318 8335 8295 8297 8296 8315 8300 8302 8298 8308 8299 8298 8299 8304 8300 8333 8336 8327 8309 8298 8325 8307 8309 8336 8327 8336 8309 8337 8338 8339 8340 8341 8342 8343 8344 8345 8343 8339 8344 8337 8346 8338 8344 8347 8345 8346 8348 8338 8349 8338 8348 8350 8338 8351 8349 8352 8351 8353 8338 8350 8354 8355 8351 8350 8351 8355 8356 8340 8342 8350 8341 8353 8357 8342 8341 8358 8359 8340 8360 8361 8357 8362 8358 8356 8340 8356 8358 8338 8349 8351 8357 8341 8360 8341 8340 8353 8363 8360 8341 8340 8359 8353 8344 8353 8359 8355 8363 8350 8341 8350 8363 8353 8344 8338 8338 8344 8339 8352 8364 8351 8351 8364 8354 8365 8366 8367 8368 8369 8370 8371 8372 8373 8374 8375 8367 8376 8373 8377 8377 8373 8372 8378 8379 8367 8378 8367 8380 8367 8368 8370 8381 8382 8383 8381 8383 8370 8384 8370 8385 8370 8369 8385 8384 8386 8381 8381 8370 8384 8368 8367 8379 8365 8367 8375 8380 8367 8366 8367 8387 8374 8388 8389 8390 8391 8387 8392 8393 8394 8395 8389 8388 8395 8392 8387 8367 8391 8392 8396 8396 8392 8397 8398 8397 8399 8397 8400 8399 8397 8398 8401 8402 8397 8403 8397 8401 8403 8396 8397 8404 8397 8402 8404 8383 8405 8370 8405 8406 8376 8370 8376 8407 8392 8367 8390 8367 8407 8390 8392 8390 8397 8405 8376 8370 8377 8372 8408 8407 8388 8390 8370 8407 8367 8388 8407 8377 8397 8390 8389 8376 8406 8373 8371 8373 8406 8408 8393 8388 8376 8377 8407 8408 8388 8377 8395 8388 8393 8409 8410 8411 8412 8413 8414 8415 8412 8414 8416 8417 8418 8414 8419 8415 8420 8421 8422 8416 8418 8423 8417 8424 8418 8417 8425 8424 8426 8418 8427 8421 8423 8422 8409 8411 8428 8426 8411 8429 8430 8431 8411 8419 8414 8431 8430 8432 8431 8410 8430 8411 8432 8433 8431 8434 8419 8431 8433 8434 8431 8414 8435 8431 8426 8429 8423 8411 8431 8429 8411 8436 8428 8431 8435 8429 8422 8429 8435 8427 8436 8426 8411 8426 8436 8422 8423 8429 8421 8416 8423 8427 8418 8424 8426 8423 8418 8437 8438 8439 8438 8437 8440 8441 8442 8443 8438 8440 8444 8445 8446 8443 8447 8438 8448 8449 8442 8441 8450 8451 8452 8449 8441 8453 8452 8454 8450 8455 8449 8453 8454 8452 8455 8454 8453 8456 8457 8458 8459 8457 8460 8458 8456 8461 8454 8462 8463 8458 8462 8458 8460 8463 8464 8458 8464 8465 8458 8454 8455 8453 8466 8467 8458 8466 8458 8465 8447 8468 8438 8446 8469 8438 8469 8470 8471 8472 8438 8444 8473 8439 8438 8474 8475 8469 8469 8475 8473 8476 8471 8470 8477 8474 8469 8478 8477 8471 8469 8473 8438 8479 8459 8468 8480 8441 8446 8456 8480 8459 8453 8480 8456 8461 8450 8454 8443 8446 8441 8469 8445 8470 8459 8438 8468 8441 8480 8453 8480 8438 8459 8458 8461 8456 8469 8446 8445 8471 8477 8469 8448 8438 8472 8446 8438 8480 8457 8459 8479 8458 8456 8459 8481 8482 8483 8484 8485 8481 8481 8483 8484 8482 8486 8483 8486 8487 8488 8487 8486 8482 8487 8489 8488 8490 8491 8492 8493 8494 8495 8496 8497 8498 8496 8499 8500 8493 8501 8500 8502 8499 8503 8502 8494 8500 8500 8501 8496 8502 8503 8504 8505 8498 8497 8496 8501 8497 8498 8505 8490 8491 8506 8507 8490 8505 8491 8508 8506 8509 8491 8507 8492 8508 8507 8506 8490 8492 8510 8510 8511 8490 8490 8511 8498 8511 8512 8498 8512 8496 8498 8499 8496 8513 8494 8493 8500 8512 8513 8496 8513 8514 8499 8503 8499 8514 8502 8500 8499 8515 8516 8517 8518 8519 8520 8519 8521 8522 8523 8524 8525 8524 8526 8527 8528 8525 8524 8524 8523 8529 8519 8526 8524 8524 8530 8531 8530 8524 8532 8531 8533 8534 8524 8531 8534 8535 8524 8534 8536 8528 8524 8519 8522 8520 8516 8515 8518 8537 8515 8517 8520 8516 8518 8538 8515 8537 8517 8539 8537 8540 8541 8542 8543 8541 8540 8541 8538 8542 8544 8526 8541 8544 8541 8543 8518 8541 8526 8518 8526 8519 8535 8521 8519 8518 8515 8541 8541 8515 8538 8544 8527 8526 8527 8536 8524 8532 8524 8529 8535 8519 8524 8545 8546 8547 8547 8548 8549 8550 8551 8548 8549 8548 8552 8550 8547 8553 8547 8554 8555 8547 8550 8548 8545 8547 8556 8557 8558 8559 8546 8554 8547 8560 8561 8546 8562 8546 8561 8561 8563 8564 8563 8561 8560 8565 8563 8566 8565 8564 8563 8559 8567 8566 8566 8563 8559 8567 8559 8558 8568 8569 8557 8557 8559 8568 8547 8549 8556 8553 8547 8555 8562 8554 8546 8560 8546 8545 8570 8571 8572 8570 8572 8573 8574 8575 8576 8574 8571 8577 8575 8574 8578 8579 8574 8576 8577 8578 8574 8580 8577 8571 8570 8580 8571 8581 8582 8583 8573 8572 8582 8570 8584 8580 8582 8581 8573 8583 8585 8581 8583 8586 8585 8586 8587 8588 8588 8585 8586 8589 8587 8590 8587 8589 8588 8591 8592 8590 8589 8590 8592 8591 8593 8594 8594 8592 8591 8595 8596 8594 8595 8594 8593 8594 8597 8598 8597 8594 8596 8599 8598 8600 8598 8597 8600 8601 8598 8599 8602 8603 8604 8605 8606 8607 8606 8608 8609 8605 8610 8606 8606 8610 8608 8611 8612 8608 8607 8613 8605 8614 8613 8607 8612 8615 8608 8616 8617 8618 8619 8620 8618 8617 8616 8612 8621 8622 8623 8617 8619 8618 8621 8624 8622 8620 8619 8622 8625 8624 8626 8625 8620 8622 8627 8608 8610 8611 8608 8627 8615 8609 8608 8628 8612 8611 8616 8615 8612 8612 8628 8617 8629 8617 8628 8617 8629 8619 8623 8619 8629 8623 8622 8619 8624 8625 8622 8630 8631 8632 8633 8634 8635 8636 8633 8637 8633 8638 8637 8633 8639 8638 8640 8641 8639 8642 8643 8640 8638 8639 8641 8644 8636 8637 8643 8642 8645 8645 8646 8647 8648 8649 8650 8634 8636 8651 8644 8652 8653 8653 8636 8644 8654 8655 8652 8652 8655 8653 8656 8657 8658 8657 8659 8632 8654 8630 8655 8656 8659 8657 8660 8661 8662 8631 8663 8657 8664 8665 8648 8655 8630 8632 8666 8649 8648 8667 8653 8655 8651 8649 8634 8651 8636 8653 8668 8642 8640 8634 8633 8636 8635 8669 8639 8668 8646 8642 8641 8640 8643 8640 8669 8668 8646 8645 8642 8632 8667 8655 8663 8670 8657 8651 8671 8649 8667 8651 8653 8671 8667 8659 8634 8649 8666 8667 8671 8651 8669 8635 8672 8639 8669 8640 8633 8635 8639 8635 8666 8672 8673 8674 8668 8669 8672 8673 8646 8668 8674 8657 8632 8631 8660 8658 8661 8671 8659 8675 8632 8659 8667 8659 8656 8675 8650 8649 8671 8650 8671 8675 8672 8666 8665 8634 8666 8635 8648 8665 8666 8669 8673 8668 8676 8673 8665 8674 8673 8677 8657 8670 8658 8678 8658 8670 8656 8658 8660 8679 8656 8660 8675 8656 8679 8650 8675 8680 8675 8679 8680 8681 8648 8650 8680 8681 8650 8676 8665 8664 8648 8681 8664 8665 8673 8672 8677 8673 8676 8678 8661 8658 8662 8682 8660 8660 8682 8679 8682 8683 8679 8679 8683 8680 8683 8684 8680 8684 8685 8681 8684 8681 8680 8664 8685 8686 8685 8664 8681 8676 8664 8686 8687 8688 8689 8690 8691 8692 8690 8693 8691 8694 8695 8696 8697 8698 8699 8698 8697 8700 8701 8702 8699 8697 8699 8702 8700 8694 8698 8700 8695 8694 8687 8696 8695 8691 8688 8692 8688 8691 8689 8696 8687 8689 8690 8692 8703 8704 8705 8706 8707 8708 8709 8705 8710 8706 8709 8711 8712 8711 8709 8713 8714 8715 8712 8711 8714 8712 8716 8714 8711 8709 8708 8713 8717 8718 8707 8707 8718 8708 8717 8719 8720 8720 8718 8717 8710 8719 8706 8719 8710 8720 8704 8721 8705 8722 8723 8724 8725 8726 8727 8725 8727 8728 8729 8730 8731 8732 8733 8734 8732 8735 8733 8736 8737 8738 8739 8740 8738 8741 8742 8743 8744 8742 8745 8741 8746 8747 8738 8748 8736 8749 8750 8751 8751 8736 8752 8753 8754 8755 8756 8750 8754 8757 8758 8759 8760 8745 8761 8740 8762 8763 8735 8761 8733 8747 8764 8758 8765 8763 8766 8767 8768 8769 8765 8770 8767 8771 8730 8772 8773 8769 8774 8775 8776 8777 8773 8778 8775 8779 8777 8780 8781 8782 8731 8781 8779 8783 8784 8732 8734 8785 8779 8722 8727 8722 8724 8785 8722 8727 8723 8728 8724 8728 8727 8724 8779 8785 8783 8722 8779 8780 8786 8723 8722 8722 8780 8786 8781 8783 8782 8787 8786 8780 8781 8777 8779 8729 8731 8782 8780 8777 8787 8777 8788 8775 8776 8787 8777 8731 8788 8781 8772 8730 8729 8781 8788 8777 8788 8789 8773 8778 8776 8775 8730 8789 8731 8790 8771 8772 8788 8773 8775 8731 8789 8788 8789 8791 8769 8778 8773 8774 8771 8791 8730 8784 8792 8790 8789 8769 8773 8730 8791 8789 8791 8793 8767 8774 8769 8768 8771 8792 8793 8792 8771 8790 8791 8767 8769 8771 8793 8791 8793 8794 8765 8768 8767 8770 8792 8734 8794 8734 8792 8784 8793 8765 8767 8792 8794 8793 8794 8795 8763 8770 8765 8766 8733 8795 8734 8760 8761 8735 8794 8763 8765 8734 8795 8794 8795 8796 8740 8766 8763 8762 8761 8796 8733 8744 8745 8760 8795 8740 8763 8733 8796 8795 8796 8748 8738 8762 8740 8739 8745 8748 8761 8743 8742 8744 8796 8738 8740 8761 8748 8796 8748 8752 8736 8739 8738 8737 8742 8752 8745 8746 8741 8743 8751 8797 8736 8745 8752 8748 8752 8749 8751 8737 8736 8797 8741 8749 8742 8798 8747 8746 8751 8756 8799 8742 8749 8752 8749 8800 8750 8797 8751 8799 8747 8800 8741 8764 8747 8798 8750 8800 8755 8741 8800 8749 8758 8755 8800 8756 8751 8750 8758 8764 8759 8753 8755 8757 8747 8758 8800 8757 8755 8758 8754 8750 8755 8801 8802 8803 8803 8804 8801 8801 8804 8805 8806 8807 8808 8809 8810 8811 8812 8811 8813 8811 8810 8813 8814 8815 8816 8809 8811 8817 8818 8819 8820 8818 8820 8821 8814 8818 8821 8814 8821 8815 8822 8823 8814 8824 8814 8825 8814 8816 8825 8826 8814 8827 8814 8824 8827 8814 8826 8822 8814 8828 8829 8823 8828 8814 8830 8811 8829 8814 8829 8811 8831 8811 8832 8811 8830 8832 8833 8811 8834 8811 8831 8834 8835 8811 8836 8811 8833 8836 8817 8811 8837 8811 8835 8837 8838 8839 8840 8841 8842 8843 8844 8845 8846 8847 8848 8844 8845 8844 8848 8846 8845 8849 8850 8849 8851 8849 8850 8846 8850 8852 8853 8850 8851 8852 8854 8850 8853 8855 8856 8857 8858 8859 8860 8860 8859 8857 8855 8859 8861 8862 8859 8858 8862 8858 8863 8864 8865 8866 8863 8858 8866 8867 8865 8868 8867 8863 8866 8861 8859 8862 8855 8857 8859 8860 8869 8858 8864 8866 8869 8869 8866 8858 8865 8867 8866 8870 8871 8872 8873 8874 8875 8874 8872 8871 8876 8877 8873 8878 8879 8880 8881 8882 8883 8880 8884 8878 8885 8886 8887 8882 8888 8889 8890 8891 8892 8893 8894 8886 8890 8895 8896 8892 8897 8895 8898 8899 8900 8901 8899 8902 8903 8901 8902 8904 8895 8899 8905 8906 8903 8903 8902 8905 8897 8902 8899 8890 8907 8908 8909 8893 8908 8893 8885 8910 8908 8910 8891 8888 8911 8912 8911 8886 8913 8914 8888 8881 8887 8911 8914 8915 8916 8884 8917 8916 8882 8915 8884 8880 8883 8916 8915 8879 8876 8873 8876 8879 8878 8918 8919 8872 8918 8872 8877 8920 8921 8922 8921 8919 8918 8872 8873 8877 8872 8919 8870 8923 8922 8918 8921 8918 8922 8874 8873 8872 8875 8924 8879 8925 8923 8877 8918 8877 8923 8875 8879 8873 8924 8926 8880 8927 8925 8876 8877 8876 8925 8924 8880 8879 8926 8928 8915 8929 8927 8878 8876 8878 8927 8926 8915 8880 8928 8930 8883 8931 8929 8884 8878 8884 8929 8928 8883 8915 8930 8932 8881 8917 8931 8916 8884 8916 8931 8930 8881 8883 8932 8933 8914 8917 8882 8889 8883 8882 8916 8932 8914 8881 8933 8934 8887 8889 8888 8912 8881 8888 8882 8933 8887 8914 8934 8935 8885 8912 8911 8913 8914 8911 8888 8934 8885 8887 8935 8936 8910 8913 8886 8894 8887 8886 8911 8935 8910 8885 8936 8937 8891 8894 8893 8909 8885 8893 8886 8936 8891 8910 8937 8938 8892 8909 8908 8907 8910 8908 8893 8937 8892 8891 8938 8939 8897 8907 8890 8896 8891 8890 8908 8938 8897 8892 8905 8902 8939 8896 8895 8904 8892 8895 8890 8939 8902 8897 8900 8899 8901 8904 8899 8898 8897 8899 8895 8940 8941 8942 8943 8944 8945 8946 8947 8944 8948 8943 8945 8944 8947 8949 8950 8940 8949 8940 8951 8952 8949 8940 8942 8941 8940 8952 8951 8953 8952 8949 8942 8954 8950 8951 8940 8944 8954 8945 8947 8950 8949 8944 8949 8954 8946 8944 8943 8955 8956 8957 8958 8959 8960 8958 8960 8961 8960 8962 8961 8962 8963 8961 8964 8963 8957 8962 8957 8963 8964 8957 8965 8957 8956 8965 8966 8967 8968 8969 8970 8971 8972 8973 8974 8975 8974 8973 8976 8977 8978 8970 8969 8979 8978 8980 8976 8977 8981 8966 8968 8977 8966 8982 8983 8984 8985 8968 8967 8975 8985 8974 8969 8986 8987 8988 8987 8989 8987 8990 8989 8991 8990 8992 8974 8988 8972 8993 8985 8975 8990 8987 8992 8972 8988 8989 8988 8979 8969 8986 8992 8987 8985 8979 8974 8994 8968 8993 8969 8971 8986 8974 8979 8988 8979 8967 8970 8988 8969 8987 8993 8968 8985 8977 8994 8978 8984 8983 8970 8985 8967 8979 8967 8966 8984 8983 8971 8970 8977 8968 8994 8976 8981 8977 8981 8995 8966 8995 8982 8984 8966 8995 8984 8967 8984 8970 8996 8997 8998 8999 9000 9001 9001 9002 9003 9004 9005 9002 9003 8999 9001 9000 8999 9006 9006 8996 9007 9007 9000 9006 8998 9008 9007 9008 9009 9007 9009 9010 9000 8996 8998 9007 9009 9000 9007 9010 9004 9001 9010 9001 9000 9004 9002 9001 9011 9012 9013 9011 9013 9014 9015 9016 9013 9013 9017 9015 9013 9018 9017 9016 9019 9014 9014 9013 9016 9020 9021 9022 9020 9011 9021 9022 9023 9020 9024 9025 9012 9018 9012 9025 9018 9013 9012 9014 9021 9011 9026 9027 9028 9029 9030 9031 9030 9029 9032 9030 9033 9031 9033 9034 9035 9032 9036 9026 9026 9037 9038 9039 9032 9026 9027 9026 9038 9037 9040 9038 9039 9026 9028 9036 9037 9026 9034 9032 9039 9029 9036 9032 9032 9034 9030 9034 9033 9030 9041 9042 9043 9044 9041 9045 9046 9047 9048 9049 9046 9048 9050 9051 9052 9053 9052 9054 9055 9056 9050 9052 9051 9054 9057 9041 9044 9058 9057 9044 9059 9053 9045 9049 9059 9046 9060 9061 9042 9061 9062 9063 9064 9065 9061 9063 9062 9066 9046 9065 9047 9067 9059 9049 9061 9060 9062 9047 9065 9064 9065 9043 9042 9064 9061 9063 9059 9043 9046 9068 9053 9067 9042 9069 9060 9046 9043 9065 9043 9045 9041 9065 9042 9061 9067 9053 9059 9052 9068 9055 9041 9069 9042 9059 9045 9043 9045 9054 9044 9057 9069 9041 9068 9052 9053 9055 9050 9052 9070 9054 9051 9053 9054 9045 9054 9070 9044 9044 9070 9058 9071 9072 9073 9074 9075 9076 9077 9078 9079 9080 9081 9082 9083 9084 9085 9086 9087 9088 9088 9089 9090 9091 9092 9093 9094 9095 9093 9091 9096 9097 9097 9092 9091 9098 9099 9096 9096 9099 9097 9087 9095 9094 9092 9094 9093 9090 9086 9088 9086 9095 9087 9081 9090 9089 9084 9080 9082 9082 9081 9089 9085 9077 9083 9084 9083 9080 9078 9072 9079 9085 9078 9077 9071 9073 9076 9079 9072 9071 9074 9076 9073 9100 9101 9102 9101 9103 9102 9104 9103 9101 9105 9106 9100 9105 9107 9108 9109 9106 9108 9106 9110 9111 9106 9105 9108 9112 9106 9109 9113 9111 9114 9111 9110 9114 9110 9106 9112 9100 9106 9111 9102 9105 9100 9115 9116 9117 9118 9119 9120 9121 9122 9123 9124 9125 9126 9127 9128 9129 9130 9131 9132 9133 9134 9135 9136 9137 9138 9139 9140 9126 9141 9142 9125 9143 9144 9145 9146 9147 9148 9149 9150 9151 9152 9153 9154 9155 9156 9157 9158 9155 9159 9160 9161 9162 9163 9164 9165 9166 9167 9168 9169 9170 9171 9172 9173 9174 9166 9175 9176 9174 9177 9178 9170 9179 9171 9180 9177 9169 9181 9182 9183 9184 9185 9186 9186 9185 9187 9170 9169 9188 9177 9189 9190 9191 9192 9193 9194 9195 9192 9196 9197 9198 9199 9200 9201 9202 9203 9198 9204 9202 9198 9205 9206 9207 9208 9181 9209 9210 9211 9173 9188 9176 9212 9213 9214 9167 9215 9216 9211 9217 9218 9216 9213 9161 9219 9220 9157 9221 9222 9223 9142 9224 9162 9220 9218 9225 9163 9226 9165 9227 9228 9229 9152 9226 9230 9228 9149 9231 9159 9146 9232 9150 9143 9154 9233 9234 9139 9145 9235 9236 9130 9236 9237 9147 9238 9239 9131 9238 9240 9241 9136 9223 9242 9127 9243 9240 9244 9245 9246 9247 9245 9138 9248 9249 9250 9251 9252 9231 9253 9128 9254 9254 9122 9255 9121 9123 9256 9118 9117 9257 9258 9257 9116 9249 9116 9250 9258 9259 9256 9260 9248 9250 9261 9259 9249 9248 9261 9249 9262 9263 9264 9260 9263 9248 9264 9260 9250 9263 9260 9264 9249 9259 9258 9250 9265 9264 9116 9249 9258 9265 9250 9115 9256 9123 9258 9115 9266 9267 9123 9257 9258 9257 9117 9116 9265 9115 9267 9250 9116 9115 9268 9255 9121 9120 9266 9117 9120 9117 9118 9257 9122 9118 9266 9269 9270 9267 9266 9270 9115 9117 9266 9271 9268 9272 9120 9273 9269 9123 9122 9257 9122 9121 9255 9274 9269 9275 9254 9119 9118 9119 9273 9120 9270 9269 9274 9266 9120 9269 9276 9277 9278 9244 9273 9119 9271 9253 9255 9273 9246 9275 9122 9254 9118 9253 9254 9255 9279 9275 9280 9128 9244 9119 9244 9246 9273 9274 9275 9279 9269 9273 9275 9134 9133 9272 9135 9281 9133 9271 9255 9268 9282 9271 9133 9282 9129 9253 9246 9247 9280 9254 9128 9119 9129 9128 9253 9283 9279 9280 9127 9245 9244 9275 9246 9280 9247 9246 9245 9283 9280 9284 9133 9271 9272 9285 9281 9135 9285 9286 9281 9271 9282 9253 9287 9282 9281 9287 9243 9129 9137 9284 9247 9128 9127 9244 9243 9127 9129 9288 9283 9284 9240 9138 9245 9280 9247 9284 9137 9247 9138 9288 9284 9289 9133 9281 9282 9290 9286 9285 9290 9291 9286 9282 9287 9129 9292 9287 9286 9292 9241 9243 9242 9289 9137 9127 9240 9245 9241 9240 9243 9242 9137 9136 9138 9238 9136 9289 9293 9294 9288 9289 9294 9284 9137 9289 9281 9286 9287 9295 9291 9290 9295 9296 9291 9287 9292 9243 9297 9292 9291 9297 9239 9241 9222 9293 9242 9240 9238 9138 9239 9238 9241 9222 9242 9223 9136 9131 9223 9293 9298 9299 9294 9293 9299 9289 9242 9293 9286 9291 9292 9300 9296 9295 9300 9301 9296 9292 9297 9241 9302 9297 9296 9302 9132 9239 9141 9298 9222 9238 9131 9136 9132 9131 9239 9222 9298 9293 9223 9130 9142 9222 9142 9141 9303 9298 9304 9298 9303 9299 9291 9296 9297 9305 9301 9300 9305 9306 9301 9297 9302 9239 9307 9302 9301 9307 9235 9132 9124 9304 9141 9131 9130 9223 9235 9130 9132 9141 9304 9298 9142 9236 9125 9141 9125 9124 9308 9304 9309 9304 9308 9303 9296 9301 9302 9310 9306 9305 9310 9311 9306 9302 9307 9132 9312 9307 9306 9312 9237 9235 9140 9309 9124 9130 9236 9142 9237 9236 9235 9124 9309 9304 9125 9147 9126 9124 9126 9140 9313 9309 9314 9309 9313 9308 9301 9306 9307 9315 9311 9310 9315 9316 9311 9307 9312 9235 9317 9312 9311 9317 9148 9237 9234 9314 9140 9236 9147 9125 9148 9147 9237 9140 9314 9309 9126 9146 9139 9140 9139 9234 9318 9314 9319 9314 9318 9313 9306 9311 9312 9320 9316 9315 9320 9321 9316 9312 9317 9237 9322 9317 9316 9322 9232 9148 9144 9319 9234 9147 9146 9126 9232 9146 9148 9234 9319 9314 9139 9150 9145 9234 9145 9144 9323 9319 9324 9319 9323 9318 9311 9316 9317 9325 9321 9320 9325 9326 9321 9317 9322 9148 9327 9322 9321 9327 9151 9232 9233 9324 9144 9146 9150 9139 9151 9150 9232 9144 9324 9319 9145 9149 9143 9144 9143 9233 9328 9324 9329 9324 9328 9323 9316 9321 9322 9330 9326 9325 9330 9331 9326 9322 9327 9232 9327 9326 9251 9251 9231 9151 9153 9329 9233 9150 9149 9145 9231 9149 9151 9233 9329 9324 9143 9159 9154 9233 9154 9153 9332 9329 9333 9329 9332 9328 9321 9326 9327 9334 9331 9330 9276 9331 9334 9327 9251 9151 9251 9331 9252 9231 9252 9158 9229 9333 9153 9149 9159 9143 9158 9159 9231 9229 9153 9152 9154 9155 9152 9333 9335 9336 9332 9333 9336 9329 9153 9333 9326 9331 9251 9277 9276 9334 9198 9197 9204 9337 9276 9278 9338 9252 9276 9158 9338 9156 9230 9335 9229 9159 9155 9154 9156 9155 9158 9230 9229 9228 9152 9157 9228 9335 9339 9340 9336 9335 9340 9333 9229 9335 9276 9252 9331 9341 9337 9278 9342 9337 9341 9252 9338 9158 9343 9338 9337 9156 9343 9221 9227 9339 9230 9155 9157 9152 9221 9157 9156 9230 9339 9335 9228 9220 9226 9230 9226 9227 9344 9339 9345 9339 9344 9340 9276 9337 9338 9346 9342 9341 9347 9342 9346 9338 9343 9156 9348 9343 9342 9221 9348 9224 9164 9345 9227 9157 9220 9228 9224 9220 9221 9227 9345 9339 9226 9162 9165 9227 9165 9164 9349 9345 9350 9345 9349 9344 9337 9342 9343 9351 9347 9346 9352 9347 9351 9343 9348 9221 9353 9348 9347 9224 9353 9160 9225 9350 9164 9220 9162 9226 9160 9162 9224 9164 9350 9345 9165 9161 9163 9164 9163 9225 9354 9350 9355 9350 9354 9349 9342 9347 9348 9356 9352 9351 9357 9352 9356 9348 9353 9224 9358 9353 9352 9160 9358 9219 9217 9355 9225 9162 9161 9165 9219 9161 9160 9225 9355 9350 9163 9213 9218 9225 9218 9217 9359 9355 9360 9355 9359 9354 9347 9352 9353 9361 9357 9356 9362 9357 9361 9353 9358 9160 9363 9358 9357 9219 9363 9214 9215 9360 9217 9161 9213 9163 9214 9213 9219 9217 9360 9355 9218 9167 9216 9217 9216 9215 9364 9360 9365 9360 9364 9359 9352 9357 9358 9366 9362 9361 9366 9367 9362 9358 9363 9219 9368 9363 9362 9214 9368 9168 9210 9365 9215 9213 9167 9218 9168 9167 9214 9215 9365 9360 9216 9166 9211 9215 9211 9210 9369 9365 9370 9365 9369 9364 9357 9362 9363 9371 9367 9366 9371 9372 9367 9363 9368 9214 9373 9368 9367 9373 9175 9168 9172 9370 9210 9167 9166 9216 9175 9166 9168 9210 9370 9365 9211 9176 9173 9210 9173 9172 9374 9370 9375 9370 9374 9369 9362 9367 9368 9376 9372 9371 9376 9377 9372 9368 9373 9168 9378 9373 9372 9378 9212 9175 9178 9375 9172 9166 9176 9211 9212 9176 9175 9172 9375 9370 9173 9188 9174 9172 9174 9178 9379 9375 9380 9375 9379 9374 9367 9372 9373 9381 9377 9376 9381 9194 9377 9373 9378 9175 9378 9377 9382 9382 9170 9212 9190 9380 9178 9176 9188 9173 9188 9212 9170 9178 9380 9375 9174 9169 9177 9178 9177 9190 9383 9380 9384 9380 9383 9379 9372 9377 9378 9195 9194 9381 9385 9386 9191 9378 9382 9212 9179 9382 9194 9387 9189 9388 9387 9384 9190 9188 9169 9174 9169 9171 9180 9190 9384 9380 9177 9180 9189 9190 9189 9387 9389 9384 9390 9384 9389 9383 9377 9194 9382 9193 9192 9195 9171 9391 9180 9382 9179 9170 9392 9179 9192 9180 9393 9189 9391 9171 9392 9184 9390 9387 9393 9180 9391 9387 9390 9384 9393 9388 9189 9387 9388 9184 9394 9390 9186 9390 9394 9389 9194 9192 9179 9385 9191 9193 9391 9201 9393 9179 9392 9171 9191 9395 9392 9393 9200 9388 9395 9201 9391 9184 9388 9396 9393 9201 9200 9184 9186 9390 9396 9388 9200 9184 9396 9185 9397 9186 9187 9186 9397 9394 9192 9191 9392 9398 9386 9385 9399 9396 9200 9392 9395 9391 9386 9400 9395 9401 9185 9396 9400 9199 9201 9402 9187 9185 9199 9399 9200 9187 9402 9181 9399 9401 9396 9401 9402 9185 9208 9187 9181 9187 9208 9397 9191 9386 9395 9204 9398 9202 9403 9197 9196 9395 9400 9201 9197 9400 9204 9404 9403 9405 9403 9199 9197 9406 9404 9407 9404 9399 9403 9182 9406 9408 9406 9401 9404 9207 9209 9183 9402 9406 9182 9209 9181 9183 9400 9386 9204 9204 9386 9398 9403 9196 9405 9199 9400 9197 9404 9405 9407 9399 9199 9403 9406 9407 9408 9401 9399 9404 9182 9408 9409 9402 9401 9406 9183 9409 9205 9181 9402 9182 9409 9183 9182 9205 9207 9183 9410 9411 9412 9413 9414 9415 9414 9416 9415 9413 9415 9412 9410 9412 9417 9412 9411 9413 9418 9419 9420 9421 9422 9417 9423 9424 9425 9426 9427 9428 9429 9430 9431 9432 9433 9434 9435 9436 9437 9438 9439 9440 9441 9442 9443 9444 9445 9446 9447 9448 9449 9450 9451 9452 9453 9454 9455 9449 9453 9456 9457 9458 9459 9460 9461 9462 9461 9458 9463 9464 9465 9461 9466 9467 9468 9469 9458 9465 9470 9471 9472 9470 9472 9473 9474 9457 9475 9457 9476 9463 9477 9459 9469 9478 9479 9480 9481 9482 9483 9484 9481 9485 9484 9485 9486 9487 9486 9485 9488 9487 9489 9490 9491 9492 9493 9453 9460 9464 9460 9455 9448 9450 9494 9494 9454 9449 9441 9451 9495 9451 9448 9496 9497 9443 9498 9452 9441 9497 9499 9446 9498 9500 9499 9443 9444 9501 9502 9499 9503 9444 9437 9504 9502 9502 9505 9445 9506 9440 9436 9507 9505 9504 9508 9509 9510 9507 9511 9509 9508 9512 9429 9513 9514 9439 9431 9515 9432 9514 9516 9517 9518 9519 9520 9521 9520 9517 9425 9519 9522 9434 9523 9524 9525 9526 9426 9526 9524 9527 9525 9428 9528 9427 9424 9529 9530 9531 9428 9532 9530 9533 9534 9528 9531 9535 9533 9536 9537 9531 9532 9537 9422 9534 9538 9539 9540 9538 9541 9420 9542 9483 9478 9543 9412 9544 9539 9543 9545 9414 9413 9411 9544 9412 9415 9545 9543 9544 9546 9547 9482 9548 9549 9410 9411 9410 9549 9543 9417 9412 9540 9539 9545 9548 9410 9550 9417 9550 9410 9421 9417 9543 9551 9548 9550 9539 9421 9543 9541 9538 9540 9551 9550 9422 9422 9550 9417 9552 9421 9539 9421 9534 9422 9553 9551 9554 9551 9422 9554 9538 9552 9539 9418 9420 9541 9537 9554 9422 9552 9534 9421 9555 9552 9538 9555 9528 9552 9553 9537 9532 9554 9537 9553 9537 9534 9531 9556 9553 9532 9420 9555 9538 9557 9419 9418 9557 9558 9419 9528 9534 9552 9555 9420 9559 9555 9559 9525 9428 9531 9528 9531 9530 9532 9535 9556 9533 9532 9533 9556 9419 9559 9420 9560 9558 9557 9558 9560 9561 9525 9528 9555 9559 9419 9562 9424 9427 9426 9526 9559 9562 9426 9428 9525 9427 9530 9428 9533 9563 9536 9564 9535 9536 9558 9562 9419 9565 9561 9560 9561 9565 9566 9526 9525 9559 9562 9558 9567 9425 9424 9527 9524 9562 9567 9427 9563 9530 9527 9426 9526 9568 9536 9569 9530 9563 9533 9563 9529 9569 9564 9536 9568 9561 9567 9558 9570 9566 9565 9566 9570 9571 9524 9526 9562 9567 9561 9572 9527 9424 9426 9572 9434 9567 9425 9523 9519 9523 9527 9524 9573 9569 9574 9563 9569 9536 9427 9529 9563 9529 9423 9574 9568 9569 9573 9566 9572 9561 9575 9571 9570 9571 9575 9576 9434 9524 9567 9572 9566 9577 9523 9425 9527 9577 9432 9572 9519 9433 9520 9433 9523 9434 9578 9574 9579 9529 9574 9569 9424 9423 9529 9423 9522 9579 9573 9574 9578 9571 9577 9566 9580 9576 9575 9576 9580 9581 9432 9434 9572 9577 9571 9582 9433 9519 9523 9582 9431 9577 9520 9515 9517 9515 9433 9432 9583 9579 9584 9423 9579 9574 9425 9522 9423 9522 9518 9584 9578 9579 9583 9576 9582 9571 9585 9581 9580 9581 9585 9586 9431 9432 9577 9582 9576 9587 9515 9520 9433 9587 9429 9582 9517 9430 9514 9430 9515 9431 9588 9584 9589 9522 9584 9579 9519 9518 9522 9518 9521 9589 9583 9584 9588 9581 9587 9576 9590 9586 9585 9590 9591 9586 9429 9431 9582 9587 9581 9592 9430 9517 9515 9592 9508 9587 9514 9512 9439 9512 9430 9429 9593 9589 9594 9518 9589 9584 9520 9521 9518 9521 9516 9594 9588 9589 9593 9586 9592 9581 9595 9591 9590 9595 9596 9591 9508 9429 9587 9592 9586 9597 9512 9514 9430 9597 9509 9592 9439 9510 9440 9510 9512 9508 9598 9594 9599 9521 9594 9589 9517 9516 9521 9516 9513 9599 9593 9594 9598 9591 9597 9586 9600 9596 9595 9600 9601 9596 9509 9508 9592 9591 9602 9597 9510 9439 9512 9602 9507 9597 9440 9511 9436 9511 9510 9509 9603 9599 9604 9516 9599 9594 9514 9513 9516 9513 9438 9604 9598 9599 9603 9596 9602 9591 9605 9601 9600 9605 9606 9601 9507 9509 9597 9596 9607 9602 9511 9440 9510 9607 9505 9602 9436 9504 9437 9504 9511 9507 9608 9604 9609 9513 9604 9599 9439 9438 9513 9438 9506 9609 9603 9604 9608 9601 9607 9596 9610 9606 9605 9610 9611 9606 9505 9507 9602 9601 9612 9607 9504 9436 9511 9612 9445 9607 9437 9502 9501 9502 9504 9505 9613 9609 9614 9438 9609 9604 9440 9506 9438 9506 9435 9614 9608 9609 9613 9606 9612 9601 9615 9611 9610 9615 9616 9611 9445 9505 9607 9612 9606 9617 9501 9618 9437 9617 9446 9612 9444 9503 9501 9502 9445 9444 9619 9614 9620 9506 9614 9609 9436 9435 9506 9435 9618 9620 9613 9614 9619 9611 9617 9606 9621 9616 9615 9621 9622 9616 9446 9445 9612 9617 9611 9623 9624 9501 9503 9623 9498 9617 9618 9625 9620 9444 9446 9499 9626 9620 9625 9435 9620 9614 9437 9618 9435 9618 9624 9625 9619 9620 9626 9616 9623 9611 9627 9622 9621 9627 9628 9622 9498 9446 9617 9623 9616 9629 9630 9503 9500 9629 9497 9623 9625 9624 9631 9499 9498 9443 9503 9499 9500 9625 9632 9633 9501 9624 9618 9630 9631 9624 9626 9625 9633 9622 9629 9616 9634 9628 9627 9634 9635 9628 9497 9498 9623 9629 9622 9636 9637 9500 9442 9636 9452 9629 9631 9630 9638 9443 9497 9441 9500 9443 9442 9631 9632 9625 9503 9630 9624 9630 9637 9638 9639 9632 9631 9628 9636 9622 9640 9635 9634 9640 9641 9635 9452 9497 9629 9636 9628 9642 9643 9442 9495 9642 9450 9636 9638 9637 9644 9441 9452 9451 9442 9441 9495 9638 9639 9631 9500 9637 9630 9637 9643 9644 9645 9639 9638 9635 9642 9628 9646 9641 9640 9646 9647 9641 9450 9452 9636 9642 9635 9648 9649 9495 9496 9648 9494 9642 9644 9643 9650 9451 9450 9448 9495 9451 9496 9644 9645 9638 9442 9643 9637 9643 9649 9650 9651 9645 9644 9641 9648 9635 9652 9647 9646 9652 9653 9647 9494 9450 9642 9648 9641 9654 9655 9496 9447 9654 9454 9648 9650 9649 9656 9448 9494 9449 9496 9448 9447 9650 9651 9644 9495 9649 9643 9649 9655 9656 9657 9651 9650 9647 9654 9641 9658 9653 9652 9658 9659 9653 9454 9494 9648 9654 9647 9660 9493 9456 9453 9660 9455 9654 9656 9655 9661 9449 9454 9453 9447 9449 9456 9656 9657 9650 9496 9655 9649 9655 9662 9661 9663 9657 9656 9653 9660 9647 9664 9659 9658 9659 9664 9665 9455 9454 9654 9660 9653 9666 9462 9493 9460 9464 9660 9666 9456 9662 9447 9460 9453 9455 9662 9667 9661 9661 9663 9656 9447 9662 9655 9662 9668 9667 9669 9663 9661 9659 9666 9653 9670 9665 9664 9665 9670 9671 9464 9455 9660 9666 9659 9672 9463 9462 9461 9465 9666 9672 9493 9668 9456 9461 9460 9464 9668 9673 9667 9667 9669 9661 9456 9668 9662 9668 9674 9673 9675 9669 9667 9665 9672 9659 9676 9671 9670 9676 9479 9671 9465 9464 9666 9665 9677 9672 9457 9463 9458 9465 9672 9469 9462 9674 9493 9458 9461 9465 9678 9673 9679 9673 9675 9667 9493 9674 9668 9674 9680 9679 9678 9675 9673 9671 9677 9665 9480 9479 9676 9681 9467 9682 9677 9469 9672 9683 9677 9671 9475 9457 9459 9677 9477 9469 9463 9680 9462 9458 9469 9459 9684 9679 9685 9674 9679 9673 9462 9680 9674 9680 9476 9685 9678 9679 9684 9479 9683 9671 9542 9478 9480 9477 9686 9687 9683 9477 9677 9479 9688 9683 9459 9687 9475 9686 9477 9683 9687 9472 9475 9687 9459 9477 9689 9685 9690 9680 9685 9679 9463 9476 9680 9476 9474 9690 9684 9685 9689 9478 9688 9479 9691 9483 9542 9686 9692 9693 9688 9686 9683 9478 9694 9688 9687 9693 9472 9688 9692 9686 9475 9472 9471 9693 9687 9686 9695 9690 9681 9476 9690 9685 9457 9474 9476 9474 9471 9681 9689 9690 9695 9483 9694 9478 9696 9481 9691 9547 9692 9694 9694 9692 9688 9694 9482 9547 9697 9693 9692 9692 9547 9697 9473 9472 9693 9693 9697 9473 9468 9491 9466 9474 9681 9690 9475 9471 9474 9471 9470 9467 9695 9681 9682 9691 9481 9483 9485 9696 9489 9547 9698 9697 9483 9482 9694 9482 9484 9546 9697 9699 9473 9547 9546 9698 9473 9700 9470 9697 9698 9699 9470 9468 9467 9699 9700 9473 9471 9467 9681 9700 9468 9470 9682 9467 9466 9696 9485 9481 9489 9487 9485 9701 9484 9486 9481 9484 9482 9484 9701 9546 9702 9546 9701 9546 9702 9698 9703 9698 9702 9698 9703 9699 9704 9699 9703 9699 9704 9700 9492 9700 9704 9700 9492 9468 9491 9468 9492 9705 9706 9707 9708 9705 9707 9709 9710 9711 9712 9713 9714 9715 9716 9717 9718 9719 9720 9717 9721 9715 9718 9722 9723 9724 9725 9726 9727 9728 9729 9723 9727 9718 9730 9729 9728 9729 9718 9727 9731 9732 9733 9734 9735 9732 9729 9736 9737 9738 9732 9739 9740 9741 9742 9741 9740 9737 9743 9740 9742 9731 9744 9745 9746 9731 9747 9731 9746 9748 9745 9749 9750 9751 9745 9744 9752 9745 9753 9745 9750 9753 9754 9747 9745 9740 9755 9749 9729 9740 9756 9751 9740 9745 9731 9745 9747 9740 9751 9756 9731 9757 9739 9758 9757 9731 9739 9732 9731 9759 9734 9732 9760 9718 9729 9735 9761 9762 9761 9735 9734 9763 9725 9762 9735 9762 9725 9725 9724 9721 9725 9763 9726 9718 9764 9765 9725 9721 9717 9766 9718 9720 9764 9718 9766 9766 9720 9767 9716 9768 9717 9769 9717 9770 9717 9768 9770 9771 9720 9772 9773 9769 9770 9774 9775 9720 9773 9776 9769 9720 9771 9774 9769 9776 9777 9778 9771 9772 9779 9769 9777 9772 9780 9778 9769 9779 9781 9772 9709 9780 9782 9781 9779 9783 9781 9782 9784 9781 9783 9709 9785 9780 9784 9786 9781 9786 9787 9788 9788 9781 9786 9711 9789 9709 9785 9709 9789 9790 9791 9710 9790 9710 9709 9790 9792 9793 9791 9790 9793 9794 9790 9795 9790 9794 9792 9795 9796 9797 9794 9795 9797 9798 9799 9795 9795 9799 9796 9712 9800 9798 9798 9795 9712 9713 9712 9708 9712 9714 9800 9705 9708 9712 9767 9720 9775 9719 9772 9720 9722 9718 9765 9760 9719 9718 9736 9729 9730 9756 9760 9729 9729 9737 9740 9755 9740 9743 9740 9749 9745 9754 9745 9752 9758 9731 9748 9733 9744 9731 9759 9732 9738 9735 9733 9732 9801 9802 9803 9804 9803 9805 9806 9807 9803 9808 9809 9803 9810 9811 9812 9811 9807 9812 9813 9814 9811 9811 9815 9803 9816 9817 9818 9818 9811 9814 9817 9819 9811 9817 9816 9820 9817 9821 9822 9821 9817 9823 9822 9824 9825 9821 9824 9822 9826 9827 9828 9825 9827 9826 9826 9829 9830 9828 9829 9826 9831 9832 9830 9826 9830 9832 9825 9826 9822 9833 9832 9834 9835 9832 9831 9833 9836 9837 9837 9832 9833 9838 9839 9837 9838 9837 9836 9837 9840 9841 9840 9837 9839 9842 9841 9843 9840 9843 9841 9844 9845 9846 9846 9841 9844 9845 9847 9846 9841 9848 9844 9841 9842 9848 9835 9834 9832 9817 9811 9818 9803 9815 9808 9803 9807 9811 9849 9805 9809 9804 9801 9803 9850 9851 9852 9853 9809 9854 9855 9856 9857 9858 9859 9860 9861 9862 9863 9864 9865 9866 9867 9868 9869 9870 9867 9871 9872 9868 9873 9858 9852 9874 9873 9868 9867 9875 9876 9857 9869 9877 9867 9870 9863 9867 9877 9871 9867 9863 9878 9861 9870 9878 9863 9879 9863 9862 9865 9879 9866 9879 9865 9863 9880 9865 9864 9857 9880 9881 9880 9857 9865 9857 9856 9875 9881 9855 9857 9882 9883 9876 9882 9876 9875 9859 9858 9876 9859 9876 9883 9852 9884 9885 9874 9876 9858 9886 9852 9885 9884 9852 9858 9852 9886 9887 9852 9851 9853 9888 9853 9851 9853 9889 9852 9853 9888 9890 9891 9892 9853 9891 9853 9893 9894 9809 9895 9809 9892 9895 9808 9854 9809 9860 9896 9858 9884 9858 9896 9850 9852 9887 9889 9874 9852 9893 9853 9890 9854 9889 9853 9809 9853 9892 9849 9809 9894 9809 9805 9803 9806 9803 9802 9813 9811 9810 9819 9815 9811 9823 9817 9820 9822 9819 9817 9897 9898 9899 9900 9901 9902 9903 9904 9905 9898 9906 9899 9907 9908 9900 9903 9905 9902 9902 9901 9903 9900 9908 9901 9904 9897 9905 9898 9904 9909 9904 9898 9897 9898 9909 9910 9911 9912 9913 9914 9915 9916 9917 9918 9919 9920 9921 9922 9923 9915 9920 9924 9925 9926 9927 9928 9929 9930 9931 9932 9933 9918 9934 9928 9935 9929 9936 9937 9938 9936 9939 9940 9941 9942 9943 9943 9944 9939 9945 9946 9947 9947 9948 9949 9950 9951 9952 9946 9953 9954 9955 9956 9957 9958 9959 9960 9961 9962 9963 9961 9964 9965 9966 9967 9968 9969 9967 9970 9971 9972 9973 9974 9975 9973 9976 9977 9978 9971 9978 9979 9980 9981 9982 9983 9984 9980 9985 9986 9987 9987 9981 9988 9989 9990 9991 9992 9993 9990 9992 9989 9994 9995 9996 9997 9992 9994 9988 9998 9988 9994 9999 10000 9985 9985 9998 9999 10001 10000 10002 9999 10002 10000 10003 10004 9931 10003 10001 10004 9990 9989 9992 9931 9930 10005 10006 9982 9987 10007 9991 9990 9976 9983 10008 10009 9983 9982 10010 10011 9978 9976 10011 9984 10012 9973 10013 10010 9971 9975 10014 9968 10012 10012 10015 9974 9967 10016 10017 9968 9969 10015 9962 10017 10018 10019 10020 9962 10020 9970 10017 10019 9961 10021 10022 9952 9913 9965 10023 9956 10021 9965 9955 9958 9956 10024 9960 9912 10025 9958 10025 9957 9960 10026 9913 9953 10027 9951 10027 9911 9952 10028 9947 9954 10029 9954 9951 9945 9949 9942 10030 9943 9949 10031 9934 9936 9938 9941 9939 9918 10032 10033 9934 10033 9937 10034 9915 9917 10032 9917 9914 10035 10036 10037 10035 9922 9928 10038 10039 10040 10041 10042 10043 10044 9994 9989 9997 10045 10039 9991 10046 9989 10046 10044 9989 10047 10007 10048 10049 10047 10050 10007 9990 10048 10047 10048 10050 10051 9986 10000 9988 9998 9985 9992 9981 9993 10003 10052 10001 9985 9987 9988 10000 9986 9985 10003 9931 10005 10002 10004 10001 10001 10052 10051 10053 10003 10005 10048 9990 9993 10054 10055 10056 10049 10050 10057 9981 9992 9988 10058 10048 9993 10059 10006 9986 10058 9993 9980 10052 10060 10051 9987 9982 9981 9986 10006 9987 10052 10003 10053 10000 10001 10051 10051 10060 10059 10061 10052 10053 10050 10048 10058 10062 10049 10057 10062 10057 10063 9980 9993 9981 10064 10050 10058 10065 10009 10006 10064 10058 9984 10060 10066 10059 9982 9983 9980 10006 10009 9982 10060 10052 10061 9986 10051 10059 10059 10066 10065 10067 10060 10061 10057 10050 10064 10055 10062 10063 10068 10069 10070 9984 10058 9980 10071 10069 10054 10072 10008 10009 10073 10064 10011 10066 10074 10065 9983 9976 9984 10009 10008 9983 10066 10060 10067 10006 10059 10065 10065 10074 10072 10075 10066 10067 10057 10064 10073 10063 10057 10073 10068 10076 10077 10011 10064 9984 10073 10078 10063 10079 9977 10008 10073 10010 10078 10074 10080 10072 9976 9978 10011 10008 9977 9976 10074 10066 10075 10009 10065 10072 10072 10080 10079 10081 10074 10075 10063 10078 10056 10056 10055 10063 10077 10082 10083 10010 10073 10011 10078 10084 10056 9972 9971 9979 10084 10078 9975 10080 10085 10079 9978 9971 10010 9977 9979 9978 10080 10074 10081 10008 10072 10079 10079 10085 10086 10087 10080 10081 10056 10084 10071 10071 10054 10056 10070 10076 10068 9975 10078 10010 10084 10088 10071 10013 9973 9972 10088 10084 9974 9979 9977 10086 9973 9975 9971 10086 10085 10089 10085 10080 10087 9977 10079 10086 10086 10089 10090 10091 10085 10087 10071 10088 10070 10070 10069 10071 10076 10082 10077 9974 10084 9975 10092 10093 10083 10014 10012 10013 10094 10088 10015 9972 9979 10090 10012 9974 9973 10090 10089 10095 10089 10085 10091 9979 10086 10090 10090 10095 10096 10097 10089 10091 10070 10088 10094 10076 10070 10094 10098 10099 10100 10015 10088 9974 10101 10100 10093 9966 9968 10014 10102 10094 9969 10013 9972 10096 9968 10015 10012 10096 10095 10103 10095 10089 10097 9972 10090 10096 10096 10103 10104 10105 10095 10097 10076 10094 10102 10082 10076 10102 10092 10101 10093 9969 10094 10015 10106 10082 10102 10016 9967 9966 10106 10102 9970 10014 10013 10104 9967 9969 9968 10104 10103 10107 10103 10095 10105 10013 10096 10104 10104 10107 10108 10109 10103 10105 10082 10106 10092 10092 10083 10082 10110 10111 10112 9970 10102 9969 10113 10110 10099 10018 10017 10016 10114 10106 10020 9966 10014 10108 10017 9970 9967 10108 10107 10115 10107 10103 10109 10014 10104 10108 10108 10115 10116 10117 10107 10109 10092 10106 10114 10101 10092 10114 10098 10113 10099 10020 10106 9970 10118 10101 10114 9963 9962 10018 10118 10114 10019 10016 9966 10116 9962 10020 10017 10116 10115 10119 10115 10107 10117 9966 10108 10116 10116 10119 10120 10121 10115 10117 10101 10118 10098 10098 10100 10101 10122 10123 10124 10019 10114 10020 10125 10123 10112 9964 9961 9963 10126 10118 10021 10018 10016 10120 9961 10019 9962 10127 10128 10119 10119 10115 10121 10016 10116 10120 10120 10128 10129 10127 10119 10121 10098 10118 10126 10126 10113 10098 10112 10111 10125 10021 10118 10019 10130 10113 10126 10023 9965 9964 10130 10126 9955 9963 10018 10129 9965 10021 9961 10131 10132 10128 10120 10119 10128 10018 10120 10129 10129 10132 10133 10127 10131 10128 10113 10130 10111 10111 10110 10113 10134 10135 10136 9955 10126 10021 10137 10138 10122 10024 9956 10023 10139 10130 9957 9964 9963 10133 9956 9955 9965 10140 10141 10132 10129 10128 10132 9963 10129 10133 10133 10141 10142 10131 10140 10132 10111 10130 10139 10139 10125 10111 10122 10124 10137 9957 10130 9955 10143 10125 10139 9959 9958 10024 10143 10139 10025 10023 9964 10142 9958 9957 9956 10144 10145 10141 10133 10132 10141 9964 10133 10142 10142 10145 10146 10140 10144 10141 10125 10143 10124 10124 10123 10125 10134 10147 10148 10025 10139 9957 10149 10124 10143 10026 9960 9959 10149 10143 9912 10024 10023 10146 9960 10025 9958 10150 10151 10145 10142 10141 10145 10023 10142 10146 10146 10151 10152 10144 10150 10145 10137 10124 10149 10135 10138 10153 10135 10153 10136 9912 10143 10025 10154 10137 10149 10022 9913 10026 9911 10154 10149 9959 10024 10152 9913 9912 9960 10155 10156 10151 10146 10145 10151 10024 10146 10152 10152 10156 10157 10150 10155 10151 10137 10154 10153 10153 10138 10137 10158 10159 10160 9911 10149 9912 10161 10158 10148 9950 9952 10022 10027 10162 10154 10026 9959 10157 9952 9911 9913 10163 10164 10156 10152 10151 10156 9959 10152 10157 10157 10164 10165 10155 10163 10156 10153 10154 10162 10136 10153 10162 10160 10166 10167 10027 10154 9911 10168 10136 10162 10029 9951 9950 10168 10162 9953 10022 10026 10165 9951 10027 9952 10169 10170 10164 10157 10156 10164 10026 10157 10165 10165 10170 10171 10163 10169 10164 10136 10168 10147 10147 10134 10136 10167 10172 10173 9953 10162 10027 10174 10147 10168 10028 9954 10029 10174 10168 9946 9950 10022 10171 9954 9953 9951 10175 10176 10170 10165 10164 10170 10022 10165 10171 10171 10176 10177 10169 10175 10170 10147 10174 10161 10161 10148 10147 10160 10159 10166 9946 10168 9953 10178 10161 10174 9948 9947 10028 9945 10178 10174 10029 9950 10177 9947 9946 9954 10179 10180 10176 10171 10170 10176 9950 10171 10177 10177 10180 10181 10175 10179 10176 10161 10178 10159 10159 10158 10161 10182 10183 10184 9945 10174 9946 10185 10182 10173 10030 9949 9948 10186 10178 9942 10028 10029 10181 9949 9945 9947 10187 10188 10180 10177 10176 10180 10029 10177 10181 10181 10188 10189 10179 10187 10180 10159 10178 10186 10166 10159 10186 10184 10190 10191 9942 10178 9945 10192 10166 10186 9944 9943 10030 10192 10186 9941 9948 10028 10189 9943 9942 9949 10193 10194 10188 10181 10180 10188 10028 10181 10189 10189 10194 10195 10187 10193 10188 10166 10192 10172 10172 10167 10166 10196 10197 10191 9941 10186 9942 10198 10172 10192 9940 9939 9944 9938 10198 10192 10030 9948 10195 9939 9941 9943 10199 10200 10194 10189 10188 10194 9948 10189 10195 10195 10200 10201 10193 10199 10194 10172 10198 10185 10185 10173 10172 10184 10183 10190 9938 10192 9941 10198 10202 10185 10031 9936 9940 9937 10202 10198 9944 10030 10201 9936 9938 9939 10203 10204 10200 10195 10194 10200 10030 10195 10201 10201 10204 10205 10199 10203 10200 10185 10202 10183 10183 10182 10185 10206 10207 10208 9937 10198 9938 10209 10206 10197 9933 9934 10031 10210 10202 10033 9940 9944 10205 9934 9937 9936 10211 10212 10204 10201 10200 10204 9944 10201 10205 10205 10212 10213 10203 10211 10204 10183 10202 10210 10210 10190 10183 10208 10043 10042 10033 10202 9937 10214 10190 10210 9919 9918 9933 10214 10210 10032 10031 9940 10213 9918 10033 9934 10215 10216 10212 10205 10204 10212 9940 10205 10213 10213 10216 10217 10211 10215 10212 10190 10214 10196 10196 10191 10190 10045 9996 10218 10032 10210 10033 10219 10196 10214 10034 9917 9919 9914 10219 10214 9933 10031 10217 9917 10032 9918 10220 10221 10216 10213 10212 10216 10031 10213 10217 10217 10221 10222 10215 10220 10216 10196 10219 10209 10209 10197 10196 10043 10208 10207 9914 10214 10032 10209 10219 10223 9920 9915 10034 10219 9914 9916 9919 9933 10222 9915 9914 9917 10224 10225 10221 10217 10216 10221 9933 10217 10222 10222 10225 10226 10220 10224 10221 10209 10223 10207 10207 10206 10209 10037 9916 9923 10223 10219 9916 10207 10223 10227 9922 9923 9920 10223 9916 10037 10034 9919 10226 9915 9923 9916 10228 10229 10225 10222 10221 10225 9919 10222 10226 10226 10229 10230 10224 10228 10225 10043 10207 10227 10218 10042 10041 9922 10035 9923 10227 10223 10037 10231 10043 10227 10232 9926 10233 10037 10036 10227 9920 10034 10230 9923 10035 10037 10234 10235 10229 10226 10225 10229 10034 10226 10230 10230 10235 9921 10228 10234 10229 10043 10231 10041 10041 10045 10218 10036 10236 10237 10231 10227 10036 10041 10231 10238 10035 9928 10236 10231 10036 10237 9922 9935 9928 10236 10036 10035 10239 10233 10235 10230 10229 10235 9920 10230 9921 9921 10233 9935 10234 10239 10235 10041 10238 10045 9997 10240 10044 10040 10238 10237 10238 10231 10237 10238 10040 10039 10241 10237 10236 10237 10241 10040 9927 10236 9928 10236 9927 10241 9924 9932 9925 9921 10235 10233 9922 9921 9935 9935 9926 9929 10239 10232 10233 9996 10045 9997 9995 10044 10046 10241 10242 10040 10045 10238 10039 10039 10038 10240 9927 10243 10241 10040 10242 10038 9929 10244 9927 10241 10243 10242 9926 9925 9929 10243 9927 10244 9935 10233 9926 10244 9929 9925 10232 9924 9926 9995 9997 10044 9997 10039 10240 9994 10240 9998 10044 10240 9994 9998 10038 9999 10240 10038 9998 9999 10242 10002 10038 10242 9999 10002 10243 10004 10242 10243 10002 10004 10244 9931 10243 10244 10004 9931 9925 9932 10244 9925 9931</p>
        </triangles>
        <triangles count="494" material="ID12">
          <input offset="0" semantic="VERTEX" source="#ID9"/>
          <p>644 645 646 647 648 649 644 650 651 652 653 646 654 653 655 654 656 657 658 659 660 661 656 659 662 663 664 665 666 667 668 669 670 657 656 661 671 672 673 674 668 670 675 676 677 678 679 680 681 682 683 684 679 685 686 687 688 687 689 682 690 691 692 693 694 688 691 695 692 696 697 698 699 700 690 701 702 703 704 662 664 705 706 707 688 705 693 706 700 699 699 707 706 663 708 709 710 708 711 712 713 648 700 691 690 714 715 716 717 718 715 719 720 649 721 722 723 718 724 725 726 727 719 723 728 729 730 731 732 725 733 732 734 731 730 721 731 735 729 736 726 726 736 727 720 719 737 721 723 729 713 738 666 681 739 740 650 741 742 743 744 660 745 746 747 748 749 750 751 752 753 753 754 675 675 754 676 740 739 684 650 742 651 755 677 676 755 669 677 668 674 756 743 745 747 660 744 658 757 756 674 756 757 708 757 758 708 759 750 749 760 708 758 760 761 708 703 710 711 751 762 752 708 761 711 763 764 702 680 765 766 670 669 755 767 768 769 753 752 754 671 762 672 762 751 672 750 759 673 759 671 673 746 749 748 747 746 748 743 660 745 661 659 658 653 654 657 653 652 655 646 650 644 646 645 652 770 771 772 771 665 772 693 705 707 688 694 686 687 686 689 682 689 683 681 683 739 684 685 740 678 680 766 685 679 678 765 680 769 764 767 769 768 765 769 701 763 702 764 763 767 702 710 703 773 709 708 710 773 708 663 662 708 774 704 664 771 770 774 770 704 774 738 667 666 667 772 665 712 738 713 647 712 648 720 647 649 737 719 727 736 729 728 735 731 734 722 721 735 731 725 732 724 733 725 717 724 718 716 715 718 716 775 714 698 775 696 716 696 775 698 697 695 692 695 697 776 777 778 776 779 780 780 777 776 781 779 782 779 781 780 783 784 782 781 782 784 785 784 783 786 778 777 787 788 786 778 786 788 787 789 790 790 788 787 791 789 792 789 791 790 791 792 793 794 795 796 795 797 798 797 795 794 799 798 800 797 800 798 801 802 799 799 800 801 803 801 804 801 803 802 805 806 804 803 804 806 805 807 808 808 806 805 809 807 810 807 809 808 811 812 810 809 810 812 813 814 812 812 811 813 814 815 816 815 814 813 817 816 818 815 818 816 819 820 817 817 818 819 820 821 822 821 820 819 823 822 824 821 824 822 825 826 823 823 824 825 794 796 827 828 829 827 827 796 828 829 830 831 830 829 828 832 831 833 830 833 831 834 835 832 832 833 834 835 836 837 836 835 834 838 837 839 836 839 837 840 841 838 838 839 840 841 842 843 842 841 840 844 843 845 842 845 843 845 846 847 847 844 845 848 846 849 846 848 847 850 848 851 849 851 848 852 853 850 850 851 852 853 854 855 854 853 852 854 856 855 855 856 857 858 859 860 861 860 862 859 862 860 863 864 861 861 862 863 864 865 866 865 864 863 867 866 868 865 868 866 869 870 867 867 868 869 859 858 871 871 872 873 872 871 858 874 873 875 872 875 873 876 877 874 874 875 876 877 878 879 878 877 876 878 880 879 879 880 881 882 883 884 883 885 886 885 883 882 886 887 888 885 887 886 889 890 888 886 888 890 889 891 892 892 890 889 893 891 894 891 893 892 894 895 896 893 894 896 895 897 898 897 895 894 899 898 900 897 900 898 901 899 902 899 900 902 901 903 904 904 899 901 905 903 906 903 905 904 907 908 906 905 906 908 909 908 907 910 882 884 911 912 910 882 910 912 911 913 914 914 912 911 915 913 916 913 915 914 916 917 918 915 916 918 917 919 920 919 917 916 921 920 922 919 922 920 923 921 924 921 922 924 923 925 926 926 921 923 927 925 928 925 927 926 929 930 928 927 928 930 929 931 932 932 930 929 933 931 934 931 933 932 933 934 935 936 937 938 939 938 940 937 940 938 941 942 939 939 940 941 942 943 944 943 942 941 945 944 946 943 946 944 946 947 948 948 945 946 949 947 950 947 949 948 951 949 952 950 952 949 953 954 951 951 952 953 937 936 955 956 936 957 936 956 955 958 959 957 956 957 959 960 961 959 959 958 960 961 962 963 962 961 960 964 963 965 962 965 963 966 967 964 964 965 966 967 968 969 968 967 966 968 970 969 969 970 971 972 973 974 975 976 972 972 974 975 974 973 977 973 978 977 977 978 979 980 981 982 981 980 983 984 985 986 987 986 988 985 988 986 989 990 987 987 988 989 985 984 991 991 992 993 992 991 984 992 994 993 993 994 995 996 997 998 999 1000 998 996 998 1000 999 1001 1002 1002 1000 999 1002 1003 1004 1003 1002 1001 1005 1004 1006 1003 1006 1004 1007 1008 1005 1005 1006 1007 997 996 1009 1010 1009 1011 1009 1010 997 1012 1013 1011 1010 1011 1013 1014 1015 1013 1013 1012 1014 1015 1016 1017 1016 1015 1014 1016 1018 1017 1017 1018 1019 1020 1021 1022 1023 1024 1021 1023 1021 1020 1025 1024 1026 1024 1025 1021 1027 1028 1026 1025 1026 1028 1029 1028 1027 1022 1030 1020 1031 1030 1032 1030 1022 1032 1031 1033 1034 1034 1030 1031 1035 1033 1036 1033 1035 1034 1035 1036 1037 1038 1039 1040 1041 1042 1040 1038 1040 1042 1041 1043 1044 1044 1042 1041 1044 1045 1046 1045 1044 1043 1047 1046 1048 1045 1048 1046 1049 1050 1047 1047 1048 1049 1039 1038 1051 1039 1052 1053 1052 1039 1051 1054 1053 1055 1052 1055 1053 1056 1057 1054 1054 1055 1056 1057 1058 1059 1058 1057 1056 1058 1060 1059 1059 1060 1061 1062 1063 1064 1062 1064 1065 1066 1067 1068 1067 1066 1069 1070 1071 1072 1070 1072 1073 1074 1075 1076 1074 1076 1077 1078 1079 1080 1079 1078 1081 1082 1083 1084 1082 1085 1086 1086 1087 1088 1082 1089 1085 1087 1090 1091 1087 1086 1090 1092 1088 1087 1087 1093 1092 1082 1086 1088 1083 1082 1088 1094 1095 1096 1095 1094 1097 1098 1099 1100 1099 1098 1101 1102 1103 1104 1103 1102 1105 1106 1107 1108 1107 1106 1109 1110 1111 1112 1111 1110 1113 1114 1115 1116 1115 1114 1117 1118 1119 1120 1119 1118 1121 1122 1123 1124 1123 1122 1125 1126 1127 1128 1127 1126 1129 1130 1131 1132 1131 1130 1133 1134 1135 1136 1135 1134 1137 1138 1139 1140 1139 1138 1141 1182 1183 1184 1183 1182 1185 1186 1187 1188 1187 1186 1189 1190 1191 1192 1191 1190 1193 1194 1195 1196 1197 1196 1195 1198 1194 1199 1194 1196 1199 1200 1201 1202 1200 1202 1203 1204 1205 1206 1204 1206 1207 1208 1209 1210 1211 1212 1213 1208 1210 1214 1215 1214 1211 1214 1215 1208 1216 1217 1218 1219 1213 1212 1220 1217 1216 1216 1221 1220 1218 1219 1212 1218 1217 1219 1211 1213 1215 1222 1223 1224 1222 1225 1226 1225 1222 1224 1227 1228 1226 1226 1225 1227 1229 1228 1230 1227 1230 1228 1229 1230 1231 1231 1232 1233 1233 1229 1231 1234 1235 1232 1233 1232 1235 1236 1234 1237 1234 1236 1235 1238 1224 1223 1239 1238 1240 1223 1240 1238 1239 1241 1242 1241 1239 1240 1242 1241 1243 1244 1245 1243 1242 1243 1245 1246 1244 1247 1244 1246 1245 1247 1248 1249 1249 1246 1247 1249 1248 1237 1248 1236 1237</p>
        </triangles>
      </mesh>
    </geometry>
  </library_geometries>

  <library_visual_scenes>
    <visual_scene id="ID1">
      <node id="ID2" name="link_5">
        <node>
          <matrix>1 0 0 -0.28 0 1 0 -4.16334e-17 0 0 1 -0.625 0 0 0 1</matrix>
          <instance_node url="#ID3"/>
        </node>
      </node>
    </visual_scene>
  </library_visual_scenes>

  <scene>
    <instance_visual_scene url="#ID1"/>
  </scene>

  <library_nodes>
    <node id="ID3" name="bergE5F4F25F1bc4">
      <instance_geometry url="#ID4">
        <bind_material>
          <technique_common>
            <instance_material symbol="ID10" target="#ID10"/>
            <instance_material symbol="ID11" target="#ID11"/>
            <instance_material symbol="ID12" target="#ID12"/>
          </technique_common>
        </bind_material>
      </instance_geometry>
    </node>
  </library_nodes>

</COLLADA>
