<?xml version="1.0" encoding="UTF-8" standalone="no" ?>
<COLLADA version="1.4.1" xmlns="http://www.collada.org/2005/11/COLLADASchema">

  <asset>
    <contributor>
      <authoring_tool>ONSHAPE BY PTC INC, 1.207</authoring_tool>
    </contributor>
    <created>2025-12-02T13:54:47</created>
    <modified>2025-12-02T13:54:47</modified>
    <unit meter="1" name="meters"/>
    <up_axis>Z_UP</up_axis>
  </asset>

  <library_materials>
    <material id="ID10" name="ID10">
      <instance_effect url="#ID10-fx"/>
    </material>
  </library_materials>

  <library_effects>
    <effect id="ID10-fx" name="ID10">
      <profile_COMMON>
        <technique sid="COMMON">
          <lambert>
            <diffuse>
              <color sid="diffuse">0.8 0.8 0.8 1</color>
            </diffuse>
            <transparent opaque="A_ONE">
              <color sid="transparent">1 1 1 1</color>
            </transparent>
            <transparency>
              <float sid="transparency">1</float>
            </transparency>
          </lambert>
        </technique>
        <extra>
          <technique profile="OTHER">
            <double_sided>1</double_sided>
          </technique>
        </extra>
      </profile_COMMON>
    </effect>
  </library_effects>

  <library_geometries>
    <geometry id="ID4">
      <mesh>
        <source id="ID5">
          <float_array count="34167" id="ID6">0.1332 -0.0353759 0.651164 0.1332 0.0214586 0.586587 0.1332 -0.0392887 0.644809 0.1332 -0.0276417 0.590766 0.1332 -0.0374673 0.60193 0.1332 -0.0214586 0.586587 0.1332 -0.0330296 0.59593 0.1332 -0.0146582 0.583513 0.1332 -0.0408271 0.608594 0.1332 -0.0430124 0.61573 0.1332 -0.00743604 0.581633 0.1332 -0.0439604 0.623133 0.1332 0 0.581 0.1332 -0.0420713 0.637884 0.1332 0.0146582 0.583513 0.1332 0.00743604 0.581633 0.1332 -0.0436436 0.630589 0.1332 -0.0246389 0.661454 0.1332 -0.0181237 0.665094 0.1332 0.0374673 0.60193 0.1332 0.0330296 0.59593 0.1332 0.0276417 0.590766 0.1332 -0.0304453 0.656766 0.1332 -0.011087 0.66758 0.1332 0.0430124 0.61573 0.1332 0.0408271 0.608594 0.1332 0.011087 0.66758 0.1332 0.0420713 0.637884 0.1332 0.0436436 0.630589 0.1332 0.00373146 0.668841 0.1332 0.0439604 0.623133 0.1332 -0.00373146 0.668841 0.1332 0.0246389 0.661454 0.1332 0.0304453 0.656766 0.1332 0.0353759 0.651164 0.1332 0.0392887 0.644809 0.1332 0.0181237 0.665094 0.1332 0.0439604 0.623133 0.1432 0.0438497 0.628633 0.1432 0.0438497 0.621367 0.1332 -0.00373146 0.668841 0.1432 -6.40082e-17 0.669 0.1332 0.00373146 0.668841 0.1432 0.0426536 0.614199 0.1332 0.0430124 0.61573 0.1432 0.040294 0.607325 0.1332 0.0408271 0.608594 0.1332 0.0374673 0.60193 0.1432 0.0368353 0.600934 0.1432 0.0323719 0.5952 0.1332 0.0330296 0.59593 0.1432 0.0270254 0.590278 0.1332 0.0276417 0.590766 0.1332 0.0214586 0.586587 0.1432 0.0209417 0.586303 0.1432 0.0142868 0.583384 0.1332 0.0146582 0.583513 0.1432 0.00724216 0.5816 0.1332 0.00743604 0.581633 0.1332 0 0.581 0.1432 4.98567e-17 0.581 0.1332 0.0436436 0.630589 0.1332 0.0420713 0.637884 0.1432 0.0426536 0.635801 0.1432 0.040294 0.642675 0.1332 0.0392887 0.644809 0.1332 0.0353759 0.651164 0.1432 0.0368353 0.649066 0.1332 0.0304453 0.656766 0.1432 0.0323719 0.6548 0.1432 0.0270254 0.659722 0.1332 0.0246389 0.661454 0.1332 0.0181237 0.665094 0.1432 0.0209417 0.663697 0.1332 0.011087 0.66758 0.1432 0.0142868 0.666616 0.1432 0.00724216 0.6684 0.1332 -0.0246389 0.661454 0.1432 -0.0209417 0.663697 0.1332 -0.0181237 0.665094 0.1332 -0.011087 0.66758 0.1432 -0.0142868 0.666616 0.1432 -0.00724216 0.6684 0.1432 -0.0368353 0.649066 0.1332 -0.0353759 0.651164 0.1332 -0.0392887 0.644809 0.1432 -0.0270254 0.659722 0.1332 -0.0304453 0.656766 0.1432 -0.0323719 0.6548 0.1332 -0.0436436 0.630589 0.1332 -0.0439604 0.623133 0.1432 -0.0438497 0.628633 0.1332 -0.0420713 0.637884 0.1432 -0.0426536 0.635801 0.1432 -0.040294 0.642675 0.1332 -0.0374673 0.60193 0.1432 -0.040294 0.607325 0.1332 -0.0408271 0.608594 0.1432 -0.0426536 0.614199 0.1432 -0.0438497 0.621367 0.1332 -0.0430124 0.61573 0.1432 -0.0270254 0.590278 0.1432 -0.0323719 0.5952 0.1332 -0.0276417 0.590766 0.1432 -0.0368353 0.600934 0.1332 -0.0330296 0.59593 0.1332 -0.0214586 0.586587 0.1432 -0.0209417 0.586303 0.1332 -0.0146582 0.583513 0.1432 -0.0142868 0.583384 0.1432 -0.00724216 0.5816 0.1332 -0.00743604 0.581633 0.114294 0.0518315 0.633391 0.105641 0.0517012 0.634129 0.105706 0.0518315 0.633391 0.114359 0.0517012 0.634129 0.114294 0.051571 0.634868 0.105706 0.051571 0.634868 0.10974 0.0527695 0.633556 0.11026 0.0527852 0.633559 0.110781 0.0527583 0.633554 0.111301 0.0527045 0.633545 0.10922 0.0527314 0.63355 0.111814 0.052605 0.633527 0.108699 0.0526933 0.633543 0.108186 0.052605 0.633527 0.112322 0.0524916 0.633507 0.107678 0.0524916 0.633507 0.112831 0.0523781 0.633487 0.107169 0.0523781 0.633487 0.113321 0.052204 0.633456 0.113808 0.0520177 0.633424 0.106679 0.052204 0.633456 0.106192 0.0520177 0.633424 0.114294 0.0518315 0.633391 0.105706 0.0518315 0.633391 0.109447 0.0524876 0.63503 0.110553 0.0524876 0.63503 0.11 0.0525281 0.635037 0.106223 0.0517689 0.634903 0.113261 0.0519668 0.634938 0.106739 0.0519668 0.634938 0.108894 0.0524471 0.635023 0.111106 0.0524471 0.635022 0.111655 0.05238 0.635011 0.108346 0.05238 0.635011 0.107805 0.0522595 0.634989 0.112195 0.0522595 0.634989 0.112736 0.0521389 0.634968 0.107264 0.0521389 0.634968 0.113777 0.0517689 0.634903 0.105706 0.051571 0.634868 0.114294 0.051571 0.634868 0.11103 0.0520587 0.62934 0.111846 0.0518825 0.629497 0.111823 0.0520166 0.629579 0.105545 0.0515785 0.632063 0.105269 0.0514428 0.632833 0.105489 0.051439 0.632013 0.113026 0.0509827 0.637494 0.112402 0.0509024 0.637949 0.112856 0.0510686 0.637476 0.105949 0.0507534 0.636742 0.106019 0.0508942 0.63672 0.106531 0.050784 0.637344 0.112595 0.0518169 0.62987 0.112563 0.0519517 0.629946 0.111708 0.0523177 0.629923 0.111091 0.0524081 0.629879 0.110965 0.0523572 0.629699 0.105567 0.0513793 0.635245 0.105823 0.0513961 0.635619 0.105826 0.0512521 0.635966 0.11252 0.052072 0.63004 0.111792 0.0521357 0.629678 0.111785 0.0523667 0.630114 0.112402 0.052257 0.630267 0.113026 0.0521768 0.630722 0.112431 0.052306 0.630458 0.115 0.0507777 0.633967 0.114916 0.0510796 0.633164 0.114932 0.0509206 0.633156 0.113851 0.0516249 0.630958 0.11388 0.0514773 0.630908 0.114354 0.0513556 0.631599 0.114703 0.0512218 0.632358 0.114322 0.0515041 0.631643 0.113804 0.0517622 0.631021 0.11323 0.0518661 0.630432 0.114729 0.0510596 0.632368 0.113739 0.0518857 0.631096 0.113175 0.0519878 0.630517 0.11301 0.0522277 0.630902 0.113564 0.0520794 0.631274 0.11458 0.0515797 0.634108 0.114514 0.0517141 0.633346 0.114702 0.0514794 0.63409 0.114634 0.0516174 0.633308 0.114319 0.0518447 0.632605 0.114384 0.051787 0.633402 0.114444 0.0516599 0.634122 0.114433 0.0517514 0.632548 0.113999 0.0519676 0.631908 0.110367 0.0524291 0.62976 0.110194 0.0523744 0.629601 0.11021 0.0519437 0.62915 0.110207 0.052077 0.629236 0.109379 0.0520709 0.62927 0.111043 0.0519252 0.629255 0.108568 0.0520406 0.629443 0.109371 0.0519375 0.629185 0.109418 0.0523686 0.629634 0.109633 0.0524291 0.62976 0.107799 0.0519869 0.629747 0.10855 0.0519068 0.629359 0.108909 0.0524081 0.629879 0.108659 0.0523402 0.629795 0.107093 0.0519114 0.630175 0.107771 0.0518524 0.629668 0.108215 0.0523667 0.630114 0.107938 0.0522899 0.63008 0.10647 0.0518163 0.630715 0.107057 0.051776 0.630101 0.107569 0.052306 0.630458 0.107276 0.0522192 0.630481 0.106426 0.0516797 0.630648 0.105949 0.0517042 0.63135 0.10699 0.0522277 0.630902 0.106693 0.0521301 0.630987 0.105899 0.0515663 0.631291 0.106205 0.0520251 0.631582 0.106493 0.052134 0.631434 0.105826 0.0519073 0.63225 0.105796 0.0519105 0.632701 0.105567 0.0517801 0.632971 0.106091 0.0520272 0.632039 0.105436 0.0516472 0.633725 0.105616 0.051787 0.633402 0.105129 0.0513008 0.633638 0.10521 0.0513015 0.632792 0.105556 0.0516599 0.634122 0.105436 0.0515123 0.634491 0.105129 0.0511568 0.634454 0.105068 0.0511578 0.633607 0.105623 0.051526 0.634882 0.105212 0.0512907 0.634471 0.10535 0.0511512 0.635262 0.105621 0.0510177 0.636019 0.105269 0.0510149 0.635259 0.105545 0.0508792 0.636029 0.107143 0.0506905 0.637874 0.107837 0.0506163 0.638295 0.107093 0.0505463 0.637917 0.106693 0.0510294 0.637229 0.106205 0.0511343 0.636634 0.106595 0.051164 0.636935 0.108659 0.0508192 0.638421 0.109228 0.0508999 0.638432 0.109418 0.0507908 0.638582 0.108479 0.0509348 0.638235 0.107938 0.0508695 0.638136 0.11252 0.0506509 0.638099 0.111823 0.0504411 0.638514 0.111792 0.0505872 0.638461 0.111012 0.0505457 0.638696 0.11103 0.0503989 0.638753 0.113739 0.0508372 0.637042 0.114195 0.0509545 0.636377 0.113804 0.0506955 0.637071 0.112221 0.0509915 0.637913 0.111708 0.0508417 0.638293 0.114634 0.0513414 0.634873 0.114736 0.0512204 0.634869 0.11461 0.050946 0.63565 0.114531 0.0510834 0.635646 0.113507 0.052134 0.631434 0.114819 0.0510854 0.63486 0.114805 0.0513614 0.63407 0.114889 0.0512288 0.634046 0.11495 0.0510849 0.634021 0.114916 0.0507869 0.634824 0.114879 0.0509396 0.634845 0.114932 0.0506348 0.634777 0.114987 0.0509333 0.633994 0.114514 0.0514453 0.63487 0.114319 0.0513148 0.635611 0.113999 0.0511918 0.636308 0.114176 0.0513958 0.63562 0.114377 0.0515258 0.634883 0.113848 0.0512739 0.636311 0.113564 0.0510801 0.636942 0.114268 0.0508148 0.636394 0.113404 0.0511637 0.636936 0.112563 0.0505059 0.638146 0.113175 0.050735 0.637622 0.11323 0.0505916 0.63766 0.110771 0.0508999 0.638433 0.110965 0.0508022 0.638517 0.110194 0.0507851 0.638615 0.11152 0.0509347 0.638235 0.110207 0.0503807 0.638856 0.110204 0.0505277 0.638798 0.11 0.0508882 0.638499 0.108568 0.0504171 0.63865 0.108593 0.0505636 0.638595 0.10939 0.0505337 0.638764 0.109379 0.0503868 0.638822 0.107276 0.0509402 0.637735 0.107777 0.0509917 0.637912 0.107799 0.0504708 0.638345 0.10647 0.0506414 0.637378 0.106151 0.0512742 0.63631 0.107142 0.0510688 0.637474 0.114531 0.0516394 0.632493 0.114736 0.0515025 0.63327 0.114667 0.0507986 0.635645 0.114433 0.0512074 0.635633 0.114703 0.0506448 0.63563 0.114729 0.0504958 0.635565 0.114322 0.0506657 0.636398 0.114105 0.0510812 0.636348 0.114354 0.0505109 0.636389 0.114397 0.0503645 0.63631 0.113851 0.0505449 0.637083 0.113658 0.0509665 0.636999 0.11388 0.0503892 0.63708 0.113946 0.0502444 0.636991 0.11327 0.0504396 0.63768 0.113106 0.0508665 0.637566 0.113295 0.0502831 0.637681 0.113386 0.0501389 0.637589 0.112595 0.050353 0.638172 0.112465 0.0507842 0.638033 0.112615 0.0501958 0.638176 0.112735 0.0500509 0.638089 0.111846 0.0502873 0.638544 0.111753 0.0507218 0.638387 0.11186 0.0501297 0.638552 0.112008 0.0499826 0.638476 0.110991 0.0506813 0.638617 0.111051 0.0500866 0.638795 0.111043 0.0502446 0.638786 0.111227 0.0499361 0.63874 0.1102 0.0506637 0.638716 0.110212 0.050068 0.638901 0.11021 0.0502261 0.638891 0.110413 0.0499125 0.638874 0.109403 0.0506696 0.638683 0.109367 0.0500742 0.638866 0.109371 0.0502323 0.638856 0.109587 0.0499125 0.638874 0.108623 0.0506987 0.638518 0.10854 0.0501052 0.63869 0.10855 0.050263 0.638682 0.108773 0.0499361 0.63874 0.107883 0.0507504 0.638225 0.107755 0.0501599 0.63838 0.107771 0.0503174 0.638374 0.107992 0.0499826 0.638476 0.107204 0.050823 0.637813 0.107034 0.050237 0.637943 0.107057 0.0503938 0.63794 0.107265 0.0500509 0.638089 0.106606 0.0509145 0.637294 0.106399 0.050334 0.637393 0.106426 0.0504901 0.637394 0.106614 0.0501389 0.637589 0.106105 0.0510222 0.636683 0.106054 0.0502444 0.636991 0.105868 0.0504483 0.636744 0.105899 0.0506036 0.636751 0.105716 0.0511431 0.635997 0.105603 0.0503645 0.63631 0.105455 0.0505765 0.636017 0.105489 0.0507308 0.636029 0.10545 0.0512737 0.635257 0.105271 0.0504958 0.635565 0.105173 0.050715 0.635232 0.10521 0.0508683 0.635249 0.105315 0.0514101 0.634483 0.105068 0.0506348 0.634777 0.105031 0.0508598 0.634411 0.105068 0.051012 0.634434 0.105212 0.0514322 0.633668 0.105315 0.0515486 0.633698 0.105 0.0507777 0.633967 0.105031 0.0510067 0.633577 0.10545 0.0516851 0.632924 0.10535 0.0515717 0.632877 0.105068 0.0509206 0.633156 0.105173 0.0511515 0.632756 0.105716 0.0518157 0.632183 0.105621 0.0517052 0.63212 0.105271 0.0510596 0.632368 0.105455 0.05129 0.631971 0.106105 0.0519366 0.631497 0.106019 0.0518287 0.631419 0.105603 0.051191 0.631623 0.105868 0.0514182 0.631244 0.106606 0.0520443 0.630886 0.106531 0.0519388 0.630795 0.106054 0.051311 0.630942 0.106399 0.0515325 0.630595 0.107204 0.0521358 0.630368 0.107143 0.0520323 0.630265 0.106614 0.0514165 0.630344 0.107034 0.0516296 0.630045 0.107883 0.0522084 0.629956 0.107837 0.0521065 0.629844 0.107265 0.0515046 0.629844 0.107755 0.0517066 0.629608 0.108623 0.05226 0.629663 0.108593 0.0521593 0.629544 0.107992 0.0515728 0.629457 0.10854 0.0517614 0.629298 0.109403 0.0522892 0.629498 0.10939 0.0521891 0.629375 0.108773 0.0516194 0.629193 0.109367 0.0517923 0.629122 0.1102 0.0522951 0.629464 0.110204 0.0521951 0.629341 0.109587 0.051643 0.629059 0.110212 0.0517985 0.629087 0.110991 0.0522775 0.629564 0.111012 0.0521772 0.629443 0.110413 0.051643 0.629059 0.111051 0.0517799 0.629193 0.111753 0.052237 0.629794 0.111227 0.0516194 0.629193 0.11186 0.0517369 0.629437 0.112465 0.0521746 0.630147 0.112008 0.0515728 0.629457 0.112615 0.0516707 0.629812 0.11327 0.0517302 0.630361 0.113106 0.0520923 0.630615 0.112735 0.0515046 0.629844 0.113295 0.0515834 0.630307 0.114268 0.0516429 0.631698 0.114667 0.0513713 0.632397 0.11461 0.0515117 0.632442 0.113658 0.0519923 0.631181 0.113386 0.0514165 0.630344 0.113909 0.0520272 0.632039 0.114195 0.0517684 0.631762 0.114105 0.0518776 0.631832 0.113946 0.051311 0.630942 0.114204 0.0519105 0.632701 0.114397 0.051191 0.631623 0.114819 0.0513723 0.633232 0.114879 0.0512302 0.633197 0.107142 0.0510688 0.637474 0.107553 0.0517741 0.636329 0.107952 0.0517076 0.636706 0.105641 0.0517012 0.634129 0.105616 0.051787 0.633402 0.105706 0.0518315 0.633391 0.108894 0.0524471 0.635023 0.109014 0.0521762 0.636005 0.108482 0.0522508 0.635583 0.108914 0.0516143 0.637235 0.10841 0.0516539 0.637011 0.108479 0.0509348 0.638235 0.109447 0.0524876 0.63503 0.109327 0.0521517 0.636144 0.109658 0.0521367 0.63623 0.109449 0.0515901 0.637372 0.11 0.051582 0.637419 0.11 0.0508882 0.638499 0.107224 0.0518513 0.635891 0.107805 0.0522595 0.634989 0.108346 0.05238 0.635011 0.106975 0.051937 0.635405 0.107264 0.0521389 0.634968 0.105623 0.051526 0.634882 0.105556 0.0516599 0.634122 0.105823 0.0513961 0.635619 0.106739 0.0519668 0.634938 0.106151 0.0512742 0.63631 0.105706 0.051571 0.634868 0.106223 0.0517689 0.634903 0.112911 0.0524029 0.632763 0.112322 0.0524916 0.633507 0.111814 0.052605 0.633527 0.106883 0.0523138 0.633268 0.106192 0.0520177 0.633424 0.105796 0.0519105 0.632701 0.108175 0.0526171 0.631548 0.108868 0.0527735 0.632618 0.107744 0.0525567 0.63189 0.108375 0.0526914 0.633083 0.107379 0.0524847 0.632299 0.109829 0.0528325 0.632283 0.109179 0.0526959 0.631101 0.109724 0.0527121 0.631009 0.109491 0.0528224 0.63234 0.10922 0.0527314 0.63355 0.113117 0.0523138 0.633268 0.111825 0.0526171 0.631548 0.111132 0.0527735 0.632618 0.111343 0.0526639 0.631283 0.112831 0.0523781 0.633487 0.113321 0.052204 0.633456 0.114204 0.0519105 0.632701 0.113808 0.0520177 0.633424 0.114294 0.0518315 0.633391 0.112621 0.0524847 0.632299 0.111625 0.0526914 0.633083 0.114384 0.051787 0.633402 0.110986 0.0521762 0.636005 0.11159 0.0516539 0.637011 0.110673 0.0521517 0.636144 0.111086 0.0516143 0.637235 0.112447 0.0517741 0.636329 0.111518 0.0522508 0.635583 0.112776 0.0518513 0.635891 0.112195 0.0522595 0.634989 0.112736 0.0521389 0.634968 0.113025 0.051937 0.635405 0.111106 0.0524471 0.635022 0.110553 0.0524876 0.63503 0.110771 0.0508999 0.638433 0.111655 0.05238 0.635011 0.11 0.0521316 0.636258 0.11 0.0525281 0.635037 0.110342 0.0521367 0.63623 0.110551 0.0515901 0.637372 0.113261 0.0519668 0.634938 0.114377 0.0515258 0.634883 0.114176 0.0513958 0.63562 0.113777 0.0517689 0.634903 0.114444 0.0516599 0.634122 0.114294 0.051571 0.634868 0.114359 0.0517012 0.634129 0.112256 0.0525567 0.63189 0.113507 0.052134 0.631434 0.110833 0.0528026 0.632453 0.111785 0.0523667 0.630114 0.110821 0.0526959 0.631101 0.110276 0.0527121 0.631009 0.110367 0.0524291 0.62976 0.110781 0.0527583 0.633554 0.110509 0.0528224 0.63234 0.110171 0.0528325 0.632283 0.10974 0.0527695 0.633556 0.108909 0.0524081 0.629879 0.108657 0.0526639 0.631283 0.107089 0.0524029 0.632763 0.107678 0.0524916 0.633507 0.108186 0.052605 0.633527 0.106679 0.052204 0.633456 0.107169 0.0523781 0.633487 0.11152 0.0509347 0.638235 0.112221 0.0509915 0.637913 0.112856 0.0510686 0.637476 0.112048 0.0517076 0.636706 0.113404 0.0511637 0.636936 0.113848 0.0512739 0.636311 0.113909 0.0520272 0.632039 0.111301 0.0527045 0.633545 0.11301 0.0522277 0.630902 0.112431 0.052306 0.630458 0.111091 0.0524081 0.629879 0.109633 0.0524291 0.62976 0.11026 0.0527852 0.633559 0.108215 0.0523667 0.630114 0.107569 0.052306 0.630458 0.10699 0.0522277 0.630902 0.106493 0.052134 0.631434 0.108699 0.0526933 0.633543 0.106091 0.0520272 0.632039 0.106595 0.051164 0.636935 0.107777 0.0509917 0.637912 0.109228 0.0508999 0.638432 0.108773 0.0516194 0.629193 0.107992 0.0515728 0.629457 0.107995 0.048907 0.628986 0.115 0.0488459 0.633626 0.114932 0.0506348 0.634777 0.115 0.0507777 0.633967 0.105603 0.051191 0.631623 0.105271 0.0510596 0.632368 0.105271 0.0486108 0.631936 0.107268 0.0488569 0.629376 0.107265 0.0515046 0.629844 0.106055 0.0487451 0.630489 0.106614 0.0514165 0.630344 0.106054 0.051311 0.630942 0.106614 0.0488032 0.629883 0.105602 0.0486812 0.631181 0.105068 0.0485327 0.632736 0.105068 0.0509206 0.633156 0.105 0.0507777 0.633967 0.105 0.0484478 0.633556 0.109587 0.051643 0.629059 0.10878 0.0489544 0.628722 0.109596 0.0489988 0.628592 0.110413 0.051643 0.629059 0.110424 0.0490395 0.628602 0.111227 0.0516194 0.629193 0.111238 0.0490746 0.628747 0.112018 0.0491017 0.629026 0.112008 0.0515728 0.629457 0.112741 0.0491181 0.629428 0.112735 0.0515046 0.629844 0.113386 0.0514165 0.630344 0.11339 0.0491204 0.629943 0.113947 0.0491058 0.630555 0.113946 0.051311 0.630942 0.114397 0.0490719 0.63125 0.114397 0.051191 0.631623 0.114729 0.0510596 0.632368 0.114729 0.0490173 0.632007 0.114931 0.0489416 0.632806 0.114932 0.0509206 0.633156 0.114729 0.0504958 0.635565 0.11473 0.0486081 0.635229 0.113387 0.04821 0.637249 0.112735 0.0500509 0.638089 0.113386 0.0501389 0.637589 0.113947 0.04834 0.636653 0.114397 0.0503645 0.63631 0.114398 0.0484745 0.635976 0.111227 0.0499361 0.63874 0.111229 0.0479137 0.638383 0.110413 0.0499125 0.638874 0.112008 0.0499826 0.638476 0.112736 0.0480922 0.637742 0.112009 0.0479916 0.638124 0.107992 0.0499826 0.638476 0.108773 0.0499361 0.63874 0.108772 0.04784 0.63837 0.109589 0.0478369 0.638508 0.109587 0.0499125 0.638874 0.110413 0.0478614 0.638512 0.106614 0.0479908 0.63721 0.106054 0.0502444 0.636991 0.106614 0.0501389 0.637589 0.107992 0.047869 0.638103 0.107264 0.0479208 0.637712 0.107265 0.0500509 0.638089 0.105603 0.0503645 0.63631 0.106053 0.0480745 0.636607 0.105603 0.0481663 0.635922 0.105271 0.0504958 0.635565 0.105271 0.048262 0.63517 0.105068 0.0506348 0.634777 0.105068 0.0483567 0.634376 0.113946 0.0502444 0.636991 0.114932 0.0487335 0.63444 0.0451288 0.0592 0.573879 0.0500269 0.0592 0.578573 0.0540612 0.0592 0.584028 0.036476 0.0592 0.641449 -0.0171156 0.0592 0.590086 -0.0140612 0.0592 0.584028 0.0571156 0.0592 0.590086 0.0395078 0.0592 0.570079 0.0333256 0.0592 0.567285 0.0591022 0.0592 0.596573 0.02676 0.0592 0.565575 0.059964 0.0592 0.603302 0.02 0.0592 0.565 0.0582467 0.0592 0.616713 0.00667441 0.0592 0.567285 0.01324 0.0592 0.565575 0.059676 0.0592 0.610081 -0.0100269 0.0592 0.578573 -0.0051288 0.0592 0.573879 0.0476776 0.0592 0.633878 0.000492202 0.0592 0.570079 0.055717 0.0592 0.623008 0.0521599 0.0592 0.628785 0.0300791 0.0592 0.643709 -0.0191022 0.0592 0.596573 0.042399 0.0592 0.63814 0.00992088 0.0592 0.643709 -0.0182467 0.0592 0.616713 -0.019676 0.0592 0.610081 0.0166078 0.0592 0.644856 -0.019964 0.0592 0.603302 0.0233922 0.0592 0.644856 -0.00239899 0.0592 0.63814 -0.00767755 0.0592 0.633878 -0.0121599 0.0592 0.628785 -0.015717 0.0592 0.623008 0.00352395 0.0592 0.641449 0.0166078 0.0592 0.644856 0.0233922 0.0592 0.644856 0.0233922 0.0482 0.644856 0.0300791 0.0592 0.643709 0.0300791 0.0482 0.643709 0.036476 0.0482 0.641449 0.036476 0.0592 0.641449 0.042399 0.0592 0.63814 0.042399 0.0482 0.63814 0.0476776 0.0592 0.633878 0.0476776 0.0482 0.633878 0.0521599 0.0482 0.628785 0.0521599 0.0592 0.628785 0.055717 0.0592 0.623008 0.055717 0.0482 0.623008 0.0582467 0.0592 0.616713 0.0582467 0.0482 0.616713 0.059676 0.0482 0.610081 0.059676 0.0592 0.610081 0.059964 0.0592 0.603302 0.059964 0.0482 0.603302 0.0591022 0.0592 0.596573 0.0591022 0.0482 0.596573 0.0571156 0.0482 0.590086 0.0571156 0.0592 0.590086 0.0540612 0.0592 0.584028 0.0540612 0.0482 0.584028 0.0500269 0.0592 0.578573 0.0500269 0.0482 0.578573 0.0451288 0.0482 0.573879 0.0451288 0.0592 0.573879 0.0395078 0.0592 0.570079 0.0395078 0.0482 0.570079 0.0333256 0.0592 0.567285 0.0333256 0.0482 0.567285 0.02676 0.0482 0.565575 0.02676 0.0592 0.565575 0.02 0.0482 0.565 0.02 0.0592 0.565 0.0166078 0.0482 0.644856 0.00992088 0.0592 0.643709 0.00992088 0.0482 0.643709 0.00352395 0.0482 0.641449 0.00352395 0.0592 0.641449 -0.00239899 0.0482 0.63814 -0.00239899 0.0592 0.63814 -0.00767755 0.0592 0.633878 -0.00767755 0.0482 0.633878 -0.0121599 0.0482 0.628785 -0.0121599 0.0592 0.628785 -0.015717 0.0482 0.623008 -0.015717 0.0592 0.623008 -0.0182467 0.0592 0.616713 -0.0182467 0.0482 0.616713 -0.019676 0.0482 0.610081 -0.019676 0.0592 0.610081 -0.019964 0.0482 0.603302 -0.019964 0.0592 0.603302 -0.0191022 0.0592 0.596573 -0.0191022 0.0482 0.596573 -0.0171156 0.0482 0.590086 -0.0171156 0.0592 0.590086 -0.0140612 0.0482 0.584028 -0.0140612 0.0592 0.584028 -0.0100269 0.0592 0.578573 -0.0100269 0.0482 0.578573 -0.0051288 0.0482 0.573879 -0.0051288 0.0592 0.573879 0.000492202 0.0482 0.570079 0.000492202 0.0592 0.570079 0.00667441 0.0592 0.567285 0.00667441 0.0482 0.567285 0.01324 0.0482 0.565575 0.01324 0.0592 0.565575 0.02 -0.06 0.64 -0.0120521 -0.06 0.590941 -0.013929 -0.06 0.596408 -0.0120521 -0.06 0.619059 -0.00575034 -0.06 0.628705 -0.00149744 -0.06 0.63262 -0.00930083 -0.06 0.624143 0.00334184 -0.06 0.635782 -0.013929 -0.06 0.613592 0.00863552 -0.06 0.638104 -0.0148805 -0.06 0.60789 -0.0148805 -0.06 0.60211 0.0142392 -0.06 0.639523 0.0366582 -0.06 0.635782 -0.00575034 -0.06 0.581295 0.0313645 -0.06 0.638104 0.0257608 -0.06 0.639523 -0.00930083 -0.06 0.585857 -0.00149744 -0.06 0.57738 0.0414974 -0.06 0.63262 0.00334184 -0.06 0.574218 0.0520521 -0.06 0.619059 0.02 -0.06 0.57 0.0142392 -0.06 0.570477 0.0457503 -0.06 0.628705 0.0493008 -0.06 0.624143 0.00863552 -0.06 0.571896 0.0313645 -0.06 0.571896 0.0548805 -0.06 0.60211 0.0366582 -0.06 0.574218 0.0257608 -0.06 0.570477 0.053929 -0.06 0.613592 0.0548805 -0.06 0.60789 0.0457503 -0.06 0.581295 0.0520521 -0.06 0.590941 0.0493008 -0.06 0.585857 0.0414974 -0.06 0.57738 0.053929 -0.06 0.596408 -0.0148805 -0.0495 0.60211 -0.0148805 -0.06 0.60789 -0.0148805 -0.06 0.60211 0.0257608 -0.06 0.639523 0.02 -0.06 0.64 0.02 -0.0495 0.64 -0.013929 -0.06 0.596408 -0.013929 -0.0495 0.596408 -0.0120521 -0.06 0.590941 -0.0120521 -0.0495 0.590941 -0.00930083 -0.0495 0.585857 -0.00930083 -0.06 0.585857 -0.00575034 -0.06 0.581295 -0.00575034 -0.0495 0.581295 -0.00149744 -0.06 0.57738 -0.00149744 -0.0495 0.57738 0.00334184 -0.0495 0.574218 0.00334184 -0.06 0.574218 0.00863552 -0.06 0.571896 0.00863552 -0.0495 0.571896 0.0142392 -0.06 0.570477 0.0142392 -0.0495 0.570477 0.02 -0.0495 0.57 0.02 -0.06 0.57 -0.0148805 -0.0495 0.60789 -0.013929 -0.06 0.613592 -0.013929 -0.0495 0.613592 -0.0120521 -0.0495 0.619059 -0.0120521 -0.06 0.619059 -0.00930083 -0.0495 0.624143 -0.00930083 -0.06 0.624143 -0.00575034 -0.06 0.628705 -0.00575034 -0.0495 0.628705 -0.00149744 -0.0495 0.63262 -0.00149744 -0.06 0.63262 0.00334184 -0.0495 0.635782 0.00334184 -0.06 0.635782 0.00863552 -0.06 0.638104 0.00863552 -0.0495 0.638104 0.0142392 -0.0495 0.639523 0.0142392 -0.06 0.639523 0.0414974 -0.06 0.63262 0.0366582 -0.06 0.635782 0.0366582 -0.0495 0.635782 0.0313645 -0.06 0.638104 0.0257608 -0.0495 0.639523 0.0313645 -0.0495 0.638104 0.0493008 -0.0495 0.624143 0.0520521 -0.06 0.619059 0.0493008 -0.06 0.624143 0.0414974 -0.0495 0.63262 0.0457503 -0.0495 0.628705 0.0457503 -0.06 0.628705 0.0548805 -0.06 0.60789 0.0548805 -0.0495 0.60789 0.0548805 -0.06 0.60211 0.053929 -0.06 0.613592 0.0520521 -0.0495 0.619059 0.053929 -0.0495 0.613592 0.0493008 -0.06 0.585857 0.0520521 -0.06 0.590941 0.0520521 -0.0495 0.590941 0.053929 -0.0495 0.596408 0.053929 -0.06 0.596408 0.0548805 -0.0495 0.60211 0.0414974 -0.0495 0.57738 0.0414974 -0.06 0.57738 0.0457503 -0.0495 0.581295 0.0493008 -0.0495 0.585857 0.0457503 -0.06 0.581295 0.0366582 -0.06 0.574218 0.0366582 -0.0495 0.574218 0.0313645 -0.0495 0.571896 0.0313645 -0.06 0.571896 0.0257608 -0.0495 0.570477 0.0257608 -0.06 0.570477 -0.0290198 0.0420112 0.634939 -0.0282708 0.0417861 0.634392 -0.0282211 0.042013 0.634479 -0.0289444 0.0425 0.63499 -0.0289676 0.0422518 0.634979 -0.0281907 0.0422531 0.634531 -0.0293167 0.0413974 0.634647 -0.0294465 0.0412456 0.634498 -0.0284225 0.0413964 0.63413 -0.0291989 0.0415786 0.634772 -0.0283386 0.0415787 0.634275 -0.0290984 0.041785 0.634869 -0.0288685 0.0410051 0.633357 -0.0287463 0.0410459 0.633569 -0.0298539 0.0410053 0.633927 -0.0286292 0.0411263 0.633772 -0.0285202 0.0412442 0.63396 -0.0295829 0.0411276 0.634325 -0.0292317 0.0411263 0.632728 -0.0300909 0.0410467 0.633492 -0.0301882 0.0411278 0.633277 -0.0289924 0.0410051 0.633143 -0.0299788 0.0410053 0.63371 -0.0291145 0.0410459 0.632931 -0.0294384 0.0413964 0.63237 -0.0303338 0.0413978 0.632885 -0.0295223 0.0415787 0.632225 -0.0302691 0.041246 0.633073 -0.0293406 0.0412442 0.63254 -0.0303826 0.0415791 0.632721 -0.030417 0.0417855 0.632585 -0.030438 0.0420119 0.632483 -0.02959 0.0417861 0.632108 -0.0304468 0.0422528 0.632417 -0.0296398 0.042013 0.632021 -0.0296702 0.0422531 0.631969 -0.0304444 0.0425 0.632392 -0.0296804 0.0425 0.631951 -0.0297205 0.0410463 0.634133 -0.0281804 0.0425 0.634549 -0.0281804 0.0425 0.634549 -0.0288659 0.045 0.634945 -0.0289444 0.0425 0.63499 -0.0281804 0.045 0.634549 -0.0296804 0.0425 0.631951 -0.0303659 0.045 0.632347 -0.0296804 0.045 0.631951 -0.0304444 0.0425 0.632392 -0.0296804 0.0425 0.631951 -0.0281804 0.045 0.634549 -0.0281804 0.0425 0.634549 -0.0283386 0.0415787 0.634275 -0.0284225 0.0413964 0.63413 -0.0281907 0.0422531 0.634531 -0.0282211 0.042013 0.634479 -0.0282708 0.0417861 0.634392 -0.0285202 0.0412442 0.63396 -0.0286292 0.0411263 0.633772 -0.0287463 0.0410459 0.633569 -0.0288685 0.0410051 0.633357 -0.0289924 0.0410051 0.633143 -0.0295223 0.0415787 0.632225 -0.0294384 0.0413964 0.63237 -0.0291145 0.0410459 0.632931 -0.0292317 0.0411263 0.632728 -0.0296398 0.042013 0.632021 -0.02959 0.0417861 0.632108 -0.0296702 0.0422531 0.631969 -0.0293406 0.0412442 0.63254 -0.0296804 0.045 0.631951 0.1432 0.0486242 0.631111 0.1392 0.0486242 0.631113 0.1392 0.0486517 0.630865 0.1432 0.0486378 0.63136 0.1392 0.048638 0.631362 0.1392 0.048693 0.631605 0.1432 0.0486926 0.631604 0.1432 0.0487872 0.631836 0.1392 0.0487874 0.631836 0.1432 0.048919 0.632048 0.1392 0.0489189 0.632048 0.1432 0.0490842 0.632236 0.1392 0.0490836 0.632235 0.1432 0.0492783 0.632394 0.1392 0.049277 0.632393 0.1392 0.0494939 0.632516 0.1432 0.0494959 0.632517 0.1432 0.0486523 0.630862 0.1432 0.0487213 0.630622 0.1392 0.04872 0.630625 0.1392 0.048827 0.6304 0.1432 0.0488293 0.630396 0.1392 0.0489699 0.630196 0.1432 0.0489732 0.630192 0.1432 0.0491491 0.630014 0.1392 0.0491447 0.630018 0.1392 0.0493465 0.629871 0.1432 0.049352 0.629868 0.1392 0.0495699 0.62976 0.1432 0.0495764 0.629758 0.1392 0.0498085 0.629688 0.1432 0.049816 0.629686 0.1392 0.0486517 0.630865 0.1392 0.048638 0.631362 0.1392 0.048693 0.631605 0.1392 0.0490836 0.632235 0.1392 0.0489699 0.630196 0.1392 0.0489189 0.632048 0.1392 0.049277 0.632393 0.1392 0.0493465 0.629871 0.1392 0.0491447 0.630018 0.1392 0.0486242 0.631113 0.1392 0.04872 0.630625 0.1392 0.0487874 0.631836 0.1392 0.048827 0.6304 0.1392 0.0494939 0.632516 0.1392 0.0498085 0.629688 0.1392 0.0495699 0.62976 0.0618267 -0.0495 0.622445 0.0641544 -0.0495 0.615208 0.053929 -0.0495 0.613592 -0.00149744 -0.0495 0.63262 -0.00575034 -0.0495 0.628705 -0.0088547 -0.0495 0.639946 0.0548805 -0.0495 0.60789 0.0652395 -0.0495 0.607684 0.058322 -0.0495 0.629192 0.0520521 -0.0495 0.619059 0.0650516 -0.0495 0.600084 0.0548805 -0.0495 0.60211 0.0537389 -0.0495 0.635257 0.0493008 -0.0495 0.624143 0.0457503 -0.0495 0.628705 0.0482063 -0.0495 0.640471 0.0414974 -0.0495 0.63262 0.04188 -0.0495 0.644687 0.0366582 -0.0495 0.635782 0.0313645 -0.0495 0.638104 0.034938 -0.0495 0.647786 0.0635959 -0.0495 0.592622 0.053929 -0.0495 0.596408 0.0493008 -0.0495 0.585857 0.0609133 -0.0495 0.585509 0.0570794 -0.0495 0.578944 0.0520521 -0.0495 0.590941 0.0398917 -0.0495 0.56428 0.032805 -0.0495 0.561528 0.0313645 -0.0495 0.571896 0.00863552 -0.0495 0.638104 0.0122188 -0.0495 0.649646 0.0142392 -0.0495 0.639523 0.0177601 -0.0495 0.559736 0.0102253 -0.0495 0.560748 0.0142392 -0.0495 0.570477 0.00334184 -0.0495 0.635782 -0.00242603 -0.0495 0.644381 -0.0100814 -0.0495 0.571104 -0.00575034 -0.0495 0.581295 -0.00149744 -0.0495 0.57738 -0.0120521 -0.0495 0.619059 -0.0189755 -0.0495 0.628124 -0.00930083 -0.0495 0.624143 -0.013929 -0.0495 0.596408 -0.0120521 -0.0495 0.590941 -0.0229134 -0.0495 0.590431 -0.0253119 -0.0495 0.605807 -0.0148805 -0.0495 0.60789 -0.0148805 -0.0495 0.60211 -0.0247776 -0.0495 0.598015 -0.0197746 -0.0495 0.583279 -0.00930083 -0.0495 0.585857 -0.013929 -0.0495 0.613592 -0.0245003 -0.0495 0.613575 -0.0154545 -0.0495 0.576773 0.00334184 -0.0495 0.574218 -0.00381483 -0.0495 0.566443 -0.0223671 -0.0495 0.621089 -0.0144264 -0.0495 0.634473 0.00863552 -0.0495 0.571896 0.00296554 -0.0495 0.563004 0.0253579 -0.0495 0.559999 0.02 -0.0495 0.57 0.00466871 -0.0495 0.647647 0.0464186 -0.0495 0.568178 0.0414974 -0.0495 0.57738 0.0522021 -0.0495 0.573112 0.0366582 -0.0495 0.574218 0.0257608 -0.0495 0.639523 0.02 -0.0495 0.650319 0.0275756 -0.0495 0.649681 0.02 -0.0495 0.64 0.0457503 -0.0495 0.581295 0.0257608 -0.0495 0.570477 -0.0174627 0.0473701 0.633382 -0.0174319 0.0472054 0.633423 -0.0174191 0.0470349 0.63344 -0.0233671 0.045 0.623119 -0.0230034 0.0479858 0.623966 -0.022934 0.048 0.624123 -0.0175101 0.0475235 0.633319 -0.017648 0.0477787 0.633136 -0.0175727 0.047661 0.633236 -0.017734 0.0478737 0.63302 -0.0173751 0.045 0.633497 -0.0178276 0.0479432 0.632894 -0.0179265 0.0479857 0.632759 -0.0207032 0.045 0.6285 -0.0180276 0.048 0.632621 -0.0207032 0.048 0.6285 -0.0230705 0.0479433 0.623813 -0.0231334 0.0478738 0.623668 -0.023339 0.0470349 0.623186 -0.0231903 0.0477788 0.623536 -0.023311 0.0473705 0.623253 -0.0233307 0.0472058 0.623206 -0.0232804 0.0475236 0.623325 -0.0232398 0.0476611 0.623421 0.1335 0.01 0.6705 0.13351 0.00983157 0.676328 0.133502 0.0100834 0.676324 0.13352 0.00975311 0.6705 0.133559 0.00958469 0.676333 0.133649 0.00934892 0.676337 0.133581 0.00951359 0.6705 0.13368 0.00928671 0.6705 0.133777 0.00913156 0.676341 0.133816 0.00907921 0.6705 0.13394 0.0089389 0.676344 0.134133 0.00877635 0.676347 0.133984 0.00889673 0.6705 0.134179 0.00874433 0.6705 0.134349 0.00864844 0.676349 0.134397 0.00862647 0.6705 0.134585 0.00855861 0.676351 0.134833 0.00850941 0.676351 0.134631 0.00854608 0.6705 0.134875 0.00850522 0.6705 0.135085 0.00850244 0.676352 0.135123 0.00850511 0.6705 0.135334 0.00853782 0.676351 0.135368 0.0085458 0.6705 0.135602 0.00862625 0.6705 0.135575 0.00861445 0.67635 0.13582 0.00874418 0.6705 0.135798 0.00873006 0.676348 0.136 0.00888176 0.676345 0.136016 0.00889612 0.6705 0.136183 0.00907819 0.6705 0.136173 0.00906527 0.676342 0.136319 0.00928549 0.6705 0.136313 0.00927511 0.676338 0.136416 0.00950532 0.676334 0.136419 0.00951241 0.6705 0.136479 0.00975276 0.6705 0.136479 0.00974876 0.67633 0.1365 0.01 0.6705 0.1365 0.01 0.676325 0.133521 0.0102472 0.6705 0.133537 0.0103331 0.67632 0.133582 0.0104876 0.6705 0.133614 0.0105735 0.676315 0.133681 0.0107145 0.6705 0.133817 0.0109218 0.6705 0.13373 0.0107978 0.676312 0.133881 0.0109993 0.676308 0.133984 0.0111039 0.6705 0.134064 0.0111723 0.676305 0.13418 0.0112558 0.6705 0.134398 0.0113737 0.6705 0.134274 0.0113124 0.676303 0.134504 0.0114156 0.676301 0.134632 0.0114542 0.6705 0.134748 0.0114787 0.6763 0.134877 0.0114949 0.6705 0.135125 0.0114948 0.6705 0.135 0.0115 0.676299 0.13526 0.0114772 0.6763 0.135369 0.0114539 0.6705 0.135513 0.0114097 0.676301 0.135603 0.0113735 0.6705 0.135821 0.0112557 0.6705 0.135749 0.0112993 0.676303 0.135964 0.0111493 0.676305 0.136016 0.0111033 0.6705 0.136149 0.0109645 0.676309 0.136184 0.0109208 0.6705 0.13632 0.0107133 0.6705 0.136299 0.0107504 0.676312 0.136409 0.0105134 0.676316 0.136419 0.0104864 0.6705 0.136477 0.0102608 0.676321 0.13648 0.0102469 0.6705 0.133984 0.0111039 0.6705 0.13418 0.0112558 0.6705 0.134398 0.0113737 0.6705 0.134397 0.00862647 0.6705 0.134179 0.00874433 0.6705 0.13648 0.0102469 0.6705 0.134632 0.0114542 0.6705 0.133817 0.0109218 0.6705 0.134877 0.0114949 0.6705 0.133681 0.0107145 0.6705 0.133582 0.0104876 0.6705 0.135125 0.0114948 0.6705 0.133521 0.0102472 0.6705 0.135369 0.0114539 0.6705 0.1335 0.01 0.6705 0.135603 0.0113735 0.6705 0.135821 0.0112557 0.6705 0.13352 0.00975311 0.6705 0.13632 0.0107133 0.6705 0.133816 0.00907921 0.6705 0.136184 0.0109208 0.6705 0.13368 0.00928671 0.6705 0.133581 0.00951359 0.6705 0.136016 0.0111033 0.6705 0.1365 0.01 0.6705 0.133984 0.00889673 0.6705 0.136419 0.0104864 0.6705 0.136419 0.00951241 0.6705 0.136319 0.00928549 0.6705 0.135123 0.00850511 0.6705 0.136479 0.00975276 0.6705 0.134875 0.00850522 0.6705 0.134631 0.00854608 0.6705 0.135602 0.00862625 0.6705 0.136016 0.00889612 0.6705 0.13582 0.00874418 0.6705 0.136183 0.00907819 0.6705 0.135368 0.0085458 0.6705 0.133984 -0.00889612 0.6705 0.13418 -0.00874418 0.6705 0.134398 -0.00862625 0.6705 0.134397 -0.0113735 0.6705 0.134179 -0.0112557 0.6705 0.13648 -0.00975311 0.6705 0.134632 -0.0085458 0.6705 0.133817 -0.00907819 0.6705 0.134877 -0.00850511 0.6705 0.133681 -0.00928549 0.6705 0.133582 -0.00951241 0.6705 0.135125 -0.00850522 0.6705 0.133521 -0.00975276 0.6705 0.135369 -0.00854608 0.6705 0.1335 -0.01 0.6705 0.135603 -0.00862647 0.6705 0.135821 -0.00874433 0.6705 0.13352 -0.0102469 0.6705 0.13632 -0.00928671 0.6705 0.133816 -0.0109208 0.6705 0.136184 -0.00907921 0.6705 0.13368 -0.0107133 0.6705 0.133581 -0.0104864 0.6705 0.136016 -0.00889673 0.6705 0.1365 -0.01 0.6705 0.133984 -0.0111033 0.6705 0.136419 -0.00951359 0.6705 0.136419 -0.0104876 0.6705 0.136319 -0.0107145 0.6705 0.135123 -0.0114949 0.6705 0.136479 -0.0102472 0.6705 0.134875 -0.0114948 0.6705 0.134631 -0.0114539 0.6705 0.135602 -0.0113737 0.6705 0.136016 -0.0111039 0.6705 0.13582 -0.0112558 0.6705 0.136183 -0.0109218 0.6705 0.135368 -0.0114542 0.6705 0.1335 -0.01 0.6705 0.133509 -0.00983253 0.676328 0.133521 -0.00975276 0.6705 0.133582 -0.00951241 0.6705 0.133559 -0.00958486 0.676333 0.133648 -0.00934956 0.676337 0.133681 -0.00928549 0.6705 0.133776 -0.00913259 0.676341 0.133817 -0.00907819 0.6705 0.133939 -0.00893992 0.676344 0.134131 -0.00877707 0.676347 0.133984 -0.00889612 0.6705 0.134632 -0.0085458 0.6705 0.134585 -0.00855867 0.676351 0.134832 -0.00850953 0.676351 0.13418 -0.00874418 0.6705 0.134349 -0.00864873 0.676349 0.136479 -0.00974837 0.67633 0.1365 -0.01 0.676325 0.13648 -0.00975311 0.6705 0.135125 -0.00850522 0.6705 0.135083 -0.00850237 0.676352 0.135333 -0.0085375 0.676351 0.13632 -0.00928671 0.6705 0.136416 -0.00950402 0.676334 0.136419 -0.00951359 0.6705 0.135603 -0.00862647 0.6705 0.135369 -0.00854608 0.6705 0.135574 -0.00861403 0.67635 0.136184 -0.00907921 0.6705 0.136172 -0.00906436 0.676342 0.136312 -0.00927386 0.676338 0.135999 -0.00888141 0.676345 0.135821 -0.00874433 0.6705 0.135798 -0.00872986 0.676348 0.136016 -0.00889673 0.6705 0.1365 -0.01 0.6705 0.134877 -0.00850511 0.6705 0.134398 -0.00862625 0.6705 0.133502 -0.0100848 0.676324 0.13352 -0.0102469 0.6705 0.133538 -0.0103344 0.67632 0.133581 -0.0104864 0.6705 0.133614 -0.0105745 0.676315 0.13373 -0.0107982 0.676312 0.13368 -0.0107133 0.6705 0.133816 -0.0109208 0.6705 0.133882 -0.0109997 0.676308 0.133984 -0.0111033 0.6705 0.134065 -0.011173 0.676305 0.134275 -0.0113131 0.676303 0.134179 -0.0112557 0.6705 0.134397 -0.0113735 0.6705 0.134505 -0.011416 0.676301 0.134631 -0.0114539 0.6705 0.134749 -0.0114788 0.6763 0.134875 -0.0114948 0.6705 0.135123 -0.0114949 0.6705 0.135 -0.0115 0.676299 0.135368 -0.0114542 0.6705 0.135261 -0.0114771 0.6763 0.135513 -0.0114093 0.676301 0.135602 -0.0113737 0.6705 0.13582 -0.0112558 0.6705 0.13575 -0.0112987 0.676303 0.136016 -0.0111039 0.6705 0.135965 -0.0111487 0.676305 0.136149 -0.0109637 0.676309 0.136183 -0.0109218 0.6705 0.136319 -0.0107145 0.6705 0.136299 -0.0107494 0.676312 0.136419 -0.0104876 0.6705 0.13641 -0.0105124 0.676316 0.136477 -0.0102603 0.676321 0.136479 -0.0102472 0.6705 0.0232433 0.0482 0.650248 0.0166078 0.0482 0.644856 0.0233922 0.0482 0.644856 -0.0140612 0.0482 0.584028 -0.0163021 0.0482 0.577795 -0.0100269 0.0482 0.578573 0.0476776 0.0482 0.633878 0.0500063 0.0482 0.639023 0.042399 0.0482 0.63814 -0.00509169 0.0482 0.567207 0.000492202 0.0482 0.570079 -0.0051288 0.0482 0.573879 0.0626928 0.0482001 0.620431 0.0607011 0.0482 0.625122 0.055717 0.0482 0.623008 0.0519117 0.0482 0.572758 0.0569275 0.0482 0.578651 0.0500269 0.0482 0.578573 0.0652733 0.0482 0.607875 0.064126 0.0482 0.615528 0.059676 0.0482 0.610081 0.0608686 0.0482 0.58531 0.0636206 0.0482 0.592543 0.0571156 0.0482 0.590086 0.0451288 0.0482 0.573879 0.0591022 0.0482 0.596573 0.0651032 0.0482 0.600138 0.0540612 0.0482 0.584028 0.0395078 0.0482 0.570079 0.0392674 0.0482 0.563931 0.0459674 0.0482 0.567803 0.059964 0.0482 0.603302 0.0582467 0.0482 0.616713 0.0320068 0.0482 0.561253 0.0333256 0.0482 0.567285 0.02676 0.0482 0.565575 0.01324 0.0482 0.565575 0.00901806 0.0482 0.560985 0.0166588 0.0482 0.559759 0.0581637 0.0481999 0.629577 0.0551239 0.0482 0.633709 0.0440951 0.0482 0.643436 0.036476 0.0482 0.641449 0.0521599 0.0482 0.628785 0.00169688 0.0482 0.563492 0.00667441 0.0482 0.567285 0.0305343 0.0482 0.649124 0.0300791 0.0482 0.643709 0.0375467 0.0482 0.646834 0.00992088 0.0482 0.643709 0.0158665 0.0482 0.650176 -0.0111501 0.0482 0.572021 0.00859901 0.0482 0.648908 0.00163304 0.0482 0.64648 -0.0171156 0.0482 0.590086 -0.0203977 0.0482 0.584361 -0.00484721 0.0482 0.642955 0.00352395 0.0482 0.641449 -0.0191022 0.0482 0.596573 -0.0233178 0.0482 0.591528 -0.0106704 0.0482 0.638425 -0.00239899 0.0482 0.63814 -0.019964 0.0482 0.603302 -0.0249773 0.0482 0.599086 -0.019676 0.0482 0.610081 -0.0253281 0.0482 0.606817 -0.0156822 0.0482 0.633012 -0.0158157 0.0481998 0.632859 -0.0121599 0.0482 0.628785 -0.00767755 0.0482 0.633878 -0.0159646 0.0481999 0.632721 -0.0161248 0.0482 0.632595 -0.0243598 0.0482 0.614494 -0.0182467 0.0482 0.616713 -0.0221007 0.0482 0.621896 -0.0162917 0.0481999 0.632479 -0.0164625 0.0481999 0.632369 -0.0218319 0.0482 0.623493 -0.015717 0.0482 0.623008 -0.0196095 0.0482 0.627869 -0.0166317 0.0482001 0.632257 -0.016931 0.0482 0.631981 -0.0167935 0.0482004 0.63213 -0.0219213 0.0482 0.623096 -0.0219338 0.0481999 0.622893 -0.0219441 0.0481997 0.62269 -0.0218932 0.0482001 0.623298 -0.0219605 0.0481999 0.622488 -0.0219892 0.0481999 0.622287 -0.0220347 0.0481999 0.622088 0.02 0.0482 0.565 0.0243968 0.0482 0.559849 0.1432 -0.00724216 0.5816 0.1432 -0.00786253 0.575542 0.1432 -0.0155586 0.577256 0.1432 -0.0270254 0.590278 0.1432 -0.0298008 0.583928 0.1432 -0.0360279 0.588731 0.1432 0.0297806 0.583915 0.1432 0.0229157 0.580069 0.1432 0.0209417 0.586303 0.1432 0.0360279 0.588731 0.1432 0.0270254 0.590278 0.1432 0.0361514 0.588848 0.1432 0.0362682 0.588972 0.1432 0.00724216 0.5816 0.1432 0.0142868 0.583384 0.1432 0.015554 0.577255 0.1432 -0.0449133 0.647945 0.1432 -0.040294 0.642675 0.1432 -0.0477279 0.640585 0.1432 0.0489732 0.630192 0.1432 0.0491491 0.630014 0.1432 0.0438497 0.628633 0.1432 -0.0494407 0.632894 0.1432 -0.0438497 0.628633 0.1432 -0.0500161 0.625034 0.1432 -0.0209417 0.586303 0.1432 -0.022924 0.580071 0.1432 -0.0362682 0.588972 0.1432 -0.0323719 0.5952 0.1432 -0.0477314 0.609478 0.1432 -0.040294 0.607325 0.1432 -0.0449212 0.602109 0.1432 -0.0426536 0.614199 0.1432 -0.049442 0.617172 0.1432 -0.0361515 0.588848 0.1432 -0.0368353 0.600934 0.1432 -0.0410727 0.595226 0.1432 -0.0426536 0.635801 0.1432 -0.0438497 0.621367 0.1432 0.0362654 0.66103 0.1432 0.0323719 0.6548 0.1432 0.0360302 0.661266 0.1432 0.0142868 0.666616 0.1432 0.00724216 0.6684 0.1432 0.0155324 0.672752 0.1432 -0.00724216 0.6684 0.1432 -0.0155831 0.672736 0.1432 -0.00789053 0.674453 0.1432 0.0411307 0.654709 0.1432 0.0368353 0.649066 0.1432 -0.0298035 0.66607 0.1432 -0.0270254 0.659722 0.1432 -0.0360302 0.661265 0.1432 -0.0323719 0.6548 0.1432 -0.0368353 0.649066 0.1432 -0.0410681 0.654804 0.1432 -0.0362655 0.66103 0.1432 -0.0361511 0.661151 0.1432 -0.0142868 0.666616 0.1432 -0.0229439 0.669918 0.1432 -0.0209417 0.663697 0.1432 0.047816 0.640293 0.1432 0.0492783 0.632394 0.1432 0.0426536 0.635801 0.1432 -6.40082e-17 0.669 0.1432 0.0368353 0.600934 0.1432 0.0415636 0.595985 0.1432 0.0323719 0.5952 0.1432 0.0486242 0.631111 0.1432 0.0486523 0.630862 0.1432 0.048919 0.632048 0.1432 0.0487872 0.631836 0.1432 0.0486378 0.63136 0.1432 0.0486926 0.631604 0.1432 0.0490842 0.632236 0.1432 0.0450099 0.647741 0.1432 0.0361511 0.661151 0.1432 0.040294 0.642675 0.1432 0.0494959 0.632517 0.1432 0.0426536 0.614199 0.1432 0.0484615 0.612156 0.1432 0.040294 0.607325 0.1432 0.0209417 0.663697 0.1432 0.0297831 0.666083 0.1432 0.0270254 0.659722 0.1432 -2.85766e-05 0.675032 0.1432 4.98567e-17 0.581 0.1432 3.2371e-07 0.574967 0.1432 -0.0142868 0.583384 0.1432 0.0456718 0.603789 0.1432 0.049352 0.629868 0.1432 0.0438497 0.621367 0.1432 0.049856 0.620865 0.1432 0.0495764 0.629758 0.1432 0.049816 0.629686 0.1432 0.00783502 0.674461 0.1432 0.0488293 0.630396 0.1432 0.0487213 0.630622 0.1432 0.00786108 0.575543 0.1432 0.0229016 0.669939 0.12433 0.0449574 0.644843 0.12435 0.0451072 0.644781 0.124502 0.0450702 0.644732 0.12422 0.0451055 0.644887 0.124276 0.0448258 0.645029 0.124413 0.0447345 0.645035 0.124257 0.0448236 0.645072 0.124489 0.0447941 0.644896 0.124594 0.0447038 0.645023 0.124424 0.0447738 0.644953 0.124165 0.0450481 0.644983 0.124131 0.0451106 0.645031 0.124146 0.0449589 0.645128 0.124177 0.0449682 0.64502 0.124095 0.0451221 0.645196 0.124594 0.044802 0.644871 0.124534 0.0448427 0.644837 0.124594 0.0449477 0.644764 0.124593 0.0451221 0.644716 0.124257 0.0448236 0.645072 0.124257 0.0445761 0.645669 0.124145 0.0447113 0.645725 0.124095 0.0448746 0.645793 0.124095 0.0451221 0.645196 0.124146 0.0449589 0.645128 0.124594 0.0444563 0.64562 0.124413 0.044487 0.645632 0.124594 0.0447038 0.645023 0.124413 0.0447345 0.645035 0.124594 0.044802 0.644871 0.127225 0.0447121 0.645027 0.124594 0.0447038 0.645023 0.124593 0.0451221 0.644716 0.127224 0.0451304 0.64472 0.127225 0.044956 0.644768 0.124594 0.0449477 0.644764 0.127225 0.0448103 0.644875 0.124592 0.0448746 0.646309 0.124435 0.0448627 0.646282 0.12443 0.0447993 0.646269 0.124594 0.0444563 0.64562 0.124594 0.0444182 0.645802 0.124516 0.0444291 0.64574 0.124594 0.0444498 0.645986 0.124465 0.0444595 0.645964 0.124396 0.0444587 0.645799 0.124185 0.0448564 0.646093 0.124151 0.0447927 0.646009 0.12431 0.0447132 0.646169 0.124123 0.0447482 0.645839 0.124226 0.0446533 0.646024 0.124295 0.0448564 0.646208 0.124115 0.0448627 0.64595 0.124095 0.0448746 0.645793 0.124188 0.0446271 0.645851 0.124145 0.0447113 0.645725 0.124257 0.0445761 0.645669 0.124334 0.0445382 0.646008 0.124419 0.0445977 0.646153 0.124282 0.0445271 0.645838 0.124593 0.0446951 0.646259 0.124413 0.044487 0.645632 0.124593 0.0445466 0.646146 0.127377 0.0450415 0.644761 0.127224 0.0451304 0.64472 0.12741 0.045118 0.644758 0.127721 0.0451304 0.6452 0.127671 0.0449677 0.645133 0.127673 0.0450501 0.645037 0.127563 0.0449601 0.644919 0.127569 0.0451137 0.644861 0.127406 0.0448992 0.644842 0.127561 0.0448328 0.645077 0.127384 0.0447796 0.644956 0.127405 0.0447436 0.64504 0.127225 0.0447121 0.645027 0.127225 0.0448103 0.644875 0.127225 0.044956 0.644768 0.127678 0.045118 0.645016 0.124593 0.0445466 0.646146 0.127224 0.0445549 0.64615 0.127223 0.0447034 0.646262 0.127223 0.0448828 0.646313 0.124592 0.0448746 0.646309 0.124593 0.0446951 0.646259 0.127225 0.0444265 0.645806 0.124594 0.0444182 0.645802 0.124594 0.0444563 0.64562 0.127225 0.0444581 0.64599 0.124594 0.0444498 0.645986 0.127225 0.0444646 0.645623 0.127405 0.0447436 0.64504 0.127225 0.0444646 0.645623 0.127225 0.0447121 0.645027 0.127721 0.0451304 0.6452 0.127671 0.0447202 0.645729 0.127671 0.0449677 0.645133 0.127561 0.0448328 0.645077 0.12756 0.0445852 0.645673 0.127405 0.0444961 0.645636 0.127721 0.0448828 0.645797 0.127362 0.0444534 0.645731 0.127498 0.0445091 0.64579 0.127302 0.0444342 0.645855 0.127491 0.0447292 0.646189 0.127413 0.0445993 0.646142 0.127602 0.0447128 0.646061 0.127223 0.0447034 0.646262 0.127355 0.0447835 0.646276 0.127224 0.0445549 0.64615 0.127676 0.0447363 0.64591 0.127721 0.0448828 0.645797 0.1277 0.0448709 0.645954 0.127631 0.0448647 0.646098 0.127223 0.0448828 0.646313 0.127225 0.0444581 0.64599 0.127225 0.0444265 0.645806 0.127405 0.0444961 0.645636 0.127225 0.0444646 0.645623 0.127317 0.0445022 0.646063 0.12738 0.0448709 0.646287 0.12752 0.0448647 0.646212 0.127529 0.0445822 0.64601 0.127426 0.0444862 0.645938 0.12756 0.0445852 0.645673 0.127606 0.0446067 0.645852 0.127671 0.0447202 0.645729 0.130766 0.0483546 0.6322 0.130832 0.0483671 0.631936 0.130794 0.0485396 0.632256 0.130548 0.048112 0.632 0.13057 0.048127 0.631892 0.13068 0.0482045 0.63211 0.130758 0.0482554 0.632018 0.130392 0.0480913 0.631885 0.130724 0.0482232 0.631909 0.130881 0.0485396 0.631967 0.130832 0.0483671 0.631936 0.130882 0.0486991 0.631089 0.130881 0.0485396 0.631967 0.130392 0.0480913 0.631885 0.130571 0.0482865 0.631014 0.13057 0.048127 0.631892 0.130724 0.0482232 0.631909 0.130724 0.0483827 0.631032 0.130833 0.0485266 0.631058 0.130392 0.0482508 0.631007 0.13068 0.0482045 0.63211 0.126579 0.0470735 0.637938 0.126448 0.046981 0.637828 0.126291 0.0469604 0.637713 0.130392 0.0480913 0.631885 0.130548 0.048112 0.632 0.126694 0.0474087 0.638084 0.126666 0.0472236 0.638028 0.130794 0.0485396 0.632256 0.130766 0.0483546 0.6322 0.130392 0.0482508 0.631007 0.130392 0.0483053 0.630855 0.130477 0.0482897 0.630907 0.130391 0.0484059 0.630727 0.130524 0.048426 0.630736 0.130593 0.0483494 0.63087 0.130702 0.0484299 0.630872 0.130386 0.0486991 0.630599 0.130573 0.0486864 0.630638 0.130389 0.0485419 0.630639 0.130792 0.0485227 0.630911 0.130651 0.0485199 0.630738 0.130855 0.0486178 0.630985 0.130841 0.0486864 0.630902 0.130882 0.0486991 0.631089 0.130833 0.0485266 0.631058 0.130724 0.0483827 0.631032 0.130733 0.0486819 0.630744 0.130571 0.0482865 0.631014 0.126615 0.0472868 0.638137 0.126694 0.0474087 0.638084 0.126582 0.0474036 0.6382 0.126429 0.0473165 0.638261 0.126281 0.0474087 0.638301 0.126284 0.0472484 0.638259 0.126389 0.0471189 0.63816 0.126287 0.0471105 0.638168 0.126289 0.0470101 0.638036 0.126559 0.0471113 0.638042 0.126507 0.0472 0.638172 0.126385 0.0470001 0.63799 0.126291 0.0469604 0.637713 0.126448 0.046981 0.637828 0.12629 0.0469581 0.637879 0.126579 0.0470735 0.637938 0.126666 0.0472236 0.638028 0.12644 0.0474036 0.638275 0.130389 0.0485419 0.630639 0.12723 0.0486455 0.630587 0.130386 0.0486991 0.630599 0.130392 0.0482508 0.631007 0.127236 0.0482496 0.630847 0.130392 0.0483053 0.630855 0.130391 0.0484059 0.630727 0.127235 0.0483523 0.630716 0.127233 0.0484924 0.630626 0.127236 0.0481972 0.630996 0.126289 0.0470101 0.638036 0.125555 0.0469976 0.638033 0.125557 0.0469457 0.637876 0.125557 0.0469479 0.637711 0.126291 0.0469604 0.637713 0.12629 0.0469581 0.637879 0.12555 0.047236 0.638257 0.126284 0.0472484 0.638259 0.126281 0.0474087 0.638301 0.125553 0.0470981 0.638165 0.126287 0.0471105 0.638168 0.125548 0.0473962 0.638298 0.126753 0.0482691 0.630686 0.12661 0.0482279 0.630766 0.126658 0.0482834 0.630601 0.126436 0.048367 0.630142 0.126612 0.0484398 0.630241 0.126464 0.0483427 0.630271 0.126512 0.0483205 0.630392 0.126649 0.0484174 0.63034 0.126259 0.0483608 0.630001 0.126272 0.0483316 0.630163 0.126844 0.0485177 0.630458 0.126791 0.0485359 0.63039 0.126827 0.0486934 0.630369 0.126592 0.0484644 0.630135 0.126703 0.0486106 0.630144 0.126719 0.0485826 0.630232 0.126577 0.0483006 0.630503 0.1267 0.0483976 0.630432 0.126484 0.048249 0.630638 0.127236 0.0482496 0.630847 0.127103 0.0482473 0.630839 0.127235 0.0483523 0.630716 0.12723 0.0486455 0.630587 0.127233 0.0484924 0.630626 0.127142 0.048487 0.63062 0.127236 0.0481972 0.630996 0.127077 0.0481969 0.630982 0.127125 0.0483484 0.63071 0.126859 0.0482581 0.630756 0.126756 0.048212 0.630868 0.127072 0.0486384 0.630562 0.126932 0.0486549 0.630485 0.126978 0.0484932 0.630564 0.126906 0.0485033 0.630516 0.126749 0.0485576 0.630314 0.1267 0.0486366 0.630051 0.126749 0.0488091 0.630083 0.126592 0.0484927 0.630025 0.126977 0.0482507 0.630807 0.126915 0.0482016 0.630941 0.127057 0.0484876 0.630599 0.127022 0.0483505 0.630684 0.126927 0.0483568 0.630641 0.126841 0.048367 0.630584 0.126765 0.0483807 0.630513 0.126766 0.0487472 0.63023 0.126383 0.0482743 0.630489 0.126313 0.0483023 0.630328 0.126438 0.0483965 0.630008 0.125548 0.0473962 0.638298 0.125356 0.0473827 0.638258 0.125479 0.0472563 0.63826 0.125253 0.0472545 0.638159 0.125373 0.0470569 0.638069 0.125408 0.0471497 0.638182 0.125101 0.0472197 0.63776 0.12522 0.0470705 0.637875 0.125101 0.0472804 0.637956 0.125051 0.0473962 0.637792 0.125374 0.0469789 0.637716 0.125214 0.0470739 0.637733 0.125425 0.0469554 0.637797 0.125557 0.0469457 0.637876 0.125557 0.0469479 0.637711 0.125555 0.0469976 0.638033 0.125379 0.0469895 0.637935 0.125553 0.0470981 0.638165 0.125213 0.047148 0.638029 0.125195 0.0473779 0.638148 0.125087 0.0473827 0.637984 0.12555 0.047236 0.638257 0.126592 0.0484927 0.630025 0.126592 0.0486724 0.629036 0.1267 0.0488163 0.629062 0.126749 0.0489888 0.629093 0.126749 0.0488091 0.630083 0.1267 0.0486366 0.630051 0.12626 0.0485405 0.629012 0.126438 0.0485762 0.629018 0.126259 0.0483608 0.630001 0.126438 0.0483965 0.630008 0.125214 0.0470739 0.637733 0.125217 0.0480274 0.632486 0.125383 0.0479299 0.632468 0.12556 0.0479012 0.632463 0.125557 0.0469479 0.637711 0.125374 0.0469789 0.637716 0.125053 0.0483495 0.632544 0.125101 0.0481793 0.632513 0.125051 0.0473962 0.637792 0.125101 0.0472197 0.63776 0.12626 0.0485405 0.629012 0.12626 0.048595 0.628859 0.126345 0.0485794 0.628911 0.126258 0.0486956 0.628731 0.126392 0.0487156 0.628741 0.126461 0.0486391 0.628874 0.12657 0.0487196 0.628876 0.126254 0.0489888 0.628603 0.126441 0.048976 0.628642 0.126256 0.0488316 0.628643 0.12666 0.0488123 0.628915 0.126519 0.0488095 0.628742 0.126722 0.0489075 0.628989 0.126708 0.048976 0.628907 0.126749 0.0489888 0.629093 0.1267 0.0488163 0.629062 0.126592 0.0486724 0.629036 0.1266 0.0489716 0.628748 0.126438 0.0485762 0.629018 0.125131 0.0480593 0.632061 0.125056 0.0480747 0.63198 0.12516 0.0480243 0.631866 0.124842 0.0484707 0.632146 0.124784 0.0483377 0.632067 0.124855 0.0483247 0.632107 0.125054 0.0482543 0.632356 0.125027 0.0483936 0.632392 0.125019 0.048274 0.632283 0.12482 0.0480569 0.63166 0.124875 0.0480982 0.631855 0.124772 0.0481057 0.631814 0.124628 0.048356 0.632019 0.1247 0.0484975 0.632076 0.124542 0.048513 0.632052 0.124954 0.0484349 0.632256 0.124974 0.0482925 0.632216 0.124545 0.0483528 0.632011 0.125153 0.0481031 0.632399 0.125217 0.0480274 0.632486 0.125101 0.0481793 0.632513 0.125127 0.0481233 0.632309 0.125077 0.0482336 0.632435 0.125409 0.047943 0.632329 0.125375 0.0479665 0.632198 0.125516 0.0479534 0.632171 0.125269 0.0480014 0.632362 0.125239 0.0480224 0.632253 0.125193 0.0480418 0.632153 0.125248 0.0480074 0.631965 0.125549 0.0479271 0.632319 0.12556 0.0479012 0.632463 0.12532 0.047988 0.632077 0.125457 0.047979 0.632025 0.124944 0.0480493 0.631712 0.124971 0.0480878 0.631911 0.125058 0.0480383 0.631781 0.124688 0.0480608 0.631628 0.124663 0.04811 0.631788 0.124918 0.0483095 0.632157 0.124547 0.0482149 0.631919 0.12455 0.0481145 0.631788 0.124641 0.0482145 0.631927 0.124551 0.0480625 0.63163 0.124552 0.0480647 0.631465 0.124708 0.0483482 0.632037 0.124732 0.0482087 0.631947 0.124697 0.0480653 0.631476 0.124819 0.0482 0.63198 0.124847 0.0480618 0.63151 0.124899 0.0481887 0.632026 0.124996 0.0480537 0.631569 0.124971 0.0481751 0.632083 0.125137 0.048041 0.631652 0.125264 0.0480238 0.631759 0.125034 0.0481596 0.632149 0.125372 0.0480029 0.631885 0.125087 0.0481422 0.632225 0.125053 0.0483495 0.632544 0.125383 0.0479299 0.632468 0.126256 0.0488316 0.628643 0.125556 0.0489769 0.6286 0.126254 0.0489888 0.628603 0.12626 0.0485405 0.629012 0.125561 0.0485831 0.628856 0.12626 0.048595 0.628859 0.126258 0.0486956 0.628731 0.12556 0.0486837 0.628729 0.125558 0.0488197 0.628641 0.125562 0.0485286 0.629009 0.124551 0.0480625 0.63163 0.124308 0.0480606 0.631464 0.124552 0.0480647 0.631465 0.124545 0.0483528 0.632011 0.124303 0.0482107 0.631918 0.124547 0.0482149 0.631919 0.12455 0.0481145 0.631788 0.124306 0.0481103 0.631787 0.124307 0.0480584 0.63163 0.124542 0.048513 0.632052 0.124298 0.0485089 0.632052 0.124301 0.0483486 0.63201 0.125383 0.048651 0.628808 0.125432 0.048567 0.628927 0.125225 0.0487038 0.628894 0.125055 0.0489769 0.62909 0.125097 0.048964 0.628902 0.125106 0.0488006 0.629058 0.125378 0.0485597 0.629015 0.125219 0.0486548 0.629032 0.125562 0.0485286 0.629009 0.125218 0.0488364 0.628776 0.125378 0.0487656 0.628706 0.125206 0.0489594 0.628744 0.125416 0.0488959 0.628634 0.125367 0.048964 0.628638 0.125556 0.0489769 0.6286 0.125558 0.0488197 0.628641 0.12556 0.0486837 0.628729 0.125561 0.0485831 0.628856 0.124298 0.0485089 0.632052 0.124106 0.0484954 0.632011 0.124229 0.048369 0.632013 0.124004 0.0483672 0.631912 0.124123 0.0481696 0.631823 0.124158 0.0482623 0.631935 0.123852 0.0483324 0.631513 0.12397 0.0481832 0.631628 0.123851 0.0483931 0.63171 0.123801 0.0485089 0.631545 0.124124 0.0480916 0.63147 0.123965 0.0481866 0.631487 0.124175 0.0480681 0.63155 0.124307 0.0480584 0.63163 0.124308 0.0480606 0.631464 0.124306 0.0481103 0.631787 0.124129 0.0481021 0.631689 0.124303 0.0482107 0.631918 0.123964 0.0482607 0.631782 0.123945 0.0484906 0.631901 0.123837 0.0484954 0.631737 0.124301 0.0483486 0.63201 0.125106 0.0488006 0.629058 0.125055 0.0487989 0.63007 0.125055 0.0489769 0.62909 0.125562 0.0485286 0.629009 0.125384 0.0483793 0.629994 0.125378 0.0485597 0.629015 0.125219 0.0486548 0.629032 0.125219 0.0484765 0.630012 0.125102 0.0486283 0.630039 0.125561 0.0483506 0.629989 0.123965 0.0481866 0.631487 0.123965 0.0482735 0.631008 0.124124 0.0481785 0.630991 0.124308 0.0481475 0.630986 0.124308 0.0480606 0.631464 0.124124 0.0480916 0.63147 0.123801 0.0485958 0.631067 0.123852 0.0484193 0.631035 0.123801 0.0485089 0.631545 0.123852 0.0483324 0.631513 0.125102 0.0485965 0.630131 0.125102 0.0486283 0.630039 0.125219 0.0484765 0.630012 0.124837 0.048215 0.630798 0.124955 0.0482267 0.630746 0.124901 0.0481675 0.630933 0.124789 0.0483144 0.630674 0.124577 0.0481521 0.630987 0.124577 0.0482066 0.630834 0.124737 0.0481572 0.630974 0.124685 0.0483078 0.6307 0.124711 0.048207 0.63083 0.125062 0.0482417 0.630677 0.12497 0.0483389 0.630573 0.125157 0.0482595 0.630591 0.1249 0.0484764 0.630505 0.124828 0.0484622 0.630553 0.124872 0.04863 0.630474 0.125015 0.0485158 0.630378 0.124976 0.0486763 0.630358 0.125057 0.0485402 0.630302 0.125238 0.0482799 0.630492 0.125335 0.0482304 0.630629 0.125218 0.048448 0.630122 0.125384 0.0483793 0.629994 0.125055 0.0487989 0.63007 0.12538 0.0483518 0.63013 0.125561 0.0483506 0.629989 0.125303 0.0483023 0.630381 0.125352 0.0483264 0.630259 0.125507 0.04829 0.630318 0.125037 0.048735 0.630219 0.124962 0.0484944 0.630446 0.125086 0.0485672 0.630219 0.124574 0.0484432 0.630618 0.124576 0.0483072 0.630706 0.124884 0.0483249 0.630631 0.124664 0.0484468 0.63061 0.124571 0.0486004 0.630578 0.125436 0.0482593 0.63048 0.125548 0.0483208 0.630152 0.125198 0.0484222 0.630228 0.125162 0.048398 0.630328 0.125111 0.0483758 0.63042 0.125046 0.048356 0.630502 0.124731 0.0486038 0.630552 0.12475 0.0484522 0.630589 0.125208 0.0482047 0.630758 0.12506 0.0481835 0.630861 0.12383 0.0485054 0.630966 0.123801 0.0485958 0.631067 0.123843 0.0485829 0.630879 0.123952 0.0485783 0.63072 0.123895 0.0484112 0.63089 0.124302 0.0485958 0.630577 0.124304 0.0484386 0.630617 0.124249 0.0484363 0.630621 0.124306 0.0483026 0.630705 0.124168 0.0483207 0.630713 0.124101 0.0482414 0.630846 0.124221 0.0481843 0.630883 0.124124 0.0481785 0.630991 0.124036 0.0484122 0.630715 0.124308 0.0481475 0.630986 0.124307 0.048202 0.630833 0.123965 0.0482735 0.631008 0.123988 0.0483199 0.630848 0.124113 0.0485829 0.630614 0.123852 0.0484193 0.631035 0.124306 0.0483026 0.630705 0.124576 0.0483072 0.630706 0.124577 0.0482066 0.630834 0.124577 0.0481521 0.630987 0.124308 0.0481475 0.630986 0.124307 0.048202 0.630833 0.124571 0.0486004 0.630578 0.124574 0.0484432 0.630618 0.124302 0.0485958 0.630577 0.124304 0.0484386 0.630617 0.126715 0.0480884 0.620993 0.126619 0.0480901 0.621076 0.126569 0.0480507 0.6209 0.126694 0.0485401 0.621635 0.126652 0.0483587 0.621556 0.126731 0.0485075 0.621439 0.126268 0.0480668 0.621338 0.12647 0.0480979 0.621282 0.12642 0.048104 0.6214 0.126606 0.0481953 0.621347 0.12666 0.0481903 0.621258 0.126703 0.0483397 0.62139 0.12709 0.0481925 0.620993 0.127018 0.0483333 0.621118 0.126987 0.0481882 0.621017 0.127 0.0484943 0.621173 0.126866 0.0483286 0.621196 0.126939 0.0483297 0.621151 0.127103 0.0483395 0.621098 0.127193 0.0483441 0.621091 0.127187 0.0485145 0.621138 0.126823 0.0480883 0.620925 0.126942 0.0480897 0.620875 0.126891 0.048186 0.621058 0.127068 0.0480928 0.620844 0.127042 0.0480544 0.620684 0.127203 0.0480593 0.62067 0.126804 0.0481856 0.621112 0.12634 0.0480595 0.621177 0.126537 0.0480933 0.621173 0.12639 0.0481114 0.621527 0.126227 0.0480755 0.621502 0.126441 0.048054 0.621028 0.126671 0.0483481 0.62147 0.126214 0.048085 0.621663 0.12639 0.0481236 0.621661 0.126544 0.0482104 0.621546 0.12654 0.0482218 0.621655 0.126646 0.0483669 0.621646 0.126567 0.048202 0.621443 0.126839 0.0484923 0.621278 0.126747 0.0483336 0.621317 0.126802 0.0483299 0.621252 0.126726 0.048187 0.62118 0.126717 0.0480497 0.620798 0.126878 0.048051 0.620725 0.127198 0.0482004 0.620989 0.127202 0.0481013 0.620842 0.127193 0.0483441 0.621091 0.128843 0.0485741 0.621135 0.127187 0.0485145 0.621138 0.127203 0.0480593 0.62067 0.128857 0.0481609 0.620839 0.127202 0.0481013 0.620842 0.127198 0.0482004 0.620989 0.128854 0.0482599 0.620985 0.128849 0.0484037 0.621088 0.128858 0.0481189 0.620667 0.12654 0.0482218 0.621655 0.12654 0.0483209 0.623258 0.126389 0.0482227 0.623264 0.126213 0.048184 0.623266 0.126214 0.048085 0.621663 0.12639 0.0481236 0.621661 0.126693 0.0486392 0.623238 0.126646 0.0484659 0.623249 0.126694 0.0485401 0.621635 0.126646 0.0483669 0.621646 0.128858 0.0481189 0.620667 0.129034 0.0481577 0.620665 0.128976 0.0481478 0.620741 0.129185 0.0482559 0.620659 0.129172 0.04827 0.620774 0.129021 0.0482056 0.620854 0.129158 0.0484826 0.620998 0.129186 0.0483665 0.620896 0.129292 0.0484777 0.620798 0.129338 0.0485741 0.620639 0.129299 0.0485611 0.620828 0.129033 0.048289 0.62096 0.129009 0.0483893 0.621048 0.129031 0.0485611 0.621095 0.128953 0.0484964 0.621108 0.128843 0.0485741 0.621135 0.128849 0.0484037 0.621088 0.128854 0.0482599 0.620985 0.129191 0.0485566 0.620988 0.128857 0.0481609 0.620839 0.129291 0.048401 0.62065 0.12656 0.0485494 0.623551 0.126605 0.048452 0.623406 0.126654 0.0486262 0.623427 0.126546 0.0486217 0.623587 0.126667 0.0485571 0.623344 0.126212 0.0482259 0.623438 0.12633 0.0483396 0.623574 0.126209 0.0483249 0.623584 0.126198 0.0486392 0.623734 0.126204 0.0484686 0.623687 0.126362 0.0485488 0.623688 0.126213 0.048184 0.623266 0.126291 0.0482141 0.623382 0.126389 0.0482227 0.623264 0.126406 0.0482711 0.623425 0.12654 0.0483209 0.623258 0.126515 0.0483533 0.623434 0.126456 0.0484349 0.623583 0.126646 0.0484659 0.623249 0.126386 0.0486262 0.623694 0.126693 0.0486392 0.623238 0.129291 0.048401 0.62065 0.129339 0.0485363 0.620028 0.129338 0.0485741 0.620639 0.128858 0.0481189 0.620667 0.129034 0.0481199 0.620054 0.129034 0.0481577 0.620665 0.129185 0.0482559 0.620659 0.129185 0.0482182 0.620048 0.129291 0.0483632 0.620039 0.128859 0.0480812 0.620056 0.126209 0.0483249 0.623584 0.125627 0.0483039 0.623586 0.12563 0.048205 0.623439 0.125631 0.0481631 0.623268 0.126213 0.048184 0.623266 0.126212 0.0482259 0.623438 0.125616 0.0486182 0.623735 0.125622 0.0484476 0.623688 0.126198 0.0486392 0.623734 0.126204 0.0484686 0.623687 0.128859 0.0480812 0.620056 0.128857 0.0481064 0.619866 0.128929 0.0480978 0.619926 0.128854 0.0482014 0.619699 0.128964 0.0482094 0.619713 0.129047 0.0481497 0.619876 0.129091 0.0483031 0.619692 0.128986 0.048416 0.619576 0.129196 0.0484212 0.619711 0.128841 0.0485363 0.619527 0.129032 0.048523 0.619567 0.129249 0.0483341 0.619874 0.129158 0.0482313 0.619858 0.129301 0.048523 0.619838 0.129312 0.0484474 0.619923 0.129339 0.0485363 0.620028 0.129291 0.0483632 0.620039 0.129185 0.0482182 0.620048 0.129193 0.0485184 0.619676 0.129034 0.0481199 0.620054 0.128848 0.0483521 0.61958 0.125297 0.0485116 0.623594 0.125425 0.048605 0.623697 0.125264 0.0486004 0.623589 0.125456 0.0484243 0.623648 0.125506 0.0485362 0.623709 0.125277 0.0483935 0.623492 0.125456 0.0482389 0.623452 0.125439 0.0483217 0.623559 0.125115 0.0486182 0.623239 0.125167 0.0484369 0.62325 0.125163 0.048504 0.623387 0.125631 0.0481631 0.623268 0.125505 0.0481841 0.623337 0.125445 0.0481919 0.623266 0.125296 0.048298 0.623368 0.12563 0.048205 0.623439 0.125627 0.0483039 0.623586 0.125155 0.0486051 0.623429 0.125282 0.0482877 0.62326 0.125622 0.0484476 0.623688 0.125616 0.0486182 0.623735 0.128848 0.0483521 0.61958 0.127201 0.0484773 0.61953 0.128841 0.0485363 0.619527 0.128859 0.0480812 0.620056 0.127217 0.048045 0.619876 0.128857 0.0481064 0.619866 0.128854 0.0482014 0.619699 0.127213 0.0481422 0.619702 0.127207 0.0482994 0.61958 0.127218 0.0480221 0.620059 0.125282 0.0482877 0.62326 0.125282 0.0481894 0.621667 0.125452 0.0480912 0.621673 0.125632 0.0480647 0.621675 0.125631 0.0481631 0.623268 0.125445 0.0481919 0.623266 0.125115 0.0485198 0.621647 0.125164 0.0483451 0.621657 0.125115 0.0486182 0.623239 0.125167 0.0484369 0.62325 0.127213 0.0481422 0.619702 0.127099 0.0480863 0.619764 0.127113 0.0481898 0.619642 0.126518 0.0480275 0.619288 0.126446 0.0479753 0.619457 0.126392 0.0479657 0.619334 0.126625 0.0480446 0.619485 0.126564 0.0480359 0.619391 0.126661 0.0481361 0.619332 0.12627 0.0479466 0.619392 0.126359 0.0479563 0.619203 0.126228 0.0479349 0.619227 0.126215 0.0479245 0.619066 0.126849 0.0481624 0.61954 0.126882 0.0480707 0.619696 0.126785 0.0480622 0.619639 0.126599 0.0481216 0.619153 0.126647 0.0482066 0.619048 0.12667 0.0482492 0.619132 0.126889 0.0482906 0.619471 0.12693 0.0481717 0.619587 0.126725 0.0482627 0.619289 0.126691 0.0482553 0.619214 0.127217 0.048045 0.619876 0.127201 0.0484773 0.61953 0.127207 0.0482994 0.61958 0.12712 0.0483231 0.61956 0.127079 0.0480277 0.619907 0.127218 0.0480221 0.620059 0.127046 0.0484532 0.619508 0.126987 0.0480788 0.619738 0.127019 0.0481809 0.619622 0.126776 0.0481533 0.619481 0.126699 0.0480534 0.619568 0.126793 0.0484085 0.619332 0.126825 0.0482805 0.619419 0.12677 0.0482711 0.619358 0.126622 0.0481285 0.619246 0.126518 0.0479849 0.619569 0.126541 0.0480615 0.619057 0.127038 0.0483121 0.619543 0.127056 0.0480155 0.620046 0.126946 0.0480205 0.619875 0.126906 0.04843 0.61944 0.12696 0.0483012 0.619512 0.12689 0.0480069 0.620005 0.126821 0.0480125 0.619824 0.126727 0.0479966 0.619933 0.126707 0.0480037 0.619754 0.126577 0.0479849 0.619831 0.126605 0.0479945 0.619669 0.126713 0.0481445 0.619411 0.126447 0.0479722 0.619702 0.12672 0.0483905 0.619193 0.126343 0.0479592 0.619553 0.126695 0.0483797 0.619038 0.12649 0.0480196 0.619177 0.126391 0.0479632 0.619063 0.125062 0.048083 0.621077 0.124913 0.0481749 0.62111 0.124968 0.0480752 0.621016 0.124873 0.0482992 0.621172 0.124942 0.0483065 0.621217 0.124919 0.0484357 0.62124 0.125128 0.0483507 0.621486 0.125097 0.0483378 0.621408 0.125205 0.0482218 0.62147 0.12478 0.0484242 0.621167 0.124623 0.0484222 0.621143 0.124715 0.0482902 0.621118 0.125632 0.0480647 0.621675 0.125482 0.0480699 0.621535 0.125619 0.0480542 0.621513 0.125062 0.0481908 0.621225 0.125146 0.0480915 0.621152 0.125217 0.0481007 0.621238 0.125115 0.0485198 0.621647 0.125145 0.0483644 0.621569 0.125164 0.0483451 0.621657 0.125225 0.0482333 0.621565 0.125275 0.0481103 0.621335 0.125122 0.0482003 0.621298 0.125399 0.0480501 0.621277 0.12545 0.0480601 0.621402 0.124992 0.0481822 0.621162 0.12517 0.0482107 0.62138 0.125317 0.0481203 0.62144 0.124797 0.0482937 0.621139 0.124826 0.0481689 0.621072 0.124865 0.0480685 0.620971 0.124732 0.0481646 0.621048 0.124754 0.048063 0.620943 0.124634 0.0481079 0.620993 0.124638 0.0480089 0.620847 0.124639 0.0479671 0.620675 0.124777 0.0479982 0.620816 0.124909 0.048005 0.620849 0.124629 0.0482516 0.621096 0.124799 0.0479737 0.620688 0.124964 0.0479822 0.62073 0.125031 0.0480127 0.620902 0.125055 0.0483261 0.621336 0.125028 0.0484583 0.621353 0.125003 0.0483156 0.621272 0.125125 0.0479924 0.620802 0.125143 0.0480213 0.620974 0.125274 0.0480042 0.620905 0.125243 0.0480305 0.621061 0.125403 0.0480168 0.621034 0.125329 0.0480402 0.621163 0.125094 0.048488 0.621493 0.125505 0.0480298 0.621184 0.125577 0.0480424 0.621347 0.125282 0.0481894 0.621667 0.125342 0.0481303 0.621553 0.125452 0.0480912 0.621673 0.126647 0.0482066 0.619048 0.126695 0.0482809 0.617439 0.126695 0.0483797 0.619038 0.126215 0.0479245 0.619066 0.126391 0.0478644 0.617464 0.126391 0.0479632 0.619063 0.126541 0.0480615 0.619057 0.126542 0.0479627 0.617458 0.126648 0.0481078 0.61745 0.126215 0.0478257 0.617467 0.124634 0.0481079 0.620993 0.122976 0.0480482 0.620996 0.122979 0.0479492 0.62085 0.12298 0.0479074 0.620678 0.124639 0.0479671 0.620675 0.124638 0.0480089 0.620847 0.122965 0.0483625 0.621146 0.122971 0.0481919 0.621099 0.124623 0.0484222 0.621143 0.124629 0.0482516 0.621096 0.126215 0.0478257 0.617467 0.126214 0.0478509 0.617276 0.126286 0.0478424 0.617337 0.12621 0.0479459 0.61711 0.12632 0.0479539 0.617124 0.126404 0.0478943 0.617287 0.126447 0.0480476 0.617103 0.126343 0.0481606 0.616987 0.126552 0.0481658 0.617122 0.126198 0.0482809 0.616938 0.126388 0.0482676 0.616977 0.126606 0.0480786 0.617285 0.126514 0.0479758 0.617269 0.126657 0.0482676 0.617248 0.126669 0.048192 0.617334 0.126695 0.0482809 0.617439 0.126648 0.0481078 0.61745 0.126542 0.0479627 0.617458 0.12655 0.0482629 0.617086 0.126391 0.0478644 0.617464 0.126205 0.0480966 0.616991 0.122646 0.0482559 0.621004 0.122775 0.0483493 0.621108 0.122613 0.0483447 0.621 0.122805 0.0481686 0.621059 0.122855 0.0482805 0.621119 0.122626 0.0481377 0.620902 0.122805 0.0479831 0.620863 0.122788 0.048066 0.62097 0.122464 0.0483625 0.62065 0.122516 0.0481812 0.620661 0.122512 0.0482483 0.620798 0.12298 0.0479074 0.620678 0.122854 0.0479283 0.620748 0.122794 0.0479362 0.620677 0.122645 0.0480422 0.620779 0.122979 0.0479492 0.62085 0.122976 0.0480482 0.620996 0.122504 0.0483493 0.620839 0.122631 0.048032 0.620671 0.122971 0.0481919 0.621099 0.122965 0.0483625 0.621146 0.126205 0.0480966 0.616991 0.125616 0.0482599 0.616939 0.126198 0.0482809 0.616938 0.126215 0.0478257 0.617467 0.125632 0.0478299 0.617277 0.126214 0.0478509 0.617276 0.12621 0.0479459 0.61711 0.125628 0.0479249 0.617111 0.125622 0.0480757 0.616992 0.125633 0.0478048 0.617468 0.122631 0.048032 0.620671 0.122631 0.0479942 0.620059 0.122794 0.0478984 0.620065 0.12298 0.0478696 0.620067 0.12298 0.0479074 0.620678 0.122794 0.0479362 0.620677 0.122464 0.0483247 0.620039 0.122516 0.0481434 0.62005 0.122464 0.0483625 0.62065 0.122516 0.0481812 0.620661 0.125633 0.0478048 0.617468 0.125446 0.0478337 0.617466 0.125502 0.0478187 0.61739 0.125284 0.0479296 0.61746 0.125294 0.0479344 0.617335 0.125454 0.0478637 0.617262 0.12528 0.0480222 0.617195 0.125166 0.048145 0.617285 0.125309 0.0481362 0.617079 0.125117 0.0482599 0.61744 0.125155 0.0482466 0.617249 0.125468 0.0480393 0.617039 0.125442 0.0479401 0.61714 0.125425 0.0482466 0.616978 0.125528 0.0481501 0.616969 0.125616 0.0482599 0.616939 0.125622 0.0480757 0.616992 0.125628 0.0479249 0.617111 0.125264 0.0482419 0.617087 0.125632 0.0478299 0.617277 0.125169 0.0480788 0.617451 0.122606 0.0481999 0.619729 0.122503 0.0483114 0.619848 0.122611 0.0483067 0.619686 0.122561 0.048107 0.619892 0.122493 0.04822 0.619947 0.122979 0.0478947 0.619877 0.122856 0.0479948 0.619721 0.122975 0.0479896 0.61971 0.12266 0.0480061 0.61987 0.12298 0.0478696 0.620067 0.122905 0.0478821 0.619934 0.122794 0.0478984 0.620065 0.122779 0.0479283 0.619885 0.122631 0.0479942 0.620059 0.122814 0.0482043 0.619588 0.122772 0.0483114 0.619577 0.122719 0.0480841 0.619704 0.122963 0.0483247 0.619538 0.12297 0.0481403 0.619591 0.122516 0.0481434 0.62005 0.122464 0.0483247 0.620039 0.125169 0.0480788 0.617451 0.125116 0.0483586 0.619037 0.125117 0.0482599 0.61744 0.125633 0.0478048 0.617468 0.125453 0.04793 0.619063 0.125446 0.0478337 0.617466 0.125284 0.0479296 0.61746 0.125283 0.0480282 0.619057 0.125165 0.0481835 0.619047 0.125632 0.0479034 0.619065 0.122975 0.0479896 0.61971 0.124628 0.0480491 0.619707 0.124632 0.0479519 0.619881 0.124633 0.0479291 0.620064 0.12298 0.0478696 0.620067 0.122979 0.0478947 0.619877 0.124615 0.0483842 0.619535 0.124622 0.0482067 0.619585 0.122963 0.0483247 0.619538 0.12297 0.0481403 0.619591 0.125047 0.0482312 0.619355 0.125078 0.0483657 0.619228 0.125091 0.0482281 0.619286 0.125116 0.0483586 0.619037 0.125143 0.0482213 0.61913 0.12497 0.0483727 0.61939 0.124994 0.0482339 0.619417 0.124786 0.0482397 0.619544 0.124862 0.0482382 0.619512 0.124814 0.0481068 0.619622 0.124722 0.0481065 0.619644 0.124705 0.0482406 0.619563 0.125052 0.048004 0.619637 0.125051 0.048103 0.619477 0.125137 0.0480022 0.619566 0.124622 0.0482067 0.619585 0.124628 0.0480491 0.619707 0.125024 0.0479484 0.619825 0.124901 0.0479474 0.619878 0.124958 0.0480047 0.619696 0.124633 0.0479291 0.620064 0.12477 0.0479448 0.619911 0.124794 0.0479341 0.620051 0.12496 0.0479375 0.620009 0.125209 0.0479995 0.619482 0.125112 0.0481003 0.619407 0.12498 0.048105 0.619537 0.125269 0.0479957 0.619388 0.125199 0.0480932 0.619243 0.125313 0.047991 0.619285 0.125162 0.048097 0.619329 0.125123 0.0482248 0.619211 0.125222 0.0480888 0.619151 0.12534 0.0479854 0.619176 0.125283 0.0480282 0.619057 0.125453 0.04793 0.619063 0.125632 0.0479034 0.619065 0.125481 0.0479262 0.619202 0.125165 0.0481835 0.619047 0.125619 0.0479129 0.619226 0.125448 0.0479331 0.619333 0.125577 0.0479216 0.619391 0.125395 0.0479387 0.619456 0.125505 0.047929 0.619553 0.125325 0.0479432 0.619568 0.124807 0.0483797 0.619498 0.124932 0.0482362 0.619469 0.125402 0.0479345 0.619702 0.125238 0.0479463 0.619669 0.125272 0.0479378 0.619832 0.125137 0.0479481 0.619755 0.124901 0.0481063 0.619586 0.125122 0.0479388 0.619936 0.124855 0.0480043 0.619739 0.124615 0.0483842 0.619535 0.124745 0.0480027 0.619766 0.124632 0.0479519 0.619881 0.124551 0.0495155 0.621659 0.124738 0.0494872 0.621661 0.124731 0.049589 0.623267 0.1249 0.0494907 0.623271 0.124901 0.0493916 0.621669 0.124551 0.0496153 0.623266 0.125019 0.0493348 0.623279 0.125016 0.0492425 0.62168 0.125068 0.0491598 0.623287 0.125068 0.0490609 0.621694 0.124981 0.0494524 0.623468 0.125057 0.0493235 0.62345 0.125088 0.0493336 0.623527 0.12537 0.0492311 0.623751 0.125562 0.0492339 0.623789 0.125471 0.0493684 0.623814 0.125124 0.0495823 0.623861 0.125194 0.0494825 0.623774 0.125274 0.049488 0.623825 0.125244 0.0493571 0.623716 0.125124 0.0494762 0.623711 0.12496 0.0494432 0.623373 0.125039 0.0493123 0.623367 0.125041 0.0495758 0.623787 0.124969 0.049569 0.623701 0.125019 0.0493348 0.623279 0.1249 0.0494907 0.623271 0.124788 0.049622 0.623663 0.124736 0.0496146 0.623539 0.124911 0.0495617 0.623604 0.124551 0.0496153 0.623266 0.124704 0.0496072 0.623406 0.124565 0.0496241 0.623444 0.125064 0.049469 0.623638 0.125551 0.0495539 0.623944 0.125548 0.0496521 0.624096 0.125433 0.0495979 0.623994 0.124609 0.0496329 0.623612 0.125322 0.0495934 0.623967 0.125219 0.0495881 0.623922 0.125361 0.0494924 0.623863 0.125103 0.049192 0.623478 0.12513 0.0493427 0.623598 0.125389 0.0493661 0.623794 0.125454 0.0494957 0.623886 0.125547 0.0496898 0.624273 0.125409 0.0496616 0.624125 0.125556 0.0494081 0.623837 0.12537 0.0496832 0.624258 0.125278 0.049656 0.624092 0.125208 0.0492169 0.623641 0.125204 0.0496761 0.624215 0.125155 0.0496499 0.624039 0.125313 0.0493623 0.623761 0.125051 0.0496683 0.624142 0.125043 0.0496433 0.623967 0.125182 0.0493505 0.623662 0.124909 0.0496599 0.62404 0.124943 0.0496364 0.623879 0.124782 0.0496509 0.623911 0.124858 0.0496293 0.623778 0.125016 0.0494611 0.623556 0.12468 0.0496418 0.623767 0.124869 0.0495541 0.623499 0.125068 0.0491598 0.623287 0.124843 0.0495464 0.623387 0.124731 0.049589 0.623267 0.124908 0.0491575 0.621355 0.124793 0.0493076 0.621356 0.124673 0.0492173 0.62125 0.124561 0.04923 0.621244 0.124568 0.0490609 0.621199 0.124758 0.0490741 0.621237 0.124738 0.0494872 0.621661 0.124714 0.0494682 0.621536 0.124873 0.0493687 0.62151 0.124901 0.0493916 0.621669 0.124551 0.0495155 0.621659 0.124919 0.0490788 0.621344 0.124556 0.049373 0.621345 0.124988 0.0492191 0.62151 0.125028 0.0490741 0.621505 0.125068 0.0490609 0.621694 0.124647 0.0494162 0.621405 0.124552 0.0494726 0.621489 0.125016 0.0492425 0.62168 0.125551 0.0495539 0.623944 0.125556 0.0494081 0.623837 0.126246 0.0494261 0.623833 0.126252 0.0492575 0.623788 0.125562 0.0492339 0.623789 0.126241 0.0495775 0.623943 0.125548 0.0496521 0.624096 0.126238 0.0496781 0.6241 0.125547 0.0496898 0.624273 0.126237 0.0497136 0.624272 0.122893 0.0494066 0.621496 0.124552 0.0494726 0.621489 0.122891 0.0494486 0.62166 0.124568 0.0490609 0.621199 0.124561 0.04923 0.621244 0.12291 0.0489937 0.621201 0.124551 0.0495155 0.621659 0.124556 0.049373 0.621345 0.122897 0.0493051 0.621347 0.122903 0.0491573 0.621244 0.126723 0.0496912 0.623942 0.126819 0.0496917 0.623859 0.126874 0.0497278 0.624039 0.127171 0.0497229 0.623616 0.126969 0.0496888 0.623653 0.127018 0.0496854 0.623535 0.126414 0.049719 0.624257 0.126371 0.049683 0.624091 0.126497 0.0496868 0.62406 0.126712 0.0492791 0.623479 0.126747 0.0492548 0.623292 0.126788 0.049433 0.623374 0.126246 0.0494261 0.623833 0.126335 0.049435 0.623828 0.126241 0.0495775 0.623943 0.126572 0.04945 0.623731 0.1265 0.049447 0.623776 0.126447 0.04928 0.623749 0.126252 0.0492575 0.623788 0.126349 0.0495838 0.623937 0.12642 0.049442 0.623809 0.126615 0.0496896 0.62401 0.126547 0.0495923 0.623873 0.126237 0.0497136 0.624272 0.126634 0.0495944 0.623818 0.126451 0.0495888 0.623913 0.1271 0.0497262 0.62377 0.126902 0.0496909 0.623762 0.126778 0.049594 0.623673 0.126736 0.0494465 0.623539 0.126832 0.0495914 0.623585 0.127214 0.0497176 0.62345 0.127049 0.0496807 0.623408 0.127 0.0497279 0.623912 0.126895 0.0495814 0.623387 0.126901 0.0495737 0.623278 0.126769 0.0494409 0.623459 0.127229 0.0497105 0.623273 0.127058 0.0496744 0.623274 0.126792 0.0494228 0.623285 0.126872 0.0495873 0.623489 0.126608 0.0492871 0.62364 0.126692 0.0494498 0.623611 0.126636 0.0494509 0.623676 0.126712 0.0495949 0.623751 0.126732 0.0497262 0.624141 0.126579 0.0497233 0.624214 0.126238 0.0496781 0.6241 0.122903 0.0491573 0.621244 0.122897 0.0493051 0.621347 0.122799 0.0492462 0.621292 0.122258 0.0492841 0.620994 0.122134 0.0493449 0.621049 0.122084 0.0493308 0.620924 0.122371 0.0490384 0.620677 0.12239 0.0490228 0.620767 0.12231 0.0491532 0.620767 0.12241 0.0491981 0.621036 0.122314 0.0492973 0.621093 0.122506 0.0489412 0.620987 0.122528 0.0490877 0.621067 0.122477 0.0490738 0.621002 0.1219 0.0493166 0.620648 0.122053 0.0493165 0.62079 0.121911 0.0493325 0.62081 0.122329 0.049169 0.620862 0.122406 0.0490411 0.620851 0.122436 0.0490582 0.62093 0.122288 0.0493716 0.621268 0.122468 0.0493211 0.621256 0.122387 0.0493837 0.621357 0.122777 0.0493472 0.621394 0.122753 0.049413 0.621518 0.122621 0.0494047 0.621484 0.122665 0.0493401 0.621365 0.122498 0.0493948 0.621429 0.122817 0.0491223 0.621224 0.12291 0.0489937 0.621201 0.122893 0.0494066 0.621496 0.122891 0.0494486 0.62166 0.122385 0.0493097 0.62118 0.122203 0.0493586 0.621165 0.122752 0.0489879 0.621176 0.122704 0.0492402 0.621267 0.122562 0.0493313 0.621319 0.122617 0.0492322 0.621228 0.121945 0.0493482 0.620963 0.12242 0.048863 0.620694 0.122734 0.0491172 0.621203 0.122731 0.0494404 0.621648 0.122581 0.0494312 0.621613 0.122613 0.0489702 0.621102 0.122658 0.0491096 0.621169 0.12244 0.0494205 0.621553 0.122589 0.0490997 0.621123 0.122538 0.0492224 0.621175 0.122309 0.0494081 0.62147 0.122469 0.049211 0.621111 0.122188 0.0493939 0.621363 0.122084 0.0493788 0.621239 0.12244 0.0489041 0.620847 0.122363 0.0491841 0.620953 0.122003 0.0493636 0.621106 0.122216 0.0492702 0.620888 0.122252 0.0491938 0.620661 0.122192 0.0492559 0.620775 0.122081 0.0492913 0.620651 0.126901 0.0495737 0.623278 0.126792 0.0494228 0.623285 0.126796 0.0493329 0.621676 0.126748 0.0491598 0.621689 0.126747 0.0492548 0.623292 0.126902 0.049478 0.621665 0.127058 0.0496744 0.623274 0.127053 0.0495761 0.621658 0.127229 0.0497105 0.623273 0.127229 0.0496146 0.621655 0.121903 0.0492442 0.619946 0.122083 0.0492191 0.61995 0.122081 0.0492913 0.620651 0.122252 0.0491938 0.620661 0.122254 0.0491217 0.619961 0.1219 0.0493166 0.620648 0.122371 0.0490384 0.620677 0.122374 0.0489665 0.619979 0.12242 0.048863 0.620694 0.122423 0.0487912 0.619998 0.127244 0.0491598 0.621194 0.127238 0.0493238 0.621237 0.127138 0.0493226 0.621249 0.126931 0.0494575 0.621507 0.126902 0.049478 0.621665 0.126826 0.0493118 0.621504 0.127055 0.0491728 0.621233 0.126911 0.049256 0.621348 0.127233 0.0494718 0.621341 0.126796 0.0493329 0.621676 0.126748 0.0491598 0.621689 0.126787 0.0491728 0.621501 0.127147 0.049513 0.621404 0.127014 0.049403 0.621355 0.12723 0.0495735 0.62149 0.127229 0.0496146 0.621655 0.127077 0.0495592 0.621533 0.127053 0.0495761 0.621658 0.126895 0.0491773 0.621341 0.122254 0.0491217 0.619961 0.122201 0.0491565 0.61984 0.12232 0.0490534 0.619871 0.12264 0.0491608 0.619138 0.122586 0.0491092 0.619327 0.122517 0.0491619 0.61919 0.122758 0.0488682 0.619493 0.122821 0.049004 0.619387 0.122838 0.0488662 0.619474 0.122492 0.0491129 0.619384 0.122565 0.0490115 0.619491 0.122644 0.0490072 0.619444 0.122688 0.0491077 0.619284 0.122407 0.0491184 0.619455 0.122494 0.0490174 0.61955 0.122907 0.0491709 0.618943 0.122771 0.0491624 0.619106 0.122728 0.0491648 0.618958 0.122334 0.0491257 0.619537 0.122432 0.0490247 0.619618 0.122497 0.0488921 0.619677 0.122374 0.0489665 0.619979 0.122463 0.048765 0.619808 0.122423 0.0487912 0.619998 0.122398 0.0489208 0.619898 0.122083 0.0492191 0.61995 0.121903 0.0492442 0.619946 0.122059 0.049215 0.619811 0.122275 0.0491346 0.61963 0.122344 0.0490429 0.61978 0.12223 0.0491449 0.619731 0.122683 0.048872 0.619523 0.122736 0.0487253 0.619541 0.122613 0.0488774 0.619565 0.122915 0.0490091 0.619378 0.122921 0.0488742 0.619464 0.12273 0.0490047 0.619409 0.122928 0.0487189 0.619504 0.122382 0.0490333 0.619695 0.122419 0.0489106 0.619818 0.121918 0.0492251 0.619768 0.122093 0.0492016 0.61968 0.122573 0.0487414 0.619648 0.121962 0.0492081 0.619601 0.122146 0.0491898 0.619557 0.122452 0.0489009 0.619744 0.122035 0.0491934 0.619447 0.122217 0.0491797 0.619446 0.122551 0.0488841 0.619617 0.122136 0.049181 0.619304 0.122304 0.0491716 0.619346 0.122264 0.0491712 0.619177 0.122405 0.0491656 0.61926 0.122407 0.049165 0.619074 0.122562 0.0491629 0.619002 0.122797 0.0491084 0.619258 0.12291 0.0491098 0.619253 0.122908 0.049166 0.619103 0.127238 0.0493238 0.621237 0.128899 0.0492146 0.62119 0.128893 0.0493787 0.621234 0.127244 0.0491598 0.621194 0.127233 0.0494718 0.621341 0.128889 0.0495269 0.621337 0.12723 0.0495735 0.62149 0.128886 0.0496286 0.621487 0.127229 0.0496146 0.621655 0.128885 0.0496695 0.621652 0.12291 0.0491098 0.619253 0.124563 0.0491799 0.619249 0.122915 0.0490091 0.619378 0.122928 0.0487189 0.619504 0.122921 0.0488742 0.619464 0.12458 0.0487897 0.6195 0.12456 0.0492423 0.618939 0.12456 0.0492359 0.619099 0.122908 0.049166 0.619103 0.122907 0.0491709 0.618943 0.124567 0.0490794 0.619374 0.124573 0.0489447 0.61946 0.128889 0.0495269 0.621337 0.128893 0.0493787 0.621234 0.128998 0.0495326 0.621331 0.129339 0.0493839 0.621006 0.12948 0.0495186 0.620972 0.129427 0.0495263 0.621061 0.129647 0.049666 0.621291 0.129468 0.0496292 0.621241 0.12955 0.0496236 0.621143 0.129432 0.0493494 0.620766 0.129354 0.0492072 0.620886 0.12939 0.0491649 0.620691 0.12902 0.0496328 0.621477 0.129147 0.0496348 0.621446 0.129062 0.049674 0.621638 0.129817 0.0496472 0.620994 0.129616 0.0496162 0.621033 0.129664 0.049607 0.620914 0.128899 0.0492146 0.62119 0.128984 0.0493869 0.621228 0.128885 0.0496695 0.621652 0.129372 0.049633 0.621326 0.129265 0.0496349 0.621394 0.129197 0.0495367 0.621265 0.129101 0.0495358 0.621306 0.129284 0.0495354 0.621209 0.129221 0.0493935 0.621128 0.129149 0.0493942 0.621174 0.129087 0.0492323 0.621154 0.129694 0.0495961 0.620786 0.129859 0.0496344 0.620827 0.129746 0.0496577 0.621148 0.129544 0.0494832 0.620662 0.129702 0.0495835 0.620653 0.12954 0.049497 0.620771 0.129414 0.0493636 0.620852 0.129873 0.0496191 0.620649 0.129435 0.0493326 0.620676 0.129518 0.0495088 0.620874 0.129247 0.0492295 0.621048 0.129383 0.0493751 0.620932 0.129285 0.0493901 0.621072 0.129361 0.0495319 0.621141 0.129521 0.049672 0.621418 0.12938 0.0496754 0.621521 0.129069 0.049392 0.621208 0.129227 0.049676 0.621594 0.128886 0.0496286 0.621487 0.12504 0.0488029 0.619189 0.124965 0.048984 0.619214 0.125044 0.0488991 0.619108 0.12503 0.0489642 0.618977 0.125078 0.0487896 0.618999 0.12491 0.0491189 0.618957 0.124931 0.049089 0.619099 0.12456 0.0492359 0.619099 0.124653 0.0492336 0.619085 0.124684 0.0491778 0.619231 0.124767 0.049208 0.619041 0.12474 0.0492162 0.618944 0.12456 0.0492423 0.618939 0.124848 0.0490456 0.619299 0.124849 0.0489133 0.619389 0.124932 0.0488076 0.619352 0.12477 0.0488029 0.61946 0.12458 0.0487897 0.6195 0.124712 0.048944 0.619441 0.124563 0.0491799 0.619249 0.124567 0.0490794 0.619374 0.124704 0.0490778 0.619354 0.12482 0.0491473 0.619179 0.124573 0.0489447 0.61946 0.129544 0.0494832 0.620662 0.129435 0.0493326 0.620676 0.129433 0.0492638 0.619962 0.129388 0.0490964 0.619979 0.12939 0.0491649 0.620691 0.129542 0.0494142 0.619946 0.129702 0.0495835 0.620653 0.129699 0.0495143 0.619935 0.129873 0.0496191 0.620649 0.12987 0.0495499 0.619931 0.12457 0.0490187 0.617339 0.12474 0.0492162 0.618944 0.12456 0.0492423 0.618939 0.124751 0.0489935 0.617344 0.12491 0.0491189 0.618957 0.124922 0.0488967 0.617361 0.12503 0.0489642 0.618977 0.125041 0.0487426 0.617385 0.125078 0.0487896 0.618999 0.12509 0.0485686 0.617413 0.129417 0.0493212 0.619674 0.129452 0.0494077 0.619517 0.129514 0.0494214 0.619609 0.128878 0.0489522 0.619491 0.128957 0.0491104 0.619459 0.129033 0.0489777 0.619513 0.129089 0.0493598 0.619268 0.129131 0.0494149 0.619124 0.129193 0.0493702 0.619309 0.129056 0.0492573 0.619392 0.129144 0.0492688 0.619425 0.128873 0.0490991 0.619455 0.129389 0.0492073 0.619798 0.129354 0.049194 0.619723 0.129433 0.0492638 0.619962 0.129411 0.0492197 0.619879 0.129482 0.0493469 0.619852 0.129542 0.0494142 0.619946 0.129457 0.0493343 0.619759 0.129721 0.0495115 0.619794 0.129687 0.0494961 0.619662 0.129822 0.0495153 0.619618 0.12959 0.0494487 0.619823 0.129561 0.0494351 0.619712 0.129632 0.0494807 0.619539 0.129763 0.0494979 0.619476 0.129858 0.0495327 0.619769 0.12987 0.0495499 0.619931 0.1293 0.0492944 0.619528 0.12929 0.0493818 0.619365 0.129377 0.0493944 0.619435 0.129364 0.0493078 0.619596 0.129116 0.0491366 0.619505 0.129039 0.049123 0.619476 0.128862 0.0494 0.619084 0.128978 0.0493511 0.619244 0.128864 0.0493443 0.619238 0.128868 0.0492382 0.619368 0.128964 0.0492469 0.619372 0.128861 0.0494046 0.618932 0.128999 0.0494063 0.619093 0.129024 0.0494115 0.618944 0.129174 0.0490062 0.61958 0.129255 0.0494255 0.619175 0.129176 0.0494209 0.618979 0.129308 0.0491799 0.619655 0.129287 0.0490374 0.619688 0.129252 0.0491654 0.619596 0.129188 0.0491508 0.619545 0.129226 0.0492813 0.619471 0.129319 0.0494326 0.619037 0.129369 0.0494377 0.619244 0.129471 0.0494512 0.619328 0.129451 0.0494467 0.619118 0.12956 0.0494656 0.619428 0.129574 0.049463 0.619223 0.129361 0.0490695 0.619825 0.12968 0.0494804 0.619345 0.129388 0.0490964 0.619979 0.129699 0.0495143 0.619935 0.125041 0.0487426 0.617385 0.124922 0.0488967 0.617361 0.124988 0.0488227 0.617274 0.125361 0.0488476 0.61669 0.12547 0.0488467 0.616664 0.125403 0.0487444 0.616821 0.125165 0.0488583 0.616788 0.125259 0.0488515 0.616732 0.125238 0.0487569 0.616901 0.125317 0.0487494 0.616855 0.12519 0.0489013 0.61659 0.125266 0.0488936 0.616387 0.125312 0.0488975 0.616538 0.12551 0.0486015 0.616891 0.12543 0.0486054 0.616909 0.125493 0.0487421 0.6168 0.125579 0.0488987 0.61634 0.125443 0.0488973 0.616506 0.125417 0.048894 0.616352 0.124975 0.0489184 0.616744 0.125006 0.0488791 0.616938 0.124888 0.0489312 0.616843 0.125302 0.0484748 0.617016 0.125222 0.0486319 0.61703 0.125285 0.0486209 0.61698 0.124763 0.0489638 0.617075 0.12487 0.0489253 0.617238 0.124728 0.0489832 0.617205 0.12519 0.0485015 0.617124 0.125123 0.0486588 0.617155 0.125168 0.0486446 0.617089 0.124751 0.0489935 0.617344 0.125066 0.0486907 0.617307 0.12509 0.0485686 0.617413 0.12457 0.0490187 0.617339 0.1249 0.0489082 0.61713 0.124817 0.0489464 0.616954 0.125117 0.0485335 0.617261 0.125077 0.0489083 0.616659 0.12508 0.0488675 0.616857 0.125355 0.048612 0.616939 0.125124 0.0488976 0.616446 0.125592 0.0486092 0.616881 0.125599 0.0484499 0.616922 0.125586 0.0487465 0.616791 0.124946 0.0488927 0.61703 0.125088 0.0486743 0.617228 0.125014 0.0488066 0.617184 0.124583 0.0489943 0.617178 0.12462 0.048972 0.617028 0.125053 0.0487917 0.6171 0.124679 0.0489518 0.616886 0.125105 0.0487783 0.617025 0.124762 0.0489339 0.616755 0.125167 0.0487666 0.616958 0.124868 0.0489183 0.616634 0.124991 0.0489059 0.616528 0.125443 0.048457 0.616946 0.125582 0.0488469 0.61666 0.125579 0.0488996 0.616504 0.127227 0.0491835 0.619368 0.128868 0.0492382 0.619368 0.127232 0.0490489 0.619455 0.128873 0.0490991 0.619455 0.127238 0.048894 0.619494 0.128878 0.0489522 0.619491 0.128864 0.0493443 0.619238 0.127223 0.0492841 0.619244 0.12722 0.0493402 0.619094 0.128862 0.0494 0.619084 0.128861 0.0494046 0.618932 0.12722 0.0493463 0.618935 0.125582 0.0488469 0.61666 0.126198 0.0488743 0.616654 0.125586 0.0487465 0.616791 0.126196 0.0489261 0.616494 0.125579 0.0488996 0.616504 0.126196 0.0489241 0.616338 0.125579 0.0488987 0.61634 0.126203 0.0487682 0.616792 0.126209 0.0486259 0.616883 0.125592 0.0486092 0.616881 0.125599 0.0484499 0.616922 0.126215 0.0484752 0.616921 0.127058 0.0491636 0.619341 0.12707 0.0492653 0.619219 0.127223 0.0492841 0.619244 0.127227 0.0491835 0.619368 0.127063 0.04903 0.619428 0.126778 0.0489073 0.619183 0.12674 0.048894 0.618993 0.126785 0.0489991 0.619146 0.126897 0.0490991 0.619263 0.126886 0.0489119 0.619345 0.127232 0.0490489 0.619455 0.127238 0.048894 0.619494 0.127048 0.0489073 0.619454 0.1271 0.0493246 0.619073 0.126918 0.0492042 0.619145 0.12705 0.0493102 0.61894 0.12722 0.0493402 0.619094 0.12722 0.0493463 0.618935 0.126785 0.0490605 0.618972 0.126894 0.0492101 0.618953 0.126812 0.0491095 0.619034 0.126198 0.0488743 0.616654 0.126312 0.0488822 0.61666 0.126298 0.0487779 0.616796 0.127024 0.0490567 0.617066 0.1271 0.0490499 0.61688 0.12716 0.0490747 0.61702 0.126969 0.0490348 0.616944 0.126898 0.0489966 0.61712 0.126895 0.0490136 0.616834 0.12685 0.0489768 0.617019 0.126787 0.0489575 0.616927 0.12706 0.049079 0.617197 0.127196 0.0490998 0.617171 0.127209 0.0491251 0.617332 0.126623 0.048922 0.616778 0.126703 0.0489752 0.616652 0.126711 0.0489392 0.616847 0.126526 0.0489066 0.616724 0.126589 0.0489588 0.616584 0.126692 0.0487496 0.617144 0.126728 0.0487697 0.617218 0.126702 0.0486321 0.617251 0.126203 0.0487682 0.616792 0.126293 0.0486385 0.616887 0.126209 0.0486259 0.616883 0.126215 0.0484752 0.616921 0.126196 0.0489261 0.616494 0.126196 0.0489241 0.616338 0.126333 0.0489338 0.616503 0.126627 0.0485873 0.617116 0.126588 0.048709 0.617019 0.126645 0.0487292 0.617078 0.126422 0.0488932 0.616684 0.126806 0.0489936 0.616736 0.126372 0.0485083 0.616942 0.126464 0.0489448 0.616534 0.126794 0.0488964 0.617173 0.126751 0.0487892 0.617298 0.126775 0.0488407 0.617379 0.126822 0.0489156 0.617265 0.126884 0.0489896 0.617355 0.126513 0.0485457 0.617009 0.126451 0.0486707 0.616931 0.126523 0.0486894 0.61697 0.126374 0.0486536 0.616903 0.12639 0.0487905 0.616814 0.126358 0.0489325 0.61635 0.126478 0.0488052 0.616846 0.126511 0.0489446 0.616384 0.126653 0.0489602 0.616442 0.12656 0.0488216 0.61689 0.126786 0.0489791 0.616524 0.126634 0.0488393 0.616946 0.126699 0.048858 0.617013 0.12691 0.0490014 0.616628 0.127016 0.0490255 0.616749 0.126753 0.0488771 0.617088 0.12673 0.0486747 0.617404 0.126929 0.0490166 0.61723 0.12704 0.049089 0.617339 0.12704 0.049089 0.617339 0.127209 0.0491251 0.617332 0.12722 0.0493463 0.618935 0.126884 0.0489896 0.617355 0.12705 0.0493102 0.61894 0.126894 0.0492101 0.618953 0.126775 0.0488407 0.617379 0.126785 0.0490605 0.618972 0.12673 0.0486747 0.617404 0.12674 0.048894 0.618993 0.125288 0.0493372 0.628608 0.125249 0.049462 0.628545 0.125364 0.0493409 0.628575 0.124889 0.0495335 0.628765 0.12504 0.0494418 0.628731 0.124992 0.0494331 0.628812 0.125078 0.0491641 0.628888 0.125063 0.0493063 0.62884 0.125105 0.0493162 0.62877 0.125042 0.0491296 0.629077 0.125014 0.0492828 0.628999 0.1251 0.0494496 0.628658 0.124946 0.0495416 0.628669 0.125018 0.0495491 0.628583 0.125336 0.0494663 0.628507 0.125445 0.0493429 0.628555 0.125531 0.0493819 0.628533 0.125429 0.0494694 0.628484 0.125527 0.0495269 0.628427 0.125254 0.0496304 0.628281 0.125132 0.0496244 0.628334 0.125181 0.049652 0.628159 0.125298 0.0495671 0.628405 0.125344 0.049206 0.628617 0.125219 0.0493317 0.628652 0.125385 0.0496357 0.628249 0.125346 0.0496588 0.628116 0.125523 0.0496647 0.628103 0.125101 0.0495559 0.62851 0.125195 0.049562 0.62845 0.124846 0.049525 0.628869 0.125157 0.0493247 0.628706 0.125032 0.0492951 0.628917 0.124957 0.0494234 0.6289 0.12482 0.049516 0.62898 0.124876 0.049459 0.629094 0.124708 0.0495575 0.629098 0.124936 0.049413 0.628994 0.124529 0.049585 0.629098 0.124682 0.0495774 0.628961 0.124994 0.0493037 0.629087 0.124545 0.0495956 0.628919 0.124715 0.049586 0.628829 0.125183 0.0491901 0.628726 0.124589 0.0496059 0.628753 0.124767 0.0495945 0.628706 0.124661 0.0496159 0.6286 0.124836 0.0496026 0.628593 0.125021 0.0496177 0.628405 0.124761 0.0496258 0.628458 0.124921 0.0496104 0.628492 0.12517 0.0494564 0.628596 0.124887 0.0496354 0.628332 0.125028 0.0496442 0.628231 0.125536 0.0492089 0.62858 0.125408 0.0495713 0.628377 0.125524 0.0496255 0.628277 0.126263 0.0496492 0.628274 0.125527 0.0495269 0.628427 0.125524 0.0496255 0.628277 0.126266 0.0495485 0.628429 0.126263 0.0496866 0.628105 0.125523 0.0496647 0.628103 0.125531 0.0493819 0.628533 0.12627 0.0493981 0.628537 0.125536 0.0492089 0.62858 0.126275 0.0492307 0.628582 0.124876 0.049459 0.629094 0.124994 0.0493037 0.629087 0.12498 0.049244 0.63006 0.125032 0.0490639 0.630047 0.125042 0.0491296 0.629077 0.124866 0.0493925 0.630071 0.124708 0.0495575 0.629098 0.124705 0.0494886 0.630077 0.124529 0.049585 0.629098 0.124519 0.0495187 0.630077 0.126439 0.0496909 0.62812 0.12652 0.0496557 0.628315 0.126395 0.0496532 0.628284 0.12704 0.0496424 0.628837 0.126854 0.0495507 0.628786 0.12699 0.0496481 0.628719 0.126731 0.0492376 0.628885 0.126713 0.0494115 0.628758 0.126757 0.0494059 0.628831 0.127253 0.0496619 0.629098 0.127071 0.0496353 0.628964 0.127237 0.0496722 0.62892 0.1268 0.0495554 0.628699 0.126923 0.0496524 0.628611 0.126809 0.0493877 0.628995 0.12679 0.049398 0.62891 0.126917 0.0495362 0.628985 0.126569 0.0495593 0.6285 0.126656 0.0495597 0.628554 0.126522 0.0494147 0.628594 0.126266 0.0495485 0.628429 0.126373 0.0495536 0.628436 0.12627 0.0493981 0.628537 0.126896 0.049694 0.628335 0.126841 0.0496553 0.628515 0.126745 0.0496568 0.628432 0.126263 0.0496866 0.628105 0.126263 0.0496492 0.628274 0.126358 0.0494057 0.628542 0.126275 0.0492307 0.628582 0.127021 0.0496913 0.628461 0.126465 0.0492496 0.628618 0.126638 0.049657 0.628365 0.126756 0.0496948 0.628235 0.126814 0.0493753 0.629084 0.126924 0.0495266 0.629093 0.126894 0.0495443 0.628882 0.126768 0.0492066 0.629074 0.126604 0.0496937 0.628163 0.126443 0.0494113 0.628562 0.126474 0.0495573 0.62846 0.126626 0.0492517 0.628725 0.126594 0.0494159 0.628639 0.126658 0.0494148 0.628694 0.126734 0.0495584 0.628621 0.127121 0.0496868 0.628602 0.127193 0.0496804 0.628755 0.127082 0.0496267 0.629097 0.124531 0.0490639 0.630537 0.124527 0.0492327 0.630491 0.124636 0.0492202 0.630486 0.124837 0.0493692 0.63023 0.124866 0.0493925 0.630071 0.12495 0.0492201 0.63023 0.12472 0.0490768 0.630499 0.124869 0.0491591 0.630383 0.124523 0.0493756 0.630391 0.12498 0.049244 0.63006 0.125032 0.0490639 0.630047 0.12499 0.0490768 0.630235 0.124612 0.0494178 0.630332 0.124756 0.0493087 0.630382 0.12452 0.049475 0.630247 0.124519 0.0495187 0.630077 0.12468 0.0494692 0.630203 0.124705 0.0494886 0.630077 0.124881 0.0490814 0.630393 0.127085 0.0495545 0.630085 0.127082 0.0496267 0.629097 0.127263 0.0495917 0.630087 0.126924 0.0495266 0.629093 0.126933 0.0494567 0.630078 0.127253 0.0496619 0.629098 0.126814 0.0493753 0.629084 0.126825 0.0493112 0.630068 0.126768 0.0492066 0.629074 0.126777 0.049137 0.630054 0.124523 0.0493756 0.630391 0.124257 0.0492198 0.630493 0.124253 0.0493678 0.63039 0.124262 0.0490561 0.630536 0.124527 0.0492327 0.630491 0.124531 0.0490639 0.630537 0.12452 0.049475 0.630247 0.124251 0.0494695 0.630241 0.124519 0.0495187 0.630077 0.12425 0.0495109 0.630076 0.12694 0.0492301 0.630392 0.127045 0.0493776 0.630387 0.127168 0.0492959 0.630491 0.127269 0.0493006 0.630502 0.127272 0.049137 0.630545 0.127085 0.0491497 0.630506 0.126963 0.049434 0.630237 0.126933 0.0494567 0.630078 0.12711 0.0495357 0.630211 0.12718 0.0494879 0.630339 0.127085 0.0495545 0.630085 0.127263 0.0495917 0.630087 0.126926 0.0491542 0.630399 0.127265 0.0494482 0.630399 0.126856 0.0492877 0.630238 0.126777 0.049137 0.630054 0.126825 0.0493112 0.630068 0.126818 0.0491498 0.630241 0.127263 0.0495498 0.63025 0.123672 0.0493709 0.630639 0.123563 0.0494328 0.630566 0.123743 0.0493818 0.630552 0.123718 0.0492591 0.630778 0.123684 0.0492453 0.630867 0.123573 0.0493463 0.630841 0.123793 0.0489813 0.630885 0.123759 0.0491181 0.63088 0.123789 0.0491338 0.630802 0.123771 0.0489432 0.631036 0.123742 0.0491009 0.630963 0.123831 0.0491478 0.630731 0.123765 0.0492717 0.630696 0.123944 0.0491702 0.630612 0.124013 0.0491782 0.630567 0.123968 0.0490379 0.630633 0.124155 0.0493109 0.630445 0.124253 0.0493678 0.63039 0.124257 0.0492198 0.630493 0.124061 0.0493068 0.630468 0.124171 0.049187 0.630513 0.124089 0.0491838 0.630533 0.12398 0.0494716 0.630252 0.124023 0.0494068 0.630371 0.123858 0.0494637 0.630305 0.123908 0.0494964 0.630133 0.12392 0.0493999 0.630416 0.123826 0.0493915 0.630477 0.123747 0.0494545 0.630377 0.124112 0.049478 0.630219 0.124073 0.0495046 0.63009 0.12425 0.0495109 0.630076 0.123615 0.049359 0.630735 0.123411 0.0493945 0.630936 0.123548 0.0493329 0.630953 0.123605 0.0492715 0.631065 0.123438 0.0493697 0.631073 0.123664 0.0492304 0.630962 0.123259 0.0493973 0.631074 0.123723 0.0491167 0.631052 0.123274 0.0494141 0.630895 0.123443 0.0494078 0.630804 0.12386 0.0490133 0.630746 0.123318 0.0494301 0.630729 0.123494 0.0494206 0.63068 0.123883 0.04916 0.630667 0.123389 0.0494454 0.630575 0.123489 0.0494602 0.630433 0.123648 0.0494442 0.630464 0.123825 0.049283 0.630622 0.123895 0.0492927 0.630559 0.123614 0.0494741 0.630307 0.124106 0.0490532 0.630561 0.123974 0.0493007 0.630507 0.123755 0.0494863 0.630205 0.124262 0.0490561 0.630536 0.124134 0.049412 0.630343 0.124251 0.0494695 0.630241 0.127263 0.0495498 0.63025 0.127263 0.0495917 0.630087 0.130423 0.0496613 0.630099 0.127265 0.0494482 0.630399 0.130423 0.049619 0.630262 0.130424 0.0495173 0.630409 0.127269 0.0493006 0.630502 0.130427 0.0493699 0.630512 0.127272 0.049137 0.630545 0.13043 0.0492068 0.630555 0.123605 0.0492715 0.631065 0.123719 0.049063 0.631596 0.123601 0.0492175 0.631611 0.123771 0.0489432 0.631036 0.123767 0.0488897 0.631579 0.123723 0.0491167 0.631052 0.123438 0.0493697 0.631073 0.123434 0.0493157 0.63162 0.123259 0.0493973 0.631074 0.123255 0.0493433 0.631622 0.130424 0.0495173 0.630409 0.130532 0.0495208 0.630417 0.130427 0.0493699 0.630512 0.130962 0.0493193 0.630979 0.130944 0.0493357 0.630893 0.131071 0.0494675 0.630976 0.131011 0.0494933 0.630775 0.131148 0.0495907 0.630714 0.131197 0.0495793 0.630833 0.130881 0.0491806 0.630854 0.130869 0.0493609 0.63074 0.130912 0.0493496 0.630813 0.130958 0.0495033 0.630686 0.131082 0.0496005 0.630605 0.131408 0.0495854 0.631096 0.131227 0.0495662 0.63096 0.131393 0.0496034 0.630918 0.130815 0.0493696 0.630674 0.130773 0.0492095 0.630693 0.130752 0.0493755 0.630617 0.130423 0.049619 0.630262 0.130555 0.0496212 0.630272 0.131 0.0496086 0.630507 0.130905 0.0496147 0.630423 0.131055 0.0496533 0.630331 0.130423 0.0496613 0.630099 0.130599 0.0496635 0.630114 0.130516 0.0493758 0.630517 0.13043 0.0492068 0.630555 0.13068 0.0493785 0.630572 0.130614 0.0492186 0.630589 0.130798 0.049619 0.630355 0.130915 0.0496596 0.63023 0.130965 0.0493008 0.631069 0.131076 0.0494521 0.631084 0.131049 0.0494813 0.630872 0.130919 0.0491318 0.631052 0.130681 0.0496212 0.630304 0.130764 0.049663 0.630157 0.130601 0.0493787 0.630538 0.130635 0.049522 0.630442 0.13073 0.0495207 0.630483 0.130816 0.0495171 0.630538 0.131179 0.0496441 0.630457 0.130893 0.0495113 0.630607 0.131279 0.0496326 0.630598 0.13135 0.0496191 0.630752 0.131236 0.0495516 0.631093 0.123664 0.0491497 0.631704 0.123719 0.049063 0.631596 0.123741 0.0490184 0.631678 0.124268 0.0489575 0.632116 0.124184 0.0489524 0.632107 0.124272 0.0488024 0.632077 0.123754 0.0492117 0.632124 0.123652 0.0492659 0.632231 0.123565 0.0492753 0.63213 0.124116 0.048813 0.632053 0.124077 0.0490928 0.632172 0.123934 0.0491993 0.632253 0.123991 0.0490974 0.632137 0.123255 0.0493433 0.631622 0.123408 0.0493122 0.631761 0.123266 0.0493266 0.631783 0.123688 0.0491391 0.631797 0.123726 0.0491289 0.631883 0.123576 0.0492408 0.631844 0.123601 0.0492175 0.631611 0.123762 0.0490081 0.631759 0.123441 0.0492987 0.631893 0.1233 0.0493112 0.631936 0.123494 0.0492863 0.632017 0.123681 0.0492202 0.63204 0.123621 0.04923 0.631947 0.123894 0.0489789 0.631964 0.12384 0.0489881 0.631903 0.123863 0.0488464 0.631872 0.123795 0.0489979 0.631835 0.124027 0.0489631 0.632057 0.124103 0.048957 0.632088 0.123839 0.0492047 0.632195 0.123754 0.0492583 0.632318 0.124147 0.0491942 0.632322 0.124169 0.0490899 0.632193 0.124264 0.0490922 0.632203 0.12399 0.0492495 0.632441 0.123867 0.0492528 0.632388 0.124038 0.0491957 0.632296 0.124261 0.0491928 0.632327 0.124259 0.049249 0.632477 0.124122 0.0492487 0.632474 0.124258 0.0492549 0.632637 0.124097 0.0492523 0.632624 0.123945 0.0492529 0.632588 0.123975 0.0488276 0.631983 0.123802 0.0492565 0.632528 0.123957 0.0489704 0.632015 0.123911 0.0491036 0.632089 0.12367 0.049263 0.632444 0.123839 0.049111 0.63203 0.123547 0.0492725 0.632336 0.123777 0.0491195 0.631961 0.12344 0.049284 0.632212 0.123791 0.0488683 0.631733 0.123358 0.0492969 0.632078 0.123767 0.0488897 0.631579 0.123548 0.0492526 0.631733 0.123434 0.0493157 0.63162 0.131236 0.0495516 0.631093 0.131408 0.0495854 0.631096 0.131414 0.0494795 0.632033 0.131076 0.0494521 0.631084 0.131241 0.0494459 0.63203 0.131082 0.0493466 0.632018 0.130965 0.0493008 0.631069 0.13097 0.0491956 0.632 0.130919 0.0491318 0.631052 0.130924 0.0490268 0.63198 0.124508 0.0490984 0.632204 0.124264 0.0490922 0.632203 0.124512 0.0489636 0.632117 0.124268 0.0489575 0.632116 0.124516 0.0488085 0.632078 0.124261 0.0491928 0.632327 0.124272 0.0488024 0.632077 0.124505 0.049199 0.632328 0.124503 0.0492551 0.632478 0.124259 0.049249 0.632477 0.124258 0.0492549 0.632637 0.124502 0.049261 0.632638 0.130904 0.0489937 0.632118 0.130924 0.0490268 0.63198 0.130942 0.0491399 0.632104 0.131394 0.0494539 0.632236 0.131257 0.0494352 0.632207 0.131414 0.0494795 0.632033 0.131241 0.0494459 0.63203 0.131123 0.049373 0.632171 0.131013 0.0492698 0.632136 0.131082 0.0493466 0.632018 0.131234 0.0494026 0.632613 0.131203 0.0494124 0.632375 0.131334 0.0494279 0.632433 0.13097 0.0491956 0.632 0.13086 0.0491274 0.632312 0.130831 0.0489506 0.632267 0.130906 0.0491163 0.632207 0.130971 0.0492481 0.632253 0.130949 0.0492836 0.632397 0.131075 0.0493517 0.632312 0.131085 0.0493801 0.632506 0.12468 0.0490895 0.632234 0.124505 0.049199 0.632328 0.124508 0.0490984 0.632204 0.124512 0.0489636 0.632117 0.124685 0.0489559 0.632147 0.125013 0.0488085 0.632584 0.124965 0.0489357 0.632443 0.124976 0.048822 0.632392 0.124845 0.048902 0.632227 0.124659 0.04919 0.632356 0.124516 0.0488085 0.632078 0.124503 0.0492551 0.632478 0.124623 0.0492471 0.632501 0.12468 0.0492329 0.632635 0.124818 0.0491365 0.632436 0.124502 0.049261 0.632638 0.124849 0.0490329 0.632318 0.124707 0.048822 0.632118 0.124847 0.0491349 0.632624 0.124964 0.048981 0.632606 0.124869 0.0488268 0.632229 0.130831 0.0489506 0.632267 0.13086 0.0491274 0.632312 0.128785 0.048591 0.635245 0.129152 0.0488897 0.63561 0.129052 0.0488877 0.635493 0.131234 0.0494026 0.632613 0.128841 0.0487264 0.635312 0.130949 0.0492836 0.632397 0.128935 0.0488308 0.635399 0.131085 0.0493801 0.632506 0.126873 0.0481746 0.63833 0.127116 0.0482325 0.638517 0.128769 0.048448 0.635206 0.126711 0.0477904 0.638117 0.126723 0.0479346 0.638162 0.126778 0.048071 0.638236 0.126993 0.0482287 0.638428 0.124847 0.0491349 0.632624 0.124964 0.048981 0.632606 0.124959 0.0480536 0.637873 0.125007 0.0478851 0.637835 0.125013 0.0488085 0.632584 0.124844 0.0482039 0.637908 0.12468 0.0492329 0.632635 0.124678 0.0483004 0.637931 0.124502 0.049261 0.632638 0.124501 0.0483288 0.637938 0.126799 0.0481779 0.63862 0.126797 0.0481501 0.638414 0.126903 0.0482015 0.638532 0.126472 0.0479933 0.638439 0.126508 0.0480977 0.638581 0.126399 0.0480884 0.638605 0.12664 0.0480254 0.638362 0.126709 0.0481289 0.638485 0.126612 0.0481113 0.638541 0.126423 0.0481334 0.638773 0.126448 0.0481203 0.638932 0.126286 0.048115 0.638944 0.126556 0.0481435 0.638742 0.126682 0.0481584 0.638691 0.126873 0.0481746 0.63833 0.126604 0.0481319 0.638894 0.126993 0.0482287 0.638428 0.126713 0.0480466 0.638305 0.126778 0.048071 0.638236 0.127013 0.0482006 0.638641 0.127116 0.0482325 0.638517 0.126723 0.0479346 0.638162 0.126711 0.0477904 0.638117 0.126667 0.0479085 0.638223 0.1266 0.0477376 0.638228 0.126454 0.0478495 0.638343 0.126531 0.0478656 0.638314 0.126291 0.0478402 0.638368 0.126293 0.0476738 0.638324 0.126373 0.0478376 0.638359 0.126289 0.0479816 0.638466 0.126381 0.0479832 0.638458 0.126602 0.0478854 0.638274 0.126892 0.048173 0.638746 0.126456 0.0476971 0.6383 0.126558 0.0480075 0.638407 0.126754 0.0481498 0.638831 0.126286 0.0481278 0.638773 0.126287 0.0480815 0.638607 0.124937 0.0481451 0.638334 0.125012 0.0481243 0.638414 0.124908 0.0481718 0.638533 0.125519 0.0479711 0.638464 0.125427 0.0479706 0.638455 0.125439 0.0478257 0.638357 0.125045 0.0479372 0.638101 0.125009 0.0479639 0.638028 0.125034 0.047825 0.637984 0.125298 0.0480814 0.638577 0.125251 0.0479906 0.638404 0.125337 0.0479787 0.638436 0.125524 0.0476634 0.638322 0.125364 0.0476836 0.638297 0.125248 0.0481256 0.638737 0.125195 0.0480921 0.638537 0.124985 0.0479917 0.63795 0.12491 0.0481207 0.637992 0.124959 0.0480536 0.637873 0.124844 0.0482039 0.637908 0.124938 0.048094 0.638083 0.124692 0.0482489 0.638202 0.124609 0.0482254 0.638389 0.124549 0.0482578 0.638248 0.124747 0.0482205 0.638324 0.124827 0.048194 0.638144 0.124692 0.0481952 0.638521 0.124656 0.0482793 0.638071 0.124513 0.0482923 0.638098 0.124501 0.0483288 0.637938 0.124819 0.0481947 0.638434 0.124875 0.0481684 0.638244 0.125124 0.0481368 0.638686 0.125099 0.0481065 0.638482 0.12501 0.0481523 0.638617 0.125406 0.048075 0.638601 0.12538 0.0481193 0.638769 0.125108 0.0477696 0.638119 0.125148 0.0478889 0.638223 0.125092 0.0479121 0.638166 0.125517 0.0480709 0.638604 0.12536 0.0478361 0.63834 0.125516 0.0481173 0.63877 0.125516 0.0481048 0.638941 0.125521 0.0478297 0.638366 0.125354 0.0481055 0.638929 0.125221 0.0477205 0.638227 0.125283 0.0478504 0.638311 0.125201 0.0481122 0.638893 0.125213 0.0478682 0.638272 0.12517 0.048006 0.63836 0.125058 0.0481247 0.638833 0.124924 0.0481431 0.63875 0.125097 0.0480244 0.638305 0.125033 0.0480455 0.63824 0.1248 0.0481672 0.638644 0.12498 0.0480688 0.638165 0.125007 0.0478851 0.637835 0.124795 0.0482214 0.638035 0.124678 0.0483004 0.637931 0.125521 0.0478297 0.638366 0.126293 0.0476738 0.638324 0.126291 0.0478402 0.638368 0.126289 0.0479816 0.638466 0.125519 0.0479711 0.638464 0.125524 0.0476634 0.638322 0.125517 0.0480709 0.638604 0.126287 0.0480815 0.638607 0.126286 0.0481278 0.638773 0.125516 0.0481173 0.63877 0.125516 0.0481048 0.638941 0.126286 0.048115 0.638944 0.126954 0.048983 0.634093 0.126846 0.0488386 0.634071 0.126841 0.0490454 0.632617 0.126793 0.0488719 0.632595 0.126797 0.0486654 0.634044 0.126949 0.0491903 0.632636 0.127107 0.0490796 0.634108 0.127102 0.0492875 0.632648 0.127285 0.0491157 0.634113 0.12728 0.0493241 0.632652 0.127467 0.0489908 0.634326 0.12727 0.0488956 0.634454 0.127324 0.0490308 0.634322 0.127555 0.0489748 0.634277 0.127589 0.0487834 0.634406 0.127437 0.0488487 0.634458 0.127701 0.0486654 0.634325 0.127575 0.048707 0.634442 0.127414 0.0487381 0.634507 0.127187 0.0490501 0.63427 0.127108 0.0489181 0.634393 0.127652 0.0488281 0.634319 0.12707 0.0487546 0.634462 0.126973 0.0489135 0.634283 0.12693 0.0487381 0.634357 0.126835 0.048707 0.634211 0.126797 0.0486654 0.634044 0.126846 0.0488386 0.634071 0.126881 0.0488824 0.634139 0.127424 0.0490752 0.634203 0.127285 0.0491157 0.634113 0.127239 0.0487546 0.634515 0.127107 0.0490796 0.634108 0.126954 0.048983 0.634093 0.127071 0.0490462 0.634177 0.127031 0.049189 0.632359 0.126926 0.0490443 0.632323 0.127025 0.0490038 0.632203 0.126969 0.0492011 0.632503 0.126949 0.0491903 0.632636 0.126862 0.0490566 0.63247 0.127289 0.0490274 0.632129 0.127128 0.0491494 0.632241 0.127171 0.0492856 0.632425 0.1271 0.0488855 0.632129 0.127292 0.0488719 0.63209 0.12683 0.0488854 0.632403 0.126841 0.0490454 0.632617 0.126793 0.0488719 0.632595 0.127281 0.0493189 0.632491 0.12728 0.0493241 0.632652 0.127118 0.0492958 0.632546 0.127102 0.0492875 0.632648 0.127283 0.0492631 0.632341 0.126938 0.0488902 0.632239 0.127285 0.0491625 0.632216 0.127424 0.0490752 0.634203 0.128291 0.0493444 0.632656 0.128477 0.049278 0.632777 0.127555 0.0489748 0.634277 0.127285 0.0491157 0.634113 0.128585 0.0491778 0.632838 0.127652 0.0488281 0.634319 0.128664 0.0490446 0.632873 0.127701 0.0486654 0.634325 0.128706 0.0488922 0.632881 0.127285 0.0491625 0.632216 0.128298 0.0490479 0.632133 0.128295 0.049183 0.63222 0.128302 0.0488922 0.632094 0.127289 0.0490274 0.632129 0.127283 0.0492631 0.632341 0.127292 0.0488719 0.63209 0.128293 0.0492835 0.632345 0.128291 0.0493393 0.632496 0.127281 0.0493189 0.632491 0.12728 0.0493241 0.632652 0.128291 0.0493444 0.632656 0.128589 0.0491955 0.632377 0.128562 0.0491815 0.632325 0.128707 0.049051 0.632383 0.128725 0.0490903 0.632487 0.128708 0.0491386 0.632586 0.128599 0.0492167 0.632432 0.128519 0.0492974 0.632565 0.128577 0.0492406 0.632733 0.128477 0.049278 0.632777 0.12859 0.0492426 0.632486 0.128656 0.0491906 0.632672 0.128562 0.0492706 0.632532 0.128769 0.0489941 0.632688 0.128779 0.0489188 0.632718 0.128701 0.0490629 0.6328 0.128295 0.049183 0.63222 0.128298 0.0490479 0.632133 0.128351 0.0492123 0.632252 0.128576 0.0490146 0.632209 0.128476 0.0490216 0.632157 0.128476 0.0489188 0.632129 0.128407 0.0491923 0.632244 0.128368 0.0490449 0.632137 0.128302 0.0488922 0.632094 0.128431 0.0492918 0.6324 0.128291 0.0493393 0.632496 0.128293 0.0492835 0.632345 0.128465 0.0491798 0.632255 0.128351 0.0493451 0.63256 0.128408 0.0493368 0.63258 0.128467 0.0493201 0.632589 0.128291 0.0493444 0.632656 0.128519 0.049176 0.632283 0.128655 0.0490248 0.632287 0.128628 0.0489362 0.632224 0.128737 0.0489423 0.632367 0.12879 0.0489362 0.632539 0.128585 0.0491778 0.632838 0.128706 0.0488922 0.632881 0.128664 0.0490446 0.632873 0.127921 0.0475798 0.63462 0.129219 0.0478627 0.63303 0.128058 0.0475377 0.634707 0.127644 0.047986 0.634507 0.128854 0.0481506 0.632833 0.127694 0.0478253 0.63451 0.127791 0.0476801 0.634549 0.128951 0.0480055 0.632872 0.129081 0.0479049 0.632943 0.128805 0.048311 0.63283 0.127038 0.0474811 0.635018 0.12693 0.0474428 0.63512 0.12692 0.0474863 0.63498 0.126674 0.0476293 0.634584 0.126554 0.0475444 0.634645 0.126495 0.0475663 0.634528 0.126453 0.0475904 0.634401 0.12663 0.0476538 0.634484 0.126708 0.0478158 0.634369 0.126585 0.0477104 0.634264 0.126697 0.0478525 0.634273 0.126871 0.0478536 0.63461 0.126815 0.0477259 0.634622 0.126768 0.047752 0.634545 0.126257 0.0476118 0.634124 0.12643 0.0476163 0.634268 0.126268 0.0475831 0.634283 0.126872 0.0477043 0.634689 0.126732 0.0476078 0.634675 0.126627 0.047525 0.634751 0.126811 0.0474956 0.634921 0.126782 0.0474519 0.635055 0.126937 0.0476876 0.634745 0.126986 0.0478114 0.634712 0.127427 0.0477085 0.634768 0.127344 0.0476911 0.634801 0.127434 0.0478608 0.634709 0.12726 0.0476788 0.634821 0.127175 0.0476721 0.634825 0.127291 0.0478174 0.634763 0.127644 0.047986 0.634507 0.12764 0.0477889 0.634592 0.127553 0.0479185 0.634619 0.127576 0.0477576 0.634663 0.127504 0.0477308 0.634722 0.127694 0.0478253 0.63451 0.127728 0.0476506 0.634646 0.127791 0.0476801 0.634549 0.127842 0.0475545 0.634732 0.127921 0.0475798 0.63462 0.127747 0.0475339 0.634826 0.128058 0.0475377 0.634707 0.127958 0.0475133 0.634831 0.127407 0.047491 0.635008 0.127527 0.0475019 0.634965 0.127564 0.0474572 0.635102 0.127284 0.0474837 0.635031 0.127409 0.0474462 0.635147 0.12716 0.0474804 0.635035 0.127087 0.0474388 0.635157 0.127133 0.0477975 0.634767 0.127091 0.0476712 0.634815 0.127011 0.0476764 0.634787 0.127248 0.04744 0.635166 0.126713 0.0475086 0.634844 0.126647 0.0474656 0.634966 0.126732 0.0477821 0.63446 0.126599 0.0476809 0.634376 0.126698 0.0478876 0.634174 0.126747 0.0480601 0.634206 0.126589 0.0477437 0.634148 0.127641 0.0475163 0.634904 0.127709 0.0474725 0.635032 0.127841 0.0474913 0.634941 0.127651 0.0476262 0.634728 0.127565 0.0476053 0.634797 0.127471 0.0475881 0.634851 0.127373 0.0475748 0.634889 0.127271 0.0475656 0.634911 0.127169 0.0475609 0.634916 0.127067 0.0475609 0.634903 0.12697 0.0475659 0.63487 0.126801 0.0475898 0.634754 0.126881 0.0475757 0.63482 0.12653 0.0474835 0.634856 0.126796 0.0479149 0.634484 0.126432 0.0475049 0.634729 0.126756 0.0479856 0.634346 0.126355 0.0475291 0.634589 0.126301 0.0475553 0.634439 0.126436 0.0476475 0.63413 0.128789 0.0481499 0.631915 0.128872 0.0481037 0.631787 0.128879 0.0481363 0.631982 0.128654 0.048515 0.632152 0.128601 0.0483901 0.632074 0.128675 0.0483736 0.632112 0.128584 0.048169 0.631823 0.12863 0.0481218 0.631672 0.12869 0.0481608 0.631862 0.128358 0.0484175 0.632025 0.12844 0.0484165 0.632031 0.128355 0.0485778 0.632066 0.128511 0.0485496 0.632087 0.128852 0.0483147 0.632284 0.12889 0.0482933 0.632358 0.128851 0.0484279 0.632384 0.128978 0.0480899 0.63187 0.128958 0.0481204 0.632062 0.129096 0.0479967 0.632695 0.129248 0.0479609 0.632591 0.129223 0.0479366 0.632721 0.129117 0.048018 0.632585 0.12912 0.0480397 0.632473 0.129253 0.0479853 0.632459 0.128955 0.0480747 0.63277 0.128951 0.0480055 0.632872 0.128854 0.0481506 0.632833 0.12891 0.0482127 0.63268 0.128987 0.0480927 0.632681 0.128882 0.0481961 0.632758 0.129219 0.0478627 0.63303 0.129177 0.0479131 0.632845 0.129301 0.0478904 0.632886 0.129358 0.0479198 0.632729 0.128887 0.0483815 0.632534 0.128926 0.0482511 0.632518 0.128924 0.0482312 0.6326 0.128914 0.0482719 0.632436 0.129202 0.0480324 0.632199 0.129238 0.0480093 0.632327 0.129105 0.0480614 0.632362 0.128871 0.0483413 0.632688 0.128522 0.0484045 0.632047 0.12907 0.0480733 0.631967 0.129024 0.0481023 0.632153 0.128743 0.0483553 0.63216 0.128803 0.0483355 0.632218 0.128771 0.0484736 0.632253 0.128755 0.0481144 0.631721 0.128498 0.0481255 0.631642 0.128474 0.0481741 0.631801 0.128363 0.0481792 0.631801 0.128364 0.0481272 0.631644 0.128365 0.0481295 0.631479 0.128453 0.048277 0.631938 0.12836 0.0482796 0.631933 0.128532 0.0481298 0.631493 0.128546 0.0482687 0.631955 0.128696 0.0481252 0.631534 0.128635 0.0482579 0.631986 0.12885 0.0481158 0.631601 0.12872 0.0482447 0.632029 0.128991 0.0481018 0.631692 0.128797 0.0482294 0.632084 0.129116 0.0480837 0.631804 0.128865 0.0482122 0.632149 0.12922 0.0480618 0.631934 0.129146 0.0480539 0.632078 0.128921 0.0481934 0.632225 0.129073 0.0480824 0.632254 0.128964 0.0481734 0.63231 0.129302 0.0480368 0.63208 0.128992 0.0481529 0.6324 0.129357 0.0480093 0.632236 0.129006 0.0481322 0.632493 0.129386 0.0479801 0.6324 0.129004 0.048112 0.632588 0.129386 0.04795 0.632566 0.128805 0.048311 0.63283 0.129058 0.0479764 0.6328 0.129081 0.0479049 0.632943 0.126589 0.0477437 0.634148 0.12659 0.0480441 0.632493 0.126701 0.0481936 0.63252 0.126747 0.0483608 0.632551 0.126747 0.0480601 0.634206 0.126698 0.0478876 0.634174 0.126258 0.0479124 0.632469 0.12643 0.0479458 0.632475 0.126257 0.0476118 0.634124 0.126436 0.0476475 0.63413 0.128364 0.0481272 0.631644 0.127274 0.0481109 0.631475 0.128365 0.0481295 0.631479 0.128358 0.0484175 0.632025 0.12727 0.0482649 0.631932 0.12836 0.0482796 0.631933 0.128363 0.0481792 0.631801 0.127272 0.0481585 0.631793 0.127273 0.0481073 0.631631 0.128355 0.0485778 0.632066 0.127264 0.0485592 0.632062 0.127267 0.0484078 0.632024 0.126569 0.0480291 0.631971 0.126658 0.0480491 0.631872 0.126682 0.0480827 0.632066 0.126774 0.0484068 0.632397 0.126747 0.0483608 0.632551 0.126725 0.0482482 0.632441 0.126619 0.0480627 0.632157 0.126496 0.0480071 0.632082 0.127175 0.0482562 0.631935 0.127183 0.0483972 0.632028 0.127101 0.0483847 0.632045 0.126942 0.0481317 0.631861 0.126877 0.0480818 0.631719 0.127002 0.0480937 0.631668 0.127082 0.048246 0.631954 0.127264 0.0485592 0.632062 0.127267 0.0484078 0.632024 0.12727 0.0482649 0.631932 0.127024 0.0483696 0.632073 0.127135 0.0481022 0.631637 0.127127 0.0481065 0.631485 0.127274 0.0481109 0.631475 0.126762 0.0480668 0.631787 0.126845 0.0481175 0.631916 0.126994 0.0482332 0.631986 0.127047 0.0481433 0.631821 0.126963 0.0484966 0.632153 0.126887 0.0483335 0.632163 0.126952 0.0483524 0.632113 0.126912 0.0482181 0.632031 0.126441 0.0479835 0.632204 0.126572 0.0480414 0.632258 0.12672 0.0481625 0.63223 0.126679 0.0481417 0.632314 0.126406 0.0479587 0.632334 0.126541 0.048019 0.632368 0.126758 0.0481011 0.631985 0.126748 0.0482702 0.632361 0.12643 0.0479458 0.632475 0.126652 0.0481202 0.632405 0.12659 0.0480441 0.632493 0.126258 0.0479124 0.632469 0.126701 0.0481936 0.63252 0.126269 0.0479388 0.632325 0.126303 0.0479663 0.632177 0.126849 0.0484534 0.63226 0.126784 0.048292 0.632288 0.126363 0.047994 0.63203 0.126831 0.0483132 0.632221 0.126774 0.0481824 0.632154 0.126448 0.0480208 0.63189 0.126838 0.048201 0.632087 0.126556 0.0480456 0.631765 0.126685 0.0480671 0.631659 0.127106 0.0485327 0.632085 0.126827 0.0480847 0.631576 0.126976 0.0480979 0.631518 0.127158 0.0481519 0.631797 0.127272 0.0481585 0.631793 0.127273 0.0481073 0.631631 0.123932 0.0460921 0.64495 0.123796 0.0461849 0.644922 0.123978 0.0461372 0.644853 0.124051 0.0456375 0.645151 0.124003 0.0457971 0.645213 0.124 0.0458547 0.645123 0.124036 0.0459623 0.64495 0.124063 0.0457483 0.645013 0.124011 0.0459101 0.645035 0.123901 0.0460434 0.645053 0.123754 0.0461359 0.645045 0.124038 0.0461778 0.644765 0.123932 0.0462718 0.644703 0.124111 0.0462128 0.644688 0.124398 0.0462756 0.644546 0.124517 0.0461974 0.644587 0.124419 0.0461517 0.644614 0.124374 0.0463745 0.644445 0.124244 0.0463601 0.64448 0.124205 0.0464248 0.644359 0.124355 0.0464391 0.644323 0.124515 0.0464446 0.644311 0.124127 0.0463376 0.644537 0.124291 0.0462628 0.644575 0.124022 0.0463078 0.644612 0.124195 0.0462415 0.644624 0.124331 0.0461399 0.644639 0.124345 0.0460037 0.64467 0.124251 0.0461187 0.644679 0.124181 0.0460894 0.644732 0.124206 0.0459431 0.644758 0.123886 0.0459922 0.64516 0.12373 0.0460844 0.645173 0.124073 0.0460102 0.644869 0.124122 0.046053 0.644796 0.124113 0.0458531 0.644879 0.123726 0.0460315 0.645303 0.123889 0.0459394 0.645267 0.123822 0.0463292 0.64461 0.12355 0.0460601 0.645313 0.123561 0.0461221 0.645153 0.123594 0.0461798 0.645002 0.123649 0.0462335 0.644862 0.123856 0.0462305 0.644807 0.123725 0.0462833 0.644731 0.123939 0.0463698 0.644502 0.124067 0.0464018 0.644418 0.124518 0.0460186 0.644638 0.124516 0.0463498 0.64447 0.124516 0.0463498 0.64447 0.124515 0.0464446 0.644311 0.127299 0.0464617 0.644316 0.127299 0.0463667 0.644475 0.124517 0.0461974 0.644587 0.1273 0.0462145 0.644591 0.124518 0.0460186 0.644638 0.127301 0.0460363 0.644641 0.123889 0.0459394 0.645267 0.124003 0.0457971 0.645213 0.124002 0.0455251 0.6459 0.12405 0.0453665 0.645836 0.124051 0.0456375 0.645151 0.123888 0.0456664 0.645957 0.123726 0.0460315 0.645303 0.123725 0.0457581 0.645994 0.12355 0.0460601 0.645313 0.12355 0.0457865 0.646005 0.12744 0.0463932 0.644449 0.12757 0.0463803 0.644485 0.127417 0.0462944 0.644549 0.127883 0.0461157 0.644953 0.128017 0.0462085 0.644927 0.12806 0.0461594 0.645049 0.127817 0.0458787 0.645127 0.127806 0.0459345 0.645038 0.127929 0.0460152 0.645163 0.128262 0.0460835 0.645319 0.128084 0.0461074 0.645177 0.128251 0.0461462 0.645159 0.127957 0.0462541 0.644812 0.127882 0.0462949 0.644708 0.128088 0.046308 0.644737 0.128164 0.0462584 0.644868 0.127791 0.0463302 0.644617 0.127989 0.0463538 0.644615 0.127744 0.0460346 0.644872 0.127613 0.0459673 0.644762 0.127695 0.0460768 0.644799 0.1273 0.0462145 0.644591 0.127397 0.0461709 0.644617 0.127301 0.0460363 0.644641 0.127565 0.0461408 0.644682 0.127635 0.0461125 0.644735 0.127524 0.046283 0.644579 0.127473 0.0460255 0.644673 0.127299 0.0463667 0.644475 0.127299 0.0464617 0.644316 0.127459 0.0464581 0.644328 0.127687 0.046359 0.644542 0.127874 0.0463933 0.644508 0.127766 0.0456619 0.645154 0.127814 0.0458205 0.645216 0.127914 0.0460669 0.645056 0.127781 0.0459868 0.644953 0.128089 0.0460538 0.645308 0.127486 0.0461606 0.644642 0.127608 0.0464455 0.644364 0.127746 0.046424 0.644424 0.12762 0.0462629 0.644627 0.127704 0.0462352 0.644691 0.127706 0.0458781 0.644883 0.127777 0.0462008 0.644768 0.127837 0.0461607 0.644856 0.127754 0.0457733 0.645017 0.128218 0.0462045 0.645009 0.127927 0.0459618 0.645272 0.124131 0.0454674 0.646581 0.12412 0.0454405 0.646399 0.124202 0.0454081 0.646456 0.124386 0.045361 0.646534 0.124346 0.0454199 0.646681 0.124291 0.0453814 0.646501 0.124583 0.0452862 0.646481 0.124498 0.0452407 0.646427 0.124584 0.0451371 0.646367 0.124584 0.0449562 0.646316 0.124502 0.0451064 0.646345 0.124421 0.0449878 0.646292 0.124039 0.0454182 0.64596 0.124066 0.0453655 0.646036 0.124019 0.0454735 0.646098 0.123988 0.0455235 0.646013 0.124152 0.0452676 0.646167 0.124154 0.0451546 0.646114 0.124209 0.045224 0.646222 0.124002 0.0455251 0.6459 0.124078 0.0452588 0.645981 0.124104 0.045315 0.646105 0.123718 0.045661 0.646275 0.123658 0.0456029 0.646455 0.123597 0.0456609 0.646314 0.123851 0.0455611 0.646514 0.123888 0.0455823 0.64633 0.123956 0.0455391 0.646425 0.124037 0.0455005 0.646509 0.124048 0.0454779 0.64633 0.123775 0.045609 0.6464 0.123835 0.0456296 0.646224 0.12355 0.0457865 0.646005 0.123681 0.0457164 0.646141 0.123561 0.0457221 0.646164 0.12433 0.0452795 0.646385 0.124413 0.0452566 0.646412 0.124234 0.0454402 0.646639 0.124484 0.0453476 0.646553 0.124463 0.0454071 0.646707 0.124583 0.0453827 0.646643 0.124423 0.0451254 0.64633 0.124582 0.0454129 0.646828 0.124582 0.045372 0.647012 0.124438 0.0454138 0.646862 0.124417 0.0453767 0.647 0.124299 0.0454279 0.646829 0.124271 0.0450562 0.646222 0.124346 0.045152 0.646304 0.124261 0.0453915 0.646963 0.124169 0.0454506 0.646775 0.124275 0.0451851 0.646267 0.124252 0.0453086 0.646347 0.124114 0.0454166 0.646903 0.124049 0.045481 0.646703 0.12418 0.0453434 0.646299 0.123978 0.0454518 0.646819 0.123943 0.0455181 0.646616 0.124116 0.0453828 0.646241 0.123851 0.0454969 0.646711 0.124062 0.0454264 0.646174 0.123742 0.0455482 0.646587 0.123988 0.0455196 0.646251 0.12394 0.0455653 0.646162 0.12405 0.0453665 0.645836 0.123906 0.0456144 0.646064 0.1238 0.0456805 0.646108 0.123888 0.0456664 0.645957 0.123725 0.0457581 0.645994 0.128089 0.0460538 0.645308 0.128262 0.0460835 0.645319 0.128263 0.0458045 0.646013 0.127927 0.0459618 0.645272 0.128089 0.0457752 0.646001 0.127928 0.0456838 0.645963 0.127814 0.0458205 0.645216 0.127814 0.0455433 0.645906 0.127766 0.0456619 0.645154 0.127767 0.0453855 0.645841 0.124583 0.0453827 0.646643 0.124583 0.0452862 0.646481 0.127229 0.045288 0.64648 0.124584 0.0451371 0.646367 0.12723 0.0451311 0.646365 0.12723 0.044963 0.64632 0.124584 0.0449562 0.646316 0.127229 0.0453919 0.646654 0.127229 0.0454186 0.646847 0.124582 0.0454129 0.646828 0.124582 0.045372 0.647012 0.127228 0.0453791 0.647017 0.127699 0.0453963 0.646246 0.127694 0.0454525 0.646405 0.127635 0.0453556 0.646304 0.127767 0.045491 0.646336 0.127827 0.0455338 0.646258 0.127859 0.0455521 0.646432 0.127667 0.0451703 0.646112 0.127712 0.0453302 0.646111 0.127664 0.0452815 0.646172 0.127739 0.0452732 0.645981 0.127767 0.0453855 0.645841 0.127777 0.0454356 0.645966 0.127644 0.0454601 0.646781 0.127513 0.0454363 0.646834 0.127579 0.0454499 0.646645 0.127312 0.0451143 0.646349 0.127392 0.0451344 0.646334 0.127316 0.0452487 0.646431 0.12723 0.044963 0.64632 0.12723 0.0451311 0.646365 0.127469 0.0451622 0.646308 0.127401 0.0452655 0.646416 0.127394 0.0453836 0.647005 0.127228 0.0453791 0.647017 0.127374 0.0454212 0.646868 0.127427 0.0453698 0.646539 0.127523 0.0453912 0.646507 0.127467 0.0454285 0.646687 0.127612 0.045419 0.646462 0.127683 0.0454781 0.646587 0.127777 0.0455124 0.646516 0.127485 0.0452895 0.64639 0.127927 0.0455964 0.646336 0.127875 0.0455805 0.646169 0.127764 0.0454917 0.64671 0.127751 0.0453818 0.646041 0.127979 0.0456447 0.64623 0.127909 0.0456306 0.646071 0.127928 0.0456838 0.645963 0.128015 0.0456966 0.646115 0.127828 0.0455402 0.646019 0.128089 0.0457752 0.646001 0.128263 0.0458045 0.646013 0.128133 0.0457328 0.646148 0.127814 0.0455433 0.645906 0.128096 0.0456765 0.646282 0.127797 0.0454891 0.646104 0.128251 0.0457391 0.646171 0.128215 0.0456767 0.646321 0.128039 0.0456233 0.646406 0.127754 0.045441 0.646179 0.128155 0.0456174 0.646462 0.127963 0.0455742 0.64652 0.12807 0.0455613 0.646594 0.127553 0.0450795 0.646221 0.127606 0.0452367 0.646227 0.127871 0.04553 0.646622 0.127961 0.0455086 0.646718 0.127541 0.0451966 0.646272 0.127563 0.0453198 0.646352 0.127834 0.045462 0.646826 0.127404 0.0450061 0.646294 0.127697 0.0454256 0.64691 0.127551 0.0453994 0.64697 0.127229 0.045288 0.64648 0.127329 0.0453555 0.646558 0.127349 0.0454148 0.646712 0.127229 0.0453919 0.646654 0.127229 0.0454186 0.646847 0.125302 0.0484748 0.617016 0.125425 0.0482466 0.616978 0.125264 0.0482419 0.617087 0.12519 0.0485015 0.617124 0.125443 0.048457 0.616946 0.125616 0.0482599 0.616939 0.125599 0.0484499 0.616922 0.125155 0.0482466 0.617249 0.125117 0.0485335 0.617261 0.125117 0.0482599 0.61744 0.12509 0.0485686 0.617413 0.124807 0.0483797 0.619498 0.124615 0.0483842 0.619535 0.12458 0.0487897 0.6195 0.125116 0.0483586 0.619037 0.125078 0.0483657 0.619228 0.12504 0.0488029 0.619189 0.12497 0.0483727 0.61939 0.124932 0.0488076 0.619352 0.125078 0.0487896 0.618999 0.12477 0.0488029 0.61946 0.125094 0.048488 0.621493 0.125115 0.0485198 0.621647 0.125068 0.0490609 0.621694 0.12478 0.0484242 0.621167 0.124919 0.0484357 0.62124 0.124758 0.0490741 0.621237 0.125028 0.0484583 0.621353 0.125028 0.0490741 0.621505 0.124919 0.0490788 0.621344 0.124568 0.0490609 0.621199 0.124623 0.0484222 0.621143 0.122736 0.0487253 0.619541 0.122772 0.0483114 0.619577 0.122611 0.0483067 0.619686 0.122928 0.0487189 0.619504 0.122963 0.0483247 0.619538 0.122573 0.0487414 0.619648 0.122503 0.0483114 0.619848 0.122463 0.048765 0.619808 0.122464 0.0483247 0.620039 0.122423 0.0487912 0.619998 0.126695 0.0482809 0.617439 0.126702 0.0486321 0.617251 0.12673 0.0486747 0.617404 0.126657 0.0482676 0.617248 0.126627 0.0485873 0.617116 0.12655 0.0482629 0.617086 0.126513 0.0485457 0.617009 0.126388 0.0482676 0.616977 0.126372 0.0485083 0.616942 0.126198 0.0482809 0.616938 0.126215 0.0484752 0.616921 0.12672 0.0483905 0.619193 0.126695 0.0483797 0.619038 0.12674 0.048894 0.618993 0.126906 0.04843 0.61944 0.126886 0.0489119 0.619345 0.127048 0.0489073 0.619454 0.126793 0.0484085 0.619332 0.126778 0.0489073 0.619183 0.127046 0.0484532 0.619508 0.127238 0.048894 0.619494 0.127201 0.0484773 0.61953 0.129339 0.0485363 0.620028 0.129361 0.0490695 0.619825 0.129388 0.0490964 0.619979 0.129301 0.048523 0.619838 0.129287 0.0490374 0.619688 0.129193 0.0485184 0.619676 0.129174 0.0490062 0.61958 0.129032 0.048523 0.619567 0.129033 0.0489777 0.619513 0.128841 0.0485363 0.619527 0.128878 0.0489522 0.619491 0.127 0.0484943 0.621173 0.127187 0.0485145 0.621138 0.127244 0.0491598 0.621194 0.126694 0.0485401 0.621635 0.126731 0.0485075 0.621439 0.126787 0.0491728 0.621501 0.126839 0.0484923 0.621278 0.127055 0.0491728 0.621233 0.126895 0.0491773 0.621341 0.126748 0.0491598 0.621689 0.128843 0.0485741 0.621135 0.129087 0.0492323 0.621154 0.128899 0.0492146 0.62119 0.129247 0.0492295 0.621048 0.129031 0.0485611 0.621095 0.129191 0.0485566 0.620988 0.129354 0.0492072 0.620886 0.12939 0.0491649 0.620691 0.129299 0.0485611 0.620828 0.129338 0.0485741 0.620639 0.126447 0.04928 0.623749 0.126386 0.0486262 0.623694 0.126546 0.0486217 0.623587 0.126252 0.0492575 0.623788 0.126198 0.0486392 0.623734 0.126608 0.0492871 0.62364 0.126654 0.0486262 0.623427 0.126712 0.0492791 0.623479 0.126693 0.0486392 0.623238 0.126747 0.0492548 0.623292 0.125155 0.0486051 0.623429 0.125103 0.049192 0.623478 0.125115 0.0486182 0.623239 0.125068 0.0491598 0.623287 0.125208 0.0492169 0.623641 0.125264 0.0486004 0.623589 0.12537 0.0492311 0.623751 0.125562 0.0492339 0.623789 0.125425 0.048605 0.623697 0.125616 0.0486182 0.623735 0.122506 0.0489412 0.620987 0.12244 0.0489041 0.620847 0.122504 0.0483493 0.620839 0.122464 0.0483625 0.62065 0.122613 0.0483447 0.621 0.12242 0.048863 0.620694 0.122613 0.0489702 0.621102 0.122775 0.0483493 0.621108 0.122752 0.0489879 0.621176 0.122965 0.0483625 0.621146 0.12291 0.0489937 0.621201 0.127553 0.0450795 0.646221 0.127631 0.0448647 0.646098 0.127667 0.0451703 0.646112 0.127404 0.0450061 0.646294 0.12738 0.0448709 0.646287 0.12752 0.0448647 0.646212 0.12723 0.044963 0.64632 0.127223 0.0448828 0.646313 0.1277 0.0448709 0.645954 0.127739 0.0452732 0.645981 0.127721 0.0448828 0.645797 0.127767 0.0453855 0.645841 0.127706 0.0458781 0.644883 0.127678 0.045118 0.645016 0.127569 0.0451137 0.644861 0.127754 0.0457733 0.645017 0.127721 0.0451304 0.6452 0.127766 0.0456619 0.645154 0.127613 0.0459673 0.644762 0.12741 0.045118 0.644758 0.127473 0.0460255 0.644673 0.127224 0.0451304 0.64472 0.127301 0.0460363 0.644641 0.124593 0.0451221 0.644716 0.124345 0.0460037 0.64467 0.124518 0.0460186 0.644638 0.12435 0.0451072 0.644781 0.124206 0.0459431 0.644758 0.12422 0.0451055 0.644887 0.124113 0.0458531 0.644879 0.124131 0.0451106 0.645031 0.124063 0.0457483 0.645013 0.124095 0.0451221 0.645196 0.124051 0.0456375 0.645151 0.124154 0.0451546 0.646114 0.124185 0.0448564 0.646093 0.124271 0.0450562 0.646222 0.124078 0.0452588 0.645981 0.124115 0.0448627 0.64595 0.12405 0.0453665 0.645836 0.124095 0.0448746 0.645793 0.124295 0.0448564 0.646208 0.124421 0.0449878 0.646292 0.124435 0.0448627 0.646282 0.124584 0.0449562 0.646316 0.124592 0.0448746 0.646309 0.128871 0.0483413 0.632688 0.128805 0.048311 0.63283 0.128706 0.0488922 0.632881 0.128771 0.0484736 0.632253 0.128851 0.0484279 0.632384 0.128737 0.0489423 0.632367 0.128887 0.0483815 0.632534 0.128779 0.0489188 0.632718 0.12879 0.0489362 0.632539 0.128511 0.0485496 0.632087 0.128654 0.048515 0.632152 0.128476 0.0489188 0.632129 0.128628 0.0489362 0.632224 0.128302 0.0488922 0.632094 0.128355 0.0485778 0.632066 0.127106 0.0485327 0.632085 0.127264 0.0485592 0.632062 0.127292 0.0488719 0.63209 0.126774 0.0484068 0.632397 0.126849 0.0484534 0.63226 0.12683 0.0488854 0.632403 0.126963 0.0484966 0.632153 0.1271 0.0488855 0.632129 0.126938 0.0488902 0.632239 0.126793 0.0488719 0.632595 0.126747 0.0483608 0.632551 0.126756 0.0479856 0.634346 0.126747 0.0480601 0.634206 0.126797 0.0486654 0.634044 0.126871 0.0478536 0.63461 0.12693 0.0487381 0.634357 0.12707 0.0487546 0.634462 0.126796 0.0479149 0.634484 0.126835 0.048707 0.634211 0.127414 0.0487381 0.634507 0.127434 0.0478608 0.634709 0.127291 0.0478174 0.634763 0.127239 0.0487546 0.634515 0.127133 0.0477975 0.634767 0.127553 0.0479185 0.634619 0.127575 0.048707 0.634442 0.127701 0.0486654 0.634325 0.127644 0.047986 0.634507 0.126986 0.0478114 0.634712 0.126456 0.0476971 0.6383 0.12644 0.0474036 0.638275 0.126582 0.0474036 0.6382 0.126293 0.0476738 0.638324 0.126281 0.0474087 0.638301 0.1266 0.0477376 0.638228 0.126694 0.0474087 0.638084 0.126711 0.0477904 0.638117 0.125108 0.0477696 0.638119 0.125195 0.0473779 0.638148 0.125221 0.0477205 0.638227 0.125034 0.047825 0.637984 0.125087 0.0473827 0.637984 0.125007 0.0478851 0.637835 0.125051 0.0473962 0.637792 0.125356 0.0473827 0.638258 0.125364 0.0476836 0.638297 0.125548 0.0473962 0.638298 0.125524 0.0476634 0.638322 0.130794 0.0485396 0.632256 0.130904 0.0489937 0.632118 0.130831 0.0489506 0.632267 0.130881 0.0485396 0.631967 0.130924 0.0490268 0.63198 0.130881 0.0491806 0.630854 0.130841 0.0486864 0.630902 0.130733 0.0486819 0.630744 0.130919 0.0491318 0.631052 0.130882 0.0486991 0.631089 0.130773 0.0492095 0.630693 0.130573 0.0486864 0.630638 0.130614 0.0492186 0.630589 0.130386 0.0486991 0.630599 0.13043 0.0492068 0.630555 0.126766 0.0487472 0.63023 0.126749 0.0488091 0.630083 0.126777 0.049137 0.630054 0.127072 0.0486384 0.630562 0.126932 0.0486549 0.630485 0.127085 0.0491497 0.630506 0.126827 0.0486934 0.630369 0.126818 0.0491498 0.630241 0.126926 0.0491542 0.630399 0.127272 0.049137 0.630545 0.12723 0.0486455 0.630587 0.126708 0.048976 0.628907 0.126768 0.0492066 0.629074 0.126749 0.0489888 0.629093 0.126626 0.0492517 0.628725 0.126731 0.0492376 0.628885 0.1266 0.0489716 0.628748 0.126465 0.0492496 0.628618 0.126275 0.0492307 0.628582 0.126441 0.048976 0.628642 0.126254 0.0489888 0.628603 0.124731 0.0486038 0.630552 0.124571 0.0486004 0.630578 0.124531 0.0490639 0.630537 0.124976 0.0486763 0.630358 0.124881 0.0490814 0.630393 0.12499 0.0490768 0.630235 0.124872 0.04863 0.630474 0.12472 0.0490768 0.630499 0.125037 0.048735 0.630219 0.125032 0.0490639 0.630047 0.125055 0.0487989 0.63007 0.125367 0.048964 0.628638 0.125536 0.0492089 0.62858 0.125556 0.0489769 0.6286 0.125344 0.049206 0.628617 0.125206 0.0489594 0.628744 0.125183 0.0491901 0.628726 0.125097 0.048964 0.628902 0.125078 0.0491641 0.628888 0.125055 0.0489769 0.62909 0.125042 0.0491296 0.629077 0.124302 0.0485958 0.630577 0.124106 0.0490532 0.630561 0.124262 0.0490561 0.630536 0.124113 0.0485829 0.630614 0.123968 0.0490379 0.630633 0.123952 0.0485783 0.63072 0.12386 0.0490133 0.630746 0.123843 0.0485829 0.630879 0.123793 0.0489813 0.630885 0.123801 0.0485958 0.631067 0.123771 0.0489432 0.631036 0.123801 0.0485089 0.631545 0.123791 0.0488683 0.631733 0.123767 0.0488897 0.631579 0.123837 0.0484954 0.631737 0.123863 0.0488464 0.631872 0.123945 0.0484906 0.631901 0.123975 0.0488276 0.631983 0.124106 0.0484954 0.632011 0.124116 0.048813 0.632053 0.124298 0.0485089 0.632052 0.124272 0.0488024 0.632077 0.125027 0.0483936 0.632392 0.125053 0.0483495 0.632544 0.125013 0.0488085 0.632584 0.124842 0.0484707 0.632146 0.124869 0.0488268 0.632229 0.124707 0.048822 0.632118 0.124954 0.0484349 0.632256 0.124976 0.048822 0.632392 0.1247 0.0484975 0.632076 0.124516 0.0488085 0.632078 0.124542 0.048513 0.632052 0.127042 0.0480544 0.620684 0.126878 0.048051 0.620725 0.12689 0.0480069 0.620005 0.126577 0.0479849 0.619831 0.125274 0.0480042 0.620905 0.125272 0.0479378 0.619832 0.125505 0.0480298 0.621184 0.126268 0.0480668 0.621338 0.125577 0.0480424 0.621347 0.12627 0.0479466 0.619392 0.126343 0.0479592 0.619553 0.125505 0.047929 0.619553 0.125619 0.0479129 0.619226 0.126215 0.0479245 0.619066 0.126228 0.0479349 0.619227 0.126727 0.0479966 0.619933 0.126717 0.0480497 0.620798 0.126447 0.0479722 0.619702 0.127218 0.0480221 0.620059 0.127203 0.0480593 0.62067 0.127056 0.0480155 0.620046 0.128858 0.0481189 0.620667 0.128859 0.0480812 0.620056 0.125402 0.0479345 0.619702 0.126569 0.0480507 0.6209 0.125577 0.0479216 0.619391 0.125632 0.0479034 0.619065 0.126215 0.0478257 0.617467 0.125633 0.0478048 0.617468 0.124964 0.0479822 0.62073 0.125122 0.0479388 0.619936 0.125125 0.0479924 0.620802 0.124794 0.0479341 0.620051 0.12496 0.0479375 0.620009 0.124799 0.0479737 0.620688 0.124639 0.0479671 0.620675 0.124633 0.0479291 0.620064 0.125403 0.0480168 0.621034 0.126441 0.048054 0.621028 0.125632 0.0480647 0.621675 0.125619 0.0480542 0.621513 0.126214 0.048085 0.621663 0.12298 0.0478696 0.620067 0.12298 0.0479074 0.620678 0.12634 0.0480595 0.621177 0.126227 0.0480755 0.621502 0.125631 0.0481631 0.623268 0.126213 0.048184 0.623266 0.125599 0.0484499 0.616922 0.126198 0.0482809 0.616938 0.125616 0.0482599 0.616939 0.126215 0.0484752 0.616921 0.12673 0.0486747 0.617404 0.126695 0.0483797 0.619038 0.126695 0.0482809 0.617439 0.12674 0.048894 0.618993 0.127238 0.048894 0.619494 0.128841 0.0485363 0.619527 0.127201 0.0484773 0.61953 0.128878 0.0489522 0.619491 0.129388 0.0490964 0.619979 0.129338 0.0485741 0.620639 0.129339 0.0485363 0.620028 0.12939 0.0491649 0.620691 0.127244 0.0491598 0.621194 0.127187 0.0485145 0.621138 0.128843 0.0485741 0.621135 0.128899 0.0492146 0.62119 0.126748 0.0491598 0.621689 0.126693 0.0486392 0.623238 0.126694 0.0485401 0.621635 0.126747 0.0492548 0.623292 0.125562 0.0492339 0.623789 0.125616 0.0486182 0.623735 0.126198 0.0486392 0.623734 0.126252 0.0492575 0.623788 0.125068 0.0490609 0.621694 0.125115 0.0485198 0.621647 0.125115 0.0486182 0.623239 0.125068 0.0491598 0.623287 0.12291 0.0489937 0.621201 0.122965 0.0483625 0.621146 0.124623 0.0484222 0.621143 0.124568 0.0490609 0.621199 0.122423 0.0487912 0.619998 0.122464 0.0483247 0.620039 0.122464 0.0483625 0.62065 0.12242 0.048863 0.620694 0.122928 0.0487189 0.619504 0.124615 0.0483842 0.619535 0.122963 0.0483247 0.619538 0.12458 0.0487897 0.6195 0.12509 0.0485686 0.617413 0.125117 0.0482599 0.61744 0.125116 0.0483586 0.619037 0.125078 0.0487896 0.618999 0.128291 0.0493444 0.632656 0.127285 0.0491157 0.634113 0.12728 0.0493241 0.632652 0.127236 0.0481972 0.630996 0.128532 0.0481298 0.631493 0.128365 0.0481295 0.631479 0.130392 0.0482508 0.631007 0.12885 0.0481158 0.631601 0.128696 0.0481252 0.631534 0.125549 0.0479271 0.632319 0.125516 0.0479534 0.632171 0.126303 0.0479663 0.632177 0.12556 0.0479012 0.632463 0.126269 0.0479388 0.632325 0.126258 0.0479124 0.632469 0.125137 0.048041 0.631652 0.12506 0.0481835 0.630861 0.125208 0.0482047 0.630758 0.125264 0.0480238 0.631759 0.125335 0.0482304 0.630629 0.125507 0.04829 0.630318 0.126272 0.0483316 0.630163 0.126313 0.0483023 0.630328 0.126383 0.0482743 0.630489 0.125436 0.0482593 0.63048 0.125561 0.0483506 0.629989 0.126259 0.0483608 0.630001 0.125548 0.0483208 0.630152 0.12626 0.0485405 0.629012 0.125562 0.0485286 0.629009 0.125372 0.0480029 0.631885 0.124996 0.0480537 0.631569 0.124847 0.0480618 0.63151 0.124901 0.0481675 0.630933 0.124737 0.0481572 0.630974 0.124577 0.0481521 0.630987 0.124697 0.0480653 0.631476 0.124552 0.0480647 0.631465 0.124308 0.0481475 0.630986 0.124308 0.0480606 0.631464 0.126448 0.0480208 0.63189 0.126363 0.047994 0.63203 0.125457 0.047979 0.632025 0.126268 0.0475831 0.634283 0.126301 0.0475553 0.634439 0.125557 0.0469479 0.637711 0.126257 0.0476118 0.634124 0.126291 0.0469604 0.637713 0.128058 0.0475377 0.634707 0.130392 0.0480913 0.631885 0.127564 0.0474572 0.635102 0.127709 0.0474725 0.635032 0.126976 0.0480979 0.631518 0.126827 0.0480847 0.631576 0.126915 0.0482016 0.630941 0.126756 0.048212 0.630868 0.126685 0.0480671 0.631659 0.129116 0.0480837 0.631804 0.128991 0.0481018 0.631692 0.129302 0.0480368 0.63208 0.12922 0.0480618 0.631934 0.129357 0.0480093 0.632236 0.129386 0.04795 0.632566 0.129386 0.0479801 0.6324 0.129301 0.0478904 0.632886 0.129358 0.0479198 0.632729 0.129219 0.0478627 0.63303 0.127841 0.0474913 0.634941 0.127958 0.0475133 0.634831 0.127409 0.0474462 0.635147 0.127087 0.0474388 0.635157 0.127248 0.04744 0.635166 0.126782 0.0474519 0.635055 0.12693 0.0474428 0.63512 0.12653 0.0474835 0.634856 0.126647 0.0474656 0.634966 0.126432 0.0475049 0.634729 0.126355 0.0475291 0.634589 0.12661 0.0482279 0.630766 0.126556 0.0480456 0.631765 0.126484 0.048249 0.630638 0.127077 0.0481969 0.630982 0.127127 0.0481065 0.631485 0.127274 0.0481109 0.631475 0.126747 0.0483608 0.632551 0.126797 0.0486654 0.634044 0.126747 0.0480601 0.634206 0.126793 0.0488719 0.632595 0.125536 0.0492089 0.62858 0.126254 0.0489888 0.628603 0.125556 0.0489769 0.6286 0.126275 0.0492307 0.628582 0.126749 0.0489888 0.629093 0.126777 0.049137 0.630054 0.126749 0.0488091 0.630083 0.126768 0.0492066 0.629074 0.127272 0.049137 0.630545 0.130386 0.0486991 0.630599 0.12723 0.0486455 0.630587 0.13043 0.0492068 0.630555 0.130882 0.0486991 0.631089 0.130924 0.0490268 0.63198 0.130881 0.0485396 0.631967 0.130919 0.0491318 0.631052 0.130794 0.0485396 0.632256 0.130831 0.0489506 0.632267 0.128769 0.048448 0.635206 0.126694 0.0474087 0.638084 0.126711 0.0477904 0.638117 0.125524 0.0476634 0.638322 0.125548 0.0473962 0.638298 0.126281 0.0474087 0.638301 0.126293 0.0476738 0.638324 0.125013 0.0488085 0.632584 0.125053 0.0483495 0.632544 0.125007 0.0478851 0.637835 0.125051 0.0473962 0.637792 0.124298 0.0485089 0.632052 0.124542 0.048513 0.632052 0.124516 0.0488085 0.632078 0.124272 0.0488024 0.632077 0.123801 0.0485089 0.631545 0.123767 0.0488897 0.631579 0.123801 0.0485958 0.631067 0.123771 0.0489432 0.631036 0.124302 0.0485958 0.630577 0.124531 0.0490639 0.630537 0.124571 0.0486004 0.630578 0.124262 0.0490561 0.630536 0.125055 0.0487989 0.63007 0.125032 0.0490639 0.630047 0.125055 0.0489769 0.62909 0.125042 0.0491296 0.629077 0.127701 0.0486654 0.634325 0.128706 0.0488922 0.632881 0.128805 0.048311 0.63283 0.127644 0.047986 0.634507 0.127292 0.0488719 0.63209 0.127264 0.0485592 0.632062 0.128355 0.0485778 0.632066 0.128302 0.0488922 0.632094 0.124594 0.0444563 0.64562 0.124594 0.0447038 0.645023 0.127225 0.0447121 0.645027 0.127225 0.0444646 0.645623 0.124095 0.0448746 0.645793 0.12405 0.0453665 0.645836 0.124095 0.0451221 0.645196 0.124051 0.0456375 0.645151 0.124584 0.0449562 0.646316 0.124592 0.0448746 0.646309 0.127223 0.0448828 0.646313 0.12723 0.044963 0.64632 0.127721 0.0451304 0.6452 0.127767 0.0453855 0.645841 0.127721 0.0448828 0.645797 0.127766 0.0456619 0.645154 0.124518 0.0460186 0.644638 0.127224 0.0451304 0.64472 0.124593 0.0451221 0.644716 0.127301 0.0460363 0.644641 -0.0292907 0.0376214 0.627039 -0.0291564 0.037962 0.626914 -0.0292168 0.0380424 0.627043 -0.0240402 0.0369716 0.637154 -0.0238351 0.0373036 0.637124 -0.0237607 0.0372626 0.637253 -0.028663 0.0388282 0.626248 -0.0288148 0.0384916 0.626366 -0.0288258 0.0384318 0.626202 -0.023335 0.0383498 0.636874 -0.0231396 0.0386823 0.636817 -0.0230275 0.0386347 0.636942 -0.0288635 0.0383857 0.626041 -0.028672 0.0387683 0.626079 -0.0287088 0.0387228 0.625914 -0.0289246 0.0383529 0.625892 -0.0287695 0.0386923 0.62576 -0.0290758 0.0380135 0.626027 -0.0290146 0.0380479 0.626173 -0.0291079 0.037816 0.626617 -0.0291193 0.0378854 0.62677 -0.029249 0.0374776 0.626749 -0.0294727 0.0373581 0.627295 -0.0295484 0.0369402 0.627304 -0.0294214 0.0372808 0.62717 -0.0295225 0.0368675 0.62717 -0.0293919 0.0372068 0.627032 -0.0295193 0.0368007 0.627028 -0.0296484 0.0364626 0.627175 -0.0296491 0.0365285 0.627312 -0.0300096 0.0354523 0.627644 -0.0298937 0.0357882 0.627483 -0.0298897 0.0358525 0.627612 -0.0297715 0.0361901 0.62746 -0.0297905 0.0362604 0.627588 -0.0304131 0.0342464 0.628554 -0.0303209 0.0345783 0.628381 -0.0303402 0.0346449 0.628486 -0.0301127 0.0351803 0.627932 -0.0302273 0.0347843 0.627982 -0.0301208 0.0351176 0.627811 -0.0305166 0.0337944 0.628528 -0.0305015 0.033854 0.628631 -0.0306025 0.0334685 0.62872 -0.0304253 0.0341224 0.628341 -0.0304117 0.0341828 0.628448 -0.0308271 0.0325042 0.629331 -0.0307579 0.0328237 0.629121 -0.0307388 0.0328811 0.629211 -0.0306651 0.0332032 0.629012 -0.0306595 0.0332639 0.629105 -0.0309237 0.0319305 0.629847 -0.0309932 0.0315679 0.630005 -0.0309455 0.0318751 0.629772 -0.0308689 0.0322437 0.629628 -0.0308576 0.0323017 0.629708 -0.0310389 0.0310269 0.630554 -0.0310816 0.0306884 0.630753 -0.031062 0.0309734 0.630495 -0.0310094 0.031321 0.63031 -0.0309941 0.0313766 0.630376 -0.0310293 0.0300019 0.631669 -0.0310159 0.0300546 0.631708 -0.0309965 0.0297705 0.631961 -0.0310497 0.0305189 0.63112 -0.0310377 0.0305729 0.63117 -0.0310464 0.030253 0.631389 -0.0307809 0.0292466 0.632905 -0.0308749 0.0293866 0.63258 -0.0308626 0.0294378 0.632599 -0.031035 0.0296679 0.631899 -0.0310138 0.0297188 0.63193 -0.0309823 0.0294618 0.632215 -0.0305179 0.0291525 0.633565 -0.0303615 0.0291093 0.633887 -0.030524 0.0291019 0.633565 -0.030689 0.0290494 0.633226 -0.0308107 0.029146 0.632882 -0.0307945 0.0291961 0.632893 -0.0299878 0.0292784 0.63448 -0.0299927 0.0293297 0.634462 -0.029785 0.0294268 0.634745 -0.0303667 0.0290589 0.633895 -0.0301867 0.0290695 0.634222 -0.0303742 0.0290089 0.633904 -0.0291315 0.029998 0.635445 -0.02935 0.0297661 0.635241 -0.0293656 0.0298186 0.635207 -0.0295909 0.0296613 0.63496 -0.029577 0.029609 0.634987 -0.0287211 0.0305687 0.635754 -0.028473 0.0307895 0.63595 -0.0286918 0.030514 0.635798 -0.0288908 0.0301957 0.635675 -0.029115 0.0299456 0.635486 -0.0276129 0.0319634 0.63642 -0.027826 0.0316605 0.636321 -0.027874 0.0317186 0.636267 -0.0282221 0.0310179 0.636142 -0.0284435 0.0307352 0.636002 -0.0274009 0.0322715 0.636508 -0.0271343 0.0325254 0.636653 -0.0273498 0.0322136 0.636573 -0.0276656 0.0320224 0.636364 -0.0269196 0.032841 0.636723 -0.0269796 0.0329004 0.636654 -0.0267055 0.0331597 0.636785 -0.0271899 0.032584 0.636586 -0.026435 0.0339288 0.63675 -0.0266375 0.0336049 0.636706 -0.026719 0.0336704 0.636657 -0.0269181 0.0333469 0.636605 -0.0268413 0.0332826 0.636654 -0.0263543 0.0338639 0.636812 -0.0261485 0.0341881 0.636849 -0.0264926 0.0334802 0.636839 -0.0265615 0.0335411 0.636767 -0.0262809 0.0338022 0.636885 -0.0258617 0.0344503 0.636954 -0.0260706 0.0341256 0.636923 -0.025944 0.0345137 0.636878 -0.025654 0.0347762 0.636977 -0.0260341 0.0345807 0.636816 -0.025741 0.0348404 0.6369 -0.0254478 0.0351032 0.636992 -0.0255392 0.0351682 0.636915 -0.0256387 0.0352375 0.636853 -0.0253389 0.035497 0.636922 -0.0252428 0.0354312 0.637001 -0.025443 0.0355674 0.636861 -0.02514 0.0358268 0.636923 -0.0250393 0.0357601 0.637002 -0.0248371 0.0360898 0.636996 -0.0249425 0.0361573 0.636916 -0.0246363 0.0364202 0.636983 -0.0250559 0.0362301 0.636857 -0.0251734 0.0363056 0.636818 -0.0248644 0.0365626 0.636845 -0.0247463 0.0364885 0.636903 -0.0244369 0.0367511 0.636964 -0.0249862 0.0366396 0.636808 -0.0246743 0.0368957 0.636826 -0.0243584 0.0371528 0.636858 -0.0244857 0.0372293 0.636801 -0.0241665 0.0374856 0.636826 -0.0248003 0.0369741 0.636792 -0.0243387 0.038152 0.636698 -0.0240702 0.0383174 0.636667 -0.0242507 0.037981 0.636707 -0.0237135 0.0389909 0.636571 -0.0240154 0.0387701 0.636626 -0.0238554 0.0390791 0.636584 -0.0241126 0.0378979 0.636734 -0.0242984 0.0375635 0.63677 -0.0244326 0.037645 0.636741 -0.0241765 0.038461 0.636665 -0.0238911 0.038654 0.636622 -0.0246158 0.0373093 0.636769 -0.0233463 0.0379325 0.637179 -0.0236313 0.037636 0.637088 -0.0234287 0.0379687 0.637046 -0.0245516 0.0368204 0.636884 -0.0242389 0.0370826 0.636938 -0.0232274 0.0383016 0.636997 -0.0235528 0.0375975 0.63722 -0.0229375 0.0386026 0.63708 -0.0235322 0.0380174 0.636924 -0.0258357 0.0349085 0.636838 -0.025362 0.0359725 0.636821 -0.0252487 0.0358983 0.636862 -0.0262339 0.0342541 0.636787 -0.0271183 0.0330254 0.636546 -0.0270462 0.0329622 0.636595 -0.0267699 0.0332198 0.636715 -0.0275207 0.0323924 0.636402 -0.0272518 0.0326449 0.636527 -0.0274583 0.0323314 0.636451 -0.0273191 0.032707 0.636478 -0.0275661 0.0319063 0.636483 -0.0277835 0.0316041 0.636381 -0.0280021 0.0313078 0.636268 -0.0282559 0.0310729 0.636087 -0.0280403 0.0313634 0.63621 -0.0282946 0.0311292 0.636037 -0.0280836 0.0314206 0.636158 -0.0286666 0.0304604 0.635847 -0.0285071 0.030845 0.635902 -0.0289364 0.0303027 0.635589 -0.0289117 0.0302487 0.63563 -0.0293377 0.0297142 0.635278 -0.0291516 0.0300513 0.635407 -0.0295578 0.0295057 0.635049 -0.0295659 0.029557 0.635017 -0.0293842 0.0298716 0.635176 -0.0297944 0.0294786 0.634722 -0.0297744 0.0293245 0.634797 -0.0297783 0.0293754 0.63477 -0.0301828 0.0291197 0.634207 -0.0299854 0.0291769 0.634521 -0.0299853 0.0292274 0.6345 -0.0303585 0.02916 0.63388 -0.0301812 0.0291703 0.634193 -0.030182 0.0292212 0.634181 -0.0305434 0.0290017 0.633568 -0.0306753 0.0290992 0.63323 -0.0305325 0.0290516 0.633566 -0.0307701 0.0292974 0.632918 -0.030664 0.0291496 0.633235 -0.0306552 0.0292002 0.633242 -0.0309625 0.0295124 0.632239 -0.0309084 0.0292856 0.632543 -0.0308902 0.0293358 0.632561 -0.0309459 0.0295636 0.632265 -0.030983 0.0298226 0.631994 -0.0309328 0.0296151 0.632291 -0.0310642 0.0302002 0.631345 -0.0310691 0.0298984 0.631595 -0.0310869 0.0301484 0.631302 -0.0310471 0.0299498 0.631631 -0.0310673 0.0304654 0.63107 -0.0310904 0.0304131 0.631022 -0.0310335 0.0303063 0.631433 -0.0310304 0.0308502 0.630918 -0.0310413 0.0307955 0.630863 -0.0310584 0.0307414 0.630808 -0.0310323 0.0312669 0.630245 -0.031013 0.0311373 0.630675 -0.0310225 0.0310818 0.630615 -0.0309708 0.0316226 0.630075 -0.0309566 0.031679 0.630145 -0.0309109 0.0319877 0.629923 -0.0308899 0.0321876 0.629548 -0.030807 0.0325609 0.629416 -0.0307975 0.0326198 0.629501 -0.0306829 0.033145 0.628918 -0.0307312 0.0329409 0.6293 -0.0305825 0.0335891 0.628917 -0.030586 0.0335274 0.628819 -0.030513 0.0339809 0.628832 -0.0305004 0.0339166 0.628733 -0.0303288 0.0344525 0.628159 -0.030317 0.0345136 0.628271 -0.030429 0.0343119 0.628656 -0.0302239 0.0349119 0.628212 -0.0302468 0.0349798 0.628321 -0.0302172 0.0348461 0.628099 -0.0300034 0.0355158 0.627769 -0.0301222 0.0352471 0.628049 -0.0297733 0.0361251 0.627327 -0.030016 0.0355838 0.62789 -0.0299054 0.0359216 0.627737 -0.0293861 0.0371391 0.626886 -0.0296714 0.0366001 0.627444 -0.0293465 0.0377003 0.627167 -0.0292575 0.0375461 0.626899 -0.0290837 0.0383843 0.626924 -0.0290187 0.0383023 0.626793 -0.0289631 0.0381541 0.626489 -0.0289775 0.0382243 0.626646 -0.0288323 0.0385627 0.626527 -0.0288775 0.038642 0.626676 -0.0286837 0.0389003 0.626412 -0.0287332 0.038981 0.626564 -0.0289022 0.039152 0.626808 -0.029025 0.0388396 0.62691 -0.0288079 0.0390664 0.626698 -0.0289473 0.0387257 0.626809 -0.0291619 0.0377096 0.62631 -0.029223 0.0376741 0.626167 -0.0289761 0.0380946 0.626329 -0.0291451 0.0385272 0.627014 -0.0293053 0.0373711 0.626451 -0.0293662 0.0373348 0.626312 -0.0291227 0.0377568 0.626461 -0.0292623 0.0382149 0.627122 -0.0294446 0.0370325 0.626596 -0.0295051 0.0369958 0.626461 -0.0292654 0.0374187 0.626598 -0.0293767 0.0379026 0.627233 -0.0295798 0.036694 0.626747 -0.0296397 0.0366571 0.626615 -0.0294042 0.0370804 0.62674 -0.0294882 0.0375905 0.627348 -0.0297107 0.036356 0.626902 -0.0297699 0.036319 0.626774 -0.0295389 0.0367423 0.626886 -0.0295967 0.0372786 0.627465 -0.0295952 0.0370162 0.627428 -0.0298371 0.0360184 0.627063 -0.0298956 0.0359815 0.626938 -0.0296694 0.0364045 0.627037 -0.0297022 0.036967 0.627587 -0.029714 0.0366746 0.627565 -0.029959 0.0356817 0.627228 -0.0300166 0.0356448 0.627107 -0.0297956 0.0360673 0.627193 -0.0298046 0.0366559 0.627712 -0.0298289 0.0363336 0.627707 -0.0300762 0.035346 0.627398 -0.0301329 0.035309 0.627281 -0.0299172 0.0357308 0.627354 -0.0299039 0.0363451 0.62784 -0.0299397 0.0359934 0.627854 -0.0301885 0.0350114 0.627574 -0.0302443 0.0349744 0.62746 -0.0300342 0.0353953 0.62752 -0.0300464 0.0356542 0.628005 -0.0299999 0.036035 0.627973 -0.0302959 0.0346783 0.627754 -0.0303507 0.034641 0.627644 -0.0301465 0.0350609 0.627691 -0.0301488 0.0353163 0.62816 -0.0300927 0.0357254 0.628109 -0.0301821 0.0354166 0.628249 -0.0303982 0.0343468 0.62794 -0.030452 0.034309 0.627834 -0.0302539 0.0347279 0.627867 -0.030268 0.0351086 0.628393 -0.0304952 0.034017 0.628131 -0.0305481 0.0339786 0.628029 -0.0303562 0.0343965 0.628048 -0.0303504 0.0348016 0.62854 -0.0305868 0.0336893 0.628327 -0.0306388 0.0336499 0.62823 -0.0304534 0.0340668 0.628234 -0.0304291 0.0344956 0.628692 -0.030673 0.0333638 0.628528 -0.030724 0.0333233 0.628436 -0.0305453 0.0337391 0.628426 -0.0305041 0.0341908 0.628849 -0.0307535 0.0330407 0.628735 -0.0308037 0.0329988 0.628648 -0.0306318 0.0334137 0.628623 -0.0305752 0.0338873 0.629009 -0.030592 0.0336522 0.629012 -0.0308283 0.0327198 0.628948 -0.0308776 0.0326767 0.628866 -0.0307126 0.0330906 0.628825 -0.0306424 0.0335852 0.629174 -0.030666 0.033326 0.629197 -0.0308972 0.0324008 0.629167 -0.0309451 0.0323577 0.62909 -0.0307879 0.0327696 0.629033 -0.0307055 0.0332847 0.629343 -0.0307349 0.033002 0.629387 -0.0309595 0.0320847 0.629394 -0.0310057 0.0320422 0.629321 -0.0308574 0.0324505 0.629248 -0.0307644 0.032986 0.629517 -0.0307985 0.0326799 0.629584 -0.0310144 0.0317727 0.629628 -0.0310589 0.031731 0.629559 -0.0309203 0.0321344 0.62947 -0.0308188 0.0326893 0.629696 -0.0308561 0.0323609 0.629787 -0.0310612 0.031466 0.62987 -0.0311042 0.0314247 0.629805 -0.0309759 0.0318223 0.629699 -0.0308682 0.0323952 0.62988 -0.0309071 0.032046 0.629998 -0.0310991 0.0311655 0.630121 -0.0311408 0.0311242 0.63006 -0.0310235 0.0315154 0.629936 -0.0309507 0.0317363 0.630216 -0.0309122 0.0321042 0.630071 -0.0311273 0.0308725 0.630381 -0.0311679 0.0308307 0.630324 -0.0310623 0.0312149 0.630182 -0.0309862 0.0314331 0.630441 -0.0309501 0.0318169 0.630268 -0.0309816 0.0315339 0.630473 -0.0311452 0.030588 0.63065 -0.0311847 0.0305454 0.630597 -0.0310916 0.0309218 0.630437 -0.0310059 0.0312561 0.630685 -0.0311519 0.0303131 0.630929 -0.0311899 0.0302703 0.630882 -0.0311106 0.0306372 0.630701 -0.0310225 0.0309842 0.630906 -0.0311461 0.030049 0.631221 -0.0311819 0.0300075 0.631177 -0.0311186 0.0303621 0.630975 -0.0310307 0.0307194 0.631136 -0.0311255 0.0297994 0.631525 -0.0311589 0.0297601 0.631485 -0.0311143 0.0300978 0.631261 -0.0310294 0.0304632 0.631375 -0.031088 0.0295694 0.631841 -0.0311192 0.0295316 0.631806 -0.0310953 0.0298482 0.631559 -0.0310171 0.0302178 0.631625 -0.0310316 0.0293636 0.63217 -0.0310607 0.0293261 0.632139 -0.0310597 0.029618 0.631869 -0.0309921 0.0299864 0.631888 -0.0309534 0.0291877 0.63251 -0.0309813 0.0291493 0.632484 -0.0310054 0.0294122 0.632192 -0.0309522 0.0297727 0.632163 -0.0308507 0.0290483 0.632863 -0.0308788 0.0290076 0.632839 -0.0309295 0.0292361 0.632526 -0.0308947 0.0295824 0.632452 -0.0307235 0.0289518 0.63322 -0.0307514 0.0289076 0.633201 -0.0308294 0.0290967 0.632872 -0.0308167 0.0294226 0.632754 -0.0305718 0.0289041 0.633576 -0.0305982 0.0288579 0.633563 -0.0307051 0.0290001 0.633222 -0.0307165 0.0293003 0.633068 -0.030396 0.0289112 0.633925 -0.0304215 0.028862 0.633917 -0.0305564 0.0289525 0.633572 -0.0305932 0.0292232 0.633387 -0.0302015 0.0289715 0.634257 -0.0302254 0.0289184 0.634255 -0.030384 0.0289596 0.633914 -0.0304468 0.0291999 0.633705 -0.0299929 0.0290785 0.634568 -0.0300149 0.0290221 0.634573 -0.0301929 0.0290201 0.634239 -0.0302807 0.0292331 0.634011 -0.0297746 0.0292256 0.634856 -0.0297939 0.0291676 0.634868 -0.0299879 0.0291272 0.634544 -0.0301005 0.0293178 0.6343 -0.0295506 0.0294062 0.635118 -0.0295668 0.0293468 0.635137 -0.0297731 0.0292745 0.634826 -0.0299116 0.0294457 0.634566 -0.0293231 0.0296142 0.635357 -0.0293361 0.0295532 0.635384 -0.0295527 0.0294554 0.635083 -0.0297181 0.029609 0.634808 -0.0290929 0.0298449 0.635575 -0.0291037 0.0297815 0.635608 -0.0293288 0.0296635 0.635317 -0.0295225 0.0298004 0.635027 -0.0288613 0.0300943 0.635774 -0.0288706 0.0300278 0.635811 -0.0291021 0.0298945 0.63553 -0.0293267 0.0300135 0.635225 -0.0291751 0.030105 0.635373 -0.0286297 0.0303583 0.635954 -0.0286373 0.0302888 0.635996 -0.028874 0.0301442 0.635723 -0.0291316 0.0302437 0.635403 -0.0289648 0.0303572 0.635551 -0.0283992 0.0306325 0.636117 -0.0284049 0.030561 0.636164 -0.0286458 0.0304083 0.635899 -0.0289378 0.0304872 0.635565 -0.0287544 0.0306241 0.635713 -0.0281704 0.0309145 0.636265 -0.0281731 0.0308429 0.636317 -0.0284189 0.0306827 0.636057 -0.0287455 0.0307411 0.635711 -0.0285453 0.0309012 0.63586 -0.0279431 0.0312037 0.636398 -0.0279423 0.0311327 0.636456 -0.0281935 0.0309649 0.636201 -0.0285545 0.0310032 0.635845 -0.0283377 0.0311863 0.635993 -0.0277171 0.0314994 0.636518 -0.0277125 0.0314294 0.636581 -0.0279696 0.0312543 0.636331 -0.0283651 0.0312719 0.635966 -0.0281316 0.0314787 0.636112 -0.0274924 0.0318009 0.636626 -0.0274839 0.0317318 0.636694 -0.0277471 0.0315502 0.636447 -0.0279269 0.0317776 0.63622 -0.0281771 0.0315466 0.636077 -0.0272686 0.0321076 0.636722 -0.0272564 0.0320391 0.636796 -0.0275258 0.0318519 0.636552 -0.0277233 0.0320824 0.636316 -0.0279908 0.0318262 0.636177 -0.0278059 0.0321102 0.636267 -0.0270458 0.0324188 0.636808 -0.0270301 0.0323506 0.636886 -0.0273055 0.0321588 0.636645 -0.0276226 0.0323979 0.636348 -0.0268236 0.0327338 0.636884 -0.0268046 0.0326656 0.636967 -0.027086 0.0324701 0.636727 -0.0274405 0.0326886 0.63642 -0.026602 0.0330519 0.636952 -0.0265802 0.0329834 0.637039 -0.0268673 0.0327852 0.6368 -0.0272597 0.0329819 0.636485 -0.0263815 0.0333719 0.637011 -0.0263567 0.0333036 0.637102 -0.0266493 0.0331034 0.636865 -0.0270799 0.0332772 0.636544 -0.0261623 0.0336934 0.637062 -0.0261341 0.033626 0.637157 -0.0264323 0.0334234 0.636921 -0.026901 0.0335742 0.636596 -0.0259443 0.0340164 0.637105 -0.0259124 0.0339503 0.637204 -0.0262165 0.033745 0.636969 -0.026723 0.0338727 0.636642 -0.0265212 0.0339954 0.636702 -0.0257276 0.0343407 0.63714 -0.0256917 0.0342763 0.637243 -0.0260021 0.034068 0.63701 -0.0265459 0.0341727 0.636681 -0.0263248 0.0343219 0.636739 -0.0255122 0.0346662 0.637167 -0.0254722 0.0346039 0.637274 -0.025789 0.0343923 0.637042 -0.0263698 0.034474 0.636716 -0.0261296 0.0346497 0.63677 -0.025298 0.0349929 0.637187 -0.0252538 0.034933 0.637297 -0.0255772 0.0347177 0.637067 -0.0261947 0.0347764 0.636744 -0.0259357 0.0349787 0.636793 -0.0250852 0.0353206 0.637199 -0.0250366 0.0352632 0.637313 -0.0253667 0.0350443 0.637084 -0.0260206 0.03508 0.636766 -0.0257432 0.035309 0.636809 -0.0248736 0.0356493 0.637204 -0.0248206 0.0355946 0.637321 -0.0251576 0.0353719 0.637094 -0.0255519 0.0356403 0.636819 -0.0258476 0.0353844 0.636783 -0.0246634 0.0359788 0.637202 -0.0246059 0.0359269 0.637321 -0.0249497 0.0357004 0.637097 -0.0256756 0.0356898 0.636794 -0.0255046 0.0359958 0.6368 -0.0244544 0.0363091 0.637193 -0.0243926 0.03626 0.637315 -0.0247432 0.0360297 0.637092 -0.0253348 0.0363026 0.636801 -0.0242467 0.03664 0.637177 -0.0241806 0.0365937 0.637301 -0.024538 0.0363598 0.637081 -0.025166 0.0366099 0.636796 -0.0239699 0.036928 0.637281 -0.0243342 0.0366904 0.637063 -0.0249984 0.0369177 0.636786 -0.0236532 0.0380792 0.636821 -0.023847 0.0377468 0.636866 -0.0239761 0.0378187 0.636787 -0.0241317 0.0370216 0.637038 -0.0248318 0.0372258 0.636772 -0.0240422 0.0374146 0.636905 -0.0239305 0.0373532 0.637006 -0.0246664 0.0375343 0.636752 -0.0237307 0.0376852 0.636968 -0.024502 0.0378431 0.636727 -0.0237871 0.0381521 0.636742 -0.0237453 0.0385676 0.636642 -0.0239282 0.0382327 0.636691 -0.0231412 0.0382676 0.637133 -0.0234608 0.0384118 0.63677 -0.0235996 0.0384855 0.636692 -0.0232703 0.0387447 0.636713 -0.0234141 0.0388194 0.636635 -0.0235643 0.0389029 0.636588 -0.0226964 0.0389274 0.637032 -0.0229375 0.0386026 0.63708 -0.0227691 0.0389513 0.636918 -0.0235643 0.0389029 0.636588 -0.0237135 0.0389909 0.636571 -0.0233869 0.0393381 0.636498 -0.0231587 0.0391741 0.636567 -0.0230002 0.0395896 0.636422 -0.0228891 0.039495 0.636469 -0.0234141 0.0388194 0.636635 -0.0232703 0.0387447 0.636713 -0.0234971 0.0394245 0.636494 -0.0232729 0.0392537 0.636522 -0.0238554 0.0390791 0.636584 -0.0232133 0.0397939 0.636393 -0.0233153 0.0398875 0.636412 -0.0226428 0.0405172 0.636127 -0.0229016 0.0401156 0.636267 -0.0229894 0.0402307 0.636285 -0.0230479 0.0391021 0.636631 -0.0229442 0.03904 0.636713 -0.0231396 0.0386823 0.636817 -0.0228505 0.0389895 0.63681 -0.0230275 0.0386347 0.636942 -0.0225007 0.0392402 0.636844 -0.0224283 0.0392155 0.636964 -0.0222079 0.0394908 0.636746 -0.0222919 0.0395332 0.636626 -0.0224894 0.0396753 0.636422 -0.0226768 0.0393383 0.636626 -0.02278 0.0394102 0.636538 -0.0219041 0.0397025 0.63661 -0.021824 0.0396813 0.636747 -0.0219934 0.0397471 0.636484 -0.0225828 0.0392814 0.63673 -0.0231095 0.0396905 0.636397 -0.0236061 0.0395019 0.63651 -0.0221309 0.0394705 0.636869 -0.0223867 0.0395951 0.636516 -0.0225963 0.0397716 0.636348 -0.0222867 0.0399989 0.636202 -0.0227033 0.0398801 0.636297 -0.0228062 0.0399964 0.63627 -0.0220887 0.0398126 0.636372 -0.0221873 0.0398973 0.636277 -0.0223845 0.0401148 0.636148 -0.022478 0.0402421 0.636117 -0.0225648 0.0403774 0.63611 -0.028125 0.039564 0.625615 -0.0280954 0.0396357 0.62577 -0.028672 0.0387683 0.626079 -0.0287088 0.0387228 0.625914 -0.0281765 0.0395126 0.625458 -0.0287695 0.0386923 0.62576 -0.0286364 0.0389583 0.625632 -0.0282485 0.0394831 0.625304 -0.0284129 0.0392934 0.625435 -0.028663 0.0388282 0.626248 -0.0280887 0.0397254 0.625918 -0.0286837 0.0389003 0.626412 -0.028105 0.0398307 0.626055 -0.0287332 0.038981 0.626564 -0.0281439 0.0399482 0.626176 -0.0282042 0.0400745 0.626278 -0.0288079 0.0390664 0.626698 -0.0289022 0.039152 0.626808 -0.028284 0.0402058 0.626358 -0.0223845 0.0401148 0.636148 -0.021393 0.0405025 0.635672 -0.0213283 0.0403634 0.63575 -0.0222867 0.0399989 0.636202 -0.0221873 0.0398973 0.636277 -0.022478 0.0402421 0.636117 -0.021448 0.0406526 0.635619 -0.0225648 0.0403774 0.63611 -0.0226428 0.0405172 0.636127 -0.0214917 0.0408067 0.635592 -0.0215237 0.0409581 0.635588 -0.0212563 0.0402422 0.635851 -0.0211802 0.0401441 0.635971 -0.0220887 0.0398126 0.636372 -0.0219934 0.0397471 0.636484 -0.0211035 0.0400726 0.636103 -0.0210295 0.0400283 0.63624 -0.0219041 0.0397025 0.63661 -0.021824 0.0396813 0.636747 -0.0214092 0.0398812 0.636568 -0.0209606 0.0400097 0.636378 -0.0271283 0.0402194 0.624997 -0.0268413 0.040242 0.624605 -0.0267649 0.0403137 0.624735 -0.0275956 0.0399574 0.624983 -0.0272704 0.0401036 0.624729 -0.0271949 0.0401487 0.624863 -0.0269266 0.0401959 0.62447 -0.0270742 0.040315 0.625126 -0.0279028 0.0397576 0.625219 -0.0281765 0.0395126 0.625458 -0.0282485 0.0394831 0.625304 -0.0273438 0.0400797 0.624599 -0.0276667 0.0399366 0.624852 -0.0278451 0.0398014 0.625355 -0.028125 0.039564 0.625615 -0.0275291 0.0400027 0.625118 -0.0266996 0.0404091 0.624855 -0.0266471 0.0405255 0.624963 -0.0270185 0.0401768 0.624332 -0.0270355 0.0404323 0.625244 -0.0266089 0.0406597 0.625054 -0.027014 0.0405663 0.625346 -0.0265861 0.0408079 0.625127 -0.0274464 0.0406711 0.625777 -0.0274182 0.0405328 0.625708 -0.0270218 0.0408591 0.625487 -0.0270468 0.0410055 0.625525 -0.0274866 0.040808 0.625825 -0.0265794 0.040966 0.625179 -0.0270098 0.0407109 0.625427 -0.0278466 0.0404155 0.626047 -0.0279023 0.0405394 0.626104 -0.028284 0.0402058 0.626358 -0.0265888 0.0411297 0.62521 -0.0274741 0.0400712 0.625254 -0.0274338 0.0401621 0.625387 -0.0274107 0.0402725 0.62551 -0.0274056 0.040398 0.625618 -0.027969 0.0397353 0.625089 -0.0278013 0.039866 0.625494 -0.0277741 0.0399502 0.62563 -0.0277654 0.0400517 0.625757 -0.0277755 0.0401664 0.625872 -0.0278034 0.0402894 0.625969 -0.0280954 0.0396357 0.62577 -0.0280887 0.0397254 0.625918 -0.028105 0.0398307 0.626055 -0.0281439 0.0399482 0.626176 -0.0282042 0.0400745 0.626278 -0.017806 0.0414997 0.633847 -0.021448 0.0406526 0.635619 -0.0214917 0.0408067 0.635592 -0.0213283 0.0403634 0.63575 -0.0176489 0.0410529 0.634011 -0.0212563 0.0402422 0.635851 -0.021393 0.0405025 0.635672 -0.0177646 0.0413444 0.633876 -0.0177118 0.0411931 0.633931 -0.0178357 0.0416524 0.633841 -0.0215237 0.0409581 0.635588 -0.0175784 0.040931 0.634114 -0.0175034 0.0408327 0.634236 -0.0211802 0.0401441 0.635971 -0.0211035 0.0400726 0.636103 -0.0174274 0.0407614 0.634369 -0.0173537 0.0407179 0.634509 -0.0210295 0.0400283 0.63624 -0.0209606 0.0400097 0.636378 -0.0172849 0.0407006 0.634648 -0.0240414 0.0408821 0.623011 -0.0266996 0.0404091 0.624855 -0.0267649 0.0403137 0.624735 -0.0268413 0.040242 0.624605 -0.0241108 0.0407837 0.622887 -0.0266471 0.0405255 0.624963 -0.0269266 0.0401959 0.62447 -0.0241899 0.0407124 0.622755 -0.0242744 0.0406687 0.622623 -0.0270185 0.0401768 0.624332 -0.0243604 0.0406512 0.622494 -0.0239851 0.0410043 0.623123 -0.0239446 0.0411448 0.623216 -0.0266089 0.0406597 0.625054 -0.0265861 0.0408079 0.625127 -0.023921 0.0412967 0.623287 -0.0239138 0.0414527 0.623336 -0.0265794 0.040966 0.625179 -0.0265888 0.0411297 0.62521 -0.0239215 0.041606 0.623363 -0.0170346 0.0408134 0.634324 -0.0174274 0.0407614 0.634369 -0.0171138 0.0408585 0.634192 -0.0168991 0.0418514 0.633445 -0.0166131 0.0419714 0.633367 -0.0167835 0.0417494 0.633458 -0.0170844 0.0416741 0.63354 -0.0169818 0.0415562 0.633562 -0.0167398 0.0420558 0.633361 -0.0168584 0.042142 0.633378 -0.0166094 0.0422837 0.633291 -0.0165422 0.0415685 0.633554 -0.0164256 0.0414966 0.633634 -0.0167633 0.0413481 0.633676 -0.01711 0.0412732 0.633732 -0.0170119 0.0411649 0.633812 -0.0173695 0.0411403 0.633868 -0.0166464 0.0425781 0.633262 -0.0165882 0.0428213 0.633225 -0.0164484 0.0427962 0.633195 -0.0167618 0.0426476 0.633302 -0.016697 0.0430806 0.633255 -0.0165413 0.0430766 0.633198 -0.0167138 0.0428656 0.633271 -0.0174491 0.0412732 0.6338 -0.0177118 0.0411931 0.633931 -0.0177646 0.0413444 0.633876 -0.0176489 0.0410529 0.634011 -0.0172847 0.0410239 0.633959 -0.0175202 0.0414163 0.633757 -0.017806 0.0414997 0.633847 -0.0175784 0.040931 0.634114 -0.0178357 0.0416524 0.633841 -0.0175808 0.0415631 0.633739 -0.0171982 0.040929 0.634069 -0.0164638 0.04116 0.633986 -0.0162204 0.0414006 0.63384 -0.0163149 0.0411948 0.634054 -0.0166557 0.0412665 0.633765 -0.0173537 0.0407179 0.634509 -0.0175034 0.0408327 0.634236 -0.0167716 0.0408767 0.634338 -0.0170229 0.04077 0.634491 -0.0172849 0.0407006 0.634648 -0.0172925 0.0415277 0.633644 -0.0172047 0.041396 0.633676 -0.0160105 0.0416792 0.633712 -0.0159399 0.0416353 0.633819 -0.0168734 0.041446 0.633607 -0.0169145 0.0410755 0.633911 -0.0154957 0.0430806 0.633535 -0.0156244 0.0426946 0.633462 -0.0156102 0.0430766 0.633415 -0.0157083 0.042331 0.63352 -0.0158183 0.0423491 0.633426 -0.0156686 0.0421713 0.633649 -0.0158385 0.0419909 0.633604 -0.0157429 0.0430736 0.633315 -0.0157366 0.0427027 0.63337 -0.0165345 0.0410191 0.634191 -0.0167366 0.0409625 0.634148 -0.0161157 0.0414013 0.633929 -0.0168217 0.0410077 0.634025 -0.0176408 0.0417029 0.633748 -0.0173704 0.0416627 0.633636 -0.0165548 0.0412034 0.63387 -0.0166631 0.0416538 0.633494 -0.0174479 0.0417871 0.633655 -0.0171778 0.0417947 0.633541 -0.01579 0.0418932 0.633725 -0.0163172 0.0414404 0.633731 -0.0168427 0.0424345 0.633348 -0.0167374 0.0423506 0.633313 -0.0172645 0.0419054 0.633565 -0.0170062 0.0419556 0.633454 -0.0162276 0.0417611 0.633519 -0.0161126 0.0417135 0.633608 -0.0163523 0.0418212 0.633446 -0.0164823 0.0418922 0.633395 -0.0170982 0.0420561 0.633482 -0.0160656 0.0420551 0.633422 -0.015945 0.0420179 0.633506 -0.0161968 0.0421019 0.633356 -0.0163345 0.042157 0.633312 -0.0164737 0.0422183 0.63329 -0.0169558 0.0422347 0.633408 -0.0155777 0.042465 0.633593 -0.0159432 0.0423744 0.633346 -0.0160795 0.0424064 0.633285 -0.016223 0.0424441 0.633245 -0.0163686 0.0424864 0.633229 -0.0165112 0.0425316 0.633235 -0.0155196 0.0427695 0.633555 -0.0158642 0.0427148 0.633293 -0.016004 0.0427307 0.633235 -0.0161513 0.0427501 0.633199 -0.0163012 0.0427722 0.633186 -0.0158902 0.0430718 0.633239 -0.0160482 0.0430712 0.633188 -0.0162124 0.0430718 0.633164 -0.0163782 0.0430736 0.633167 -0.0226554 0.0420002 0.62203 -0.0226643 0.0420481 0.622177 -0.0228242 0.041704 0.622125 -0.023151 0.0413138 0.621837 -0.022883 0.0416201 0.62184 -0.0231042 0.0413402 0.621961 -0.0224374 0.0426669 0.621916 -0.022395 0.0430304 0.621796 -0.0224026 0.0430286 0.621962 -0.0224578 0.0426832 0.622067 -0.022541 0.0423553 0.622109 -0.0225251 0.0423226 0.621959 -0.0224149 0.0430333 0.621631 -0.0224398 0.0426544 0.621766 -0.022558 0.042278 0.621668 -0.0225924 0.0422782 0.621538 -0.0224633 0.0426461 0.621622 -0.0227334 0.0419251 0.621614 -0.0226994 0.0419343 0.621741 -0.0229211 0.0416011 0.621714 -0.0225011 0.042652 0.621489 -0.0237129 0.0408759 0.622137 -0.0233585 0.0410998 0.622102 -0.0236412 0.0409042 0.622261 -0.0224616 0.0430374 0.621472 -0.0242744 0.0406687 0.622623 -0.0239479 0.0407587 0.622436 -0.0238728 0.0408047 0.62257 -0.0234172 0.0410702 0.621979 -0.0241899 0.0407124 0.622755 -0.0243604 0.0406512 0.622494 -0.022824 0.0417655 0.622269 -0.0227462 0.0421669 0.62245 -0.0228155 0.0422334 0.622566 -0.0228858 0.0419187 0.622534 -0.0226382 0.0424371 0.622387 -0.0227155 0.0424831 0.622508 -0.0226949 0.0421043 0.622319 -0.0228448 0.041838 0.622407 -0.0235076 0.0416155 0.623061 -0.0233255 0.0417456 0.622939 -0.0233978 0.0418525 0.623006 -0.0231001 0.0417999 0.622745 -0.0231615 0.0419056 0.622832 -0.0232784 0.0416234 0.62286 -0.0237047 0.041519 0.623194 -0.0236917 0.0413706 0.623135 -0.0225009 0.042703 0.622213 -0.0225791 0.0423939 0.622253 -0.0235715 0.0417334 0.623123 -0.0239215 0.041606 0.623363 -0.0239138 0.0414527 0.623336 -0.0237486 0.0416516 0.623243 -0.0225652 0.0427256 0.622349 -0.0224987 0.0430286 0.622278 -0.0224375 0.0430279 0.622124 -0.022648 0.0427502 0.622472 -0.0225845 0.0430304 0.62242 -0.0226927 0.0430333 0.622546 -0.0228201 0.0430374 0.622652 -0.0227451 0.0427756 0.622578 -0.0225313 0.0422967 0.621811 -0.0228072 0.0425304 0.622611 -0.0228426 0.042829 0.622659 -0.0228951 0.0426123 0.622687 -0.0240299 0.0407351 0.62231 -0.0226677 0.0419621 0.621883 -0.0228994 0.0423014 0.622665 -0.0229794 0.0423963 0.622737 -0.0235227 0.0410195 0.622535 -0.0232617 0.0412087 0.622379 -0.0232378 0.041292 0.622517 -0.0228445 0.0416553 0.62198 -0.0229447 0.0420045 0.622646 -0.0230537 0.0416963 0.622639 -0.0230184 0.042092 0.62274 -0.0230943 0.0421911 0.622808 -0.0230276 0.0414386 0.622242 -0.0230577 0.041381 0.6221 -0.0230164 0.041512 0.622383 -0.0230252 0.041599 0.622517 -0.0233029 0.0411443 0.622239 -0.0232327 0.0413917 0.622646 -0.0232467 0.0415037 0.622762 -0.023236 0.042007 0.6229 -0.0234846 0.0411106 0.622668 -0.023576 0.0409504 0.622397 -0.0234639 0.0412207 0.622792 -0.0234615 0.0413453 0.622901 -0.0234767 0.0414789 0.622991 -0.0238067 0.0408764 0.622705 -0.0237533 0.0409729 0.622834 -0.0241108 0.0407837 0.622887 -0.0237155 0.0410911 0.622952 -0.0240414 0.0408821 0.623011 -0.0236949 0.0412257 0.623054 -0.0239851 0.0410043 0.623123 -0.0239446 0.0411448 0.623216 -0.023921 0.0412967 0.623287 -0.0154957 0.0430806 0.633535 -0.0156102 0.0430766 0.633415 -0.0155627 0.047031 0.633251 -0.0158435 0.0470261 0.633071 -0.0156935 0.047028 0.63315 -0.0157429 0.0430736 0.633315 -0.0163472 0.047028 0.632997 -0.0161776 0.0470261 0.632993 -0.0162124 0.0430718 0.633164 -0.0160072 0.0470254 0.633017 -0.0158902 0.0430718 0.633239 -0.0160482 0.0430712 0.633188 -0.0165413 0.0430766 0.633198 -0.0165089 0.047031 0.633029 -0.0163782 0.0430736 0.633167 -0.016697 0.0430806 0.633255 -0.0166571 0.0470349 0.633084 -0.0154545 0.0470349 0.633366 -0.0225845 0.0430304 0.62242 -0.0224199 0.047028 0.622479 -0.0225284 0.047031 0.622603 -0.0226503 0.0470349 0.622704 -0.0228201 0.0430374 0.622652 -0.0226927 0.0430333 0.622546 -0.0222673 0.0470254 0.622174 -0.0224026 0.0430286 0.621962 -0.0222318 0.0470261 0.622006 -0.0224375 0.0430279 0.622124 -0.0223311 0.0470261 0.622334 -0.0224987 0.0430286 0.622278 -0.0222256 0.047028 0.621836 -0.0224149 0.0430333 0.621631 -0.022247 0.047031 0.621673 -0.022395 0.0430304 0.621796 -0.0222926 0.0470349 0.621522 -0.0224616 0.0430374 0.621472 -0.0161776 0.0470261 0.632993 -0.0162831 0.0471975 0.632974 -0.0161464 0.0472096 0.632977 -0.0166004 0.0477164 0.632773 -0.0165524 0.0478631 0.632646 -0.016472 0.0477586 0.632738 -0.0160072 0.0470254 0.633017 -0.0158788 0.0472421 0.633037 -0.0158435 0.0470261 0.633071 -0.0160104 0.0472246 0.632998 -0.0156349 0.047801 0.633107 -0.0155336 0.0477671 0.633225 -0.0155789 0.0475606 0.633192 -0.0161713 0.0473813 0.632938 -0.0157989 0.0479474 0.632931 -0.0158157 0.0481998 0.632859 -0.0157108 0.0480224 0.632998 -0.0168013 0.0477832 0.632742 -0.0168884 0.047864 0.632655 -0.0167672 0.0478984 0.632595 -0.0164396 0.0473378 0.632957 -0.0165659 0.0473245 0.632991 -0.016479 0.0474764 0.632908 -0.0169658 0.0480113 0.632388 -0.0169835 0.0479285 0.632561 -0.017085 0.0479754 0.632462 -0.0168634 0.0479642 0.632494 -0.0170725 0.048038 0.632277 -0.0171911 0.0480031 0.632358 -0.0170407 0.0481142 0.632061 -0.016931 0.0482 0.631981 -0.0169536 0.0480958 0.6322 -0.0173003 0.0479885 0.632445 -0.0174154 0.048 0.632335 -0.0172861 0.0480129 0.632241 -0.0171876 0.0479555 0.632552 -0.0165332 0.047603 0.632846 -0.0166577 0.0475783 0.632889 -0.0163475 0.0475042 0.632886 -0.0164031 0.0476385 0.632818 -0.0166045 0.0474569 0.632946 -0.0163472 0.047028 0.632997 -0.0165089 0.047031 0.633029 -0.0164167 0.0471884 0.63299 -0.0165436 0.0471824 0.633022 -0.0166571 0.0470349 0.633084 -0.0157555 0.0472614 0.633094 -0.0156752 0.0475207 0.633112 -0.0156435 0.0472821 0.633166 -0.0156935 0.047028 0.63315 -0.0155627 0.047031 0.633251 -0.0155449 0.0473035 0.633249 -0.0157277 0.0477431 0.633033 -0.0154545 0.0470349 0.633366 -0.0154614 0.04729 0.633343 -0.0154878 0.0475341 0.633296 -0.0157852 0.0474816 0.633044 -0.0159067 0.0474446 0.632991 -0.0160366 0.0474108 0.632955 -0.0166628 0.0471929 0.633067 -0.0163069 0.0473568 0.632938 -0.0155985 0.0479891 0.633131 -0.0158345 0.0476863 0.632971 -0.0159532 0.0476324 0.632924 -0.0160807 0.0475831 0.632893 -0.0162134 0.04754 0.63288 -0.0166902 0.0473458 0.633032 -0.0156822 0.0482 0.633012 -0.0160164 0.047804 0.632836 -0.0159015 0.0478738 0.632876 -0.0161408 0.0477403 0.632813 -0.016271 0.0476846 0.632807 -0.0167373 0.047489 0.632981 -0.0159646 0.0481999 0.632721 -0.0159841 0.0480425 0.632763 -0.016215 0.0478809 0.632717 -0.0160945 0.047958 0.632731 -0.0163422 0.0478138 0.632719 -0.0168021 0.0476188 0.632916 -0.0167238 0.0476875 0.63282 -0.0161248 0.0482 0.632595 -0.0161855 0.0480925 0.632611 -0.0164252 0.0479263 0.632618 -0.0163015 0.0480035 0.632607 -0.0166425 0.0479507 0.632545 -0.016679 0.0478153 0.632688 -0.0168822 0.0477323 0.632838 -0.0162917 0.0481999 0.632479 -0.0163986 0.0481065 0.632485 -0.0164625 0.0481999 0.632369 -0.0165183 0.0480205 0.632507 -0.0169756 0.0478268 0.632751 -0.0166195 0.0480948 0.632387 -0.0166317 0.0482001 0.632257 -0.0167407 0.0480197 0.632435 -0.0170787 0.0479013 0.632655 -0.0167271 0.0481474 0.632261 -0.0167935 0.0482004 0.63213 -0.016845 0.0480687 0.63232 -0.0171601 0.0480513 0.632149 -0.0222187 0.0478621 0.622831 -0.0220815 0.0480198 0.622871 -0.0221759 0.04795 0.62296 -0.0218932 0.0482001 0.623298 -0.0218319 0.0482 0.623493 -0.0220331 0.0480958 0.623402 -0.0220824 0.0480685 0.623248 -0.0221302 0.0480193 0.6231 -0.0219727 0.0481473 0.623175 -0.0222106 0.0477671 0.62166 -0.0221596 0.0477989 0.621806 -0.0222045 0.0475588 0.621716 -0.0226503 0.0470349 0.622704 -0.02254 0.0471817 0.622636 -0.0226381 0.0471931 0.622717 -0.0221312 0.0479252 0.622735 -0.0222256 0.047028 0.621836 -0.022247 0.047031 0.621673 -0.022214 0.0472811 0.621785 -0.0219605 0.0481999 0.622488 -0.0220358 0.0480408 0.62228 -0.0219892 0.0481999 0.622287 -0.022237 0.0473024 0.621658 -0.0221613 0.0479891 0.621764 -0.0221007 0.0482 0.621896 -0.0221032 0.0480203 0.621926 -0.0222926 0.0470349 0.621522 -0.0220347 0.0481999 0.622088 -0.0221155 0.0478023 0.622272 -0.0220929 0.047872 0.622152 -0.0220638 0.0479564 0.622392 -0.0220054 0.0480913 0.62253 -0.0220592 0.0480024 0.622633 -0.0219441 0.0481997 0.62269 -0.0226217 0.0473461 0.622759 -0.0225243 0.0473235 0.622671 -0.0225047 0.0474557 0.622727 -0.0222933 0.0476372 0.622616 -0.022258 0.0477574 0.622716 -0.0223826 0.0476017 0.622715 -0.0221767 0.0478125 0.622613 -0.0224091 0.0474751 0.622637 -0.0220284 0.0480944 0.623018 -0.0220023 0.0481057 0.622778 -0.0222342 0.0480129 0.62367 -0.0221591 0.048038 0.623466 -0.0220915 0.0480513 0.623607 -0.0219562 0.0481142 0.623547 -0.0223807 0.048 0.623735 -0.0222882 0.0480031 0.623529 -0.0219213 0.0482 0.623096 -0.0224181 0.0479886 0.623581 -0.0223253 0.0479752 0.623385 -0.0222015 0.0480111 0.623318 -0.0219338 0.0481999 0.622893 -0.0224546 0.0479568 0.623429 -0.0223609 0.0479281 0.623247 -0.0222425 0.0479638 0.623176 -0.0224893 0.0479023 0.623284 -0.0223947 0.0478633 0.623118 -0.0222817 0.0478977 0.623043 -0.0225209 0.0478273 0.623147 -0.0224263 0.0477823 0.622999 -0.0223184 0.0478144 0.62292 -0.0221112 0.0478795 0.622504 -0.0224817 0.0475771 0.622801 -0.0225498 0.0477324 0.623022 -0.0224554 0.0476864 0.622893 -0.0223522 0.0477152 0.62281 -0.0221573 0.0477387 0.622392 -0.0220892 0.0479454 0.622036 -0.0222172 0.0476831 0.622507 -0.0225768 0.0476189 0.622914 -0.0221595 0.0476307 0.622174 -0.0221412 0.0476845 0.622047 -0.0221417 0.0477411 0.621924 -0.0221967 0.0475816 0.6223 -0.022252 0.0475386 0.622421 -0.0223238 0.0475028 0.622534 -0.0224312 0.0473367 0.622579 -0.0223489 0.0473557 0.622473 -0.0226012 0.0474892 0.622825 -0.0222489 0.0475341 0.621585 -0.02218 0.0474801 0.621968 -0.0221837 0.047519 0.621839 -0.0221948 0.0474432 0.6221 -0.0222805 0.0473801 0.622356 -0.0222285 0.0474095 0.62223 -0.0222762 0.04729 0.621539 -0.0222081 0.0472605 0.621918 -0.0222206 0.0472412 0.622053 -0.022252 0.0472238 0.622187 -0.0223017 0.0472088 0.622315 -0.0223681 0.0471967 0.622435 -0.0224485 0.0471877 0.622543 -0.0222318 0.0470261 0.622006 -0.0222673 0.0470254 0.622174 -0.0223311 0.0470261 0.622334 -0.0224199 0.047028 0.622479 -0.0225284 0.047031 0.622603 -0.0199904 0.0480129 0.628088 -0.0223807 0.048 0.623735 -0.0222342 0.0480129 0.62367 -0.016931 0.0482 0.631981 -0.0170407 0.0481142 0.632061 -0.0197272 0.0481142 0.627937 -0.0198553 0.0480513 0.62801 -0.0171601 0.0480513 0.632149 -0.0196095 0.0482 0.627869 -0.0219562 0.0481142 0.623547 -0.0218319 0.0482 0.623493 -0.0201291 0.048 0.628169 -0.0220915 0.0480513 0.623607 -0.0172861 0.0480129 0.632241 -0.0174154 0.048 0.632335 -0.0307165 0.0293003 0.633068 -0.0303338 0.0413978 0.632885 -0.0302691 0.041246 0.633073 -0.0305078 0.045 0.631529 -0.0309921 0.0299864 0.631888 -0.0310171 0.0302178 0.631625 -0.0308167 0.0294226 0.632754 -0.030438 0.0420119 0.632483 -0.030417 0.0417855 0.632585 -0.0301884 0.045 0.629083 -0.0306424 0.0335852 0.629174 -0.0305752 0.0338873 0.629009 -0.0288299 0.045 0.627021 -0.0292623 0.0382149 0.627122 -0.0291451 0.0385272 0.627014 -0.0295967 0.0372786 0.627465 -0.0293853 0.045 0.627637 -0.0297022 0.036967 0.627587 -0.0289022 0.039152 0.626808 -0.029025 0.0388396 0.62691 -0.028188 0.045 0.626495 -0.028284 0.0402058 0.626358 -0.0294882 0.0375905 0.627348 -0.0293767 0.0379026 0.627233 -0.0298046 0.0366559 0.627712 -0.0298416 0.045 0.62833 -0.0299039 0.0363451 0.62784 -0.0300927 0.0357254 0.628109 -0.0299999 0.036035 0.627973 -0.030268 0.0351086 0.628393 -0.0301821 0.0354166 0.628249 -0.0303504 0.0348016 0.62854 -0.0305041 0.0341908 0.628849 -0.0304291 0.0344956 0.628692 -0.0307055 0.0332847 0.629343 -0.0307644 0.032986 0.629517 -0.030418 0.045 0.62988 -0.0308682 0.0323952 0.62988 -0.0308188 0.0326893 0.629696 -0.0309501 0.0318169 0.630268 -0.0309122 0.0321042 0.630071 -0.0305251 0.045 0.630702 -0.0309816 0.0315339 0.630473 -0.0310059 0.0312561 0.630685 -0.0310225 0.0309842 0.630906 -0.0310307 0.0307194 0.631136 -0.0310294 0.0304632 0.631375 -0.0303659 0.045 0.632347 -0.0309522 0.0297727 0.632163 -0.0304444 0.0425 0.632392 -0.0308947 0.0295824 0.632452 -0.0303826 0.0415791 0.632721 -0.0298539 0.0410053 0.633927 -0.0302807 0.0292331 0.634011 -0.0299788 0.0410053 0.63371 -0.0301882 0.0411278 0.633277 -0.0304468 0.0291999 0.633705 -0.0305932 0.0292232 0.633387 -0.0297181 0.029609 0.634808 -0.0294465 0.0412456 0.634498 -0.0293167 0.0413974 0.634647 -0.0299116 0.0294457 0.634566 -0.0297205 0.0410463 0.634133 -0.0295829 0.0411276 0.634325 -0.0293267 0.0300135 0.635225 -0.0290984 0.041785 0.634869 -0.0290198 0.0420112 0.634939 -0.0291989 0.0415786 0.634772 -0.0295225 0.0298004 0.635027 -0.0288659 0.045 0.634945 -0.0289378 0.0304872 0.635565 -0.0291316 0.0302437 0.635403 -0.0289444 0.0425 0.63499 -0.0282288 0.045 0.635477 -0.0285545 0.0310032 0.635845 -0.0287455 0.0307411 0.635711 -0.027519 0.045 0.635906 -0.0281771 0.0315466 0.636077 -0.0283651 0.0312719 0.635966 -0.0278059 0.0321102 0.636267 -0.0279908 0.0318262 0.636177 -0.0274405 0.0326886 0.63642 -0.0272597 0.0329819 0.636485 -0.0276226 0.0323979 0.636348 -0.0267527 0.045 0.636224 -0.0270799 0.0332772 0.636544 -0.026723 0.0338727 0.636642 -0.0265459 0.0341727 0.636681 -0.026901 0.0335742 0.636596 -0.0259475 0.045 0.636423 -0.0263698 0.034474 0.636716 -0.0260206 0.03508 0.636766 -0.0258476 0.0353844 0.636783 -0.0261947 0.0347764 0.636744 -0.0256756 0.0356898 0.636794 -0.0255046 0.0359958 0.6368 -0.0251218 0.045 0.636499 -0.0253348 0.0363026 0.636801 -0.0249984 0.0369177 0.636786 -0.0248318 0.0372258 0.636772 -0.025166 0.0366099 0.636796 -0.0242943 0.045 0.63645 -0.0246664 0.0375343 0.636752 -0.0243387 0.038152 0.636698 -0.024502 0.0378431 0.636727 -0.0240154 0.0387701 0.636626 -0.0241765 0.038461 0.636665 -0.0234853 0.045 0.636278 -0.0238554 0.0390791 0.636584 -0.0236061 0.0395019 0.63651 -0.0233153 0.0398875 0.636412 -0.0229894 0.0402307 0.636285 -0.0227089 0.045 0.635985 -0.0226428 0.0405172 0.636127 -0.0289676 0.0422518 0.634979 -0.0301005 0.0293178 0.6343 -0.0300909 0.0410467 0.633492 -0.0304468 0.0422528 0.632417 0.129147 0.00533238 0.676083 0.129275 0.0121071 0.675643 0.12935 0.0121082 0.675798 0.129046 0.00533542 0.675953 0.129451 0.0121085 0.675939 0.129268 0.00532796 0.676196 0.129228 0.0121051 0.675477 0.129065 0.00769413 0.675667 0.128967 0.005337 0.675807 0.129147 0.00994929 0.6755 0.129211 0.0121025 0.675306 0.129574 0.0121081 0.676059 0.129406 0.00532228 0.676286 0.129558 0.00531549 0.676353 0.129715 0.012107 0.676157 0.129872 0.0121049 0.67623 0.129718 0.00530779 0.676394 0.130039 0.0121021 0.676273 0.129882 0.00529938 0.676407 0.130211 0.0120987 0.676289 0.129406 0.00532228 0.676286 0.129369 -2.56479e-06 0.676437 0.129203 -2.91157e-06 0.676357 0.129558 0.00531549 0.676353 0.129718 0.00530779 0.676394 0.129544 -1.56283e-06 0.676485 0.129718 2.71095e-12 0.6765 0.129882 0.00529938 0.676407 0.129268 0.00532796 0.676196 0.129055 -2.56786e-06 0.676248 0.128931 -1.56596e-06 0.676116 0.129147 0.00533238 0.676083 0.128835 1.16441e-09 0.675969 0.129046 0.00533542 0.675953 0.128967 0.005337 0.675807 0.129211 0.0121025 0.675306 0.129214 0.0121963 0.675292 0.129228 0.0121982 0.675452 0.130211 0.0120987 0.676289 0.130039 0.0121021 0.676273 0.130213 0.0121542 0.676288 0.129228 0.0121051 0.675477 0.129271 0.0121986 0.675617 0.129344 0.0121971 0.675779 0.129275 0.0121071 0.675643 0.129447 0.0121935 0.675928 0.12935 0.0121082 0.675798 0.129451 0.0121085 0.675939 0.129576 0.0121881 0.676057 0.129726 0.012181 0.67616 0.129574 0.0121081 0.676059 0.129715 0.012107 0.676157 0.129887 0.0121727 0.676233 0.130052 0.0121636 0.676275 0.129872 0.0121049 0.67623 0.129203 -2.91157e-06 0.676357 0.129369 -2.56479e-06 0.676437 0.129406 -0.00532198 0.676286 0.129544 -1.56283e-06 0.676485 0.129558 -0.0053152 0.676353 0.129882 -0.00529908 0.676408 0.129718 -0.00530749 0.676394 0.129718 2.71095e-12 0.6765 0.129268 -0.00532766 0.676196 0.129055 -2.56786e-06 0.676248 0.129147 -0.00533208 0.676083 0.128931 -1.56596e-06 0.676116 0.129046 -0.00533512 0.675953 0.128835 1.16441e-09 0.675969 0.128967 -0.0053367 0.675807 0.129854 0.0128636 0.6761 0.129892 0.0131285 0.676 0.129988 0.0130546 0.6761 0.129576 0.0121881 0.676057 0.129551 0.0124509 0.675997 0.129673 0.0124262 0.676102 0.129631 0.0126957 0.675998 0.129972 0.0127981 0.67618 0.129808 0.0131916 0.675882 0.129654 0.0129727 0.675879 0.129741 0.0132419 0.675751 0.130113 0.0136692 0.675622 0.13015 0.0136189 0.675758 0.129932 0.0134452 0.675755 0.130616 0.0139634 0.675491 0.130342 0.0138516 0.675487 0.130615 0.0139878 0.675356 0.130088 0.0137014 0.675483 0.130362 0.0138155 0.675625 0.129747 0.0126532 0.676101 0.131211 0.0140785 0.675359 0.130907 0.0140332 0.675493 0.13091 0.0140558 0.675358 0.129344 0.0121971 0.675779 0.129271 0.0121986 0.675617 0.129364 0.0124868 0.675737 0.129447 0.0121935 0.675928 0.129306 0.012497 0.675592 0.129447 0.0124713 0.675874 0.12936 0.0127896 0.675454 0.129396 0.0127787 0.675599 0.129726 0.012181 0.67616 0.129255 0.0124954 0.675302 0.129228 0.0121982 0.675452 0.129214 0.0121963 0.675292 0.129808 0.0123984 0.676183 0.129887 0.0121727 0.676233 0.130052 0.0121636 0.676275 0.130094 0.0123381 0.676274 0.130213 0.0121542 0.676288 0.129951 0.0123686 0.676241 0.130234 0.0123102 0.676285 0.130146 0.0125041 0.676272 0.130283 0.0124682 0.676282 0.129532 0.0127315 0.675877 0.12958 0.0130122 0.675747 0.129876 0.0126058 0.676182 0.131015 0.0133602 0.676228 0.131211 0.0132617 0.676255 0.131037 0.0132224 0.67626 0.13024 0.0131276 0.676177 0.130095 0.0129728 0.676178 0.130148 0.0132236 0.676099 0.130464 0.0127623 0.676277 0.130318 0.0127991 0.676267 0.130433 0.0129239 0.676265 0.130711 0.0131175 0.676262 0.130827 0.0133151 0.676228 0.130869 0.0131821 0.67626 0.130565 0.0130307 0.676263 0.130738 0.0129801 0.676273 0.131211 0.0130997 0.676271 0.130589 0.013367 0.676175 0.130786 0.0134467 0.676174 0.13065 0.013243 0.676229 0.130222 0.0126585 0.676269 0.13001 0.0125554 0.676238 0.129453 0.0127594 0.675742 0.129271 0.0125021 0.675445 0.12934 0.0127852 0.675313 0.13036 0.0126214 0.67628 0.130096 0.0127288 0.676236 0.129746 0.0129226 0.675999 0.129525 0.0130403 0.675606 0.129491 0.0130569 0.675462 0.129468 0.0130588 0.675323 0.130592 0.0128837 0.676275 0.130206 0.0128866 0.676234 0.129992 0.0133853 0.675884 0.129691 0.0132782 0.675612 0.129659 0.0133004 0.67547 0.129636 0.0133101 0.675333 0.130336 0.0130264 0.676232 0.130064 0.0133107 0.676001 0.129888 0.013489 0.675617 0.129859 0.0135164 0.675477 0.129839 0.0135333 0.675341 0.13033 0.0133679 0.676099 0.130406 0.0132598 0.676176 0.130485 0.0131459 0.676231 0.13026 0.0134662 0.676001 0.1302 0.0135508 0.675886 0.130074 0.0137234 0.675348 0.130895 0.0130482 0.676272 0.13053 0.0134849 0.676099 0.130429 0.0136848 0.675888 0.130476 0.0135922 0.676002 0.130391 0.0137598 0.675761 0.13063 0.0139243 0.675628 0.13065 0.0138645 0.675763 0.130335 0.0138761 0.675353 0.131055 0.0130874 0.676272 0.130746 0.0135718 0.676099 0.130709 0.0136859 0.676002 0.130677 0.0137845 0.675889 0.131211 0.0134188 0.676213 0.130994 0.0134964 0.676174 0.130974 0.013626 0.676098 0.130955 0.0137442 0.676003 0.130939 0.0138466 0.67589 0.130925 0.0139298 0.675764 0.130915 0.0139921 0.67563 0.131211 0.0135671 0.676146 0.131211 0.0137025 0.676056 0.131211 0.0138215 0.675945 0.131211 0.013921 0.675816 0.131211 0.0139982 0.675673 0.131211 0.0140512 0.675519 0.129574 -0.0121084 0.67606 0.129451 -0.0121088 0.675939 0.129268 -0.00532766 0.676196 0.129406 -0.00532198 0.676286 0.129558 -0.0053152 0.676353 0.129716 -0.012107 0.676158 0.129718 -0.00530749 0.676394 0.129872 -0.0121049 0.67623 0.129882 -0.00529908 0.676408 0.130039 -0.0121021 0.676274 0.130211 -0.0120987 0.676289 0.12935 -0.0121084 0.675799 0.129147 -0.00533208 0.676083 0.129276 -0.0121072 0.675643 0.129228 -0.0121052 0.675478 0.129046 -0.00533512 0.675953 0.128967 -0.0053367 0.675807 0.129147 -0.00994921 0.6755 0.129065 -0.00769395 0.675667 0.129211 -0.0121025 0.675306 0.131211 0.0138215 0.675945 0.138789 0.0138241 0.675942 0.131211 0.0137025 0.676056 0.138789 0.0139265 0.675808 0.131211 0.013921 0.675816 0.131211 0.0139982 0.675673 0.138789 0.0140033 0.675661 0.131211 0.0140512 0.675519 0.138789 0.0140536 0.675509 0.138789 0.0140785 0.675359 0.131211 0.0140785 0.675359 0.138789 0.0136995 0.676058 0.138789 0.0135582 0.676151 0.131211 0.0135671 0.676146 0.131211 0.0134188 0.676213 0.138789 0.0134066 0.676217 0.138789 0.0132517 0.676257 0.131211 0.0132617 0.676255 0.131211 0.0130997 0.676271 0.138789 0.0130997 0.676271 0.129726 -0.0121809 0.67616 0.129577 -0.012188 0.676058 0.129574 -0.0121084 0.67606 0.129888 -0.0121726 0.676233 0.129716 -0.012107 0.676158 0.129872 -0.0121049 0.67623 0.130052 -0.0121635 0.676275 0.130039 -0.0121021 0.676274 0.130213 -0.0121542 0.676288 0.129451 -0.0121088 0.675939 0.130211 -0.0120987 0.676289 0.129447 -0.0121934 0.675929 0.12935 -0.0121084 0.675799 0.129276 -0.0121072 0.675643 0.129344 -0.0121969 0.675779 0.129271 -0.0121985 0.675618 0.129228 -0.0121052 0.675478 0.129228 -0.0121981 0.675453 0.129211 -0.0121025 0.675306 0.129214 -0.0121961 0.675292 0.139691 0.0133526 0.676099 0.139488 0.0134759 0.676099 0.139763 0.0134497 0.676001 0.138789 0.0136995 0.676058 0.139052 0.013743 0.676003 0.139033 0.0136249 0.676098 0.139305 0.0136813 0.676002 0.140338 0.0132395 0.675611 0.140371 0.0132608 0.675469 0.140537 0.0130062 0.675461 0.139875 0.0136005 0.675758 0.139825 0.0135332 0.675886 0.139591 0.0136745 0.675888 0.140662 0.0127275 0.675452 0.140682 0.012722 0.675311 0.140759 0.0124212 0.6753 0.140288 0.0132046 0.67575 0.140096 0.0134179 0.675754 0.140502 0.0129907 0.675604 0.140789 0.0121119 0.675289 0.140744 0.0124288 0.675443 0.139267 0.0135676 0.676099 0.139428 0.0133587 0.676175 0.138789 0.0139265 0.675808 0.138789 0.0140033 0.675661 0.139083 0.0139285 0.675764 0.138789 0.0138241 0.675942 0.139094 0.0139907 0.67563 0.139069 0.0138453 0.67589 0.1394 0.0139579 0.675491 0.139386 0.013919 0.675628 0.138789 0.0135582 0.676151 0.138789 0.0140785 0.675359 0.139101 0.0140317 0.675493 0.138789 0.0140536 0.675509 0.139012 0.0134953 0.676174 0.138789 0.0134066 0.676217 0.138789 0.0132517 0.676257 0.138969 0.0132215 0.67626 0.138789 0.0130997 0.676271 0.13899 0.0133592 0.676228 0.138949 0.0130868 0.676272 0.13914 0.0131789 0.67626 0.139112 0.0130455 0.676272 0.139338 0.0137796 0.675889 0.13963 0.0137489 0.67576 0.139226 0.0134428 0.676174 0.139914 0.0122958 0.676275 0.140059 0.012321 0.676242 0.139962 0.0121146 0.676273 0.13945 0.0130193 0.676263 0.139584 0.0129071 0.676265 0.139422 0.0128726 0.676275 0.139614 0.0132458 0.676176 0.140005 0.0125151 0.676239 0.139867 0.0124683 0.676272 0.139794 0.0126292 0.67627 0.139699 0.0127762 0.676267 0.139655 0.0125969 0.67628 0.139789 0.0121119 0.676289 0.139922 0.0126959 0.676237 0.140048 0.0127617 0.67618 0.140141 0.0125611 0.676182 0.139302 0.0131107 0.676262 0.139183 0.0133116 0.676228 0.139365 0.0138594 0.675763 0.139098 0.0140541 0.675358 0.1394 0.0139823 0.675356 0.139273 0.012974 0.676274 0.139365 0.0132355 0.676229 0.139543 0.0135825 0.676002 0.13966 0.0138041 0.675625 0.139681 0.0138399 0.675487 0.139687 0.0138646 0.675353 0.139551 0.0127448 0.676278 0.139532 0.0131333 0.676231 0.140035 0.0133593 0.675884 0.139913 0.01365 0.675621 0.139939 0.0136817 0.675482 0.139953 0.013704 0.675348 0.139781 0.0131068 0.676177 0.139875 0.0132009 0.676099 0.139683 0.0130076 0.676232 0.139961 0.0132862 0.676001 0.140141 0.0134606 0.675616 0.14017 0.0134873 0.675476 0.14019 0.0135042 0.675341 0.139927 0.0129445 0.676179 0.140035 0.0130236 0.6761 0.139814 0.012861 0.676234 0.140134 0.0130951 0.676 0.140219 0.0131561 0.675882 0.14057 0.0127006 0.675741 0.140447 0.0129643 0.675746 0.140627 0.0127179 0.675598 0.140394 0.01327 0.675332 0.139729 0.0124367 0.676283 0.140169 0.0128238 0.6761 0.140372 0.012927 0.675879 0.140278 0.0128796 0.675999 0.140559 0.0130072 0.675322 0.139773 0.0122725 0.676286 0.140271 0.0126043 0.676101 0.140389 0.012643 0.675998 0.14049 0.0126754 0.675876 0.140131 0.0121168 0.676228 0.140203 0.0123455 0.676184 0.14034 0.0123683 0.676102 0.140463 0.0123883 0.675997 0.140568 0.0124048 0.675873 0.140651 0.0124172 0.675735 0.14071 0.0124251 0.67559 0.140289 0.0121182 0.676155 0.140431 0.012119 0.676055 0.140555 0.012119 0.675931 0.140655 0.0121182 0.675789 0.140728 0.0121168 0.675631 0.140773 0.0121146 0.675462 0.130088 -0.0137013 0.675483 0.130075 -0.0137234 0.675348 0.129859 -0.0135164 0.675477 0.130206 -0.0128865 0.676234 0.13024 -0.0131275 0.676177 0.130095 -0.0129728 0.676178 0.129631 -0.0126956 0.675998 0.129532 -0.0127314 0.675877 0.129551 -0.0124508 0.675997 0.130711 -0.0131175 0.676262 0.13065 -0.013243 0.676229 0.130565 -0.0130307 0.676263 0.129673 -0.0124262 0.676102 0.129747 -0.0126531 0.676101 0.129892 -0.0131284 0.676 0.130064 -0.0133106 0.676001 0.129992 -0.0133853 0.675884 0.130336 -0.0130264 0.676232 0.130406 -0.0132598 0.676176 0.130827 -0.0133151 0.676228 0.130869 -0.0131821 0.67626 0.130895 -0.0130482 0.676272 0.131037 -0.0132224 0.67626 0.131055 -0.0130874 0.676272 0.131211 -0.0130997 0.676271 0.129577 -0.012188 0.676058 0.129726 -0.0121809 0.67616 0.129951 -0.0123685 0.676241 0.129808 -0.0123983 0.676183 0.129888 -0.0121726 0.676233 0.130052 -0.0121635 0.676275 0.129447 -0.0121934 0.675929 0.130213 -0.0121542 0.676288 0.130094 -0.0123381 0.676274 0.129447 -0.0124712 0.675874 0.129344 -0.0121969 0.675779 0.129364 -0.0124867 0.675737 0.129271 -0.0121985 0.675618 0.129256 -0.0124956 0.675302 0.129228 -0.0121981 0.675453 0.129271 -0.012502 0.675445 0.129306 -0.0124969 0.675592 0.129341 -0.0127854 0.675313 0.129746 -0.0129225 0.675999 0.129854 -0.0128635 0.6761 0.129214 -0.0121961 0.675292 0.129654 -0.0129726 0.675879 0.12958 -0.0130121 0.675747 0.129453 -0.0127593 0.675742 0.13015 -0.0136189 0.675758 0.129932 -0.0134452 0.675755 0.129808 -0.0131916 0.675882 0.130616 -0.0139634 0.675491 0.13063 -0.0139243 0.675628 0.130907 -0.0140332 0.675493 0.130335 -0.0138759 0.675353 0.130342 -0.0138515 0.675487 0.131211 -0.0140512 0.675519 0.131211 -0.0140785 0.675359 0.130915 -0.0139921 0.67563 0.12984 -0.0135334 0.675341 0.129637 -0.0133103 0.675333 0.129659 -0.0133003 0.67547 0.12936 -0.0127895 0.675454 0.129491 -0.0130568 0.675462 0.129469 -0.013059 0.675323 0.129395 -0.0127786 0.675599 0.129741 -0.0132418 0.675751 0.13001 -0.0125553 0.676238 0.130234 -0.0123101 0.676285 0.130146 -0.0125041 0.676272 0.129875 -0.0126057 0.676182 0.129525 -0.0130402 0.675606 0.130096 -0.0127288 0.676236 0.130283 -0.0124681 0.676282 0.130221 -0.0126584 0.676269 0.129972 -0.012798 0.67618 0.129691 -0.0132781 0.675612 0.130148 -0.0132236 0.676099 0.129988 -0.0130546 0.6761 0.13036 -0.0126214 0.67628 0.130318 -0.0127991 0.676267 0.13091 -0.0140555 0.675358 0.130616 -0.0139874 0.675356 0.129888 -0.0134889 0.675617 0.130485 -0.0131459 0.676231 0.130433 -0.0129239 0.676265 0.130464 -0.0127623 0.676277 0.130113 -0.0136692 0.675622 0.1302 -0.0135507 0.675886 0.13026 -0.0134661 0.676001 0.13033 -0.0133679 0.676099 0.130592 -0.0128837 0.676275 0.130391 -0.0137598 0.675761 0.130362 -0.0138154 0.675625 0.130429 -0.0136848 0.675888 0.130476 -0.0135922 0.676002 0.13053 -0.0134849 0.676099 0.130589 -0.013367 0.676175 0.130738 -0.0129801 0.676273 0.13065 -0.0138645 0.675763 0.130677 -0.0137845 0.675889 0.130709 -0.0136858 0.676002 0.130746 -0.0135718 0.676099 0.130786 -0.0134467 0.676174 0.131211 -0.0139982 0.675673 0.130925 -0.0139298 0.675764 0.130939 -0.0138466 0.67589 0.130955 -0.0137442 0.676003 0.130974 -0.013626 0.676098 0.130994 -0.0134964 0.676174 0.131015 -0.0133602 0.676228 0.131211 -0.013921 0.675816 0.131211 -0.0138215 0.675945 0.131211 -0.0137025 0.676056 0.131211 -0.0135671 0.676146 0.131211 -0.0134188 0.676213 0.131211 -0.0132617 0.676255 0.140555 0.012119 0.675931 0.140562 0.0116725 0.675939 0.140431 0.012119 0.676055 0.140662 0.0116718 0.675796 0.140655 0.0121182 0.675789 0.140728 0.0121168 0.675631 0.140736 0.0116703 0.675638 0.140773 0.0121146 0.675462 0.140781 0.0116682 0.67547 0.140796 0.0116654 0.675296 0.140789 0.0121119 0.675289 0.140439 0.0116725 0.676062 0.140296 0.0116718 0.676162 0.140289 0.0121182 0.676155 0.140131 0.0121168 0.676228 0.140138 0.0116703 0.676236 0.13997 0.0116682 0.676281 0.139962 0.0121146 0.676273 0.139789 0.0121119 0.676289 0.139802 0.0116656 0.676296 0.138789 -0.0136995 0.676058 0.131211 -0.0138215 0.675945 0.131211 -0.0137025 0.676056 0.131211 -0.0135671 0.676146 0.138789 -0.0135582 0.676151 0.131211 -0.0134188 0.676213 0.138789 -0.0134066 0.676217 0.138789 -0.0132517 0.676257 0.131211 -0.0132617 0.676255 0.138789 -0.0130997 0.676271 0.131211 -0.0130997 0.676271 0.138789 -0.0138241 0.675942 0.138789 -0.0139265 0.675808 0.131211 -0.013921 0.675816 0.131211 -0.0139982 0.675673 0.138789 -0.0140033 0.675661 0.138789 -0.0140536 0.675509 0.131211 -0.0140512 0.675519 0.131211 -0.0140785 0.675359 0.138789 -0.0140785 0.675359 0.140991 0.00321031 0.67599 0.14089 0.00320899 0.67612 0.140736 0.0116703 0.675638 0.140781 0.0116682 0.67547 0.141069 0.00321055 0.675844 0.140966 0.00614326 0.675711 0.140875 0.00896155 0.675529 0.140796 0.0116654 0.675296 0.140662 0.0116718 0.675796 0.140768 0.00320663 0.676233 0.140562 0.0116725 0.675939 0.140439 0.0116725 0.676062 0.140296 0.0116718 0.676162 0.14063 0.0032033 0.676323 0.140478 0.00319909 0.67639 0.140138 0.0116703 0.676236 0.140318 0.00319411 0.676431 0.13997 0.0116682 0.676281 0.140153 0.0031885 0.676444 0.139802 0.0116656 0.676296 0.140395 -0.0132698 0.675332 0.14017 -0.0134873 0.675476 0.140371 -0.0132608 0.675469 0.139927 -0.0129445 0.676179 0.139781 -0.0131068 0.676177 0.139683 -0.0130076 0.676232 0.140035 -0.0133593 0.675884 0.139763 -0.0134497 0.676001 0.139961 -0.0132862 0.676001 0.139922 -0.0126959 0.676237 0.139699 -0.0127762 0.676267 0.139794 -0.0126292 0.67627 0.139729 -0.0124367 0.676283 0.139867 -0.0124683 0.676272 0.13945 -0.0130193 0.676263 0.139532 -0.0131333 0.676231 0.139338 -0.0137796 0.675889 0.139052 -0.013743 0.676003 0.139305 -0.0136813 0.676002 0.140005 -0.0125151 0.676239 0.139773 -0.0122725 0.676286 0.139789 -0.0121119 0.676289 0.139914 -0.0122958 0.676275 0.139033 -0.0136249 0.676098 0.139267 -0.0135676 0.676099 0.138789 -0.0136995 0.676058 0.138789 -0.0135582 0.676151 0.13899 -0.0133592 0.676228 0.139012 -0.0134953 0.676174 0.138789 -0.0134066 0.676217 0.138789 -0.0132517 0.676257 0.138789 -0.0138241 0.675942 0.138789 -0.0130997 0.676271 0.138969 -0.0132215 0.67626 0.139083 -0.0139285 0.675764 0.139365 -0.0138594 0.675763 0.139386 -0.013919 0.675628 0.138789 -0.0139265 0.675808 0.138789 -0.0140033 0.675661 0.139069 -0.0138453 0.67589 0.139101 -0.0140317 0.675493 0.138789 -0.0140785 0.675359 0.138789 -0.0140536 0.675509 0.139094 -0.0139907 0.67563 0.139401 -0.0139827 0.675356 0.139098 -0.0140546 0.675358 0.139543 -0.0135825 0.676002 0.139488 -0.0134759 0.676099 0.13963 -0.0137489 0.67576 0.139591 -0.0136745 0.675888 0.140537 -0.0130062 0.675461 0.14056 -0.0130069 0.675322 0.140096 -0.0134179 0.675754 0.139875 -0.0136005 0.675758 0.139825 -0.0135332 0.675886 0.140662 -0.0127275 0.675452 0.140627 -0.0127179 0.675598 0.140744 -0.0124288 0.675443 0.140447 -0.0129643 0.675746 0.140288 -0.0132046 0.67575 0.140219 -0.0131561 0.675882 0.140773 -0.0121146 0.675462 0.140789 -0.0121119 0.675289 0.14071 -0.0124251 0.67559 0.139681 -0.0138399 0.675487 0.139954 -0.013704 0.675348 0.139688 -0.0138648 0.675353 0.1394 -0.0139579 0.675491 0.139183 -0.0133116 0.676228 0.138949 -0.0130868 0.676272 0.13914 -0.0131789 0.67626 0.139226 -0.0134428 0.676174 0.140683 -0.0127216 0.675311 0.140759 -0.0124207 0.6753 0.13966 -0.0138041 0.675625 0.139365 -0.0132355 0.676229 0.139112 -0.0130455 0.676272 0.139302 -0.0131107 0.676262 0.139428 -0.0133587 0.676175 0.140191 -0.013504 0.675341 0.139939 -0.0136817 0.675482 0.139913 -0.01365 0.675621 0.139691 -0.0133526 0.676099 0.139273 -0.012974 0.676274 0.139614 -0.0132458 0.676176 0.140728 -0.0121168 0.675631 0.140141 -0.0134606 0.675616 0.139814 -0.012861 0.676234 0.139875 -0.0132009 0.676099 0.139422 -0.0128726 0.676275 0.139584 -0.0129071 0.676265 0.140338 -0.0132395 0.675611 0.140134 -0.0130951 0.676 0.140035 -0.0130236 0.6761 0.139551 -0.0127448 0.676278 0.140502 -0.0129907 0.675604 0.140372 -0.012927 0.675879 0.140278 -0.0128796 0.675999 0.140169 -0.0128238 0.6761 0.140048 -0.0127617 0.67618 0.139655 -0.0125969 0.67628 0.14057 -0.0127006 0.675741 0.14049 -0.0126754 0.675876 0.140389 -0.012643 0.675998 0.140271 -0.0126043 0.676101 0.140141 -0.0125611 0.676182 0.140651 -0.0124172 0.675735 0.140568 -0.0124048 0.675873 0.140463 -0.0123883 0.675997 0.14034 -0.0123683 0.676102 0.140203 -0.0123455 0.676184 0.140059 -0.012321 0.676242 0.140655 -0.0121182 0.675789 0.140555 -0.012119 0.675931 0.140431 -0.012119 0.676055 0.140289 -0.0121182 0.676155 0.140131 -0.0121168 0.676228 0.139962 -0.0121146 0.676273 0.140768 0.00320663 0.676233 0.140835 -3.11162e-06 0.676293 0.14063 0.0032033 0.676323 0.14089 0.00320899 0.67612 0.140958 -2.54676e-06 0.676181 0.140991 0.00321031 0.67599 0.141059 -1.48082e-06 0.676053 0.141069 0.00321055 0.675844 0.141135 5.83132e-11 0.675916 0.140694 -3.12422e-06 0.676384 0.140478 0.00319909 0.67639 0.140541 -2.57783e-06 0.676449 0.140383 -1.51107e-06 0.676488 0.140318 0.00319411 0.676431 0.140153 0.0031885 0.676444 0.140226 3.23345e-13 0.6765 0.140431 -0.012119 0.676055 0.140439 -0.0116725 0.676062 0.140555 -0.012119 0.675931 0.140296 -0.0116718 0.676162 0.140289 -0.0121182 0.676155 0.140131 -0.0121168 0.676228 0.140138 -0.0116703 0.676236 0.139962 -0.0121146 0.676273 0.13997 -0.0116682 0.676281 0.139802 -0.0116656 0.676296 0.139789 -0.0121119 0.676289 0.140562 -0.0116725 0.675939 0.140662 -0.0116718 0.675796 0.140655 -0.0121182 0.675789 0.140728 -0.0121168 0.675631 0.140736 -0.0116703 0.675638 0.140781 -0.0116682 0.67547 0.140773 -0.0121146 0.675462 0.140789 -0.0121119 0.675289 0.140796 -0.0116654 0.675296 0.14063 -0.00320328 0.676323 0.140694 -3.12422e-06 0.676384 0.140835 -3.11162e-06 0.676293 0.14089 -0.00320897 0.67612 0.140958 -2.54676e-06 0.676181 0.140768 -0.00320661 0.676233 0.140991 -0.00321029 0.67599 0.141069 -0.00321053 0.675844 0.141059 -1.48082e-06 0.676053 0.141135 5.83132e-11 0.675916 0.140478 -0.00319907 0.67639 0.140541 -2.57783e-06 0.676449 0.140318 -0.00319409 0.676431 0.140153 -0.00318848 0.676444 0.140383 -1.51107e-06 0.676488 0.140226 3.23345e-13 0.6765 0.140318 -0.00319409 0.676431 0.140478 -0.00319907 0.67639 0.140138 -0.0116703 0.676236 0.140662 -0.0116718 0.675796 0.14089 -0.00320897 0.67612 0.140736 -0.0116703 0.675638 0.140768 -0.00320661 0.676233 0.140562 -0.0116725 0.675939 0.140991 -0.00321029 0.67599 0.140781 -0.0116682 0.67547 0.141069 -0.00321053 0.675844 0.140966 -0.00614324 0.675711 0.140875 -0.00896152 0.675529 0.140439 -0.0116725 0.676062 0.140796 -0.0116654 0.675296 0.140296 -0.0116718 0.676162 0.14063 -0.00320328 0.676323 0.13997 -0.0116682 0.676281 0.139802 -0.0116656 0.676296 0.140153 -0.00318848 0.676444 0.141296 -0.00319304 0.67548 0.141413 -2.04132e-06 0.675505 0.141447 -0.00318659 0.675325 0.141602 -2.13647e-06 0.675338 0.141617 -0.00318185 0.675194 0.141135 5.83132e-11 0.675916 0.14117 -0.00320108 0.675654 0.141069 -0.00321053 0.675844 0.141256 -1.36328e-06 0.6757 0.141813 -1.80071e-06 0.675206 0.141805 -0.00317893 0.675089 0.142037 -1.21414e-06 0.675112 0.142265 -5.59567e-07 0.675058 0.142006 -0.00317788 0.675011 0.142487 1.44278e-10 0.675039 0.142215 -0.00317871 0.674964 0.14243 -0.00318143 0.674946 0.141019 -0.00760257 0.67535 0.14117 -0.00320108 0.675654 0.141143 -0.00757579 0.675144 0.140805 -0.012073 0.674986 0.140796 -0.0116654 0.675296 0.140875 -0.00896152 0.675529 0.141296 -0.00319304 0.67548 0.140855 -0.0120254 0.67477 0.140966 -0.00614324 0.675711 0.140788 -0.0121199 0.675197 0.141447 -0.00318659 0.675325 0.141302 -0.00755242 0.674957 0.141069 -0.00321053 0.675844 0.141617 -0.00318185 0.675194 0.141489 -0.00753348 0.674799 0.141805 -0.00317893 0.675089 0.141696 -0.00751963 0.674674 0.142006 -0.00317788 0.675011 0.141915 -0.0075111 0.674586 0.142136 -0.00750772 0.674534 0.14243 -0.00318143 0.674946 0.142352 -0.00753937 0.674512 0.142215 -0.00317871 0.674964 0.142059 -0.0118182 0.673751 0.142275 -0.011818 0.673733 0.140943 -0.0119789 0.674555 0.141067 -0.0119355 0.674352 0.141225 -0.0118971 0.674168 0.141412 -0.0118654 0.674012 0.141619 -0.0118415 0.673889 0.141838 -0.0118258 0.673802 0.141617 0.00318188 0.675195 0.141804 0.00317895 0.675089 0.141813 -1.80071e-06 0.675206 0.141413 -2.04132e-06 0.675505 0.141446 0.00318663 0.675326 0.141602 -2.13647e-06 0.675338 0.14117 0.0032011 0.675654 0.141256 -1.36328e-06 0.6757 0.141135 5.83132e-11 0.675916 0.141296 0.00319308 0.67548 0.141069 0.00321055 0.675844 0.142037 -1.21414e-06 0.675112 0.142265 -5.59567e-07 0.675058 0.142005 0.00317789 0.675012 0.142215 0.00317873 0.674964 0.142487 1.44278e-10 0.675039 0.14243 0.00318144 0.674946 0.140938 -0.0122642 0.674452 0.141067 -0.0119355 0.674352 0.141062 -0.0122362 0.674254 0.140845 -0.013875 0.673359 0.140455 -0.0140251 0.673406 0.140713 -0.0137787 0.673479 0.141239 -0.0136753 0.673344 0.141082 -0.0135831 0.673439 0.140983 -0.0139828 0.673263 0.140568 -0.0141345 0.673287 0.139596 -0.0148156 0.673039 0.139548 -0.0146693 0.673138 0.139985 -0.0146759 0.673076 0.140932 -0.0135021 0.673559 0.140792 -0.0134353 0.673703 0.141111 -0.0132012 0.673646 0.139645 -0.0149692 0.672961 0.139692 -0.0151268 0.672905 0.139215 -0.0150597 0.672939 0.140446 -0.014627 0.673052 0.14035 -0.0144878 0.673127 0.138774 -0.0150831 0.672937 0.139239 -0.0152201 0.672881 0.138774 -0.0152524 0.672876 0.141171 -0.0125366 0.673979 0.141084 -0.0128499 0.673884 0.140939 -0.0128324 0.674055 0.13983 -0.0138993 0.674155 0.139834 -0.0138704 0.674344 0.140051 -0.0137389 0.674231 0.140957 -0.0131513 0.673792 0.14125 -0.0128814 0.673736 0.141219 -0.012217 0.674075 0.141225 -0.0118971 0.674168 0.141412 -0.0118654 0.674012 0.140847 -0.0122995 0.67466 0.140943 -0.0119789 0.674555 0.141838 -0.0118258 0.673802 0.141603 -0.0122077 0.673799 0.141619 -0.0118415 0.673889 0.141401 -0.0122074 0.673921 0.142059 -0.0118182 0.673751 0.141815 -0.0122173 0.67371 0.142275 -0.011818 0.673733 0.142029 -0.012235 0.673655 0.140791 -0.0123402 0.674871 0.140855 -0.0120254 0.67477 0.141347 -0.0125482 0.673828 0.140719 -0.0126252 0.674964 0.140768 -0.0123746 0.67508 0.140805 -0.012073 0.674986 0.14102 -0.0125371 0.674154 0.140788 -0.0121199 0.675197 0.14035 -0.0139304 0.673546 0.140255 -0.0138532 0.673703 0.14059 -0.013697 0.673621 0.140822 -0.0131167 0.673958 0.140479 -0.0136323 0.673781 0.140172 -0.0137952 0.673873 0.140384 -0.0135863 0.673954 0.140708 -0.0130983 0.674141 0.13933 -0.0141257 0.674048 0.139067 -0.0141607 0.674193 0.139338 -0.0141 0.674224 0.140668 -0.013385 0.673866 0.139073 -0.0142299 0.67385 0.139061 -0.0141856 0.674021 0.139354 -0.0141662 0.673876 0.138787 -0.0141812 0.674184 0.138785 -0.0142077 0.674006 0.138784 -0.0142548 0.673834 0.140641 -0.0128688 0.67485 0.140744 -0.0126047 0.674754 0.140665 -0.0128622 0.674639 0.140534 -0.013102 0.674736 0.140556 -0.0131086 0.674526 0.140401 -0.0133226 0.674625 0.140896 -0.0125494 0.674347 0.140804 -0.0125725 0.674549 0.141539 -0.0125712 0.673706 0.141741 -0.0126042 0.673616 0.142238 -0.0122596 0.673632 0.141946 -0.0126454 0.673558 0.140728 -0.0128395 0.674439 0.14082 -0.0128291 0.674242 0.14143 -0.0129255 0.673615 0.14162 -0.0129802 0.673523 0.142145 -0.0126931 0.67353 0.141811 -0.0130431 0.673461 0.140248 -0.0135511 0.67432 0.140049 -0.0137104 0.674426 0.140239 -0.0135266 0.67452 0.140619 -0.013096 0.674332 0.140563 -0.0133523 0.674044 0.141278 -0.0132647 0.673525 0.141452 -0.0133393 0.673432 0.141998 -0.013112 0.673428 0.141628 -0.0134218 0.673367 0.140416 -0.0133396 0.67442 0.140479 -0.0133374 0.67423 0.1418 -0.01351 0.673329 0.141397 -0.0137756 0.673276 0.139596 -0.0140018 0.674275 0.140307 -0.0135594 0.674136 0.141553 -0.0138808 0.673234 0.141122 -0.0140983 0.673192 0.139718 -0.0141963 0.673583 0.139383 -0.014228 0.673706 0.139666 -0.0141196 0.673747 0.140104 -0.0137572 0.674051 0.140685 -0.0142553 0.67319 0.140255 -0.0143561 0.673225 0.141259 -0.0142181 0.673146 0.140803 -0.0143838 0.673117 0.139931 -0.0139742 0.673804 0.139588 -0.0140292 0.674093 0.139999 -0.0140424 0.673637 0.139874 -0.0139265 0.673978 0.140077 -0.0141303 0.673482 0.140163 -0.0142358 0.673344 0.140919 -0.0145165 0.673067 0.139623 -0.0140639 0.673919 0.139778 -0.0142927 0.673431 0.139843 -0.0144068 0.673293 0.139912 -0.0145357 0.673175 0.14054 -0.0147704 0.672999 0.140058 -0.0148235 0.673 0.139418 -0.0143109 0.673544 0.139458 -0.0144137 0.673393 0.139501 -0.0145341 0.673256 0.139191 -0.0149025 0.673017 0.140129 -0.0149753 0.672945 0.139087 -0.0142957 0.673682 0.139104 -0.0143825 0.67352 0.139123 -0.0144892 0.67337 0.139145 -0.0146135 0.673234 0.139167 -0.0147525 0.673116 0.138782 -0.0143226 0.673667 0.13878 -0.0144095 0.67351 0.138779 -0.0145146 0.673365 0.138778 -0.0146365 0.673233 0.138776 -0.0147733 0.673117 0.138775 -0.0149226 0.673018 0.140796 0.0116654 0.675296 0.140804 0.0120738 0.67499 0.140875 0.00896155 0.675529 0.141915 0.00751111 0.674586 0.141804 0.00317895 0.675089 0.141696 0.00751964 0.674674 0.141302 0.00755243 0.674957 0.141489 0.00753349 0.674799 0.141446 0.00318663 0.675326 0.141617 0.00318188 0.675195 0.14117 0.0032011 0.675654 0.141019 0.00760258 0.67535 0.141143 0.0075758 0.675144 0.142063 0.0118182 0.67375 0.142136 0.00750773 0.674534 0.141856 0.0118249 0.673797 0.142005 0.00317789 0.675012 0.142352 0.00753936 0.674512 0.142275 0.011818 0.673733 0.142215 0.00317873 0.674964 0.14243 0.00318144 0.674946 0.141296 0.00319308 0.67548 0.141069 0.00321055 0.675844 0.140966 0.00614326 0.675711 0.140924 0.0119872 0.674594 0.14085 0.0120294 0.674788 0.140788 0.0121199 0.675197 0.141657 0.0118381 0.673871 0.141472 0.0118575 0.673972 0.141302 0.0118826 0.674097 0.141153 0.011913 0.674245 0.141026 0.0119481 0.674411 0.138784 -0.0142548 0.673834 0.13121 -0.0142454 0.673914 0.131211 -0.0141997 0.674086 0.131213 -0.0141747 0.674256 0.138787 -0.0141812 0.674184 0.138785 -0.0142077 0.674006 0.131206 -0.0144009 0.673586 0.138779 -0.0145146 0.673365 0.131205 -0.0145089 0.673436 0.13878 -0.0144095 0.67351 0.131208 -0.0143126 0.673747 0.138782 -0.0143226 0.673667 0.138775 -0.0149226 0.673018 0.131201 -0.0149269 0.673083 0.131202 -0.0147755 0.673182 0.138776 -0.0147733 0.673117 0.131203 -0.0146349 0.6733 0.138778 -0.0146365 0.673233 0.138774 -0.0150831 0.672937 0.1312 -0.0150848 0.673005 0.1312 -0.0152469 0.672947 0.138774 -0.0152524 0.672876 0.13909 0.0142958 0.673681 0.139075 0.01423 0.67385 0.138784 0.0142549 0.673833 0.139037 0.014165 0.674191 0.139064 0.0141857 0.674021 0.139333 0.0141259 0.674048 0.139781 0.0142932 0.673431 0.139422 0.0143113 0.673544 0.139462 0.014414 0.673393 0.141084 0.0135806 0.67344 0.140934 0.0134997 0.67356 0.140714 0.0137775 0.673479 0.139107 0.0143826 0.67352 0.138785 0.0142074 0.674006 0.138787 0.0141812 0.674184 0.14094 0.0128302 0.674056 0.14102 0.0125355 0.674155 0.140821 0.0128271 0.674243 0.140052 0.0137389 0.674231 0.140029 0.0137261 0.674418 0.139791 0.0138978 0.674329 0.140249 0.0135502 0.674321 0.140418 0.0133378 0.67442 0.140225 0.0135403 0.674513 0.140351 0.0139303 0.673546 0.140001 0.0140428 0.673637 0.140079 0.0141307 0.673482 0.140513 0.0131431 0.674715 0.140557 0.0131065 0.674527 0.140666 0.0128604 0.67464 0.140385 0.0135853 0.673954 0.14067 0.0133829 0.673867 0.140565 0.0133503 0.674045 0.140847 0.0122988 0.67466 0.140791 0.0123395 0.674871 0.140745 0.0126034 0.674755 0.140378 0.013355 0.674608 0.140804 0.0120738 0.67499 0.140769 0.012377 0.675081 0.140805 0.0125711 0.67455 0.14085 0.0120294 0.674788 0.140256 0.0138531 0.673703 0.139933 0.0139746 0.673803 0.140788 0.0121199 0.675197 0.140591 0.0136958 0.673621 0.140569 0.0141344 0.673287 0.140456 0.014025 0.673406 0.140165 0.0142362 0.673344 0.141454 0.0133363 0.673432 0.14128 0.0132619 0.673526 0.141947 0.0126433 0.673558 0.141621 0.0129775 0.673523 0.141813 0.0130402 0.673462 0.14163 0.0134187 0.673367 0.141742 0.0126022 0.673617 0.141432 0.0129229 0.673615 0.139722 0.0141967 0.673583 0.142238 0.012266 0.673631 0.142275 0.011818 0.673733 0.142029 0.0122339 0.673656 0.139387 0.0142284 0.673706 0.139669 0.0141201 0.673747 0.139126 0.0144893 0.67337 0.13878 0.0144097 0.67351 0.138782 0.0143226 0.673667 0.138779 0.0145151 0.673364 0.138778 0.014637 0.673233 0.139148 0.0146137 0.673234 0.139171 0.0147527 0.673116 0.138776 0.0147735 0.673117 0.139195 0.0149027 0.673017 0.138775 0.0149234 0.673017 0.139219 0.0150599 0.672939 0.138774 0.0150832 0.672937 0.138774 0.0152524 0.672876 0.13923 0.0152226 0.672881 0.139291 0.0141137 0.674217 0.13959 0.0140296 0.674093 0.139357 0.0141665 0.673875 0.139553 0.0146697 0.673138 0.139506 0.0145345 0.673256 0.139601 0.014816 0.673039 0.13965 0.0149697 0.672961 0.139678 0.0151323 0.672903 0.139544 0.0140252 0.674263 0.139831 0.0138996 0.674155 0.139626 0.0140644 0.673919 0.139916 0.0145363 0.673174 0.139846 0.0144074 0.673293 0.139989 0.0146766 0.673076 0.140062 0.0148242 0.673 0.140113 0.014983 0.672942 0.140257 0.0143566 0.673225 0.139876 0.0139269 0.673978 0.140352 0.0144883 0.673127 0.140448 0.0146276 0.673052 0.140527 0.0147794 0.672997 0.14072 0.0126241 0.674967 0.140633 0.0128883 0.67484 0.140847 0.0138737 0.673359 0.140105 0.0137572 0.674051 0.140173 0.0137951 0.673873 0.140686 0.0142553 0.67319 0.140804 0.0143838 0.673117 0.140904 0.0145295 0.673064 0.14048 0.0136312 0.673781 0.140308 0.0135585 0.674136 0.140984 0.0139814 0.673263 0.141123 0.0140969 0.673193 0.141245 0.0142317 0.673143 0.140794 0.0134331 0.673704 0.141113 0.0131985 0.673646 0.140959 0.0131487 0.673792 0.14048 0.0133355 0.674231 0.141241 0.0136727 0.673345 0.1414 0.0137728 0.673277 0.141542 0.0138967 0.67323 0.140823 0.0131143 0.673959 0.14071 0.0130961 0.674142 0.140621 0.0130938 0.674333 0.14154 0.0125693 0.673707 0.141792 0.0135277 0.673325 0.140729 0.0128376 0.67444 0.141085 0.0128476 0.673885 0.141251 0.012879 0.673737 0.141994 0.0131275 0.673425 0.140897 0.0125479 0.674347 0.141172 0.012535 0.67398 0.141348 0.0125464 0.673829 0.141815 0.0122163 0.67371 0.142145 0.0127024 0.673528 0.140938 0.0122635 0.674452 0.141063 0.0122354 0.674254 0.141219 0.0122162 0.674075 0.141402 0.0122065 0.673921 0.141603 0.0122068 0.673799 0.140924 0.0119872 0.674594 0.141026 0.0119481 0.674411 0.141153 0.011913 0.674245 0.141302 0.0118826 0.674097 0.141472 0.0118575 0.673972 0.141657 0.0118381 0.673871 0.141856 0.0118249 0.673797 0.142063 0.0118182 0.67375 0.12927 -0.013764 0.673591 0.128897 -0.0135678 0.673557 0.129051 -0.013486 0.673676 0.130321 -0.0141093 0.673842 0.130266 -0.0141857 0.673678 0.129987 -0.0140305 0.673738 0.129807 -0.0135635 0.674613 0.129946 -0.0137278 0.674342 0.12975 -0.0135387 0.674437 0.129734 -0.0138397 0.673811 0.130058 -0.0139625 0.673905 0.129581 -0.013326 0.674542 0.129442 -0.0130947 0.674653 0.129517 -0.0131846 0.674815 0.129654 -0.0133871 0.674708 0.129255 -0.0125914 0.674886 0.129151 -0.0122861 0.67479 0.129208 -0.0123275 0.675003 0.129333 -0.0128485 0.674768 0.129393 -0.0129395 0.674939 0.129059 -0.0122503 0.67458 0.129064 -0.0119706 0.674704 0.129193 -0.0125582 0.674679 0.129214 -0.0121961 0.675292 0.129191 -0.0120566 0.675099 0.129142 -0.0120124 0.674897 0.129211 -0.0121025 0.675306 0.129906 -0.0141184 0.673583 0.129635 -0.013917 0.673653 0.128702 -0.0132491 0.673646 0.128525 -0.0133247 0.673554 0.129396 -0.0136818 0.673733 0.128163 -0.01303 0.673589 0.128029 -0.0126329 0.673688 0.128357 -0.0129659 0.673648 0.12798 -0.0131183 0.673555 0.128346 -0.0134085 0.673491 0.129527 -0.0140122 0.673513 0.129817 -0.0142244 0.673445 0.129411 -0.0141225 0.673394 0.12855 -0.0129102 0.673738 0.128237 -0.0125906 0.673743 0.130203 -0.0142822 0.673525 0.127698 -0.0118074 0.673867 0.127946 -0.0122231 0.673786 0.127735 -0.0122559 0.673765 0.130565 -0.0143017 0.673631 0.130603 -0.014219 0.673794 0.13088 -0.0143748 0.6736 0.1309 -0.0142879 0.673761 0.131208 -0.0143126 0.673747 0.130522 -0.0144046 0.67348 0.131205 -0.0145089 0.673436 0.131203 -0.0146349 0.6733 0.130833 -0.0146061 0.673314 0.131206 -0.0144009 0.673586 0.130857 -0.0144815 0.673449 0.130807 -0.0147453 0.673195 0.131202 -0.0147755 0.673182 0.130781 -0.0148957 0.673097 0.130743 -0.0152163 0.672961 0.130755 -0.0150533 0.673019 0.1312 -0.0150848 0.673005 0.131201 -0.0149269 0.673083 0.1312 -0.0152469 0.672947 0.13121 -0.0142454 0.673914 0.130918 -0.0142224 0.67393 0.130932 -0.0141783 0.674101 0.131211 -0.0141997 0.674086 0.130971 -0.014159 0.67427 0.131213 -0.0141747 0.674256 0.130663 -0.0141174 0.674136 0.130724 -0.0141101 0.674303 0.130406 -0.0140201 0.674189 0.130477 -0.0140259 0.674354 0.129285 -0.0130821 0.674264 0.129052 -0.012816 0.674179 0.129175 -0.0128132 0.674368 0.130636 -0.0141575 0.673963 0.130426 -0.014661 0.673225 0.130475 -0.0145254 0.673343 0.130375 -0.0148079 0.673126 0.130324 -0.0149621 0.673049 0.130296 -0.0151253 0.672991 0.130166 -0.0138892 0.674259 0.130236 -0.0139047 0.674425 0.130368 -0.014054 0.674014 0.130062 -0.0145263 0.673269 0.130135 -0.0143968 0.673387 0.129988 -0.0146673 0.673171 0.129912 -0.0148158 0.673095 0.12986 -0.0149754 0.673039 0.130001 -0.0137408 0.674516 0.130118 -0.0139155 0.67408 0.129722 -0.0143455 0.673326 0.129625 -0.0144781 0.673229 0.129526 -0.0146184 0.673155 0.129446 -0.0147713 0.673101 0.129608 -0.0135716 0.674068 0.129321 -0.0133685 0.673984 0.129429 -0.0133364 0.674163 0.12989 -0.0137449 0.67416 0.129134 -0.0138612 0.673472 0.129819 -0.0137821 0.673981 0.129291 -0.0142444 0.673298 0.12907 -0.014521 0.673175 0.129171 -0.0143741 0.673226 0.12951 -0.0136172 0.673894 0.129688 -0.0135457 0.674251 0.128994 -0.0139701 0.673377 0.128852 -0.0140869 0.673308 0.128729 -0.014223 0.67326 0.129194 -0.0134188 0.67382 0.128872 -0.0131848 0.673766 0.12903 -0.0131344 0.673912 0.129516 -0.0133225 0.674351 0.128737 -0.0136612 0.673463 0.128576 -0.0137627 0.673397 0.128432 -0.013888 0.673352 0.129168 -0.0130999 0.67408 0.129376 -0.0130807 0.674457 0.128442 -0.0125566 0.673832 0.128182 -0.0135188 0.673451 0.129299 -0.0126843 0.675065 0.128904 -0.0128335 0.674008 0.128818 -0.0125211 0.674104 0.129268 -0.0128246 0.674567 0.128735 -0.0128653 0.673859 0.129243 -0.0124451 0.675178 0.129099 -0.0125344 0.674474 0.128973 -0.0125216 0.67428 0.128638 -0.0125329 0.673953 0.128164 -0.0122044 0.673838 0.127829 -0.0126928 0.673661 0.128931 -0.0122219 0.67438 0.128771 -0.0122026 0.6742 0.128585 -0.0121933 0.674046 0.128379 -0.0121941 0.673925 0.128959 -0.0119321 0.674524 0.128829 -0.0118977 0.674359 0.128677 -0.0118679 0.674215 0.128505 -0.0118435 0.674092 0.128317 -0.011825 0.673994 0.128118 -0.0118127 0.673923 0.12791 -0.0118068 0.673881 0.138774 0.0150832 0.672937 0.1312 0.0152468 0.672947 0.138774 0.0152524 0.672876 0.138778 0.014637 0.673233 0.131202 0.0147746 0.673183 0.138776 0.0147735 0.673117 0.138775 0.0149234 0.673017 0.131201 0.014926 0.673084 0.1312 0.0150848 0.673005 0.131206 0.0144006 0.673586 0.13878 0.0144097 0.67351 0.138782 0.0143226 0.673667 0.131203 0.0146344 0.673301 0.138779 0.0145151 0.673364 0.131205 0.0145089 0.673436 0.13121 0.0142454 0.673915 0.138784 0.0142549 0.673833 0.138785 0.0142074 0.674006 0.131208 0.0143124 0.673748 0.138787 0.0141812 0.674184 0.131211 0.0141997 0.674086 0.131213 0.014175 0.674256 0.128878 -0.00532145 0.675635 0.128859 -0.00862081 0.675095 0.128766 -0.00530785 0.675476 0.128697 -0.00859438 0.674912 0.128488 -0.00528647 0.675209 0.128636 -0.00529612 0.675333 0.128987 -0.00865117 0.675299 0.128967 -0.0053367 0.675807 0.129065 -0.00769395 0.675667 0.129147 -0.00994921 0.6755 0.129142 -0.0120124 0.674897 0.129064 -0.0119706 0.674704 0.129191 -0.0120566 0.675099 0.129211 -0.0121025 0.675306 0.128507 -0.00857301 0.674757 0.128325 -0.00527902 0.675103 0.128297 -0.00855743 0.674637 0.128077 -0.00854789 0.674553 0.12815 -0.00527392 0.67502 0.128505 -0.0118435 0.674092 0.127965 -0.00527126 0.67496 0.127855 -0.00854417 0.674506 0.12764 -0.00856321 0.674489 0.127775 -0.00527107 0.674924 0.128118 -0.0118127 0.673923 0.127581 -0.00527337 0.674913 0.127698 -0.0118074 0.673867 0.12791 -0.0118068 0.673881 0.128317 -0.011825 0.673994 0.128677 -0.0118679 0.674215 0.128829 -0.0118977 0.674359 0.128959 -0.0119321 0.674524 0.128874 0.0131875 0.673766 0.129031 0.013137 0.673912 0.128736 0.0128678 0.673858 0.130167 0.0138888 0.674259 0.12998 0.0137255 0.674525 0.129946 0.0137278 0.674342 0.129045 0.0119623 0.674665 0.128916 0.0119195 0.674464 0.128931 0.0122228 0.67438 0.129208 0.0123283 0.675003 0.129255 0.0125928 0.674885 0.129244 0.0124436 0.675177 0.129059 0.0122511 0.67458 0.129136 0.0120083 0.674879 0.131213 0.014175 0.674256 0.13094 0.0141546 0.674273 0.130935 0.0141782 0.674101 0.129191 0.0120556 0.675095 0.129151 0.0122869 0.67479 0.129214 0.0121963 0.675292 0.129211 0.0121025 0.675306 0.128639 0.0125348 0.673953 0.128905 0.0128358 0.674007 0.129412 0.0141224 0.673394 0.129135 0.0138624 0.673472 0.128995 0.0139713 0.673377 0.129323 0.0133706 0.673984 0.129511 0.0136182 0.673893 0.129609 0.0135726 0.674068 0.129397 0.0136829 0.673733 0.129636 0.013917 0.673653 0.129734 0.0138397 0.673811 0.130192 0.0138776 0.67444 0.130409 0.0140196 0.67419 0.12982 0.0137821 0.673981 0.129053 0.0128182 0.674179 0.12917 0.0131023 0.674079 0.129286 0.0130844 0.674263 0.130676 0.0140963 0.674311 0.130666 0.0141171 0.674136 0.13092 0.0142223 0.67393 0.130639 0.0141571 0.673964 0.131211 0.0141997 0.674086 0.13121 0.0142454 0.673915 0.129528 0.0140122 0.673513 0.129271 0.0137652 0.673591 0.129195 0.013421 0.67382 0.129053 0.0134883 0.673676 0.129992 0.0146666 0.673171 0.129627 0.0144775 0.673229 0.129529 0.0146178 0.673155 0.128899 0.0135703 0.673556 0.128739 0.0136638 0.673463 0.130759 0.0150531 0.673019 0.130329 0.0149617 0.673049 0.130285 0.0151332 0.672989 0.129863 0.0149916 0.673034 0.129917 0.0148151 0.673096 0.129463 0.0147933 0.673095 0.130785 0.0148955 0.673097 0.128973 0.0125233 0.674279 0.128771 0.0122035 0.6742 0.128818 0.0125228 0.674104 0.1312 0.0150848 0.673005 0.130731 0.0152183 0.67296 0.1312 0.0152468 0.672947 0.128754 0.0118819 0.674283 0.128585 0.0121943 0.674046 0.128565 0.0118511 0.67413 0.128355 0.0118281 0.674011 0.128135 0.0118135 0.673928 0.12838 0.0121951 0.673925 0.127914 0.0118068 0.673881 0.128164 0.0122055 0.673838 0.127698 0.0118074 0.673867 0.127947 0.0122243 0.673786 0.129301 0.012686 0.675063 0.129334 0.0128504 0.674767 0.129194 0.0125597 0.674678 0.1291 0.0125359 0.674474 0.128443 0.0125586 0.673831 0.128237 0.0125927 0.673743 0.127734 0.0122689 0.673762 0.12803 0.0126351 0.673687 0.129385 0.0129207 0.674949 0.129443 0.0130967 0.674652 0.129269 0.0128266 0.674566 0.129176 0.0128154 0.674367 0.128552 0.0129128 0.673738 0.128359 0.0129687 0.673647 0.127825 0.0127068 0.673657 0.128165 0.0130329 0.673588 0.129495 0.0131446 0.674837 0.129582 0.0133278 0.674541 0.129378 0.0130829 0.674456 0.129431 0.0133383 0.674162 0.128704 0.0132519 0.673645 0.128348 0.0134117 0.673491 0.128527 0.0133277 0.673553 0.12797 0.0131214 0.673554 0.129631 0.0133557 0.674726 0.12975 0.0135395 0.674437 0.129518 0.0133243 0.67435 0.128579 0.0137654 0.673396 0.12817 0.0135127 0.673453 0.129793 0.0135504 0.674621 0.129689 0.0135466 0.674251 0.128424 0.0138808 0.673355 0.128854 0.0140882 0.673308 0.130269 0.0141852 0.673678 0.130607 0.0142186 0.673794 0.130324 0.0141088 0.673842 0.129891 0.0137449 0.67416 0.129725 0.0143449 0.673326 0.129292 0.0142443 0.673298 0.128732 0.0142258 0.673259 0.129172 0.0143741 0.673226 0.13006 0.013962 0.673906 0.13012 0.013915 0.674081 0.129989 0.01403 0.673738 0.129908 0.0141179 0.673583 0.129819 0.0142239 0.673445 0.129084 0.0145358 0.67317 0.130425 0.0140027 0.674368 0.130371 0.0140536 0.674015 0.130207 0.0142817 0.673525 0.130138 0.0143962 0.673388 0.130066 0.0145257 0.673269 0.130569 0.0143014 0.673631 0.130526 0.0144042 0.67348 0.130479 0.014525 0.673343 0.13043 0.0146606 0.673225 0.13038 0.0148074 0.673127 0.130903 0.0142878 0.673761 0.130883 0.0143746 0.6736 0.13086 0.0144814 0.673449 0.130836 0.014606 0.673314 0.130811 0.0147452 0.673195 0.131208 0.0143124 0.673748 0.131206 0.0144006 0.673586 0.131205 0.0145089 0.673436 0.131203 0.0146344 0.673301 0.131202 0.0147746 0.673183 0.131201 0.014926 0.673084 0.127965 -0.00527126 0.67496 0.127878 -1.03962e-06 0.675217 0.12815 -0.00527392 0.67502 0.128258 -1.98225e-06 0.675371 0.128488 -0.00528647 0.675209 0.128325 -0.00527902 0.675103 0.128433 -2.12713e-06 0.675489 0.12859 -1.9019e-06 0.675631 0.128766 -0.00530785 0.675476 0.128636 -0.00529612 0.675333 0.128967 -0.0053367 0.675807 0.128878 -0.00532145 0.675635 0.128725 -1.21368e-06 0.675792 0.128835 1.16441e-09 0.675969 0.128071 -1.57974e-06 0.67528 0.127685 -4.84834e-07 0.675181 0.127775 -0.00527107 0.674924 0.127496 3.14269e-09 0.675171 0.127581 -0.00527337 0.674913 0.128697 0.00859452 0.674912 0.128858 0.00862095 0.675095 0.128767 0.0053082 0.675477 0.128987 0.00865131 0.675299 0.128878 0.00532174 0.675635 0.129211 0.0121025 0.675306 0.129147 0.00994929 0.6755 0.129191 0.0120556 0.675095 0.128967 0.005337 0.675807 0.129065 0.00769413 0.675667 0.129136 0.0120083 0.674879 0.128488 0.00528677 0.675209 0.128636 0.00529646 0.675334 0.128507 0.00857315 0.674758 0.128754 0.0118819 0.674283 0.128325 0.00527933 0.675104 0.12815 0.00527424 0.67502 0.128297 0.00855757 0.674637 0.127966 0.00527156 0.67496 0.128077 0.00854803 0.674553 0.12764 0.00856344 0.674489 0.127855 0.00854431 0.674506 0.127775 0.00527137 0.674924 0.127698 0.0118074 0.673867 0.127914 0.0118068 0.673881 0.127581 0.00527366 0.674913 0.129045 0.0119623 0.674665 0.128916 0.0119195 0.674464 0.128565 0.0118511 0.67413 0.128355 0.0118281 0.674011 0.128135 0.0118135 0.673928 0.12859 -1.9019e-06 0.675631 0.128433 -2.12713e-06 0.675489 0.128636 0.00529646 0.675334 0.128488 0.00528677 0.675209 0.128725 -1.21368e-06 0.675792 0.128767 0.0053082 0.675477 0.128258 -1.98225e-06 0.675371 0.128878 0.00532174 0.675635 0.128967 0.005337 0.675807 0.128835 1.16441e-09 0.675969 0.128071 -1.57974e-06 0.67528 0.128325 0.00527933 0.675104 0.12815 0.00527424 0.67502 0.127878 -1.03962e-06 0.675217 0.127685 -4.84834e-07 0.675181 0.127966 0.00527156 0.67496 0.127496 3.14269e-09 0.675171 0.127775 0.00527137 0.674924 0.127581 0.00527366 0.674913 0.130971 -0.014159 0.67427 0.13091 -0.0140555 0.675358 0.131211 -0.0140785 0.675359 0.130075 -0.0137234 0.675348 0.130335 -0.0138759 0.675353 0.130236 -0.0139047 0.674425 0.130616 -0.0139874 0.675356 0.130724 -0.0141101 0.674303 0.130477 -0.0140259 0.674354 0.129654 -0.0133871 0.674708 0.129637 -0.0133103 0.675333 0.129807 -0.0135635 0.674613 0.130001 -0.0137408 0.674516 0.12984 -0.0135334 0.675341 0.129341 -0.0127854 0.675313 0.129469 -0.013059 0.675323 0.129393 -0.0129395 0.674939 0.129517 -0.0131846 0.674815 0.129256 -0.0124956 0.675302 0.129299 -0.0126843 0.675065 0.129243 -0.0124451 0.675178 0.129214 -0.0121961 0.675292 0.131213 -0.0141747 0.674256 0.140534 -0.013102 0.674736 0.140401 -0.0133226 0.674625 0.140395 -0.0132698 0.675332 0.140789 -0.0121119 0.675289 0.140768 -0.0123746 0.67508 0.140759 -0.0124207 0.6753 0.139596 -0.0140018 0.674275 0.139688 -0.0138648 0.675353 0.139834 -0.0138704 0.674344 0.139954 -0.013704 0.675348 0.139401 -0.0139827 0.675356 0.139338 -0.0141 0.674224 0.139067 -0.0141607 0.674193 0.139098 -0.0140546 0.675358 0.138787 -0.0141812 0.674184 0.138789 -0.0140785 0.675359 0.140049 -0.0137104 0.674426 0.140191 -0.013504 0.675341 0.140239 -0.0135266 0.67452 0.14056 -0.0130069 0.675322 0.140641 -0.0128688 0.67485 0.140683 -0.0127216 0.675311 0.140719 -0.0126252 0.674964 0.140788 -0.0121199 0.675197 0.130074 0.0137234 0.675348 0.129839 0.0135333 0.675341 0.12998 0.0137255 0.674525 0.129636 0.0133101 0.675333 0.129793 0.0135504 0.674621 0.129468 0.0130588 0.675323 0.129495 0.0131446 0.674837 0.129631 0.0133557 0.674726 0.12934 0.0127852 0.675313 0.129385 0.0129207 0.674949 0.129301 0.012686 0.675063 0.129255 0.0124954 0.675302 0.129244 0.0124436 0.675177 0.129214 0.0121963 0.675292 0.130192 0.0138776 0.67444 0.130335 0.0138761 0.675353 0.130615 0.0139878 0.675356 0.130425 0.0140027 0.674368 0.130676 0.0140963 0.674311 0.13091 0.0140558 0.675358 0.13094 0.0141546 0.674273 0.131211 0.0140785 0.675359 0.131213 0.014175 0.674256 0.139037 0.014165 0.674191 0.139098 0.0140541 0.675358 0.138789 0.0140785 0.675359 0.139953 0.013704 0.675348 0.139687 0.0138646 0.675353 0.139791 0.0138978 0.674329 0.1394 0.0139823 0.675356 0.139291 0.0141137 0.674217 0.139544 0.0140252 0.674263 0.140378 0.013355 0.674608 0.140394 0.01327 0.675332 0.140225 0.0135403 0.674513 0.140029 0.0137261 0.674418 0.14019 0.0135042 0.675341 0.14072 0.0126241 0.674967 0.140682 0.012722 0.675311 0.140633 0.0128883 0.67484 0.140513 0.0131431 0.674715 0.140559 0.0130072 0.675322 0.140789 0.0121119 0.675289 0.140759 0.0124212 0.6753 0.140769 0.012377 0.675081 0.140788 0.0121199 0.675197 0.138787 0.0141812 0.674184 0.131213 0.014175 0.674256 0.138789 0.0140785 0.675359 0.131211 0.0140785 0.675359 0.138787 0.0141812 0.674184 0.130211 0.0120987 0.676289 0.130234 0.0123102 0.676285 0.130283 0.0124682 0.676282 0.140153 0.0031885 0.676444 0.140226 3.23345e-13 0.6765 0.129718 2.71095e-12 0.6765 0.13036 0.0126214 0.67628 0.130213 0.0121542 0.676288 0.130592 0.0128837 0.676275 0.130464 0.0127623 0.676277 0.130738 0.0129801 0.676273 0.130895 0.0130482 0.676272 0.131055 0.0130874 0.676272 0.135 0.0115 0.676299 0.134748 0.0114787 0.6763 0.131211 0.0130997 0.676271 0.136 0.00888176 0.676345 0.136173 0.00906527 0.676342 0.139789 0.0121119 0.676289 0.139655 0.0125969 0.67628 0.139729 0.0124367 0.676283 0.139773 0.0122725 0.676286 0.139422 0.0128726 0.676275 0.139551 0.0127448 0.676278 0.139273 0.012974 0.676274 0.139112 0.0130455 0.676272 0.138949 0.0130868 0.676272 0.138789 0.0130997 0.676271 0.139802 0.0116656 0.676296 0.134349 0.00864844 0.676349 0.134585 0.00855861 0.676351 0.129882 0.00529938 0.676407 0.133537 0.0103331 0.67632 0.13394 0.0089389 0.676344 0.134133 0.00877635 0.676347 0.134504 0.0114156 0.676301 0.136416 0.00950532 0.676334 0.136479 0.00974876 0.67633 0.134274 0.0113124 0.676303 0.134064 0.0111723 0.676305 0.133881 0.0109993 0.676308 0.13373 0.0107978 0.676312 0.133614 0.0105735 0.676315 0.133502 0.0100834 0.676324 0.13351 0.00983157 0.676328 0.133559 0.00958469 0.676333 0.133777 0.00913156 0.676341 0.133649 0.00934892 0.676337 0.134833 0.00850941 0.676351 0.135085 0.00850244 0.676352 0.135575 0.00861445 0.67635 0.135334 0.00853782 0.676351 0.135798 0.00873006 0.676348 0.136313 0.00927511 0.676338 0.1365 0.01 0.676325 0.136477 0.0102608 0.676321 0.136409 0.0105134 0.676316 0.136299 0.0107504 0.676312 0.135964 0.0111493 0.676305 0.136149 0.0109645 0.676309 0.135513 0.0114097 0.676301 0.135749 0.0112993 0.676303 0.13526 0.0114772 0.6763 0.140789 0.0121119 0.675289 0.140788 0.0121199 0.675197 0.140796 0.0116654 0.675296 0.131213 -0.0141747 0.674256 0.131211 -0.0140785 0.675359 0.138789 -0.0140785 0.675359 0.138787 -0.0141812 0.674184 0.140789 -0.0121119 0.675289 0.140796 -0.0116654 0.675296 0.140788 -0.0121199 0.675197 0.131211 -0.0130997 0.676271 0.130211 -0.0120987 0.676289 0.133538 -0.0103344 0.67632 0.130895 -0.0130482 0.676272 0.131055 -0.0130874 0.676272 0.140153 -0.00318848 0.676444 0.129718 2.71095e-12 0.6765 0.140226 3.23345e-13 0.6765 0.134131 -0.00877707 0.676347 0.133939 -0.00893992 0.676344 0.129882 -0.00529908 0.676408 0.130283 -0.0124681 0.676282 0.130234 -0.0123101 0.676285 0.130213 -0.0121542 0.676288 0.13036 -0.0126214 0.67628 0.130592 -0.0128837 0.676275 0.130464 -0.0127623 0.676277 0.130738 -0.0129801 0.676273 0.135 -0.0115 0.676299 0.138789 -0.0130997 0.676271 0.134749 -0.0114788 0.6763 0.134349 -0.00864873 0.676349 0.134585 -0.00855867 0.676351 0.138949 -0.0130868 0.676272 0.139789 -0.0121119 0.676289 0.139802 -0.0116656 0.676296 0.139273 -0.012974 0.676274 0.139112 -0.0130455 0.676272 0.139551 -0.0127448 0.676278 0.139422 -0.0128726 0.676275 0.139729 -0.0124367 0.676283 0.139655 -0.0125969 0.67628 0.139773 -0.0122725 0.676286 0.135999 -0.00888141 0.676345 0.136172 -0.00906436 0.676342 0.134505 -0.011416 0.676301 0.136479 -0.00974837 0.67633 0.136416 -0.00950402 0.676334 0.134065 -0.011173 0.676305 0.134275 -0.0113131 0.676303 0.13373 -0.0107982 0.676312 0.133882 -0.0109997 0.676308 0.133614 -0.0105745 0.676315 0.133509 -0.00983253 0.676328 0.133502 -0.0100848 0.676324 0.133559 -0.00958486 0.676333 0.133776 -0.00913259 0.676341 0.133648 -0.00934956 0.676337 0.134832 -0.00850953 0.676351 0.135083 -0.00850237 0.676352 0.135574 -0.00861403 0.67635 0.135333 -0.0085375 0.676351 0.135798 -0.00872986 0.676348 0.136312 -0.00927386 0.676338 0.1365 -0.01 0.676325 0.136477 -0.0102603 0.676321 0.13641 -0.0105124 0.676316 0.136149 -0.0109637 0.676309 0.136299 -0.0107494 0.676312 0.13575 -0.0112987 0.676303 0.135965 -0.0111487 0.676305 0.135261 -0.0114771 0.6763 0.135513 -0.0114093 0.676301 0.0358665 -0.0406183 0.560013 0.028391 -0.0406183 0.55804 0.0357404 -0.0407009 0.56037 0.0427703 -0.0406844 0.563449 0.042615 -0.0407975 0.563732 0.0424643 -0.0409593 0.564008 0.03562 -0.0408413 0.560712 0.0355082 -0.041036 0.561028 -0.0273305 -0.0406183 0.599046 -0.0276707 -0.0406183 0.60677 -0.0269541 -0.0407009 0.599093 0.0423233 -0.0411684 0.564265 0.0354079 -0.0412804 0.561313 0.042197 -0.0414202 0.564495 0.0353213 -0.0415686 0.561558 0.0352507 -0.0418935 0.561759 0.0420897 -0.0417074 0.564691 0.0420044 -0.0420203 0.564847 0.0351976 -0.0422475 0.561909 0.0419041 -0.0426802 0.56503 0.0419426 -0.0423483 0.564959 0.0351634 -0.0426219 0.562006 0.0356456 -0.0430077 0.562226 0.0418883 -0.0430077 0.565059 0.0429253 -0.0406183 0.563166 -0.00763578 -0.041036 0.567446 -0.00745696 -0.0412804 0.567689 -0.00106934 -0.0412804 0.563744 0.0282015 -0.041036 0.559101 0.0281485 -0.0412804 0.559398 0.0206794 -0.041036 0.558379 0.020675 -0.0412804 0.55868 0.0281027 -0.0415686 0.559654 0.0206712 -0.0415686 0.558941 0.0131838 -0.0412804 0.55918 0.0132221 -0.0415686 0.559437 0.0058717 -0.0412804 0.560883 0.00595107 -0.0415686 0.56113 0.0131395 -0.041036 0.558881 -0.0177067 -0.0415686 0.57854 -0.0127854 -0.0418935 0.572945 -0.0129373 -0.0415686 0.572797 0.00577969 -0.041036 0.560595 -0.0133391 -0.041036 0.572404 -0.0226204 -0.0407009 0.584431 -0.018738 -0.0407009 0.577817 -0.022962 -0.0406183 0.584266 -0.0253832 -0.0407009 0.591586 -0.0257471 -0.0406183 0.591479 -0.0250361 -0.0408413 0.591689 -0.0265949 -0.0408413 0.599138 -0.00120655 -0.041036 0.563475 -0.0270267 -0.0407976 0.606746 -0.0273484 -0.0406844 0.606758 -0.0131234 -0.0412804 0.572615 -0.000950982 -0.0415686 0.563976 -0.0255144 -0.0430077 0.60669 -0.0252524 -0.0430077 0.599839 -0.0255474 -0.0426802 0.606691 -0.00702124 -0.0426219 0.568282 -0.00708221 -0.0422475 0.568199 -0.0126713 -0.0422475 0.573057 -0.0175328 -0.0418935 0.578662 -0.00717679 -0.0418935 0.56807 -0.017318 -0.0426219 0.578813 -0.0174022 -0.0422475 0.578754 -0.0211507 -0.0422475 0.58514 -0.0252329 -0.0426219 0.59931 -0.0239653 -0.0430077 0.593106 -0.0237197 -0.0426219 0.592078 -0.0210581 -0.0426219 0.585185 -0.0216821 -0.0430077 0.586642 -0.0253349 -0.0422475 0.599297 0.0129809 -0.0406183 0.557816 0.00545113 -0.0406183 0.559569 0.0130368 -0.0407009 0.558191 0.0283243 -0.0407009 0.558414 0.0206896 -0.0407009 0.557681 0.0206951 -0.0406183 0.557302 0.0282606 -0.0408413 0.55877 0.0280653 -0.0418935 0.559863 0.0280373 -0.0422475 0.56002 0.0280192 -0.0426219 0.560121 0.0290484 -0.0430077 0.560362 -0.00169652 -0.0406183 0.562516 0.00556684 -0.0407009 0.559931 0.0206843 -0.0408413 0.558043 0.0206681 -0.0418935 0.559153 0.0206643 -0.0426219 0.559415 0.0206658 -0.0422475 0.559313 0.0222463 -0.0430077 0.55951 0.01309 -0.0408413 0.558549 0.0132769 -0.0422475 0.559805 0.013292 -0.0426219 0.559907 0.0132534 -0.0418935 0.559647 0.0153932 -0.0430077 0.559688 -0.0190485 -0.0406183 0.577599 -0.0138381 -0.0407009 0.571916 -0.0141094 -0.0406183 0.571651 -0.00827429 -0.0406183 0.566579 -0.00152398 -0.0407009 0.562854 0.00567724 -0.0408413 0.560275 0.00606453 -0.0422475 0.561485 0.0060959 -0.0426219 0.561583 0.00601586 -0.0418935 0.561333 0.00864454 -0.0430077 0.560893 -0.00804943 -0.0407009 0.566884 -0.00135933 -0.0408413 0.563176 -0.000781768 -0.0422475 0.564307 -0.000734989 -0.0426219 0.564399 -0.00085435 -0.0418935 0.564165 0.00215312 -0.0430077 0.563097 -0.00783487 -0.0408413 0.567176 -0.00730272 -0.0415686 0.567899 -0.00393397 -0.0430077 0.56625 -0.0135793 -0.0408413 0.572169 -0.00947884 -0.0430077 0.570281 -0.0125977 -0.0426219 0.573129 -0.0181667 -0.041036 0.578217 -0.0184417 -0.0408413 0.578024 -0.0179198 -0.0412804 0.578391 -0.0238183 -0.0422475 0.592049 -0.0143559 -0.0430077 0.575099 -0.0219918 -0.041036 0.584734 -0.0222943 -0.0408413 0.584589 -0.0217201 -0.0412804 0.584866 -0.0214858 -0.0415686 0.584979 -0.0212944 -0.0418935 0.585071 -0.0184546 -0.0430077 0.580594 -0.024714 -0.041036 0.591784 -0.0244246 -0.0412804 0.591869 -0.0241751 -0.0415686 0.591943 -0.0239713 -0.0418935 0.592003 -0.0262616 -0.041036 0.59918 -0.0259623 -0.0412804 0.599218 -0.0257041 -0.0415686 0.59925 -0.0254933 -0.0418935 0.599277 -0.0267137 -0.040959 0.606734 -0.0264206 -0.0411674 0.606723 -0.0261578 -0.0414187 0.606713 -0.0259341 -0.0417057 0.606705 -0.025756 -0.0420188 0.606699 -0.0256271 -0.0423472 0.606694 0.0537388 -0.0413338 0.5731 0.0539523 -0.0411246 0.572905 0.0483903 -0.0412031 0.568244 0.0424643 -0.0409593 0.564008 0.04857 -0.0409941 0.568014 0.0487616 -0.0408321 0.567768 0.0423233 -0.0411684 0.564265 0.0524748 -0.0407136 0.570092 0.0489587 -0.0407181 0.567514 0.0544134 -0.0408461 0.572479 0.0590379 -0.0411366 0.578228 0.0565253 -0.0408682 0.574382 0.042615 -0.0407975 0.563732 0.047933 -0.0406365 0.566343 0.0427703 -0.0406844 0.563449 0.0429253 -0.0406183 0.563166 0.0600294 -0.0411443 0.579142 0.0627503 -0.0416752 0.584639 0.0629472 -0.0415901 0.584306 0.0533818 -0.0418701 0.573419 0.0578585 -0.0421596 0.578972 0.0580481 -0.0418747 0.578861 0.0616432 -0.0424065 0.585093 0.0618908 -0.0421559 0.585001 0.0582686 -0.0416242 0.578725 0.0535465 -0.0415846 0.573273 0.0659012 -0.0455371 0.605736 0.0661687 -0.0452375 0.605783 0.0654836 -0.0444907 0.598723 0.0642135 -0.043197 0.591747 0.0644868 -0.042946 0.591698 0.0635232 -0.0470362 0.619541 0.0637908 -0.0467285 0.619648 0.0652392 -0.0464437 0.612748 0.0657381 -0.0441968 0.598732 0.0660344 -0.043945 0.59873 0.0641046 -0.0464734 0.619768 0.0655114 -0.0461389 0.612828 0.0664815 -0.0449846 0.605824 0.0607662 -0.0472176 0.626039 0.0570788 -0.0469734 0.631995 0.0573097 -0.0466704 0.632139 0.0616388 -0.0464603 0.626483 0.0613148 -0.0466548 0.626317 0.0529279 -0.0458155 0.637691 0.0526987 -0.0460688 0.637502 0.0575758 -0.0464153 0.632312 0.0610196 -0.0469104 0.626167 0.0346861 -0.0436212 0.64843 0.0278056 -0.0428579 0.650181 0.0278605 -0.0425918 0.650356 0.0473401 -0.0452226 0.642089 0.0475281 -0.0449723 0.642287 0.0207477 -0.0418171 0.651247 0.0207311 -0.0420571 0.651037 0.0135769 -0.0415127 0.650825 0.0135488 -0.0413025 0.651064 4.08827e-05 -0.0418476 0.646349 -4.46693e-05 -0.0415727 0.646526 0.00664417 -0.0418882 0.648912 0.0136005 -0.0417539 0.650614 -0.0200274 -0.0424033 0.626959 -0.0161063 -0.0427562 0.632808 -0.0199592 -0.0427331 0.62692 -0.0161671 -0.0424289 0.632855 -0.00603487 -0.0421369 0.642639 0.000109005 -0.0421436 0.646209 0.000158588 -0.0424522 0.646107 -0.00612784 -0.0418355 0.642772 -0.0116274 -0.0418215 0.63832 -0.00638201 -0.0413088 0.643139 -0.0121354 -0.0410803 0.638855 -0.00653602 -0.0410984 0.643361 0.00652834 -0.0413743 0.649305 0.00645707 -0.0411637 0.649543 -0.0237971 -0.0406568 0.623847 -0.0215108 -0.0407428 0.627779 -0.0245485 -0.0407142 0.621096 -0.000145547 -0.0413268 0.646735 -0.0207087 -0.041231 0.627337 -0.023954 -0.0409907 0.620881 -0.0209612 -0.0410218 0.627476 -0.0211417 -0.0406781 0.629066 -0.0174883 -0.040771 0.633878 -0.0273484 -0.0406844 0.606758 -0.027091 -0.0406235 0.612615 -0.0265086 -0.0406927 0.614044 -0.0261921 -0.040806 0.613983 -0.0270267 -0.0407976 0.606746 -0.0276707 -0.0406183 0.60677 -0.00596723 -0.0424516 0.642542 -0.0115118 -0.042127 0.638198 -0.00624456 -0.0415567 0.64294 -0.0117727 -0.0415397 0.638473 -0.0119438 -0.0412904 0.638653 0.00659129 -0.0416178 0.649092 -0.0228364 -0.0430338 0.62047 -0.0247426 -0.0426881 0.613697 -0.0228671 -0.0427078 0.620483 -0.0247102 -0.0430152 0.61369 -0.0255144 -0.0430077 0.60669 -0.0255474 -0.0426802 0.606691 -0.0248206 -0.0423557 0.613713 0.0207136 -0.0423217 0.65086 0.013619 -0.0420204 0.650434 0.0347793 -0.0433502 0.648602 0.0279189 -0.0423512 0.650563 0.0663612 -0.0437434 0.598715 0.0413189 -0.0442679 0.645821 0.0348805 -0.0431072 0.648808 0.0414636 -0.0440214 0.646024 0.0411876 -0.0445464 0.645652 0.047172 -0.0455098 0.641926 0.0416173 -0.0438133 0.646256 0.0524969 -0.0463647 0.637347 0.0658309 -0.0458849 0.612911 0.0639779 -0.043486 0.591778 0.0479803 -0.0420532 0.568762 0.0420044 -0.0420203 0.564847 0.0419426 -0.0423483 0.564959 0.0614297 -0.0426924 0.585166 0.0482287 -0.0414544 0.568449 0.0480908 -0.0417409 0.568624 0.042197 -0.0414202 0.564495 0.0420897 -0.0417074 0.564691 0.0419041 -0.0426802 0.56503 0.0478994 -0.0423805 0.568861 0.0418883 -0.0430077 0.565059 0.0478483 -0.0427123 0.568922 0.0675561 -0.0445717 0.605901 0.0673538 -0.0454343 0.612777 0.0678922 -0.0446956 0.606983 0.0541797 -0.0409616 0.572696 0.0670546 -0.0435045 0.598656 0.0677079 -0.0438418 0.601182 0.0532493 -0.0421808 0.573533 0.0531514 -0.0425064 0.573614 0.0478269 -0.0430384 0.568947 0.0530886 -0.0428363 0.573662 0.0587719 -0.0412522 0.578404 0.0585126 -0.0414152 0.578571 0.057705 -0.0424697 0.579057 0.0575907 -0.0427946 0.579114 0.0530597 -0.0431596 0.573679 0.057516 -0.0431238 0.579144 0.065207 -0.0422091 0.589731 0.0654309 -0.0424811 0.591478 0.0624539 -0.0417875 0.584769 0.0621642 -0.0419481 0.584891 0.0612566 -0.0430043 0.585217 0.0611272 -0.0433314 0.585246 0.0574822 -0.0434464 0.579153 0.0610421 -0.0436629 0.585252 0.0668013 -0.0429787 0.595385 0.0651066 -0.0425854 0.591561 0.0647882 -0.0427407 0.591636 0.0637872 -0.0438028 0.591793 0.0636454 -0.0441359 0.591791 0.0609992 -0.0439896 0.58524 0.0635531 -0.0444737 0.591773 0.0584695 -0.0460042 0.632928 0.0544009 -0.0454082 0.638163 0.058242 -0.0459271 0.633817 0.0667056 -0.0435965 0.59869 0.0623152 -0.0462657 0.62683 0.0614948 -0.0462182 0.629049 0.0652792 -0.0448154 0.598702 0.0651294 -0.045158 0.598671 0.0635103 -0.0448106 0.59175 0.0650346 -0.0455057 0.598632 0.0669253 -0.0454945 0.613143 0.0671898 -0.0446498 0.605884 0.0668268 -0.0447873 0.605858 0.0656885 -0.0458711 0.605685 0.0655355 -0.0462249 0.605632 0.0649911 -0.0458543 0.598587 0.0654423 -0.0465842 0.605579 0.0661012 -0.0459616 0.618419 0.065175 -0.0460921 0.620148 0.0665536 -0.0455612 0.613071 0.0661836 -0.0456909 0.612993 0.0650242 -0.0467859 0.612674 0.0648717 -0.0471496 0.612608 0.0654043 -0.0469451 0.605538 0.0647815 -0.0475191 0.612552 0.0641382 -0.0462328 0.62387 0.0648124 -0.046154 0.620023 0.0644504 -0.0462806 0.619894 0.0633119 -0.0473827 0.619451 0.0631622 -0.0477515 0.61938 0.0647482 -0.0478877 0.612513 0.0630737 -0.0481263 0.619328 0.035203 -0.042596 0.649564 0.029017 -0.0418124 0.651444 0.0346916 -0.0424295 0.650034 0.061977 -0.046331 0.626656 0.0401456 -0.0431669 0.647966 0.0419326 -0.0435273 0.646774 0.0605642 -0.0475627 0.625938 0.0604185 -0.0479298 0.625866 0.0630384 -0.048495 0.619309 0.0603293 -0.0483028 0.625823 0.0536893 -0.045375 0.63838 0.0581679 -0.0460804 0.632715 0.057866 -0.0462172 0.632507 0.0568912 -0.0473116 0.631886 0.0567518 -0.0476702 0.631813 0.0602894 -0.0486638 0.62581 0.0566611 -0.0480344 0.631776 0.0500709 -0.0447315 0.641993 0.0481455 -0.0445026 0.643017 0.0534327 -0.0454663 0.638139 0.0531758 -0.0456132 0.637906 0.0523293 -0.0466918 0.637231 0.0521998 -0.0470372 0.637156 0.0566107 -0.0483842 0.631779 0.0521097 -0.0473877 0.63712 0.0453001 -0.0439594 0.645271 0.0479377 -0.0446096 0.64276 0.0477296 -0.0447666 0.642514 0.0470291 -0.0458241 0.641803 0.0469145 -0.0461542 0.641723 0.0520508 -0.0477215 0.637126 0.0468297 -0.046489 0.641683 0.00629812 -0.0408552 0.650072 0.000346607 -0.0407247 0.648201 0.00580144 -0.0407547 0.650224 0.0417751 -0.0436481 0.646508 0.0115201 -0.0408368 0.651575 0.0134824 -0.0409888 0.651594 0.0410733 -0.0448481 0.645524 0.0409785 -0.0451635 0.645437 0.0467698 -0.0468081 0.641686 0.0409045 -0.0454829 0.64539 0.0280992 -0.0418301 0.651323 0.0350952 -0.0427271 0.649296 0.0349867 -0.0428981 0.649041 0.0346032 -0.0439126 0.648296 0.0345323 -0.044216 0.648203 0.0408386 -0.0457877 0.645388 0.0344744 -0.044523 0.648149 0.023202 -0.0413386 0.652181 0.020789 -0.0412922 0.65201 0.0280397 -0.0419673 0.651054 0.0279791 -0.0421417 0.650798 0.0277554 -0.0431427 0.650043 0.0277109 -0.0434385 0.649944 0.0344214 -0.044821 0.648136 0.0276728 -0.0437378 0.649884 0.0173384 -0.0410174 0.652228 0.020777 -0.0414317 0.65174 0.0207631 -0.0416073 0.651483 0.0206957 -0.0426045 0.650719 0.0206778 -0.0428979 0.650616 0.0276239 -0.0440318 0.649864 0.0206604 -0.0431947 0.650552 -0.0178704 -0.0406976 0.6339 0.013517 -0.0411271 0.651322 -0.00687366 -0.0408045 0.643848 -0.012554 -0.0407928 0.639297 -0.00965588 -0.0407196 0.642193 0.0136318 -0.0423054 0.650291 0.013639 -0.0426014 0.650187 0.0206405 -0.0434934 0.650525 0.0136406 -0.0429008 0.650121 -0.000508388 -0.0408148 0.647485 0.00637957 -0.04099 0.649801 -0.000258818 -0.0411161 0.646969 0.00668575 -0.0421783 0.648769 0.00671542 -0.0424801 0.648665 0.0136141 -0.0432027 0.650086 0.00673317 -0.0427854 0.648599 -0.00483532 -0.0407199 0.645509 -0.000380999 -0.0409449 0.647221 0.00673752 -0.0430914 0.64857 0.00018955 -0.0427645 0.646043 -0.00670164 -0.0409297 0.6436 0.000183156 -0.0430743 0.646005 -0.00592504 -0.0427703 0.642482 -0.014005 -0.0407127 0.638318 -0.012341 -0.0409139 0.639072 -0.011428 -0.0424464 0.638109 -0.0162655 -0.042106 0.632932 -0.00590672 -0.0430846 0.642457 -0.011376 -0.0427701 0.638054 -0.0169981 -0.0410536 0.633499 -0.0172391 -0.0408891 0.633685 -0.0167731 -0.0412632 0.633326 -0.016572 -0.0415135 0.63317 -0.0164013 -0.0417974 0.633038 -0.0113641 -0.0430885 0.638019 -0.0212316 -0.0408586 0.627625 -0.0204826 -0.0414819 0.627212 -0.0202906 -0.0417673 0.627106 -0.0201379 -0.0420779 0.627021 -0.0160823 -0.0430781 0.632786 -0.0257945 -0.0406374 0.618327 -0.0236803 -0.0411997 0.620781 -0.0242467 -0.0408284 0.620987 -0.0234352 -0.041451 0.620692 -0.0232268 -0.0417373 0.620616 -0.0230611 -0.0420493 0.620555 -0.0229412 -0.0423764 0.62051 -0.0249468 -0.0420277 0.613738 -0.0199354 -0.0430574 0.626894 -0.0258849 -0.0409677 0.613923 -0.0255975 -0.0411765 0.613866 -0.0267137 -0.040959 0.606734 -0.02534 -0.041428 0.613816 -0.0264206 -0.0411674 0.606723 -0.025121 -0.0417149 0.613773 -0.0261578 -0.0414187 0.606713 -0.0259341 -0.0417057 0.606705 -0.025756 -0.0420188 0.606699 -0.0256271 -0.0423472 0.606694 -0.0273127 0.0406946 0.606756 -0.0273305 0.0406183 0.599046 -0.0269541 0.0407009 0.599093 -0.0269552 0.0408292 0.606743 -0.0265949 0.0408413 0.599138 -0.0266123 0.0410236 0.60673 -0.0262616 0.041036 0.59918 0.0429253 0.0406183 0.563166 0.0357404 0.0407009 0.56037 0.0358665 0.0406183 0.560012 -0.0260276 0.0415751 0.606709 -0.0262986 0.0412747 0.606719 -0.0259623 0.0412804 0.599218 -0.00745696 0.0412804 0.567689 -0.00120656 0.041036 0.563475 -0.00106934 0.0412804 0.563744 -0.0257041 0.0415686 0.59925 -0.0254933 0.0418935 0.599277 -0.0258098 0.0419129 0.606701 -0.0256514 0.042274 0.606695 -0.0253349 0.0422475 0.599297 -0.0255144 0.0430077 0.60669 -0.025554 0.0426435 0.606691 -0.0252329 0.0426219 0.59931 -0.0257471 0.0406183 0.591479 -0.0276707 0.0406183 0.60677 -0.0244246 0.0412804 0.591869 -0.024714 0.041036 0.591784 -0.0241751 0.0415686 0.591943 -0.0219918 0.041036 0.584734 -0.0217201 0.0412804 0.584866 -0.0214858 0.0415686 0.584979 -0.0177067 0.0415686 0.57854 -0.0179198 0.0412804 0.578391 -0.0131234 0.0412804 0.572615 -0.0129373 0.0415686 0.572797 -0.0181667 0.041036 0.578217 -0.00763578 0.041036 0.567446 -0.0133391 0.041036 0.572404 0.00577969 0.041036 0.560595 0.0206896 0.0407009 0.557681 0.0130368 0.0407009 0.558191 0.0206951 0.0406183 0.557302 0.0283243 0.0407009 0.558414 0.028391 0.0406183 0.55804 0.0282606 0.0408413 0.55877 0.0356199 0.0408413 0.560712 0.00595106 0.0415686 0.56113 0.0132221 0.0415686 0.559437 0.00601586 0.0418935 0.561333 0.0426155 0.0407977 0.563731 0.0427703 0.0406844 0.563449 -0.000781771 0.0422475 0.564307 -0.000854352 0.0418935 0.564165 -0.00708221 0.0422475 0.568199 -0.00717679 0.0418935 0.56807 0.0280192 0.0426219 0.560121 0.0280114 0.0430077 0.560164 0.0206636 0.0430077 0.559459 0.0058717 0.0412804 0.560883 -0.00730272 0.0415686 0.567899 0.0132534 0.0418935 0.559647 0.00606453 0.0422475 0.561485 0.0351976 0.0422475 0.561909 0.0351634 0.0426219 0.562006 0.0206643 0.0426219 0.559415 0.013292 0.0426219 0.559907 0.0206658 0.0422475 0.559313 0.0132769 0.0422475 0.559805 0.0351488 0.0430077 0.562047 0.0419041 0.0426802 0.56503 0.0418883 0.0430077 0.565059 -0.0190485 0.0406183 0.577599 -0.0141094 0.0406183 0.571651 -0.018738 0.0407009 0.577817 -0.0253832 0.0407009 0.591586 -0.0226204 0.0407009 0.584431 -0.022962 0.0406183 0.584266 -0.0250361 0.0408413 0.591689 -0.0239713 0.0418935 0.592003 -0.0238183 0.0422475 0.592049 -0.0237197 0.0426219 0.592078 -0.0251896 0.0430077 0.599315 -0.00827429 0.0406183 0.566579 -0.0138381 0.0407009 0.571916 -0.0222943 0.0408413 0.584589 -0.0212944 0.0418935 0.585071 -0.0211507 0.0422475 0.58514 -0.0236778 0.0430077 0.59209 -0.0210581 0.0426219 0.585185 -0.0184417 0.0408413 0.578024 -0.0175328 0.0418935 0.578662 -0.0174022 0.0422475 0.578754 -0.0210188 0.0430077 0.585204 -0.017318 0.0426219 0.578813 0.0129809 0.0406183 0.557816 0.00556683 0.0407009 0.559931 0.00545113 0.0406183 0.559569 -0.00169653 0.0406183 0.562516 -0.00804943 0.0407009 0.566884 -0.0127854 0.0418935 0.572945 -0.0135793 0.0408413 0.572169 -0.0126713 0.0422475 0.573057 -0.0172823 0.0430077 0.578838 -0.0125977 0.0426219 0.573129 -0.00152398 0.0407009 0.562854 -0.00783487 0.0408413 0.567176 -0.0125665 0.0430077 0.573159 -0.00702125 0.0426219 0.568282 -0.00135933 0.0408413 0.563176 -0.000950985 0.0415686 0.563976 -0.000734991 0.0426219 0.564399 -0.00699538 0.0430077 0.568317 0.00567724 0.0408413 0.560275 -0.000715149 0.0430077 0.564438 0.0060959 0.0426219 0.561583 0.0131394 0.041036 0.558881 0.01309 0.0408413 0.558549 0.0131838 0.0412804 0.55918 0.0280372 0.0422475 0.56002 0.00610919 0.0430077 0.561624 0.0206794 0.041036 0.558379 0.0206843 0.0408413 0.558043 0.020675 0.0412804 0.55868 0.0206712 0.0415686 0.558941 0.0206681 0.0418935 0.559153 0.0132984 0.0430077 0.55995 0.0282015 0.041036 0.559101 0.0281485 0.0412804 0.559398 0.0281027 0.0415686 0.559654 0.0280653 0.0418935 0.559863 0.0355082 0.041036 0.561028 0.0354079 0.0412804 0.561313 0.0353213 0.0415686 0.561558 0.0352507 0.0418935 0.561759 0.042465 0.040959 0.564006 0.0423241 0.0411675 0.564263 0.0421977 0.0414188 0.564494 0.0420901 0.0417057 0.56469 0.0420045 0.0420188 0.564847 0.0419424 0.0423472 0.56496 -0.0266123 0.0410236 0.60673 -0.0264489 0.0408343 0.612051 -0.0269552 0.0408292 0.606743 -0.0258 0.0412798 0.611952 -0.0260276 0.0415751 0.606709 -0.0255322 0.0415801 0.611911 -0.0240299 0.0407351 0.62231 -0.0257077 0.0407112 0.617307 -0.0253634 0.0408464 0.617214 -0.02611 0.0410287 0.611999 -0.0243604 0.0406512 0.622494 -0.0251605 0.0422788 0.611853 -0.0256514 0.042274 0.606695 -0.025554 0.0426435 0.606691 -0.0262986 0.0412747 0.606719 -0.0250642 0.0426482 0.611838 -0.0240155 0.0426589 0.616847 -0.0241092 0.0422901 0.616873 -0.0255144 0.0430077 0.60669 -0.0224616 0.0430374 0.621472 -0.0225011 0.042652 0.621489 -0.0240273 0.0430275 0.616658 -0.0250449 0.0430176 0.61173 -0.0258098 0.0419129 0.606701 -0.025317 0.0419178 0.611877 -0.0268022 0.0406996 0.612105 -0.0273127 0.0406946 0.606756 -0.0276707 0.0406183 0.60677 -0.0270759 0.0406242 0.612665 -0.0259077 0.0406365 0.617917 -0.0237129 0.0408759 0.622137 -0.0250334 0.0410411 0.617125 -0.0247315 0.0412922 0.617043 -0.0244708 0.0415923 0.616972 -0.023151 0.0413138 0.621837 -0.0242614 0.0419296 0.616915 -0.0229211 0.0416011 0.621714 -0.0225924 0.0422782 0.621538 -0.0234172 0.0410702 0.621979 -0.0227334 0.0419251 0.621614 -0.0253281 0.0482 0.606817 -0.0251896 0.0430077 0.599315 -0.0249773 0.0482 0.599086 -0.0243598 0.0482 0.614494 -0.0222106 0.0477671 0.62166 -0.0222489 0.0475341 0.621585 -0.0240273 0.0430275 0.616658 -0.0221613 0.0479891 0.621764 -0.0221007 0.0482 0.621896 -0.0222762 0.04729 0.621539 -0.0111501 0.0482 0.572021 -0.0125665 0.0430077 0.573159 -0.00699538 0.0430077 0.568317 -0.0233178 0.0482 0.591528 -0.0210188 0.0430077 0.585204 -0.0203977 0.0482 0.584361 0.0132984 0.0430077 0.55995 0.0206636 0.0430077 0.559459 0.0166588 0.0482 0.559759 -0.000715149 0.0430077 0.564438 0.00610919 0.0430077 0.561624 0.00169688 0.0482 0.563492 0.0320068 0.0482 0.561253 0.0351488 0.0430077 0.562047 0.0392674 0.0482 0.563931 0.0243968 0.0482 0.559849 0.0280114 0.0430077 0.560164 0.0459674 0.0482 0.567803 0.0480349 0.043042 0.569106 0.0519117 0.0482 0.572758 0.0418883 0.0430077 0.565059 0.052628 0.043145 0.573229 0.0569275 0.0482 0.578651 0.0608686 0.0482 0.58531 0.060294 0.0438438 0.58383 0.0568571 0.0433926 0.578265 0.0625772 0.0444358 0.588967 0.0636206 0.0482 0.592543 0.0643642 0.0453076 0.595054 0.0651032 0.0482 0.600138 0.0652733 0.0482 0.607875 0.065372 0.0465224 0.602849 0.0652034 0.0474511 0.609118 0.064126 0.0482 0.615528 0.00901806 0.0482 0.560985 -0.00509169 0.0482 0.567207 -0.0163021 0.0482 0.577795 -0.0172823 0.0430077 0.578838 -0.0236778 0.0430077 0.59209 -0.0255144 0.0430077 0.60669 -0.0250449 0.0430176 0.61173 -0.0222926 0.0470349 0.621522 -0.0224616 0.0430374 0.621472 0.0650516 -0.0495 0.600084 0.0654043 -0.0469451 0.605538 0.0649911 -0.0458543 0.598587 0.0398917 -0.0495 0.56428 0.0464186 -0.0495 0.568178 0.0418883 -0.0430077 0.565059 0.0652395 -0.0495 0.607684 0.0635959 -0.0495 0.592622 0.0635103 -0.0448106 0.59175 0.0609133 -0.0495 0.585509 0.0641544 -0.0495 0.615208 0.0630384 -0.048495 0.619309 0.0647482 -0.0478877 0.612513 0.0602894 -0.0486638 0.62581 0.0618267 -0.0495 0.622445 -0.00947884 -0.0430077 0.570281 -0.0143559 -0.0430077 0.575099 -0.0100814 -0.0495 0.571104 0.0520508 -0.0477215 0.637126 0.0537389 -0.0495 0.635257 0.0482063 -0.0495 0.640471 -0.0144264 -0.0495 0.634473 -0.0113641 -0.0430885 0.638019 -0.0088547 -0.0495 0.639946 -0.0255144 -0.0430077 0.60669 -0.0247102 -0.0430152 0.61369 -0.0245003 -0.0495 0.613575 -0.00590672 -0.0430846 0.642457 -0.00242603 -0.0495 0.644381 0.000183156 -0.0430743 0.646005 0.00466871 -0.0495 0.647647 -0.0189755 -0.0495 0.628124 -0.0199354 -0.0430574 0.626894 -0.0160823 -0.0430781 0.632786 -0.0223671 -0.0495 0.621089 -0.0228364 -0.0430338 0.62047 -0.0247776 -0.0495 0.598015 -0.0252524 -0.0430077 0.599839 -0.0253119 -0.0495 0.605807 -0.0239653 -0.0430077 0.593106 -0.0229134 -0.0495 0.590431 -0.0216821 -0.0430077 0.586642 -0.0184546 -0.0430077 0.580594 -0.0197746 -0.0495 0.583279 -0.0154545 -0.0495 0.576773 -0.00381483 -0.0495 0.566443 -0.00393397 -0.0430077 0.56625 0.0122188 -0.0495 0.649646 0.00673752 -0.0430914 0.64857 0.0136141 -0.0432027 0.650086 0.02 -0.0495 0.650319 0.0206405 -0.0434934 0.650525 0.0275756 -0.0495 0.649681 0.0276239 -0.0440318 0.649864 0.0344214 -0.044821 0.648136 0.0408386 -0.0457877 0.645388 0.034938 -0.0495 0.647786 0.04188 -0.0495 0.644687 0.0467698 -0.0468081 0.641686 0.0566107 -0.0483842 0.631779 0.058322 -0.0495 0.629192 0.0574822 -0.0434464 0.579153 0.0609992 -0.0439896 0.58524 0.0570794 -0.0495 0.578944 0.0530597 -0.0431596 0.573679 0.0478269 -0.0430384 0.568947 0.0522021 -0.0495 0.573112 0.0253579 -0.0495 0.559999 0.0290484 -0.0430077 0.560362 0.0222463 -0.0430077 0.55951 0.0356456 -0.0430077 0.562226 0.032805 -0.0495 0.561528 0.00215312 -0.0430077 0.563097 0.00296554 -0.0495 0.563004 0.00864454 -0.0430077 0.560893 0.0153932 -0.0430077 0.559688 0.0102253 -0.0495 0.560748 0.0177601 -0.0495 0.559736 0.0445445 0.0397142 0.559365 0.0443535 0.0399494 0.559721 0.0440394 0.0399461 0.559546 0.0441501 0.0401173 0.5601 0.0438393 0.0401146 0.559924 0.0442251 0.039714 0.559195 0.0436294 0.0402158 0.560321 0.043942 0.0402157 0.560487 0.0447159 0.0394193 0.559046 0.044392 0.039424 0.558879 0.0448619 0.0390761 0.558774 0.0445363 0.0390828 0.558606 0.0449712 0.0387004 0.558569 0.0446544 0.0386989 0.558383 -0.00655688 0.0402158 0.561997 0.00108613 0.0401146 0.557646 0.000102441 0.0402158 0.558539 -0.0260745 0.0402158 0.584224 -0.0283334 0.0401146 0.588751 -0.0248076 0.0401146 0.58066 -0.0308344 0.0399461 0.597264 -0.0309791 0.0401149 0.606136 -0.031407 0.0399463 0.606146 -0.0286434 0.0402158 0.591275 -0.03014 0.0402158 0.598631 -0.0304113 0.0401146 0.597328 -0.03053 0.0402158 0.606125 -0.0179737 0.0402158 0.571647 -0.0199395 0.0401146 0.573298 -0.0138751 0.0401146 0.566887 -0.0224911 0.0402158 0.577633 -0.0146605 0.039424 0.566003 -0.0144233 0.039714 0.56627 -0.0205859 0.039714 0.572785 -0.0126235 0.0402158 0.566397 -0.00679582 0.0401146 0.561616 0.000647567 0.039424 0.556548 0.000780018 0.039714 0.556879 -0.00722949 0.039714 0.560914 -0.00741714 0.039424 0.56061 0.0272746 0.039424 0.553336 0.0272248 0.039714 0.553689 0.0182691 0.039714 0.553212 0.0287355 0.0386984 0.552993 0.0361691 0.0390828 0.55507 0.0273176 0.0390828 0.55303 0.0359641 0.039714 0.555704 0.0271694 0.0399461 0.554083 0.0271097 0.0401146 0.554506 0.0182967 0.0401146 0.554037 0.0367532 0.0402158 0.557315 0.0357098 0.0401146 0.556489 0.0438393 0.0401146 0.559924 0.0440394 0.0399461 0.559546 0.0436294 0.0402158 0.560321 0.0145844 0.0402158 0.554749 0.00953466 0.0401146 0.555094 0.00936528 0.039714 0.554286 0.009292 0.039424 0.553937 0.0182469 0.0390828 0.552547 0.0182572 0.039424 0.552855 0.0203371 0.0386984 0.552266 0.036911 0.0386984 0.55505 0.0446544 0.0386989 0.558383 0.00720311 0.0402158 0.556104 -0.0202748 0.0399461 0.573032 -0.0141594 0.0399461 0.566567 -0.0251837 0.0399461 0.580456 -0.0255328 0.039714 0.580266 0.0358417 0.0399461 0.556081 -0.0291156 0.039714 0.588488 -0.0287391 0.0399461 0.588614 -0.0315802 0.039424 0.59715 -0.0312271 0.039714 0.597204 -0.0318042 0.0397142 0.606155 -0.0318852 0.0390828 0.597104 -0.0321612 0.0394241 0.606162 -0.0324697 0.0390829 0.606169 -0.0327223 0.0386984 0.606174 -0.0322357 0.0386984 0.597758 -0.0297465 0.0390828 0.588276 -0.0294541 0.039424 0.588374 -0.0304183 0.0386984 0.589544 -0.0261177 0.0390828 0.579948 -0.0258466 0.039424 0.580096 -0.0273141 0.0386984 0.581714 -0.0211073 0.0390828 0.572372 -0.0208656 0.039424 0.572563 -0.0230021 0.0386984 0.574477 -0.017592 0.0386984 0.568017 -0.0148655 0.0390828 0.565772 -0.00702075 0.0399461 0.561252 -0.0112215 0.0386984 0.562502 -0.00757928 0.0390828 0.560348 0.000927359 0.0399461 0.557248 -0.00405299 0.0386984 0.558071 0.000533121 0.0390828 0.556261 0.00944681 0.0399461 0.554675 0.00373061 0.0386984 0.554838 0.00922867 0.0390828 0.553635 0.0220827 0.0402158 0.554501 0.0182824 0.0399461 0.553609 0.0119305 0.0386984 0.552886 0.029532 0.0402158 0.555366 0.0360741 0.039424 0.555364 0.0445363 0.0390828 0.558606 0.0442251 0.039714 0.559195 0.044392 0.039424 0.558879 -0.0317948 0.039714 0.606517 -0.0318042 0.0397142 0.606155 -0.0313911 0.0399493 0.606505 -0.0309791 0.0401149 0.606136 -0.0309611 0.0401173 0.606492 -0.031407 0.0399463 0.606146 -0.0305212 0.0402158 0.606479 -0.03053 0.0402158 0.606125 -0.0321612 0.0394241 0.606162 -0.032157 0.0394189 0.606527 -0.0324697 0.0390829 0.606169 -0.0324657 0.0390755 0.606536 -0.0327223 0.0386984 0.606174 -0.0327101 0.0386986 0.606543 0.0440394 -0.0399461 0.559546 0.0445446 -0.0397141 0.559365 0.0442251 -0.039714 0.559195 0.044862 -0.0390757 0.558774 0.044392 -0.039424 0.558879 0.044716 -0.039419 0.559046 0.0445363 -0.0390828 0.558606 0.0449713 -0.0387003 0.558569 0.0446544 -0.0386984 0.558383 0.0443535 -0.0399493 0.559721 0.0438394 -0.0401146 0.559924 0.0441501 -0.0401173 0.5601 0.0436295 -0.0402158 0.560321 0.0439419 -0.0402158 0.560487 0.0358418 -0.0399461 0.556081 0.0440394 -0.0399461 0.559546 0.0359642 -0.039714 0.555704 -0.013875 -0.0401146 0.566887 -0.00656273 -0.0402158 0.562 -0.00679577 -0.0401146 0.561616 -0.0205859 -0.039714 0.572785 -0.0144233 -0.039714 0.56627 -0.0208656 -0.039424 0.572563 -0.0258465 -0.039424 0.580096 -0.0261177 -0.0390828 0.579948 -0.0297465 -0.0390828 0.588276 -0.0304142 -0.0386984 0.589527 -0.0318852 -0.0390828 0.597104 -0.0291156 -0.039714 0.588488 -0.0255328 -0.039714 0.580266 -0.0294541 -0.039424 0.588374 0.000780076 -0.039714 0.556879 0.00936535 -0.039714 0.554286 0.000647625 -0.039424 0.556548 -0.0327223 -0.0386984 0.606174 -0.0322357 -0.0386984 0.597758 0.00944688 -0.0399461 0.554675 0.00717758 -0.0402158 0.556112 0.00953473 -0.0401146 0.555094 0.00108618 -0.0401146 0.557646 0.0182968 -0.0401146 0.554037 0.0220507 -0.0402158 0.5545 0.0271098 -0.0401146 0.554506 -0.0308344 -0.0399461 0.597264 -0.0304113 -0.0401146 0.597328 -0.0283334 -0.0401146 0.588751 0.0357099 -0.0401146 0.556489 0.0438394 -0.0401146 0.559924 0.0360742 -0.039424 0.555364 0.044392 -0.039424 0.558879 0.0361692 -0.0390828 0.55507 0.0442251 -0.039714 0.559195 0.0446544 -0.0386984 0.558383 0.036911 -0.0386984 0.55505 0.0445363 -0.0390828 0.558606 0.0295061 -0.0402158 0.555359 0.0367536 -0.0402158 0.557315 0.0436295 -0.0402158 0.560321 0.0182692 -0.039714 0.553212 0.0271695 -0.0399461 0.554083 0.0272249 -0.039714 0.553689 0.0145526 -0.0402158 0.554753 0.0182825 -0.0399461 0.553609 8.81712e-05 -0.0402158 0.558546 0.000927417 -0.0399461 0.557248 -0.00722945 -0.039714 0.560914 -0.0199395 -0.0401146 0.573298 -0.017992 -0.0402158 0.571666 -0.00741709 -0.039424 0.56061 -0.0273044 -0.0386984 0.581692 -0.0146605 -0.039424 0.566003 -0.0248076 -0.0401146 0.58066 -0.0225088 -0.0402158 0.577659 -0.0305302 -0.0402158 0.606125 -0.0301399 -0.0402158 0.598631 -0.0309704 -0.0401173 0.606135 -0.0287391 -0.0399461 0.588614 -0.0312271 -0.039714 0.597204 -0.0314004 -0.0399493 0.606145 0.0273177 -0.0390828 0.55303 0.0272747 -0.039424 0.553336 0.0287528 -0.0386984 0.552997 0.018247 -0.0390828 0.552547 0.0182573 -0.039424 0.552855 0.0203613 -0.0386984 0.552267 0.00922874 -0.0390828 0.553635 0.00929207 -0.039424 0.553937 0.0119594 -0.0386984 0.552883 0.00376154 -0.0386984 0.554828 0.00053318 -0.0390828 0.556261 -0.0126363 -0.0402158 0.566407 -0.0070207 -0.0399461 0.561252 -0.00402269 -0.0386984 0.558055 -0.00757923 -0.0390828 0.560348 -0.0141594 -0.0399461 0.566567 -0.0111943 -0.0386984 0.562481 -0.0148655 -0.0390828 0.565772 -0.0202748 -0.0399461 0.573032 -0.0175698 -0.0386984 0.567994 -0.0211073 -0.0390828 0.572372 -0.0260873 -0.0402158 0.584253 -0.0251837 -0.0399461 0.580456 -0.0229861 -0.0386984 0.574452 -0.0286497 -0.0402158 0.591301 -0.0315802 -0.039424 0.59715 -0.032475 -0.0390759 0.606169 -0.0318041 -0.0397142 0.606154 -0.0321664 -0.0394192 0.606162 -0.0313911 -0.0399493 0.606505 -0.0318041 -0.0397142 0.606154 -0.0317947 -0.0397142 0.606517 -0.0321569 -0.0394192 0.606527 -0.0321664 -0.0394192 0.606162 -0.032475 -0.0390759 0.606169 -0.0324656 -0.0390759 0.606536 -0.0327223 -0.0386984 0.606174 -0.0327129 -0.038699 0.606544 -0.0314004 -0.0399493 0.606145 -0.0309612 -0.0401173 0.606492 -0.0309704 -0.0401173 0.606135 -0.0305214 -0.0402158 0.606479 -0.0305302 -0.0402158 0.606125 0.00376154 -0.0386984 0.554828 0.00804941 -0.026423 0.548011 -0.00159811 -0.026423 0.550925 0.0203613 -0.0386984 0.552267 0.0281187 -0.026423 0.54734 0.0180549 -0.026423 0.546804 0.0119594 -0.0386984 0.552883 -0.0408865 -0.0134008 0.595734 -0.0351928 -0.026423 0.586445 -0.0383768 -0.0134008 0.585374 0.0389742 -0.0134008 0.546408 0.0467682 -0.0160752 0.550091 0.0469982 -0.00809141 0.548846 -0.0311666 -0.026423 0.577206 0.0379393 -0.026423 0.549604 0.0456566 -0.0314461 0.554911 0.0463576 -0.023901 0.552144 0.0287528 -0.0386984 0.552997 0.0446544 -0.0386984 0.558383 0.036911 -0.0386984 0.55505 -0.0105986 -0.026423 0.555459 -0.00402269 -0.0386984 0.558055 -0.0111943 -0.0386984 0.562481 -0.0186826 -0.026423 0.561478 -0.0129579 -1.91236e-16 0.55164 -0.0216651 -1.91236e-16 0.558122 -0.0123639 -0.0134008 0.552601 -0.0375656 0.026423 0.596239 -0.0383768 0.0134008 0.585374 -0.0351928 0.026423 0.586445 -0.0322357 0.0386984 0.597758 -0.0362756 0.0314461 0.605516 -0.0375656 -0.026423 0.596239 -0.0351117 -1.91236e-16 0.575063 -0.0394483 -1.91236e-16 0.585014 -0.0410836 -0.0160647 0.604345 -0.0390717 -0.0238755 0.604874 -0.0322357 -0.0386984 0.597758 -0.0362779 -0.0314476 0.605518 -0.0327223 -0.0386984 0.606174 -0.0209142 0.0134008 0.558967 -0.0420041 -1.91236e-16 0.595564 -0.0341184 0.0134008 0.575602 -0.0311666 0.026423 0.577206 -0.0229861 -0.0386984 0.574452 -0.0256077 -0.026423 0.568799 -0.0304183 0.0386984 0.589544 -0.0273141 0.0386984 0.581714 -0.0282388 0.0134008 0.566711 -0.0291242 -1.91236e-16 0.566008 -0.0327223 0.0386984 0.606174 -0.0175698 -0.0386984 0.567994 -0.00326338 -1.91236e-16 0.546756 -0.0028441 -0.0134008 0.547806 -0.0123639 0.0134008 0.552601 0.00712799 -1.91236e-16 0.543617 0.0179427 -0.0134008 0.543447 0.017905 -1.91236e-16 0.542317 0.00735999 -0.0134008 0.544723 0.0469894 0.00807231 0.548839 0.0393225 -1.91236e-16 0.545333 0.0470649 -1.58114e-05 0.548423 0.0389742 0.0134008 0.546408 0.0467627 0.0160647 0.550087 0.0379393 0.026423 0.549604 0.0463349 0.0238755 0.552123 0.0456596 0.0314476 0.55491 0.0446544 0.0386989 0.558383 0.036911 0.0386984 0.55505 0.0285871 0.0134008 0.544014 0.0287447 -1.91236e-16 0.542895 0.0285871 -0.0134008 0.544014 0.0281187 0.026423 0.54734 0.0287355 0.0386984 0.552993 0.0180549 0.026423 0.546804 0.0179427 0.0134008 0.543447 0.0203371 0.0386984 0.552266 0.00804941 0.026423 0.548011 0.00735999 0.0134008 0.544723 0.0119305 0.0386984 0.552886 -0.00159811 0.026423 0.550925 -0.0028441 0.0134008 0.547806 0.00373061 0.0386984 0.554838 -0.00405299 0.0386984 0.558071 -0.0105986 0.026423 0.555459 -0.0209142 -0.0134008 0.558967 -0.0112215 0.0386984 0.562502 -0.0186826 0.026423 0.561478 -0.0282388 -0.0134008 0.566711 -0.017592 0.0386984 0.568017 -0.0256077 0.026423 0.568799 -0.0273044 -0.0386984 0.581692 -0.0341184 -0.0134008 0.575602 -0.0230021 0.0386984 0.574477 -0.0304142 -0.0386984 0.589527 -0.0423011 -0.00807231 0.603989 -0.0408865 0.0134008 0.595734 -0.0410828 0.0160752 0.604352 -0.0427069 1.58108e-05 0.603871 -0.0422987 0.00809141 0.604 -0.0390635 0.023901 0.604904 0.0436295 -0.0402158 0.560321 0.0358665 -0.0406183 0.560013 0.0429253 -0.0406183 0.563166 0.0129809 -0.0406183 0.557816 0.0206951 -0.0406183 0.557302 0.0145526 -0.0402158 0.554753 0.028391 -0.0406183 0.55804 0.0295061 -0.0402158 0.555359 0.0220507 -0.0402158 0.5545 -0.00656273 -0.0402158 0.562 -0.00827429 -0.0406183 0.566579 -0.00169652 -0.0406183 0.562516 0.00717758 -0.0402158 0.556112 8.81712e-05 -0.0402158 0.558546 0.00545113 -0.0406183 0.559569 -0.0257471 -0.0406183 0.591479 -0.022962 -0.0406183 0.584266 -0.0260873 -0.0402158 0.584253 -0.0141094 -0.0406183 0.571651 -0.0126363 -0.0402158 0.566407 -0.017992 -0.0402158 0.571666 -0.0286497 -0.0402158 0.591301 -0.0273305 -0.0406183 0.599046 -0.0305302 -0.0402158 0.606125 -0.0301399 -0.0402158 0.598631 -0.0276707 -0.0406183 0.60677 -0.0305214 -0.0402158 0.606479 -0.0190485 -0.0406183 0.577599 -0.0225088 -0.0402158 0.577659 0.0367536 -0.0402158 0.557315 0.0439419 -0.0402158 0.560487 -0.0257471 0.0406183 0.591479 -0.0286434 0.0402158 0.591275 -0.0260745 0.0402158 0.584224 -0.0276707 0.0406183 0.60677 -0.03053 0.0402158 0.606125 -0.0273305 0.0406183 0.599046 -0.0179737 0.0402158 0.571647 -0.0126235 0.0402158 0.566397 -0.0141094 0.0406183 0.571651 -0.0190485 0.0406183 0.577599 -0.022962 0.0406183 0.584266 -0.0224911 0.0402158 0.577633 0.00545113 0.0406183 0.559569 0.000102441 0.0402158 0.558539 0.00720311 0.0402158 0.556104 -0.00169653 0.0406183 0.562516 -0.00827429 0.0406183 0.566579 -0.00655688 0.0402158 0.561997 0.029532 0.0402158 0.555366 0.028391 0.0406183 0.55804 0.0220827 0.0402158 0.554501 0.0145844 0.0402158 0.554749 0.0206951 0.0406183 0.557302 0.0358665 0.0406183 0.560012 0.0367532 0.0402158 0.557315 0.0436294 0.0402158 0.560321 0.0429253 0.0406183 0.563166 0.0129809 0.0406183 0.557816 0.043942 0.0402157 0.560487 -0.03014 0.0402158 0.598631 -0.0305212 0.0402158 0.606479 0.131469 0.0360846 0.588599 0.125648 0.0362235 0.588405 0.119862 0.036264 0.587967 0.1432 0.0360279 0.588731 0.075248 0.0384499 0.577051 0.0651269 0.0386001 0.571331 0.0753283 0.0382241 0.576855 0.108379 0.0365661 0.586834 0.108368 0.036672 0.586938 0.0970491 0.0370467 0.584638 0.0751557 0.0386547 0.577269 0.0750529 0.0388348 0.577506 0.0597546 0.0395613 0.568913 0.0914024 0.0375085 0.583339 0.0448619 0.0390761 0.558774 0.0600669 0.0390372 0.568388 0.0447159 0.0394193 0.559046 0.0599214 0.0393186 0.568634 0.055126 0.0387758 0.565076 0.0449712 0.0387004 0.558569 0.0693117 0.0395404 0.57549 0.0748221 0.0391088 0.578021 0.0725394 0.0393439 0.577184 0.0791457 0.0389262 0.580185 0.0758034 0.0391331 0.578782 0.0593751 0.0399044 0.569534 0.0565263 0.0400771 0.568311 0.0533614 0.0401491 0.566415 0.050209 0.0401962 0.564479 0.0470692 0.0402184 0.562503 0.0441501 0.0401173 0.5601 0.043942 0.0402157 0.560487 0.0660965 0.0397119 0.573755 0.0628938 0.0398585 0.571981 0.0597038 0.0399803 0.570166 0.082528 0.0387066 0.581483 0.0912659 0.0379091 0.583873 0.0912138 0.0380133 0.584068 0.074941 0.0389869 0.577758 0.091315 0.0377895 0.583686 0.108328 0.0369579 0.587278 0.108342 0.0368683 0.58716 0.125643 0.0363472 0.588531 0.0859504 0.0384742 0.582676 0.0894128 0.038229 0.583764 0.0999393 0.0375788 0.586294 0.0964054 0.0377843 0.585571 0.0929006 0.0379946 0.584732 0.108356 0.0367728 0.587046 0.125036 0.0365327 0.588725 0.108313 0.0370414 0.587401 0.125641 0.0364063 0.588596 0.107094 0.0371826 0.587389 0.103502 0.0373783 0.5869 0.117839 0.03674 0.588446 0.114254 0.0368683 0.588174 0.121433 0.0366282 0.588629 0.139548 0.0362912 0.589002 0.135905 0.0363293 0.58899 0.128649 0.0364503 0.588843 0.1432 0.0361514 0.588848 0.1432 0.0362682 0.588972 0.110678 0.0370129 0.587815 0.132272 0.0363823 0.588937 0.0859771 0.0376312 0.581371 0.0913606 0.0376556 0.583507 0.0595708 0.0397581 0.569215 0.0445445 0.0397142 0.559365 0.0443535 0.0399494 0.559721 -0.0276667 0.0399366 0.624852 -0.0291203 0.0401022 0.619088 -0.0273438 0.0400797 0.624599 -0.0270185 0.0401768 0.624332 -0.028819 0.0402029 0.618519 -0.0299865 0.0402159 0.612568 -0.0303846 0.0401175 0.612866 -0.0309611 0.0401173 0.606492 -0.0313911 0.0399493 0.606505 -0.030809 0.0399496 0.612929 -0.0305212 0.0402158 0.606479 -0.0295315 0.039935 0.619196 -0.027969 0.0397353 0.625089 -0.0299177 0.0397023 0.619298 -0.0282485 0.0394831 0.625304 -0.0284129 0.0392934 0.625435 -0.0302647 0.039411 0.619389 -0.0327101 0.0386986 0.606543 -0.0318696 0.0390785 0.613087 -0.0321005 0.0387028 0.613134 -0.030561 0.0390724 0.619466 -0.0286364 0.0389583 0.625632 -0.0308 0.038701 0.619543 -0.0287695 0.0386923 0.62576 -0.0312074 0.039715 0.612989 -0.0315649 0.0394207 0.613042 -0.0317948 0.039714 0.606517 -0.032157 0.0394189 0.606527 -0.0324657 0.0390755 0.606536 -0.0243604 0.0406512 0.622494 -0.0270185 0.0401768 0.624332 -0.028819 0.0402029 0.618519 -0.0259077 0.0406365 0.617917 -0.0270759 0.0406242 0.612665 -0.0299865 0.0402159 0.612568 -0.0276707 0.0406183 0.60677 -0.0305212 0.0402158 0.606479 0.0749013 -0.0386691 0.577147 0.0747974 -0.0388501 0.577384 0.0909716 -0.0378111 0.583587 0.125494 -0.0364666 0.588659 0.108001 -0.0370558 0.587362 0.119634 -0.0366859 0.588426 0.0909215 -0.0379313 0.583776 0.0908682 -0.038036 0.583972 0.131372 -0.0363975 0.58892 0.1432 -0.0362682 0.588972 0.0596247 -0.039565 0.56883 0.044716 -0.039419 0.559046 0.0445446 -0.0397141 0.559365 0.108031 -0.0368817 0.587119 0.108016 -0.0369719 0.587238 0.0594404 -0.0397623 0.569133 0.059792 -0.0393216 0.568552 0.0539754 -0.0401375 0.566781 0.0592441 -0.0399089 0.569452 0.0441501 -0.0401173 0.5601 0.0443535 -0.0399493 0.559721 0.0439419 -0.0402158 0.560487 0.0966502 -0.0370961 0.58461 0.108057 -0.036684 0.586894 0.108068 -0.0365772 0.58679 0.0550397 -0.0387755 0.565015 0.044862 -0.0390757 0.558774 0.0599379 -0.0390394 0.568305 0.0650719 -0.0386213 0.571074 0.0449713 -0.0387003 0.558569 0.0746843 -0.0390029 0.577637 0.1432 -0.0360279 0.588731 0.1255 -0.0362888 0.588461 0.1432 -0.0361515 0.588848 0.0910608 -0.0375283 0.583238 0.0749945 -0.0384631 0.576928 0.0856458 -0.0376994 0.581218 0.119641 -0.036258 0.588063 0.0750756 -0.0382361 0.576732 0.0745642 -0.0391251 0.577901 0.0640657 -0.0397741 0.572842 0.0964996 -0.0377518 0.58551 0.0910182 -0.0376764 0.583407 0.0852658 -0.038477 0.582472 0.074439 -0.0392156 0.578172 0.108044 -0.0367856 0.587004 0.131374 -0.0360851 0.588598 0.125498 -0.03635 0.588526 0.107985 -0.0371333 0.587489 -0.0313188 -0.0394188 0.614577 -0.031622 -0.0390773 0.61463 -0.029374 -0.0394046 0.622401 0.127923 -0.0361229 0.661365 0.127631 -0.0361666 0.661329 0.120284 -0.0361698 0.661418 0.112646 -0.0362182 0.661472 0.119846 -0.0362155 0.661382 0.112063 -0.0362664 0.661436 0.135561 -0.0360766 0.661314 0.1432 -0.0360302 0.661265 0.135415 -0.0361593 0.661239 0.0964959 -0.036378 0.661548 0.0973688 -0.0363222 0.661586 0.104279 -0.0363203 0.661491 0.119846 -0.0363397 0.66126 0.112062 -0.036353 0.661352 0.119846 -0.0362991 0.661301 0.0731419 -0.0365871 0.661701 0.0744535 -0.0365105 0.66175 0.0809276 -0.0365097 0.661658 0.096496 -0.0364742 0.661454 0.104279 -0.036411 0.661403 0.104279 -0.036455 0.661358 0.0515385 -0.03677 0.661766 0.0575616 -0.0367745 0.661728 0.0497624 -0.0368893 0.661672 0.0809283 -0.0366756 0.661493 0.0809286 -0.0367279 0.661435 0.0731433 -0.0367697 0.66152 0.0341587 -0.0375346 0.660897 0.041968 -0.0373292 0.661224 0.0419731 -0.0374214 0.661112 0.0575677 -0.0370766 0.661416 0.0497706 -0.0371542 0.661408 0.0575659 -0.0370054 0.661498 0.0185687 -0.038184 0.659251 0.0107505 -0.0383537 0.658013 0.0185385 -0.0380475 0.659443 0.0263484 -0.0377735 0.660344 0.0341679 -0.0376403 0.660764 -0.0115336 -0.0385776 0.648981 -0.00797916 -0.0381411 0.651665 -0.00461495 -0.0383142 0.653339 0.0106986 -0.0381819 0.658226 0.0185094 -0.0378956 0.659623 -0.0221225 -0.0395285 0.636747 -0.017146 -0.039352 0.643093 -0.0168847 -0.0395656 0.642859 -0.00436775 -0.0388097 0.652896 -0.0042266 -0.0390098 0.652638 -0.0111838 -0.0391067 0.648547 -0.0226489 -0.0389446 0.637086 -0.0194927 -0.0385174 0.641698 -0.017593 -0.0387944 0.643489 -0.0305214 -0.0402158 0.606479 -0.0309612 -0.0401173 0.606492 -0.029763 -0.0402137 0.614007 -0.0301457 -0.0401145 0.61437 -0.0280184 -0.0401937 0.621356 -0.0257322 -0.0398645 0.629583 -0.0218117 -0.0397485 0.636545 -0.0214819 -0.0399118 0.636328 -0.0266684 -0.0390312 0.63002 -0.0239612 -0.0386249 0.635498 -0.0253609 -0.0400294 0.629408 -0.0253476 -0.0401393 0.628431 -0.0282548 -0.0400917 0.622045 -0.0321569 -0.0394192 0.606527 -0.0324656 -0.0390759 0.606536 -0.0290343 -0.0396937 0.622293 -0.0260816 -0.0396382 0.629747 -0.0327129 -0.038699 0.606544 -0.0319551 -0.038702 0.614147 -0.0109814 -0.0393143 0.648291 0.00311448 -0.0386801 0.655831 0.00302574 -0.0384915 0.656073 -0.0141396 -0.0383523 0.647151 0.00286777 -0.0380391 0.656492 0.00603055 -0.0376866 0.657624 0.010604 -0.037782 0.6586 -0.0011828 -0.0379101 0.655137 0.026365 -0.0378944 0.660185 0.0184551 -0.0375515 0.659945 0.0134758 -0.0374838 0.659301 0.0263013 -0.03735 0.660769 0.0286399 -0.037145 0.661048 0.0341321 -0.0371743 0.661256 0.0210332 -0.037304 0.660381 0.0362668 -0.0370043 0.661441 0.0419528 -0.0370217 0.66153 -0.0296646 -0.0390689 0.622492 -0.027531 -0.0386815 0.628741 0.0439013 -0.0368799 0.66166 0.0497737 -0.0372349 0.661313 0.0731438 -0.036827 0.661456 0.0653566 -0.0368786 0.661525 0.0653575 -0.036942 0.661454 0.065354 -0.0366747 0.661728 0.0668151 -0.0365871 0.661786 0.0591767 -0.036673 0.661798 0.0887124 -0.0365437 0.661504 0.0964961 -0.0365207 0.661406 0.080928 -0.0366217 0.661549 0.0887125 -0.0365934 0.661453 0.0887122 -0.0364406 0.661604 0.0897303 -0.0363795 0.661644 0.0820919 -0.0364418 0.661701 0.105007 -0.0362687 0.661528 0.112062 -0.0363951 0.661309 0.12763 -0.0362482 0.66125 0.135415 -0.0361992 0.6612 0.12763 -0.0362878 0.66121 0.1432 -0.0362655 0.66103 0.135415 -0.0362767 0.66112 0.1432 -0.0361511 0.661151 0.127631 -0.0363268 0.661169 0.12763 -0.0362077 0.66129 0.128208 -0.036361 0.661123 0.135704 -0.0363124 0.661077 0.119846 -0.0363795 0.661217 0.119846 -0.0362577 0.661342 0.120712 -0.0364123 0.661169 0.112063 -0.0364362 0.661265 0.112062 -0.0363101 0.661395 0.113216 -0.0364675 0.661214 0.104279 -0.036498 0.661312 0.104279 -0.0363661 0.661448 0.105721 -0.0365278 0.661257 0.0964961 -0.0365661 0.661357 0.096496 -0.0364266 0.661502 0.0982258 -0.0365941 0.661298 0.0887126 -0.0366419 0.6614 0.0887123 -0.0364928 0.661555 0.0907307 -0.0366676 0.661336 0.0809278 -0.0365664 0.661604 0.0832353 -0.0367507 0.661369 0.0731424 -0.0366497 0.661643 0.0731429 -0.0367106 0.661582 0.0757393 -0.036846 0.661388 0.0653549 -0.0367448 0.661663 0.0653557 -0.0368128 0.661595 0.0682424 -0.036956 0.661388 0.0575628 -0.0368542 0.661654 0.0575642 -0.0369312 0.661578 0.0607434 -0.037084 0.66136 0.049765 -0.0369812 0.661588 0.0497677 -0.0370695 0.6615 0.053241 -0.0372337 0.66128 0.0419578 -0.037129 0.661433 0.0457333 -0.0374091 0.661121 0.0419629 -0.0372317 0.661331 0.0341408 -0.037301 0.661144 0.0382214 -0.0376142 0.660848 0.0341496 -0.0374213 0.661023 0.0263164 -0.0375004 0.660637 0.030711 -0.0378519 0.660401 0.0263322 -0.0376419 0.660495 0.0184815 -0.0377297 0.659791 0.0232061 -0.038123 0.659689 0.0106496 -0.0379904 0.658423 0.0157116 -0.0384241 0.658582 0.0108045 -0.038504 0.657787 0.00294305 -0.0382765 0.656295 0.0083048 -0.0387441 0.656909 0.00320774 -0.0388394 0.655572 -0.00449807 -0.0385761 0.653132 0.00109908 -0.039068 0.654461 -0.00407769 -0.0391725 0.652361 -0.0113693 -0.038859 0.648779 -0.00572272 -0.0393777 0.651048 -0.0107674 -0.039477 0.648018 -0.0173842 -0.0390923 0.643305 -0.0119136 -0.0396524 0.646611 -0.0166078 -0.039728 0.642608 -0.0224043 -0.0392575 0.63693 -0.0172904 -0.0398747 0.64124 -0.0263969 -0.039357 0.629894 -0.0217735 -0.0400362 0.635114 -0.0302058 -0.0387015 0.621584 -0.0286567 -0.039925 0.622173 -0.0305674 -0.0399468 0.614444 -0.0309633 -0.0397125 0.614514 -0.0317947 -0.0397142 0.606517 -0.0313911 -0.0399493 0.606505 0.0605574 0.0323183 0.563841 0.0568866 0.0387183 0.565939 0.0509353 0.0387428 0.562244 0.108815 -0.0302436 0.581686 0.0920091 -0.0309444 0.577814 0.10014 -0.0369073 0.58539 0.0774469 -0.016347 0.564302 0.0619648 -0.0165831 0.557539 0.0768191 -0.0242232 0.567428 0.0927933 -0.0236542 0.573363 0.0933219 -0.0159847 0.570124 0.109331 -0.0231682 0.577464 0.109677 -0.0156777 0.574396 0.12599 -0.0298759 0.583451 0.106232 -0.0366591 0.58641 0.13084 -0.0361023 0.588525 0.124666 -0.0361839 0.588248 0.118496 -0.0362862 0.587891 0.137019 -0.0360472 0.588698 0.0758809 -0.0317561 0.571712 0.0824276 -0.0378476 0.580042 0.1432 -0.0298008 0.583928 0.1432 -0.0360279 0.588731 0.0658972 -0.0385794 0.571731 0.0712494 -0.0384027 0.574818 0.0622748 -0.00834678 0.555911 0.0467682 -0.0160752 0.550091 0.0605546 -0.0323174 0.563842 0.0463576 -0.023901 0.552144 0.0456566 -0.0314461 0.554911 0.0614094 -0.0246045 0.560204 0.0554532 -0.0387598 0.565121 0.0502391 -0.0387457 0.561802 0.0469982 -0.00809141 0.548846 0.0446544 -0.0386984 0.558383 0.0449713 -0.0387003 0.558569 0.0882384 -0.0375083 0.582121 0.0470649 -1.58114e-05 0.548423 0.0623743 8.11619e-08 0.555363 0.0469894 0.00807231 0.548839 0.0622747 0.00834691 0.555911 0.0467627 0.0160647 0.550087 0.0463349 0.0238755 0.552123 0.0619642 0.0165831 0.557539 0.0456596 0.0314476 0.55491 0.0614109 0.0246052 0.560204 0.0628315 0.0386053 0.569644 0.0687765 0.0384923 0.573349 0.0449712 0.0387004 0.558569 0.0446544 0.0386989 0.558383 0.0812956 0.0379299 0.579585 0.0920108 0.030945 0.577814 0.087879 0.0375664 0.581948 0.0945815 0.0372089 0.583953 0.101365 0.0368527 0.585662 0.0758832 0.0317569 0.571711 0.108816 0.0302439 0.581685 0.115212 0.0363603 0.587675 0.108255 0.0365813 0.586898 0.126258 0.0229321 0.579503 0.109331 0.0231685 0.577464 0.12599 0.0298762 0.583452 0.129191 0.0361066 0.588532 0.122193 0.0361966 0.588237 0.1432 0.0229157 0.580069 0.1432 0.0297806 0.583915 0.136195 0.0360529 0.588681 0.1432 0.0360279 0.588731 0.0749269 0.0382737 0.57669 0.0778058 0.00823412 0.562399 0.0774464 0.0163471 0.564302 0.0768203 0.0242238 0.567427 0.0779226 8.00839e-08 0.56176 0.0778059 -0.00823399 0.562399 0.060632 -0.0386898 0.568494 0.0936257 0.00805757 0.568157 0.0933215 0.0159847 0.570124 0.0927943 0.0236546 0.573362 0.0937249 7.83846e-08 0.567496 0.0936257 -0.00805743 0.568157 0.0767414 -0.0381349 0.577638 0.109677 0.0156778 0.574397 0.109875 0.00790877 0.572535 0.10994 7.69546e-08 0.571911 0.109875 -0.00790864 0.572535 0.094146 -0.037191 0.58391 0.126436 0.0155386 0.576632 0.126571 7.63474e-08 0.574306 0.126538 0.00784451 0.57489 0.126538 -0.00784436 0.57489 0.126436 -0.0155384 0.576632 0.126258 -0.0229319 0.579503 0.112349 -0.0364463 0.587271 0.1432 0.015554 0.577255 0.1432 0.00786108 0.575543 0.1432 3.2371e-07 0.574967 0.1432 -0.00786253 0.575542 0.1432 -0.0155586 0.577256 0.1432 -0.022924 0.580071 -0.0364871 -0.0165983 0.629578 -0.0379588 -0.00835519 0.629536 -0.0345836 -0.00834122 0.637524 0.108929 -0.015547 0.673062 0.101212 -0.0229443 0.670327 0.100349 -0.0155507 0.673132 0.0859995 -0.029968 0.666564 0.0820919 -0.0364418 0.661701 0.0777998 -0.0300128 0.6666 0.0560944 -8.79939e-08 0.67521 0.0477669 -0.00789628 0.674399 0.0473884 -8.81478e-08 0.674927 0.0917707 -0.0155565 0.673189 0.0998235 -0.00785349 0.674829 0.1432 0.0360302 0.661266 0.135212 0.0298014 0.666155 0.135643 0.036076 0.661313 0.0648037 -8.78799e-08 0.675372 0.0737919 0.00786399 0.674892 0.0735141 -8.77981e-08 0.675449 0.0917704 0.0155564 0.673189 0.101213 0.0229441 0.670327 0.100349 0.0155506 0.673132 0.126089 0.0155437 0.672907 0.130285 0.0151332 0.672989 0.129863 0.0149916 0.673034 0.0843761 0.0229768 0.670436 0.0831919 0.015565 0.673223 0.0746137 0.0155773 0.673224 0.0403158 -0.015686 0.672431 0.0391007 -0.00791475 0.673966 0.0386892 -8.83503e-08 0.674478 0.0232307 -0.0157978 0.670944 0.0218286 -0.00796856 0.672328 0.0304496 -0.00793852 0.673304 0.021354 -8.89425e-08 0.672788 0.030006 -8.86117e-08 0.673793 0.00638893 -0.0159669 0.66779 0.00482686 -0.0080508 0.668929 0.0132686 -0.0080058 0.670921 0.00429839 -8.98496e-08 0.669306 0.0127651 -8.9353e-08 0.671344 -0.0117845 -9.10668e-08 0.662718 -0.0039412 -9.04286e-08 0.666493 -0.0112259 -0.00816107 0.662456 -0.0017739 -0.0160744 0.665193 -0.00339351 -0.00810326 0.66617 -0.0167886 -0.0163127 0.657059 -0.0184452 -0.00821961 0.657663 -0.0302162 -0.0083138 0.645013 -0.0330506 -0.0165663 0.637428 -0.00957321 -0.0161927 0.661661 -0.0327223 -0.0386984 0.606174 -0.0362779 -0.0314476 0.605518 -0.0327129 -0.038699 0.606544 -0.0384542 -9.31917e-08 0.629517 -0.0408537 -9.32141e-08 0.621148 -0.0379589 0.00835503 0.629536 0.073792 -0.00786414 0.674892 0.074614 -0.0155774 0.673224 0.0660362 -0.0155943 0.673173 -0.0351871 -0.0324261 0.613781 -0.0259124 0.0339503 0.637204 -0.0256917 0.0342763 0.637243 -0.0224661 0.032141 0.643578 -0.0279423 0.0311327 0.636456 -0.0277125 0.0314294 0.636581 -0.0239699 0.036928 0.637281 -0.0237607 0.0372626 0.637253 -0.0183064 0.0384848 0.643057 -0.0246059 0.0359269 0.637321 -0.0248206 0.0355946 0.637321 -0.0229375 0.0386026 0.63708 -0.0231412 0.0382676 0.637133 -0.0233463 0.0379325 0.637179 -0.0235528 0.0375975 0.63722 -0.0422972 -9.3147e-08 0.612562 -0.0418435 -0.00835291 0.612661 -0.0423011 -0.00807231 0.603989 -0.0241806 0.0365937 0.637301 -0.0243926 0.03626 0.637315 -0.0252538 0.034933 0.637297 -0.0250366 0.0352632 0.637313 -0.0254722 0.0346039 0.637274 -0.0263567 0.0333036 0.637102 -0.0261341 0.033626 0.637157 -0.0268046 0.0326656 0.636967 -0.0270301 0.0323506 0.636886 -0.0265802 0.0329834 0.637039 -0.0272564 0.0320391 0.636796 -0.0274839 0.0317318 0.636694 -0.0281731 0.0308429 0.636317 -0.0305398 0.0245731 0.637222 -0.0284049 0.030561 0.636164 -0.0260269 0.0244773 0.644306 -0.0291037 0.0297815 0.635608 -0.0288706 0.0300278 0.635811 -0.0286373 0.0302888 0.635996 -0.0345837 0.00834106 0.637524 -0.0330513 0.0165662 0.637429 -0.0293361 0.0295532 0.635384 -0.0300149 0.0290221 0.634573 -0.0297939 0.0291676 0.634868 -0.0295668 0.0293468 0.635137 -0.038263 -0.0246554 0.613338 -0.0404909 -0.0166028 0.612936 -0.0403796 -0.00835803 0.621209 -0.0390717 -0.0238755 0.604874 -0.0410836 -0.0160647 0.604345 -0.0340747 -0.0246302 0.629596 -0.0366525 -0.0246542 0.621593 -0.0427069 1.58108e-05 0.603871 -0.0418437 0.00835275 0.612661 -0.0389698 0.0166082 0.621373 -0.0403797 0.00835787 0.621209 -0.0422987 0.00809141 0.604 -0.0340733 0.0246294 0.629595 -0.0311589 0.0297601 0.631485 -0.0311192 0.0295316 0.631806 -0.0311679 0.0308307 0.630324 -0.0311847 0.0305454 0.630597 -0.0311899 0.0302703 0.630882 -0.0366511 0.0246534 0.621592 -0.0311042 0.0314247 0.629805 -0.0311408 0.0311242 0.63006 -0.0410828 0.0160752 0.604352 -0.0404916 0.0166028 0.612937 -0.0362756 0.0314461 0.605516 -0.0327223 0.0386984 0.606174 -0.0327101 0.0386986 0.606543 -0.0382616 0.0246546 0.613337 -0.0310057 0.0320422 0.629321 -0.0310589 0.031731 0.629559 -0.0321005 0.0387028 0.613134 -0.0309451 0.0323577 0.62909 -0.0334623 0.0324117 0.621786 -0.0308776 0.0326767 0.628866 -0.0308037 0.0329988 0.628648 -0.030724 0.0333233 0.628436 -0.0305481 0.0339786 0.628029 -0.0306388 0.0336499 0.62823 -0.030452 0.034309 0.627834 -0.0351847 0.0324251 0.613779 -0.0390635 0.023901 0.604904 -0.0303507 0.034641 0.627644 -0.0302443 0.0349744 0.62746 -0.0301329 0.035309 0.627281 -0.0308 0.038701 0.619543 -0.0300166 0.0356448 0.627107 -0.0298956 0.0359815 0.626938 -0.0297699 0.036319 0.626774 -0.0296397 0.0366571 0.626615 -0.0295051 0.0369958 0.626461 -0.0293662 0.0373348 0.626312 -0.029223 0.0376741 0.626167 -0.0290758 0.0380135 0.626027 -0.0289246 0.0383529 0.625892 -0.0287695 0.0386923 0.62576 -0.0389692 -0.0166083 0.621373 -0.0364877 0.0165982 0.629578 -0.0319551 -0.038702 0.614147 -0.0248245 -0.0082724 0.651799 -0.0286272 -0.0165077 0.644764 -0.0351003 -9.30447e-08 0.63755 -0.0307524 -9.27472e-08 0.645091 -0.0253758 -9.22936e-08 0.651934 -0.0231915 -0.0164215 0.65138 0.014756 -0.0158745 0.669646 0.03176 -0.0157356 0.671835 0.0651152 -0.00787172 0.674822 0.0574593 -0.0156171 0.673047 0.0564396 -0.0078822 0.674669 0.0488848 -0.0156471 0.672814 0.128729 -0.014223 0.67326 0.12907 -0.014521 0.673175 0.126089 -0.0155439 0.672907 0.118052 -0.0229242 0.670175 0.117508 -0.015545 0.672986 0.139692 -0.0151268 0.672905 0.1432 -0.0229439 0.669918 0.139239 -0.0152201 0.672881 0.142352 0.00753936 0.674512 0.142275 0.011818 0.673733 0.1432 0.00783502 0.674461 0.134897 -0.0229098 0.670016 0.126474 -0.0229166 0.670096 0.1312 -0.0152469 0.672947 0.1432 -2.85766e-05 0.675032 0.142487 1.44278e-10 0.675039 0.14243 0.00318144 0.674946 0.142275 -0.011818 0.673733 0.142352 -0.00753937 0.674512 0.1432 -0.00789053 0.674453 0.141553 -0.0138808 0.673234 0.1432 -0.0155831 0.672736 0.141259 -0.0142181 0.673146 0.142145 -0.0126931 0.67353 0.141998 -0.013112 0.673428 0.135561 -0.0360766 0.661314 0.135212 -0.0298015 0.666155 0.1432 -0.0298035 0.66607 0.1432 -0.0360302 0.661265 0.1432 0.0155324 0.672752 0.118804 0.0298462 0.666301 0.127007 0.0298233 0.666227 0.118052 0.022924 0.670175 0.127007 -0.0298235 0.666227 0.14243 -0.00318143 0.674946 0.140129 -0.0149753 0.672945 0.142238 -0.0122596 0.673632 0.1418 -0.01351 0.673329 0.140919 -0.0145165 0.673067 0.14054 -0.0147704 0.672999 0.138774 -0.0152524 0.672876 0.130296 -0.0151253 0.672991 0.130743 -0.0152163 0.672961 0.129446 -0.0147713 0.673101 0.12986 -0.0149754 0.673039 0.128182 -0.0135188 0.673451 0.12798 -0.0131183 0.673555 0.118803 -0.0298463 0.666301 0.127829 -0.0126928 0.673661 0.127735 -0.0122559 0.673765 0.110601 -0.029871 0.666374 0.127698 -0.0118074 0.673867 0.125856 -0.00785296 0.674614 0.12764 -0.00856321 0.674489 0.0973688 -0.0363222 0.661586 0.0941995 -0.0299306 0.666509 0.1024 -0.0298987 0.666445 0.0897303 -0.0363795 0.661644 0.0822248 -8.77421e-08 0.675467 0.0911462 0.00785532 0.674879 0.0909355 -8.77066e-08 0.675445 0.127698 0.0118074 0.673867 0.127734 0.0122689 0.673762 0.082469 0.00785873 0.674905 0.0927941 0.0229584 0.67039 0.130731 0.0152183 0.67296 0.126474 0.0229165 0.670096 0.0998234 0.00785333 0.674829 0.108928 0.0155469 0.673062 0.110602 0.0298709 0.666374 0.102401 0.0298985 0.666444 0.129463 0.0147933 0.673095 0.109632 0.0229329 0.670254 0.117508 0.0155448 0.672986 0.108501 0.00785244 0.674764 0.134897 0.0229097 0.670016 0.1312 0.0152468 0.672947 0.128087 0.036122 0.661363 0.138774 0.0152524 0.672876 0.1432 0.0229016 0.669939 0.139678 0.0151323 0.672903 0.13923 0.0152226 0.672881 0.140113 0.014983 0.672942 0.140904 0.0145295 0.673064 0.140527 0.0147794 0.672997 0.141542 0.0138967 0.67323 0.141245 0.0142317 0.673143 0.141994 0.0131275 0.673425 0.141792 0.0135277 0.673325 0.142238 0.012266 0.673631 0.142145 0.0127024 0.673528 -0.0302058 -0.0387015 0.621584 -0.0334649 -0.0324127 0.621788 -0.0271013 -0.0322818 0.636838 -0.0194927 -0.0385174 0.641698 -0.0239612 -0.0386249 0.635498 -0.0307629 -0.0323688 0.629518 -0.0308788 0.0290076 0.632839 -0.0307514 0.0289076 0.633201 -0.0309813 0.0291493 0.632484 -0.0311819 0.0300075 0.631177 -0.027531 -0.0386815 0.628741 -0.0305982 0.0288579 0.633563 -0.0310607 0.0293261 0.632139 -0.0224687 -0.0321421 0.643579 -0.0305412 -0.0245738 0.637223 -0.0302254 0.0289184 0.634255 -0.0304215 0.028862 0.633917 -0.0141396 -0.0383523 0.647151 -0.0168676 -0.0319476 0.64953 -0.0260283 -0.024478 0.644307 -0.0286279 0.0165077 0.644765 -0.0302163 0.00831364 0.645013 -0.00797916 -0.0381411 0.651665 -0.0103766 -0.0317084 0.654486 -0.0205221 -0.0243411 0.650643 -0.0231922 0.0164215 0.65138 -0.0248246 0.00827224 0.651799 -0.0205207 0.0243404 0.650642 -0.016865 0.0319465 0.649529 -0.0128156 0.0383141 0.648254 -0.0011828 -0.0379101 0.655137 -0.00317909 -0.0314471 0.658343 -0.0140817 -0.0241708 0.656017 -0.0167893 0.0163127 0.657059 -0.0184454 0.00821945 0.657663 -0.0140803 0.02417 0.656016 -0.0190048 -9.17124e-08 0.657861 -0.0103739 0.0317073 0.654484 -0.0065632 0.0381015 0.652496 0.00603055 -0.0376866 0.657624 0.00448911 -0.0311895 0.661163 -0.00687358 -0.0239839 0.660305 -0.011226 0.00816092 0.662457 -0.00957387 0.0161927 0.661662 -0.00687215 0.0239831 0.660304 -0.00317639 0.0314461 0.658341 0.000265348 0.0378707 0.655715 0.0134758 -0.0374838 0.659301 0.0124262 -0.0309538 0.663131 0.000870708 -0.0237997 0.663537 -0.00339367 0.00810311 0.66617 -0.00177456 0.0160744 0.665193 0.000872109 0.023799 0.663536 0.00449176 0.0311884 0.661161 0.00745841 0.0376477 0.658006 0.0210332 -0.037304 0.660381 0.0205019 -0.0307484 0.664463 0.0089386 -0.0236321 0.665869 0.00482671 0.00805065 0.668929 0.00638829 0.0159669 0.66779 0.0147553 0.0158745 0.669646 0.0124289 0.0309527 0.66313 0.00893999 0.0236314 0.665868 0.0148511 0.0374484 0.659542 0.0286399 -0.037145 0.661048 0.0286449 -0.0305746 0.665343 0.0171829 -0.0234873 0.667503 0.0132684 0.00800564 0.670921 0.0232301 0.0157978 0.670945 0.0205045 0.0307474 0.664462 0.0171843 0.0234866 0.667502 0.0223394 0.0372719 0.660527 0.0362668 -0.0370043 0.661441 0.0368195 -0.0304298 0.665909 0.0255177 -0.0233662 0.668623 0.0218285 0.00796841 0.672328 0.0317594 0.0157355 0.671835 0.0286474 0.0305736 0.665342 0.025519 0.0233655 0.668623 0.0298693 0.0371162 0.661134 0.0439013 -0.0368799 0.66166 0.0450083 -0.0303105 0.666261 0.0338972 -0.0232669 0.669375 0.0304495 0.00793836 0.673304 0.0403152 0.015686 0.672431 0.0374156 0.0369804 0.66149 0.0368218 0.0304289 0.665909 0.0338984 0.0232663 0.669374 0.0515385 -0.03677 0.661766 0.0532037 -0.0302126 0.666465 0.0422978 -0.0231867 0.669866 0.0422989 0.0231862 0.669865 0.0488843 0.0156471 0.672814 0.0391005 0.00791459 0.673967 0.0449682 0.0368617 0.661683 0.0450105 0.0303097 0.66626 0.0591767 -0.036673 0.661798 0.0614016 -0.0301324 0.66657 0.0507086 -0.0231227 0.670171 0.0507097 0.0231222 0.67017 0.0574588 0.015617 0.673047 0.0477668 0.00789612 0.674399 0.0525239 0.0367565 0.661773 0.0532057 0.0302118 0.666464 0.0668151 -0.0365871 0.661786 0.0696005 -0.0300668 0.666607 0.0591236 -0.023072 0.670347 0.0591246 0.0230715 0.670346 0.0660358 0.0155942 0.673173 0.0564395 0.00788205 0.674669 0.0600794 0.036662 0.661798 0.0614034 0.0301318 0.666569 0.0744535 -0.0365105 0.66175 0.0675403 -0.0230322 0.670432 0.0675412 0.0230318 0.670432 0.0651152 0.00787156 0.674822 0.0676372 0.0365775 0.661784 0.0696021 0.0300662 0.666607 0.105007 -0.0362687 0.661528 0.0759577 -0.0230012 0.670455 0.0759585 0.0230008 0.670455 0.0751941 0.036502 0.661747 0.0778013 0.0300123 0.666599 0.0831923 -0.0155651 0.673223 0.0824691 -0.00785889 0.674905 0.0843755 -0.0229772 0.670437 0.0827501 0.0364344 0.661697 0.0860007 0.0299676 0.666563 0.0911463 -0.00785548 0.674879 0.0927936 -0.0229586 0.67039 0.0996462 -8.76869e-08 0.675397 0.12817 0.0135127 0.673453 0.128424 0.0138808 0.673355 0.0903061 0.0363733 0.661641 0.0942005 0.0299303 0.666509 0.108357 -8.76796e-08 0.675334 0.117067 -8.76814e-08 0.675262 0.108501 -0.0078526 0.674764 0.12797 0.0131214 0.673554 0.0978624 0.0363172 0.661583 0.112646 -0.0362182 0.661472 0.117178 -0.00785251 0.67469 0.109632 -0.0229331 0.670254 0.127825 0.0127068 0.673657 0.117178 0.00785234 0.674691 0.105419 0.036265 0.661525 0.120284 -0.0361698 0.661418 0.125856 0.00785279 0.674614 0.128732 0.0142258 0.673259 0.112975 0.0362157 0.661469 0.127923 -0.0361229 0.661365 0.128432 -0.013888 0.673352 0.127581 -0.00527337 0.674913 0.127581 0.00527366 0.674913 0.129084 0.0145358 0.67317 0.120531 0.0361683 0.661415 0.127496 3.14269e-09 0.675171 0.12764 0.00856344 0.674489 0.1432 0.0297831 0.666083 0.0473565 -0.0402194 0.562693 0.0429253 -0.0406183 0.563166 0.047933 -0.0406365 0.566343 -0.0305214 -0.0402158 0.606479 -0.027091 -0.0406235 0.612615 -0.0276707 -0.0406183 0.60677 0.084974 -0.0473701 0.634069 0.0908705 -0.0477128 0.633824 0.0896276 -0.0477685 0.624886 0.0173384 -0.0410174 0.652228 0.0157116 -0.0384241 0.658582 0.023202 -0.0413386 0.652181 0.0756563 -0.0416852 0.590972 0.0703637 -0.043959 0.602103 0.0748193 -0.0440859 0.603062 0.0565253 -0.0408682 0.574382 0.0577519 -0.0400439 0.56903 0.0524748 -0.0407136 0.570092 0.068026 -0.0464667 0.624574 0.067364 -0.0463815 0.634234 0.0733898 -0.0467767 0.624858 0.0950738 -0.0481021 0.624694 0.0841956 -0.0474327 0.624989 0.0787815 -0.0471004 0.624987 0.0790885 -0.0470301 0.634232 0.127307 -0.0416413 0.596343 0.130589 -0.0457441 0.60453 0.1317 -0.0416538 0.596268 0.139153 -0.0362928 0.589012 0.136094 -0.04165 0.596178 0.14049 -0.0416236 0.596086 0.113869 -0.0410793 0.655097 0.120712 -0.0364123 0.661169 0.121261 -0.0411917 0.654866 0.136048 -0.0413998 0.654392 0.1432 -0.0362655 0.66103 0.1432 -0.0410681 0.654804 0.0967755 -0.0480521 0.63351 0.100531 -0.0484276 0.624426 0.0544009 -0.0454082 0.638163 0.0546228 -0.0448358 0.642485 0.0615338 -0.0460841 0.634017 0.058242 -0.0459271 0.633817 0.0500709 -0.0447315 0.641993 0.0474155 -0.0428884 0.649819 0.0405995 -0.0428068 0.649389 0.0400435 -0.0404125 0.655951 0.0382214 -0.0376142 0.660848 0.0474061 -0.0403839 0.656203 0.135704 -0.0363124 0.661077 0.030711 -0.0378519 0.660401 0.0326996 -0.040479 0.655465 0.0232061 -0.038123 0.659689 0.0253954 -0.0405864 0.65463 0.00109908 -0.039068 0.654461 0.0115201 -0.0408368 0.651575 0.00580144 -0.0407547 0.650224 0.0083048 -0.0387441 0.656909 -0.00483532 -0.0407199 0.645509 -0.00965588 -0.0407196 0.642193 -0.0119136 -0.0396524 0.646611 0.000346607 -0.0407247 0.648201 -0.00572272 -0.0393777 0.651048 -0.014005 -0.0407127 0.638318 -0.0178704 -0.0406976 0.6339 -0.0217735 -0.0400362 0.635114 -0.0172904 -0.0398747 0.64124 -0.0211417 -0.0406781 0.629066 -0.0237971 -0.0406568 0.623847 -0.0253476 -0.0401393 0.628431 -0.0280184 -0.0401937 0.621356 -0.0257945 -0.0406374 0.618327 -0.029763 -0.0402137 0.614007 0.0346916 -0.0424295 0.650034 0.029017 -0.0418124 0.651444 0.0453001 -0.0439594 0.645271 0.0863909 -0.0461907 0.642207 0.114101 -0.0479585 0.614412 0.119169 -0.0481606 0.61408 0.116469 -0.0454517 0.60518 0.102687 -0.0483816 0.63314 0.105996 -0.0487382 0.624095 0.108603 -0.0486946 0.632721 0.105548 -0.0470945 0.641147 0.109038 -0.0477283 0.614701 0.111467 -0.0490269 0.623712 0.136793 -0.045421 0.646909 0.138219 -0.0497575 0.630193 0.138871 -0.0498665 0.621365 0.133386 -0.0498067 0.621864 0.1432 -0.0449133 0.647945 0.122916 -0.0416184 0.59639 0.121172 -0.0455762 0.604991 0.125879 -0.0456761 0.60477 0.116942 -0.0492862 0.623288 0.114522 -0.0489839 0.632265 0.103982 -0.0474773 0.614936 0.1432 -0.0362682 0.588972 0.1432 -0.0410727 0.595226 0.135104 -0.0363382 0.58899 0.0989362 -0.0472123 0.615103 0.0732172 -0.0466987 0.634295 0.0614948 -0.0462182 0.629049 0.0739898 -0.0458607 0.614403 0.0690944 -0.0456134 0.613818 0.0793285 -0.044221 0.603821 0.0797762 -0.041643 0.592159 0.0641382 -0.0462328 0.62387 0.0673538 -0.0454343 0.612777 0.0661012 -0.0459616 0.618419 0.0677079 -0.0438418 0.601182 0.0716018 -0.0417266 0.58959 0.0668013 -0.0429787 0.595385 0.0756143 -0.0391263 0.578627 0.0676272 -0.0417629 0.587993 0.065207 -0.0422091 0.589731 0.0719321 -0.0393563 0.576912 0.0683125 -0.039555 0.575105 0.0629472 -0.0415901 0.584306 0.0600294 -0.0411443 0.579142 0.0647462 -0.0397378 0.57318 0.0612333 -0.0399047 0.571137 0.0542615 -0.0401335 0.566964 0.0507964 -0.040192 0.564852 0.0439419 -0.0402158 0.560487 0.0678922 -0.0446956 0.606983 0.0793592 -0.0388648 0.580251 0.0401456 -0.0431669 0.647966 0.0831435 -0.0386107 0.581715 0.0839515 -0.0416034 0.593169 0.0457333 -0.0374091 0.661121 0.0547784 -0.0403885 0.656301 0.0542542 -0.043006 0.650024 0.0609476 -0.0450656 0.642677 0.0838816 -0.0443642 0.604407 0.0789252 -0.0461201 0.614806 0.0869672 -0.038364 0.583019 0.0881745 -0.0415693 0.594016 0.053241 -0.0372337 0.66128 0.0621566 -0.0404213 0.656293 0.0611067 -0.0431548 0.650073 0.0672908 -0.0453214 0.642713 0.0884715 -0.0445147 0.604843 0.0924383 -0.0415432 0.594712 0.0838929 -0.0463888 0.615057 0.0908302 -0.0381246 0.584161 0.0607434 -0.037084 0.66136 0.0695386 -0.0404775 0.656214 0.0679688 -0.0433294 0.650009 0.0736478 -0.0455979 0.64263 0.0930918 -0.0446714 0.605145 0.096736 -0.0415268 0.595268 0.0947607 -0.0378779 0.585023 0.0888874 -0.0466631 0.615178 0.0987137 -0.0376473 0.585797 0.0682424 -0.036956 0.661388 0.0769233 -0.0405527 0.656087 0.074838 -0.0435248 0.649863 0.0800153 -0.0458895 0.642455 0.0977369 -0.0448323 0.60533 0.101061 -0.0415211 0.595697 0.0939033 -0.0469392 0.615188 0.102689 -0.037433 0.586482 0.0757393 -0.036846 0.661388 0.08431 -0.0406427 0.655925 0.0817125 -0.0437358 0.649656 0.118333 -0.0476386 0.640263 0.11194 -0.0473763 0.640719 0.102401 -0.0449947 0.605412 0.105408 -0.0415262 0.596009 0.106687 -0.0372349 0.58708 0.0832353 -0.0367507 0.661369 0.0916983 -0.0407438 0.655739 0.0885909 -0.0439576 0.649401 0.0927726 -0.0464957 0.641899 0.107081 -0.0451552 0.605405 0.109771 -0.0415411 0.59622 0.110739 -0.0370475 0.587556 0.0907307 -0.0366676 0.661336 0.0990877 -0.0408524 0.655536 0.0954723 -0.0441855 0.649109 0.0991587 -0.0467989 0.641543 0.111771 -0.0453093 0.605323 0.114146 -0.0415638 0.596344 0.114808 -0.0368773 0.587951 0.0982258 -0.0365941 0.661298 0.106478 -0.0409653 0.655321 0.102356 -0.0444148 0.648788 0.118528 -0.0415909 0.596396 0.118873 -0.0367279 0.588283 0.105721 -0.0365278 0.661257 0.113216 -0.0364675 0.661214 0.109241 -0.0446407 0.648443 0.122936 -0.0365993 0.588553 0.128208 -0.036361 0.661123 0.128654 -0.0412994 0.654631 0.116127 -0.0448588 0.64808 0.120443 -0.0492423 0.631777 0.122421 -0.0495082 0.622833 0.124241 -0.0483269 0.613718 0.126995 -0.0364915 0.588761 0.124728 -0.047875 0.639785 0.123015 -0.0450646 0.647701 0.126367 -0.0494625 0.631265 0.127902 -0.0496845 0.622356 0.129315 -0.0484492 0.613337 0.135301 -0.0457723 0.604281 0.131051 -0.0364045 0.588907 0.131125 -0.0480795 0.63929 0.129904 -0.0452534 0.64731 0.132292 -0.0496367 0.630735 0.134393 -0.0485189 0.612946 0.1432 -0.0477279 0.640585 0.137522 -0.0482458 0.638781 0.1432 -0.0494407 0.632894 0.139472 -0.0485274 0.612555 0.140015 -0.0457531 0.604036 0.1432 -0.0500161 0.625034 0.1432 -0.049442 0.617172 0.1432 -0.0477314 0.609478 0.1432 -0.0449212 0.602109 0.00712391 0.041382 0.649477 0.0071835 0.0416253 0.649264 0.0141248 0.0415292 0.650898 -0.00583164 0.04131 0.64351 -0.0113035 0.0415416 0.638911 -0.00569745 0.0415577 0.643311 0.000492305 0.041575 0.646778 0.0353385 0.043166 0.648649 0.0283611 0.0426367 0.650269 0.0352344 0.0434092 0.648444 0.0529837 0.0461109 0.637215 0.0575219 0.0466918 0.63184 0.0577897 0.0464366 0.632012 0.0212877 0.0420903 0.651024 0.0213075 0.0418503 0.651233 0.0141454 0.0417703 0.650686 0.0655642 0.0461061 0.612527 0.0638839 0.0467117 0.61937 0.0636159 0.0470194 0.619264 0.0284224 0.042396 0.650476 0.0626928 0.0482001 0.620431 0.064126 0.0482 0.615528 0.0648341 0.0474852 0.612253 -0.0167716 0.0408767 0.634338 -0.0120717 0.0407942 0.639743 -0.0170229 0.04077 0.634491 -0.0133827 0.0407144 0.638937 -0.0172849 0.0407006 0.634648 0.0523909 0.0474328 0.636834 0.0471534 0.0465456 0.64144 0.0505153 0.0474706 0.638602 0.0349811 0.0442768 0.648045 0.0414674 0.0449103 0.645316 0.0350536 0.0439727 0.648139 -0.00412449 0.0407238 0.64593 -0.00631179 0.0408049 0.644224 4.26427e-05 0.0408166 0.647739 -0.0161157 0.0414013 0.633929 -0.0159399 0.0416353 0.633819 -0.0165345 0.0410191 0.634191 -0.0163149 0.0411948 0.634054 -0.01166 0.0410823 0.639297 -0.011047 0.0421284 0.638633 -0.0156686 0.0421713 0.633649 -0.0109645 0.0424475 0.638543 -0.0111606 0.0418232 0.638756 -0.01579 0.0418932 0.633725 -0.0155777 0.042465 0.633593 -0.0155196 0.0427695 0.633555 -0.0109133 0.0427708 0.638488 -0.0154957 0.0430806 0.633535 -0.0118622 0.0409157 0.639516 -0.0114717 0.0412924 0.639093 -0.00598201 0.0410995 0.643734 -0.00897842 0.0407211 0.642712 0.000394539 0.0413292 0.646987 0.0213263 0.0416405 0.651469 0.0212673 0.042355 0.650847 0.0283035 0.0429031 0.650095 0.035448 0.0429569 0.648883 0.0478597 0.0450256 0.642042 0.0480639 0.04482 0.642268 0.0418648 0.044082 0.645815 0.0420215 0.0438741 0.646047 0.0532152 0.0458575 0.637403 0.0534656 0.0456554 0.637617 0.0614896 0.0466562 0.625979 0.0618151 0.0464618 0.626142 0.0641981 0.0464567 0.619488 0.0645445 0.0462638 0.619613 0.0580818 0.0462387 0.632206 0.0611931 0.0469117 0.62583 0.0607361 0.0475645 0.625602 0.0609388 0.0472191 0.625703 0.0647386 0.0427198 0.591471 0.0663251 0.0437073 0.59847 0.0659991 0.043909 0.598486 0.0635982 0.0441148 0.591631 0.065096 0.0451213 0.598433 0.0650012 0.0454686 0.598394 0.0589578 0.0411288 0.578112 0.0543218 0.0408428 0.572384 0.0564349 0.0408529 0.574281 0.066484 0.0449518 0.60559 0.0599354 0.0411303 0.578998 0.06266 0.0416555 0.584455 0.0584335 0.0414075 0.578456 0.05819 0.0416165 0.578611 0.053862 0.0411214 0.572812 0.0658836 0.0458521 0.612608 0.0662363 0.045658 0.612688 0.0426155 0.0407977 0.563731 0.0427703 0.0406844 0.563449 0.0486992 0.040832 0.567716 0.0478742 0.0406366 0.566296 0.048896 0.0407181 0.567462 0.0429253 0.0406183 0.563166 0.0652919 0.0464108 0.612448 0.0659044 0.0455042 0.605504 0.0661716 0.0452047 0.60555 0.064165 0.0431763 0.591584 0.0644377 0.0429253 0.591535 0.0657035 0.0441608 0.598491 0.0637397 0.0437819 0.591633 0.0652456 0.044779 0.598463 0.0639299 0.0434652 0.591617 0.0654496 0.0444545 0.598483 0.0575139 0.042787 0.579003 0.061042 0.0433119 0.58507 0.0609571 0.0436433 0.585077 0.0568571 0.0433926 0.578265 0.0530007 0.0428332 0.573572 0.0574395 0.0431162 0.579033 0.0477881 0.0427124 0.568872 0.052628 0.043145 0.573229 0.0478389 0.0423806 0.568811 0.0418883 0.0430077 0.565059 0.0419041 0.0426802 0.56503 0.0480349 0.043042 0.569106 0.00657977 0.040764 0.65045 0.00107226 0.0407312 0.648513 0.00690552 0.0408623 0.650245 0.0352952 0.0425032 0.649839 0.0296644 0.0418707 0.651321 0.0286123 0.0418754 0.651235 -0.00614375 0.0409305 0.643974 0.0238977 0.0413868 0.652133 0.0213594 0.0413254 0.651996 -0.00549276 0.0421372 0.643007 -0.00542672 0.0424514 0.64291 -0.00538552 0.0427695 0.642849 -0.00558352 0.0418362 0.643142 -0.0108942 0.043089 0.638463 0.000166236 0.040947 0.647475 0.000284728 0.0411185 0.647221 0.00064118 0.0421451 0.64646 0.000719149 0.0427648 0.646293 0.000689191 0.0424531 0.646357 0.000575195 0.0418495 0.6466 -0.00558107 0.0430827 0.642679 0.0122492 0.0408613 0.651699 0.0140403 0.041005 0.651666 0.00698285 0.0409975 0.649974 0.00705637 0.0411714 0.649715 0.00727272 0.042185 0.648941 0.0073172 0.042791 0.648771 0.00730062 0.0424862 0.648836 0.00723349 0.0418954 0.649084 0.000274361 0.0430699 0.646049 0.00659179 0.0430813 0.648523 0.0180484 0.0410571 0.65226 0.0140715 0.0411436 0.651395 0.0140999 0.041319 0.651136 0.0141716 0.0423213 0.650364 0.0141769 0.042916 0.650194 0.0141768 0.0426169 0.650259 0.0141611 0.0420366 0.650507 0.0131695 0.0431785 0.650025 0.0539847 0.0454187 0.638088 0.0585287 0.0459544 0.633437 0.0547636 0.0454575 0.637796 0.0213437 0.0414649 0.651726 0.0484852 0.0445573 0.642771 0.0504794 0.0447841 0.641666 0.0212469 0.0426377 0.650706 0.021208 0.0432279 0.65054 0.021227 0.0429312 0.650603 0.0199208 0.043446 0.650528 0.0356711 0.0426557 0.649406 0.0285496 0.0420123 0.650966 0.0284857 0.0421865 0.650711 0.0282508 0.0431881 0.649957 0.0281648 0.0437839 0.649799 0.0282044 0.0434843 0.649858 0.0266371 0.0439399 0.650026 0.0406841 0.0432358 0.64772 0.0423433 0.0435893 0.646564 0.0355599 0.0427862 0.649138 0.0652705 0.0460752 0.619862 0.0669782 0.0454609 0.612833 0.0662028 0.0459438 0.618064 0.0349222 0.0445846 0.647992 0.0351386 0.0436807 0.648272 0.0331977 0.0446707 0.648528 0.0457672 0.0440184 0.644986 0.0421826 0.0437093 0.6463 0.0412965 0.0455471 0.645184 0.0472389 0.0462099 0.641479 0.0413713 0.0452266 0.64523 0.0415836 0.0446079 0.645445 0.0417173 0.0443289 0.645612 0.0394449 0.045578 0.646088 0.0674147 0.0453967 0.6124 0.0679024 0.0446624 0.606674 0.0482747 0.0446635 0.642514 0.0474991 0.0455639 0.641682 0.0476692 0.0452761 0.641844 0.0473546 0.0458789 0.64156 0.0452472 0.0465558 0.642758 0.0586896 0.0460268 0.632624 0.0537253 0.0455091 0.637849 0.0526112 0.0467352 0.636945 0.0527801 0.0464073 0.637061 0.0524811 0.0470814 0.63687 0.0617279 0.0462222 0.628642 0.0624948 0.0462678 0.626485 0.0583858 0.0461023 0.632413 0.0569614 0.047693 0.631516 0.0571012 0.0473338 0.631589 0.0572896 0.0469951 0.631698 0.0551239 0.0482 0.633709 0.0643035 0.046225 0.62349 0.062155 0.0463328 0.626314 0.0581637 0.0481999 0.629577 0.0605902 0.0479318 0.62553 0.0628407 0.0415667 0.584092 0.0649072 0.0461371 0.619739 0.067017 0.0434676 0.598408 0.0653802 0.0424599 0.591311 0.0667513 0.0429604 0.595143 0.0632544 0.0477346 0.619103 0.0607011 0.0482 0.625122 0.0634044 0.0473658 0.619174 0.0675575 0.044538 0.605662 0.0666063 0.045528 0.612764 0.0668289 0.0447544 0.605622 0.0649244 0.047116 0.612309 0.0650769 0.0467526 0.612375 0.0676778 0.0438189 0.600893 0.0671916 0.0446166 0.605646 0.0655391 0.0461913 0.605401 0.0652034 0.0474511 0.609118 0.0654458 0.0465503 0.605349 0.065692 0.0458378 0.605454 0.0666687 0.0435601 0.598443 0.065372 0.0465224 0.602849 0.0651362 0.0421885 0.589534 0.0650564 0.0425644 0.591395 0.0611711 0.0429849 0.58504 0.0643642 0.0453076 0.595054 0.0635061 0.0444525 0.591614 0.0620759 0.0419287 0.58471 0.0623647 0.0417679 0.584587 0.0618033 0.0421366 0.584821 0.0615565 0.0423872 0.584915 0.0613437 0.0426731 0.584989 0.0625772 0.0444358 0.588967 0.0586923 0.0412445 0.578288 0.0579701 0.041867 0.578747 0.0577809 0.042152 0.578859 0.0576279 0.0424621 0.578945 0.060294 0.0438438 0.58383 0.0523903 0.0407029 0.570016 0.0536491 0.0413305 0.573008 0.0540888 0.0409583 0.572602 0.0534574 0.0415814 0.573182 0.0532931 0.0418669 0.573328 0.0531609 0.0421777 0.573443 0.0530634 0.0425033 0.573524 0.0479195 0.0420532 0.568712 0.0485079 0.040994 0.567963 0.0483285 0.041203 0.568193 0.042465 0.040959 0.564006 0.0481673 0.0414544 0.568399 0.0423241 0.0411675 0.564263 0.0480296 0.0417409 0.568573 0.0421977 0.0414188 0.564494 0.0420901 0.0417057 0.56469 0.0420045 0.0420188 0.564847 0.0419424 0.0423472 0.56496 0.120843 0.0363662 0.661217 0.120905 0.0364125 0.661165 0.128337 0.0363611 0.661121 0.135768 0.0363123 0.661076 0.1432 0.0362654 0.66103 0.135747 0.0362672 0.661125 0.113391 0.0364199 0.661263 0.10594 0.0364774 0.661309 0.113474 0.0364675 0.661209 0.120843 0.0362188 0.661365 0.128295 0.0362206 0.661269 0.128295 0.0361714 0.661316 0.098488 0.0364299 0.661469 0.098488 0.0363729 0.661524 0.0910358 0.0364312 0.661582 0.113391 0.0363197 0.661366 0.113391 0.0362677 0.661416 0.10594 0.0363189 0.661469 0.0686758 0.036649 0.661713 0.0761296 0.0366391 0.661616 0.0761302 0.0365677 0.661684 0.0911822 0.0366626 0.661338 0.0910359 0.0366083 0.661402 0.0835836 0.036686 0.661444 0.053756 0.036846 0.661691 0.0462843 0.036966 0.661606 0.0537585 0.0369473 0.661595 0.061223 0.0369976 0.661454 0.0688875 0.0369455 0.661394 0.068678 0.0368782 0.661478 0.0313152 0.0372622 0.661091 0.023815 0.0374435 0.660534 0.0313278 0.0374215 0.660945 0.0462973 0.0372977 0.66126 0.0388273 0.0374865 0.661019 0.0465729 0.0373887 0.661138 0.00886192 0.0381361 0.657926 0.00879873 0.0378837 0.658153 0.00144239 0.0381403 0.655946 0.0238831 0.0379593 0.659977 0.016421 0.0382428 0.658953 0.0168187 0.0383771 0.658756 -0.0226964 0.0389274 0.637032 -0.0183064 0.0384848 0.643057 -0.0229375 0.0386026 0.63708 0.00154437 0.0384233 0.655697 -0.00550434 0.0387179 0.652473 0.00165757 0.0386699 0.655413 -0.0121702 0.0386615 0.648428 -0.00565837 0.0384096 0.652733 -0.0128156 0.0383141 0.648254 -0.0114568 0.039477 0.647563 -0.017322 0.039499 0.642591 -0.0169903 0.0397129 0.642297 -0.0163334 0.039837 0.642338 -0.0214092 0.0398812 0.636568 -0.011718 0.039265 0.647884 -0.00514365 0.0391907 0.651848 -0.0209606 0.0400097 0.636378 -0.021824 0.0396813 0.636747 -0.0178914 0.0388675 0.643087 -0.0119587 0.0389899 0.648176 0.00228113 0.0390134 0.654911 0.00900391 0.0385527 0.657395 0.0017791 0.0388737 0.655102 -0.00456677 0.0393246 0.651714 0.0163388 0.0378692 0.659409 0.0163013 0.0376501 0.659608 0.00945225 0.0386923 0.657189 0.0313545 0.0377065 0.66062 0.0242407 0.0380839 0.659797 0.0238365 0.037631 0.660363 0.0388118 0.0372396 0.661294 0.0388044 0.0371039 0.66142 0.0316808 0.0378194 0.660459 0.0540155 0.0372179 0.661283 0.0537636 0.037136 0.661391 0.0462883 0.0370826 0.661496 0.0612187 0.0367412 0.661718 0.06122 0.0368302 0.661634 0.0614531 0.0370715 0.66136 0.0763202 0.0368372 0.661396 0.0761311 0.0367752 0.661472 0.068676 0.0367282 0.661638 0.0835825 0.036561 0.661575 0.0835832 0.0364956 0.661638 0.0837516 0.0367437 0.661374 0.098488 0.0365396 0.661355 0.0986127 0.0365911 0.661295 0.0910354 0.0364919 0.661524 0.10594 0.0363731 0.661417 0.106043 0.0365267 0.661253 0.120843 0.036269 0.661317 0.135747 0.0361735 0.661221 0.135747 0.0361251 0.661268 0.128295 0.0363155 0.661171 0.1432 0.0361511 0.661151 0.135747 0.0362209 0.661174 0.128087 0.036122 0.661363 0.135643 0.036076 0.661313 0.128295 0.0362686 0.661221 0.1432 0.0360302 0.661266 0.120843 0.0363182 0.661268 0.120531 0.0361683 0.661415 0.113391 0.0363704 0.661315 0.112975 0.0362157 0.661469 0.10594 0.0364259 0.661364 0.105419 0.036265 0.661525 0.098488 0.0364855 0.661413 0.0978624 0.0363172 0.661583 0.0910354 0.036551 0.661464 0.0903061 0.0363733 0.661641 0.0835826 0.0366245 0.66151 0.0827501 0.0364344 0.661697 0.0761299 0.0367083 0.661545 0.0751941 0.036502 0.661747 0.0686767 0.0368047 0.661559 0.0676372 0.0365775 0.661784 0.0612215 0.0369157 0.661546 0.0600794 0.036662 0.661798 0.053761 0.037044 0.661495 0.0525239 0.0367565 0.661773 0.0391267 0.0375881 0.660881 0.0462927 0.0371933 0.661381 0.0449682 0.0368617 0.661683 0.0388195 0.0373673 0.66116 0.0374156 0.0369804 0.66149 0.0313409 0.03757 0.660787 0.0298693 0.0371162 0.661134 0.0238593 0.0378035 0.660177 0.0223394 0.0372719 0.660527 0.0163788 0.0380678 0.65919 0.0148511 0.0374484 0.659542 0.00893077 0.0383606 0.657672 0.00745841 0.0376477 0.658006 0.000265348 0.0378707 0.655715 -0.0108411 0.0396053 0.647503 -0.00533097 0.038981 0.652175 -0.0065632 0.0381015 0.652496 -0.0176265 0.0392133 0.642858 -0.0221309 0.0394705 0.636869 -0.0224283 0.0392155 0.636964 0.0440951 0.0482 0.643436 0.0452472 0.0465558 0.642758 0.0394449 0.045578 0.646088 0.0375467 0.0482 0.646834 0.0305343 0.0482 0.649124 0.0331977 0.0446707 0.648528 0.0500063 0.0482 0.639023 0.0232433 0.0482 0.650248 0.0266371 0.0439399 0.650026 0.0199208 0.043446 0.650528 0.0505153 0.0474706 0.638602 0.0551239 0.0482 0.633709 0.0158665 0.0482 0.650176 0.0131695 0.0431785 0.650025 0.00659179 0.0430813 0.648523 0.00859901 0.0482 0.648908 0.000274361 0.0430699 0.646049 0.00163304 0.0482 0.64648 -0.00484721 0.0482 0.642955 -0.00558107 0.0430827 0.642679 -0.0108942 0.043089 0.638463 -0.0106704 0.0482 0.638425 -0.0154545 0.0470349 0.633366 -0.0155336 0.0477671 0.633225 -0.0155985 0.0479891 0.633131 -0.0156822 0.0482 0.633012 -0.0154614 0.04729 0.633343 -0.0154878 0.0475341 0.633296 -0.0154957 0.0430806 0.633535 -0.0173003 0.0479885 0.632445 -0.0179265 0.0479857 0.632759 -0.0180276 0.048 0.632621 -0.017648 0.0477787 0.633136 -0.017734 0.0478737 0.63302 -0.0169756 0.0478268 0.632751 -0.0178276 0.0479432 0.632894 -0.0171876 0.0479555 0.632552 -0.0170787 0.0479013 0.632655 -0.0167373 0.047489 0.632981 -0.0166902 0.0473458 0.633032 -0.0174627 0.0473701 0.633382 -0.0175727 0.047661 0.633236 -0.0168021 0.0476188 0.632916 -0.0175101 0.0475235 0.633319 -0.0166628 0.0471929 0.633067 -0.0174319 0.0472054 0.633423 -0.0174191 0.0470349 0.63344 -0.0166571 0.0470349 0.633084 -0.0168822 0.0477323 0.632838 -0.0174154 0.048 0.632335 -0.023311 0.0473705 0.623253 -0.0226217 0.0473461 0.622759 -0.0226012 0.0474892 0.622825 -0.023339 0.0470349 0.623186 -0.0226381 0.0471931 0.622717 -0.0233307 0.0472058 0.623206 -0.0225498 0.0477324 0.623022 -0.0225209 0.0478273 0.623147 -0.0231903 0.0477788 0.623536 -0.0232398 0.0476611 0.623421 -0.0232804 0.0475236 0.623325 -0.0225768 0.0476189 0.622914 -0.0230705 0.0479433 0.623813 -0.0224546 0.0479568 0.623429 -0.0230034 0.0479858 0.623966 -0.0231334 0.0478738 0.623668 -0.0224893 0.0479023 0.623284 -0.0224181 0.0479886 0.623581 -0.022934 0.048 0.624123 -0.0223807 0.048 0.623735 -0.0226503 0.0470349 0.622704 -0.0201291 0.048 0.628169 -0.0174154 0.048 0.632335 -0.0180276 0.048 0.632621 -0.0207032 0.048 0.6285 -0.0223807 0.048 0.623735 -0.022934 0.048 0.624123 -0.0228951 0.0426123 0.622687 -0.0228426 0.042829 0.622659 -0.0228201 0.0430374 0.622652 -0.028188 0.045 0.626495 -0.0270468 0.0410055 0.625525 -0.0265888 0.0411297 0.62521 -0.0233671 0.045 0.623119 -0.0226503 0.0470349 0.622704 -0.023339 0.0470349 0.623186 -0.0229794 0.0423963 0.622737 -0.0230943 0.0421911 0.622808 -0.023236 0.042007 0.6229 -0.0233978 0.0418525 0.623006 -0.0235715 0.0417334 0.623123 -0.0239215 0.041606 0.623363 -0.0237486 0.0416516 0.623243 -0.0274866 0.040808 0.625825 -0.028284 0.0402058 0.626358 -0.0279023 0.0405394 0.626104 -0.0173751 0.045 0.633497 -0.0174191 0.0470349 0.63344 -0.0166571 0.0470349 0.633084 -0.0178357 0.0416524 0.633841 -0.0174479 0.0417871 0.633655 -0.0176408 0.0417029 0.633748 -0.0215237 0.0409581 0.635588 -0.0226428 0.0405172 0.636127 -0.0227089 0.045 0.635985 -0.0172645 0.0419054 0.633565 -0.0169558 0.0422347 0.633408 -0.0170982 0.0420561 0.633482 -0.0168427 0.0424345 0.633348 -0.0167618 0.0426476 0.633302 -0.0167138 0.0428656 0.633271 -0.016697 0.0430806 0.633255 -0.0234853 0.045 0.636278 -0.0281804 0.045 0.634549 -0.0227089 0.045 0.635985 -0.0298416 0.045 0.62833 -0.0293853 0.045 0.627637 -0.0296804 0.045 0.631951 -0.0301884 0.045 0.629083 -0.0288299 0.045 0.627021 -0.028188 0.045 0.626495 -0.0207032 0.045 0.6285 -0.0233671 0.045 0.623119 -0.0305251 0.045 0.630702 -0.0305078 0.045 0.631529 -0.0173751 0.045 0.633497 -0.0242943 0.045 0.63645 -0.0259475 0.045 0.636423 -0.0251218 0.045 0.636499 -0.0267527 0.045 0.636224 -0.027519 0.045 0.635906 -0.0282288 0.045 0.635477 -0.0288659 0.045 0.634945 -0.0303659 0.045 0.632347 -0.030418 0.045 0.62988 0.0609476 0.0450655 0.642677 0.0615338 0.0460841 0.634017 0.067364 0.0463815 0.634234 0.138871 0.0498665 0.621365 0.1432 0.049856 0.620865 0.1432 0.049816 0.629686 0.126653 0.0489602 0.616442 0.129315 0.0484492 0.613337 0.126786 0.0489791 0.616524 0.0457672 0.0440184 0.644986 0.0504794 0.0447841 0.641666 0.0474155 0.0428884 0.649819 0.136094 0.04165 0.596178 0.135905 0.0363293 0.58899 0.14049 0.0416236 0.596086 0.139548 0.0362912 0.589002 0.1317 0.0416538 0.596268 0.135301 0.0457723 0.604281 0.1432 0.0362682 0.588972 0.1432 0.0415636 0.595985 0.118528 0.0415909 0.596396 0.117839 0.03674 0.588446 0.122916 0.0416184 0.59639 0.124241 0.0483269 0.613718 0.125266 0.0488936 0.616387 0.125124 0.0488976 0.616446 0.12462 0.048972 0.617028 0.122907 0.0491709 0.618943 0.126358 0.0489325 0.61635 0.126196 0.0489241 0.616338 0.0733898 0.0467767 0.624858 0.0739898 0.0458607 0.614403 0.0789252 0.0461201 0.614806 0.0930918 0.0446714 0.605145 0.0939033 0.0469392 0.615188 0.0888874 0.0466631 0.615178 0.0585287 0.0459544 0.633437 0.0617279 0.0462222 0.628642 0.122891 0.0494486 0.62166 0.124551 0.0496153 0.623266 0.122421 0.0495082 0.622833 0.0967755 0.0480521 0.63351 0.102687 0.0483816 0.63314 0.0991587 0.0467989 0.641543 0.08431 0.0406427 0.655925 0.0916983 0.0407438 0.655739 0.0837516 0.0367437 0.661374 0.0643035 0.046225 0.62349 0.0690944 0.0456134 0.613818 0.068026 0.0464667 0.624574 0.0703637 0.043959 0.602103 0.0716018 0.0417266 0.58959 0.0756563 0.0416852 0.590972 0.0797762 0.041643 0.592159 0.0748193 0.0440859 0.603062 0.0676778 0.0438189 0.600893 0.0667513 0.0429604 0.595143 0.0651362 0.0421885 0.589534 0.0693117 0.0395404 0.57549 0.0725394 0.0393439 0.577184 0.0676273 0.0417629 0.587993 0.0599354 0.0411303 0.578998 0.0628938 0.0398585 0.571981 0.0660965 0.0397119 0.573755 0.0628407 0.0415667 0.584092 0.0564349 0.0408529 0.574281 0.0565263 0.0400771 0.568311 0.0597038 0.0399803 0.570166 0.0523903 0.0407029 0.570016 0.050209 0.0401962 0.564479 0.0533614 0.0401491 0.566415 0.0470692 0.0402184 0.562503 0.0478742 0.0406366 0.566296 0.0429253 0.0406183 0.563166 0.043942 0.0402157 0.560487 0.0674147 0.0453967 0.6124 0.0758034 0.0391331 0.578782 0.0793285 0.044221 0.603821 0.0662028 0.0459438 0.618064 0.0168187 0.0383771 0.658756 0.0180484 0.0410571 0.65226 0.0238977 0.0413868 0.652133 0.0546227 0.0448358 0.642485 0.0547636 0.0454575 0.637796 0.0547784 0.0403885 0.656301 0.0465729 0.0373887 0.661138 0.0474061 0.0403839 0.656203 0.0405995 0.0428068 0.649389 0.0316808 0.0378194 0.660459 0.0400435 0.0404125 0.655951 0.0391267 0.0375881 0.660881 0.0253954 0.0405864 0.65463 0.0296644 0.0418707 0.651321 0.0326996 0.040479 0.655465 0.00107226 0.0407312 0.648513 0.00228113 0.0390134 0.654911 -0.00456677 0.0393246 0.651714 0.0122492 0.0408613 0.651699 0.00945225 0.0386923 0.657189 -0.00412449 0.0407238 0.64593 -0.0108411 0.0396053 0.647503 -0.00897842 0.0407211 0.642712 -0.0133827 0.0407144 0.638937 -0.0163334 0.039837 0.642338 -0.0209606 0.0400097 0.636378 -0.0172849 0.0407006 0.634648 0.00657977 0.040764 0.65045 0.0352952 0.0425032 0.649839 0.109241 0.0446407 0.648443 0.105548 0.0470945 0.641147 0.11194 0.0473763 0.640719 0.0990877 0.0408524 0.655536 0.0911822 0.0366626 0.661338 0.120443 0.0492423 0.631777 0.114931 0.0489416 0.632806 0.114729 0.0490173 0.632007 0.113869 0.0410793 0.655097 0.116127 0.0448588 0.64808 0.121261 0.0411917 0.654866 0.131125 0.0480795 0.63929 0.127989 0.0463538 0.644615 0.127874 0.0463933 0.644508 0.124609 0.0496329 0.623612 0.12468 0.0496418 0.623767 0.128164 0.0462584 0.644868 0.128088 0.046308 0.644737 0.122188 0.0493939 0.621363 0.122309 0.0494081 0.62147 0.124909 0.0496599 0.62404 0.124887 0.0496354 0.628332 0.124761 0.0496258 0.628458 0.124782 0.0496509 0.623911 0.12537 0.0496832 0.624258 0.125547 0.0496898 0.624273 0.125346 0.0496588 0.628116 0.1432 0.0362654 0.66103 0.136048 0.0413998 0.654392 0.1432 0.0411307 0.654709 0.126604 0.0481319 0.638894 0.126754 0.0481498 0.638831 0.127299 0.0464617 0.644316 0.12938 0.0496754 0.621521 0.130423 0.0496613 0.630099 0.129227 0.049676 0.621594 0.127013 0.0482006 0.638641 0.127608 0.0464455 0.644364 0.126892 0.048173 0.638746 0.1432 0.0494959 0.632517 0.1432 0.047816 0.640293 0.1392 0.0494939 0.632516 0.132292 0.0496367 0.630735 0.131279 0.0496326 0.630598 0.131179 0.0496441 0.630457 0.129858 0.0495327 0.619769 0.129822 0.0495153 0.619618 0.133386 0.0498067 0.621864 0.127307 0.0416413 0.596343 0.130589 0.0457441 0.60453 0.122562 0.0491629 0.619002 0.122407 0.049165 0.619074 0.128861 0.0494046 0.618932 0.127196 0.0490998 0.617171 0.122003 0.0493636 0.621106 0.116942 0.0492862 0.623288 0.12244 0.0494205 0.621553 0.122731 0.0494404 0.621648 0.121945 0.0493482 0.620963 0.124565 0.0496241 0.623444 0.121911 0.0493325 0.62081 0.11339 0.0491204 0.629943 0.112741 0.0491181 0.629428 0.102401 0.0449947 0.605412 0.105408 0.0415262 0.596009 0.107081 0.0451552 0.605405 0.109771 0.0415411 0.59622 0.111771 0.0453093 0.605323 0.124551 0.0495155 0.621659 0.124589 0.0496059 0.628753 0.124545 0.0495956 0.628919 0.123614 0.0494741 0.630307 0.123259 0.0493973 0.631074 0.123274 0.0494141 0.630895 0.128218 0.0462045 0.645009 0.123822 0.0463292 0.64461 0.124728 0.047875 0.639785 0.123939 0.0463698 0.644502 0.124513 0.0482923 0.638098 0.124549 0.0482578 0.638248 0.118333 0.0476386 0.640263 0.121918 0.0492251 0.619768 0.121903 0.0492442 0.619946 0.1233 0.0493112 0.631936 0.123266 0.0493266 0.631783 0.123561 0.0461221 0.645153 0.123594 0.0461798 0.645002 0.110413 0.0478614 0.638512 0.109589 0.0478369 0.638508 0.109038 0.0477283 0.614701 0.103982 0.0474773 0.614936 0.0838929 0.0463888 0.615057 0.0787815 0.0471004 0.624987 0.114146 0.0415638 0.596344 0.110678 0.0370129 0.587815 0.0884715 0.0445147 0.604843 0.116469 0.0454517 0.60518 0.124868 0.0489183 0.616634 0.124762 0.0489339 0.616755 0.124583 0.0489943 0.617178 0.122728 0.0491648 0.618958 0.12456 0.0492423 0.618939 0.12457 0.0490187 0.617339 0.124679 0.0489518 0.616886 0.124991 0.0489059 0.616528 0.121172 0.0455762 0.604991 0.125579 0.0488987 0.61634 0.125879 0.0456761 0.60477 0.126511 0.0489446 0.616384 0.12691 0.0490014 0.616628 0.1271 0.0490499 0.61688 0.127016 0.0490255 0.616749 0.129024 0.0494115 0.618944 0.129176 0.0494209 0.618979 0.12716 0.0490747 0.61702 0.129319 0.0494326 0.619037 0.127209 0.0491251 0.617332 0.12987 0.0495499 0.619931 0.129451 0.0494467 0.619118 0.12722 0.0493463 0.618935 0.129574 0.049463 0.619223 0.129763 0.0494979 0.619476 0.12968 0.0494804 0.619345 0.134393 0.0485189 0.612946 0.129873 0.0496191 0.620649 0.129859 0.0496344 0.620827 0.129817 0.0496472 0.620994 0.130764 0.049663 0.630157 0.130599 0.0496635 0.630114 0.131055 0.0496533 0.630331 0.127121 0.0496868 0.628602 0.1271 0.0497262 0.62377 0.127171 0.0497229 0.623616 0.129521 0.049672 0.621418 0.129647 0.049666 0.621291 0.126896 0.049694 0.628335 0.126756 0.0496948 0.628235 0.126874 0.0497278 0.624039 0.127021 0.0496913 0.628461 0.127214 0.0497176 0.62345 0.128885 0.0496695 0.621652 0.127229 0.0497105 0.623273 0.127 0.0497279 0.623912 0.129062 0.049674 0.621638 0.126732 0.0497262 0.624141 0.126579 0.0497233 0.624214 0.126439 0.0496909 0.62812 0.126263 0.0496866 0.628105 0.126414 0.049719 0.624257 0.125181 0.049652 0.628159 0.125204 0.0496761 0.624215 0.126237 0.0497136 0.624272 0.125523 0.0496647 0.628103 0.126604 0.0496937 0.628163 0.125028 0.0496442 0.628231 0.125051 0.0496683 0.624142 0.124661 0.0496159 0.6286 0.123489 0.0494602 0.630433 0.123389 0.0494454 0.630575 0.127193 0.0496804 0.628755 0.127237 0.0496722 0.62892 0.127253 0.0496619 0.629098 0.127746 0.046424 0.644424 0.127263 0.0495917 0.630087 0.123755 0.0494863 0.630205 0.138219 0.0497575 0.630193 0.137522 0.0482458 0.638781 0.129746 0.0496577 0.621148 0.130915 0.0496596 0.63023 0.13135 0.0496191 0.630752 0.131408 0.0495854 0.631096 0.131414 0.0494795 0.632033 0.131393 0.0496034 0.630918 0.131394 0.0494539 0.632236 0.131334 0.0494279 0.632433 0.129152 0.0488897 0.63561 0.127116 0.0482325 0.638517 0.131234 0.0494026 0.632613 0.125354 0.0481055 0.638929 0.125516 0.0481048 0.638941 0.124515 0.0464446 0.644311 0.126286 0.048115 0.638944 0.126448 0.0481203 0.638932 0.125058 0.0481247 0.638833 0.125201 0.0481122 0.638893 0.124924 0.0481431 0.63875 0.124355 0.0464391 0.644323 0.129904 0.0452534 0.64731 0.128263 0.0458045 0.646013 0.128262 0.0460835 0.645319 0.124692 0.0481952 0.638521 0.1248 0.0481672 0.638644 0.124067 0.0464018 0.644418 0.124609 0.0482254 0.638389 0.127551 0.0453994 0.64697 0.127697 0.0454256 0.64691 0.124501 0.0483288 0.637938 0.124097 0.0492523 0.632624 0.124258 0.0492549 0.632637 0.12344 0.049284 0.632212 0.123358 0.0492969 0.632078 0.11473 0.0486081 0.635229 0.111229 0.0479137 0.638383 0.123802 0.0492565 0.632528 0.12367 0.049263 0.632444 0.123547 0.0492725 0.632336 0.123255 0.0493433 0.631622 0.124502 0.049261 0.632638 0.123945 0.0492529 0.632588 0.114398 0.0484745 0.635976 0.113947 0.04834 0.636653 0.114254 0.0368683 0.588174 0.113387 0.04821 0.637249 0.122084 0.0493788 0.621239 0.122581 0.0494312 0.621613 0.124529 0.049585 0.629098 0.123908 0.0494964 0.630133 0.124073 0.0495046 0.63009 0.124519 0.0495187 0.630077 0.12425 0.0495109 0.630076 0.123725 0.0462833 0.644731 0.123015 0.0450646 0.647701 0.124261 0.0453915 0.646963 0.124417 0.0453767 0.647 0.114932 0.0487335 0.63444 0.124205 0.0464248 0.644359 0.127459 0.0464581 0.644328 0.128251 0.0461462 0.645159 0.136793 0.045421 0.646909 0.1432 0.0450099 0.647741 0.128251 0.0457391 0.646171 0.128215 0.0456767 0.646321 0.127961 0.0455086 0.646718 0.12807 0.0455613 0.646594 0.128155 0.0456174 0.646462 0.127834 0.045462 0.646826 0.135768 0.0363123 0.661076 0.127228 0.0453791 0.647017 0.127394 0.0453836 0.647005 0.128654 0.0412994 0.654631 0.124582 0.045372 0.647012 0.128337 0.0363611 0.661121 0.124114 0.0454166 0.646903 0.123978 0.0454518 0.646819 0.123851 0.0454969 0.646711 0.123742 0.0455482 0.646587 0.123561 0.0457221 0.646164 0.12355 0.0457865 0.646005 0.123597 0.0456609 0.646314 0.112736 0.0480922 0.637742 0.112009 0.0479916 0.638124 0.122264 0.0491712 0.619177 0.106043 0.0365267 0.661253 0.106478 0.0409653 0.655321 0.123649 0.0462335 0.644862 0.12355 0.0460601 0.645313 0.102356 0.0444148 0.648788 0.108772 0.04784 0.63837 0.107992 0.047869 0.638103 0.106614 0.0479908 0.63721 0.106053 0.0480745 0.636607 0.0986127 0.0365911 0.661295 0.105603 0.0481663 0.635922 0.105271 0.048262 0.63517 0.0672908 0.0453214 0.642713 0.0732172 0.0466987 0.634295 0.105 0.0484478 0.633556 0.105068 0.0483567 0.634376 0.0927726 0.0464957 0.641899 0.0695386 0.0404775 0.656214 0.0769233 0.0405527 0.656087 0.0688875 0.0369455 0.661394 0.0736478 0.0455979 0.64263 0.0839515 0.0416034 0.593169 0.0838816 0.0443642 0.604407 0.0924383 0.0415432 0.594712 0.0977369 0.0448323 0.60533 0.096736 0.0415268 0.595268 0.101061 0.0415211 0.595697 0.107094 0.0371826 0.587389 0.111238 0.0490746 0.628747 0.110424 0.0490395 0.628602 0.111467 0.0490269 0.623712 0.0989362 0.0472123 0.615103 0.112018 0.0491017 0.629026 0.119169 0.0481606 0.61408 0.105996 0.0487382 0.624095 0.121962 0.0492081 0.619601 0.1219 0.0493166 0.620648 0.113947 0.0491058 0.630555 0.114397 0.0490719 0.63125 0.123318 0.0494301 0.630729 0.115 0.0488459 0.633626 0.0679024 0.0446624 0.606674 0.0791457 0.0389262 0.580185 0.0242407 0.0380839 0.659797 0.082528 0.0387066 0.581483 0.0406841 0.0432358 0.64772 0.0859504 0.0384742 0.582676 0.123658 0.0456029 0.646455 0.0542542 0.043006 0.650024 0.0800153 0.0458895 0.642455 0.0790885 0.0470301 0.634232 0.0881746 0.0415693 0.594016 0.0894128 0.038229 0.583764 0.0540155 0.0372179 0.661283 0.0621566 0.0404213 0.656293 0.0611066 0.0431548 0.650073 0.0929006 0.0379946 0.584732 0.0614531 0.0370715 0.66136 0.0679688 0.0433294 0.650009 0.0841956 0.0474327 0.624989 0.0964054 0.0377843 0.585571 0.0763202 0.0368372 0.661396 0.074838 0.0435248 0.649863 0.084974 0.0473701 0.634069 0.0896276 0.0477685 0.624886 0.100531 0.0484276 0.624426 0.0999393 0.0375788 0.586294 0.0863909 0.0461907 0.642207 0.0817125 0.0437358 0.649656 0.0908705 0.0477128 0.633824 0.0950738 0.0481021 0.624694 0.103502 0.0373783 0.5869 0.0885909 0.0439576 0.649401 0.105271 0.0486108 0.631936 0.105602 0.0486812 0.631181 0.107268 0.0488569 0.629376 0.106614 0.0488032 0.629883 0.109596 0.0489988 0.628592 0.10878 0.0489544 0.628722 0.0954723 0.0441855 0.649109 0.106055 0.0487451 0.630489 0.105068 0.0485327 0.632736 0.107995 0.048907 0.628986 0.114101 0.0479585 0.614412 0.107264 0.0479208 0.637712 0.122035 0.0491934 0.619447 0.122136 0.049181 0.619304 0.113474 0.0364675 0.661209 0.121433 0.0366282 0.588629 0.120905 0.0364125 0.661165 0.125417 0.048894 0.616352 0.125036 0.0365327 0.588725 0.128649 0.0364503 0.588843 0.127229 0.0496146 0.621655 0.132272 0.0363823 0.588937 0.139472 0.0485274 0.612555 0.140015 0.0457531 0.604036 0.1392 0.0498085 0.629688 0.1432 0.0484615 0.612156 0.1432 0.0456718 0.603789</float_array>
          <technique_common>
            <accessor count="11389" source="#ID6" stride="3">
              <param name="X" type="float"/>
              <param name="Y" type="float"/>
              <param name="Z" type="float"/>
            </accessor>
          </technique_common>
        </source>
        <source id="ID7">
          <float_array count="34167" id="ID8">1 0 -5.55112e-17 1 0 -5.55112e-17 1 0 -5.55112e-17 1 0 -5.55112e-17 1 0 -5.55112e-17 1 0 -5.55112e-17 1 0 -5.55112e-17 1 0 -5.55112e-17 1 0 -5.55112e-17 1 0 -5.55112e-17 1 0 -5.55112e-17 1 0 -5.55112e-17 1 0 -5.55112e-17 1 0 -5.55112e-17 1 0 -5.55112e-17 1 0 -5.55112e-17 1 0 -5.55112e-17 1 0 -5.55112e-17 1 0 -5.55112e-17 1 0 -5.55112e-17 1 0 -5.55112e-17 1 0 -5.55112e-17 1 0 -5.55112e-17 1 0 -5.55112e-17 1 0 -5.55112e-17 1 0 -5.55112e-17 1 0 -5.55112e-17 1 0 -5.55112e-17 1 0 -5.55112e-17 1 0 -5.55112e-17 1 0 -5.55112e-17 1 0 -5.55112e-17 1 0 -5.55112e-17 1 0 -5.55112e-17 1 0 -5.55112e-17 1 0 -5.55112e-17 1 0 -5.55112e-17 0 -0.999099 0.042441 -0 -0.996584 -0.0825794 0 -0.996584 0.0825794 0 0.0848059 -0.996397 -0 -8.74228e-08 -1 -0 -0.0848059 -0.996397 0 -0.9694 0.245486 0 -0.977555 0.210679 0 -0.915773 0.401695 0 -0.927889 0.372857 0 -0.851529 0.524307 0 -0.837166 0.546948 0 -0.735724 0.677282 0 -0.750672 0.660675 0 -0.614213 0.78914 0 -0.62822 0.778036 0 -0.487695 0.873014 0 -0.475948 0.879474 0 -0.3247 0.945817 0 -0.33314 0.942877 0 -0.164595 0.986361 0 -0.169001 0.985616 0 -3.01992e-07 1 0 1.74846e-07 1 -0 -0.9919 -0.127018 -0 -0.956167 -0.292823 -0 -0.9694 -0.245486 -0 -0.915773 -0.401695 -0 -0.892926 -0.450204 -0 -0.803997 -0.594633 -0 -0.837167 -0.546948 -0 -0.691939 -0.721956 -0 -0.735724 -0.677282 -0 -0.614213 -0.78914 -0 -0.559975 -0.82851 -0 -0.411901 -0.911228 -0 -0.475947 -0.879474 -0 -0.251978 -0.967733 -0 -0.324699 -0.945817 -0 -0.164595 -0.986361 0 0.559975 -0.82851 0 0.475947 -0.879474 0 0.411901 -0.911228 0 0.251978 -0.967733 0 0.3247 -0.945817 0 0.164595 -0.986361 0 0.837166 -0.546948 0 0.803997 -0.594633 0 0.892926 -0.450204 0 0.614213 -0.789141 0 0.691939 -0.721956 0 0.735724 -0.677282 0 0.9919 -0.127018 0 0.999099 0.0424412 0 0.996584 -0.0825794 0 0.956167 -0.292823 0 0.9694 -0.245485 0 0.915773 -0.401695 0 0.851529 0.524307 0 0.915773 0.401695 0 0.927889 0.372857 0 0.9694 0.245485 0 0.996584 0.0825794 0 0.977555 0.210679 0 0.614213 0.789141 0 0.735724 0.677282 0 0.62822 0.778036 0 0.837166 0.546948 0 0.750672 0.660675 0 0.487695 0.873014 0 0.475947 0.879474 0 0.33314 0.942877 0 0.324699 0.945817 0 0.164595 0.986361 0 0.169001 0.985616 0 0.984808 0.173648 0 0.984808 0.173648 0 0.984808 0.173648 0 0.984808 0.173648 0 0.984808 0.173648 0 0.984808 0.173648 -1.11022e-16 -0.173648 0.984808 -1.11022e-16 -0.173648 0.984808 -1.11022e-16 -0.173648 0.984808 -1.11022e-16 -0.173648 0.984808 -1.11022e-16 -0.173648 0.984808 -1.11022e-16 -0.173648 0.984808 -1.11022e-16 -0.173648 0.984808 -1.11022e-16 -0.173648 0.984808 -1.11022e-16 -0.173648 0.984808 -1.11022e-16 -0.173648 0.984808 -1.11022e-16 -0.173648 0.984808 -1.11022e-16 -0.173648 0.984808 -1.11022e-16 -0.173648 0.984808 -1.11022e-16 -0.173648 0.984808 -1.11022e-16 -0.173648 0.984808 -1.11022e-16 -0.173648 0.984808 -1.11022e-16 -0.173648 0.984808 -1.11022e-16 -0.173648 0.984808 1.11022e-16 0.173648 -0.984808 1.11022e-16 0.173648 -0.984808 1.11022e-16 0.173648 -0.984808 1.11022e-16 0.173648 -0.984808 1.11022e-16 0.173648 -0.984808 1.11022e-16 0.173648 -0.984808 1.11022e-16 0.173648 -0.984808 1.11022e-16 0.173648 -0.984808 1.11022e-16 0.173648 -0.984808 1.11022e-16 0.173648 -0.984808 1.11022e-16 0.173648 -0.984808 1.11022e-16 0.173648 -0.984808 1.11022e-16 0.173648 -0.984808 1.11022e-16 0.173648 -0.984808 1.11022e-16 0.173648 -0.984808 1.11022e-16 0.173648 -0.984808 1.11022e-16 0.173648 -0.984808 0.187277 0.602001 -0.776223 0.354254 0.460268 -0.814038 0.331439 0.594335 -0.732744 -0.810008 0.514688 -0.281041 -0.860235 0.490002 -0.141043 -0.865766 0.375138 -0.331241 0.383423 0.726344 0.570448 0.304282 0.71618 0.628091 0.285683 0.823076 0.490847 -0.736477 0.36467 0.569752 -0.667292 0.505392 0.547083 -0.581473 0.486936 0.651754 0.498149 0.44767 -0.74259 0.466066 0.582548 -0.665898 0.216388 0.895504 -0.388907 0.109105 0.957013 -0.268744 0.122268 0.900509 -0.417293 -0.561625 0.776601 0.285427 -0.417641 0.855801 0.305255 -0.528832 0.760484 0.376829 0.422284 0.702803 -0.57249 0.300304 0.713482 -0.633056 0.178531 0.952874 -0.245272 0.304282 0.887809 -0.345265 0.383423 0.877645 -0.287622 0.243088 0.946807 -0.210866 1 2.2463e-07 -2.67042e-07 0.973245 0.184521 -0.136918 0.986361 0.0285817 -0.162094 0.739218 0.410827 -0.533645 0.76827 0.263263 -0.583484 0.862056 0.239167 -0.446831 0.931043 0.212666 -0.296534 0.829458 0.387643 -0.402159 0.69161 0.548078 -0.47041 0.587286 0.56698 -0.577606 0.945817 0.0563837 -0.319767 0.62664 0.671571 -0.395366 0.532116 0.688697 -0.492492 0.301014 0.938978 -0.166465 0.451534 0.865304 -0.217636 0.580351 0.801994 0.141413 0.572003 0.819026 0.0448234 0.701689 0.701659 0.123721 0.691596 0.722251 0.00693686 0.5472 0.835567 -0.0489877 0.438383 0.8949 0.0835134 0.444444 0.882197 0.155555 0.661607 0.742251 -0.106488 0.506655 0.851143 -0.137321 0.0367019 0.959111 -0.280642 0.0246307 0.90268 -0.429606 0.0403236 0.472016 -0.880667 0.0377266 0.605327 -0.795082 -0.112908 0.604216 -0.788781 0.200168 0.468462 -0.860509 -0.260295 0.5987 -0.757499 -0.120681 0.470829 -0.873932 -0.0737149 0.901955 -0.425492 -0.0367019 0.959111 -0.280642 -0.400195 0.588938 -0.702137 -0.278214 0.464933 -0.840496 -0.109105 0.957013 -0.268744 -0.16994 0.898354 -0.405069 -0.52858 0.575211 -0.624288 -0.427743 0.454499 -0.781324 -0.178531 0.952874 -0.245272 -0.261276 0.891981 -0.368925 -0.64176 0.557914 -0.52619 -0.564966 0.439828 -0.698115 -0.243088 0.946807 -0.210866 -0.345096 0.883019 -0.318099 -0.685937 0.42134 -0.593265 -0.736477 0.537544 -0.410667 -0.301014 0.938978 -0.166465 -0.418988 0.871726 -0.254054 -0.787174 0.399568 -0.46979 -0.480827 0.858427 -0.178632 -0.350729 0.9296 -0.113281 -0.528832 0.843504 -0.0940025 -0.420363 0.907256 0.0134368 -0.561625 0.827388 -0.00260083 -0.390877 0.918929 -0.0527633 -0.57826 0.810541 0.0929438 -0.438383 0.8949 0.0835133 -0.885716 0.464198 0.00530192 -0.919451 0.348753 -0.181605 -0.444444 0.882197 0.155555 -0.57826 0.793448 0.189883 -0.885716 0.438016 0.153783 -0.946686 0.321172 -0.0251867 -0.437692 0.868796 0.23156 -0.802512 0.571849 0.17019 -0.779425 0.548468 0.302787 -0.733915 0.526101 0.429634 -0.860235 0.412212 0.300127 -0.810008 0.387526 0.440126 -0.478925 0.471263 0.740636 -0.3626 0.458826 0.811172 -0.52858 0.327003 0.783372 -0.418988 0.732263 0.53688 -0.480827 0.745562 0.461458 -0.340464 0.832589 0.436898 -0.16994 0.705635 0.687895 -0.077177 0.806193 0.586598 -0.0737149 0.702034 0.708318 -0.152009 0.809675 0.566851 -0.261276 0.712008 0.651751 0.422284 0.464616 0.778337 0.331439 0.307879 0.891829 0.300303 0.453936 0.838904 0.169684 0.44699 0.878298 0.187277 0.300213 0.935307 0.62664 0.495847 0.601213 0.703137 0.515501 0.489752 0.69161 0.354136 0.629495 0.222222 0.81536 0.534608 0.216388 0.708484 0.671734 0.691596 0.681067 0.240506 0.793828 0.560073 0.236971 0.838141 0.399684 0.371177 0.759406 0.537117 0.367162 0.350729 0.9296 -0.113281 0.876132 0.42502 0.227488 0.805413 0.583709 0.102924 0.888918 0.451107 0.0795423 0.950109 0.30718 0.0541642 0.973245 0.126564 0.191771 0.936442 0.279298 0.212294 0.986361 -0.0285814 0.162094 0.987448 0.155543 0.0274264 0.572003 0.784963 0.238003 0.5472 0.768421 0.331814 0.506655 0.752846 0.420148 0.417641 0.855801 0.305255 0.437692 0.868796 0.23156 0.3849 0.843609 0.374401 0.451534 0.738684 0.500463 0.776038 0.375827 0.506477 0.340464 0.832589 0.436898 0.466066 0.319666 0.824982 0.532116 0.478721 0.69834 0.587286 0.335234 0.736691 0.077177 0.806193 0.586598 0.122268 0.703479 0.70012 0.0246308 0.701308 0.712433 0.152009 0.809675 0.566851 0.0377268 0.296887 0.954167 0.0341827 0.443977 0.895386 -1.94273e-08 0.80502 0.593247 -0.260296 0.303514 0.916584 -0.235843 0.449981 0.861333 -0.102302 0.444984 0.889676 -0.112909 0.297998 0.947865 -0.345096 0.72097 0.600925 -0.222222 0.81536 0.534608 -0.400194 0.313276 0.861222 -0.64176 0.3443 0.685275 -0.3849 0.843609 0.374401 -0.285683 0.823076 0.490847 0.759406 0.630302 -0.161315 0.793828 0.607346 -0.0311239 0.895836 0.252217 0.365875 0.661607 0.661067 0.353931 0.931043 0.0984196 0.351387 0.945817 -0.0563833 0.319767 0.829458 0.226718 0.510488 0.612585 0.642235 0.460733 0.862056 0.0719182 0.501684 0.879474 -0.0826472 0.468717 0.739219 0.203534 0.641973 0.545939 0.625112 0.55784 0.76827 0.0478226 0.638337 0.789141 -0.106657 0.604881 0.627713 0.183331 0.756549 0.463588 0.610192 0.642458 0.652382 0.0268258 0.757415 0.677282 -0.127757 0.724547 0.498149 0.166691 0.850918 0.367901 0.597902 0.712153 0.517726 0.00953207 0.855493 0.546948 -0.145372 0.824448 0.354254 0.154093 0.922366 0.261629 0.588598 0.76492 0.368177 -0.00356125 0.929749 0.401695 -0.159022 0.901861 0.147831 0.582546 0.799241 0.208035 -0.0120775 0.978047 0.200168 0.145899 0.968838 0.245485 -0.168334 0.954673 0.0297805 0.579921 0.814128 0.0419085 -0.0157715 0.998997 0.0403238 0.142344 0.988995 0.0825794 -0.173055 0.981444 -0.089127 0.580799 0.809153 -0.125423 -0.0145372 0.991997 -0.120681 0.143532 0.98226 -0.0825793 -0.173055 0.981444 -0.205471 0.585153 0.78446 -0.289147 -0.00840999 0.957248 -0.278213 0.149428 0.948825 -0.245486 -0.168334 0.954673 -0.315903 0.592858 0.740759 -0.444553 0.00243383 0.895749 -0.427742 0.159861 0.889652 -0.401695 -0.159022 0.901861 -0.417248 0.603694 0.679307 -0.58717 0.0176823 0.809271 -0.564966 0.174533 0.806444 -0.546948 -0.145372 0.824448 -0.506589 0.617348 0.601871 -0.712894 0.0368968 0.7003 -0.685937 0.193021 0.701594 -0.677282 -0.127757 0.724547 -0.581356 0.633427 0.51068 -0.789141 -0.106657 0.604881 -0.818111 0.0595245 0.571972 -0.787174 0.214793 0.578118 -0.639399 0.65147 0.408357 -0.879474 -0.0826472 0.468717 -0.899791 0.0849144 0.427979 -0.865766 0.239223 0.43957 -0.679048 0.670956 0.297846 -0.945817 -0.0563833 0.319766 -0.955586 0.112336 0.272462 -0.919451 0.265608 0.289934 -0.699162 0.691325 0.182325 -0.986361 -0.0285814 0.162094 -0.983891 0.141001 0.109896 -0.946686 0.293189 0.133515 -0.802511 0.59557 0.0356575 -0.699162 0.711992 0.065118 -1 1.45969e-07 1.79063e-07 -0.983891 0.170084 -0.0550426 -0.679048 0.732362 -0.0504028 -0.779425 0.618951 -0.0969394 -0.986361 0.0285817 -0.162094 -0.955586 0.198749 -0.217609 -0.639399 0.751848 -0.160914 -0.733915 0.641317 -0.223787 -0.945817 0.0563837 -0.319767 -0.899791 0.226171 -0.373126 -0.581356 0.76989 -0.263238 -0.667292 0.662027 -0.341235 -0.879474 0.0826476 -0.468717 -0.818111 0.251561 -0.517119 -0.506589 0.785969 -0.354429 -0.581473 0.680483 -0.445906 -0.78914 0.106657 -0.604881 -0.712894 0.274188 -0.645448 -0.417248 0.799623 -0.431864 -0.478925 0.696155 -0.534788 -0.677281 0.127757 -0.724547 -0.58717 0.293403 -0.754418 -0.315903 0.810459 -0.493317 -0.3626 0.708593 -0.605324 -0.546948 0.145373 -0.824448 -0.444553 0.308651 -0.840897 -0.205471 0.818165 -0.537018 -0.235843 0.717437 -0.655486 -0.401695 0.159023 -0.901861 -0.289147 0.319495 -0.902395 -0.089127 0.822519 -0.561711 -0.102302 0.722435 -0.683829 -0.245485 0.168335 -0.954673 -0.125423 0.325622 -0.937144 0.0297804 0.823396 -0.566685 0.0341826 0.723442 -0.689539 -0.0825794 0.173055 -0.981444 0.0419083 0.326857 -0.944144 0.147831 0.820771 -0.551798 0.169684 0.720429 -0.672451 0.0825794 0.173055 -0.981444 0.208035 0.323163 -0.923194 0.26163 0.814719 -0.517477 0.245486 0.168335 -0.954673 0.368176 0.314646 -0.874896 0.367901 0.805415 -0.46471 0.401695 0.159023 -0.901861 0.517726 0.301553 -0.80064 0.627713 0.43103 -0.648221 0.463588 0.793126 -0.395015 0.546948 0.145373 -0.824448 0.652382 0.284259 -0.702562 0.776038 0.526387 -0.347392 0.895836 0.362143 -0.257546 0.838141 0.50253 -0.212093 0.54594 0.778206 -0.310397 0.677282 0.127757 -0.724547 0.390877 0.918929 -0.0527633 0.703137 0.651918 -0.283905 0.612585 0.761083 -0.21329 0.78914 0.106657 -0.604882 0.420363 0.907256 0.0134367 0.879474 0.0826476 -0.468717 0.876132 0.477194 -0.0684033 0.936442 0.335063 -0.103966 -0.285683 0.823076 0.490847 -0.244712 0.893611 0.376264 -0.204794 0.886968 0.413941 -0.43589 0.886327 0.156283 -0.438383 0.8949 0.0835133 -0.429389 0.899351 0.0824229 -0.104983 0.957865 0.267347 -0.0985934 0.933826 0.343872 -0.151757 0.941281 0.301597 -0.1086 0.877637 0.466862 -0.158984 0.881591 0.444433 -0.152009 0.809675 0.566851 -0.0437113 0.961596 0.270964 -0.0673481 0.931374 0.357781 -0.0341655 0.929873 0.36629 -0.0550927 0.875217 0.480583 5.6998e-08 0.874403 0.4852 7.77091e-08 0.80502 0.593247 -0.27759 0.901331 0.332485 -0.218738 0.94316 0.250206 -0.164952 0.954652 0.247852 -0.302483 0.909904 0.283863 -0.273402 0.930533 0.243637 -0.437692 0.868795 0.23156 -0.444444 0.882197 0.155555 -0.417641 0.855801 0.305255 -0.326515 0.914329 0.239562 -0.3849 0.843609 0.374401 -0.429389 0.873303 0.230144 -0.378379 0.894884 0.236668 0.291086 0.956496 0.0196297 0.231567 0.968905 0.087175 0.180612 0.979338 0.0909795 -0.311701 0.947587 0.070155 -0.381407 0.920626 0.0835257 -0.420363 0.907256 0.0134368 -0.182547 0.977911 -0.101821 -0.113206 0.993558 0.00511415 -0.225566 0.971879 -0.0676132 -0.162538 0.985348 0.0516768 -0.262096 0.964671 -0.0267376 -0.0171445 0.999452 -0.0283107 -0.0821425 0.985792 -0.146517 -0.0276459 0.987414 -0.155719 -0.0509404 0.998446 -0.0226039 -0.0676521 0.995167 0.071179 0.311701 0.947587 0.070155 0.182547 0.977911 -0.101821 0.113206 0.993558 0.00511416 0.134276 0.982593 -0.128377 0.28305 0.954827 0.0904825 0.332652 0.939028 0.0870011 0.420363 0.907256 0.0134367 0.381407 0.920626 0.0835258 0.429389 0.899351 0.0824227 0.262096 0.964671 -0.0267376 0.162538 0.985348 0.0516768 0.438383 0.8949 0.0835134 0.0985934 0.933826 0.343872 0.158984 0.881591 0.444433 0.0673482 0.931374 0.357781 0.1086 0.877637 0.466862 0.244712 0.893611 0.376264 0.151757 0.941281 0.301597 0.277591 0.901331 0.332485 0.218741 0.94316 0.250204 0.273404 0.930533 0.243636 0.302483 0.909904 0.283863 0.104986 0.957864 0.267346 0.0437125 0.961596 0.270965 0.077177 0.806193 0.586598 0.164956 0.954652 0.24785 5.17382e-11 0.929368 0.369153 1.3851e-10 0.96901 0.24702 0.0341655 0.929873 0.36629 0.0550927 0.875217 0.480583 0.326516 0.914329 0.239562 0.437692 0.868795 0.23156 0.417641 0.855801 0.305255 0.37838 0.894884 0.236668 0.444444 0.882197 0.155555 0.429389 0.873303 0.230144 0.43589 0.886327 0.156283 0.225566 0.971879 -0.0676131 0.350729 0.9296 -0.113281 0.0832708 0.996462 -0.0113544 0.178531 0.952874 -0.245272 0.0821425 0.985792 -0.146517 0.0276459 0.987414 -0.155719 0.0367019 0.95911 -0.280642 0.0552505 0.994393 0.0901693 0.0509404 0.998446 -0.0226039 0.0171445 0.999452 -0.0283107 -0.0175589 0.996229 0.0849696 -0.109105 0.957012 -0.268744 -0.134276 0.982593 -0.128377 -0.291086 0.956496 0.0196298 -0.231567 0.968905 0.0871762 -0.180612 0.979337 0.0909812 -0.332652 0.939028 0.0870011 -0.28305 0.954827 0.0904827 0.152009 0.809675 0.566851 0.222222 0.81536 0.534608 0.285683 0.823076 0.490847 0.204794 0.886968 0.413941 0.340464 0.832589 0.436898 0.3849 0.843609 0.374401 0.390877 0.918929 -0.0527634 0.120067 0.988595 0.0909014 0.301014 0.938978 -0.166466 0.243088 0.946807 -0.210866 0.109105 0.957012 -0.268744 -0.036702 0.95911 -0.280642 0.0150196 0.995082 0.0979117 -0.178531 0.952874 -0.245272 -0.243088 0.946807 -0.210866 -0.301014 0.938978 -0.166466 -0.350729 0.9296 -0.113281 -0.127782 0.988114 0.0854558 -0.390877 0.918929 -0.0527633 -0.340464 0.832589 0.436898 -0.222222 0.81536 0.534608 -0.0771771 0.806193 0.586598 -0.245485 0.168335 -0.954673 -0.401695 0.159022 -0.901861 -0.400926 0.159081 -0.902193 1 -2.62201e-08 1.48702e-07 0.986361 -0.0285816 0.162094 1 1.51808e-08 -8.60946e-08 -0.879474 0.0826474 -0.468716 -0.945817 0.0563834 -0.319766 -0.945798 0.0563933 -0.319822 -0.546416 0.145433 -0.82479 -0.546948 0.145372 -0.824448 -0.789058 0.106675 -0.604986 -0.677282 0.127757 -0.724547 -0.789141 0.106657 -0.604881 -0.677215 0.127768 -0.724607 -0.879555 0.0826213 -0.468569 -0.986395 0.0285468 -0.161897 -0.986361 0.0285815 -0.162094 -1 5.24403e-08 -2.97404e-07 -1 5.24403e-08 -2.97404e-07 -0.0825794 0.173055 -0.981444 -0.24399 0.1684 -0.955045 -0.0808277 0.17308 -0.981586 0.0825794 0.173055 -0.981444 0.0848165 0.173022 -0.981259 0.245486 0.168335 -0.954673 0.247542 0.168244 -0.954158 0.40361 0.158876 -0.901031 0.401695 0.159022 -0.901861 0.548248 0.145225 -0.823611 0.546948 0.145372 -0.824448 0.677282 0.127757 -0.724547 0.678106 0.127625 -0.723798 0.789436 0.106591 -0.604507 0.78914 0.106657 -0.604882 0.879522 0.082632 -0.468629 0.879474 0.0826474 -0.468717 0.945817 0.0563834 -0.319766 0.945749 0.0564181 -0.319963 0.98633 0.0286143 -0.16228 0.986361 0.0285816 -0.162094 0.945817 -0.0563835 0.319766 0.946016 -0.0562829 0.319196 0.677332 -0.127749 0.724501 0.546948 -0.145372 0.824448 0.677282 -0.127757 0.724547 0.789385 -0.106602 0.604572 0.879474 -0.0826474 0.468717 0.879579 -0.0826135 0.468525 0.245485 -0.168335 0.954673 0.245838 -0.168319 0.954585 0.0825792 -0.173055 0.981444 0.401695 -0.159022 0.901861 0.547236 -0.14534 0.824263 0.401756 -0.159018 0.901834 -0.401695 -0.159022 0.901861 -0.245485 -0.168335 0.954673 -0.245543 -0.168332 0.954659 -0.0822738 -0.173059 0.981469 -0.0825794 -0.173055 0.981444 0.0826316 -0.173054 0.98144 -0.677284 -0.127757 0.724544 -0.789141 -0.106657 0.604881 -0.677282 -0.127757 0.724547 -0.401549 -0.159034 0.901924 -0.547134 -0.145351 0.824328 -0.546948 -0.145372 0.824448 -0.879474 -0.0826474 0.468717 -0.78936 -0.106608 0.604603 -0.879515 -0.0826342 0.468642 -0.945817 -0.0563835 0.319767 -0.945927 -0.0563279 0.319451 -0.986361 -0.0285816 0.162094 -0.986351 -0.0285926 0.162157 0.78914 -0.106657 0.604882 0.98643 -0.0285101 0.161689 0 1 0 0 1 0 0 1 0 0 1 0 0 1 0 0 1 0 0 1 0 0 1 0 0 1 0 0 1 0 0 1 0 0 1 0 0 1 0 0 1 0 0 1 0 0 1 0 0 1 0 0 1 0 0 1 0 0 1 0 0 1 0 0 1 0 0 1 0 0 1 0 0 1 0 0 1 0 0 1 0 0 1 0 0 1 0 0 1 0 0 1 0 0 1 0 0 1 0 0 1 0 0 1 0 0 1 0 0 1 0 -0.0848059 0 0.996397 0.0848059 0 0.996397 0.0848059 0 0.996397 0.251978 0 0.967733 0.251978 0 0.967733 0.411901 0 0.911228 0.411901 0 0.911228 0.559975 0 0.82851 0.559975 0 0.82851 0.691939 0 0.721956 0.691939 0 0.721956 0.803997 0 0.594633 0.803997 0 0.594633 0.892926 0 0.450204 0.892926 0 0.450204 0.956167 0 0.292823 0.956167 0 0.292823 0.9919 0 0.127018 0.9919 0 0.127018 0.999099 0 -0.042441 0.999099 0 -0.0424415 0.977555 0 -0.210679 0.977555 0 -0.210679 0.927889 0 -0.372856 0.927889 0 -0.372857 0.851529 0 -0.524307 0.851529 0 -0.524307 0.750672 0 -0.660675 0.750672 0 -0.660675 0.62822 0 -0.778036 0.62822 0 -0.778036 0.487695 0 -0.873014 0.487695 0 -0.873014 0.33314 0 -0.942877 0.33314 0 -0.942877 0.169001 0 -0.985616 0.169001 0 -0.985616 -1.74846e-07 0 -1 3.01992e-07 0 -1 -0.0848059 0 0.996397 -0.251978 0 0.967733 -0.251978 0 0.967733 -0.411901 0 0.911229 -0.411901 0 0.911228 -0.559975 0 0.82851 -0.559975 0 0.82851 -0.691939 0 0.721956 -0.691939 0 0.721956 -0.803997 0 0.594633 -0.803997 0 0.594633 -0.892926 0 0.450204 -0.892926 0 0.450204 -0.956167 0 0.292823 -0.956167 0 0.292823 -0.9919 0 0.127018 -0.9919 0 0.127018 -0.999099 0 -0.0424412 -0.999099 0 -0.0424412 -0.977555 0 -0.210679 -0.977555 0 -0.210679 -0.927889 0 -0.372856 -0.927889 0 -0.372857 -0.851529 0 -0.524307 -0.851529 0 -0.524307 -0.750672 0 -0.660675 -0.750672 0 -0.660675 -0.62822 0 -0.778036 -0.62822 0 -0.778036 -0.487695 0 -0.873014 -0.487695 0 -0.873014 -0.33314 0 -0.942877 -0.33314 0 -0.942877 -0.169001 0 -0.985616 -0.169001 0 -0.985616 0 -1 0 0 -1 0 0 -1 0 0 -1 0 0 -1 0 0 -1 0 0 -1 0 0 -1 0 0 -1 0 0 -1 0 0 -1 0 0 -1 0 0 -1 0 0 -1 0 0 -1 0 0 -1 0 0 -1 0 0 -1 0 0 -1 0 0 -1 0 0 -1 0 0 -1 0 0 -1 0 0 -1 0 0 -1 0 0 -1 0 0 -1 0 0 -1 0 0 -1 0 0 -1 0 0 -1 0 0 -1 0 0 -1 0 0 -1 0 0 -1 0 0 -1 0 0 -1 0 0 -1 0 -0.996584 0 -0.0825794 -0.996584 0 0.0825794 -0.996584 0 -0.0825794 0.164595 0 0.986361 8.74228e-08 0 1 8.74228e-08 0 1 -0.9694 0 -0.245485 -0.9694 0 -0.245485 -0.915773 0 -0.401695 -0.915773 0 -0.401695 -0.837166 0 -0.546948 -0.837166 0 -0.546948 -0.735724 0 -0.677282 -0.735724 0 -0.677282 -0.614213 0 -0.789141 -0.614213 0 -0.789141 -0.475947 0 -0.879474 -0.475947 0 -0.879474 -0.324699 0 -0.945817 -0.324699 0 -0.945817 -0.164595 0 -0.986361 -0.164595 0 -0.986361 1.37148e-11 0 -1 -9.91271e-17 0 -1 -0.996584 0 0.0825792 -0.9694 0 0.245485 -0.9694 0 0.245485 -0.915773 0 0.401695 -0.915773 0 0.401695 -0.837166 0 0.546948 -0.837166 0 0.546948 -0.735724 0 0.677282 -0.735724 0 0.677282 -0.614213 0 0.78914 -0.614213 0 0.789141 -0.475947 0 0.879474 -0.475947 0 0.879474 -0.3247 0 0.945817 -0.324699 0 0.945817 -0.164595 0 0.986361 -0.164595 0 0.986361 0.614213 0 0.78914 0.475947 0 0.879474 0.475947 0 0.879474 0.324699 0 0.945817 0.164595 0 0.986361 0.324699 0 0.945817 0.837167 0 0.546948 0.915773 0 0.401695 0.837167 0 0.546948 0.614213 0 0.78914 0.735724 0 0.677282 0.735724 0 0.677282 0.996584 0 0.0825794 0.996584 0 0.0825794 0.996584 0 -0.0825794 0.9694 0 0.245486 0.915773 0 0.401695 0.9694 0 0.245486 0.837166 0 -0.546948 0.915773 0 -0.401695 0.915773 0 -0.401695 0.9694 0 -0.245485 0.9694 0 -0.245486 0.996584 0 -0.0825794 0.614213 0 -0.789141 0.614213 0 -0.78914 0.735724 0 -0.677282 0.837166 0 -0.546948 0.735724 0 -0.677282 0.475948 0 -0.879474 0.475947 0 -0.879474 0.324699 0 -0.945817 0.3247 0 -0.945817 0.164595 0 -0.986361 0.164595 0 -0.986361 -0.472707 0.325871 -0.818753 -0.439737 0.475947 -0.761647 -0.472909 0.3247 -0.819102 -0.5 -1.19251e-08 -0.866025 -0.493108 0.165467 -0.854088 -0.493181 0.164595 -0.854214 -0.33897 0.735117 -0.587114 -0.27414 0.836294 -0.474825 -0.338641 0.735724 -0.586543 -0.39455 0.614264 -0.683381 -0.39457 0.614213 -0.683416 -0.439526 0.476725 -0.761282 -0.0412897 0.996584 -0.0715159 -0.122743 0.9694 -0.212597 -0.041439 0.99656 -0.0717744 -0.200848 0.915773 -0.347878 -0.273474 0.837166 -0.473671 -0.201667 0.915053 -0.349298 0.200848 0.915773 0.347878 0.123646 0.968941 0.214161 0.201937 0.914814 0.349766 0.0412897 0.996584 0.0715158 0.0418114 0.996497 0.0724195 0.122743 0.9694 0.212597 0.338641 0.735724 0.586543 0.33913 0.734823 0.58739 0.39457 0.614213 0.683416 0.274332 0.836042 0.475158 0.273474 0.837166 0.473671 0.394667 0.613963 0.683584 0.439639 0.476307 0.761478 0.472785 0.325421 0.818887 0.439737 0.475947 0.761647 0.493161 0.164829 0.85418 0.472909 0.3247 0.819102 0.493181 0.164595 0.854214 0.5 4.37116e-08 0.866025 0.5 4.37116e-08 0.866025 -0.123315 0.96911 -0.213589 -0.5 -1.19251e-08 -0.866025 -0.5 -0 -0.866025 -0.5 -0 -0.866025 -0.5 -0 -0.866025 -0.5 -0 -0.866025 0.5 0 0.866025 0.5 0 0.866025 0.5 0 0.866025 0.5 0 0.866025 -0.866025 0 0.5 -0.866025 0 0.5 -0.866025 0 0.5 -0.866025 0 0.5 -0.866025 0 0.5 -0.866025 0 0.5 -0.866025 0 0.5 -0.866025 0 0.5 -0.866025 0 0.5 -0.866025 0 0.5 -0.866025 0 0.5 -0.866025 0 0.5 -0.866025 0 0.5 -0.866025 0 0.5 -0.866025 0 0.5 -0.866025 0 0.5 -0.866025 0 0.5 -0.866025 0 0.5 -0.866025 0 0.5 -0.866025 0 0.5 -0.866025 0 0.5 -0.866025 0 0.5 0 0.999574 0.0291717 0 0.99962 0.0275573 0 0.981239 0.192795 0 0.990532 -0.137279 0 0.990371 -0.138442 0 0.953746 -0.300615 0 0.953966 -0.299916 0 0.890891 -0.454218 0 0.890758 -0.454478 0 0.80306 -0.595899 0 0.803148 -0.595779 0 0.692914 -0.721021 0 0.693338 -0.720612 0 0.563513 -0.826107 0 0.564364 -0.825526 0 0.41979 -0.907622 0 0.418454 -0.908238 0 0.980841 0.194812 0 0.934852 0.355039 0 0.935735 0.352704 0 0.864366 0.502863 0 0.862885 0.5054 0 0.769105 0.639123 0 0.766941 0.641718 0 0.649686 0.760203 0 0.652584 0.757716 0 0.518025 0.855365 0 0.514377 0.857564 0 0.369148 0.929371 0 0.364775 0.931096 0 0.210066 0.977687 0 0.205036 0.978754 1 0 -5.55112e-17 1 0 -5.55112e-17 1 0 -5.55112e-17 1 0 -5.55112e-17 1 0 -5.55112e-17 1 0 -5.55112e-17 1 0 -5.55112e-17 1 0 -5.55112e-17 1 0 -5.55112e-17 1 0 -5.55112e-17 1 0 -5.55112e-17 1 0 -5.55112e-17 1 0 -5.55112e-17 1 0 -5.55112e-17 1 0 -5.55112e-17 1 0 -5.55112e-17 -0 -1 -0 -0 -1 -0 -0 -1 -0 -0 -1 -0 -0 -1 -0 -0 -1 -0 -0 -1 -0 -0 -1 -0 -0 -1 -0 -0 -1 -0 -0 -1 -0 -0 -1 -0 -0 -1 -0 -0 -1 -0 -0 -1 -0 -0 -1 -0 -0 -1 -0 -0 -1 -0 -0 -1 -0 -0 -1 -0 -0 -1 -0 -0 -1 -0 -0 -1 -0 -0 -1 -0 -0 -1 -0 -0 -1 -0 -0 -1 -0 -0 -1 -0 -0 -1 -0 -0 -1 -0 -0 -1 -0 -0 -1 -0 -0 -1 -0 -0 -1 -0 -0 -1 -0 -0 -1 -0 -0 -1 -0 -0 -1 -0 -0 -1 -0 -0 -1 -0 -0 -1 -0 -0 -1 -0 -0 -1 -0 -0 -1 -0 -0 -1 -0 -0 -1 -0 -0 -1 -0 -0 -1 -0 -0 -1 -0 -0 -1 -0 -0 -1 -0 -0 -1 -0 -0 -1 -0 -0 -1 -0 -0 -1 -0 -0 -1 -0 -0 -1 -0 -0 -1 -0 -0 -1 -0 -0 -1 -0 -0 -1 -0 -0 -1 -0 -0 -1 -0 -0 -1 -0 -0 -1 -0 -0 -1 -0 -0 -1 -0 -0 -1 -0 -0 -1 -0 -0 -1 -0 -0 -1 -0 -0 -1 -0 -0 -1 -0 -0 -1 -0 -0 -1 -0 -0.797077 0 0.603878 -0.796423 0 0.604739 -0.796151 0 0.605098 -0.922703 0 0.385511 -0.914964 0 0.403536 -0.913489 0 0.406863 -0.798085 0 0.602544 -0.801018 0 0.59864 -0.799414 0 0.600781 -0.802845 0 0.596188 -0.795214 0 0.606329 -0.80484 0 0.593492 -0.806949 0 0.590621 -0.866025 0 0.5 -0.809098 0 0.587674 -0.866025 0 0.5 -0.916386 0 0.400296 -0.91773 0 0.397206 -0.922106 0 0.386938 -0.918939 0 0.394399 -0.921509 0 0.388357 -0.921929 0 0.387358 -0.920856 0 0.389902 -0.919993 0 0.391936 1 -8.74228e-08 0 0.993713 0.111957 0 0.998427 -0.0560648 0 0.986361 0.164595 0 0.960923 0.276817 0 0.900981 0.433858 0 0.945817 0.324699 0 0.879474 0.475947 0 0.815581 0.578643 0 0.78914 0.614213 0 0.707133 0.707081 0 0.5787 0.815541 0 0.677282 0.735724 0 0.546948 0.837166 0 0.43391 0.900956 0 0.401695 0.915773 0 0.276854 0.960912 0 0.111972 0.993711 0 0.245485 0.9694 0 0.0825792 0.996584 0 -0.0560754 0.998427 0 -0.0825794 0.996584 0 -0.222537 0.974924 0 -0.245485 0.9694 0 -0.401695 0.915773 0 -0.382709 0.923869 0 -0.546948 0.837166 0 -0.532062 0.846706 0 -0.666375 0.745617 0 -0.677282 0.735724 0 -0.789141 0.614213 0 -0.781855 0.623461 0 -0.879474 0.475947 0 -0.875239 0.483691 0 -0.943891 0.330257 0 -0.945817 0.324699 0 -0.986361 0.164595 0 -0.985873 0.167494 0 -1 -1.37149e-11 -0 -1 -9.2861e-14 -0 0.986361 -0.164595 0 0.974932 -0.222504 0 0.945817 -0.324699 0 0.92389 -0.382657 0 0.879474 -0.475947 0 0.78914 -0.614213 0 0.846743 -0.532002 0 0.745668 -0.666317 0 0.677282 -0.735724 0 0.62352 -0.781807 0 0.546948 -0.837167 0 0.401695 -0.915773 0 0.483749 -0.875207 0 0.330303 -0.943875 0 0.245486 -0.9694 0 0.16752 -0.985869 0 0.0825794 -0.996584 0 -0.0825794 -0.996584 -0 1.89542e-06 -1 0 -0.173659 -0.984806 -0 -0.245485 -0.9694 -0 -0.342042 -0.939685 -0 -0.401695 -0.915773 -0 -0.546948 -0.837166 -0 -0.500027 -0.86601 -0 -0.642815 -0.766021 -0 -0.677282 -0.735724 -0 -0.766068 -0.64276 -0 -0.789141 -0.614213 -0 -0.879474 -0.475947 -0 -0.866042 -0.499972 -0 -0.939701 -0.341998 -0 -0.945817 -0.324699 -0 -0.98481 -0.173636 -0 -0.986361 -0.164595 -0 0 0 1 0 0 1 0 0 1 0 0 1 0 0 1 0 0 1 0 0 1 0 0 1 0 0 1 0 0 1 0 0 1 0 0 1 0 0 1 0 0 1 0 0 1 0 0 1 0 0 1 0 0 1 0 0 1 0 0 1 0 0 1 0 0 1 0 0 1 0 0 1 0 0 1 0 0 1 0 0 1 0 0 1 0 0 1 0 0 1 0 0 1 0 0 1 0 0 1 0 0 1 0 0 1 0 0 1 0 0 1 0 0 1 0 0 1 0 0 1 0 0 1 0 0 1 0 0 1 0 0 1 0 0 1 0 0 1 0 0 1 0 0 1 0 0 1 0 0 1 0 0 1 0 0 1 0 0 1 0 0 1 0 0 1 0 0 1 0 0 1 0 0 1 0 0 1 0 0 1 0 0 1 0 0 1 0 0 1 0 0 1 0 0 1 0 0 1 0 0 1 0 0 1 0 0 1 0 0 1 0 0 1 0 0 1 0 0 1 0 0 1 0 0 1 0 0 1 1 -8.74228e-08 0 0.993713 -0.111957 0 0.986361 -0.164595 0 0.945817 -0.324699 0 0.960923 -0.276817 0 0.900981 -0.433858 0 0.879474 -0.475947 0 0.815581 -0.578643 0 0.78914 -0.614213 0 0.707133 -0.707081 0 0.578699 -0.815541 0 0.677282 -0.735724 0 0.245486 -0.9694 0 0.276854 -0.960912 0 0.111972 -0.993711 0 0.546948 -0.837167 0 0.43391 -0.900956 0 -0.985873 -0.167494 -0 -1 1.74846e-07 0 -0.986361 -0.164595 -0 -0.0825794 -0.996584 -0 -0.0560752 -0.998427 -0 -0.222537 -0.974924 -0 -0.879474 -0.475947 -0 -0.943891 -0.330257 -0 -0.945817 -0.324699 -0 -0.401695 -0.915773 -0 -0.245485 -0.9694 -0 -0.382709 -0.923869 -0 -0.789141 -0.614213 -0 -0.781855 -0.623461 -0 -0.875239 -0.483691 -0 -0.666375 -0.745617 -0 -0.546948 -0.837166 -0 -0.532061 -0.846706 -0 -0.677282 -0.735724 -0 -1 -3.01992e-07 -0 0.0825794 -0.996584 0 0.401695 -0.915773 0 0.998427 0.0560649 0 0.986361 0.164595 0 0.974932 0.222504 0 0.945817 0.324699 0 0.92389 0.382657 0 0.846743 0.532002 0 0.879474 0.475947 0 0.78914 0.614213 0 0.745668 0.666317 0 0.677282 0.735724 0 0.62352 0.781807 0 0.483748 0.875207 0 0.546948 0.837166 0 0.401695 0.915773 0 0.330303 0.943875 0 0.245485 0.9694 0 0.167521 0.985869 0 0.0825792 0.996584 0 -0.0825794 0.996584 0 2.07027e-06 1 0 -0.245485 0.9694 0 -0.173659 0.984806 0 -0.342042 0.939685 0 -0.401695 0.915773 0 -0.546948 0.837166 0 -0.500027 0.86601 0 -0.677282 0.735724 0 -0.642815 0.766021 0 -0.766068 0.64276 0 -0.789141 0.614213 0 -0.879474 0.475947 0 -0.866041 0.499972 0 -0.945817 0.324699 0 -0.939701 0.341998 0 -0.98481 0.173636 0 -0.986361 0.164595 0 0 1 0 0 1 0 0 1 0 0 1 0 0 1 0 0 1 0 0 1 0 0 1 0 0 1 0 0 1 0 0 1 0 0 1 0 0 1 0 0 1 0 0 1 0 0 1 0 0 1 0 0 1 0 0 1 0 0 1 0 0 1 0 0 1 0 0 1 0 0 1 0 0 1 0 0 1 0 0 1 0 0 1 0 0 1 0 0 1 0 0 1 0 0 1 0 0 1 0 0 1 0 0 1 0 0 1 0 0 1 0 0 1 0 0 1 0 0 1 0 0 1 0 0 1 0 0 1 0 0 1 0 0 1 0 0 1 0 0 1 0 0 1 0 0 1 0 0 1 0 0 1 0 0 1 0 0 1 0 0 1 0 0 1 0 0 1 0 0 1 0 0 1 0 0 1 0 0 1 0 0 1 0 0 1 0 0 1 0 0 1 0 0 1 0 0 1 0 0 1 0 0 1 0 0 1 0 0 1 0 0 1 0 0 1 0 0 1 0 0 1 0 0 1 0 0 1 0 0 1 0 0 1 0 0 1 0 0 1 0 0 1 0 0 1 0 0 1 0 0 1 0 0 1 0 0 1 0 0 1 0 0 1 0 0 1 0 0 1 0 0 1 0 0 1 0 1 0 -5.55112e-17 1 0 -5.55112e-17 1 0 -5.55112e-17 1 0 -5.55112e-17 1 0 -5.55112e-17 1 0 -5.55112e-17 1 0 -5.55112e-17 1 0 -5.55112e-17 1 0 -5.55112e-17 1 0 -5.55112e-17 1 0 -5.55112e-17 1 0 -5.55112e-17 1 0 -5.55112e-17 1 0 -5.55112e-17 1 0 -5.55112e-17 1 0 -5.55112e-17 1 0 -5.55112e-17 1 0 -5.55112e-17 1 0 -5.55112e-17 1 0 -5.55112e-17 1 0 -5.55112e-17 1 0 -5.55112e-17 1 0 -5.55112e-17 1 0 -5.55112e-17 1 0 -5.55112e-17 1 0 -5.55112e-17 1 0 -5.55112e-17 1 0 -5.55112e-17 1 0 -5.55112e-17 1 0 -5.55112e-17 1 0 -5.55112e-17 1 0 -5.55112e-17 1 0 -5.55112e-17 1 0 -5.55112e-17 1 0 -5.55112e-17 1 0 -5.55112e-17 1 0 -5.55112e-17 1 0 -5.55112e-17 1 0 -5.55112e-17 1 0 -5.55112e-17 1 0 -5.55112e-17 1 0 -5.55112e-17 1 0 -5.55112e-17 1 0 -5.55112e-17 1 0 -5.55112e-17 1 0 -5.55112e-17 1 0 -5.55112e-17 1 0 -5.55112e-17 1 0 -5.55112e-17 1 0 -5.55112e-17 1 0 -5.55112e-17 1 0 -5.55112e-17 1 0 -5.55112e-17 1 0 -5.55112e-17 1 0 -5.55112e-17 1 0 -5.55112e-17 1 0 -5.55112e-17 1 0 -5.55112e-17 1 0 -5.55112e-17 1 0 -5.55112e-17 1 0 -5.55112e-17 1 0 -5.55112e-17 1 0 -5.55112e-17 1 0 -5.55112e-17 1 0 -5.55112e-17 1 0 -5.55112e-17 1 0 -5.55112e-17 1 0 -5.55112e-17 1 0 -5.55112e-17 1 0 -5.55112e-17 1 0 -5.55112e-17 1 0 -5.55112e-17 1 0 -5.55112e-17 1 0 -5.55112e-17 1 0 -5.55112e-17 1 0 -5.55112e-17 1 0 -5.55112e-17 1 0 -5.55112e-17 1 0 -5.55112e-17 1 0 -5.55112e-17 1 0 -5.55112e-17 1 0 -5.55112e-17 1 0 -5.55112e-17 1 0 -5.55112e-17 1 0 -5.55112e-17 1 0 -5.55112e-17 1 0 -5.55112e-17 1 0 -5.55112e-17 1 0 -5.55112e-17 1 0 -5.55112e-17 1 0 -5.55112e-17 1 0 -5.55112e-17 1 0 -5.55112e-17 1 0 -5.55112e-17 1 0 -5.55112e-17 1 0 -5.55112e-17 1 0 -5.55112e-17 1 0 -5.55112e-17 1 0 -5.55112e-17 1 0 -5.55112e-17 0.525481 0.416534 0.741869 0.484212 0.116834 0.867115 0.181675 0.190835 0.964664 0.746846 0.120313 0.654023 0.632937 0.6798 0.370489 0.358122 0.862557 0.357413 0.670586 0.685244 0.284174 0.207758 0.743102 0.63611 -0.00347202 0.923703 0.383095 0.337139 0.78371 0.521667 0.854477 0.235205 0.463192 0.924045 0.110028 0.366107 0.893917 0.413806 0.172272 0.832117 0.394982 0.389322 0.995533 0.0871558 0.0363085 -0.00305503 0.726707 0.686941 0.117997 0.645841 0.754298 -0.00284703 0.434889 0.900479 -0.00173764 0.0871558 0.996193 0.671613 0.684339 0.283931 0.671613 0.684339 0.283931 0.894052 0.413735 0.171737 0.995533 0.0871558 0.0363086 0.995533 0.0871558 0.0363086 0.894052 0.413735 0.171737 -0.00347198 0.923703 0.383095 0.358309 0.862356 0.357711 -0.00347198 0.923703 0.383095 0.358309 0.862356 0.357711 -0.00329845 0.727164 0.686456 -0.00347193 0.923703 0.383095 -0.00347193 0.923703 0.383095 -0.00173759 0.0871557 0.996193 -0.00173759 0.0871559 0.996193 -0.00269401 0.435618 0.900128 -0.00269401 0.435618 0.900128 -0.00329845 0.727164 0.686456 0.00118861 0.0871558 -0.996194 0.314075 0.110888 -0.9429 0.324004 0.237583 -0.915738 -0.00347203 0.923703 0.383095 -0.00299631 0.999838 0.0177651 0.151972 0.978099 0.142219 -0.00222235 0.936745 -0.350006 0.255812 0.917176 -0.305531 0.393912 0.918848 0.0235069 0.815927 0.123388 -0.564835 0.882953 0.250877 -0.396805 0.564762 0.409709 -0.716367 0.938786 0.339954 -0.0557936 0.733604 0.529662 -0.425774 0.595146 0.123388 -0.794089 0.954054 0.110888 -0.278363 0.995533 0.0871557 0.0363085 0.809028 0.582167 -0.0809627 0.894076 0.413791 0.171481 0.672148 0.683962 0.28357 0.517005 0.759784 -0.394251 0.347332 0.640714 -0.684723 0.620842 0.782103 -0.0535743 0.00024474 0.446197 -0.894935 0.358855 0.862125 0.35772 -0.00108638 0.743218 -0.669049 -0.307626 0.264536 0.913995 -0.00173755 0.0871557 0.996193 -0.372559 0.112145 0.921208 -0.995545 0.0871558 0.0359851 -0.894857 0.412406 0.170739 -0.898576 0.247247 0.362533 -0.678312 0.427335 0.597727 -0.689798 0.120807 0.713852 -0.365619 0.549192 0.751472 -0.6742 0.682314 0.282671 -0.320472 0.788658 0.524705 -0.36315 0.860755 0.356684 -0.00347193 0.923703 0.383095 -0.00345477 0.727455 0.686147 -0.00266369 0.436242 0.899826 -0.907902 0.112108 0.403912 -0.00135842 0.743262 -0.668999 -0.00135842 0.743262 -0.668999 -9.1275e-05 0.446276 -0.894895 0.00118858 0.0871555 -0.996194 0.00118858 0.087156 -0.996194 -9.1275e-05 0.446276 -0.894895 -0.00317523 0.999836 0.017808 -0.00317523 0.999836 0.017808 -0.00347193 0.923703 0.383095 -0.00243644 0.936762 -0.349958 -0.00243644 0.936762 -0.349958 -0.00347193 0.923703 0.383095 -0.363195 0.860652 0.356887 -0.00347202 0.923703 0.383095 -0.00347202 0.923703 0.383095 -0.995545 0.0871557 0.0359851 -0.89487 0.412326 0.170862 -0.89487 0.412326 0.170862 -0.674227 0.682219 0.282833 -0.674227 0.682219 0.282833 -0.363195 0.860652 0.356887 -0.995545 0.0871559 0.0359852 -0.277127 0.946006 0.168144 -0.548709 0.834545 0.0495175 -0.156911 0.98444 -0.0790944 -0.534919 0.394451 -0.747175 -0.379803 0.654269 -0.653974 -0.757966 0.42724 -0.492904 -0.00021638 0.446306 -0.89488 -0.263949 0.285933 -0.92118 -0.00161654 0.743308 -0.668947 -0.905133 0.380189 -0.190238 -0.995545 0.0871558 0.0359851 -0.953841 0.11097 -0.279059 -0.815266 0.123514 -0.565761 0.00118855 0.0871558 -0.996194 -0.00289708 0.936805 -0.349841 -0.00366566 0.999834 0.0178749 -0.363198 0.86062 0.356961 -0.00347193 0.923703 0.383095 -0.186611 0.848495 -0.49521 -0.312206 0.11097 -0.943511 -0.593894 0.123513 -0.795006 -0.612047 0.688409 -0.389219 -0.404768 0.880564 -0.246513 -0.674228 0.682199 0.28288 -0.765282 0.639419 -0.0740731 -0.894871 0.412313 0.170891 -0.766577 0.457174 -0.450946 -0.898391 0.432103 0.0786099 -0.822597 0.0871557 -0.561906 -0.330608 0.942424 -0.0503464 -0.373298 0.912813 0.165593 -0.59405 0.757398 -0.271023 -0.750218 0.655562 -0.0860925 -0.0173474 0.983751 0.178699 -0.681275 0.720182 0.131157 -0.996077 0.0871557 0.0153102 -0.898342 0.432306 0.0780611 -0.996077 0.0871559 0.0153102 -0.996077 0.0871556 0.0153101 -0.0173474 0.983751 0.178699 -0.374223 0.912441 0.165557 -0.374223 0.912441 0.165557 -0.68147 0.720124 0.13046 -0.68147 0.720124 0.13046 -0.898342 0.432306 0.0780611 -0.0173474 0.983751 0.178699 -0.59405 0.757398 -0.271023 -0.59405 0.757398 -0.271023 -0.3309 0.942342 -0.0499676 -0.0173474 0.983751 0.178699 -0.0173474 0.983751 0.178699 -0.3309 0.942342 -0.0499677 -0.822597 0.0871556 -0.561906 -0.766716 0.457088 -0.450796 -0.822597 0.0871556 -0.561906 -0.766716 0.457088 -0.450797 -0.0173474 0.983751 0.178698 -0.0165995 0.874722 0.48434 -0.187517 0.905903 0.379707 -0.0141033 0.673581 0.738979 -0.281607 0.633475 0.720699 -0.419192 0.786529 0.453486 -0.636984 0.625516 0.450534 -0.00507485 0.0871557 0.996182 -0.379608 0.112484 0.918284 -0.0101218 0.401509 0.915799 -0.817695 0.440013 0.371165 -0.535675 0.445643 0.717255 -0.942077 0.249779 0.223832 -0.914392 0.112396 0.388915 -0.996077 0.0871557 0.0153102 -0.898374 0.432193 0.0783118 -0.682075 0.719539 0.13053 -0.698324 0.121335 0.705423 -0.37473 0.912265 0.165379 -0.666202 0.330935 -0.668324 -0.822597 0.0871558 -0.561906 -0.599996 0.0972238 -0.794073 -0.293963 0.271507 -0.916444 0.00211533 0.0871557 -0.996192 -0.00362567 0.407636 -0.913137 -0.213562 0.666753 -0.714025 -0.00896914 0.683423 -0.729967 -0.0133293 0.884281 -0.466765 -0.554064 0.681803 -0.47766 -0.448731 0.504441 -0.737686 -0.206344 0.90418 -0.374007 -0.0173475 0.983751 0.178699 -0.329189 0.942952 -0.0497536 -0.0162278 0.988188 -0.152387 -0.594049 0.757398 -0.271023 -0.767258 0.456796 -0.450169 -0.315264 0.0972237 -0.944011 -0.010122 0.401509 0.915799 -0.00507487 0.0871557 0.996182 -0.00507487 0.0871557 0.996182 -0.0173475 0.983751 0.178699 -0.0165994 0.874722 0.48434 -0.0165994 0.874722 0.48434 -0.0141032 0.673581 0.738979 -0.0141032 0.673581 0.738979 -0.010122 0.401509 0.915799 -0.0173475 0.983751 0.178699 -0.0133292 0.884281 -0.466765 -0.0133292 0.884281 -0.466765 -0.0162279 0.988188 -0.152387 -0.0173475 0.983751 0.178699 -0.0173475 0.983751 0.178698 -0.0162279 0.988188 -0.152387 -0.00362562 0.407636 -0.913137 -0.00362562 0.407636 -0.913137 0.00211537 0.0871558 -0.996192 -0.0089691 0.683423 -0.729967 -0.0089691 0.683423 -0.729967 0.00211537 0.0871558 -0.996192 -0.200168 0.891318 0.406799 -0.0173475 0.983751 0.178699 -0.236046 0.894829 0.378897 -0.343185 0.913089 0.22021 -0.617096 0.711695 0.335682 -0.323107 0.907547 0.268254 -0.297769 0.902795 0.310313 -0.569279 0.706762 0.420011 -0.0173475 0.983751 0.178699 -0.0173475 0.983751 0.178699 -0.614047 0.416608 0.670362 -0.699567 0.418372 0.579284 -0.817923 0.102311 0.566158 -0.654493 0.717322 0.238933 -0.877731 0.424009 0.223171 -0.833212 0.422559 0.356652 -0.268553 0.89862 0.346932 -0.513308 0.702351 0.493172 -0.0173475 0.983751 0.178699 -0.0165422 0.878996 0.476543 -0.0682103 0.883197 0.464016 -0.0137444 0.673587 0.73898 -0.00507487 0.0871557 0.996182 -0.00952182 0.393359 0.919336 -0.151832 0.403307 0.90238 -0.0173475 0.983751 0.178699 -0.0173475 0.983751 0.178699 -0.117002 0.680999 0.722877 -0.160457 0.888103 0.430727 -0.0173475 0.983751 0.178699 -0.325084 0.104198 0.939927 -0.606817 0.104544 0.787937 -0.407123 0.412556 0.814892 -0.516663 0.414864 0.748964 -0.773013 0.420422 0.475075 -0.903847 0.4213 0.0746116 -0.996077 0.0871557 0.0153101 -0.681469 0.720361 0.129151 -0.116463 0.885324 0.450153 -0.0173475 0.983751 0.178699 -0.28525 0.40894 0.866834 -0.213292 0.685401 0.696227 -0.300861 0.689782 0.658546 -0.37956 0.694045 0.611748 -0.450119 0.698191 0.556706 -0.948282 0.100578 0.301073 -0.0173475 0.983751 0.178699 -0.0173475 0.983751 0.178699 -0.362416 0.917119 0.165972 0.00211528 0.0871557 -0.996192 0.384698 0.114379 -0.915929 0.138933 0.366692 -0.91991 0.590602 0.370107 -0.717085 0.351857 0.765501 -0.538707 0.281929 0.580008 -0.764269 0.894415 0.439921 0.0805684 0.657524 0.738323 -0.15014 0.895028 0.318329 -0.312396 0.99606 0.0871558 0.0163552 0.349868 0.92164 0.167845 0.668563 0.73158 0.133472 0.248337 0.968649 0.00692676 -0.0162278 0.988188 -0.152387 -0.0173474 0.983751 0.178699 -0.0133287 0.884281 -0.466765 0.340185 0.90054 -0.270744 -0.00896894 0.683423 -0.729967 0.670932 0.583195 -0.457967 0.708154 0.123665 -0.695144 0.92295 0.114387 -0.36753 -0.00362564 0.407636 -0.913137 -0.68147 0.720124 0.13046 -0.68147 0.720124 0.13046 -0.898342 0.432306 0.0780612 -0.996077 0.0871557 0.0153101 -0.996077 0.0871557 0.0153101 -0.898342 0.432306 0.0780612 -0.0173474 0.983751 0.178699 -0.374223 0.912441 0.165557 -0.0173474 0.983751 0.178699 -0.374223 0.912441 0.165557 0.668602 0.731584 0.13325 0.668602 0.731584 0.13325 0.349924 0.921661 0.167612 -0.0173475 0.983751 0.178699 -0.0173475 0.983751 0.178699 0.349924 0.921661 0.167612 0.99606 0.0871558 0.0163552 0.894435 0.439915 0.0803839 0.99606 0.0871558 0.0163552 0.894435 0.439915 0.0803839 -0.0173474 0.983751 0.178698 -0.0165995 0.874722 0.48434 -0.187517 0.905903 0.379707 -0.0141033 0.673581 0.738979 -0.281607 0.633475 0.720699 -0.419192 0.786529 0.453486 -0.636984 0.625516 0.450534 -0.00507485 0.0871557 0.996182 -0.379608 0.112484 0.918284 -0.0101218 0.401509 0.915799 -0.817695 0.440013 0.371165 -0.535675 0.445643 0.717255 -0.942077 0.249779 0.223832 -0.914392 0.112396 0.388915 -0.996077 0.0871557 0.0153102 -0.898374 0.432193 0.0783118 -0.682075 0.719539 0.13053 -0.698324 0.121335 0.705423 -0.37473 0.912265 0.165379 0.4506 0.872399 -0.18942 0.397956 0.880102 -0.258942 0.18903 0.981499 -0.0304388 0.594941 0.121456 -0.79454 0.44623 0.410762 -0.795081 0.567386 0.4124 -0.712741 0.889899 0.391215 -0.234588 0.945603 0.114535 -0.304495 0.836078 0.401747 -0.373595 0.0795081 0.991214 -0.105707 0.262166 0.890897 -0.370906 0.179477 0.893556 -0.411517 0.15946 0.401315 -0.901953 0.322856 0.108101 -0.940254 0.00211537 0.0871557 -0.996192 0.805444 0.126204 -0.579079 0.76316 0.408522 -0.500696 -0.00298632 0.390226 -0.920714 0.770075 0.637797 -0.0141186 0.668603 0.731728 0.132455 0.900452 0.428014 0.0773986 0.745695 0.651619 -0.139036 0.921998 0.377374 -0.0866469 0.257893 0.957689 0.127762 0.25022 0.964556 0.0837964 -0.0173475 0.983751 0.178699 0.537409 0.841141 0.0606152 0.521449 0.852829 -0.0278192 0.492145 0.863288 -0.111923 0.215305 0.976539 0.00385609 -0.0173475 0.983751 0.178699 -0.0173475 0.983751 0.178699 0.23588 0.970868 0.0421457 -0.0173475 0.983751 0.178699 0.120935 0.988959 -0.0856411 0.335024 0.886321 -0.319678 0.157489 0.985673 -0.0603776 0.0334766 0.992252 -0.119646 0.0872277 0.893918 -0.439661 0.673195 0.411856 -0.614152 -0.00854744 0.676212 -0.736657 -0.0133312 0.888832 -0.458038 0.132217 0.68489 -0.71655 -0.016327 0.990903 -0.133587 -0.0173475 0.983751 0.178699 0.309989 0.407191 -0.859129 0.26126 0.687161 -0.677904 -0.0173475 0.983751 0.178699 0.377058 0.68675 -0.621452 -0.0173475 0.983751 0.178699 0.479333 0.684114 -0.549753 -0.0173475 0.983751 0.178699 0.568065 0.679396 -0.464459 -0.0173475 0.983751 0.178699 -0.0173475 0.983751 0.178699 0.642861 0.672509 -0.366689 -0.0173475 0.983751 0.178699 0.702645 0.663275 -0.257597 0.99606 0.0871557 0.0163552 0.337113 0.926322 0.168176 -0.010122 0.401509 0.915799 -0.00507487 0.0871557 0.996182 -0.00507487 0.0871557 0.996182 -0.0173475 0.983751 0.178699 -0.0165994 0.874722 0.48434 -0.0165994 0.874722 0.48434 -0.0141032 0.673581 0.738979 -0.0141032 0.673581 0.738979 -0.010122 0.401509 0.915799 -0.0173475 0.983751 0.178699 -0.0162279 0.988188 -0.152387 -0.0173475 0.983751 0.178698 -0.0173475 0.983751 0.178698 -0.00362562 0.407636 -0.913137 -0.0089691 0.683423 -0.729967 -0.0089691 0.683423 -0.729967 -0.0133292 0.884281 -0.466765 -0.0133292 0.884281 -0.466765 -0.0162279 0.988188 -0.152387 0.00211537 0.0871556 -0.996192 0.00211537 0.0871559 -0.996192 -0.00362562 0.407636 -0.913137 0.339573 0.739169 0.581653 0.242808 0.907158 0.34367 0.656885 0.633428 0.408988 0.99606 0.0871558 0.0163552 0.913003 0.112845 0.392035 0.894459 0.439829 0.0805836 0.349972 0.921606 0.167814 0.668645 0.731505 0.133469 -0.0173475 0.983751 0.178698 0.669891 0.368263 0.644692 0.350818 0.509904 0.785445 0.694203 0.121869 0.709388 0.275083 0.249142 0.928578 0.3722 0.11276 0.921277 -0.00507484 0.0871558 0.996182 -0.0101216 0.40151 0.915799 -0.0141031 0.673581 0.738979 -0.0165991 0.874722 0.484341 0.00211528 0.0871557 -0.996192 0.384698 0.114379 -0.915929 0.138933 0.366692 -0.91991 0.590602 0.370107 -0.717085 0.351857 0.765501 -0.538707 0.281929 0.580008 -0.764269 0.894415 0.439921 0.0805684 0.657524 0.738323 -0.15014 0.895028 0.318329 -0.312396 0.99606 0.0871558 0.0163552 0.349868 0.92164 0.167845 0.668563 0.73158 0.133472 0.248337 0.968649 0.00692676 -0.0162278 0.988188 -0.152387 -0.0173474 0.983751 0.178699 -0.0133287 0.884281 -0.466765 0.340185 0.90054 -0.270744 -0.00896894 0.683423 -0.729967 0.670932 0.583195 -0.457967 0.708154 0.123665 -0.695144 0.92295 0.114387 -0.36753 -0.00362564 0.407636 -0.913137 0.894435 0.439915 0.0803839 0.99606 0.0871558 0.0163552 0.99606 0.0871558 0.0163552 -0.0173475 0.983751 0.178699 0.349924 0.921661 0.167612 0.349924 0.921661 0.167612 0.668602 0.731584 0.13325 0.668602 0.731584 0.13325 0.894435 0.439915 0.0803839 -0.0173475 0.983751 0.178699 0.668602 0.731584 0.13325 0.668602 0.731584 0.13325 0.349924 0.921661 0.167612 -0.0173475 0.983751 0.178699 -0.0173475 0.983751 0.178699 0.349924 0.921661 0.167612 0.99606 0.0871558 0.0163552 0.894435 0.439915 0.0803839 0.99606 0.0871558 0.0163552 0.894435 0.439915 0.0803839 0.873407 0.430548 0.227571 0.900451 0.428138 0.0767123 0.668602 0.731839 0.131843 0.0842693 0.887637 0.452768 0.129226 0.891445 0.434311 -0.0173475 0.983751 0.178699 0.186835 0.688541 0.700716 -0.0173475 0.983751 0.178699 -0.0166932 0.878993 0.476542 -0.0173475 0.983751 0.178699 0.0892718 0.682632 0.725289 0.0352835 0.884407 0.465381 0.169991 0.895636 0.411021 0.356945 0.699768 0.618801 0.206908 0.900089 0.383445 0.502984 0.419457 0.755687 0.391227 0.416326 0.82074 0.604651 0.107082 0.78926 0.690238 0.423891 0.58642 0.815964 0.103965 0.568678 0.765618 0.426247 0.481811 0.240383 0.904791 0.351525 -0.0173475 0.983751 0.178699 0.640618 0.728094 0.2439 0.337113 0.926356 0.167984 0.99606 0.0871557 0.0163552 0.317279 0.921656 0.223349 -0.0173475 0.983751 0.178699 0.270474 0.90984 0.3147 0.296581 0.915403 0.272173 -0.0173475 0.983751 0.178699 0.947264 0.101055 0.304103 0.602598 0.421753 0.677495 0.827513 0.428716 0.362526 -0.0103105 0.393346 0.919333 -0.0143104 0.673578 0.738978 0.276207 0.694281 0.664593 0.132474 0.404608 0.904844 -0.00507487 0.0871557 0.996182 -0.0173475 0.983751 0.178699 -0.0173475 0.983751 0.178699 0.601901 0.721584 0.3421 0.552484 0.715687 0.427264 0.494715 0.71026 0.500787 0.429565 0.70504 0.564263 0.32117 0.105895 0.941082 0.267358 0.411582 0.871275 -0.0173475 0.983751 0.178699 -0.0173475 0.983751 0.178699 0.938722 0.267952 0.216799 0.99606 0.0871557 0.0163551 0.912971 0.113221 0.392001 0.694147 0.122358 0.709358 0.809352 0.456345 0.369728 -0.00507484 0.0871558 0.996182 -0.010122 0.401509 0.915799 0.100799 0.406164 0.908224 -0.0141032 0.673581 0.738979 0.263269 0.637327 0.724226 0.39581 0.796033 0.457893 0.156935 0.910122 0.383471 0.349731 0.921689 0.167861 0.526397 0.454313 0.718683 -0.0173474 0.983751 0.178699 -0.0165993 0.874722 0.48434 0.66786 0.732226 0.133446 0.621523 0.639042 0.453138 0.37216 0.113242 0.921235 0.894291 0.440251 0.0801415 -0.0141032 0.673581 0.738979 -0.0141032 0.673581 0.738979 -0.0165994 0.874722 0.48434 -0.0173475 0.983751 0.178699 -0.0173475 0.983751 0.178699 -0.0165994 0.874722 0.48434 -0.00507487 0.0871557 0.996182 -0.010122 0.401509 0.915799 -0.00507487 0.0871557 0.996182 -0.010122 0.401509 0.915799 -0.225271 0.921773 -0.315575 -0.261466 0.922394 -0.284296 -0.0360189 0.997448 -0.0616395 -0.996178 0.0871557 -0.00572115 -0.885674 0.430357 -0.174286 -0.913499 0.105893 -0.392819 -0.0360189 0.997448 -0.0616395 -0.321153 0.923819 -0.208374 -0.34401 0.924717 -0.162956 -0.592693 0.727936 -0.34471 -0.539186 0.727618 -0.424087 -0.788527 0.435059 -0.434682 -0.135378 0.721288 -0.679277 -0.300294 0.431153 -0.850841 -0.235615 0.723292 -0.649103 -0.392671 0.106655 -0.913474 -0.534727 0.434932 -0.7245 -0.424213 0.433654 -0.794976 -0.1635 0.42673 -0.889477 -0.0161499 0.417682 -0.90845 -0.00501632 0.0871557 -0.996182 -0.184526 0.921227 -0.342477 -0.138873 0.920827 -0.364406 -0.325849 0.724882 -0.606934 -0.0883327 0.920669 -0.380219 -0.0360189 0.997448 -0.0616395 -0.0360189 0.997448 -0.0616395 -0.40607 0.726114 -0.554856 -0.0360189 0.997448 -0.0616395 -0.293438 0.923067 -0.248678 -0.360808 0.92585 -0.112337 -0.0360189 0.997448 -0.0616395 -0.0360189 0.997448 -0.0616395 -0.845666 0.433568 -0.311237 -0.0360189 0.997448 -0.0616395 -0.37613 0.924808 -0.0570665 -0.66833 0.727654 -0.154446 -0.688693 0.723698 -0.0443112 -0.906007 0.422482 -0.0256945 -0.636459 0.727968 -0.254916 -0.703028 0.108655 -0.702813 -0.716889 0.435561 -0.544386 -0.632177 0.435491 -0.640859 -0.476973 0.727018 -0.493904 -0.0360189 0.997448 -0.0616395 -0.0360189 0.997448 -0.0616395 -0.0265673 0.715646 -0.697958 -0.0336418 0.918281 -0.394498 -0.0171156 0.428153 -0.903544 -0.00501632 0.0871558 -0.996182 -0.00501632 0.0871558 -0.996182 -0.0360189 0.997448 -0.0616394 -0.0336504 0.913644 -0.40512 -0.0336504 0.913644 -0.40512 -0.0270753 0.715628 -0.697957 -0.0270753 0.715628 -0.697957 -0.0171156 0.428153 -0.903544 -0.0360189 0.997448 -0.0616396 -0.688693 0.723659 -0.0449437 -0.688693 0.723659 -0.0449437 -0.387442 0.920131 -0.0569811 -0.036019 0.997448 -0.0616395 -0.036019 0.997448 -0.0616395 -0.387442 0.920131 -0.0569811 -0.996178 0.0871557 -0.00572115 -0.900759 0.433474 -0.0270862 -0.996178 0.0871557 -0.00572115 -0.900759 0.433474 -0.0270862 -0.0360189 0.997448 -0.0616394 -0.387486 0.920101 -0.0571704 -0.270907 0.939703 -0.208729 -0.68873 0.723611 -0.0451494 -0.664288 0.695248 -0.274504 -0.361956 0.824032 -0.435842 -0.636067 0.269873 -0.722902 -0.690925 0.502262 -0.519957 -0.904291 0.279854 -0.322398 -0.996178 0.0871558 -0.00572107 -0.917079 0.112871 -0.382395 -0.384962 0.657357 -0.647832 -0.337582 0.456651 -0.823109 -0.38163 0.112798 -0.917407 -0.224643 0.242355 -0.943822 -0.00501637 0.0871558 -0.996182 -0.0173441 0.428059 -0.903584 -0.0271957 0.715082 -0.698512 -0.701533 0.121893 -0.702135 -0.0335023 0.913457 -0.405554 -0.900779 0.433421 -0.0272686 -0.728921 0.26669 -0.630516 -0.819371 0.461377 -0.340238 -0.917043 0.113272 -0.382364 -0.701486 0.122403 -0.702094 -0.943156 0.251316 -0.21748 -0.0334437 0.913674 -0.40507 -0.268417 0.686211 -0.676067 -0.0268881 0.715668 -0.697923 -0.00501629 0.0871557 -0.996182 -0.0169753 0.42819 -0.903529 -0.333404 0.267826 -0.903942 -0.0360189 0.997448 -0.0616394 -0.190111 0.937344 -0.291967 -0.387283 0.920185 -0.0572032 -0.422136 0.823261 -0.37953 -0.688051 0.724262 -0.0450677 -0.639443 0.658891 -0.3962 -0.520335 0.495662 -0.695392 -0.900607 0.433804 -0.0268727 -0.381593 0.113287 -0.917362 -0.996178 0.0871557 -0.00572117 -0.900759 0.433474 -0.0270862 -0.996178 0.0871557 -0.00572115 -0.996178 0.0871557 -0.00572115 -0.036019 0.997448 -0.0616395 -0.387442 0.920131 -0.0569811 -0.387442 0.920131 -0.0569811 -0.688693 0.723659 -0.0449437 -0.688693 0.723659 -0.0449437 -0.900759 0.433474 -0.0270862 -0.036019 0.997448 -0.0616395 -0.0270753 0.715628 -0.697957 -0.0270753 0.715628 -0.697957 -0.0336504 0.913644 -0.40512 -0.0360189 0.997448 -0.0616394 -0.0360189 0.997448 -0.0616396 -0.0336504 0.913644 -0.40512 -0.00501632 0.0871558 -0.996182 -0.0171156 0.428153 -0.903544 -0.00501632 0.0871558 -0.996182 -0.0171156 0.428153 -0.903544 -0.0360189 0.997448 -0.0616395 -0.0337144 0.947153 0.319007 -0.176505 0.96412 0.198288 -0.0262729 0.75726 0.652585 -0.245858 0.740948 0.62494 -0.412848 0.86035 0.298923 -0.4999 0.553445 0.666182 -0.291725 0.327528 0.898678 -0.71002 0.317135 0.628727 -0.00125792 0.0871558 0.996194 -0.381734 0.113514 0.917275 -0.816688 0.491615 0.302218 -0.633875 0.697214 0.334805 -0.919981 0.113475 0.375178 -0.942347 0.264852 0.204536 -0.996178 0.0871557 -0.00572121 -0.900793 0.433419 -0.0268362 -0.689253 0.723137 -0.0447519 -0.704261 0.122801 0.69924 -0.387922 0.919922 -0.0570986 -0.0149652 0.45576 0.889977 0.633125 0.299976 -0.71356 0.37489 0.113754 -0.920064 0.698231 0.12305 -0.705218 0.31345 0.474727 -0.822425 0.214784 0.251023 -0.943851 0.672558 0.536361 -0.509885 0.313995 0.845741 -0.431428 0.347678 0.679904 -0.645639 0.996182 0.0871557 -0.00504861 0.892782 0.449661 -0.0272901 0.900199 0.31527 -0.30041 -0.0360189 0.997448 -0.0616395 0.215818 0.955411 -0.201523 0.337032 0.939723 -0.0577033 0.633752 0.727421 -0.263092 -0.0334467 0.913716 -0.404974 -0.0270077 0.716207 -0.697365 0.916278 0.11378 -0.384042 0.662103 0.748014 -0.0457622 -0.0173312 0.428468 -0.903391 -0.0050164 0.0871557 -0.996182 -0.0147283 0.455823 0.889949 -0.00125792 0.0871558 0.996194 -0.00125792 0.0871558 0.996194 -0.0360189 0.997448 -0.0616394 -0.0334915 0.947178 0.318954 -0.0334915 0.947178 0.318954 -0.026028 0.757308 0.652538 -0.026028 0.757308 0.652538 -0.0147283 0.455823 0.889949 -0.0360189 0.997448 -0.0616394 0.662146 0.747963 -0.0459894 0.662146 0.747963 -0.0459894 0.337092 0.939687 -0.0579448 -0.036019 0.997448 -0.0616395 -0.0360188 0.997448 -0.0616395 0.337092 0.939687 -0.0579448 0.996182 0.0871558 -0.00504868 0.892803 0.449607 -0.0274776 0.996182 0.0871558 -0.00504868 0.892803 0.449607 -0.0274776 -0.0256213 0.757323 0.652538 -0.123831 0.855649 0.502525 -0.155421 0.648163 0.745472 -0.538077 0.833837 0.123248 -0.270908 0.96034 0.0659988 -0.28696 0.957553 0.0273218 -0.463895 0.84317 0.271783 -0.505821 0.838819 0.201317 -0.700032 0.63764 0.321513 -0.0360189 0.997448 -0.0616395 -0.29738 0.954647 -0.01464 -0.0360189 0.997448 -0.0616395 -0.0360189 0.997448 -0.0616395 -0.483717 0.647724 0.588618 -0.286679 0.852661 0.436788 -0.354319 0.850091 0.38962 -0.776271 0.624046 0.089278 -0.906007 0.422434 -0.026481 -0.92022 0.368979 0.130571 -0.564059 0.388718 0.728516 -0.387257 0.649076 0.654777 -0.827851 0.383567 0.409314 -0.883906 0.377722 0.275746 -0.0335513 0.951846 0.304736 -0.00125792 0.0871557 0.996194 -0.0138281 0.442478 0.896673 -0.16922 0.381149 0.908895 -0.0808332 0.973044 0.21599 -0.0360189 0.997448 -0.0616395 -0.319635 0.105929 0.941601 -0.209888 0.854559 0.475054 -0.277867 0.649349 0.70791 -0.567884 0.645432 0.510808 -0.413298 0.846921 0.334529 -0.801608 0.116346 0.58642 -0.666673 0.388512 0.636087 -0.754842 0.386962 0.529598 -0.746178 0.631676 0.210246 -0.249977 0.962973 0.100963 -0.688693 0.723658 -0.0449574 -0.315174 0.385509 0.867207 -0.0360189 0.997448 -0.0616395 -0.123361 0.971533 0.20225 -0.590705 0.11396 0.798799 -0.446959 0.38779 0.806131 -0.0360189 0.997448 -0.0616395 -0.161505 0.969733 0.183121 -0.0360189 0.997448 -0.0616395 -0.195222 0.967689 0.159584 -0.0360189 0.997448 -0.0616395 -0.224685 0.965429 0.13215 -0.640127 0.642138 0.421778 -0.0360189 0.997448 -0.0616395 -0.943223 0.109155 0.313712 -0.0360189 0.997448 -0.0616395 -0.996178 0.0871557 -0.00572115 -0.559105 0.828204 0.0384518 -0.37613 0.924796 -0.0572565 0.286384 0.831519 -0.475983 0.331649 0.627233 -0.70469 0.21765 0.827684 -0.517269 0.413666 0.376901 -0.82875 0.532439 0.379698 -0.75653 0.585847 0.113598 -0.80242 0.867071 0.379284 -0.323005 0.806038 0.380857 -0.453046 0.712088 0.638788 -0.291341 0.313458 0.107847 -0.943458 -0.00501632 0.0871557 -0.996182 0.137643 0.364222 -0.921085 -0.0360189 0.997448 -0.0616395 0.236095 0.966044 -0.104964 -0.0360189 0.997448 -0.0616395 0.517054 0.634122 -0.57493 0.347641 0.834964 -0.426592 0.401677 0.838036 -0.369258 0.996182 0.0871557 -0.00504868 0.909322 0.375794 -0.178641 0.899113 0.436939 -0.0260669 0.750374 0.638532 -0.170927 0.448341 0.840752 -0.303523 0.593519 0.636363 -0.492725 0.202736 0.961881 -0.18353 0.221975 0.96399 -0.146459 0.429844 0.631146 -0.64567 0.65896 0.637952 -0.398483 0.486693 0.843105 -0.228698 0.28159 0.37194 -0.884515 0.222403 0.622126 -0.750664 0.141312 0.823454 -0.549504 0.103067 0.615602 -0.781288 0.0579755 0.818842 -0.571083 -0.0272281 0.715622 -0.697956 -0.0338324 0.918274 -0.394498 -0.0360189 0.997448 -0.0616395 0.00895293 0.948368 -0.317046 0.0501098 0.950616 -0.306296 -0.0169773 0.417652 -0.908448 -0.0360189 0.997448 -0.0616395 -0.0360189 0.997448 -0.0616395 0.087885 0.952923 -0.290196 0.729004 0.381335 -0.568451 0.798171 0.111414 -0.592039 0.637592 0.381006 -0.66956 -0.0360189 0.997448 -0.0616395 0.121975 0.955232 -0.269545 -0.0360189 0.997448 -0.0616395 0.152437 0.957503 -0.244849 -0.0360189 0.997448 -0.0616395 0.179389 0.95972 -0.216235 0.940918 0.104908 -0.321975 -0.0360189 0.997448 -0.0616395 -0.0360189 0.997448 -0.0616395 0.662145 0.747999 -0.0453945 0.51482 0.845038 -0.14447 0.32368 0.944384 -0.0580459 -0.900759 0.433474 -0.0270862 -0.996178 0.0871557 -0.00572115 -0.996178 0.0871557 -0.00572115 -0.036019 0.997448 -0.0616395 -0.387442 0.920131 -0.0569811 -0.387442 0.920131 -0.0569811 -0.688693 0.723659 -0.0449437 -0.688693 0.723659 -0.0449437 -0.900759 0.433474 -0.0270862 -0.036019 0.997448 -0.0616395 -0.0270753 0.715628 -0.697957 -0.0270753 0.715628 -0.697957 -0.0336504 0.913644 -0.40512 -0.0360189 0.997448 -0.0616394 -0.0360189 0.997448 -0.0616396 -0.0336504 0.913644 -0.40512 -0.00501632 0.0871558 -0.996182 -0.0171156 0.428153 -0.903544 -0.00501632 0.0871558 -0.996182 -0.0171156 0.428153 -0.903544 -0.0360189 0.997448 -0.0616395 -0.0337144 0.947153 0.319007 -0.176505 0.96412 0.198288 -0.0262729 0.75726 0.652585 -0.245858 0.740948 0.62494 -0.412848 0.86035 0.298923 -0.4999 0.553445 0.666182 -0.291725 0.327528 0.898678 -0.71002 0.317135 0.628727 -0.00125792 0.0871558 0.996194 -0.381734 0.113514 0.917275 -0.816688 0.491615 0.302218 -0.633875 0.697214 0.334805 -0.919981 0.113475 0.375178 -0.942347 0.264852 0.204536 -0.996178 0.0871557 -0.00572121 -0.900793 0.433419 -0.0268362 -0.689253 0.723137 -0.0447519 -0.704261 0.122801 0.69924 -0.387922 0.919922 -0.0570986 -0.0149652 0.45576 0.889977 0.633125 0.299976 -0.71356 0.37489 0.113754 -0.920064 0.698231 0.12305 -0.705218 0.31345 0.474727 -0.822425 0.214784 0.251023 -0.943851 0.672558 0.536361 -0.509885 0.313995 0.845741 -0.431428 0.347678 0.679904 -0.645639 0.996182 0.0871557 -0.00504861 0.892782 0.449661 -0.0272901 0.900199 0.31527 -0.30041 -0.0360189 0.997448 -0.0616395 0.215818 0.955411 -0.201523 0.337032 0.939723 -0.0577033 0.633752 0.727421 -0.263092 -0.0334467 0.913716 -0.404974 -0.0270077 0.716207 -0.697365 0.916278 0.11378 -0.384042 0.662103 0.748014 -0.0457622 -0.0173312 0.428468 -0.903391 -0.0050164 0.0871557 -0.996182 -0.0147283 0.455823 0.889949 -0.00125792 0.0871558 0.996194 -0.00125792 0.0871558 0.996194 -0.0360189 0.997448 -0.0616394 -0.0334915 0.947178 0.318954 -0.0334915 0.947178 0.318954 -0.026028 0.757308 0.652538 -0.026028 0.757308 0.652538 -0.0147283 0.455823 0.889949 -0.0360189 0.997448 -0.0616394 0.662146 0.747963 -0.0459894 0.662146 0.747963 -0.0459894 0.337092 0.939687 -0.0579448 -0.036019 0.997448 -0.0616395 -0.0360188 0.997448 -0.0616395 0.337092 0.939687 -0.0579448 0.996182 0.0871558 -0.00504868 0.892803 0.449607 -0.0274776 0.996182 0.0871558 -0.00504868 0.892803 0.449607 -0.0274776 -0.0360189 0.997448 -0.0616394 0.337141 0.939683 -0.0577301 0.225725 0.969593 0.0945411 0.662189 0.747939 -0.0457527 0.64308 0.737999 0.204463 0.321872 0.879459 0.350642 0.670642 0.56236 0.483725 0.89849 0.316777 0.303922 0.612162 0.334391 0.716548 0.996182 0.0871557 -0.00504867 0.919492 0.113603 0.376337 0.294972 0.528315 0.796163 0.345851 0.726651 0.593604 0.37971 0.113571 0.918108 0.174944 0.306707 0.935588 -0.00125784 0.0871558 0.996194 -0.014414 0.455811 0.88996 -0.0257585 0.756794 0.653146 0.703022 0.122911 0.700467 -0.033586 0.94695 0.31962 0.892829 0.449571 -0.0272515 0.713197 0.336565 0.614877 0.919457 0.114017 0.376298 0.702978 0.123436 0.700418 0.802056 0.522473 0.28936 0.938081 0.296614 0.178954 -0.0337443 0.94719 0.318893 0.213068 0.746889 0.629888 -0.0262711 0.757338 0.652494 0.604223 0.724316 0.332086 -0.0360189 0.997448 -0.0616395 0.114485 0.972322 0.203673 0.33687 0.93978 -0.0577205 0.366319 0.879967 0.302437 0.661401 0.748622 -0.0459728 0.295884 0.327819 0.897211 0.379661 0.114077 0.918065 0.486129 0.568236 0.663917 -0.00125784 0.0871557 0.996194 -0.0149372 0.45586 0.889926 0.892675 0.449842 -0.027811 0.996182 0.0871557 -0.00504876 0.892803 0.449607 -0.0274776 0.996182 0.0871558 -0.00504868 0.996182 0.0871558 -0.00504868 -0.036019 0.997448 -0.0616395 0.337092 0.939687 -0.0579448 0.337092 0.939687 -0.0579448 0.662146 0.747963 -0.0459894 0.662146 0.747963 -0.0459894 0.892803 0.449607 -0.0274776 -0.0360188 0.997448 -0.0616395 -0.026028 0.757308 0.652538 -0.026028 0.757308 0.652538 -0.0334915 0.947178 0.318954 -0.0360189 0.997448 -0.0616394 -0.0360189 0.997448 -0.0616394 -0.0334915 0.947178 0.318954 -0.00125792 0.0871558 0.996194 -0.0147283 0.455823 0.889949 -0.00125792 0.0871558 0.996194 -0.0147283 0.455823 0.889949 0.74416 0.398027 0.536471 0.914708 0.112861 0.388036 0.819625 0.39478 0.415167 0.996182 0.0871557 -0.00504868 0.915147 0.380538 0.133031 0.703281 0.119462 0.700803 0.653076 0.399206 0.643527 0.292501 0.39131 0.872536 0.426962 0.396001 0.81295 0.235527 0.657636 0.715571 0.111209 0.652439 0.749637 0.145175 0.383976 0.911859 0.303275 0.86518 0.399359 0.538065 0.662075 0.521673 0.365949 0.86467 0.344132 -0.014347 0.442459 0.896674 -0.0261377 0.757304 0.652539 0.0952804 0.977582 0.187765 0.0555019 0.977026 0.205767 0.231934 0.864678 0.445577 -0.0360189 0.997448 -0.0616395 0.0118827 0.975899 0.2179 -0.0360189 0.997448 -0.0616395 -0.0360189 0.997448 -0.0616395 0.419862 0.863199 0.280363 0.614334 0.660548 0.431591 0.449443 0.662165 0.599615 0.464535 0.86073 0.208208 0.726284 0.652586 0.215971 0.498905 0.857161 0.12794 0.677584 0.657467 0.329571 0.877574 0.389082 0.280143 0.758078 0.64563 0.0920858 0.521369 0.852371 0.0404765 0.662146 0.747961 -0.0460205 0.32368 0.944372 -0.0582435 -0.0360189 0.997448 -0.0616395 0.239561 0.970783 -0.0138056 0.899114 0.436897 -0.0267473 -0.0360189 0.997448 -0.0616395 0.228417 0.973113 0.0296121 -0.0360189 0.997448 -0.0616395 0.211324 0.974941 0.0695173 -0.0360189 0.997448 -0.0616395 0.189056 0.976289 0.105438 0.391437 0.111781 0.91339 0.547258 0.398538 0.735986 -0.0360189 0.997448 -0.0616395 0.162147 0.97718 0.137212 -0.0360189 0.997448 -0.0616395 0.13086 0.977618 0.164737 0.348564 0.660762 0.664753 -0.0360189 0.997448 -0.0616395 0.152019 0.863033 0.48173 -0.00125792 0.0871557 0.996194 0.0641557 0.860074 0.506119 -0.0337219 0.95184 0.304736 -0.0392238 0.996321 -0.0761961 0.321318 0.944258 -0.0716346 0.32252 0.945472 -0.0454186 0.661556 0.749014 -0.0363433 0.660948 0.748331 -0.0561138 -0.0375932 0.998158 -0.0476124 0.898962 0.437489 -0.0216847 0.898807 0.437179 -0.0319528 0.996182 0.0871557 -0.00504868 0.996182 0.0871557 -0.00504868 0.716231 0.638999 -0.280524 0.869065 0.379744 -0.317051 0.808714 0.382039 -0.447245 0.387346 0.109715 -0.915383 -0.00501632 0.0871557 -0.996182 0.139636 0.367783 -0.919368 0.292693 0.837189 -0.462001 0.435655 0.635786 -0.637167 0.337031 0.632849 -0.697074 0.536249 0.381913 -0.752714 0.522927 0.637725 -0.565557 0.75343 0.637554 -0.160836 0.910569 0.375355 -0.173126 0.354347 0.839336 -0.412254 0.408461 0.841056 -0.35466 0.898963 0.437521 -0.0210088 0.661557 0.749043 -0.0357401 0.20955 0.963585 -0.166109 0.228638 0.9648 -0.129948 0.454841 0.842424 -0.288861 -0.0375932 0.998158 -0.0476124 0.242361 0.966025 -0.0897645 -0.037348 0.998332 -0.0440361 0.59913 0.638884 -0.482567 -0.0268194 0.727153 -0.685951 -0.0330877 0.928177 -0.370665 0.0608876 0.827257 -0.558515 -0.0370856 0.998473 -0.0409442 0.145831 0.831237 -0.536449 0.223253 0.834522 -0.503718 0.226873 0.628601 -0.743902 0.912574 0.108181 -0.394341 0.732241 0.382993 -0.563151 0.284691 0.37498 -0.882237 0.105952 0.62271 -0.775246 -0.0348337 0.998989 -0.0284138 0.0114843 0.954662 -0.297471 -0.016768 0.424433 -0.905304 -0.0351863 0.998962 -0.028946 0.0539131 0.956485 -0.286756 0.700516 0.113403 -0.704569 -0.0356521 0.998912 -0.0300668 0.0926889 0.958156 -0.270825 0.417333 0.379459 -0.825738 -0.0360741 0.998848 -0.0316549 0.127586 0.959675 -0.250491 0.641229 0.382964 -0.664954 -0.0363978 0.998773 -0.0335883 0.158679 0.961063 -0.226228 -0.0366407 0.998688 -0.0357853 0.186051 0.962353 -0.198147 0.663989 0.639342 -0.387763 -0.036854 0.998589 -0.0382239 0.492539 0.843476 -0.214367 0.996182 0.0871557 -0.00504868 0.519746 0.844194 -0.131151 0.32252 0.945481 -0.045231 0.675205 0.28014 -0.682363 0.446012 0.580328 -0.68139 0.206424 0.399705 -0.893099 -0.0180933 0.425074 -0.904978 -0.00501635 0.0871559 -0.996182 0.374823 0.113363 -0.920139 0.334829 0.939586 -0.0711914 0.288674 0.9017 -0.321878 0.605366 0.702616 -0.373983 0.660948 0.748334 -0.0560725 -0.0392259 0.996321 -0.0761962 0.69821 0.122606 -0.705316 -0.0288524 0.710784 -0.702819 0.835706 0.403309 -0.372743 0.916304 0.113445 -0.38408 0.996182 0.0871557 -0.00504873 0.153198 0.797736 -0.583222 -0.0361234 0.909189 -0.414814 0.892446 0.449953 -0.032911 -0.026279 0.727159 -0.685966 -0.0166709 0.435712 -0.899932 -0.016671 0.435715 -0.89993 -0.00487569 0.0870843 -0.996189 -0.00488198 0.0872683 -0.996173 -0.0262832 0.72729 -0.685827 -0.0324494 0.923482 -0.382266 -0.0324537 0.923627 -0.381917 -0.034375 0.999001 -0.0285601 -0.0343744 0.999017 -0.0279944 -0.037621 0.908287 -0.416652 -0.0376218 0.908307 -0.416608 -0.0408243 0.996064 -0.0786819 -0.00468621 0.0867426 -0.99622 -0.0183764 0.424043 -0.905456 -0.00472991 0.0878138 -0.996126 -0.0408252 0.996097 -0.07826 -0.0298212 0.709526 -0.704048 -0.0298303 0.709755 -0.703816 -0.018402 0.424677 -0.905158 -0.229068 0.927187 -0.2964 -0.265886 0.926797 -0.265241 -0.0328647 0.998964 -0.0314671 -0.0327814 0.998723 -0.0384427 -0.326105 0.926062 -0.189908 -0.348816 0.925894 -0.14508 -0.0336628 0.999048 -0.027751 -0.0886057 0.928128 -0.361564 -0.140696 0.927838 -0.345428 -0.913272 0.107384 -0.39294 -0.996178 0.0871557 -0.00572115 -0.887123 0.430245 -0.167039 -0.0156974 0.424627 -0.905232 -0.165123 0.431529 -0.886858 -0.0254732 0.727465 -0.685671 -0.538517 0.438619 -0.719453 -0.427792 0.437705 -0.790827 -0.393506 0.106422 -0.913142 -0.00501632 0.0871557 -0.996182 -0.13685 0.729803 -0.669821 -0.303214 0.435589 -0.84754 -0.187479 0.927533 -0.323317 -0.330176 0.732014 -0.595936 -0.0336777 0.99905 -0.0276395 -0.411029 0.732205 -0.543075 -0.23885 0.731262 -0.63891 -0.0327242 0.998821 -0.0358458 -0.298256 0.926397 -0.229851 -0.544401 0.731287 -0.41091 -0.791407 0.437067 -0.427372 -0.597542 0.730304 -0.331059 -0.0328916 0.998604 -0.0413328 -0.36525 0.926005 -0.0954297 -0.0327431 0.998902 -0.0335157 -0.671532 0.727376 -0.141311 -0.687623 0.725319 -0.0329838 -0.847893 0.434586 -0.303665 -0.033053 0.998459 -0.0445723 -0.373999 0.926486 -0.0418059 -0.905731 0.423389 -0.0198176 -0.640606 0.72901 -0.241181 -0.703356 0.109884 -0.702293 -0.720264 0.438319 -0.537677 -0.635869 0.438779 -0.634936 -0.482218 0.731939 -0.481384 -0.033097 0.999009 -0.0297581 -0.033401 0.999036 -0.0284833 -0.0318782 0.928442 -0.370107 -0.0187897 0.414254 -0.909967 -0.0308321 0.709792 -0.703737 0.100614 0.607943 -0.78758 0.446218 0.834078 -0.324352 0.201432 0.956684 -0.210193 0.221208 0.959377 -0.175109 0.898326 0.437651 -0.0383577 0.908553 0.37345 -0.187262 0.749393 0.634644 -0.188781 0.591307 0.629658 -0.503872 0.399217 0.830772 -0.38787 0.800721 0.11001 -0.588849 0.637559 0.376461 -0.672158 0.728499 0.376931 -0.572025 -0.0442735 0.994352 -0.096459 0.235909 0.962252 -0.135711 -0.0440831 0.994661 -0.0933022 0.710228 0.633515 -0.306976 0.865935 0.375955 -0.32987 0.80507 0.376844 -0.458095 0.150147 0.951624 -0.268081 0.2836 0.823603 -0.491172 0.119208 0.949141 -0.291412 0.0542961 0.810053 -0.583837 0.00449887 0.941692 -0.336445 0.0462912 0.94415 -0.326249 0.138049 0.814996 -0.562782 0.0846197 0.946646 -0.310967 0.136737 0.360017 -0.922871 -0.00501632 0.0871557 -0.996182 -0.0388608 0.913043 -0.406007 -0.0418689 0.996088 -0.0778144 0.344995 0.827322 -0.443302 0.17758 0.954121 -0.241078 0.315179 0.107339 -0.942942 0.220322 0.614711 -0.757357 0.214684 0.819513 -0.531328 0.329775 0.619982 -0.711949 -0.0438568 0.994926 -0.0905521 0.996182 0.0871557 -0.00504868 0.281281 0.367696 -0.886386 -0.0421527 0.996042 -0.0782492 -0.0425333 0.995953 -0.0791769 0.589058 0.11227 -0.800254 0.413786 0.372525 -0.830666 -0.0428821 0.995832 -0.0804986 0.532656 0.37519 -0.758624 0.427963 0.624015 -0.653799 -0.0431479 0.995689 -0.0821105 0.515015 0.627139 -0.584342 -0.0433385 0.995528 -0.0839344 -0.0434931 0.995351 -0.085935 0.941643 0.104226 -0.32007 0.656742 0.631774 -0.411765 -0.0436567 0.995152 -0.0881233 0.485151 0.837354 -0.251925 0.659062 0.74888 -0.0693935 0.514176 0.840657 -0.170058 0.317596 0.94394 -0.0900596 -0.687622 0.725291 -0.0336007 -0.90573 0.423357 -0.0205423 -0.905877 0.422436 -0.0305645 -0.996178 0.0871557 -0.00572115 -0.996178 0.0871557 -0.00572115 -0.688196 0.723588 -0.0529777 -0.373998 0.926478 -0.0419916 -0.375144 0.924466 -0.0680493 -0.033053 0.998459 -0.0445723 -0.0346477 0.996683 -0.0736324 -0.0448269 0.993067 -0.108664 0.317196 0.942906 -0.101561 0.317597 0.943912 -0.0903412 0.659065 0.748795 -0.07028 0.658872 0.748121 -0.0787529 -0.0442735 0.994352 -0.096459 0.89833 0.437558 -0.0393203 0.898289 0.437225 -0.0437225 0.996182 0.0871557 -0.00504868 0.996182 0.0871557 -0.00504868 -0.00501634 0.0871557 -0.996182 -0.016276 0.425403 -0.904858 -0.215202 0.412445 -0.885199 -0.630167 0.682342 -0.370538 -0.688195 0.723587 -0.0530079 -0.84047 0.390757 -0.375392 -0.381701 0.113161 -0.917333 -0.670757 0.279068 -0.687172 -0.0255865 0.711414 -0.702307 -0.90061 0.433492 -0.0314039 -0.996178 0.0871557 -0.00572109 -0.917063 0.113172 -0.382346 -0.198014 0.793329 -0.575691 -0.464403 0.573251 -0.675065 -0.0320722 0.910061 -0.413232 -0.0346477 0.996683 -0.0736325 -0.338402 0.885719 -0.317784 -0.386492 0.919801 -0.0677481 -0.701571 0.122298 -0.702027 0.658871 0.748147 -0.0785134 0.523793 0.851845 0.000641293 0.761005 0.645716 0.0626271 0.0523488 0.985699 0.160179 0.23436 0.879667 0.413837 0.0940106 0.98542 0.14181 0.294391 0.399367 0.86824 0.110084 0.668179 0.735812 0.145185 0.39225 0.908329 0.307671 0.878285 0.365996 0.455533 0.674915 0.5805 0.352859 0.674964 0.648008 0.151923 0.879341 0.451307 0.371713 0.87546 0.308869 0.545353 0.672974 0.499696 -0.0440348 0.99114 -0.125308 0.00643624 0.984957 0.172679 -0.04409 0.991157 -0.125157 0.426217 0.871356 0.24306 0.622034 0.669189 0.406522 0.749489 0.40455 0.524028 0.898288 0.437247 -0.0435187 0.914743 0.116047 0.387011 0.996182 0.0871557 -0.00504868 0.917127 0.380952 0.117278 0.317196 0.942916 -0.101471 -0.0448269 0.993067 -0.108664 0.240386 0.968821 -0.060004 0.470517 0.866044 0.169064 0.731731 0.655638 0.186304 0.503493 0.859535 0.0877191 0.430284 0.403887 0.807298 0.391469 0.111863 0.913367 0.551676 0.406272 0.728421 -0.0271598 0.660364 0.750455 -0.0143634 0.38169 0.924179 0.237472 0.672868 0.700611 -0.00125792 0.0871557 0.996194 0.684699 0.663457 0.301681 0.881279 0.391901 0.264123 -0.044978 0.992707 -0.111845 0.230197 0.972988 -0.0174208 0.703534 0.122457 0.700032 -0.0451206 0.992376 -0.114694 0.213588 0.976669 0.0223263 0.824496 0.399772 0.400485 -0.0452016 0.992071 -0.117267 0.191194 0.97981 0.058456 0.658206 0.406579 0.633607 -0.0451756 0.991797 -0.119572 0.163583 0.982364 0.0905668 -0.0450175 0.99156 -0.12158 0.131127 0.984265 0.118439 -0.0447357 0.991369 -0.123231 -0.0443869 0.991233 -0.124449 0.0608772 0.876989 0.476638 -0.0372339 0.872358 0.487448 -0.0429082 0.983081 0.178076 -0.0161983 0.415217 -0.909578 -0.00501632 0.0871557 -0.996182 -0.0151867 0.415567 -0.909436 -0.00501632 0.0871557 -0.996182 -0.0260363 0.711455 -0.702249 -0.0240743 0.71206 -0.701705 -0.0324678 0.914607 -0.403039 -0.0298049 0.915175 -0.401954 -0.0346477 0.996683 -0.0736324 -0.0316348 0.996895 -0.0721046 -0.0358847 0.867485 0.496167 -0.0358905 0.867611 0.495947 -0.0267872 0.666351 0.745157 -0.00156685 0.0867422 0.99623 -0.0149431 0.396894 0.917743 -0.00160312 0.08759 0.996155 -0.0424865 0.991429 -0.123544 -0.0413034 0.979684 0.19625 -0.0413028 0.979673 0.196303 -0.042486 0.991411 -0.123688 -0.0268022 0.666689 0.744854 -0.0149691 0.397492 0.917483 -0.0236247 0.712074 -0.701706 -0.0146661 0.415583 -0.909437 -0.133224 0.71495 -0.686366 -0.71647 0.431574 -0.548101 -0.591788 0.722502 -0.357461 -0.53814 0.721914 -0.435024 -0.0305362 0.996471 -0.0781926 -0.260764 0.917475 -0.300403 -0.293167 0.918247 -0.266224 -0.885251 0.427771 -0.182602 -0.914291 0.105261 -0.391142 -0.996178 0.0871557 -0.00572115 -0.0853464 0.915276 -0.393683 -0.136702 0.915635 -0.378054 -0.0315453 0.996886 -0.0722661 -0.0304874 0.996074 -0.083106 -0.321378 0.919197 -0.227581 -0.344822 0.920463 -0.183973 -0.00501632 0.0871557 -0.996182 -0.162808 0.422843 -0.891458 -0.0316348 0.996895 -0.0721046 -0.224157 0.91679 -0.330529 -0.182953 0.916165 -0.356608 -0.324712 0.718956 -0.614544 -0.23412 0.717218 -0.656343 -0.405045 0.720255 -0.563179 -0.535071 0.430931 -0.726634 -0.424577 0.429741 -0.796905 -0.395009 0.106024 -0.912538 -0.362314 0.922195 -0.135224 -0.0305272 0.995827 -0.0860094 -0.0304859 0.996287 -0.0805157 -0.686741 0.724193 -0.062707 -0.372253 0.924507 -0.081935 -0.668596 0.723675 -0.171097 -0.844832 0.430262 -0.318016 -0.03063 0.995534 -0.0892951 -0.905499 0.422896 -0.0350857 -0.635961 0.723079 -0.269648 -0.70572 0.107541 -0.700281 -0.787747 0.4313 -0.439813 -0.632204 0.431444 -0.643564 -0.475932 0.721206 -0.50334 -0.0306705 0.996626 -0.0761342 -0.0309113 0.99675 -0.074391 -0.300299 0.427302 -0.85278 -0.0312366 0.996838 -0.0730609 -0.0296664 0.915179 -0.401954 0.919531 0.113613 0.376239 0.769787 0.475909 0.425368 0.927983 0.306205 0.212336 0.892218 0.448753 -0.0506639 0.996182 0.0871558 -0.00504858 0.66008 0.745917 -0.0888968 0.701156 0.685972 0.194479 -0.0402077 0.979804 0.195875 0.145399 0.975184 0.166962 0.206923 0.863463 0.460016 0.374295 0.923931 0.0790848 0.333247 0.935865 -0.11447 -0.0414407 0.9914 -0.12413 0.535136 0.599095 0.595579 0.53642 0.334495 0.774834 0.703048 0.122967 0.70043 0.379631 0.113737 0.91812 -0.00125842 0.0871557 0.996194 0.262436 0.395843 0.88002 -0.0348446 0.867742 0.495792 -0.0259069 0.666699 0.744877 0.24731 0.663542 0.70608 0.479189 0.8025 0.355488 -0.0143154 0.397298 0.917578 -0.686743 0.724117 -0.0635481 -0.905501 0.42281 -0.036041 -0.905565 0.422269 -0.040507 -0.996178 0.0871557 -0.00572115 -0.996178 0.0871557 -0.00572115 -0.686963 0.723099 -0.0721818 -0.372254 0.924484 -0.0821967 -0.372675 0.923209 -0.0938024 -0.03063 0.995534 -0.0892951 -0.0312064 0.994271 -0.10223 -0.0423839 0.987446 -0.152161 0.319713 0.940431 -0.115643 -0.0414407 0.9914 -0.124131 0.319052 0.93713 -0.141396 0.660171 0.745785 -0.0893232 0.65988 0.743457 -0.108765 0.898639 0.435922 -0.0492034 0.898599 0.434744 -0.0593035 0.996182 0.0871557 -0.00504868 0.996182 0.0871557 -0.00504868 -0.706557 0.641429 0.298909 -0.471275 0.848659 0.240163 -0.512848 0.841805 0.168379 -0.00125792 0.0871557 0.996194 -0.170921 0.388233 0.905572 -0.317777 0.105471 0.942281 -0.214203 0.868351 0.447308 -0.125584 0.97897 0.160768 -0.292227 0.864795 0.408329 -0.282422 0.662036 0.694223 -0.392677 0.660433 0.640026 -0.011323 0.381125 0.924454 -0.886926 0.379534 0.263281 -0.831402 0.38728 0.398478 -0.905564 0.422296 -0.0402502 -0.922056 0.368695 0.1178 -0.779619 0.622878 0.0649356 -0.686962 0.72313 -0.0718719 -0.751518 0.632963 0.185955 -0.301231 0.952015 -0.0541014 -0.291745 0.956406 -0.0131175 -0.0313845 0.993626 -0.108274 -0.563144 0.826343 0.00504698 -0.543957 0.834329 0.089473 -0.27619 0.960774 0.02516 -0.0314845 0.993336 -0.110867 -0.0313087 0.993935 -0.105414 -0.0312064 0.994271 -0.10223 -0.574489 0.653534 0.492805 -0.36077 0.860232 0.360341 -0.420406 0.854822 0.304201 -0.646988 0.648228 0.401505 -0.449326 0.393943 0.80182 -0.317384 0.392007 0.86348 -0.0330093 0.982806 0.181664 -0.126204 0.870647 0.475443 -0.0286273 0.871363 0.489803 -0.0209759 0.659336 0.751556 -0.15837 0.66194 0.732635 -0.0338795 0.992079 -0.120956 -0.0815215 0.981256 0.174614 -0.033603 0.99213 -0.120619 -0.588005 0.115425 0.80058 -0.164834 0.976093 0.141679 -0.0331646 0.992238 -0.119849 -0.758319 0.391979 0.520869 -0.799828 0.119917 0.588128 -0.669739 0.394212 0.629323 -0.566689 0.394694 0.723243 -0.489782 0.657563 0.572472 -0.0326878 0.992395 -0.118677 -0.199421 0.972748 0.118293 -0.229561 0.969028 0.0910261 -0.0322527 0.99259 -0.117151 -0.255259 0.965011 0.0599684 -0.0319017 0.992816 -0.115318 -0.942726 0.111587 0.314351 -0.0316484 0.993066 -0.113216 -0.996178 0.0871557 -0.00572115 -0.372675 0.923221 -0.0936859 0.898594 0.434834 -0.0587152 0.659875 0.74355 -0.108161 0.76416 0.643993 0.0365053 0.157723 0.891025 0.425674 0.0649114 0.889629 0.452048 0.243182 0.6843 0.687456 0.315648 0.886888 0.337338 0.241457 0.889978 0.38683 0.463501 0.683874 0.563456 0.359909 0.685283 0.633129 0.0991624 0.98962 0.104016 -0.0416093 0.984844 -0.168376 0.056769 0.99078 0.123013 0.147593 0.398811 0.905078 0.29801 0.405553 0.864128 0.113924 0.680438 0.723896 -0.0412143 0.984739 -0.169086 0.00988969 0.990658 0.136012 -0.0413063 0.984759 -0.16895 0.169447 0.984206 0.0512513 0.434401 0.875767 0.210543 0.19693 0.980247 0.0183046 0.590435 0.12108 0.797951 0.663676 0.411742 0.624502 0.556814 0.411884 0.721325 0.234485 0.970337 -0.0588463 0.527291 0.848963 -0.0350208 0.243511 0.964573 -0.101496 0.801466 0.12511 0.584807 0.829216 0.402781 0.387515 0.754856 0.408886 0.51284 0.31905 0.937162 -0.141189 0.919038 0.38034 0.103496 0.996182 0.0871557 -0.00504868 -0.0423839 0.987446 -0.152161 0.509127 0.859107 0.0521958 0.218794 0.975594 -0.0185868 0.942949 0.113631 0.312946 0.136774 0.987373 0.0799239 0.380093 0.882078 0.27833 0.434786 0.409777 0.8019 -0.0419815 0.984997 -0.167385 -0.0137068 0.38852 0.921338 -0.00125792 0.0871557 0.996194 -0.0259825 0.673025 0.739164 0.477786 0.868081 0.134748 0.884796 0.393148 0.250141 0.73725 0.656348 0.160221 -0.0424967 0.986986 -0.15509 -0.0426251 0.98656 -0.157742 0.69198 0.666611 0.277115 -0.0427077 0.986166 -0.160165 0.630268 0.674581 0.384322 -0.042698 0.985806 -0.162368 0.553765 0.680302 0.480138 -0.0425701 0.985486 -0.164332 -0.0423222 0.985214 -0.16602 0.318283 0.108215 0.941799 -0.0355577 0.885441 0.46339 -0.0406604 0.989081 0.141654 -0.0228998 0.659623 0.751248 -0.0210962 0.659332 0.751556 -0.0122708 0.381283 0.924377 -0.0113582 0.381124 0.924454 -0.00125792 0.0871557 0.996194 -0.00125792 0.0871557 0.996194 -0.0287396 0.871359 0.489804 -0.0312529 0.871642 0.489145 -0.0359727 0.982887 0.180661 -0.0330482 0.982805 0.181665 -0.0338795 0.992079 -0.120956 -0.0368998 0.991823 -0.122174 -0.0349506 0.880867 0.472073 -0.0349497 0.880847 0.472109 -0.0261803 0.680037 0.73271 -0.0399334 0.986246 0.160385 -0.0399343 0.986262 0.16029 -0.0405921 0.98483 -0.168709 -0.0405914 0.984804 -0.168858 -0.0261808 0.680048 0.7327 -0.0145763 0.405596 0.913936 -0.0145736 0.405532 0.913965 -0.00138804 0.0870902 0.996199 -0.00139317 0.0872153 0.996189 -0.361481 0.626378 0.690639 -0.336246 0.829651 0.445665 -0.0310773 0.867298 0.496818 -0.023155 0.666218 0.745398 -0.349855 0.359233 0.865189 -0.919901 0.113871 0.375253 -0.996178 0.0871557 -0.00572123 -0.906202 0.297197 0.300785 -0.683212 0.497319 0.534692 -0.704136 0.12329 0.69928 -0.0128644 0.39699 0.917733 -0.00125798 0.0871558 0.996194 -0.381703 0.113907 0.917239 -0.276725 0.948326 0.155246 -0.64083 0.707471 0.298028 -0.387968 0.91494 -0.111204 -0.0358205 0.979665 0.197419 -0.0368998 0.991823 -0.122174 -0.900922 0.431215 -0.0489274 -0.689123 0.71955 -0.085772 -0.851937 0.518014 0.0765879 -0.0347586 0.885386 0.463555 -0.134752 0.883628 0.448379 -0.165767 0.674592 0.719338 -0.299547 0.952302 -0.0582457 -0.0380017 0.986528 -0.159117 -0.0379728 0.986939 -0.156557 -0.285045 0.958316 -0.0194673 -0.552083 0.832217 0.0511786 -0.264793 0.964171 0.0160968 -0.522868 0.842259 0.131182 -0.482501 0.851641 0.204696 -0.307758 0.946271 -0.0992806 -0.037978 0.98738 -0.15375 -0.0379355 0.98786 -0.150642 -0.372443 0.867884 0.32873 -0.209188 0.974912 0.0760766 -0.432146 0.860221 0.270685 -0.303358 0.874497 0.378455 -0.174259 0.979586 0.100223 -0.836868 0.389829 0.384298 -0.891007 0.380136 0.2482 -0.942832 0.113433 0.313369 -0.0256506 0.672952 0.739241 -0.17512 0.395018 0.901828 -0.0137975 0.38847 0.921358 -0.00125792 0.0871557 0.996194 -0.0396492 0.989086 0.141903 -0.0401877 0.984833 -0.168788 -0.0894292 0.986874 0.134468 -0.800239 0.123072 0.586917 -0.676288 0.399222 0.619077 -0.764608 0.39603 0.508463 -0.224334 0.879853 0.418967 -0.239383 0.969738 0.0479924 -0.317623 0.105588 0.94232 -0.134401 0.983633 0.120013 -0.758441 0.632314 0.157944 -0.924364 0.367311 0.103122 -0.906263 0.418951 -0.0562794 -0.783946 0.619719 0.0371096 -0.689479 0.716879 -0.103454 -0.588176 0.117252 0.800188 -0.455234 0.399824 0.795552 -0.573061 0.400238 0.71513 -0.322611 0.398261 0.858668 -0.291465 0.673423 0.679374 -0.0399716 0.984889 -0.168508 -0.402727 0.670377 0.623222 -0.0395729 0.985024 -0.167816 -0.0391161 0.985227 -0.166727 -0.500395 0.665888 0.553352 -0.0386895 0.985488 -0.165274 -0.585202 0.660008 0.471092 -0.657199 0.652571 0.377147 -0.038348 0.985798 -0.163498 -0.0381184 0.986147 -0.161436 -0.715514 0.643362 0.272261 -0.996178 0.0871557 -0.00572115 -0.568916 0.821723 -0.0332423 -0.377564 0.915828 -0.136767 -0.377566 0.915786 -0.137041 -0.0379355 0.98786 -0.150642 -0.0368998 0.991823 -0.122174 -0.689486 0.716757 -0.104254 -0.376789 0.919559 -0.111542 -0.689055 0.719671 -0.0853051 -0.906269 0.418828 -0.0570817 -0.906126 0.420357 -0.0472827 -0.996178 0.0871557 -0.00572115 -0.996178 0.0871557 -0.00572115 0.416037 0.377159 0.827444 0.336941 0.62883 0.700744 0.284042 0.372702 0.88341 0.455785 0.838318 0.299137 0.597624 0.635002 0.489508 0.662441 0.635557 0.396533 0.909867 0.107498 0.400732 0.805876 0.379669 0.454329 0.729513 0.380599 0.568292 0.99606 0.0871557 0.0163552 0.909069 0.37342 0.184799 0.521747 0.633789 0.571043 0.409339 0.836805 0.363591 0.355405 0.834979 0.420116 0.227489 0.624557 0.747113 0.139813 0.365563 0.920226 -0.0151209 0.421863 0.906534 0.107447 0.618698 0.778247 -0.0235774 0.722806 0.690649 0.0579979 0.95329 0.296438 0.0965974 0.954987 0.280479 -0.0302288 0.998653 0.0421736 0.148176 0.82669 0.542797 0.38582 0.1094 0.916065 0.534392 0.379586 0.755209 0.0157635 0.951472 0.30733 -0.0300257 0.99869 0.041437 -0.030075 0.998692 0.0413513 0.294084 0.832747 0.469092 0.225078 0.830011 0.510314 0.493899 0.839586 0.226183 0.638873 0.380599 0.66857 0.866575 0.377507 0.3264 0.715084 0.635406 0.2914 0.521975 0.840627 0.144527 0.664032 0.745985 0.0506742 0.327792 0.942912 0.0588942 0.753276 0.634308 0.173863 -0.0302197 0.997843 0.058284 0.247249 0.963525 0.102405 0.899399 0.435722 0.0350386 -0.0304239 0.998021 0.0550323 0.232885 0.962098 0.141886 0.69814 0.112802 0.70702 -0.0305612 0.998172 0.0521454 0.213411 0.960734 0.177328 -0.0306545 0.998301 0.0495601 0.189741 0.95939 0.208734 0.131348 0.956557 0.260282 -0.0306885 0.998412 0.0472385 0.162354 0.958013 0.236331 0.434969 0.631808 0.641577 -0.0306323 0.998509 0.0451873 -0.0304687 0.99859 0.0434647 -0.00507487 0.0871557 0.996182 0.0638621 0.822729 0.564835 -0.0287362 0.924549 0.379977 -0.0279948 0.91957 0.391927 -0.0230219 0.72266 0.690821 -0.0279996 0.91978 0.391433 -0.0230165 0.722458 0.691032 -0.0293802 0.998663 0.0425226 -0.0293791 0.998696 0.0417411 -0.0150854 0.432667 0.901428 -0.0150842 0.432624 0.901448 -0.00521031 0.0870699 0.996189 -0.00521604 0.087267 0.996171 0.664025 0.745947 0.0513152 0.899392 0.43568 0.0357412 0.899477 0.434932 0.0421309 0.99606 0.0871557 0.0163552 0.99606 0.0871557 0.0163552 0.664485 0.744587 0.063636 0.32779 0.942901 0.0590941 0.328778 0.941385 0.0754959 -0.0302197 0.997843 0.058284 -0.0288313 0.99667 0.0762738 -0.0285805 0.998669 0.042925 -0.134529 0.924177 0.357491 -0.0832285 0.924175 0.372793 -0.342381 0.925368 0.162692 -0.590822 0.728787 0.346121 -0.31925 0.92486 0.206674 -0.910502 0.106259 0.399617 -0.714223 0.436217 0.547358 -0.786059 0.435512 0.438681 -0.0260455 0.997742 0.0619083 -0.359387 0.926225 0.113787 -0.0263231 0.997953 0.0582843 -0.537057 0.728981 0.424448 -0.291154 0.924584 0.24571 -0.88434 0.430335 0.180981 -0.843624 0.433779 0.316441 -0.667126 0.727827 0.158777 -0.323139 0.727965 0.604689 -0.403518 0.728648 0.553394 -0.422031 0.434908 0.795452 -0.0222087 0.722497 0.691018 -0.131958 0.725035 0.675952 -0.0140273 0.421689 0.906632 -0.0273572 0.99849 0.0476332 -0.258718 0.924433 0.280158 -0.222022 0.92433 0.310356 -0.0289109 0.998684 0.0423635 -0.0275084 0.924287 0.380705 -0.161718 0.428593 0.888907 -0.00507487 0.0871557 0.996182 -0.0270906 0.998388 0.0498698 -0.390698 0.10578 0.914421 -0.18076 0.924241 0.33631 -0.0276984 0.998572 0.0456724 -0.904826 0.424388 0.0344118 -0.684824 0.72692 0.0510295 -0.63487 0.728412 0.257596 -0.996077 0.0871557 0.0153101 -0.0281253 0.998633 0.0440649 -0.298414 0.432708 0.850713 -0.232685 0.726806 0.646228 -0.699642 0.10846 0.706214 -0.532246 0.435947 0.725716 -0.629515 0.436321 0.642911 -0.47461 0.728959 0.493319 -0.0268543 0.998267 0.0523594 -0.0266038 0.998124 0.0551368 -0.368804 0.927519 0.0607659 -0.00507541 0.0871556 0.996182 -0.0148279 0.424852 0.905141 0.204441 0.399324 0.893725 0.605802 0.697591 0.382584 0.664484 0.744585 0.0636653 0.833252 0.399364 0.382361 0.372269 0.113151 0.921202 0.670488 0.27715 0.68821 -0.0227094 0.710577 0.703253 0.893282 0.447431 0.0430506 0.99606 0.0871557 0.0163553 0.912981 0.113172 0.391993 0.15614 0.794823 0.58641 0.444585 0.576538 0.685528 -0.0274793 0.909391 0.415033 -0.0288313 0.99667 0.0762739 0.293132 0.897686 0.328988 0.341945 0.936697 0.075313 0.694236 0.122292 0.709282 -0.367819 0.926669 0.0774141 -0.368802 0.927505 0.0609837 -0.0247247 0.996476 0.0801493 -0.684817 0.726876 0.051736 -0.684284 0.726402 0.0639903 -0.0260455 0.997742 0.0619083 -0.904819 0.424337 0.0352347 -0.904651 0.424121 0.0415798 -0.996077 0.0871557 0.0153101 -0.996077 0.0871557 0.0153101 -0.0223658 0.710644 0.703196 -0.0146418 0.424992 0.905079 -0.022369 0.710764 0.703075 -0.00512059 0.0871442 0.996183 -0.01464 0.424926 0.90511 -0.0051213 0.0871692 0.99618 -0.0273527 0.909334 0.415167 -0.0273552 0.909446 0.414922 -0.0289898 0.996664 0.0762941 -0.0289896 0.996692 0.075928 -0.669799 0.273214 0.690451 -0.460391 0.568304 0.681961 -0.214837 0.40475 0.888832 -0.0132445 0.424119 0.90551 -0.00507483 0.0871557 0.996182 -0.379522 0.112497 0.918318 -0.624786 0.681081 0.381799 -0.684285 0.726404 0.0639568 -0.32998 0.884512 0.329774 -0.19067 0.788944 0.584133 -0.379429 0.922004 0.0770848 -0.0247247 0.996476 0.0801492 -0.698253 0.121421 0.705478 -0.0198803 0.709416 0.70451 -0.837745 0.388427 0.383808 -0.996077 0.0871558 0.0153102 -0.899248 0.435378 0.0424165 -0.914365 0.112568 0.388928 -0.0239496 0.908222 0.417803 0.406334 0.828166 0.386048 0.188638 0.952677 0.238376 0.352541 0.825359 0.441019 0.659128 0.628759 0.412568 0.712436 0.62991 0.309271 0.491836 0.83345 0.251909 0.938907 0.104053 0.328066 0.864844 0.373952 0.334971 0.803925 0.375176 0.461463 0.99606 0.0871557 0.0163552 0.908005 0.371121 0.194413 0.727661 0.375532 0.574009 0.594147 0.62721 0.503585 0.533073 0.374173 0.758833 0.414977 0.371735 0.830426 0.586214 0.111714 0.802417 0.10689 0.608191 0.786561 -0.0226784 0.710776 0.703053 -0.0146406 0.414809 0.909791 0.226006 0.614375 0.755953 0.139435 0.359991 0.922477 0.283252 0.367233 0.88595 0.0579104 0.944374 0.323736 0.147074 0.814874 0.560669 0.0961012 0.946473 0.308144 -0.029324 0.996623 0.0767044 0.223239 0.81879 0.528912 0.291642 0.822267 0.488694 0.130522 0.948555 0.288456 0.0161689 0.942295 0.334393 -0.0291494 0.996685 0.075957 -0.0292246 0.996689 0.0758781 0.453022 0.83082 0.323278 0.247337 0.95955 0.134494 0.521047 0.836138 0.171414 0.664329 0.74375 0.0741856 0.328524 0.940163 0.0903596 0.751837 0.630471 0.192994 -0.0291432 0.995255 0.0928292 0.899415 0.434546 0.0471371 -0.0293583 0.995548 0.0895635 0.232351 0.957073 0.173276 0.797319 0.109788 0.593488 -0.0295003 0.995799 0.0866786 0.21247 0.954805 0.207855 0.637274 0.375263 0.673097 -0.029607 0.996017 0.0841046 -0.0296682 0.996208 0.0817933 0.161307 0.950613 0.265169 0.518485 0.625224 0.583325 0.432164 0.622613 0.652371 -0.02965 0.996374 0.0797436 0.313455 0.106783 0.94358 0.334737 0.619099 0.7104 -0.0295277 0.996515 0.0780112 -0.00507487 0.0871557 0.996182 0.0636693 0.810521 0.582238 -0.0277042 0.914058 0.404636 -0.0236332 0.912823 0.40767 -0.0247247 0.996476 0.0801493 -0.0197864 0.996251 0.0842151 -0.0195071 0.709358 0.704579 -0.0192336 0.911633 0.410555 -0.0162466 0.707996 0.706029 -0.0128535 0.413981 0.910195 -0.0111674 0.413182 0.91058 -0.00507487 0.0871557 0.996182 -0.00507487 0.0871557 0.996182 0.664322 0.743672 0.0750154 0.899469 0.433926 0.0516126 0.66461 0.742687 0.0819122 0.99606 0.0871557 0.0163552 0.99606 0.0871557 0.0163552 0.899408 0.434462 0.0480367 0.328522 0.940139 0.0906214 0.329122 0.938998 0.0998095 -0.0291432 0.995255 0.0928292 -0.0283084 0.994287 0.102919 -0.0158716 0.708004 0.70603 -0.124011 0.711423 0.691736 -0.0107142 0.413191 0.910581 -0.881821 0.429027 0.195774 -0.839938 0.430742 0.330099 -0.661767 0.725997 0.187063 -0.582604 0.722947 0.371377 -0.30973 0.919421 0.242346 -0.333633 0.921361 0.199458 -0.911578 0.104508 0.397622 -0.709631 0.430948 0.557411 -0.781729 0.431147 0.450569 -0.528167 0.721565 0.447643 -0.281172 0.917837 0.28021 -0.0170864 0.994457 0.103749 -0.35169 0.923801 0.151346 -0.0173474 0.994824 0.100117 -0.624835 0.430472 0.651363 -0.702245 0.106815 0.703876 -0.527496 0.429682 0.732886 -0.0191194 0.911635 0.410555 -0.0739689 0.912182 0.403055 -0.24854 0.916467 0.313553 -0.211839 0.915219 0.342782 -0.0183156 0.995816 0.0895228 -0.0197864 0.996251 0.0842151 -0.0194603 0.996211 0.0847687 -0.157206 0.420716 0.893468 -0.00507487 0.0871557 0.996182 -0.417181 0.428224 0.801613 -0.392432 0.105764 0.91368 -0.170713 0.914059 0.367904 -0.0186193 0.995986 0.0875519 -0.903884 0.424975 0.0488874 -0.681446 0.727575 0.0791525 -0.627824 0.724413 0.284714 -0.996077 0.0871557 0.0153101 -0.124762 0.913021 0.388365 -0.0190181 0.99612 0.0859241 -0.293545 0.425489 0.856032 -0.223935 0.714271 0.663076 -0.314034 0.716612 0.622776 -0.394285 0.718534 0.572929 -0.0180846 0.995618 0.0917529 -0.465425 0.720143 0.514562 -0.0178712 0.995391 0.0942233 -0.0176279 0.99513 0.0969794 -0.362267 0.926848 0.0985657 0.765776 0.640516 -0.0576741 0.89947 0.43395 0.0513859 0.919239 0.378217 -0.10932 -0.00548351 0.38156 -0.924328 0.15484 0.391289 -0.907148 0.00211537 0.0871557 -0.996192 0.384869 0.87038 -0.307106 0.179772 0.979424 -0.0917107 0.206731 0.976567 -0.059829 0.32193 0.107572 -0.940632 0.251485 0.670121 -0.69835 0.250237 0.875992 -0.412335 0.365536 0.671214 -0.644868 -0.0283084 0.994287 0.102919 0.254125 0.965442 0.05781 -0.0280844 0.993932 0.106346 0.737621 0.650298 -0.181736 0.691673 0.658101 -0.297475 0.513563 0.853704 -0.0862679 0.664612 0.742716 0.0816326 0.88458 0.389045 -0.257218 0.24456 0.96951 0.0155386 -0.0279106 0.993609 0.109376 0.228533 0.973242 -0.0239499 0.438203 0.865849 -0.241419 0.481499 0.860284 -0.167544 0.664366 0.40333 -0.62924 0.754676 0.401357 -0.519015 0.804598 0.121847 -0.581184 0.828775 0.396744 -0.394621 0.438667 0.401254 -0.804094 0.303712 0.397481 -0.865892 0.322163 0.873811 -0.364233 0.148045 0.981743 -0.119427 0.078615 0.875538 -0.476711 0.124693 0.66666 -0.734858 -0.0132418 0.660149 -0.751018 0.0707329 0.984368 -0.161298 0.111692 0.983432 -0.142778 0.168996 0.876676 -0.450422 -0.0197362 0.872268 -0.488629 -0.0238662 0.983403 -0.179857 0.0253214 0.984402 -0.174101 -0.0253891 0.992062 0.123159 -0.0257069 0.992114 0.122676 -0.0261579 0.992217 0.121744 0.593663 0.118562 -0.795932 -0.0266205 0.992367 0.12041 0.558925 0.403186 -0.7246 0.466606 0.670431 -0.576889 -0.027024 0.992558 0.118735 0.554868 0.668008 -0.49587 -0.0273412 0.992782 0.116771 0.630183 0.663947 -0.402547 -0.0275762 0.993034 0.114553 0.945535 0.11202 -0.305638 -0.027754 0.99331 0.112094 0.99606 0.0871557 0.0163552 0.532946 0.846149 0.000729319 0.329123 0.939008 0.0997067 -0.362266 0.926818 0.0988573 -0.0170864 0.994457 0.103749 -0.016014 0.992511 0.121101 -0.681441 0.727479 0.0800776 -0.361472 0.925322 0.114532 -0.681019 0.72649 0.0917888 -0.903878 0.424866 0.0499299 -0.903752 0.424379 0.0559968 -0.996077 0.0871557 0.0153101 -0.996077 0.0871557 0.0153101 -0.0133813 0.666858 -0.745065 -0.0133782 0.66675 -0.745162 -0.00591491 0.397362 -0.917643 -0.00591309 0.397294 -0.917673 0.00215759 0.087149 -0.996193 -0.0194731 0.867916 -0.496329 0.00215768 0.0871457 -0.996193 -0.0194766 0.868023 -0.496142 -0.0235762 0.980244 -0.196381 -0.0235736 0.980188 -0.196662 -0.0252595 0.992067 0.123148 -0.02526 0.992023 0.123502 -0.953663 0.0911119 -0.286752 -0.996077 0.0871557 0.0153101 -0.920488 0.364188 -0.141665 -0.0157951 0.992039 0.124935 -0.289879 0.954923 0.0639648 -0.016014 0.992511 0.121101 -0.361472 0.925325 0.114502 -0.557051 0.83045 -0.00693305 -0.777443 0.623993 -0.0788325 -0.68102 0.7265 0.0917025 -0.0156147 0.991172 0.131661 -0.277083 0.960769 0.0121532 -0.015625 0.991602 0.128376 -0.903752 0.424389 0.0559122 -0.764609 0.440262 -0.470683 -0.822597 0.0871557 -0.561906 -0.871716 0.368245 -0.323275 -0.739955 0.631817 -0.230812 -0.585335 0.75305 -0.300497 -0.531725 0.839289 -0.113407 -0.31304 0.946147 -0.0825334 0.332108 0.649123 -0.684357 -0.0193365 0.868037 -0.496123 -0.0132953 0.666872 -0.745053 -0.00589192 0.397373 -0.917638 0.340707 0.381894 -0.859113 0.99606 0.0871558 0.0163552 0.901093 0.341433 -0.267312 0.922912 0.114337 -0.367643 0.660561 0.274228 -0.698898 0.289625 0.850125 -0.439779 0.00211536 0.0871557 -0.996192 -0.0233963 0.980254 -0.196355 0.217594 0.964393 -0.150332 0.344421 0.931327 0.118341 0.607497 0.743125 -0.280556 -0.025059 0.992024 0.123534 0.668111 0.53602 -0.516052 0.384751 0.114298 -0.915916 0.665858 0.73982 0.0964333 0.893646 0.444654 0.060657 0.708154 0.123665 -0.695144 -0.822597 0.0871557 -0.561906 -0.764637 0.440256 -0.470643 -0.791828 0.373113 -0.483523 -0.0148093 0.982723 0.18449 -0.256636 0.966446 0.0109909 -0.0156147 0.991172 0.131661 -0.6798 0.643996 -0.350916 -0.585361 0.753045 -0.30046 -0.491593 0.852644 -0.177015 -0.313048 0.946145 -0.0825212 -0.498933 0.855729 -0.137088 -0.0132284 0.971395 0.237099 -0.822597 0.0871557 -0.561906 -0.822597 0.0871557 -0.561906 -0.798014 0.375626 -0.471253 -0.688713 0.648394 -0.324438 -0.259613 0.963831 0.0602532 0.665782 0.739956 0.095917 0.899749 0.432419 0.0588671 0.900514 0.424594 0.0937753 0.99606 0.0871557 0.0163552 0.99606 0.0871557 0.0163552 0.668798 0.72529 0.163288 0.331487 0.935987 0.118513 0.337469 0.91796 0.208481 -0.0250585 0.992024 0.123534 -0.0168772 0.974738 0.222714 -0.198394 0.980069 -0.0101879 -0.444637 0.869818 -0.213809 -0.232033 0.972444 0.0226632 -0.284054 0.691817 -0.663854 -0.211362 0.90036 -0.380366 -0.114579 0.90542 -0.408762 -0.516736 0.675452 -0.526069 -0.37776 0.882151 -0.28126 -0.299526 0.892454 -0.337358 -0.0656946 0.995238 -0.0720176 -0.013596 0.969665 0.244059 -0.0134941 0.969659 0.244089 -0.114683 0.991695 -0.0582213 -0.159098 0.986555 -0.0373904 -0.498752 0.855794 -0.137344 -0.0134249 0.969806 0.243509 -0.259559 0.96385 0.0601771 -0.611408 0.66303 -0.431939 -0.688433 0.648493 -0.324832 -0.0130292 0.970897 0.239143 -0.0132284 0.971395 0.237099 -0.797798 0.375703 -0.471557 -0.822597 0.0871557 -0.561906 -0.703812 0.38717 -0.595607 -0.599221 0.0989892 -0.79444 -0.320075 0.404406 -0.856743 -0.462375 0.401937 -0.790352 -0.00251468 0.400283 -0.916388 0.00211537 0.0871557 -0.996192 -0.166069 0.403851 -0.899625 -0.0069957 0.694773 -0.719195 -0.150122 0.695164 -0.703001 -0.591046 0.396186 -0.702639 -0.0130217 0.970446 0.240967 -0.319755 0.0978497 -0.942434 -0.406885 0.685155 -0.604158 -0.0131834 0.970073 0.242456 -0.0128121 0.996876 -0.0779314 -0.010604 0.907089 -0.420806 0.464217 0.872906 -0.150127 0.411981 0.884 -0.220943 0.20032 0.979571 0.0176617 -0.00632841 0.694483 -0.719482 0.13942 0.699293 -0.701108 0.163772 0.408773 -0.897822 0.842775 0.402829 -0.357015 0.894703 0.390005 -0.217721 0.946117 0.116554 -0.302123 0.189972 0.906081 -0.378058 0.388925 0.69741 -0.601961 0.271396 0.699908 -0.660661 0.00211537 0.0871557 -0.996192 0.322564 0.107503 -0.940423 0.0876123 0.994476 -0.0578019 0.274626 0.900968 -0.335914 0.924611 0.37413 -0.0715645 0.775268 0.631485 0.0136607 0.900505 0.425039 0.0918248 0.66879 0.72571 0.161445 0.75397 0.647765 -0.109223 0.260009 0.956862 0.129658 -0.0166838 0.972544 0.232119 -0.0167049 0.973212 0.229301 0.246744 0.964965 0.0892192 0.531463 0.846998 0.0118903 -0.0165792 0.971933 0.234671 0.266247 0.948509 0.171588 -0.0167267 0.973939 0.226195 -0.0168772 0.974738 0.222714 0.226674 0.972603 0.0516003 0.50441 0.860468 -0.0718706 0.130588 0.990729 -0.0374516 0.348632 0.893463 -0.283159 0.16819 0.98568 -0.0121297 0.0946307 0.908238 -0.407614 0.0393844 0.996614 -0.0721768 0.806866 0.129429 -0.576381 0.68148 0.416141 -0.602006 0.771055 0.411505 -0.48594 -0.0106961 0.906801 -0.421423 0.316074 0.41371 -0.85378 -0.0134685 0.996796 -0.0788493 -0.0142904 0.969915 0.243024 -0.00168244 0.400131 -0.916456 -0.0145687 0.970016 0.242602 0.595717 0.122614 -0.793781 0.453464 0.41652 -0.787961 -0.0150228 0.970218 0.241767 0.57538 0.41751 -0.703295 0.492149 0.692353 -0.527671 -0.015527 0.970518 0.240526 -0.0159889 0.970911 0.238907 0.581119 0.684887 -0.43958 0.655305 0.674949 -0.339144 -0.0163491 0.971386 0.236943 0.713479 0.662498 -0.228134 0.99606 0.0871557 0.0163552 0.544666 0.832878 0.098251 0.337467 0.918096 0.207883 -0.00258963 0.419666 -0.907675 0.0022234 0.0870981 -0.996197 -0.00259094 0.419753 -0.907635 -0.00709819 0.702657 -0.711494 -0.00709446 0.702436 -0.711711 0.00222177 0.0872156 -0.996187 -0.0107594 0.902051 -0.431495 -0.0107641 0.902277 -0.431022 -0.0131542 0.994954 -0.0994636 -0.0131507 0.994881 -0.100198 -0.0139852 0.969935 0.242961 -0.0139852 0.969704 0.243884 -0.682148 0.722229 0.114275 -0.904028 0.42209 0.0676262 -0.904242 0.423047 0.0581256 -0.996077 0.0871557 0.0153101 -0.996077 0.0871557 0.0153101 -0.682915 0.724171 0.095937 -0.363751 0.92018 0.144756 -0.365234 0.923121 0.120212 -0.0191886 0.987764 0.15477 -0.0212199 0.991598 0.127601 0.344343 0.737995 0.580337 -0.0512468 0.547429 0.835282 0.058456 0.818053 0.572165 0.519664 0.705725 0.481561 0.588701 0.322943 0.74104 0.28356 0.453672 0.844852 0.811145 0.0871557 0.578315 0.559317 0.17046 0.811238 0.237786 0.23254 0.943071 -0.217073 0.856546 0.468197 -0.373923 0.592509 0.713523 0.709043 0.422426 0.564637 -0.450427 0.265676 0.852368 -0.644187 0.583285 0.494775 -0.731328 0.232585 0.641142 -0.92109 0.1705 0.350032 -0.996077 0.0871557 0.0153103 -0.89857 0.433345 0.0691731 -0.828297 0.520908 0.206348 0.266545 0.902165 0.339194 -0.0191887 0.987764 0.15477 -0.113386 0.265658 0.957376 -0.375584 0.915589 0.143641 -0.682216 0.722227 0.113889 -0.447848 0.84867 0.281411 -0.519429 0.721274 -0.45821 -0.730239 0.43185 -0.529393 -0.532483 0.350907 -0.770277 -0.644608 0.745355 -0.170075 -0.682913 0.724177 0.0959009 -0.858169 0.45646 -0.234925 -0.00459765 0.398091 -0.917335 -0.325927 0.642072 -0.693913 -0.239393 0.914572 -0.32596 -0.381495 0.114439 -0.91726 0.00211595 0.0871556 -0.996192 -0.922203 0.114369 -0.369406 -0.89879 0.434319 0.0595305 -0.996077 0.0871558 0.0153101 -0.0196203 0.980991 -0.193058 -0.0212197 0.991598 0.127601 -0.345138 0.934914 -0.0825585 -0.376931 0.918487 0.119601 -0.016047 0.869289 -0.494044 -0.706293 0.123863 -0.696999 -0.0108676 0.66821 -0.743893 0.257941 0.906776 0.333502 -0.019793 0.991449 0.128983 0.353568 0.858984 0.37032 0.519938 0.70571 0.481287 -0.0191886 0.987764 0.15477 0.568999 0.659077 0.49179 0.71387 0.41226 0.566067 0.726869 0.392565 0.563519 0.811145 0.0871557 0.578315 0.811145 0.0871557 0.578315 -0.0105341 0.668164 -0.743939 -0.00434291 0.398209 -0.917284 -0.0105383 0.668337 -0.743784 0.00230023 0.087022 -0.996204 -0.00434359 0.39824 -0.917271 -0.0156402 0.869307 -0.494026 0.00229405 0.087321 -0.996178 -0.015647 0.869553 -0.493591 -0.0191424 0.981109 -0.192505 -0.0191363 0.980962 -0.193257 -0.0206625 0.991635 0.127406 -0.020664 0.991503 0.12843 0.578095 0.693637 -0.429736 0.522415 0.665485 -0.533115 0.813856 0.404389 -0.417262 0.849992 0.483138 -0.209978 0.81475 0.579723 -0.0102216 0.597517 0.735962 -0.318329 0.437748 0.897521 -0.0532171 0.552728 0.783735 0.283288 0.354098 0.858628 0.370638 0.578575 0.787873 -0.210968 0.711948 0.683677 0.160363 0.523323 0.843744 -0.119285 0.937345 0.290758 0.191949 0.957194 0.140152 0.253253 0.801324 0.428303 0.417655 -0.0101677 0.668572 -0.743578 -0.00424606 0.398417 -0.917195 0.100618 0.727065 -0.679155 0.550425 0.331675 -0.766175 0.351676 0.345589 -0.869996 0.351554 0.140304 -0.925594 0.213531 0.68711 -0.694467 0.135549 0.392245 -0.909819 0.00211486 0.0871557 -0.996192 0.261746 0.88619 -0.382304 -0.0183653 0.981215 -0.192043 -0.0150489 0.869759 -0.493246 0.329691 0.662035 -0.673063 0.101972 0.992844 -0.0621464 0.215004 0.976342 -0.0230111 0.332826 0.942967 -0.0063046 -0.0197936 0.991449 0.128983 0.436511 0.654556 -0.617264 0.710258 0.352009 -0.609609 0.655306 0.175087 -0.734791 0.873809 0.18712 -0.448826 0.979 0.174957 -0.104636 0.569104 0.658946 0.491844 0.811145 0.0871557 0.578315 0.726749 0.392849 0.563476 0.266259 0.895036 0.357794 -0.0173475 0.983751 0.178699 -0.0173475 0.983751 0.178699 0.811145 0.0871558 0.578315 0.707035 0.418028 0.570398 0.707035 0.418028 0.570398 0.517814 0.698579 0.493818 0.517814 0.698579 0.493818 0.266259 0.895036 0.357794 0.811145 0.0871558 0.578315 -0.0759511 0.901867 0.425284 -0.0173475 0.983751 0.178699 -0.120731 0.903105 0.412098 -0.504943 0.737684 0.448168 -0.262307 0.909579 0.322275 -0.290354 0.911404 0.291611 -0.315775 0.913604 0.256152 -0.55889 0.73406 0.385742 -0.825866 0.457497 0.329607 -0.647103 0.72722 0.228929 -0.872008 0.441843 0.210659 -0.70658 0.225892 0.67061 -0.617042 0.49941 0.608152 -0.697478 0.486302 0.52634 -0.0173475 0.983751 0.178699 -0.337539 0.916493 0.21473 -0.0173475 0.983751 0.178699 -0.525496 0.510667 0.680495 -0.445236 0.740842 0.502909 -0.231853 0.907897 0.349237 -0.161763 0.904611 0.39435 -0.0173475 0.983751 0.178699 -0.422018 0.518876 0.743416 -0.467961 0.262401 0.843895 0.293754 0.478073 0.82774 0.182537 0.492261 0.851093 0.426834 0.184491 0.885311 0.0672774 0.504922 0.860539 -0.0529885 0.515033 0.855531 0.159716 0.229766 0.960051 0.811145 0.0871557 0.578315 0.611442 0.430323 0.664049 0.642406 0.139801 0.753505 0.507887 0.447253 0.736217 0.40197 0.463018 0.789959 0.71243 0.408432 0.570637 0.436524 0.708092 0.555025 0.518483 0.698766 0.49285 0.211363 0.901168 0.378446 0.2579 0.899605 0.352418 0.170919 0.90023 0.400466 -0.0173475 0.983751 0.178699 -0.0173475 0.983751 0.178699 0.0510929 0.900315 0.432229 0.0909131 0.900076 0.426142 -0.0173475 0.983751 0.178699 0.0104373 0.900625 0.434472 -0.0173475 0.983751 0.178699 -0.0318168 0.901083 0.432477 -0.0173475 0.983751 0.178699 -0.153205 0.265448 0.951875 -0.178523 0.521375 0.834444 -0.305819 0.522765 0.795733 -0.0173475 0.983751 0.178699 -0.198586 0.906241 0.373218 -0.0173475 0.983751 0.178699 -0.767201 0.472212 0.434071 -0.606793 0.730428 0.313493 -0.903846 0.421346 0.0743584 -0.996077 0.0871557 0.0153101 -0.681469 0.720396 0.128955 0.130702 0.899976 0.415884 -0.0173475 0.983751 0.178699 -0.0173475 0.983751 0.178699 0.357561 0.713741 0.602266 0.279003 0.719692 0.635768 0.200808 0.725555 0.658215 0.121971 0.730958 0.671434 0.0409886 0.735632 0.676141 -0.0435778 0.739432 0.671819 -0.132347 0.742285 0.656884 -0.222735 0.744011 0.629949 -0.379097 0.743135 0.551394 -0.305302 0.74426 0.594026 -0.0173475 0.983751 0.178699 -0.865492 0.182212 0.466607 -0.0173475 0.983751 0.178699 -0.959069 0.138457 0.247016 -0.0173475 0.983751 0.178699 -0.0173475 0.983751 0.178699 -0.362416 0.91713 0.165915 0.315742 0.894713 -0.315905 0.148275 0.987141 -0.059724 0.375596 0.890877 -0.255472 0.573706 0.166303 -0.802 0.425555 0.436992 -0.792427 0.541631 0.446743 -0.71208 0.170818 0.896983 -0.407729 0.0755404 0.991584 -0.105139 0.24764 0.896745 -0.366774 -0.00299075 0.390226 -0.920714 0.154467 0.409817 -0.898994 0.00211537 0.0871557 -0.996192 0.310902 0.131631 -0.941283 0.811899 0.452092 -0.369367 0.866769 0.443826 -0.227443 0.9362 0.182795 -0.300191 0.178179 0.983546 -0.0298107 0.426857 0.885055 -0.185664 0.49004 0.821455 0.291673 0.244102 0.948033 0.204078 0.234822 0.941362 0.242273 0.508694 0.833649 0.215082 0.516472 0.845169 0.137644 0.247987 0.954539 0.165403 0.666192 0.611942 0.42628 0.517864 0.698593 0.493746 0.711712 0.408231 0.571676 0.865082 0.388738 0.317043 0.70933 0.629368 0.317407 0.813573 0.36899 0.449383 -0.0173475 0.983751 0.178699 0.21974 0.934496 0.280058 -0.0173475 0.983751 0.178699 -0.0173475 0.983751 0.178699 0.986652 0.162839 -0.00110481 0.906226 0.419986 0.0486485 0.895519 0.40547 0.183411 0.897182 0.432799 -0.0880345 0.238947 0.967275 0.0853442 0.246458 0.960939 0.125918 0.513318 0.8562 0.0585394 0.946492 0.132657 0.294204 0.296926 0.424645 -0.855285 0.203687 0.979024 0.00479494 0.468427 0.876978 -0.107168 0.645603 0.453125 -0.614715 0.736552 0.455144 -0.500335 0.788412 0.185935 -0.586374 0.114121 0.989834 -0.0848866 0.0321459 0.992265 -0.1199 0.0842072 0.895207 -0.437623 -0.0132221 0.888834 -0.458038 -0.0162868 0.990903 -0.133586 -0.0173475 0.983751 0.178699 0.127879 0.689356 -0.713046 -0.00845198 0.676214 -0.736657 -0.0173475 0.983751 0.178699 0.249263 0.696954 -0.6724 -0.0173475 0.983751 0.178699 0.357427 0.702047 -0.615935 -0.0173475 0.983751 0.178699 0.453952 0.704772 -0.545183 -0.0173475 0.983751 0.178699 0.539491 0.704826 -0.460618 -0.0173475 0.983751 0.178699 0.613416 0.701673 -0.362459 -0.0173475 0.983751 0.178699 0.224383 0.973515 0.0438215 0.673772 0.694797 -0.251572 0.498051 0.866842 -0.0230368 0.71733 0.684143 -0.131856 -0.0173475 0.983751 0.178699 0.740321 0.67207 -0.0157276 -0.0173475 0.983751 0.178699 0.745835 0.659017 0.0970863 -0.0173475 0.983751 0.178699 0.735482 0.644906 0.207756 -0.0173475 0.983751 0.178699 0.811145 0.0871557 0.578315 0.459677 0.808414 0.367645 0.257706 0.89955 0.352699 -0.68147 0.720124 0.13046 -0.68147 0.720124 0.13046 -0.898342 0.432306 0.0780612 -0.996077 0.0871557 0.0153101 -0.996077 0.0871557 0.0153101 -0.898342 0.432306 0.0780612 -0.0173474 0.983751 0.178699 -0.374223 0.912441 0.165557 -0.0173474 0.983751 0.178699 -0.374223 0.912441 0.165557 -0.0162279 0.988188 -0.152387 -0.0173475 0.983751 0.178698 -0.0173475 0.983751 0.178698 -0.00362562 0.407636 -0.913137 -0.0089691 0.683423 -0.729967 -0.0089691 0.683423 -0.729967 -0.0133292 0.884281 -0.466765 -0.0133292 0.884281 -0.466765 -0.0162279 0.988188 -0.152387 0.00211537 0.0871556 -0.996192 0.00211537 0.0871559 -0.996192 -0.00362562 0.407636 -0.913137 -0.244285 0.969692 0.00477055 -0.218765 0.975345 -0.0290681 -0.470873 0.862066 -0.187404 -0.945068 0.114614 -0.306122 -0.996077 0.0871557 0.0153101 -0.924115 0.371854 -0.0879579 -0.511266 0.852227 -0.110975 -0.26427 0.963513 0.0424691 -0.150886 0.682558 -0.715086 -0.167069 0.399849 -0.901226 -0.317413 0.404269 -0.857797 -0.287404 0.884387 -0.367776 -0.152436 0.984732 -0.0840603 -0.111777 0.988229 -0.104445 -0.279338 0.682699 -0.675198 0.00211537 0.0871557 -0.996192 -0.00357904 0.390216 -0.920717 -0.00903869 0.676204 -0.736659 -0.452811 0.406694 -0.79345 -0.0662154 0.990693 -0.118921 -0.0173475 0.983751 0.178699 -0.0173475 0.983751 0.178699 -0.188097 0.980391 -0.0587644 -0.358521 0.878254 -0.316437 -0.393599 0.680535 -0.618023 -0.206144 0.888919 -0.409056 -0.592353 0.120013 -0.79669 -0.677563 0.406628 -0.612832 -0.572863 0.407578 -0.711132 -0.493928 0.676526 -0.546212 -0.27819 0.956893 0.083462 -0.539793 0.84133 -0.028066 -0.712301 0.653331 -0.256488 -0.754518 0.641349 -0.139192 -0.285615 0.949926 0.126743 -0.555345 0.829516 0.0591244 -0.419726 0.870768 -0.256111 -0.892148 0.385727 -0.235132 -0.362416 0.917099 0.166083 -0.778514 0.627434 -0.0155928 -0.68147 0.720294 0.129524 -0.0173475 0.983751 0.178699 -0.903848 0.421219 0.0750596 -0.0173475 0.983751 0.178699 -0.0173475 0.983751 0.178699 -0.804074 0.125536 -0.581124 -0.838759 0.396295 -0.373408 -0.0173475 0.983751 0.178699 -0.766565 0.403126 -0.499868 -0.653809 0.663107 -0.364449 -0.0173475 0.983751 0.178699 -0.580708 0.670766 -0.461358 -0.0173475 0.983751 0.178699 -0.0173475 0.983751 0.178699 -0.319223 0.107139 -0.941604 -0.0173475 0.983751 0.178699 -0.0173475 0.983751 0.178699 -0.114608 0.891484 -0.438317 -0.0135047 0.88883 -0.458039 -0.0163452 0.990902 -0.133587 0.54828 0.655763 0.519003 0.276394 0.845715 0.456478 0.491752 0.648712 0.580821 0.995533 0.0871557 0.0363085 0.899552 0.407156 0.158211 0.868117 0.399396 0.294714 0.761529 0.389074 0.518358 0.951238 0.0953519 0.293349 0.821232 0.393276 0.413415 0.598 0.664506 0.448139 0.30352 0.853625 0.423321 0.428424 0.642323 0.63551 0.21316 0.83274 0.510986 0.357522 0.635861 0.684002 0.0938769 0.614651 0.783193 -0.00459487 0.444239 0.895897 0.135844 0.366565 0.920422 0.04362 0.812094 0.581894 0.0919381 0.81621 0.570394 -0.00746957 0.938831 0.344297 -0.00734775 0.939129 0.343485 -0.00735717 0.939184 0.343335 0.136518 0.821267 0.55397 0.18969 0.621762 0.759888 0.176809 0.826861 0.533891 0.278051 0.628979 0.725998 0.270884 0.374321 0.886852 0.348646 0.106377 0.931198 0.395658 0.37957 0.83629 0.507336 0.382714 0.772101 0.646072 0.103403 0.75624 0.639696 0.676143 0.365541 0.326624 0.863324 0.384693 0.689656 0.386444 0.612401 0.605188 0.38465 0.696988 0.840967 0.097686 0.532196 0.343788 0.875515 0.339534 0.670473 0.691827 0.268032 -0.00718609 0.937107 0.348969 -0.00657985 0.93244 0.361265 -0.00668992 0.933691 0.358016 -0.0067166 0.934733 0.355288 -0.00679252 0.935618 0.35295 0.246218 0.838926 0.485365 -0.00695887 0.936397 0.350874 -0.00739828 0.937763 0.347196 -0.00750785 0.938353 0.345597 -0.00173759 0.0871557 0.996193 -0.00640975 0.749441 0.66204 -0.00629531 0.749442 0.66204 -0.00735717 0.939184 0.343335 -0.00538547 0.938006 0.346578 -0.00479125 0.747898 0.663797 -0.00428234 0.444241 0.895897 -0.00348514 0.443253 0.89639 -0.00173759 0.0871557 0.996193 -0.00173759 0.0871557 0.996193 0.67047 0.691244 0.269539 0.899549 0.406537 0.159811 0.899639 0.404513 0.164375 0.995533 0.0871557 0.0363085 0.995533 0.0871557 0.0363085 0.670827 0.687388 0.278367 0.343786 0.875324 0.340029 0.3445 0.870339 0.351893 -0.00657985 0.93244 0.361265 -0.0055961 0.92722 0.374476 -0.0549097 0.810024 0.58382 -0.10273 0.813662 0.572189 -0.103221 0.612643 0.78359 -0.553021 0.651162 0.519766 -0.28469 0.841577 0.45902 -0.311472 0.849339 0.426155 -0.869254 0.396601 0.295136 -0.822655 0.390208 0.413493 -0.643659 0.671524 0.367095 -0.00352524 0.930404 0.366518 -0.334269 0.858965 0.387871 -0.00381917 0.931772 0.363023 -0.254906 0.835 0.487645 -0.222303 0.829082 0.513035 -0.00452803 0.934653 0.355531 -0.00442661 0.933831 0.357686 -0.186472 0.823522 0.535761 -0.00450642 0.935408 0.353541 -0.692156 0.382986 0.611753 -0.649234 0.10114 0.753834 -0.60846 0.381219 0.696024 -0.0031434 0.443255 0.89639 -0.142424 0.365262 0.919945 -0.00173759 0.0871557 0.996193 -0.40075 0.376874 0.835084 -0.511495 0.379531 0.770927 -0.198396 0.619098 0.75984 -0.351629 0.10519 0.930211 -0.00466658 0.747898 0.663797 -0.00538547 0.938006 0.346578 -0.00503434 0.937804 0.347128 -0.146746 0.818297 0.555747 -0.00445087 0.936122 0.351646 -0.995545 0.0871557 0.0359852 -0.90057 0.404594 0.158989 -0.602288 0.659844 0.449283 -0.763407 0.385761 0.518072 -0.351174 0.871159 0.343161 -0.276844 0.372296 0.885863 -0.00467554 0.937375 0.348289 -0.00447742 0.936792 0.349859 -0.285895 0.62572 0.725767 -0.364445 0.632104 0.683831 -0.843076 0.0960558 0.529147 -0.434488 0.638175 0.635573 -0.497082 0.644282 0.581214 -0.951987 0.094808 0.291088 -0.00417246 0.932892 0.360131 -0.674252 0.687338 0.270093 0.33045 0.941603 -0.0647061 0.550191 0.803585 -0.227027 0.473128 0.823175 -0.3139 0.270114 0.851457 -0.44951 0.187842 0.969748 -0.155901 0.379722 0.839397 -0.388874 0.00217254 0.736803 -0.676104 0.172143 0.643928 -0.745469 0.00258993 0.423279 -0.905996 0.00118858 0.0871557 -0.996194 0.179251 0.374788 -0.909617 0.3296 0.108765 -0.937835 0.947623 0.318145 -0.0281689 0.925025 0.338904 -0.171679 0.832767 0.551299 -0.0506734 0.845457 0.528568 0.0762714 0.812663 0.371852 -0.44867 0.822582 0.13948 -0.551275 0.724147 0.379927 -0.575558 0.899615 0.407693 0.156461 0.953097 0.121235 -0.277324 0.879826 0.357863 -0.312793 0.229925 0.92554 0.300848 -0.00624196 0.923194 0.384283 -0.00595761 0.924424 0.381321 0.209826 0.948743 0.236344 0.452116 0.882991 0.126166 0.424643 0.903538 0.05743 0.383852 0.923369 -0.00683939 0.61015 0.781417 -0.130787 0.22329 0.937165 0.268072 0.46613 0.862603 0.196566 -0.0055961 0.92722 0.374476 0.230477 0.914244 0.333225 -0.00563558 0.925753 0.378086 0.456058 0.635966 -0.622542 0.323253 0.641944 -0.695281 0.265049 0.957371 -0.114847 0.143912 0.858292 -0.49257 0.0988032 0.977641 -0.185622 -0.000475293 0.944368 -0.328892 0.341502 0.379219 -0.859982 -0.00285238 0.998421 0.0561069 -0.00363169 0.918731 0.394868 0.0464722 0.991163 0.12424 -0.00393647 0.91887 0.394541 0.0910452 0.986213 0.138181 0.611222 0.129622 -0.780773 0.487247 0.382016 -0.785273 -0.00446994 0.919162 0.393854 0.129865 0.978984 0.157245 0.61524 0.38278 -0.689173 0.570684 0.626375 -0.531013 -0.00509628 0.919628 0.392758 0.162755 0.97005 0.180318 0.666662 0.612928 -0.424124 -0.00568427 0.920273 0.391236 0.189528 0.959841 0.206842 0.743005 0.595463 -0.30556 -0.00611866 0.921094 0.389292 0.798616 0.57444 -0.17953 -0.00631456 0.922076 0.386958 0.65202 0.757668 -0.0284379 0.675316 0.73362 0.0758265 0.995533 0.0871557 0.0363085 0.680786 0.710717 0.177231 0.467801 0.84309 0.265258 0.670815 0.69025 0.271223 0.344502 0.871265 0.349594 -0.351173 0.870956 0.343677 -0.00352524 0.930404 0.366518 -0.00272798 0.92513 0.37964 -0.674251 0.686729 0.271641 -0.350591 0.866387 0.355611 -0.673953 0.683413 0.280597 -0.900568 0.403952 0.160622 -0.900488 0.402253 0.165269 -0.995545 0.0871557 0.0359852 -0.995545 0.0871557 0.0359852 -0.00193528 0.939407 -0.342799 -0.000893737 0.74672 -0.665138 -0.000895128 0.747029 -0.664791 0.00027385 0.448722 -0.893671 0.000274179 0.448628 -0.893719 0.0014047 0.0867674 -0.996228 0.00140282 0.0874403 -0.996169 -0.00193782 0.939761 -0.341827 -0.0027064 0.999561 0.0294897 -0.00270388 0.999607 0.0278856 -0.00309116 0.918832 0.394637 -0.00309215 0.917971 0.396635 -0.745928 0.593541 -0.302161 -0.55492 0.801429 -0.223105 -0.669933 0.611528 -0.420979 -0.614528 0.778654 -0.126699 -0.655946 0.75441 -0.024495 -0.430397 0.900522 0.0618045 -0.823165 0.139735 -0.55034 -0.881069 0.356761 -0.310547 -0.814296 0.371047 -0.44637 -0.953273 0.121303 -0.276689 -0.995545 0.0871557 0.0359852 -0.948143 0.316685 -0.0271079 -0.136401 0.977482 0.161007 -0.097313 0.985133 0.141573 -0.27098 0.956125 -0.11133 -0.179058 0.375037 -0.909552 -0.342032 0.379352 -0.859713 -0.173997 0.644309 -0.744709 0.00118858 0.0871557 -0.996194 -0.00220173 0.423691 -0.905804 -0.488462 0.381994 -0.784529 -0.325832 0.64198 -0.694043 -0.00221617 0.917526 0.397669 -0.00217405 0.917529 0.397663 -0.0523426 0.99049 0.127238 -0.274452 0.85124 -0.447287 -0.384472 0.838566 -0.385989 -0.193438 0.969123 -0.152912 -0.478002 0.821682 -0.310408 -0.336497 0.939723 -0.0607435 -0.389823 0.920886 -0.00257798 -0.45917 0.635584 -0.620641 -0.457585 0.879544 0.130453 -0.678809 0.730017 0.0793277 -0.169437 0.96814 0.184383 -0.925844 0.337565 -0.16989 -0.471334 0.858845 0.200575 -0.683982 0.706928 0.180062 -0.673933 0.686398 0.273261 -0.472854 0.839126 0.268843 -0.847048 0.525723 0.0782589 -0.35059 0.867364 0.353224 -0.00272798 0.92513 0.37964 -0.237218 0.910953 0.33748 -0.900455 0.40557 0.157142 -0.236588 0.922431 0.305202 -0.834706 0.548608 -0.0479094 -0.00226702 0.92378 0.382917 -0.00159278 0.922533 0.385915 -0.229962 0.934276 0.272482 -0.801043 0.572069 -0.176261 -0.00102132 0.921365 0.388698 -0.216538 0.946128 0.240735 -0.000722429 0.920297 0.391219 -0.611242 0.1299 -0.780711 -0.725964 0.379427 -0.573595 -0.196257 0.957555 0.211119 -0.000741905 0.919368 0.393397 -0.61692 0.382548 -0.687798 -0.574035 0.625505 -0.528419 -0.00103011 0.918612 0.39516 -0.328085 0.108928 -0.938347 -0.00147456 0.918049 0.396463 -0.00192616 0.91769 0.397293 -0.00400862 0.737559 -0.675271 -0.147594 0.858609 -0.490925 -0.103859 0.977584 -0.183148 -0.0033733 0.944984 -0.3271 -0.00237021 0.998274 0.0586769 0.585061 0.121685 0.801808 0.379759 0.113815 0.918057 0.703056 0.123176 0.700386 0.805079 0.12165 0.580559 0.307608 0.109844 0.945152 -0.00125778 0.0871558 0.996194 -0.00125778 0.0871558 0.996194 0.919496 0.113815 0.376263 0.946685 0.109778 0.302879 0.996182 0.0871558 -0.0050486 0.996182 0.0871558 -0.0050486 0.379144 0.113784 0.918315 -0.00125792 0.0871557 0.996194 -0.00125792 0.0871557 0.996194 0.996182 0.0871557 -0.0050487 0.919329 0.113836 0.376663 0.919496 0.113815 0.376263 0.702317 0.123176 0.701126 0.703056 0.123176 0.700386 0.996182 0.0871557 -0.0050487 0.379758 0.113815 0.918058 0.946127 0.109159 -0.304842 0.996182 0.0871557 -0.0050487 0.996182 0.0871557 -0.0050487 0.305741 0.109772 -0.945766 0.586289 0.121459 -0.800945 0.374853 0.113532 -0.920106 0.806346 0.121091 -0.578915 0.916272 0.113532 -0.384131 0.698202 0.122789 -0.705292 -0.00501674 0.0871557 -0.996182 -0.00501626 0.0871557 -0.996182 0.379434 0.113799 0.918194 0.379759 0.113815 0.918057 0.703056 0.123176 0.700386 -0.00125778 0.0871558 0.996194 -0.00125778 0.0871558 0.996194 0.702529 0.123176 0.700914 0.919496 0.113815 0.376263 0.91918 0.113854 0.377022 0.996182 0.0871558 -0.0050486 0.996182 0.0871558 -0.0050486 -0.996178 0.0871558 -0.00572102 -0.94584 0.109917 0.30546 -0.996178 0.0871557 -0.00572126 -0.919931 0.113733 0.375223 -0.802936 0.121639 0.583522 -0.704186 0.123063 0.69927 -0.582695 0.121486 0.80356 -0.381659 0.113733 0.917279 -0.306584 0.109594 0.945513 -0.00125799 0.0871558 0.996194 -0.00125799 0.0871558 0.996194 -0.945965 0.109894 0.305079 -0.996178 0.0871558 -0.00572108 -0.996178 0.0871558 -0.00572108 -0.580256 0.121426 0.805331 -0.704186 0.123063 0.69927 -0.381659 0.113733 0.917279 -0.802019 0.121667 0.584776 -0.919931 0.113733 0.375223 -0.304087 0.109446 0.946337 -0.00125805 0.0871558 0.996194 -0.00125805 0.0871558 0.996194 -0.996178 0.0871558 -0.00572102 -0.945825 0.109919 0.305504 -0.996178 0.0871557 -0.00572126 -0.919931 0.113733 0.375223 -0.802549 0.121651 0.584051 -0.704186 0.123063 0.69927 -0.581912 0.121466 0.80413 -0.381659 0.113733 0.917279 -0.305959 0.109557 0.94572 -0.00125799 0.0871558 0.996194 -0.00125799 0.0871558 0.996194 -0.374801 0.112711 -0.920228 -0.00501621 0.0871557 -0.996182 -0.00501621 0.0871557 -0.996182 -0.996178 0.0871557 -0.00572111 -0.914153 0.113401 -0.389183 -0.917084 0.11306 -0.382328 -0.69449 0.122139 -0.709059 -0.381679 0.11306 -0.917354 -0.701564 0.122145 -0.70206 -0.996178 0.0871557 -0.00572111 -0.00501628 0.0871557 -0.996182 -0.377087 0.112828 -0.91928 -0.00501628 0.0871557 -0.996182 -0.696846 0.122142 -0.706744 -0.381679 0.11306 -0.917354 -0.701564 0.122145 -0.70206 -0.915132 0.113289 -0.38691 -0.996178 0.0871557 -0.00572105 -0.917084 0.11306 -0.382328 -0.996178 0.0871557 -0.00572105 -0.389778 0.113463 -0.913892 -0.381679 0.11306 -0.917354 -0.701564 0.122145 -0.70206 -0.00501628 0.0871557 -0.996182 -0.00501628 0.0871557 -0.996182 -0.709831 0.122136 -0.693702 -0.917084 0.11306 -0.382328 -0.92048 0.112648 -0.374202 -0.996178 0.0871557 -0.00572105 -0.996178 0.0871557 -0.00572105 0.916272 0.113532 -0.384131 0.918812 0.113223 -0.378107 0.996182 0.0871558 -0.00504875 0.996182 0.0871557 -0.00504851 0.703197 0.122786 -0.700313 0.698202 0.122789 -0.705292 0.378059 0.113694 -0.918774 -0.00501631 0.0871557 -0.996182 0.374854 0.113532 -0.920106 -0.00501631 0.0871557 -0.996182 0.809198 0.12099 -0.574944 0.947263 0.108952 -0.301366 0.916272 0.113532 -0.384131 0.996182 0.0871558 -0.00504875 0.698202 0.122789 -0.705292 0.996182 0.0871558 -0.00504875 0.589864 0.121538 -0.798304 0.374854 0.113532 -0.920106 0.308328 0.109922 -0.944908 -0.00501631 0.0871557 -0.996182 -0.00501631 0.0871557 -0.996182 -0.620026 0.124106 -0.774704 -0.815266 0.123513 -0.565761 -0.831585 0.12288 -0.541633 -0.336549 0.112426 -0.934931 -0.312206 0.11097 -0.943511 -0.593894 0.123513 -0.795006 0.00118843 0.0871558 -0.996194 0.00118843 0.0871558 -0.996194 -0.953841 0.11097 -0.279059 -0.95862 0.109961 -0.262595 -0.995545 0.0871558 0.0359851 -0.995545 0.0871558 0.0359851 -0.835526 0.117391 0.536763 -0.907899 0.1119 0.403978 -0.689777 0.120564 0.713913 -0.951589 0.105518 0.288695 -0.995545 0.0871557 0.0359852 -0.995545 0.0871557 0.0359852 -0.635291 0.12024 0.762855 -0.372526 0.1119 0.921251 -0.345963 0.110572 0.93171 -0.00173752 0.0871557 0.996193 -0.00173752 0.0871557 0.996193 -0.00173756 0.0871557 0.996193 0.343494 0.110704 0.932607 -0.00173756 0.0871557 0.996193 0.48368 0.116815 0.867415 0.632468 0.120406 0.765171 0.74658 0.120317 0.654326 0.833609 0.117612 0.539688 0.92397 0.110038 0.366294 0.950888 0.105704 0.290926 0.995533 0.0871557 0.0363085 0.995533 0.0871557 0.0363085 0.823855 0.123097 -0.553272 0.815927 0.123388 -0.564835 0.605891 0.123645 -0.78588 0.956251 0.110436 -0.270904 0.954054 0.110888 -0.278362 0.995533 0.0871558 0.0363084 0.995533 0.0871558 0.0363084 0.595146 0.123388 -0.794089 0.319944 0.111244 -0.940883 0.314075 0.110888 -0.9429 0.00118864 0.0871557 -0.996194 0.00118864 0.0871557 -0.996194 0.9467 0.13505 0.292439 0.811145 0.0871558 0.578315 0.811145 0.0871558 0.578315 0.782124 0.184481 -0.595189 0.927301 0.185564 -0.325083 0.873717 0.18727 -0.448942 0.985436 0.168851 -0.0201235 0.957173 0.140237 0.253285 0.978974 0.175117 -0.104618 0.297655 0.132843 -0.945386 0.565685 0.166294 -0.80768 0.351392 0.140237 -0.925666 0.655064 0.175117 -0.735 0.00211503 0.0871557 -0.996192 0.0021155 0.0871558 -0.996192 -0.308506 0.110248 -0.944812 0.0021153 0.0871558 -0.996192 0.0021153 0.0871558 -0.996192 -0.948384 0.110328 -0.297312 -0.806946 0.122356 -0.577813 -0.922251 0.114318 -0.369302 -0.58672 0.122314 -0.800499 -0.381485 0.114318 -0.917279 -0.706293 0.123863 -0.696999 -0.996077 0.0871557 0.0153102 -0.996077 0.0871557 0.0153102 -0.95949 0.144712 0.24174 -0.996077 0.0871557 0.0153101 -0.996077 0.0871557 0.0153101 -0.699942 0.23855 0.673182 -0.731315 0.232593 0.641154 -0.45041 0.265704 0.852369 -0.863603 0.196309 0.464383 -0.921087 0.170498 0.350043 0.237784 0.232593 0.943058 0.421997 0.20141 0.883942 0.146574 0.244345 0.958547 -0.113377 0.265704 0.957365 -0.163138 0.267768 0.949572 0.64482 0.146996 0.750066 0.559314 0.170498 0.811232 0.811145 0.0871558 0.578315 0.811145 0.0871558 0.578315 -0.461265 0.265101 0.846732 -0.319543 0.0972943 -0.942563 -0.315264 0.0972236 -0.944011 -0.599997 0.0972236 -0.794073 0.00211547 0.0871557 -0.996192 0.00211523 0.0871558 -0.996192 -0.603261 0.0971579 -0.791604 -0.822597 0.0871557 -0.561906 -0.822597 0.0871557 -0.561906 0.812453 0.122026 -0.570113 0.708154 0.123665 -0.695144 0.595195 0.122269 -0.794225 0.950354 0.109932 -0.291104 0.922945 0.114173 -0.367609 0.99606 0.0871557 0.0163552 0.99606 0.0871557 0.0163552 0.384658 0.114173 -0.915971 0.316967 0.110425 -0.941987 0.00211533 0.0871557 -0.996192 0.00211533 0.0871557 -0.996192 -0.822597 0.0871557 -0.561906 -0.960873 0.0913739 -0.261483 -0.822597 0.0871557 -0.561906 -0.996077 0.0871557 0.0153102 -0.996077 0.0871557 0.0153102 -0.909871 0.113143 0.399166 -0.914341 0.11264 0.388963 -0.698247 0.121572 0.705458 -0.996077 0.0871558 0.0153102 -0.996077 0.0871558 0.0153102 -0.687603 0.121559 0.715839 -0.379547 0.11264 0.91829 -0.369251 0.112123 0.922541 -0.00507489 0.0871557 0.996182 -0.00507489 0.0871557 0.996182 -0.948417 0.107673 0.298182 -0.996077 0.0871557 0.0153102 -0.996077 0.0871557 0.0153102 -0.318586 0.109413 0.941558 -0.600745 0.120557 0.790298 -0.379547 0.11264 0.91829 -0.816182 0.119532 0.565295 -0.914342 0.11264 0.388963 -0.698247 0.121572 0.705458 -0.00507495 0.0871558 0.996182 -0.00507495 0.0871558 0.996182 -0.914341 0.11264 0.388963 -0.996077 0.0871558 0.0153102 -0.996077 0.0871558 0.0153102 -0.700409 0.121572 0.703312 -0.915244 0.112535 0.386866 -0.698247 0.121572 0.705458 -0.381652 0.112744 0.917404 -0.00507489 0.0871557 0.996182 -0.379547 0.11264 0.91829 -0.00507489 0.0871557 0.996182 0.314301 0.109958 0.942934 -0.00507489 0.0871557 0.996182 -0.00507489 0.0871557 0.996182 0.814547 0.120001 0.56755 0.694225 0.122112 0.709323 0.913006 0.113036 0.391974 0.598771 0.121142 0.791705 0.372243 0.113036 0.921226 0.947563 0.10799 0.300769 0.99606 0.0871558 0.0163552 0.99606 0.0871558 0.0163552 0.372244 0.113036 0.921226 -0.00507481 0.0871557 0.996182 -0.00507481 0.0871557 0.996182 0.375712 0.113209 0.919796 0.694226 0.122112 0.709323 0.699526 0.122109 0.704097 0.913006 0.113036 0.391974 0.915787 0.112708 0.385528 0.99606 0.0871557 0.0163552 0.99606 0.0871557 0.0163552 -0.00507481 0.0871557 0.996182 0.304571 0.109407 0.946185 -0.00507481 0.0871557 0.996182 0.372244 0.113036 0.921226 0.584081 0.12084 0.80265 0.694226 0.122112 0.709323 0.80389 0.120395 0.582465 0.913006 0.113036 0.391974 0.944221 0.108593 0.310892 0.99606 0.0871557 0.0163552 0.99606 0.0871557 0.0163552 0.99606 0.0871557 0.0163552 0.949221 0.110145 -0.294699 0.99606 0.0871557 0.0163552 0.922945 0.114173 -0.367609 0.808486 0.12216 -0.575697 0.708154 0.123665 -0.695144 0.588211 0.122103 -0.799436 0.384658 0.114173 -0.915971 0.310411 0.110036 -0.944213 0.00211533 0.0871557 -0.996192 0.00211533 0.0871557 -0.996192 0.949571 0.11008 -0.293594 0.99606 0.0871557 0.0163552 0.99606 0.0871557 0.0163552 0.590902 0.122168 -0.79744 0.708154 0.123665 -0.695144 0.384658 0.114173 -0.915971 0.809928 0.122112 -0.573677 0.922945 0.114173 -0.367609 0.313004 0.11019 -0.943338 0.00211539 0.0871557 -0.996192 0.00211539 0.0871557 -0.996192 -0.0360189 0.997448 -0.0616395 -0.0360189 0.997448 -0.0616395 -0.0360189 0.997448 -0.0616395 -0.0360189 0.997448 -0.0616395 -0.0360189 0.997448 -0.0616395 -0.0360189 0.997448 -0.0616395 -0.0360189 0.997448 -0.0616395 -0.0360189 0.997448 -0.0616395 -0.0360189 0.997448 -0.0616395 -0.0360189 0.997448 -0.0616395 -0.0360189 0.997448 -0.0616395 -0.0360189 0.997448 -0.0616395 -0.0360189 0.997448 -0.0616395 -0.0360189 0.997448 -0.0616395 -0.0360189 0.997448 -0.0616395 -0.0360189 0.997448 -0.0616395 -0.0360189 0.997448 -0.0616395 -0.0360189 0.997448 -0.0616395 -0.0360189 0.997448 -0.0616395 -0.0360189 0.997448 -0.0616395 -0.0360189 0.997448 -0.0616395 -0.0360189 0.997448 -0.0616395 -0.0360189 0.997448 -0.0616395 -0.0360189 0.997448 -0.0616395 -0.0360189 0.997448 -0.0616395 -0.0360189 0.997448 -0.0616395 -0.0360189 0.997448 -0.0616395 -0.0360189 0.997448 -0.0616395 -0.0360189 0.997448 -0.0616395 -0.0360189 0.997448 -0.0616395 -0.0360189 0.997448 -0.0616395 -0.0360189 0.997448 -0.0616395 -0.0360189 0.997448 -0.0616395 -0.0360189 0.997448 -0.0616395 -0.0360189 0.997448 -0.0616395 -0.0360189 0.997448 -0.0616395 -0.0360189 0.997448 -0.0616395 -0.0360189 0.997448 -0.0616395 -0.0360189 0.997448 -0.0616395 -0.0360189 0.997448 -0.0616395 -0.0360189 0.997448 -0.0616395 -0.0360189 0.997448 -0.0616395 -0.0360189 0.997448 -0.0616395 -0.0360189 0.997448 -0.0616395 -0.0360189 0.997448 -0.0616395 -0.0360189 0.997448 -0.0616395 -0.0360189 0.997448 -0.0616395 -0.0360189 0.997448 -0.0616395 -0.00125792 0.0871557 0.996194 -0.00125792 0.0871557 0.996194 -0.00125792 0.0871557 0.996194 -0.00125792 0.0871557 0.996194 -0.996178 0.0871557 -0.00572115 -0.996178 0.0871557 -0.00572115 -0.996178 0.0871557 -0.00572115 -0.996178 0.0871557 -0.00572115 -0.00125792 0.0871557 0.996194 -0.00125792 0.0871557 0.996194 -0.00125792 0.0871557 0.996194 -0.00125792 0.0871557 0.996194 -0.996178 0.0871557 -0.00572115 -0.996178 0.0871557 -0.00572115 -0.996178 0.0871557 -0.00572115 -0.996178 0.0871557 -0.00572115 -0.00501632 0.0871557 -0.996182 -0.00501632 0.0871557 -0.996182 -0.00501632 0.0871557 -0.996182 -0.00501632 0.0871557 -0.996182 -0.996178 0.0871557 -0.00572115 -0.996178 0.0871557 -0.00572115 -0.996178 0.0871557 -0.00572115 -0.996178 0.0871557 -0.00572115 -0.00501632 0.0871557 -0.996182 -0.00501632 0.0871557 -0.996182 -0.00501632 0.0871557 -0.996182 -0.00501632 0.0871557 -0.996182 0.996182 0.0871557 -0.00504868 0.996182 0.0871557 -0.00504868 0.996182 0.0871557 -0.00504868 0.996182 0.0871557 -0.00504868 -0.00501632 0.0871557 -0.996182 -0.00501632 0.0871557 -0.996182 -0.00501632 0.0871557 -0.996182 -0.00501632 0.0871557 -0.996182 0.996182 0.0871557 -0.00504868 0.996182 0.0871557 -0.00504868 0.996182 0.0871557 -0.00504868 0.996182 0.0871557 -0.00504868 -0.00125792 0.0871557 0.996194 -0.00125792 0.0871557 0.996194 -0.00125792 0.0871557 0.996194 -0.00125792 0.0871557 0.996194 0.996182 0.0871557 -0.00504868 0.996182 0.0871557 -0.00504868 0.996182 0.0871557 -0.00504868 0.996182 0.0871557 -0.00504868 -0.0199129 0.991455 0.12892 -0.0195224 0.9878 0.154497 -0.0199173 0.991494 0.128622 -0.0173475 0.983751 0.178699 -0.0173475 0.983751 0.178699 -0.0173475 0.983751 0.178699 -0.0173475 0.983751 0.178699 -0.0173475 0.983751 0.178699 -0.0173475 0.983751 0.178699 -0.0173475 0.983751 0.178699 -0.0173475 0.983751 0.178699 -0.0173475 0.983751 0.178699 -0.0173475 0.983751 0.178699 -0.0173475 0.983751 0.178699 -0.0173475 0.983751 0.178699 -0.0173475 0.983751 0.178699 -0.0173475 0.983751 0.178699 -0.0173475 0.983751 0.178699 -0.0173475 0.983751 0.178699 -0.0173475 0.983751 0.178699 -0.0173475 0.983751 0.178699 -0.0173475 0.983751 0.178699 -0.0173475 0.983751 0.178699 -0.0173475 0.983751 0.178699 -0.0173475 0.983751 0.178699 -0.0173475 0.983751 0.178699 -0.0173475 0.983751 0.178699 -0.0173475 0.983751 0.178699 -0.0173475 0.983751 0.178699 -0.0173475 0.983751 0.178699 -0.0173475 0.983751 0.178699 -0.0173475 0.983751 0.178699 -0.0173475 0.983751 0.178699 -0.0173475 0.983751 0.178699 -0.0173475 0.983751 0.178699 -0.0173475 0.983751 0.178699 -0.0173475 0.983751 0.178699 -0.0173475 0.983751 0.178699 -0.0173475 0.983751 0.178699 -0.0173475 0.983751 0.178699 -0.0173475 0.983751 0.178699 -0.0173475 0.983751 0.178699 -0.0173475 0.983751 0.178699 -0.0173475 0.983751 0.178699 -0.0173475 0.983751 0.178699 -0.0173475 0.983751 0.178699 -0.0173475 0.983751 0.178699 -0.0173475 0.983751 0.178699 -0.0173475 0.983751 0.178699 -0.0173475 0.983751 0.178699 -0.0173475 0.983751 0.178699 -0.0173475 0.983751 0.178699 -0.0173475 0.983751 0.178699 -0.0173475 0.983751 0.178699 -0.0173475 0.983751 0.178699 -0.0173475 0.983751 0.178699 -0.0173475 0.983751 0.178699 -0.0173475 0.983751 0.178699 -0.0173475 0.983751 0.178699 -0.0173475 0.983751 0.178699 -0.0173475 0.983751 0.178699 -0.0173475 0.983751 0.178699 -0.0173475 0.983751 0.178699 -0.0173475 0.983751 0.178699 -0.0173475 0.983751 0.178699 -0.0173475 0.983751 0.178699 -0.0173475 0.983751 0.178699 -0.0173475 0.983751 0.178699 -0.0173475 0.983751 0.178699 -0.0173475 0.983751 0.178699 -0.0173475 0.983751 0.178699 -0.0173475 0.983751 0.178699 -0.0173475 0.983751 0.178699 -0.0173475 0.983751 0.178699 -0.0173475 0.983751 0.178699 -0.0173475 0.983751 0.178699 -0.0173475 0.983751 0.178699 -0.0173475 0.983751 0.178699 -0.0173475 0.983751 0.178699 -0.0173475 0.983751 0.178699 -0.0173475 0.983751 0.178699 -0.0173475 0.983751 0.178699 -0.0173475 0.983751 0.178699 -0.0173475 0.983751 0.178699 -0.996077 0.0871557 0.0153101 -0.996077 0.0871557 0.0153101 -0.996077 0.0871557 0.0153101 -0.996077 0.0871557 0.0153101 -0.00507487 0.0871557 0.996182 -0.00507487 0.0871557 0.996182 -0.00507487 0.0871557 0.996182 -0.00507487 0.0871557 0.996182 -0.996077 0.0871557 0.0153101 -0.996077 0.0871557 0.0153101 -0.996077 0.0871557 0.0153101 -0.996077 0.0871557 0.0153101 -0.00507487 0.0871557 0.996182 -0.00507487 0.0871557 0.996182 -0.00507487 0.0871557 0.996182 -0.00507487 0.0871557 0.996182 -0.996077 0.0871557 0.0153101 -0.996077 0.0871557 0.0153101 -0.996077 0.0871557 0.0153101 -0.996077 0.0871557 0.0153101 -0.822597 0.0871557 -0.561906 -0.822597 0.0871557 -0.561906 -0.822597 0.0871557 -0.561906 -0.822597 0.0871557 -0.561906 -0.822597 0.0871557 -0.561906 0.00211537 0.0871557 -0.996192 0.00211537 0.0871557 -0.996192 0.00211537 0.0871557 -0.996192 0.00211537 0.0871557 -0.996192 0.99606 0.0871557 0.0163552 0.99606 0.0871557 0.0163552 0.99606 0.0871557 0.0163552 0.99606 0.0871557 0.0163552 0.00211537 0.0871557 -0.996192 0.00211537 0.0871557 -0.996192 0.00211537 0.0871557 -0.996192 0.00211537 0.0871557 -0.996192 0.99606 0.0871557 0.0163552 0.99606 0.0871557 0.0163552 0.99606 0.0871557 0.0163552 0.99606 0.0871557 0.0163552 -0.00507487 0.0871557 0.996182 -0.00507487 0.0871557 0.996182 -0.00507487 0.0871557 0.996182 -0.00507487 0.0871557 0.996182 0.99606 0.0871557 0.0163552 0.99606 0.0871557 0.0163552 0.99606 0.0871557 0.0163552 0.99606 0.0871557 0.0163552 0.811145 0.0871557 0.578315 0.811145 0.0871557 0.578315 0.811145 0.0871557 0.578315 0.811145 0.0871557 0.578315 0.00211537 0.0871557 -0.996192 0.00211537 0.0871557 -0.996192 0.00211537 0.0871557 -0.996192 0.00211537 0.0871557 -0.996192 -0.00347193 0.923703 0.383095 -0.00347193 0.923703 0.383095 -0.00347193 0.923703 0.383095 -0.00347193 0.923703 0.383095 0.995533 0.0871557 0.0363085 0.995533 0.0871557 0.0363085 0.995533 0.0871557 0.0363085 0.995533 0.0871557 0.0363085 0.00118858 0.0871557 -0.996194 0.00118858 0.0871557 -0.996194 0.00118858 0.0871557 -0.996194 0.00118858 0.0871557 -0.996194 -0.995545 0.0871557 0.0359852 -0.995545 0.0871557 0.0359852 -0.995545 0.0871557 0.0359852 -0.995545 0.0871557 0.0359852 -0.00173759 0.0871557 0.996193 -0.00173759 0.0871557 0.996193 -0.00173759 0.0871557 0.996193 -0.00173759 0.0871557 0.996193 -0.891894 0.19356 -0.408728 -0.881327 0.196637 -0.429648 -0.820828 0.116513 -0.559165 -0.653522 0.453334 0.606133 -0.647099 0.458508 0.609125 -0.724001 0.495133 0.480277 -0.917119 0.35859 -0.174086 -0.921774 0.353036 -0.160304 -0.910857 0.412702 0.00412453 -0.520153 0.42609 0.740195 -0.509732 0.431776 0.744139 -0.621662 0.479369 0.619469 -0.873147 0.458779 0.164729 -0.908177 0.418551 -0.00536201 -0.87128 0.464124 0.159564 -0.812564 0.490452 0.314956 -0.810577 0.494555 0.313656 -0.814455 0.486389 0.316368 -0.874875 0.453523 0.170032 -0.930256 0.342219 -0.132324 -0.918662 0.273014 -0.285522 -0.934082 0.336945 -0.118144 -0.850515 0.113367 -0.513587 -0.911544 0.187395 -0.366019 -0.901969 0.190474 -0.387519 -0.937591 0.259979 -0.23094 -0.931669 0.264269 -0.249307 -0.9409 0.32666 -0.0894446 -0.94389 0.321647 -0.0749353 -0.943121 0.255752 -0.212402 -0.951156 0.307171 -0.0308004 -0.94902 0.311897 -0.0456127 -0.952979 0.247524 -0.174822 -0.948252 0.251597 -0.193695 -0.929163 0.181312 -0.322152 -0.968991 0.165011 -0.183922 -0.963782 0.167396 -0.207614 -0.944452 0.100533 -0.312894 -0.961197 0.239678 -0.136582 -0.954545 0.298065 -0.000862396 -0.952999 0.302557 -0.015885 -0.957327 0.285495 0.0449207 -0.972466 0.22568 -0.0581337 -0.957602 0.281681 0.0604556 -0.956718 0.289514 0.029531 -0.970318 0.228912 -0.0779941 -0.956339 0.27141 0.108405 -0.957083 0.274814 0.0920303 -0.976059 0.217491 0.00252333 -0.975352 0.219928 -0.0178957 -0.980941 0.159183 -0.111425 -0.975568 0.209018 0.0676596 -0.951987 0.260745 0.160416 -0.953834 0.264305 0.142632 -0.976219 0.211997 0.0453232 -0.987433 0.154145 -0.0348757 -0.969971 0.20043 0.137785 -0.943519 0.251215 0.216014 -0.946878 0.254076 0.197149 -0.972505 0.203104 0.113945 -0.987873 0.147476 0.0485521 -0.969294 0.140307 0.201949 -0.982681 0.0876764 0.163253 -0.96167 0.139016 0.23636 -0.980184 0.143026 0.137053 -0.992228 0.0890416 0.0869257 -0.975415 0.141694 0.168785 -0.927971 0.135951 0.346969 -0.94104 0.136563 0.309506 -0.953278 0.0853084 0.289801 -0.923206 0.241642 0.29883 -0.944328 0.190684 0.268113 -0.916009 0.23978 0.321609 -0.901825 0.0854638 0.423565 -0.875521 0.136295 0.463558 -0.895595 0.136056 0.423554 -0.887861 0.236329 0.39478 -0.898239 0.236808 0.370256 -0.914433 0.186641 0.359134 -0.833589 0.13709 0.535104 -0.828656 0.0856733 0.553163 -0.811469 0.13803 0.567861 -0.870356 0.186717 0.45565 -0.8495 0.237534 0.471092 -0.862897 0.236676 0.446534 -0.76245 0.195706 0.61674 -0.781013 0.193504 0.59378 -0.765503 0.140913 0.627812 -0.774412 0.0872732 0.626633 -0.788338 0.139622 0.59919 -0.696066 0.145691 0.703041 -0.707673 0.202315 0.676954 -0.725454 0.200398 0.65845 -0.764754 0.251001 0.593422 -0.779002 0.248084 0.575857 -0.634297 0.214632 0.742698 -0.652829 0.211225 0.72746 -0.604928 0.153202 0.781403 -0.723265 0.259974 0.639767 -0.737047 0.256729 0.625182 -0.61581 0.217964 0.757146 -0.653167 0.279445 0.703763 -0.667082 0.275583 0.692138 -0.58166 0.155809 0.79837 -0.639459 0.283073 0.714816 -0.579381 0.223856 0.783713 -0.625978 0.286464 0.725321 -0.59747 0.22108 0.770814 -0.444793 0.167069 0.879913 -0.467637 0.165079 0.868369 -0.38621 0.099503 0.917028 -0.413475 0.0991297 0.905103 -0.49025 0.163436 0.856121 -0.525397 0.232198 0.818561 -0.507031 0.235592 0.829106 -0.612367 0.290169 0.735397 -0.54358 0.229082 0.807491 -0.598628 0.294161 0.745059 -0.570759 0.302841 0.763231 -0.584759 0.298397 0.754331 -0.488486 0.239222 0.839139 -0.55663 0.307463 0.771771 -0.398472 0.17189 0.900929 -0.469769 0.243051 0.848671 -0.542373 0.312234 0.779963 -0.450889 0.247045 0.857711 -0.35142 0.177539 0.91923 -0.431853 0.251172 0.866265 -0.527992 0.31713 0.787815 -0.32766 0.180574 0.927379 -0.412671 0.255406 0.87434 -0.513492 0.322132 0.795335 -0.498879 0.32722 0.802525 -0.393351 0.259722 0.881941 -0.484162 0.332378 0.80939 -0.279751 0.186892 0.941706 -0.161976 0.111238 0.980505 -0.255632 0.190111 0.947898 -0.373906 0.264095 0.889072 -0.469348 0.337593 0.815931 -0.133593 0.113114 0.98456 -0.231422 0.193331 0.95345 -0.334681 0.272934 0.90194 -0.207136 0.196525 0.95837 -0.314926 0.277362 0.907685 -0.105205 0.114948 0.987785 0.122061 0.0366114 0.991847 0.00806596 0.12118 0.992598 -0.0201819 0.119851 0.992587 0.06435 0.123204 0.990293 0.178427 0.0357227 0.983305 0.206284 0.0348995 0.97787 -0.158388 0.202735 0.966339 -0.182788 0.199667 0.962664 -0.0484852 0.118349 0.991788 0.15035 0.0362851 0.987967 0.0362467 0.122307 0.99183 -0.0768311 0.116704 0.990191 -0.717703 0.503329 0.481209 -0.64069 0.4637 0.611963 -0.634306 0.468909 0.614639 -0.354345 0.268505 0.895737 -0.454449 0.342852 0.822149 -0.627959 0.474132 0.617143 -0.720832 0.49924 0.480792 -0.711604 0.511453 0.481702 -0.530595 0.420428 0.736009 -0.37503 0.174632 0.910416 -0.190336 0.109356 0.975609 -0.303765 0.183703 0.934869 -0.421732 0.169355 0.890764 -0.440525 0.0991228 0.892251 -0.512641 0.162166 0.84315 -0.561574 0.226291 0.795881 -0.495918 0.0974565 0.862883 -0.535386 0.160446 0.829228 -0.558436 0.158279 0.814307 -0.46803 0.0985647 0.878199 -0.681127 0.271586 0.679932 -0.695224 0.267563 0.667138 -0.709297 0.263643 0.653751 -0.68962 0.204863 0.69459 -0.671304 0.207906 0.711426 -0.651099 0.148393 0.744345 -0.628116 0.150654 0.763396 -0.750637 0.254012 0.609937 -0.673753 0.146682 0.724252 -0.719131 0.144115 0.679766 -0.74388 0.198042 0.638296 -0.793281 0.245343 0.557236 -0.74235 0.142474 0.654689 -0.807471 0.242914 0.537572 -0.799383 0.1916 0.569452 -0.746868 0.0879003 0.659137 -0.802179 0.0861719 0.590832 -0.821979 0.240499 0.516247 -0.818083 0.18956 0.542961 -0.853351 0.187323 0.48652 -0.835943 0.238762 0.494158 -0.836024 0.188197 0.515408 -0.878382 0.0856126 0.470229 -0.854836 0.136612 0.500591 -0.853958 0.0856154 0.51325 -0.876116 0.236265 0.420238 -0.901658 0.186364 0.390232 -0.887017 0.186389 0.422446 -0.938802 0.0849627 0.333815 -0.91301 0.135912 0.384632 -0.921876 0.0851778 0.378008 -0.93588 0.189211 0.297201 -0.907587 0.237887 0.345971 -0.92579 0.187505 0.328259 -0.952417 0.138016 0.271761 -0.975151 0.086952 0.203764 -0.96555 0.0864701 0.24543 -0.957583 0.194446 0.212665 -0.929481 0.243861 0.27676 -0.934906 0.246285 0.255527 -0.951531 0.192486 0.239872 -0.962593 0.196437 0.186623 -0.939556 0.248816 0.235211 -0.988306 0.0884313 0.124226 -0.994676 0.0891279 0.0517205 -0.983774 0.143964 0.107069 -0.966687 0.198165 0.162007 -0.949684 0.257298 0.178601 -0.995807 0.089863 0.0171394 -0.986313 0.145498 0.0775731 -0.97435 0.206014 0.0905513 -0.98853 0.149686 0.0200878 -0.988357 0.151957 -0.00774522 -0.95527 0.267886 0.125283 -0.976362 0.21485 0.0235939 -0.985837 0.156129 -0.0612338 -0.957527 0.278105 0.0761511 -0.983652 0.157807 -0.0867499 -0.977586 0.160869 -0.135819 -0.974148 0.222673 -0.0381026 -0.960993 0.0983256 -0.258503 -0.973597 0.162824 -0.159988 -0.955788 0.293711 0.0142735 -0.967717 0.23234 -0.0976876 -0.953102 0.099333 -0.285885 -0.957983 0.169947 -0.231055 -0.935067 0.101892 -0.339511 -0.964673 0.235936 -0.117216 -0.957296 0.243547 -0.155784 -0.951609 0.172638 -0.254236 -0.946597 0.316725 -0.0603243 -0.944673 0.175444 -0.27715 -0.937187 0.178342 -0.299791 -0.937631 0.331759 -0.103849 -0.920612 0.184335 -0.344229 -0.835961 0.114978 -0.536609 -0.925358 0.268616 -0.267502 -0.805126 0.117948 -0.581258 -0.870271 0.199694 -0.450279 -0.926154 0.347581 -0.14638 -0.911585 0.277458 -0.303364 -0.904128 0.281946 -0.321028 -0.85873 0.202717 -0.470625 -0.896293 0.286477 -0.33851 -0.846707 0.205695 -0.49069 -0.677836 0.0348995 -0.734384 -0.697724 0.035474 -0.715488 -0.772027 0.120432 -0.624076 -0.788858 0.119261 -0.602893 -0.876471 0.448349 0.175447 -0.816263 0.482361 0.317871 -0.91334 0.406965 0.0137495 -0.717089 0.0358517 -0.696059 -0.877943 0.44325 0.180958 -0.817999 0.478363 0.319446 -0.91563 0.401334 0.0234944 -0.735938 0.0360561 -0.676089 -0.879298 0.438219 0.186547 -0.819673 0.474388 0.321078 -0.917731 0.395801 0.0333438 -0.754271 0.0361104 -0.655569 -0.88054 0.433251 0.192204 -0.821293 0.470431 0.322756 -0.919644 0.390361 0.0432851 -0.772088 0.0360374 -0.634493 -0.881676 0.428341 0.197919 -0.822867 0.466487 0.32447 -0.921372 0.385009 0.0533082 -0.789383 0.0358598 -0.612852 -0.864482 0.111701 -0.490096 -0.882707 0.423486 0.203687 -0.824398 0.462549 0.326216 -0.922917 0.379742 0.0634061 -0.806149 0.0356 -0.590641 -0.877847 0.110003 -0.466137 -0.883635 0.418683 0.209506 -0.825891 0.458613 0.327991 -0.924279 0.37456 0.0735744 -0.822373 0.035281 -0.567854 -0.890596 0.108297 -0.441713 -0.884462 0.413932 0.215378 -0.827348 0.454675 0.329797 -0.925458 0.369462 0.0838117 -0.838041 0.0349256 -0.544489 -0.902712 0.106606 -0.416829 -0.885184 0.409233 0.221308 -0.828767 0.450733 0.331639 -0.926453 0.364453 0.0941191 -0.914176 0.104957 -0.391493 -0.853135 0.0345574 -0.520544 -0.885799 0.40459 0.227303 -0.830146 0.446787 0.333526 -0.927262 0.359535 0.104501 -0.924968 0.103376 -0.365716 -0.867637 0.0342004 -0.496021 -0.881523 0.0338793 -0.470924 -0.886301 0.400008 0.233377 -0.831477 0.442836 0.335472 -0.927879 0.354717 0.114964 -0.89477 0.0336201 -0.44526 -0.886679 0.395498 0.239544 -0.832753 0.438887 0.337491 -0.928299 0.35001 0.125518 -0.907351 0.0334493 -0.419041 -0.886923 0.391073 0.245824 -0.83396 0.434946 0.339606 -0.928513 0.345427 0.136176 -0.919239 0.0333951 -0.39228 -0.887017 0.38675 0.252241 -0.835081 0.431026 0.341841 -0.928511 0.340986 0.146955 -0.930407 0.0334871 -0.364996 -0.886941 0.382554 0.258822 -0.836094 0.427146 0.344227 -0.928279 0.33671 0.157873 -0.940824 0.0337565 -0.337209 -0.968105 0.0975484 -0.230773 -0.886676 0.378518 0.265576 -0.836982 0.423334 0.346771 -0.9278 0.332627 0.168954 -0.950466 0.0342366 -0.308938 -0.974417 0.0970417 -0.202717 -0.886254 0.374519 0.272562 -0.837757 0.41961 0.349415 -0.927053 0.328779 0.180213 -0.959293 0.0349802 -0.280237 -0.979928 0.0968267 -0.174257 -0.885675 0.370544 0.279781 -0.838432 0.415957 0.352152 -0.926089 0.324901 0.19183 -0.967366 0.0357844 -0.250844 -0.984783 0.0962162 -0.144726 -0.884929 0.366608 0.287227 -0.839011 0.412365 0.354987 -0.924895 0.320982 0.203815 -0.974769 0.0361137 -0.220276 -0.988893 0.0952075 -0.11413 -0.884002 0.362734 0.294898 -0.839492 0.408829 0.357929 -0.923446 0.317062 0.216147 -0.981396 0.0360524 -0.188579 -0.992151 0.0939164 -0.0825565 -0.882874 0.358957 0.302792 -0.839866 0.405352 0.360993 -0.921714 0.313193 0.228809 -0.994454 0.0924798 -0.0500941 -0.987145 0.0356976 -0.155787 -0.881522 0.355324 0.310909 -0.840117 0.401949 0.364198 -0.919668 0.309439 0.241783 -0.995703 0.091062 -0.0168315 -0.991914 0.035165 -0.121941 -0.9956 0.0345954 -0.0870843 -0.879913 0.351899 0.319248 -0.840221 0.398651 0.367568 -0.917272 0.30588 0.25505 -0.9981 0.0341638 -0.051271 -0.878012 0.348743 0.327831 -0.840145 0.395499 0.37113 -0.914486 0.302615 0.268586 -0.999313 0.0340903 -0.0145552 -0.875775 0.345682 0.336931 -0.839863 0.392531 0.3749 -0.911269 0.299723 0.282408 -0.999136 0.0346518 0.0229518 -0.873172 0.34283 0.346464 -0.839368 0.389793 0.378844 -0.907557 0.296821 0.29705 -0.997444 0.035054 0.0622596 -0.870171 0.34023 0.356436 -0.838634 0.387296 0.383007 -0.903294 0.294085 0.312368 -0.993981 0.0350181 0.103802 -0.866724 0.337977 0.366826 -0.837619 0.385104 0.387415 -0.898431 0.291588 0.328327 -0.988463 0.0348671 0.147392 -0.862694 0.336013 0.377962 -0.836258 0.383302 0.392114 -0.892911 0.289455 0.344856 -0.980593 0.0347845 0.192946 -0.858194 0.334706 0.389198 -0.834555 0.382026 0.396957 -0.886516 0.287468 0.362562 -0.969926 0.0345042 0.240943 -0.853185 0.333995 0.400653 -0.832481 0.381312 0.401965 -0.879461 0.286233 0.380289 -0.956095 0.033841 0.291097 -0.847541 0.333871 0.412558 -0.830008 0.38123 0.407124 -0.871677 0.285605 0.398257 -0.939354 0.034068 0.341252 -0.841231 0.334428 0.424839 -0.827134 0.381847 0.412362 -0.862937 0.285489 0.416937 -0.919023 0.0345931 0.392683 -0.834787 0.335634 0.436441 -0.824017 0.383129 0.417382 -0.853173 0.285977 0.436248 -0.894169 0.0348946 0.446368 -0.828269 0.33736 0.447391 -0.820753 0.384962 0.422101 -0.843299 0.287039 0.454373 -0.866255 0.0347541 0.498391 -0.821577 0.339598 0.457913 -0.817329 0.387279 0.426601 -0.833349 0.288557 0.47145 -0.837288 0.0343539 0.545682 -0.814625 0.342422 0.468116 -0.813703 0.390085 0.430954 -0.82314 0.290594 0.487848 -0.807258 0.034131 0.589212 -0.807828 0.345483 0.477551 -0.810079 0.393185 0.434944 -0.812555 0.293279 0.503727 -0.775876 0.0345232 0.629941 -0.801043 0.34882 0.486472 -0.806457 0.396508 0.438643 -0.802231 0.296106 0.518407 -0.744089 0.0347842 0.667174 -0.794291 0.352367 0.494914 -0.802818 0.400024 0.442113 -0.791887 0.299238 0.532327 -0.712468 0.0348517 0.700839 -0.718864 0.0887643 0.68946 -0.787576 0.356108 0.502903 -0.79913 0.403751 0.445395 -0.781591 0.302573 0.545494 -0.680842 0.0350117 0.731593 -0.690732 0.0896477 0.717533 -0.78111 0.359812 0.510296 -0.79552 0.407548 0.448389 -0.771391 0.306062 0.557926 -0.649489 0.0350684 0.759562 -0.662763 0.0903756 0.743355 -0.7746 0.363794 0.517348 -0.791917 0.411473 0.451173 -0.761589 0.309392 0.569437 -0.618664 0.0347435 0.784887 -0.635658 0.0903789 0.766662 -0.768042 0.368001 0.524105 -0.788314 0.415494 0.453791 -0.751674 0.313134 0.58046 -0.588637 0.033882 0.807687 -0.608165 0.09118 0.788557 -0.761471 0.37235 0.530581 -0.784717 0.419576 0.456262 -0.741647 0.317209 0.591048 -0.558175 0.0338733 0.829032 -0.580299 0.0925754 0.809125 -0.754918 0.376777 0.536785 -0.781134 0.423694 0.458599 -0.731568 0.321491 0.601209 -0.552204 0.0942557 0.828364 -0.527444 0.0343821 0.848894 -0.748412 0.381228 0.54272 -0.777571 0.427832 0.460808 -0.721492 0.325873 0.610947 -0.524028 0.0959572 0.846278 -0.496605 0.0351214 0.867266 -0.465809 0.03585 0.884159 -0.741982 0.385659 0.548389 -0.774034 0.43198 0.462887 -0.711472 0.330264 0.620269 -0.435203 0.0363671 0.899598 -0.735658 0.390032 0.55379 -0.770532 0.436135 0.46483 -0.701562 0.334585 0.629177 -0.404929 0.036508 0.913619 -0.729447 0.394347 0.558926 -0.76707 0.440301 0.466624 -0.691813 0.338768 0.637677 -0.375135 0.0361384 0.926265 -0.723229 0.398818 0.563813 -0.763643 0.444515 0.468248 -0.682237 0.342811 0.645781 -0.345951 0.0351504 0.937594 -0.716999 0.40343 0.568469 -0.760245 0.448765 0.469721 -0.672597 0.3471 0.653556 -0.316959 0.034106 0.947826 -0.710753 0.408156 0.572921 -0.756872 0.453033 0.471069 -0.662891 0.351614 0.661017 -0.287736 0.0334415 0.957126 -0.358704 0.100236 0.928054 -0.704486 0.412974 0.577193 -0.753518 0.457307 0.472314 -0.653115 0.356319 0.66819 -0.258349 0.0330697 0.965485 -0.330989 0.101276 0.938184 -0.698195 0.417866 0.581302 -0.750181 0.461577 0.473471 -0.643265 0.361184 0.675097 -0.228843 0.0329476 0.972906 -0.303097 0.10257 0.947424 -0.691878 0.422818 0.58526 -0.746857 0.465836 0.474554 -0.633339 0.366185 0.681755 -0.199262 0.0330331 0.979389 -0.275058 0.104071 0.955778 -0.685535 0.427821 0.589077 -0.743546 0.470079 0.475568 -0.623337 0.371302 0.688176 -0.169644 0.0332848 0.984943 -0.2469 0.105731 0.963255 -0.679167 0.432864 0.592757 -0.740247 0.474304 0.476519 -0.613261 0.376516 0.694368 -0.218651 0.107507 0.969863 -0.140028 0.0336622 0.989575 -0.672777 0.437941 0.596304 -0.736961 0.47851 0.477407 -0.603111 0.381813 0.70034 -0.110446 0.0341257 0.993296 -0.0809271 0.0346372 0.996118 -0.666368 0.443048 0.599718 -0.733689 0.482695 0.478231 -0.592893 0.387182 0.706093 -0.0514988 0.0351593 0.998054 -0.659948 0.44818 0.602996 -0.730436 0.486861 0.478988 -0.582613 0.392612 0.71163 -0.0221839 0.0356565 0.999118 -0.727205 0.491006 0.479672 -0.572278 0.398095 0.716951 0.00699694 0.0360941 0.999324 -0.40936 0.358793 0.838863 -0.424442 0.353461 0.833615 -0.295092 0.281776 0.912975 -0.561897 0.403623 0.722053 0.0360264 0.0364393 0.998686 -0.439476 0.348145 0.828044 -0.551482 0.409191 0.726933 0.0648888 0.0366605 0.997219 -0.541043 0.414794 0.731586 0.0935711 0.0367274 0.994935 -0.275192 0.286159 0.917814 -0.109486 0.208555 0.971863 -0.13395 0.205704 0.969403 -0.714624 0.5074 0.481516 -0.394246 0.364134 0.843787 -0.255239 0.290499 0.922206 -0.379113 0.369477 0.848387 -0.235244 0.294783 0.926155 -0.0850042 0.211266 0.973725 -0.648004 0.619317 0.443325 -0.711604 0.511453 0.481702 -0.580356 0.593562 0.557559 -0.0849514 0.211353 0.973711 0.0643784 0.12325 0.990285 0.0379986 0.207081 0.977585 -0.190584 0.371111 0.90882 -0.00564411 0.340536 0.940215 -0.117071 0.435246 0.892668 -0.235178 0.294892 0.926137 -0.379048 0.369583 0.84837 0.148465 0.120589 0.981538 -0.0761785 0.291549 0.953518 0.206284 0.0348995 0.97787 0.208296 0.136305 0.968521 0.302663 0.0347084 0.952465 0.422361 0.0348995 0.905756 0.275143 0.151554 0.949383 0.359924 0.0344577 0.932345 -0.301493 0.443031 0.84429 -0.405328 0.505018 0.762015 -0.509684 0.431855 0.744126 -0.499031 0.555462 0.665155 -0.621639 0.479407 0.619463 -0.505143 0.69065 0.517526 -0.573625 0.71643 0.397092 -0.418632 0.777246 0.469719 -0.335011 0.734469 0.590189 -0.137956 0.591864 0.794144 -0.329516 0.59215 0.735376 -0.226323 0.52012 0.823561 -0.316283 0.849642 0.421987 -0.397425 0.872307 0.284841 -0.226983 0.80498 0.548166 -0.423287 0.649293 0.631859 0.104003 0.239619 0.96528 0.251313 0.0351657 0.967267 -0.489639 0.801212 0.343966 -0.24051 0.672363 0.700059 -0.0310481 0.495429 0.868094 0.0662867 0.553193 0.830411 0.0760614 0.38681 0.919017 0.179294 0.270588 0.945852 -0.131792 0.739464 0.66017 -0.033185 0.654804 0.75507 0.164052 0.43726 0.884246 0.257577 0.310001 0.915179 0.344419 0.174736 0.922412 -0.732245 0.676728 -0.07653 -0.761812 0.605069 -0.231373 -0.908172 0.418562 -0.00536606 -0.871277 0.464129 0.159562 -0.680731 0.728088 0.0805813 -0.810577 0.494555 0.313656 -0.753008 0.589961 0.29142 -0.608793 0.757625 0.235318 -0.684973 0.678779 0.26471 -0.917113 0.358604 -0.174091 -0.768535 0.515276 -0.379268 -0.896287 0.28649 -0.338516 -0.752214 0.410037 -0.515794 -0.846702 0.205706 -0.490695 -0.713336 0.292497 -0.636865 -0.65308 0.166208 -0.738824 -0.772024 0.120438 -0.624078 -0.677836 0.0348995 -0.734384 -0.573227 0.0348995 -0.818653 0.164092 0.437285 0.884226 0.291617 0.4905 0.8212 0.226901 0.629587 0.743059 0.0663356 0.553223 0.830387 -0.0331364 0.654833 0.755046 0.257604 0.310017 0.915166 0.346565 0.340367 0.874095 0.34443 0.174743 0.922406 0.422361 0.0348995 0.905756 0.390278 0.186329 0.901646 0.422361 0.0348995 0.905756 0.154902 0.750839 0.642064 0.0788275 0.848856 0.522713 -0.131752 0.739488 0.66015 -0.226959 0.804995 0.548154 0.00214379 0.920403 0.390964 -0.0719187 0.964709 0.253308 -0.316274 0.849648 0.421982 -0.397425 0.872307 0.284841 -0.272505 0.940473 0.203103 -0.140759 0.983243 0.11585 -0.493217 0.820237 -0.289739 -0.320718 0.922637 -0.214198 -0.397104 0.850899 -0.343919 -0.465198 0.884876 0.0241814 -0.350805 0.936206 -0.0213074 -0.426478 0.891073 -0.155259 -0.235432 0.968712 -0.0785453 -0.547316 0.724552 -0.41889 -0.572165 0.817434 0.0665455 -0.680726 0.728093 0.0805781 -0.608793 0.757625 0.235318 -0.270126 0.956856 0.107047 -0.390666 0.907785 0.152663 -0.629897 0.773557 -0.0695732 -0.732233 0.67674 -0.0765376 -0.531888 0.839541 -0.110748 -0.462446 0.755502 -0.46407 -0.514929 0.6391 -0.571313 -0.143567 0.98786 0.0593427 -0.585862 0.60713 -0.536804 -0.553097 0.504925 -0.662672 -0.607208 0.473049 -0.638376 -0.575885 0.356703 -0.735608 -0.614451 0.17088 -0.770227 -0.642751 0.308984 -0.701 -0.599097 0.180556 -0.780053 -0.573227 0.0348995 -0.818653 -0.573237 0.0349272 -0.818645 -0.582659 0.198592 -0.78808 -0.6112 0.32864 -0.720021 -0.628606 0.159123 -0.761271 -0.573336 0.0351203 -0.818567 -0.573227 0.0348995 -0.818653 -0.573227 0.0348995 -0.818653 -0.587003 0.770877 -0.247339 -0.627259 0.679815 -0.379997 -0.650352 0.569244 -0.502994 -0.655336 0.443748 -0.611246 -0.50412 0.84122 0.195481 -0.673798 0.708939 -0.208331 -0.700993 0.624517 -0.344366 -0.709713 0.522897 -0.472109 -0.699607 0.408118 -0.586506 -0.671789 0.28513 -0.683666 -0.761796 0.605086 -0.231384 -0.768518 0.515293 -0.379279 -0.752201 0.410051 -0.515802 -0.713329 0.292504 -0.63687 -0.653078 0.166209 -0.738826 0.39263 0.187635 0.900353 0.346565 0.340367 0.874095 0.390278 0.186329 0.901646 0.226901 0.629587 0.743059 0.23538 0.634635 0.736094 0.154903 0.750839 0.642063 0.291617 0.4905 0.8212 0.351184 0.343049 0.871198 0.298309 0.494486 0.816392 0.422361 0.0348995 0.905756 0.422361 0.0348995 0.905756 0.164821 0.756556 0.632817 0.0898196 0.85474 0.511226 0.0788277 0.848856 0.522713 0.00214388 0.920403 0.390964 0.0138584 0.925925 0.377453 -0.0597917 0.969388 0.238141 -0.0719187 0.964709 0.253308 -0.140759 0.983243 0.11585 -0.128477 0.986709 0.0994917 -0.453485 0.758584 -0.467869 -0.462457 0.7555 -0.464062 -0.397115 0.850896 -0.343911 -0.320727 0.922635 -0.214192 -0.384019 0.857094 -0.343394 -0.514938 0.639099 -0.571307 -0.235437 0.968711 -0.0785417 -0.30493 0.928551 -0.211684 -0.220344 0.972228 -0.0788752 -0.143567 0.98786 0.0593427 -0.134279 0.9897 0.0496247 -0.509705 0.636294 -0.579077 -0.550142 0.495744 -0.671998 -0.553103 0.504924 -0.662668 -0.575889 0.356702 -0.735606 -0.573715 0.34389 -0.743365 -0.580851 0.188052 -0.79199 -0.582659 0.198592 -0.78808 -0.573227 0.0348995 -0.818653 -0.573227 0.0348995 -0.818653 -0.177496 0.927599 0.328719 0.0139534 0.925942 0.377408 -0.0989321 0.882377 0.460026 0.216245 0.246142 0.944803 0.0667938 0.297547 0.952368 0.0996215 0.348845 0.931871 0.243039 0.276901 0.929655 0.138873 0.394818 0.908203 0.193911 0.211669 0.957912 0.313562 0.123054 0.941561 0.175975 0.173662 0.968955 -0.14115 0.528879 0.836877 -0.256452 0.599664 0.758047 -0.0805186 0.60121 0.795024 0.0888928 0.557108 0.825669 -0.00977378 0.664559 0.747172 0.157452 0.601214 0.783422 0.297836 0.0834924 0.950959 0.293507 0.0614703 0.953978 0.153668 0.0879217 0.984203 0.421138 0.0353854 0.906306 0.422361 0.0348995 0.905756 0.274435 0.0387465 0.960825 0.422083 0.0349577 0.905883 0.238056 0.468724 0.850663 0.298351 0.494493 0.816372 0.351203 0.343053 0.87119 0.235449 0.634648 0.736061 0.0719494 0.717269 0.693071 0.310499 0.325938 0.892947 0.392634 0.187636 0.900351 0.164913 0.756572 0.632773 0.422361 0.0348995 0.905756 0.37238 0.179342 0.910587 -0.0147349 0.811989 0.583486 -0.37632 0.78693 0.489004 -0.458116 0.693809 0.555661 -0.478287 0.78716 0.389385 -0.187273 0.681786 0.707175 -0.0597306 0.969399 0.238112 0.0899233 0.854759 0.511177 -0.31853 0.913276 0.2539 -0.22716 0.957401 0.178275 -0.128477 0.986709 0.0994917 0.274423 0.303657 0.912406 0.184906 0.435057 0.881213 -0.529072 0.587374 0.612433 -0.608497 0.617992 0.497813 0.0296154 0.504391 0.862967 -0.107036 0.75323 0.64899 -0.778911 0.0348995 0.626163 -0.66928 0.191427 0.717928 -0.670505 0.0387363 0.740893 -0.636638 0.335577 0.694319 -0.527344 0.318539 0.787681 -0.708053 0.40964 0.5752 -0.589036 0.467906 0.658864 -0.539735 0.0417001 0.840802 -0.557242 0.184072 0.809691 -0.402208 0.85605 0.324664 -0.283033 0.865629 0.413012 -0.547015 0.707614 0.447278 -0.199133 0.820526 0.535802 0.422167 0.0355255 0.905822 0.354291 0.168521 0.919825 -0.286857 0.743939 0.603546 -0.0209959 0.444311 0.895626 0.421454 0.0368221 0.906102 0.338446 0.155413 0.928063 -0.662452 0.518583 0.540583 -0.363078 0.654856 0.662826 0.42 0.0363212 0.906797 0.30454 0.104095 0.946794 0.420405 0.0378742 0.906546 0.324868 0.140207 0.935309 -0.315498 0.507663 0.80171 -0.428673 0.554229 0.713491 -0.19249 0.448223 0.872951 -0.0635536 0.377398 0.923868 0.419521 0.038104 0.906945 -0.364694 0.405783 0.838056 -0.483764 0.442149 0.755299 -0.23487 0.359245 0.903205 -0.09834 0.303718 0.947673 0.0402126 0.241068 0.969675 0.419335 0.0374351 0.90706 -0.743901 0.291722 0.601257 -0.403355 0.293848 0.866578 -0.267867 0.261802 0.927204 -0.125123 0.223242 0.966699 0.0199947 0.179509 0.983553 0.162496 0.132303 0.977799 -0.768159 0.166066 0.618347 -0.429791 0.172309 0.886335 -0.290276 0.156243 0.944102 -0.143131 0.136305 0.980273 0.00656814 0.113217 0.993549 -0.389917 0.0435767 0.919818 -0.226467 0.0442201 0.973015 -0.0563245 0.0435794 0.997461 0.112987 0.0417073 0.992721 -0.905725 0.409783 -0.108353 -0.896956 0.362165 -0.253586 -0.848436 0.512107 -0.133801 -0.646332 0.724298 0.240099 -0.791267 0.593725 0.146245 -0.704849 0.700475 0.111903 -0.981929 0.174088 -0.0742275 -0.998024 0.0416883 0.0470034 -0.991543 0.0435612 -0.122247 -0.961629 0.15758 -0.224586 -0.935109 0.264126 -0.236238 -0.950808 0.296976 -0.0881441 -0.97689 0.0387301 0.210206 -0.979629 0.186198 0.0752131 -0.918721 0.339832 0.201162 -0.875375 0.34974 0.333765 -0.956314 0.193794 0.21888 -0.81616 0.489354 0.307272 -0.862981 0.473477 0.176304 -0.739298 0.614377 0.275643 -0.914714 0.197063 0.352796 -0.41563 0.895942 0.156652 -0.604178 0.793484 0.0731585 -0.489363 0.871594 0.0291071 -0.931737 0.0348995 0.361452 -0.220286 0.972238 -0.0789154 -0.360937 0.932343 -0.0214965 -0.436365 0.886266 -0.155298 -0.538181 0.818582 0.200711 -0.304841 0.928566 -0.211747 -0.134279 0.9897 0.0496247 -0.848582 0.451383 -0.275975 -0.816158 0.241433 -0.524972 -0.747158 0.172676 -0.641824 -0.787457 0.297689 -0.539716 -0.838674 0.179914 -0.51406 -0.761683 0.131698 -0.634425 -0.866831 0.305408 -0.394121 -0.828106 0.379104 -0.412942 -0.61597 0.163371 -0.770643 -0.630689 0.150977 -0.761208 -0.573227 0.0348995 -0.818653 -0.705872 0.244126 -0.664942 -0.643473 0.136486 -0.753202 -0.679251 0.274234 -0.680745 -0.599326 0.173484 -0.78148 -0.613544 0.321668 -0.721175 -0.91862 0.137123 -0.370587 -0.897341 0.224643 -0.379887 -0.573227 0.0348995 -0.818653 -0.573227 0.0348995 -0.818653 -0.580848 0.188053 -0.791992 -0.573227 0.0348995 -0.818653 -0.85437 0.113474 -0.507125 -0.891985 0.043566 -0.44996 -0.955886 0.044204 -0.290394 -0.771767 0.0876085 -0.629841 -0.803225 0.041699 -0.594215 -0.69488 0.0387438 -0.718082 -0.573227 0.0348995 -0.818653 -0.674731 0.0606135 -0.735571 -0.944778 0.322315 0.0592335 -0.670019 0.0819196 -0.73781 -0.573227 0.0348995 -0.818653 -0.573227 0.0348995 -0.818653 -0.280067 0.954037 0.10666 -0.89377 0.447039 0.0364924 -0.663183 0.101806 -0.741501 -0.573227 0.0348995 -0.818653 -0.607306 0.756953 -0.24125 -0.699575 0.68609 -0.199686 -0.722823 0.603981 -0.335759 -0.828623 0.559743 0.00849025 -0.728505 0.210213 -0.65199 -0.752842 0.348593 -0.558312 -0.654314 0.120049 -0.746634 -0.573227 0.0348995 -0.818653 -0.779748 0.604196 -0.164136 -0.750363 0.660584 -0.0241562 -0.79059 0.53198 -0.303256 -0.781593 0.445794 -0.436326 -0.659105 0.749515 -0.0617037 -0.727147 0.505429 -0.464541 -0.712232 0.39401 -0.580932 -0.573227 0.0348995 -0.818653 -0.644626 0.666701 -0.374122 -0.554484 0.825538 -0.105045 -0.664235 0.557458 -0.498029 -0.665302 0.433513 -0.607816 -0.648522 0.300242 -0.699481 -0.502392 0.814652 -0.289733 -0.555312 0.718385 -0.41899 -0.383923 0.85711 -0.343461 -0.592255 0.600565 -0.537173 -0.4534 0.758598 -0.467929 -0.611669 0.466231 -0.639132 -0.509642 0.636305 -0.57912 -0.550104 0.495751 -0.672024 -0.573699 0.343892 -0.743376 -0.778914 0.0349039 0.626159 -0.664484 0.0389495 0.746287 -0.666112 0.0389031 0.744836 -0.385853 0.0437289 0.921523 -0.533353 0.0418949 0.844855 -0.531754 0.0419224 0.845861 0.102973 0.0419439 0.993799 -0.0632321 0.0437537 0.997039 -0.0622199 0.0437463 0.997103 -0.227689 0.0443542 0.972723 -0.384379 0.0437407 0.922139 -0.226417 0.0443543 0.97302 0.266746 0.0389658 0.962979 0.266331 0.038975 0.963093 0.103691 0.0419335 0.993725 0.422455 0.034925 0.905711 0.422329 0.0349288 0.90577 -0.780462 0.0348362 0.624232 -0.808826 0.0419045 -0.586553 -0.809088 0.041911 -0.586191 -0.700799 0.0389274 -0.712296 -0.573142 0.034868 -0.818714 -0.573258 0.0348719 -0.818632 -0.700691 0.0389242 -0.712403 -0.956207 0.0443527 -0.289313 -0.990801 0.0437531 -0.128061 -0.99097 0.0437434 -0.126744 -0.955907 0.0443527 -0.290303 -0.895015 0.0437362 -0.443886 -0.894686 0.0437308 -0.444549 -0.998346 0.0419251 0.0393286 -0.978519 0.0389887 0.202437 -0.97813 0.0389481 0.204314 -0.998408 0.0419486 0.0377072 -0.930881 0.0348947 0.363652 -0.931681 0.0349552 0.361592 -0.0571641 0.0436501 0.99741 0.0373738 0.16493 0.985597 -0.0992144 0.152834 0.983259 0.0774878 0.630342 0.772441 -0.0870456 0.667644 0.739375 -0.0517973 0.586712 0.808137 -0.2276 0.0443639 0.972744 -0.366729 0.119822 0.922579 -0.391286 0.0437369 0.919229 -0.235222 0.137669 0.962142 -0.709177 0.0904606 0.699203 -0.783086 0.0350197 0.620927 -0.704014 0.073852 0.706336 -0.111521 0.258402 0.959579 -0.627567 0.180828 0.757272 -0.709316 0.135566 0.691732 -0.715912 0.105596 0.690159 0.16356 0.751225 0.63946 0.119597 0.828952 0.546384 -0.00178133 0.792409 0.609987 0.156349 0.302189 0.940339 0.282442 0.315104 0.906055 0.135471 0.422254 0.896298 -0.105495 0.905431 0.411175 0.0692953 0.893088 0.444513 0.0126929 0.942566 0.33378 -0.050385 0.855491 0.515361 -0.167012 0.940314 0.296509 -0.0494917 0.975626 0.213786 -0.369237 0.889475 0.269254 -0.484736 0.8 0.353597 -0.285535 0.882167 0.3745 0.0695965 0.987378 0.142268 -5.72043e-14 1 -1.32778e-14 -0.121619 0.988608 0.0886758 0.136686 0.951439 0.275827 0.109055 0.53193 0.839736 0.233888 0.557167 0.796782 0.00399051 0.394084 0.919066 -0.021425 0.495493 0.868348 0.260931 0.441707 0.858376 0.112458 0.0416808 0.992782 0.274195 0.0386672 0.960897 0.170737 0.173764 0.969874 0.297516 0.179347 0.93772 0.422361 0.0348995 0.905756 -0.490066 0.0998416 0.865948 -0.607596 0.114999 0.785877 -0.602152 0.0783806 0.794525 -0.541246 0.041823 0.839823 -0.672047 0.0387943 0.739492 -0.700727 0.0561268 0.711219 -0.61622 0.14936 0.773281 -0.78037 0.0348995 0.624344 -0.780766 0.0347843 0.623854 -0.781702 0.0348938 0.622676 -0.497524 0.155284 0.853438 -0.376018 0.19343 0.906198 -0.246133 0.228177 0.941994 0.413816 0.196262 0.888953 0.0239072 0.283244 0.95875 -0.784813 0.0350496 0.61874 -0.50929 0.20735 0.835242 -0.390515 0.262576 0.882356 -0.262899 0.313171 0.912583 -0.130084 0.357449 0.924829 0.395592 0.349188 0.849455 -0.786764 0.0349056 0.616266 -0.409497 0.326018 0.852071 -0.524766 0.255107 0.812122 -0.284691 0.39112 0.875201 -0.153997 0.448194 0.880572 0.369962 0.489681 0.789519 -0.627107 0.248436 0.738252 -0.543355 0.298297 0.784719 -0.310816 0.461524 0.830896 -0.432287 0.383385 0.816176 -0.182611 0.530006 0.828098 0.337711 0.615586 0.712043 0.201515 0.660502 0.723276 -0.549413 0.366696 0.750786 -0.458487 0.434828 0.775058 -0.215689 0.602911 0.768099 -0.340924 0.524491 0.78018 -0.127482 0.738317 0.662296 0.0406758 0.717218 0.69566 0.298632 0.725668 0.619859 -0.482578 0.485307 0.729106 -0.375082 0.580247 0.72293 -0.433004 0.598747 0.673802 -0.253421 0.667064 0.700574 0.252185 0.81902 0.515373 -0.296346 0.722283 0.624888 -0.409616 0.697999 0.587377 -0.173674 0.798447 0.576471 0.198068 0.894701 0.400349 -0.345186 0.767666 0.539941 -0.423866 0.771338 0.474737 -0.226235 0.847059 0.480945 -0.246346 0.952394 0.179609 -0.684418 0.666604 -0.295315 -0.734005 0.666253 -0.131693 -0.637938 0.737469 -0.221753 -0.622916 0.771569 0.129065 -0.548577 0.8 0.243031 -0.467366 0.882036 0.0598382 -0.530097 0.846737 -0.045093 -0.586672 0.797863 -0.138674 -0.640627 0.767323 0.0284975 -0.929281 0.0349614 0.367714 -0.9601 0.0901729 0.26472 -0.963673 0.0736554 0.256728 -0.573227 0.0348995 -0.818653 -0.663339 0.179163 -0.726555 -0.562935 0.196007 -0.802923 -0.773574 0.601937 -0.198129 -0.997931 0.0418262 0.0488214 -0.976442 0.0387952 0.212264 -0.989136 0.0782745 0.124428 -0.924931 0.3667 0.100169 -0.951499 0.297615 0.0779408 -0.952893 0.248625 0.173723 -0.966242 0.0560312 0.25147 -0.928249 0.0349887 0.370311 -0.92706 0.0348993 0.373285 -0.955661 0.105242 0.27502 -0.930882 0.0348995 0.363648 -0.953743 0.135639 0.268286 -0.942895 0.325287 -0.0716694 -0.96587 0.25449 0.0482628 -0.923294 0.382575 -0.0341418 -0.900848 0.43404 0.00900697 -0.846589 0.523601 -0.0955476 -0.872574 0.485613 0.0528603 -0.537888 0.34851 -0.767605 -0.643484 0.314566 -0.697837 -0.613049 0.440808 -0.655637 -0.763034 0.494485 -0.41625 -0.726225 0.58561 -0.360081 -0.673011 0.530848 -0.51503 -0.808894 0.528985 -0.256644 -0.708637 0.421422 -0.565894 -0.689888 0.721705 -0.0565359 -0.814122 0.579492 -0.0373491 -0.137597 0.988608 0.0610064 -0.340564 0.940213 -0.00384292 -0.278704 0.952394 0.12357 -0.417782 0.889475 0.185179 -7.27534e-15 1 -5.4405e-14 -0.210158 0.975552 -0.0642853 -0.713003 0.698513 0.0608732 -0.0886898 0.987312 -0.131718 -0.283206 0.942298 -0.178518 -0.409323 0.905135 -0.114828 -0.800019 0.598785 0.0377713 -0.171045 0.951151 -0.257013 -0.350942 0.892533 -0.283239 -0.472132 0.854915 -0.21497 -0.248321 0.894078 -0.372774 -0.41405 0.828088 -0.377933 -0.529814 0.791544 -0.304557 -0.320876 0.818053 -0.477313 -0.47261 0.750115 -0.462565 -0.58272 0.716134 -0.384174 -0.875373 0.460601 -0.146863 -0.573383 0.55602 -0.601726 -0.388028 0.724463 -0.569726 -0.526082 0.659283 -0.537199 -0.630677 0.629173 -0.454299 -0.900568 0.390287 -0.19145 -0.969694 0.180337 0.164841 -0.839898 0.447269 -0.307443 -0.448142 0.61434 -0.649426 -0.959542 0.262019 -0.103076 -0.978087 0.206873 0.0234349 -0.977838 0.148972 0.147104 -0.921937 0.312541 -0.228802 -0.866143 0.356751 -0.350036 -0.794109 0.39332 -0.463346 -0.736241 0.301707 -0.60574 -0.818424 0.28281 -0.500201 -0.498927 0.488627 -0.715762 -0.930105 0.0348458 0.365637 -0.987907 0.154992 0.00426147 -0.984394 0.11475 0.133417 -0.972872 0.193102 -0.127403 -0.886866 0.258007 -0.383276 -0.938944 0.227815 -0.257846 -0.930658 0.0347552 0.364236 -0.994979 0.0997304 -0.00838177 -0.982377 0.119709 -0.143547 -0.950898 0.137555 -0.277257 -0.901184 0.152715 -0.405643 -0.834907 0.164798 -0.52514 -0.754594 0.173611 -0.632809 -0.991719 0.0437427 -0.120751 -0.95622 0.0443712 -0.289264 -0.892364 0.0436571 -0.449199 -0.803545 0.0416854 -0.593782 -0.695063 0.0386687 -0.717908 -0.138722 0.987087 0.0800911 1.09067e-08 1 -4.8215e-09 -0.146505 0.987087 0.0647653 -0.484477 0.8 0.353952 -0.374748 0.885779 0.273786 -0.401928 0.885779 0.232053 -0.273861 0.948683 0.158114 -0.255342 0.948683 0.186549 -0.519615 0.8 0.3 -0.42448 0.885779 0.187649 -0.54877 0.8 0.242593 1.03273e-08 1 -5.96244e-09 -0.289227 0.948683 0.127858 -0.129341 0.987087 0.0944947 9.62888e-09 1 -7.03473e-09 -0.939156 0.0348995 0.341713 -0.941594 0.0348995 0.334937 -0.929232 0.0348995 0.367844 -0.994745 0.0348995 0.096251 -0.988446 0.0348995 0.147502 -0.993945 0.0348995 0.104188 -0.956291 0.0348995 0.290327 -0.963778 0.0348995 0.264414 -0.95869 0.0348995 0.282303 -0.93663 0.0348995 -0.348577 -0.950322 0.0348995 -0.309306 -0.940691 0.0348995 -0.337465 -0.689789 0.0348995 -0.723169 -0.736838 0.0348995 -0.675168 -0.717707 0.0348995 -0.69547 -0.790846 0.0348995 -0.61102 -0.790671 0.0348995 -0.611246 -0.807672 0.0348995 -0.588599 -0.677836 0.0348995 -0.734384 -0.698035 0.0348995 -0.715213 -0.573227 0.0348995 -0.818653 -0.573227 0.0348995 -0.818653 -0.773423 0.0348995 -0.632929 -0.755414 0.0348995 -0.654318 -0.823889 0.0348995 -0.565675 -0.873579 0.0348995 -0.485429 -0.839487 0.0348995 -0.542258 -0.868775 0.0348995 -0.493976 -0.854453 0.0348995 -0.518356 -0.895445 0.0348995 -0.443801 -0.882442 0.0348995 -0.469125 -0.907776 0.0348995 -0.418 -0.930402 0.0348995 -0.364876 -0.919429 0.0348995 -0.391703 -0.959297 0.0348995 -0.280235 -0.967542 0.0348995 -0.25029 -0.97839 0.0348995 -0.203802 -0.981527 0.0348995 -0.188113 -0.974963 0.0348995 -0.21961 -0.991876 0.0348995 -0.122326 -0.987188 0.0348995 -0.155699 -0.997909 0.0348995 -0.0543935 -0.995516 0.0348995 -0.0879253 -0.998016 0.0348995 -0.0523987 -0.999269 0.0348995 -0.0156203 -0.999136 0.0348995 0.0225876 -0.997422 0.0348995 0.062704 -0.968969 0.0348995 0.244708 -0.980565 0.0348995 0.193068 -0.967876 0.0348995 0.248995 -0.969978 0.0348995 0.240675 -0.951348 0.0348995 0.306136 -0.854273 0.0348995 0.518652 -0.867009 0.0348995 0.49707 -0.876398 0.0348995 0.480321 -0.914201 0.0348995 0.403755 -0.894107 0.0348995 0.446491 -0.918245 0.0348995 0.394473 -0.775671 0.0348995 0.630172 -0.783237 0.0348995 0.620743 -0.760926 0.0348995 0.6479 -0.806969 0.0348995 0.589562 -0.830845 0.0348995 0.555409 -0.806854 0.0348995 0.58972 -0.712455 0.0348995 0.700849 -0.723883 0.0348995 0.689039 -0.710889 0.0348995 0.702438 -0.740828 0.0348995 0.670788 -0.744093 0.0348995 0.667164 -0.696407 0.0348995 0.716798 -0.649555 0.0348995 0.759513 -0.680916 0.0348995 0.73153 -0.699573 0.0348995 0.713708 -0.580728 0.0348995 0.813349 -0.587504 0.0348995 0.808468 -0.618406 0.0348995 0.785084 -0.451849 0.0348995 0.891412 -0.526365 0.0348995 0.849542 -0.556841 0.0348995 0.829886 -0.465817 0.0348995 0.884193 -0.496028 0.0348995 0.867605 -0.405713 0.0348995 0.913334 -0.37582 0.0348995 0.926035 -0.435711 0.0348995 0.89941 -0.312697 0.0348995 0.949211 -0.346032 0.0348995 0.937574 -0.286808 0.0348995 0.957352 -0.257342 0.0348995 0.96569 -0.31636 0.0348995 0.947997 -0.166438 0.0348995 0.985434 -0.227936 0.0348995 0.97305 -0.169211 0.0348995 0.984962 -0.139882 0.0348995 0.989553 -0.198564 0.0348995 0.979466 -0.110579 0.0348995 0.993254 -0.0813126 0.0348995 0.996077 -0.0163956 0.0348995 0.999256 -0.0520937 0.0348995 0.998032 0.00614926 0.0348995 0.999372 0.0351449 0.0348995 0.998773 -0.0229352 0.0348995 0.999128 0.13402 0.0348995 0.990364 0.0640368 0.0348995 0.997337 0.121431 0.0348995 0.991986 0.0928048 0.0348995 0.995072 0.178187 0.0348995 0.983378 0.149897 0.0348995 0.988086 0.281388 0.0348995 0.958959 0.206284 0.0348995 0.97787 0.250592 0.0348995 0.967464 0.302366 0.0348995 0.952553 0.360476 0.0348995 0.932115 0.422361 0.0348995 0.905756 0.422361 0.0348995 0.905756 -0.702632 0.0348995 0.710697 -0.837691 0.0348995 0.545029 -0.896496 0.0348995 0.441675 -0.966812 0.0348995 0.253092 -0.735503 0.0504624 0.67564 -0.940192 0.0255977 0.339681 -0.866172 0.0268198 0.499025 -0.836772 0.0534977 0.544932 -0.762631 0.0272168 0.64626 -0.614108 0.0460438 0.787877 -0.984016 0.0236769 0.176497 -0.950238 0.0596668 0.305756 -0.915173 0.0550699 0.399282 -0.982881 0.0492443 0.177537 -0.999632 0.0212245 0.0168961 -0.633234 0.0267297 0.773499 -0.475913 0.040362 0.878566 -0.324702 0.0335733 0.94522 -0.48428 0.025382 0.874545 -0.32372 0.0232753 0.945867 -0.164623 0.0258662 0.986017 -0.159831 0.0205696 0.98693 1.27741e-12 0.0174524 0.999848 -7.28134e-13 0.0174524 0.999848 -0.475914 0.040345 0.878566 -0.349463 0.0200072 0.936737 -0.515442 0.0203448 0.856683 -0.324703 0.0335622 0.94522 -0.164623 0.0258625 0.986017 -0.174659 0.0190109 0.984445 1.86192e-13 0.0174524 0.999848 1.11569e-12 0.0174524 0.999848 -0.614109 0.0460254 0.787878 -0.663918 0.0199885 0.747538 -0.787951 0.0189733 0.615446 -0.735504 0.0504478 0.67564 -0.883373 0.0173959 0.468348 -0.836772 0.0534905 0.544932 -0.915173 0.0550699 0.399282 -0.998863 0.0445261 0.0170367 -0.999007 0.0443674 0.00400705 -0.983153 0.0458561 0.176939 -0.000109127 0.0126795 0.99992 -0.17155 0.0200953 0.98497 -0.000338022 0.0126897 0.999919 -0.981007 0.045907 0.188463 -0.937631 0.0459617 0.34458 -0.863804 0.0446801 0.501844 -0.934009 0.045924 0.354286 -0.763894 0.0420496 0.64397 -0.85927 0.044577 0.509577 -0.759016 0.0419061 0.649722 -0.640918 0.0381495 0.766661 -0.498582 0.0330973 0.86621 -0.636226 0.0379909 0.770567 -0.49468 0.0329526 0.86845 -0.341197 0.0270458 0.939603 -0.173223 0.0201658 0.984676 -0.338218 0.0269274 0.940683 -0.515442 -0.0203457 0.856683 -0.349463 -0.0200079 0.936737 -0.475914 -0.0403448 0.878566 -0.174659 -0.0190112 0.984445 -0.324703 -0.0335621 0.94522 6.67138e-13 -0.0174524 0.999848 -0.164623 -0.0258624 0.986017 -1.22605e-11 -0.0174524 0.999848 -0.614109 -0.0460252 0.787878 -0.663918 -0.0199896 0.747538 -0.735504 -0.0504475 0.67564 -0.787951 -0.0189746 0.615446 -0.836772 -0.0534903 0.544932 -0.883373 -0.0173974 0.468348 -0.915173 -0.0550696 0.399282 -0.490667 0.297587 0.818956 -0.537588 0.438141 0.720438 -0.441323 0.363719 0.820331 -0.636461 0.0513458 0.769598 -0.683163 0.164401 0.71152 -0.561083 0.139094 0.815989 -0.646814 0.266065 0.714732 -0.372694 0.230803 0.898793 -0.620424 0.501478 0.602988 -0.689363 0.408193 0.598462 -0.687196 0.55171 0.472629 -0.536582 0.768622 0.348282 -0.499735 0.718726 0.483424 -0.599163 0.641957 0.47843 -0.301587 0.927782 0.219693 -0.43748 0.872911 0.215958 -0.308537 0.947465 0.0843501 -0.560931 0.800669 0.210441 -0.41824 0.836878 0.353144 -0.531123 0.222541 0.817548 2.03891e-13 0.996195 0.0871557 -0.154714 0.962745 0.221779 -0.158247 0.983609 0.0864369 -0.869124 0.0602938 0.490905 -0.942135 0.061802 0.329487 -0.869409 0.20095 0.451383 -0.766006 0.0567855 0.64032 -0.928053 0.211167 0.306799 -0.787162 0.185263 0.588264 -0.916566 0.360767 0.17249 -0.881513 0.350129 0.316773 -0.486909 0.0442397 0.872331 -0.976222 0.216071 0.0174408 -0.984453 0.0614324 0.164554 -0.998224 0.0594526 0.00367702 -0.426002 0.110432 0.897957 -0.325485 0.0358878 0.944866 -0.160666 0.0267915 0.986645 -0.140033 0.0483127 0.988967 -5.53152e-13 0.0174524 0.999848 -0.283728 0.0797211 0.955585 -0.000408747 0.0175485 0.999846 -0.132741 0.0691395 0.988736 -0.00134164 0.0180212 0.999837 -0.745749 0.302554 0.593566 -0.762923 0.447964 0.46613 -0.403327 0.173782 0.898403 -0.0442282 0.290245 0.95593 1.78801e-05 0.169399 0.985548 -0.0218292 0.15245 0.98807 -0.291841 0.324491 0.899741 -0.335262 0.281068 0.899222 -0.384191 0.420893 0.821734 -0.00263683 0.0198176 0.9998 -0.110576 0.104626 0.988345 -0.0962862 0.119023 0.988212 -0.0622033 0.140814 0.98808 -0.0864404 0.281143 0.955765 -0.0426961 0.147991 0.988067 -0.080117 0.131113 0.988125 -0.00132715 0.0198097 0.999803 -7.93776e-13 0.0174524 0.999848 -0.188796 0.390558 0.901011 -0.129777 0.412583 0.901628 -0.125838 0.266566 0.955566 -0.122811 0.0879712 0.988523 -0.268757 0.121918 0.955461 -0.824559 0.330763 0.45902 -0.963115 0.216046 0.160414 -0.931126 0.363361 0.0312027 -0.00227617 0.0189034 0.999819 -0.248473 0.159969 0.955338 -0.597608 0.357511 0.71767 -0.816721 0.476033 0.326129 -0.850673 0.49248 0.1839 -0.865973 0.498126 0.0442952 -0.00222054 0.0202154 0.999793 -0.223599 0.193552 0.95527 -0.540533 0.582415 0.607139 -0.73652 0.587846 0.334626 -0.76829 0.609923 0.19423 -0.7835 0.618851 0.0561387 -0.19466 0.222563 0.955287 -0.468123 0.507953 0.72308 -0.642814 0.685406 0.342066 -0.671364 0.71274 0.203155 -0.685627 0.724929 0.0662829 -0.31989 0.469131 0.823156 -0.24292 0.361047 0.900353 -0.161996 0.246946 0.955393 -0.389945 0.567006 0.725567 -0.450519 0.651069 0.610853 -0.573428 0.815869 0.0744261 -0.000494892 0.0188292 0.999823 -0.248748 0.508214 0.824526 -0.350732 0.707087 0.614016 -0.303395 0.615025 0.727802 -0.389283 0.781547 0.487486 -0.288249 0.888687 0.356578 -0.268195 0.82915 0.490492 -0.447488 0.890665 0.0804319 -7.26999e-05 0.0178674 0.99984 -0.1711 0.537515 0.825714 -0.208814 0.65118 0.729631 -0.241525 0.749417 0.616473 5.23158e-05 0.324299 0.945955 -0.0664482 0.426405 0.902089 -0.0876604 0.55599 0.826553 -0.107039 0.674073 0.730868 -0.123858 0.77631 0.618063 -0.137573 0.859458 0.492347 -0.147878 0.921706 0.358595 8.17327e-05 0.475881 0.87951 9.41762e-05 0.617248 0.786769 8.66588e-05 0.741795 0.670627 6.35332e-05 0.844172 0.536073 3.40012e-05 0.921028 0.389496 9.26891e-06 0.97133 0.237734 -0.633242 -0.0267266 0.773492 -0.76264 -0.0272129 0.64625 -0.614108 -0.0460437 0.787877 -0.475913 -0.0403619 0.878566 -0.324702 -0.0335733 0.94522 -0.484287 -0.0253796 0.874541 -0.164623 -0.0258662 0.986017 -0.323725 -0.0232738 0.945865 7.7949e-13 -0.0174524 0.999848 -0.159833 -0.0205689 0.98693 -1.53154e-13 -0.0174524 0.999848 -0.866181 -0.0268154 0.499011 -0.735503 -0.0504622 0.67564 -0.940199 -0.0255928 0.339663 -0.98402 -0.0236717 0.176475 -0.836772 -0.0534975 0.544932 -0.915173 -0.0550696 0.399282 -0.982883 -0.0492431 0.177529 -0.95024 -0.059667 0.305753 -0.999632 -0.0212192 0.0168717 0 0.739239 0.673443 0 0.739239 0.673443 0 0.620236 0.784416 0 0.838671 0.544639 0 0.838671 0.544639 0 0.915896 0.401415 0 0.915896 0.401415 0 0.968872 0.247563 0 0.968872 0.247563 0 0.996195 0.0871557 0 0.996195 0.0871557 0 0.620236 0.784416 0 0.48481 0.87462 0 0.48481 0.87462 0 0.336547 0.941667 0 0.336547 0.941667 0 0.179375 0.983781 0 0.179375 0.983781 0 0.0174524 0.999848 0 0.0174524 0.999848 -0.498155 -0.0372515 0.866288 -0.640443 -0.0401789 0.766954 -0.636597 -0.0401112 0.770153 -0.340601 -0.0331947 0.939622 -0.49484 -0.0371741 0.868189 -0.338375 -0.0331322 0.940428 -0.172605 -0.02813 0.984589 -0.171496 -0.0280943 0.984784 0.000273205 -0.0222262 0.999753 -0.759428 -0.0418563 0.649244 4.61395e-05 -0.0222344 0.999753 -0.763547 -0.0418971 0.644392 -0.85969 -0.0423579 0.509057 -0.934409 -0.0416014 0.353763 -0.86361 -0.0423509 0.502379 -0.937613 -0.0415264 0.345192 -0.981371 -0.0396098 0.187993 -0.983316 -0.0394483 0.177576 -0.999196 -0.0364434 0.0166968 -0.999335 -0.0361792 0.00459465 0.327986 0.463929 0.822919 0.2555 0.505102 0.824374 0.399751 0.560574 0.725228 -0.000101164 0.617248 0.786769 0.110177 0.673594 0.730844 0.0902315 0.555607 0.826534 0.214762 0.649352 0.729534 0.751117 0.569767 0.33345 0.783349 0.590883 0.192928 0.86472 0.468084 0.182088 0.512157 0.710245 0.482956 0.461779 0.643529 0.610435 0.360173 0.702538 0.613772 0.928297 0.330629 0.170147 0.942649 0.332557 0.0286021 0.983665 0.179441 0.0142571 0.700967 0.534997 0.471617 0.612699 0.629602 0.477705 0.830452 0.452793 0.324542 0.999848 0.0174524 6.77539e-14 0.97096 0.180031 0.157561 0.175985 0.536049 0.82564 0.193942 0.388238 0.900921 -6.82303e-05 0.844172 0.536073 -3.65046e-05 0.921028 0.389496 0.141599 0.858818 0.492323 -9.3081e-05 0.741795 0.670627 0.152201 0.921008 0.358578 0.127486 0.775743 0.618037 0.310125 0.924979 0.219627 0.296417 0.886032 0.356489 -8.77991e-05 0.475881 0.87951 -1.34229e-13 0.996195 0.0871557 0.159233 0.96201 0.22177 -9.94441e-06 0.97133 0.237734 0.0683978 0.426121 0.902077 -5.61954e-05 0.324299 0.945955 -1.92032e-05 0.169399 0.985548 0.0224693 0.152361 0.98807 8.87011e-13 0.0174524 0.999848 0.0455258 0.290061 0.955925 7.86644e-05 0.017889 0.99984 0.0439219 0.147646 0.988065 0.000541096 0.0189126 0.999821 0.24839 0.747259 0.616365 0.399727 0.776418 0.487231 0.13349 0.411495 0.901583 0.141396 0.0431286 0.989013 0.28651 0.0692283 0.955573 0.161305 0.0200514 0.986701 0.0821793 0.129847 0.988123 0.0985586 0.117133 0.988214 0.00245769 0.0203945 0.999789 0.249107 0.357146 0.900218 0.272612 0.113265 0.955434 0.134641 0.0648579 0.98877 0.125023 0.0845599 0.988544 0.112903 0.102017 0.988355 0.00249115 0.0189453 0.999817 -1.78955e-12 0.0174524 0.999848 0.252939 0.153079 0.955295 0.379362 0.220464 0.898599 0.409098 0.1608 0.898211 0.0639121 0.140069 0.988077 0.0889183 0.280433 0.955746 0.275805 0.826712 0.490387 0.162863 0.982855 0.0864373 0.317267 0.944581 0.0843109 0.00146473 0.0199678 0.9998 0.129282 0.265043 0.95553 0.311594 0.611159 0.727594 0.429432 0.831294 0.3529 0.449168 0.867008 0.215742 0.459433 0.88458 0.0802504 0.00291026 0.0199433 0.999797 0.166145 0.244371 0.955342 0.552842 0.571395 0.606526 0.54986 0.759402 0.347797 0.574764 0.790925 0.209963 0.587533 0.805812 0.0739692 0.298648 0.318716 0.899572 0.393085 0.413226 0.821418 0.19923 0.218733 0.955229 0.478872 0.498516 0.722609 0.65723 0.672003 0.341264 0.686323 0.698593 0.202308 0.700817 0.710335 0.0654165 0.342246 0.273143 0.899033 0.450444 0.353236 0.819954 0.228286 0.188279 0.955215 0.548594 0.425286 0.719845 0.632994 0.486522 0.602175 0.83571 0.303936 0.457397 0.775964 0.426411 0.464816 0.893134 0.321305 0.314762 0.79869 0.599246 0.0547507 0.0014466 0.0180113 0.999837 0.499379 0.283943 0.818534 0.701324 0.388842 0.59745 0.608109 0.340826 0.716966 0.88 0.473085 0.0423123 0.000433726 0.0175375 0.999846 0.53867 0.205429 0.817088 0.655897 0.24518 0.713923 0.75605 0.278394 0.592356 0.326808 0.022233 0.944829 0.430181 0.0946828 0.897763 0.566546 0.118342 0.815488 0.689707 0.139105 0.710601 0.794511 0.156066 0.586852 0.877244 0.168628 0.449452 0.936045 0.17657 0.304374 0.488884 0.0238091 0.872024 0.638968 0.0246316 0.768839 0.768839 0.0246206 0.638968 0.872024 0.0237814 0.488885 0.94483 0.0222019 0.326809 0.986701 0.0200321 0.161306 -0.560951 -0.800655 0.210441 -0.573448 -0.815854 0.0744254 -0.671386 -0.71272 0.203153 -0.223606 -0.193545 0.95527 -0.291851 -0.324483 0.899741 -0.335272 -0.281057 0.899222 -0.646827 -0.266035 0.714731 -0.745764 -0.302519 0.593564 -0.683173 -0.164364 0.711519 -0.0622058 -0.140813 0.98808 -0.125843 -0.266564 0.955566 -0.08012 -0.131111 0.988125 -0.561092 -0.139064 0.815988 -0.531134 -0.222516 0.817547 -0.537604 -0.438123 0.720437 -0.468139 -0.50794 0.723079 -0.540551 -0.582399 0.607138 -0.194667 -0.222558 0.955287 -0.242929 -0.361041 0.900353 -0.086444 -0.281142 0.955765 -0.0426979 -0.14799 0.988067 -0.000494962 -0.0188294 0.999823 -0.0218301 -0.15245 0.98807 -7.27116e-05 -0.0178674 0.99984 -7.93741e-13 -0.0174524 0.999848 -0.636466 -0.0513069 0.769597 -0.486913 -0.04421 0.872331 -0.283732 -0.0797059 0.955585 -0.426009 -0.11041 0.897957 -0.325488 -0.0358679 0.944866 -0.160667 -0.0267817 0.986645 -0.766011 -0.0567387 0.640318 -1.53455e-13 -0.0174524 0.999848 -0.140035 -0.0483052 0.988968 -0.787173 -0.18522 0.588262 -0.86913 -0.0602407 0.490902 -0.869422 -0.200903 0.45138 -0.94214 -0.0617444 0.329483 -0.976234 -0.216018 0.0174361 -0.984458 -0.0613721 0.164549 -0.963128 -0.215994 0.16041 -0.928066 -0.211116 0.306796 -0.931143 -0.363316 0.0311989 -0.597623 -0.357487 0.717669 -0.490679 -0.297567 0.818955 -0.998228 -0.0593914 0.00367166 -0.689381 -0.408165 0.598461 -0.762942 -0.447933 0.466128 -0.824576 -0.330724 0.459017 -0.499753 -0.718713 0.483423 -0.599183 -0.641939 0.478429 -0.620442 -0.501456 0.602987 -0.3016 -0.927778 0.219693 -0.288261 -0.888683 0.356578 -0.154721 -0.962744 0.221779 -0.447506 -0.890657 0.0804316 -0.437497 -0.872902 0.215958 9.26988e-06 -0.97133 0.237734 1.10657e-13 -0.996195 0.0871557 -0.147884 -0.921705 0.358595 -0.685649 -0.724908 0.0662816 -0.783523 -0.618822 0.0561367 -0.768312 -0.609895 0.194228 -0.916584 -0.360724 0.172487 -0.850694 -0.492445 0.183898 -0.865994 -0.49809 0.0442923 -0.88153 -0.350087 0.31677 -0.687216 -0.551686 0.472628 -0.268763 -0.121905 0.955461 -0.000408785 -0.0175485 0.999846 -0.132744 -0.0691333 0.988736 -0.403336 -0.173763 0.898402 -0.816741 -0.475999 0.326127 -0.248479 -0.159959 0.955338 -0.0013418 -0.0180212 0.999837 -0.122814 -0.0879663 0.988523 -0.372704 -0.230788 0.898793 -0.736542 -0.58782 0.334625 -0.384204 -0.420882 0.821733 -0.441337 -0.363704 0.82033 -0.00227648 -0.0189035 0.999819 -0.110579 -0.104622 0.988345 -0.158254 -0.983608 0.0864369 -0.30855 -0.947461 0.0843501 -0.642835 -0.685386 0.342065 -0.162002 -0.246942 0.955393 -0.0962896 -0.119021 0.988212 -0.00263722 -0.0198178 0.9998 -0.536601 -0.768609 0.348281 -0.450535 -0.651058 0.610853 -0.389959 -0.566997 0.725566 -0.319902 -0.469123 0.823156 -0.0022209 -0.0202157 0.999793 -0.389298 -0.78154 0.487486 -0.418256 -0.83687 0.353144 -0.350745 -0.70708 0.614016 -0.303407 -0.61502 0.727802 -0.248758 -0.508209 0.824526 -0.188803 -0.390555 0.901011 -0.00132737 -0.01981 0.999803 -0.268206 -0.829146 0.490491 -0.241535 -0.749414 0.616473 -0.208823 -0.651178 0.729631 -0.171107 -0.537512 0.825713 -0.129783 -0.412581 0.901628 3.40048e-05 -0.921028 0.389496 -0.137579 -0.859457 0.492346 -0.123864 -0.776309 0.618063 -0.107044 -0.674073 0.730868 -0.0876642 -0.55599 0.826553 -0.0664511 -0.426404 0.902089 -0.0442301 -0.290245 0.95593 6.35399e-05 -0.844172 0.536073 8.6668e-05 -0.741795 0.670627 9.41862e-05 -0.617248 0.786769 8.17414e-05 -0.475881 0.87951 5.23214e-05 -0.324299 0.945955 1.7882e-05 -0.169399 0.985548 0.765819 0.0245838 0.642586 0.765819 0.0245838 0.642586 0.642586 0.0245838 0.765819 0.865792 0.0238371 0.499836 0.865792 0.0238371 0.499836 0.939469 0.0223664 0.341904 0.939469 0.0223664 0.341904 0.984611 0.0202164 0.173588 0.984611 0.0202164 0.173588 0.999848 0.0174524 6.21765e-08 0.999848 0.0174524 6.21765e-08 0.642586 0.0245838 0.765819 0.499836 0.0238371 0.865792 0.499836 0.0238371 0.865792 0.341904 0.0223664 0.939469 0.341904 0.0223664 0.939469 0.173588 0.0202164 0.984611 0.173588 0.0202164 0.984611 -1.12641e-07 0.0174524 0.999848 1.25742e-07 0.0174524 0.999848 0 -0.620236 0.784416 0 -0.739239 0.673443 0 -0.620236 0.784416 0 -0.48481 0.87462 0 -0.48481 0.87462 0 -0.336547 0.941667 0 -0.336547 0.941667 0 -0.179375 0.983781 0 -0.179375 0.983781 0 -0.0174524 0.999848 0 -0.0174524 0.999848 0 -0.739239 0.673443 0 -0.838671 0.544639 0 -0.838671 0.544639 0 -0.915896 0.401415 0 -0.915896 0.401415 0 -0.968872 0.247563 0 -0.968872 0.247563 0 -0.996195 0.0871557 0 -0.996195 0.0871557 0.837399 0.0392671 0.54518 0.736054 0.0379559 0.675858 0.939467 0.0223414 0.341911 0.984604 0.0202076 0.17363 0.915858 0.0395055 0.399554 0.945591 0.0527774 0.321049 0.981361 0.0470219 0.186334 0.999848 0.0174524 9.49609e-14 0.865787 0.0237975 0.499846 0.614568 0.0356034 0.78806 0.765816 0.024536 0.642591 0.642591 0.0245371 0.765816 0.499846 0.0238004 0.865787 0.476269 0.0322722 0.878707 0.324946 0.028054 0.945317 0.341911 0.022345 0.939467 0.164747 0.0230676 0.986066 0.17363 0.0202103 0.984604 1.1198e-12 0.0174524 0.999848 -1.21527e-12 0.0174524 0.999848 0.79869 -0.599246 0.0547507 0.686323 -0.698593 0.202308 0.783349 -0.590883 0.192928 0.342246 -0.273143 0.899033 0.298648 -0.318716 0.899572 0.199231 -0.218733 0.955229 0.552842 -0.571395 0.606526 0.399751 -0.560574 0.725228 0.478872 -0.498516 0.722609 0.252939 -0.153079 0.955295 0.112903 -0.102017 0.988355 0.125023 -0.0845599 0.988544 0.00144655 -0.0180113 0.999837 0.134641 -0.0648579 0.98877 0.0821793 -0.129847 0.988123 0.166145 -0.244371 0.955342 0.24839 -0.747259 0.616365 0.110177 -0.673594 0.730844 0.214762 -0.649352 0.729534 0.272612 -0.113265 0.955434 0.000433757 -0.0175375 0.999846 -1.78775e-12 -0.0174524 0.999848 0.141396 -0.0431285 0.989013 0.0902315 -0.555607 0.826534 0.175985 -0.536049 0.82564 -0.000101164 -0.617248 0.786769 -8.77991e-05 -0.475881 0.87951 0.0455258 -0.290061 0.955925 0.0683978 -0.426121 0.902077 -5.61954e-05 -0.324299 0.945955 -1.92032e-05 -0.169399 0.985548 -9.3081e-05 -0.741795 0.670627 8.87011e-13 -0.0174524 0.999848 0.0224693 -0.152361 0.98807 0.141599 -0.858818 0.492323 0.275805 -0.826712 0.490387 0.296417 -0.886032 0.356489 -6.82303e-05 -0.844172 0.536073 -3.65046e-05 -0.921028 0.389496 0.127486 -0.775743 0.618037 0.159233 -0.96201 0.22177 1.42012e-13 -0.996195 0.0871557 -9.94441e-06 -0.97133 0.237734 0.152201 -0.921008 0.358578 0.317267 -0.944581 0.0843109 0.162863 -0.982855 0.0864373 0.311594 -0.611159 0.727594 0.2555 -0.505102 0.824374 0.399727 -0.776418 0.487231 0.360173 -0.702538 0.613772 0.86472 -0.468084 0.182088 0.88 -0.473085 0.0423123 0.612699 -0.629602 0.477705 0.512157 -0.710245 0.482956 0.461779 -0.643529 0.610435 0.928297 -0.330629 0.170147 0.893134 -0.321305 0.314762 0.97096 -0.180031 0.157561 0.775964 -0.426411 0.464816 0.700967 -0.534997 0.471617 0.632994 -0.486522 0.602175 0.986701 -0.0200321 0.161306 0.999848 -0.0174524 6.77875e-14 0.936045 -0.17657 0.304374 0.449168 -0.867008 0.215742 0.587533 -0.805812 0.0739692 0.459433 -0.88458 0.0802504 0.310125 -0.924979 0.219627 0.0889183 -0.280433 0.955746 7.86665e-05 -0.017889 0.99984 0.0439219 -0.147646 0.988065 0.13349 -0.411495 0.901583 0.942649 -0.332557 0.0286021 0.983665 -0.179442 0.0142571 0.429432 -0.831294 0.3529 0.129282 -0.265043 0.95553 0.000541106 -0.0189126 0.999821 0.063912 -0.140069 0.988077 0.193942 -0.388238 0.900921 0.700817 -0.710335 0.0654165 0.574764 -0.790925 0.209963 0.54986 -0.759402 0.347797 0.327986 -0.463929 0.822919 0.00146473 -0.0199678 0.9998 0.249107 -0.357146 0.900218 0.94483 -0.0222019 0.326809 0.65723 -0.672003 0.341264 0.228286 -0.188279 0.955215 0.393085 -0.413226 0.821418 0.00245769 -0.0203945 0.999789 0.0985586 -0.117133 0.988214 0.751117 -0.569767 0.33345 0.548594 -0.425286 0.719845 0.450444 -0.353236 0.819954 0.00291025 -0.0199433 0.999797 0.830452 -0.452793 0.324542 0.701324 -0.388842 0.59745 0.60811 -0.340826 0.716966 0.499379 -0.283943 0.818534 0.379362 -0.220464 0.898599 0.00249112 -0.0189453 0.999817 0.83571 -0.303936 0.457397 0.75605 -0.278394 0.592356 0.655897 -0.24518 0.713923 0.53867 -0.205429 0.817089 0.409098 -0.1608 0.898211 0.877244 -0.168628 0.449452 0.794511 -0.156066 0.586852 0.689707 -0.139105 0.710601 0.566546 -0.118342 0.815488 0.430181 -0.0946827 0.897763 0.28651 -0.0692283 0.955573 0.872024 -0.0237814 0.488885 0.768839 -0.0246206 0.638968 0.638968 -0.0246316 0.768839 0.488884 -0.0238091 0.872024 0.326808 -0.022233 0.944829 0.161305 -0.0200514 0.986701 0.614569 0.0355843 0.78806 0.608916 0.0199619 0.792983 0.47627 0.0322542 0.878707 0.736054 0.0379412 0.675858 0.731906 0.0192456 0.681134 0.837399 0.0392603 0.54518 0.832788 0.0180278 0.553298 0.915858 0.0395055 0.399554 0.909361 0.0163951 0.415684 0.468066 0.0201254 0.883464 0.324946 0.0280421 0.945317 0.315205 0.0197296 0.948818 0.156997 0.0188131 0.98742 0.164747 0.0230635 0.986066 9.73527e-13 0.0174524 0.999848 1.02315e-11 0.0174524 0.999848 0.642586 -0.0245838 0.765819 0.642586 -0.0245838 0.765819 0.765819 -0.0245838 0.642586 0.499836 -0.0238371 0.865792 0.499836 -0.0238371 0.865792 0.341904 -0.0223664 0.939469 0.341904 -0.0223664 0.939469 0.173588 -0.0202164 0.984611 0.173588 -0.0202164 0.984611 6.21798e-08 -0.0174524 0.999848 6.21798e-08 -0.0174524 0.999848 0.765819 -0.0245838 0.642586 0.865792 -0.0238371 0.499836 0.865792 -0.0238371 0.499836 0.939469 -0.0223664 0.341904 0.939469 -0.0223664 0.341904 0.984611 -0.0202164 0.173588 0.984611 -0.0202164 0.173588 0.999848 -0.0174524 -1.12644e-07 0.999848 -0.0174524 1.25738e-07 0.47627 -0.0322542 0.878707 0.468066 -0.0201255 0.883464 0.608916 -0.0199619 0.792983 0.736054 -0.0379412 0.675858 0.731906 -0.0192456 0.681134 0.614569 -0.0355843 0.78806 0.837399 -0.0392603 0.54518 0.915858 -0.0395055 0.399554 0.832788 -0.0180279 0.553298 0.909361 -0.0163952 0.415684 0.324946 -0.0280421 0.945317 0.315205 -0.0197296 0.948818 0.164747 -0.0230635 0.986066 -9.84196e-13 -0.0174524 0.999848 0.156997 -0.0188131 0.98742 2.6547e-13 -0.0174524 0.999848 0.164747 -0.0230676 0.986066 0.324946 -0.028054 0.945317 0.341911 -0.022345 0.939467 0.865787 -0.0237974 0.499846 0.736054 -0.0379559 0.675858 0.939467 -0.0223414 0.341911 0.614568 -0.0356035 0.78806 0.765816 -0.0245359 0.642591 0.837399 -0.0392671 0.54518 0.984604 -0.0202076 0.17363 0.915858 -0.0395055 0.399554 0.945589 -0.0527777 0.321054 0.981359 -0.0470224 0.186343 0.642591 -0.024537 0.765816 0.999848 -0.0174524 -9.37564e-13 0.499846 -0.0238003 0.865787 0.476269 -0.0322722 0.878707 0.17363 -0.0202103 0.984604 -2.42022e-13 -0.0174524 0.999848 -1.12997e-12 -0.0174524 0.999848 0.764563 -0.0511735 0.642514 0.724037 -0.0130659 0.689637 0.664442 -0.0554751 0.745278 0.598538 -0.0107878 0.801022 0.550641 -0.0586326 0.832681 0.909361 -0.0163929 0.415685 0.849018 -0.0458101 0.526375 0.915858 -0.0395097 0.399554 0.828881 -0.014957 0.559225 0.457848 -0.0082235 0.888992 0.425504 -0.0605815 0.902927 0.308419 -0.00549229 0.951235 0.156782 -0.00271512 0.987629 0.291619 -0.0612822 0.95457 0.00873689 2.72327e-07 0.999962 0.151761 -0.0607215 0.98655 0.00873887 -0.0589114 0.998225 0.897515 -0.0765238 0.434294 0.849018 -0.0458039 0.526375 0.814788 -0.0943802 0.572026 0.988885 -0.0487283 0.14047 0.999848 -0.0174524 -2.62666e-10 0.982021 -0.0472409 0.182766 0.764701 -0.0511588 0.642351 0.955227 -0.0804556 0.284724 0.946531 -0.0523389 0.318338 0.999848 -0.0174524 -8.20752e-14 0.664638 -0.0554606 0.745104 0.709235 -0.109958 0.696344 0.915858 -0.0395054 0.399554 0.55088 -0.0586207 0.832523 0.584648 -0.122586 0.801972 0.425763 -0.0605738 0.902805 0.446317 -0.131821 0.885113 0.291876 -0.0612793 0.954491 0.300316 -0.137508 0.943876 0.152687 -0.13976 0.978342 0.00873887 -0.0589114 0.998225 0.00874578 -0.138919 0.990265 0.151761 -0.0607207 0.98655 0.152585 -0.218572 0.963818 0.00875189 -0.218733 0.975745 0.897072 -0.111447 0.427601 0.814294 -0.140383 0.563222 0.708748 -0.165969 0.685661 0.584217 -0.187109 0.789734 0.445982 -0.203058 0.871704 0.300096 -0.213506 0.929708 0.55088 0.0586275 0.832523 0.425763 0.0605789 0.902805 0.457848 0.00822333 0.888992 0.724037 0.0130658 0.689637 0.664638 0.0554683 0.745104 0.598538 0.0107876 0.801022 0.849018 0.0458101 0.526375 0.828881 0.0149569 0.559225 0.909361 0.0163929 0.415685 0.764701 0.0511664 0.642351 0.915858 0.0395097 0.399554 0.308419 0.00549211 0.951235 0.156782 0.00271493 0.98763 0.291876 0.0612821 0.954491 0.151762 0.0607216 0.98655 0.00873689 -4.67583e-07 0.999962 0.00873945 0.0589115 0.998225 0.875466 -0.227232 0.426527 0.814292 -0.140482 0.563199 0.792169 -0.245913 0.558565 0.284139 -0.491803 0.82304 0.315626 -0.598127 0.73663 0.372423 -0.556017 0.743066 0.218496 -0.392804 0.893288 0.323149 -0.454161 0.830249 0.192388 -0.419986 0.886904 0.241166 -0.524466 0.816562 0.0740539 -0.486341 0.870625 0.106866 -0.583826 0.804815 0.104968 -0.475806 0.873264 0.42363 -0.507973 0.750001 0.516743 -0.552303 0.65417 0.468686 -0.454951 0.757201 0.0409977 -0.384089 0.922386 0.00844484 -0.279625 0.960072 0.0248942 -0.388373 0.921166 0.0714206 -0.368385 0.926926 0.134791 -0.461572 0.876802 0.0083514 -0.38992 0.920811 0.00834464 -0.281458 0.959537 0.00879404 -0.282064 0.959355 0.657239 -0.341952 0.671644 0.618176 -0.418126 0.665604 0.714893 -0.429758 0.551576 0.48043 -0.856531 0.188527 0.503053 -0.861343 0.0709012 0.584067 -0.790254 0.185377 0.571294 -0.488095 0.659838 0.507584 -0.397074 0.764651 0.687898 -0.258474 0.678224 0.708746 -0.16605 0.685643 0.584216 -0.187166 0.789721 0.935912 -0.203399 0.287573 0.89707 -0.11155 0.427578 0.300096 -0.21352 0.929705 0.431997 -0.263626 0.862485 0.445981 -0.203092 0.871696 0.56622 -0.264387 0.780702 0.152585 -0.218575 0.963817 0.290766 -0.256643 0.921732 0.00875189 -0.218733 0.975745 0.148033 -0.244263 0.958343 0.973389 -0.175683 0.147135 0.955226 -0.0805432 0.284704 0.540256 -0.333886 0.772427 0.963067 -0.268484 0.0204361 0.989311 -0.145475 0.0100187 0.988884 -0.0487806 0.140458 0.758549 -0.34177 0.554794 0.999848 -0.0174524 -5.97789e-14 0.385233 -0.661912 0.643015 0.448141 -0.713929 0.538028 0.454611 -0.610502 0.64855 0.661843 -0.51095 0.548539 0.528317 -0.653597 0.541934 0.502854 -0.752905 0.424585 0.591625 -0.684269 0.426328 0.737684 -0.522975 0.426988 0.255333 -0.946811 0.195841 0.137429 -0.986833 0.0852847 0.267062 -0.96026 0.0811085 0.599604 -0.585699 0.545373 0.124597 -0.941453 0.313276 0.132124 -0.971054 0.198991 0.239445 -0.919668 0.31125 1.8085e-13 -0.996195 0.0871557 0.00109144 -0.979695 0.200493 0.00221747 -0.949299 0.314366 0.92185 -0.386275 0.0313703 0.942778 -0.295534 0.154368 0.898087 -0.408846 0.162127 0.865937 -0.498367 0.0422222 0.839773 -0.515697 0.169817 0.795319 -0.603949 0.0520975 0.840886 -0.333447 0.42629 0.902401 -0.317658 0.291145 0.412002 -0.318055 0.853871 0.277448 -0.295444 0.914186 0.00867546 -0.227547 0.973728 0.141536 -0.26739 0.953137 0.855963 -0.424444 0.295254 0.794745 -0.431731 0.426601 0.387025 -0.367473 0.84568 0.260882 -0.330704 0.906959 0.00866896 -0.235394 0.971861 0.133514 -0.288482 0.948131 0.682596 -0.707739 0.182121 0.610009 -0.789644 0.0659654 0.709765 -0.701852 0.0603202 0.797178 -0.524307 0.299349 0.669931 -0.607352 0.426985 0.357415 -0.412704 0.837812 0.241268 -0.363047 0.899993 0.00882875 -0.242636 0.970077 0.124014 -0.307976 0.943277 0.767958 -0.615655 0.176662 0.726246 -0.617153 0.302802 0.00906193 -0.249568 0.968315 0.112859 -0.326119 0.938568 0.388844 -0.918164 0.0759977 0.643246 -0.702195 0.305214 0.00914112 -0.25637 0.966536 0.0997948 -0.342941 0.934041 0.283035 -0.796684 0.534028 0.219452 -0.87834 0.424687 0.318017 -0.848009 0.423965 0.548337 -0.778286 0.305937 0.163895 -0.443254 0.881286 0.197581 -0.549875 0.811541 0.00876513 -0.263069 0.964737 0.0858657 -0.357023 0.930141 0.411998 -0.806615 0.423827 0.371148 -0.908487 0.192092 0.366721 -0.760768 0.535488 0.450052 -0.838522 0.307138 0.31506 -0.701668 0.639062 0.258199 -0.630707 0.731807 0.0089824 -0.268288 0.963297 0.347513 -0.885297 0.309005 0.243233 -0.732087 0.636307 0.199534 -0.655665 0.72821 0.153046 -0.569434 0.807665 0.00894314 -0.272873 0.962008 0.0564934 -0.377376 0.924335 0.195629 -0.822962 0.53335 0.168462 -0.754347 0.634493 0.138613 -0.673962 0.725646 0.0416894 -0.49308 0.868984 0.00872116 -0.276705 0.960915 0.114862 -0.897598 0.425587 0.103062 -0.839674 0.533221 0.089458 -0.768527 0.633532 0.0744101 -0.685639 0.724129 0.0583389 -0.593026 0.803067 0.0033381 -0.904598 0.426252 0.00441583 -0.845795 0.53349 0.00541931 -0.77375 0.633468 0.00632536 -0.689954 0.723826 0.00711942 -0.596427 0.802636 0.00779481 -0.495559 0.868539 0.999848 0.0174524 -1.28567e-10 0.989303 0.0481177 0.137712 0.982021 0.0472409 0.182766 0.300317 0.137507 0.943876 0.425504 0.0605765 0.902927 0.446318 0.131821 0.885112 0.709236 0.109958 0.696343 0.584648 0.122585 0.801972 0.664442 0.0554675 0.745279 0.550641 0.0586259 0.832681 0.849018 0.0458039 0.526375 0.897515 0.0765236 0.434294 0.814788 0.09438 0.572025 0.149765 0.218619 0.964249 0.152688 0.13976 0.978342 0.288124 0.214112 0.933349 0.291619 0.0612794 0.95457 0.00874728 0.138918 0.990265 0.00875442 0.218733 0.975746 0.151762 0.0607207 0.98655 0.00873945 0.0589115 0.998225 0.764564 0.0511661 0.642514 0.915858 0.0395055 0.399554 0.946531 0.0523389 0.318338 0.909408 0.105967 0.402179 0.958962 0.0778154 0.272647 0.999848 0.0174524 1.39824e-13 0.420359 0.205325 0.883821 0.544182 0.192428 0.816601 0.657094 0.175683 0.73305 0.756924 0.155406 0.634756 0.841615 0.132005 0.523696 0.00222573 -0.947119 0.320875 0.00222934 -0.946994 0.321242 0.00110359 -0.978598 0.20578 -3.79692e-05 -0.996176 0.0873694 -4.07244e-05 -0.996201 0.0870821 0.00110038 -0.978667 0.205449 0.00436931 -0.84372 0.536766 0.00534861 -0.773869 0.633323 0.00535286 -0.773529 0.633738 0.00436516 -0.843982 0.536354 0.00332313 -0.901819 0.4321 0.00331921 -0.902009 0.431705 0.00778873 -0.501836 0.864928 0.00779253 -0.501242 0.865272 0.00707682 -0.601054 0.799177 0.00707274 -0.601563 0.798794 0.0062597 -0.692252 0.721629 0.00625546 -0.692676 0.721222 0.0083932 -0.394924 0.918676 0.00839656 -0.394247 0.918966 0.00888025 -0.281601 0.95949 0.00887748 -0.282356 0.959269 0.113809 0.897687 0.425683 0.123446 0.941575 0.313365 0.0021966 0.949299 0.314366 0.136114 0.987013 0.085319 0.130886 0.971208 0.199058 0.254811 0.946906 0.196063 0.243744 0.731587 0.636687 0.195199 0.822893 0.533614 0.168081 0.754241 0.63472 0.323267 0.454053 0.830261 0.423789 0.507841 0.75 0.372671 0.555812 0.743094 0.102123 0.839731 0.533313 0.00108526 0.979695 0.200493 5.50307e-14 0.996195 0.0871557 0.715223 0.42905 0.551699 0.758828 0.340844 0.554982 0.795109 0.430951 0.426712 0.586029 0.788682 0.185877 0.612054 0.788018 0.0664599 0.505172 0.860055 0.0714617 0.683017 0.70734 0.182095 0.768231 0.615356 0.176518 0.71019 0.701425 0.0602822 0.386525 0.660801 0.643382 0.368183 0.759685 0.536022 0.316298 0.700693 0.639519 0.86627 0.497797 0.0421152 0.840112 0.515169 0.169744 0.898473 0.407971 0.162188 0.592006 0.683939 0.426329 0.599832 0.585511 0.545324 0.670183 0.607131 0.426905 0.936054 0.202524 0.287728 0.973525 0.174807 0.147278 0.943091 0.294452 0.154524 0.795589 0.603608 0.0519267 0.989302 0.0481734 0.1377 0.989435 0.144622 0.0101456 0.902717 0.316598 0.291322 0.958852 0.0779871 0.272985 0.449648 0.71266 0.538453 0.413665 0.805454 0.424412 0.999848 0.0174524 -3.48913e-13 0.454912 0.610253 0.648573 0.241966 0.523753 0.816784 0.316679 0.597203 0.736928 0.259198 0.629877 0.732169 0.24136 0.362881 0.900035 0.35756 0.41248 0.837861 0.141587 0.26718 0.953188 0.260996 0.330414 0.907032 0.133568 0.288311 0.948175 0.124055 0.307869 0.943306 0.277548 0.295075 0.914275 0.387199 0.367065 0.845778 0.283656 0.796165 0.534472 0.00867982 0.227504 0.973738 0.00875442 0.218733 0.975746 0.14806 0.244092 0.958383 0.218984 0.878323 0.424965 0.318744 0.847497 0.424442 0.0886492 0.768557 0.63361 0.00437054 0.845794 0.533491 0.0033022 0.904598 0.426253 0.00537315 0.773749 0.633469 0.00628661 0.689953 0.723827 0.0737467 0.68565 0.724186 0.057833 0.593027 0.803103 0.00709365 0.596426 0.802637 0.0413484 0.493078 0.869002 0.0077835 0.495558 0.86854 0.0247205 0.388373 0.921171 0.00835163 0.389919 0.920811 0.00879897 0.282063 0.959355 0.00833565 0.28146 0.959537 0.266519 0.960398 0.0812641 0.372063 0.90802 0.192533 0.238947 0.919708 0.311514 0.106613 0.583713 0.804931 0.138292 0.673841 0.725819 0.0738781 0.486256 0.870688 0.0409029 0.384045 0.922408 0.00843204 0.279631 0.96007 0.389836 0.917712 0.0763731 0.482427 0.855276 0.189122 0.348339 0.884806 0.309481 0.153341 0.569063 0.80787 0.199936 0.655213 0.728507 0.10516 0.475544 0.873384 0.0565865 0.377243 0.924384 0.00871849 0.27671 0.960914 0.198333 0.549222 0.8118 0.451898 0.837307 0.307743 0.135294 0.461122 0.876962 0.0716754 0.368156 0.926997 0.0089549 0.272869 0.962009 0.963364 0.267407 0.0205658 0.922225 0.385376 0.0313988 0.284329 0.491643 0.82307 0.550183 0.776788 0.306429 0.504547 0.751507 0.425053 0.164432 0.442768 0.88143 0.0861408 0.356772 0.930212 0.00899997 0.268271 0.963301 0.528663 0.653306 0.541947 0.643653 0.701828 0.305202 0.192515 0.41987 0.886931 0.0998596 0.34287 0.93406 0.00876885 0.263041 0.964745 0.51694 0.552144 0.654148 0.468882 0.454671 0.757248 0.571537 0.48776 0.659875 0.726512 0.616894 0.30269 0.21857 0.392721 0.893307 0.11289 0.326059 0.938585 0.00912929 0.256333 0.966545 0.662125 0.510564 0.548557 0.737998 0.522539 0.42698 0.79751 0.523823 0.29931 0.412153 0.317526 0.853995 0.00905135 0.249522 0.968327 0.856346 0.423608 0.295343 0.618461 0.417506 0.665729 0.507815 0.396556 0.764766 0.00882563 0.24258 0.970091 0.84119 0.332438 0.426478 0.657482 0.341137 0.671821 0.540455 0.333207 0.772581 0.290816 0.256336 0.921801 0.00867203 0.235337 0.971875 0.875606 0.226389 0.426688 0.7923 0.245132 0.558722 0.688014 0.257785 0.678368 0.566316 0.263813 0.780826 0.432071 0.263183 0.862583 0.909262 0.106145 0.402463 0.841471 0.132164 0.523889 0.756852 0.155522 0.634814 0.657011 0.175776 0.733102 0.543959 0.192512 0.81673 0.420043 0.205385 0.883957 0.287757 0.214145 0.933455 0.149765 0.218623 0.964248 -0.361592 -0.55828 0.74671 -0.310431 -0.45607 0.834046 -0.41309 -0.510509 0.754146 -0.312851 -0.848987 0.425846 -0.275642 -0.797811 0.536208 -0.360599 -0.761768 0.538217 -0.694429 -0.716929 0.061481 -0.58459 -0.789581 0.186594 -0.681555 -0.708538 0.182912 -0.442463 -0.715145 0.541104 -0.408183 -0.807322 0.426166 -0.766897 -0.616743 0.177472 -0.839022 -0.516585 0.170829 -0.851652 -0.522219 0.0444583 -0.779968 -0.623511 0.0537007 -0.942567 -0.295457 0.155798 -0.934977 -0.203617 0.290446 -0.97321 -0.175441 0.148602 -0.897674 -0.409252 0.163381 -0.90949 -0.414316 0.0341907 -0.873231 -0.22785 0.430757 -0.901899 -0.109271 0.417898 -0.90131 -0.318225 0.293894 -0.998184 -0.0601441 0.00339999 -0.986645 -0.0518054 0.154425 -0.953793 -0.0814007 0.289228 -0.999632 -0.0212277 0.0168698 -0.306613 -0.702737 0.641989 -0.377224 -0.663247 0.646379 -0.345055 -0.414504 0.842095 -0.226784 -0.36406 0.903343 -0.445963 -0.61308 0.652111 -0.117333 -0.28848 0.95027 -0.125428 -0.267248 0.95543 -0.246623 -0.331494 0.910653 0.00882505 -0.2418 0.970286 -0.10773 -0.30809 0.945238 -0.305295 -0.599335 0.739995 -0.247489 -0.631645 0.734693 -0.228624 -0.525344 0.8196 -0.375028 -0.368938 0.850434 -0.263353 -0.295954 0.918181 -0.233661 -0.733184 0.638627 0.00887605 -0.217946 0.97592 -0.131953 -0.24402 0.960751 0.00895602 -0.22671 0.973921 -0.186785 -0.824032 0.534866 -0.212692 -0.879373 0.425988 -0.0934402 -0.840279 0.534041 -0.107245 -0.898212 0.426278 0.00325658 -0.904538 0.42638 -0.157635 -0.755324 0.63611 0.00532624 -0.773593 0.63366 0.00626348 -0.689736 0.724034 -0.0612148 -0.686012 0.725011 0.00431581 -0.845692 0.533654 -0.0779621 -0.769048 0.634418 -0.0436559 -0.593203 0.803868 0.0071045 -0.596143 0.802847 -0.025756 -0.49303 0.869631 0.00933483 -0.280926 0.959684 -0.00796135 -0.388082 0.921591 0.00842658 -0.389505 0.920986 0.00783006 -0.495209 0.868739 0.00888713 -0.281591 0.959493 0.00217164 -0.949271 0.314452 -0.119062 -0.941997 0.313793 -0.128698 -0.97145 0.199302 0.00108088 -0.979686 0.200535 -0.132393 -0.987506 0.0854671 -5.88153e-14 -0.996195 0.0871557 -0.25282 -0.947351 0.196489 -0.259571 -0.962267 0.0816423 -0.37033 -0.90861 0.19309 -0.380108 -0.921738 0.0769245 -0.734126 -0.525358 0.430183 -0.710036 -0.431881 0.556172 -0.791806 -0.433512 0.430245 -0.234813 -0.920523 0.31225 -0.0925809 -0.584312 0.806231 -0.125958 -0.674736 0.727232 -0.0583751 -0.486485 0.871737 -0.0241826 -0.383866 0.923072 0.00924011 -0.279038 0.960236 -0.480897 -0.855994 0.189767 -0.493061 -0.867001 0.0721083 -0.344557 -0.885938 0.310475 -0.139522 -0.570035 0.809687 -0.187898 -0.656574 0.730483 -0.089785 -0.476021 0.874839 -0.0399167 -0.377165 0.925286 0.00896342 -0.276068 0.961096 -0.597921 -0.798729 0.0672403 -0.448453 -0.83871 0.308957 -0.184753 -0.550521 0.814121 -0.120063 -0.461816 0.878812 -0.0550633 -0.368171 0.928126 0.00873406 -0.272191 0.962204 -0.587173 -0.686555 0.428801 -0.59347 -0.588624 0.548922 -0.665774 -0.609969 0.429748 -0.546992 -0.778476 0.307856 -0.271215 -0.493497 0.826379 -0.499423 -0.753736 0.427152 -0.149347 -0.443657 0.883665 0.0086846 -0.267563 0.963501 -0.069592 -0.356871 0.931558 -0.52183 -0.656189 0.545077 -0.640625 -0.703869 0.306868 -0.177571 -0.420932 0.889542 -0.0833781 -0.343039 0.935613 0.00889624 -0.262297 0.964946 -0.508443 -0.555195 0.658213 -0.458636 -0.457339 0.761902 -0.563582 -0.490801 0.664446 -0.723794 -0.619141 0.304611 -0.203794 -0.393892 0.89628 -0.0964785 -0.326278 0.940337 0.00853584 -0.255578 0.966751 -0.656339 -0.513658 0.552607 -0.795215 -0.526064 0.301478 -0.400281 -0.3191 0.85904 0.00860776 -0.248754 0.968528 -0.953377 -0.300857 0.023613 -0.611066 -0.420305 0.670777 -0.650595 -0.343484 0.677307 -0.854514 -0.425633 0.29773 -0.498032 -0.399023 0.769899 -0.983092 -0.182628 0.0133188 -0.838407 -0.334534 0.430303 -0.754188 -0.343193 0.559838 -0.531089 -0.335287 0.778156 -0.276751 -0.256929 0.925957 0.0089705 -0.234547 0.972063 -0.788093 -0.246814 0.563908 -0.681528 -0.259496 0.684238 -0.557276 -0.265342 0.786789 -0.420427 -0.264327 0.86797 -0.831943 -0.134937 0.538204 -0.745342 -0.157885 0.647717 -0.643743 -0.177678 0.744329 -0.529191 -0.193913 0.826048 -0.404067 -0.206255 0.891173 -0.270889 -0.214467 0.938415 -0.132343 -0.218388 0.966846 0.0083369 0.394652 0.918793 0.00880729 0.281883 0.959408 0.00880662 0.282072 0.959353 0.00624678 0.692464 0.721426 0.00704807 0.601287 0.799002 0.00704775 0.601328 0.798971 0.00774779 0.501581 0.865076 0.00774833 0.501495 0.865126 0.00833755 0.394516 0.918851 0.00438844 0.843876 0.536521 0.00438923 0.843824 0.536601 0.00335926 0.901882 0.431969 0.00624679 0.692462 0.721427 0.00535636 0.773683 0.63355 0.005356 0.773713 0.633514 0.00227942 0.947087 0.320969 0.00228118 0.947025 0.321151 0.00117044 0.978607 0.205734 0.00335799 0.901944 0.431839 4.29356e-05 0.996176 0.0873718 0.00116818 0.978657 0.205499 4.01983e-05 0.996201 0.087083 -0.855568 -0.0652191 0.513566 -0.803624 -0.107576 0.585334 -0.781469 -0.0742985 0.619505 -0.695664 -0.125196 0.707373 -0.595838 -0.0885558 0.798207 -0.694448 -0.0821144 0.714842 -0.889065 -0.0873377 0.449372 -0.915173 -0.0550696 0.399282 -0.950965 -0.0594703 0.303526 -0.983478 -0.0490783 0.174249 -0.953909 -0.081214 0.288897 -0.90205 -0.109076 0.417621 -0.986647 -0.0517367 0.154441 -0.999632 -0.0212192 0.0168717 -0.56913 -0.139443 0.810337 -0.487175 -0.0935204 0.868282 -0.429419 -0.14983 0.89059 -0.28264 -0.156192 0.946424 -0.370309 -0.0969202 0.923839 -0.529417 -0.19382 0.825924 -0.247316 -0.0986954 0.963895 -0.134806 -0.158672 0.978085 0.00884609 -0.157661 0.987454 -0.120252 -0.0988194 0.987813 -0.271261 -0.214432 0.938316 0.00882266 -0.0972913 0.995217 0.00887605 -0.217946 0.97592 -0.132343 -0.218383 0.966848 -0.404387 -0.206191 0.891042 -0.643827 -0.177572 0.744282 -0.745416 -0.157753 0.647664 -0.832091 -0.134762 0.538018 -0.458419 0.457636 0.761854 -0.563317 0.491156 0.66441 -0.497782 0.399552 0.769786 -0.478916 0.857243 0.189141 -0.595814 0.80035 0.0666734 -0.582642 0.791145 0.186058 -0.888707 0.11483 0.443863 -0.803226 0.143347 0.578168 -0.787957 0.247583 0.563761 -0.973074 0.176301 0.148472 -0.942251 0.296539 0.155654 -0.982923 0.183542 0.0131894 -0.873088 0.22868 0.430608 -0.949678 0.0841122 0.301722 1.29452e-13 0.996195 0.0871557 -0.13374 0.987323 0.0854845 -0.129964 0.971286 0.199282 -0.986097 0.0525116 0.157653 -0.934833 0.204478 0.290303 -0.998166 0.0604433 0.00334886 -0.999632 0.0212324 0.0168944 -0.530879 0.335965 0.778007 -0.610761 0.42094 0.670657 -0.227827 0.526055 0.819366 -0.271036 0.493644 0.826351 -0.177451 0.421036 0.889517 -0.593226 0.588826 0.548969 -0.521504 0.656459 0.545064 -0.586813 0.686863 0.428799 -0.445679 0.61331 0.652089 -0.375936 0.664357 0.645989 -0.440962 0.716413 0.540652 -0.491052 0.868188 0.071531 -0.369438 0.909066 0.192652 -0.497738 0.755132 0.426653 -0.709687 0.432608 0.556053 -0.656032 0.51407 0.552589 -0.733788 0.525823 0.430191 -0.260227 0.962098 0.0815395 -0.253373 0.947241 0.196305 -0.120241 0.941863 0.313746 -0.235341 0.920466 0.31202 0.00107367 0.979686 0.200535 0.00214898 0.949271 0.314452 -0.304245 0.600258 0.739679 -0.361358 0.558468 0.746682 -0.508231 0.555364 0.658234 -0.412917 0.510649 0.754146 -0.0895989 0.476275 0.87472 -0.119562 0.462261 0.878646 -0.0548097 0.368395 0.928052 -0.310302 0.456182 0.834033 -0.203711 0.393978 0.896261 -0.00813925 0.388076 0.921591 -0.0242822 0.383903 0.923054 0.00922642 0.279028 0.960239 0.00896033 0.276059 0.961099 -0.0398268 0.377292 0.925238 0.00874606 0.27219 0.962204 -0.0261048 0.493024 0.869624 -0.753898 0.344121 0.559659 -0.681407 0.260172 0.684101 -0.65034 0.344299 0.677138 0.00842668 0.389503 0.920987 0.00932502 0.28092 0.959686 0.00889206 0.281588 0.959494 -0.69527 0.168388 0.698745 -0.557175 0.265903 0.786671 -0.568778 0.188892 0.800507 -0.429136 0.20416 0.879864 -0.282442 0.213927 0.935127 -0.420349 0.264758 0.867876 -0.134694 0.218352 0.96653 -0.276698 0.257224 0.925891 0.00887848 0.21794 0.975922 -0.131926 0.244181 0.960714 -0.953057 0.301878 0.02351 -0.897274 0.410152 0.163326 -0.900988 0.319287 0.293728 -0.838094 0.335545 0.430125 -0.400121 0.319624 0.85892 -0.263245 0.296318 0.918095 0.00896048 0.226746 0.973913 -0.125373 0.267452 0.95538 -0.909119 0.415131 0.0341945 -0.838659 0.51715 0.170901 -0.854114 0.426492 0.297646 -0.791424 0.434314 0.430139 -0.374839 0.369351 0.850338 -0.246497 0.331786 0.910581 0.00897452 0.234597 0.972051 -0.117271 0.28865 0.950226 -0.851332 0.52273 0.044582 -0.766606 0.617065 0.177611 -0.794859 0.526581 0.301516 -0.665505 0.610207 0.429826 -0.344892 0.414739 0.842046 -0.107682 0.308198 0.945208 -0.226679 0.364232 0.9033 0.00882409 0.241851 0.970273 -0.7797 0.623833 0.0538574 -0.681159 0.708912 0.182936 -0.723509 0.61942 0.30472 -0.0964423 0.326338 0.94032 0.00860022 0.248798 0.968517 -0.693674 0.717669 0.0613791 -0.640243 0.704212 0.306879 0.00852666 0.255611 0.966742 -0.083317 0.343101 0.935596 -0.275039 0.798317 0.535764 -0.213188 0.879373 0.425738 -0.312145 0.849486 0.425369 -0.545158 0.779969 0.307329 -0.184005 0.551171 0.813851 -0.148811 0.444139 0.883513 0.00889987 0.262319 0.96494 -0.0693177 0.357117 0.931484 -0.406527 0.808479 0.425555 -0.44662 0.839921 0.308324 -0.359146 0.762847 0.53766 -0.305382 0.703707 0.641512 -0.246495 0.632471 0.734316 0.00870274 0.267574 0.963498 -0.379278 0.922109 0.0765748 -0.343753 0.886416 0.310001 -0.233165 0.733673 0.638246 -0.187508 0.657016 0.730186 -0.139236 0.570397 0.809482 -0.187241 0.824085 0.534626 -0.158039 0.755414 0.635903 -0.126297 0.674843 0.727074 -0.0928471 0.584414 0.806126 -0.0585601 0.486562 0.871681 -0.108322 0.898111 0.426219 -0.0944009 0.84021 0.533981 -0.0787894 0.769006 0.634367 -0.0618932 0.68599 0.724974 -0.0441733 0.593192 0.803848 0.00321848 0.904538 0.426381 0.00426829 0.845691 0.533656 0.00527811 0.773592 0.633662 0.00622323 0.689735 0.724035 0.00707776 0.596142 0.802848 0.00781827 0.495206 0.86874 -0.247672 -0.0987035 0.963803 -0.245847 -0.00504649 0.969296 -0.370569 -0.0969344 0.923733 -0.499091 -0.0100132 0.866491 -0.595933 -0.0885838 0.798133 -0.487277 -0.0935445 0.868223 -0.615631 -0.012279 0.787939 -0.72042 -0.0143017 0.693391 -0.781651 -0.0743113 0.619274 -0.694634 -0.0821348 0.714659 -0.915172 -0.0550864 0.399281 -0.855568 -0.0652446 0.513563 -0.810382 -0.0160212 0.585682 -0.883372 -0.017396 0.468349 -0.374508 -0.00757647 0.927193 -0.116945 -0.00249876 0.993135 -0.120252 -0.0988226 0.987812 0.0088048 -4.57834e-07 0.999961 0.00882266 -0.0972913 0.995217 -0.695653 0.125196 0.707384 -0.803614 0.107576 0.585348 -0.781651 0.0742798 0.619277 -0.889056 0.0873392 0.44939 -0.855568 0.0652194 0.513566 -0.999632 0.0212245 0.0168961 -0.983475 0.0490801 0.174262 -0.986098 0.0524474 0.157668 -0.915173 0.0550699 0.399282 -0.950964 0.0594704 0.303532 -0.94968 0.0840095 0.301745 -0.595933 0.0885511 0.798137 -0.694634 0.0821006 0.714663 -0.56912 0.139442 0.810345 -0.695272 0.168294 0.698766 -0.487277 0.0935172 0.868226 -0.370569 0.0969152 0.923735 -0.42941 0.149829 0.890594 -0.247671 0.0986933 0.963804 -0.282633 0.15619 0.946427 0.00884763 0.157659 0.987454 -0.134802 0.158669 0.978086 -0.120252 0.09882 0.987813 0.00887848 0.21794 0.975922 -0.134694 0.218348 0.966531 0.00882349 0.097292 0.995217 -0.888709 0.114711 0.44389 -0.803228 0.143233 0.578194 -0.568779 0.188826 0.800522 -0.429137 0.204121 0.879873 -0.282442 0.21391 0.935131 -0.72042 0.0142991 0.693391 -0.615632 0.012276 0.787939 -0.694447 0.0821496 0.714839 -0.595837 0.0885896 0.798204 -0.810382 0.0160191 0.585683 -0.781468 0.0743309 0.619502 -0.499091 0.0100098 0.866492 -0.855568 0.0652449 0.513563 -0.915172 0.0550866 0.399281 -0.883372 0.0173944 0.468349 -0.374508 0.00757273 0.927193 -0.487174 0.0935489 0.86828 -0.370308 0.0969406 0.923837 -0.245847 0.00504254 0.969296 -0.116945 0.00249463 0.993135 -0.247316 0.0987068 0.963894 0.0088048 -3.75512e-06 0.999961 -0.120252 0.0988232 0.987813 0.00882349 0.097292 0.995217 -0.12102 -0.988889 0.0863317 -0.15063 -0.984848 0.085933 -8.54111e-08 -0.996195 0.0871557 -0.568551 -0.819593 0.0708368 -0.438191 -0.895519 0.0776786 -0.488211 -0.869469 0.0753231 -0.29782 -0.951029 0.0827494 -0.244267 -0.96605 0.0841454 -0.367516 -0.926527 0.0804993 -0.778889 -0.624878 0.0534803 -0.787682 -0.613841 0.0525013 -0.702882 -0.708692 0.0609291 -0.60588 -0.792608 0.068419 -0.685939 -0.724981 0.0623801 -0.935353 -0.352491 0.0294106 -0.871456 -0.48872 0.0414267 -0.909959 -0.413238 0.034764 -0.847313 -0.529184 0.0450036 -0.977926 -0.208283 0.016729 -0.956159 -0.291857 0.024074 -0.983936 -0.177965 0.0140673 -0.998228 -0.0593913 0.00367165 -8.54111e-08 -0.996195 0.0871557 0.873625 -0.484862 0.0410858 0.806499 -0.589092 0.0503072 0.802825 -0.594052 0.0507468 0.999848 -0.0174525 7.91511e-09 0.990293 -0.138588 0.0106126 0.985158 -0.171119 0.0134665 0.404532 -0.911097 0.0790929 0.449356 -0.890013 0.0771798 0.523595 -0.848794 0.0734603 0.582174 -0.810047 0.0699809 0.305695 -0.948547 0.0825202 0.275725 -0.957615 0.0833594 0.139824 -0.986427 0.0860877 0.154672 -0.984227 0.0858725 2.7229e-08 -0.996195 0.0871557 2.7229e-08 -0.996195 0.0871557 0.631014 -0.772903 0.0666566 0.700948 -0.710591 0.0610982 0.725541 -0.685656 0.0588791 0.885367 -0.46324 0.0391762 0.926915 -0.373963 0.031302 0.946597 -0.321316 0.0266659 0.965918 -0.257987 0.0210959 0.999848 -0.0174525 7.91511e-09 -0.568374 0.819714 0.0708477 -0.685753 0.725155 0.0623956 -0.616194 0.784679 0.0677095 -0.787486 0.614091 0.0525234 -0.709766 0.70185 0.06032 -0.871266 0.489057 0.0414564 -0.858863 0.510369 0.0433399 -0.790749 0.609915 0.0521531 -0.935193 0.352913 0.0294477 -0.914095 0.404075 0.0339561 -0.955969 0.292475 0.0241284 -0.977927 0.208278 0.0167285 -0.984096 0.177085 0.0139901 -0.998224 0.0594528 0.00367703 -0.510652 0.856583 0.0741615 -0.438017 0.895604 0.0776863 -0.297656 0.95108 0.0827541 -0.394264 0.915552 0.0794984 -0.268721 0.959588 0.0835427 -0.150512 0.984866 0.0859348 -0.136359 0.986908 0.086135 -6.17798e-08 0.996195 0.0871557 -6.17798e-08 0.996195 0.0871557 0.124907 0.988409 0.0862839 0.154793 0.984208 0.0858707 2.72288e-08 0.996195 0.0871557 0.582323 0.809941 0.0699714 0.449511 0.889935 0.0771728 0.50146 0.861955 0.0746455 0.305853 0.948496 0.0825156 0.251788 0.964133 0.0839662 0.378224 0.922241 0.0801081 0.794849 0.604603 0.0516821 0.802999 0.593818 0.050726 0.718658 0.692812 0.0595157 0.620798 0.781069 0.0673867 0.701105 0.710437 0.0610845 0.965983 0.257745 0.0210746 0.946746 0.320879 0.0266275 0.922973 0.383519 0.0321441 0.862484 0.50427 0.0428008 0.885543 0.462905 0.0391466 0.999848 0.0174525 7.91512e-09 0.985146 0.171189 0.0134727 0.9901 0.139954 0.0107324 0.999848 0.0174525 7.91512e-09 2.72288e-08 0.996195 0.0871557 -6.93889e-18 0.996195 0.0871557 -6.93889e-18 0.996195 0.0871557 -6.93889e-18 0.996195 0.0871557 -6.93889e-18 0.996195 0.0871557 0 0.0174524 0.999848 0 0.0174524 0.999848 0 0.0174524 0.999848 0 0.0174524 0.999848 0 0.0174524 0.999848 0 0.0174524 0.999848 0 0.0174524 0.999848 0 0.0174524 0.999848 0 0.0174524 0.999848 0 0.0174524 0.999848 0 0.0174524 0.999848 0 0.0174524 0.999848 0 0.0174524 0.999848 0 0.0174524 0.999848 0 0.0174524 0.999848 0 0.0174524 0.999848 0 0.0174524 0.999848 0 0.0174524 0.999848 0 0.0174524 0.999848 0 0.0174524 0.999848 0 0.0174524 0.999848 0 0.0174524 0.999848 0 0.0174524 0.999848 0 0.0174524 0.999848 0 0.0174524 0.999848 0 0.0174524 0.999848 0 0.0174524 0.999848 0 0.0174524 0.999848 0 0.0174524 0.999848 0 0.0174524 0.999848 0 0.0174524 0.999848 0 0.0174524 0.999848 0 0.0174524 0.999848 0 0.0174524 0.999848 0 0.0174524 0.999848 0 0.0174524 0.999848 0 0.0174524 0.999848 0 0.0174524 0.999848 0 0.0174524 0.999848 0 0.0174524 0.999848 0 0.0174524 0.999848 0 0.0174524 0.999848 0 0.0174524 0.999848 0 0.0174524 0.999848 0 0.0174524 0.999848 0 0.0174524 0.999848 0 0.0174524 0.999848 0 0.0174524 0.999848 0 0.0174524 0.999848 0 0.0174524 0.999848 0 0.0174524 0.999848 0 0.0174524 0.999848 0 0.0174524 0.999848 0 0.0174524 0.999848 0 0.0174524 0.999848 0 0.0174524 0.999848 0 0.0174524 0.999848 0 0.0174524 0.999848 0 0.0174524 0.999848 0 0.0174524 0.999848 0 0.0174524 0.999848 0 0.0174524 0.999848 0 0.0174524 0.999848 0.999848 0.0174524 0 0.999848 0.0174524 0 0.999848 0.0174524 0 -6.93889e-18 -0.996195 0.0871557 -6.93889e-18 -0.996195 0.0871557 -6.93889e-18 -0.996195 0.0871557 -6.93889e-18 -0.996195 0.0871557 0.999848 -0.0174524 0 0.999848 -0.0174524 0 0.999848 -0.0174524 0 0 -0.0174524 0.999848 0 -0.0174524 0.999848 0 -0.0174524 0.999848 0 -0.0174524 0.999848 0 -0.0174524 0.999848 0 -0.0174524 0.999848 0 -0.0174524 0.999848 0 -0.0174524 0.999848 0 -0.0174524 0.999848 0 -0.0174524 0.999848 0 -0.0174524 0.999848 0 -0.0174524 0.999848 0 -0.0174524 0.999848 0 -0.0174524 0.999848 0 -0.0174524 0.999848 0 -0.0174524 0.999848 0 -0.0174524 0.999848 0 -0.0174524 0.999848 0 -0.0174524 0.999848 0 -0.0174524 0.999848 0 -0.0174524 0.999848 0 -0.0174524 0.999848 0 -0.0174524 0.999848 0 -0.0174524 0.999848 0 -0.0174524 0.999848 0 -0.0174524 0.999848 0 -0.0174524 0.999848 0 -0.0174524 0.999848 0 -0.0174524 0.999848 0 -0.0174524 0.999848 0 -0.0174524 0.999848 0 -0.0174524 0.999848 0 -0.0174524 0.999848 0 -0.0174524 0.999848 0 -0.0174524 0.999848 0 -0.0174524 0.999848 0 -0.0174524 0.999848 0 -0.0174524 0.999848 0 -0.0174524 0.999848 0 -0.0174524 0.999848 0 -0.0174524 0.999848 0 -0.0174524 0.999848 0 -0.0174524 0.999848 0 -0.0174524 0.999848 0 -0.0174524 0.999848 0 -0.0174524 0.999848 0 -0.0174524 0.999848 0 -0.0174524 0.999848 0 -0.0174524 0.999848 0 -0.0174524 0.999848 0 -0.0174524 0.999848 0 -0.0174524 0.999848 0 -0.0174524 0.999848 0 -0.0174524 0.999848 0 -0.0174524 0.999848 0 -0.0174524 0.999848 0 -0.0174524 0.999848 0 -0.0174524 0.999848 0 -0.0174524 0.999848 0 -0.0174524 0.999848 0 -0.0174524 0.999848 0 -0.0174524 0.999848 0 -0.0174524 0.999848 0.0453329 -0.990668 -0.128536 0.0239743 -0.990668 -0.13417 0.0958058 -0.957617 -0.271645 0.131257 -0.961979 -0.239516 0.194448 -0.914488 -0.354825 0.253838 -0.849124 -0.4632 0.143968 -0.901468 -0.408202 0.188657 -0.823575 -0.534913 -0.13523 -0.990668 -0.0170116 -0.136202 -0.990668 0.00505631 -0.285792 -0.957617 -0.0359521 0.308268 -0.767164 -0.562522 0.228796 -0.725818 -0.648723 0.356672 -0.670209 -0.650849 0.263417 -0.610554 -0.746884 0.291684 -0.480563 -0.827031 0.398105 -0.560156 -0.726456 0.431757 -0.439154 -0.787864 0.312915 -0.33898 -0.88723 0.473253 -0.173934 -0.863585 0.45697 -0.30957 -0.833873 0.326599 -0.189222 -0.926028 0.343304 -0.0348994 -0.938576 0.480285 -0.0348994 -0.876418 0.0655008 -0.990668 -0.119525 -0.336189 -0.823575 -0.456838 -0.407717 -0.725818 -0.554036 -0.312865 -0.725818 -0.612621 0.0997716 -0.823575 -0.558363 0.120999 -0.725818 -0.677162 0.00826503 -0.823575 -0.567147 0.0100235 -0.725818 -0.687814 0.139308 -0.610554 -0.779627 0.0115402 -0.610554 -0.791891 -0.101215 -0.725818 -0.6804 -0.116531 -0.610554 -0.783355 -0.209795 -0.725818 -0.655114 -0.241541 -0.610554 -0.754243 -0.0834585 -0.823575 -0.561034 -0.648285 -0.610554 -0.454918 -0.627052 -0.480563 -0.613078 -0.566285 -0.610554 -0.553666 -0.17299 -0.823575 -0.540184 -0.40557 -0.823575 -0.396532 -0.259415 -0.957617 -0.125195 -0.235784 -0.957617 -0.165456 -0.122749 -0.990668 -0.0592392 -0.276231 -0.957617 -0.0816458 -0.130706 -0.990668 -0.0386328 -0.415094 -0.901468 -0.12269 -0.429461 -0.901468 -0.0540253 -0.257977 -0.823575 -0.505145 -0.404334 -0.914488 0.0150103 -0.272935 -0.961979 0.0101323 -0.491859 -0.725818 -0.480898 -0.360206 -0.610554 -0.70532 -0.998703 -0.0348994 0.0370745 -0.992955 -0.0348994 -0.11324 -0.984079 -0.173934 0.0365317 -0.582001 -0.189222 -0.790866 -0.557617 -0.33898 -0.757731 -0.672695 -0.33898 -0.657704 -0.717851 -0.480563 -0.503735 -0.519782 -0.480563 -0.706319 -0.80378 -0.189222 -0.564033 -0.770103 -0.33898 -0.540401 -0.847284 -0.33898 -0.408904 -0.974256 -0.189222 -0.122559 -0.964711 -0.0348994 -0.260989 -0.941663 -0.189222 -0.278328 -0.884336 -0.189222 -0.426785 -0.914612 -0.0348994 -0.402825 -0.933437 -0.33898 -0.117424 -0.0200544 -0.990668 -0.134812 -0.0415682 -0.990668 -0.129802 -0.0423827 -0.957617 -0.28491 0.050667 -0.957617 -0.283554 0.00419723 -0.957617 -0.288014 0.00198602 -0.990668 -0.136281 0.0761375 -0.901468 -0.426097 0.154257 -0.480563 -0.863287 0.165485 -0.33898 -0.926125 0.172722 -0.189222 -0.966624 0.198545 -0.0348994 -0.97947 -0.06199 -0.990668 -0.121383 -0.0878494 -0.957617 -0.274321 0.0063072 -0.901468 -0.4328 0.0127786 -0.480563 -0.876867 0.0143082 -0.189222 -0.98183 0.0137087 -0.33898 -0.940694 0.0492886 -0.0348994 -0.998175 -0.0636887 -0.901468 -0.428135 -0.138428 -0.33898 -0.930554 -0.144481 -0.189222 -0.971247 -0.129035 -0.480563 -0.867415 -0.101085 -0.0348994 -0.994265 -0.111567 -0.990668 -0.0782896 -0.20596 -0.957617 -0.201371 -0.0974553 -0.990668 -0.0952835 -0.0807836 -0.990668 -0.109775 -0.131009 -0.957617 -0.256528 -0.132012 -0.901468 -0.412224 -0.286928 -0.33898 -0.895971 -0.299475 -0.189222 -0.935152 -0.26746 -0.480563 -0.835179 -0.249168 -0.0348994 -0.967831 -0.170727 -0.957617 -0.231996 -0.196867 -0.901468 -0.385485 -0.427892 -0.33898 -0.837855 -0.446604 -0.189222 -0.874494 -0.398859 -0.480563 -0.781006 -0.391606 -0.0348994 -0.919471 -0.256552 -0.901468 -0.348622 -0.469411 -0.610554 -0.63787 -0.525173 -0.0348994 -0.85028 -0.309498 -0.901468 -0.3026 -0.646841 -0.0348994 -0.761826 -0.702112 -0.189222 -0.686465 -0.464297 -0.823575 -0.32581 -0.354314 -0.901468 -0.248631 -0.563082 -0.725818 -0.395129 -0.902209 -0.33898 -0.266667 -0.753856 -0.0348994 -0.656112 -0.51083 -0.823575 -0.246529 -0.389824 -0.901468 -0.188131 -0.619515 -0.725818 -0.298982 -0.713257 -0.610554 -0.344222 -0.789795 -0.480563 -0.38116 -0.843792 -0.0348994 -0.535535 -0.543945 -0.823575 -0.160774 -0.659675 -0.725818 -0.194981 -0.759494 -0.610554 -0.224484 -0.840994 -0.480563 -0.248573 -0.562772 -0.823575 -0.0707955 -0.682508 -0.725818 -0.0858581 -0.785782 -0.610554 -0.0988497 -0.870103 -0.480563 -0.109457 -0.52783 -0.849124 0.0195947 -0.64101 -0.767164 0.0237963 -0.741661 -0.670209 0.0275328 -0.827817 -0.560156 0.0307312 -0.897793 -0.439154 0.0333285 -0.950222 -0.30957 0.0352748 0.453679 -0.765789 -0.455789 0.368256 -0.849444 -0.377933 0.384862 -0.769156 -0.510176 0.249764 -0.854341 -0.455762 0.312942 -0.852711 -0.418271 0.236224 -0.917542 -0.319868 0.306147 -0.770835 -0.558648 0.0864082 -0.989226 -0.118173 0.1573 -0.963117 -0.218317 0.183793 -0.960841 -0.207376 0.199216 -0.959408 -0.199621 0.0930144 -0.988039 -0.122991 0.189511 -0.918966 -0.345815 0.0758427 -0.990277 -0.116613 0.127446 -0.964195 -0.232561 0.0654979 -0.990669 -0.11952 0.092466 -0.98711 -0.13063 0.199671 -0.960467 -0.193995 0.0827724 -0.986655 -0.140216 0.596508 -0.551233 -0.583369 0.671038 -0.550187 -0.496993 0.595189 -0.66418 -0.452344 0.642412 -0.667945 -0.375709 0.543331 -0.768201 -0.338612 0.507002 -0.764393 -0.398313 0.530608 -0.66543 -0.525032 0.800869 -0.594608 -0.0710577 0.693907 -0.714426 -0.0899384 0.792658 -0.577385 -0.195754 0.67378 -0.67839 -0.29293 0.564457 -0.778792 -0.273627 0.755951 -0.617496 0.217339 0.648918 -0.740579 0.174496 0.789815 -0.60958 0.0678593 0.690856 -0.69493 -0.199474 0.572338 -0.795662 -0.198369 0.523427 -0.8426 0.126688 0.680954 -0.731453 0.0357584 0.568788 -0.815565 -0.106457 0.698709 -0.614894 0.365665 0.621622 -0.602111 0.501048 0.529297 -0.723202 0.443648 0.349664 -0.917775 0.188212 0.479269 -0.839989 0.254402 0.357828 -0.801328 0.479409 0.449529 -0.700026 0.554876 0.42294 -0.825156 0.374486 0.59735 -0.737769 0.314436 0.214542 -0.516832 0.828768 0.102049 -0.504893 0.857129 0.0800581 -0.611478 0.787201 0.362291 -0.673004 0.644834 0.287127 -0.773131 0.565532 -0.0274254 -0.703236 0.710427 -0.020771 -0.607245 0.794243 -0.115618 -0.708421 0.696256 -0.104348 -0.79251 0.600866 -0.3698 -0.524891 0.76664 -0.335528 -0.634846 0.695982 -0.252382 -0.51438 0.819583 -0.125073 -0.611949 0.780945 -0.837688 -0.296638 0.458567 -0.781504 -0.163871 0.601995 -0.864971 -0.16473 0.474015 -0.757211 -0.294737 0.582891 -0.517285 -0.413874 0.749082 -0.397105 -0.406472 0.822853 -0.416998 -0.283053 0.863709 -0.4801 -0.534425 0.695625 -0.578917 -0.541845 0.60931 -0.378444 -0.745108 0.549175 -0.375693 -0.838294 0.395118 -0.316849 -0.82928 0.460327 -0.206158 -0.719938 0.662713 -0.177732 -0.804178 0.567194 -0.133985 -0.989502 0.0541584 -0.244368 -0.960847 0.130605 -0.255155 -0.962783 0.08913 -0.295132 -0.73321 0.612617 -0.5652 -0.76556 0.307355 -0.492964 -0.852179 0.175434 -0.464171 -0.849255 0.251616 -0.132165 -0.988481 0.073735 -0.228887 -0.957823 0.173744 -0.265009 -0.964196 0.00983874 -0.135479 -0.990572 0.0203267 -0.261745 -0.963888 0.0490859 -0.388337 -0.918556 0.0738147 -0.394065 -0.918966 0.014632 -0.136196 -0.990669 0.0050559 -0.544339 -0.288001 0.787877 -0.625163 -0.419642 0.658082 -0.433419 -0.645946 0.628412 -0.520788 -0.654558 0.548027 -0.452327 -0.754286 0.475871 -0.231273 -0.622552 0.747624 -0.939923 -0.0349048 0.339598 -0.968055 -0.165781 0.188111 -0.927683 -0.165356 0.334755 -0.98099 -0.0349782 0.190879 -0.998703 -0.0348995 0.0370744 -0.985476 -0.165824 0.0365844 -0.936864 -0.29873 0.181785 -0.0137775 -0.501366 0.865126 -0.132455 -0.505338 0.852695 0.17726 -0.625221 0.760051 0.0567341 -0.707808 0.704123 0.441628 -0.87629 -0.192564 0.271467 -0.646793 0.712717 0.136811 -0.722443 0.67776 0.213586 -0.745432 0.631437 0.324003 -0.535421 0.779966 0.429493 -0.5581 0.709972 0.152122 -0.828653 0.538696 0.530279 -0.581668 0.61682 0.553194 -0.833048 0.0026549 0.768008 -0.562788 -0.305667 0.548761 -0.429219 -0.717379 0.433839 -0.430186 -0.791659 0.45861 -0.298892 -0.836863 0.727858 -0.553472 -0.404834 0.449475 -0.66864 -0.592361 0.50463 -0.554069 -0.662085 0.356674 -0.670209 -0.650848 0.399646 -0.555388 -0.729264 0.473925 -0.165819 -0.864812 0.581036 -0.298335 -0.757228 0.480285 -0.0348995 -0.876418 0.601379 -0.165681 -0.781597 0.138897 -0.980749 -0.137257 -0.0275887 -0.99279 -0.116646 -0.00798142 -0.990402 -0.137985 0.277282 -0.914644 -0.294179 0.164272 -0.971852 -0.168876 0.0160138 -0.988505 -0.150341 0.649521 -0.426918 -0.629177 0.688636 -0.296659 -0.661645 0.610389 -0.0351509 -0.791321 0.713723 -0.164656 -0.680799 0.305629 -0.913156 -0.269697 0.409368 -0.847967 -0.336703 0.732414 -0.426116 -0.531033 0.778128 -0.296125 -0.553919 0.725448 -0.0347467 -0.687399 0.807991 -0.164396 -0.565795 0.0654553 -0.986843 -0.147837 0.18683 -0.964743 -0.185379 0.318099 -0.915579 -0.246027 0.433953 -0.851327 -0.294836 0.797192 -0.428596 -0.425195 0.849019 -0.297614 -0.436569 0.82271 -0.0347508 -0.567398 0.883095 -0.164852 -0.439281 0.0417136 -0.987379 -0.152781 0.316534 -0.923035 -0.218659 0.443902 -0.860927 -0.248507 0.844277 -0.43606 -0.311524 0.901 -0.302818 -0.310644 0.900208 -0.0342544 -0.43411 0.937934 -0.167698 -0.303575 0.0656316 -0.989634 0.127739 -0.0465513 -0.993689 0.102058 -0.0503748 -0.997422 0.0511091 0.303883 -0.935066 -0.182503 0.0790895 -0.995647 0.0493054 -0.0519207 -0.99865 0.00161862 0.874415 -0.447515 -0.187426 0.934337 -0.310458 -0.175018 0.956034 -0.0349041 -0.29117 0.972246 -0.17137 -0.159281 0.11529 -0.989284 -0.0895881 0.285433 -0.949497 -0.130318 0.430672 -0.894491 -0.120029 0.885914 -0.461084 -0.0505822 0.947099 -0.319595 -0.0293623 0.989382 -0.034892 -0.141086 0.984373 -0.175906 -0.00822223 -0.0415247 -0.995553 -0.0845627 0.0952562 -0.995133 -0.0252252 0.264073 -0.962561 -0.0611662 0.412119 -0.910633 -0.0300778 0.875734 -0.472811 0.0976677 0.93669 -0.327414 0.124144 0.999308 -0.0351534 0.0121284 0.97274 -0.179675 0.146606 -0.0493487 -0.997789 -0.0445236 0.240314 -0.970381 0.0246964 0.385106 -0.919736 0.0760144 0.840444 -0.478931 0.253531 0.900351 -0.331416 0.282013 0.985708 -0.0351579 0.164754 0.935732 -0.181497 0.302432 0.00781655 -0.926903 0.37522 -0.0371386 -0.956765 0.288482 -0.034128 -0.962603 0.268757 0.214378 -0.969491 0.118868 -0.0343349 -0.970728 0.237716 0.0259989 -0.943078 0.331555 0.77952 -0.476844 0.406163 0.837797 -0.330013 0.434958 0.948424 -0.034951 0.315071 0.873464 -0.180815 0.452069 0.0532319 -0.977536 0.203937 0.186258 -0.959121 0.213062 0.306956 -0.904367 0.296478 0.696603 -0.46697 0.544687 0.7524 -0.323664 0.573703 0.888085 -0.0349192 0.458351 0.788734 -0.1781 0.58837 -0.0418681 -0.987536 0.151723 0.0403809 -0.961094 0.273252 0.155884 -0.941017 0.300311 0.258664 -0.882243 0.39337 0.597376 -0.450808 0.66326 0.649194 -0.312662 0.69339 0.80669 -0.0355366 0.589905 0.685277 -0.172465 0.707567 -0.0372448 -0.979546 0.197743 0.123409 -0.918268 0.376237 0.206567 -0.855472 0.474866 0.486688 -0.432384 0.759064 0.532545 -0.300338 0.791324 0.706228 -0.0349238 0.707122 0.566535 -0.166462 0.807049 -0.114368 -0.927565 0.35573 -0.0958984 -0.972583 0.211864 -0.0822848 -0.966402 0.243507 0.088976 -0.894748 0.437617 -0.0678335 -0.960256 0.270753 -0.077759 -0.917986 0.388916 0.369744 -0.414742 0.831432 0.40768 -0.288582 0.866324 0.588878 -0.0348446 0.80747 0.437303 -0.160787 0.884824 -0.0152486 -0.916228 0.400366 0.050927 -0.874482 0.482376 0.0943067 -0.806075 0.584251 0.247714 -0.400289 0.882274 0.276076 -0.278922 0.919774 0.458599 -0.0348889 0.887958 0.299217 -0.156083 0.941333 -0.0444266 -0.954255 0.295675 -0.0439434 -0.913196 0.405144 0.0084864 -0.861369 0.507908 0.0326732 -0.791628 0.610129 0.122178 -0.390821 0.912322 0.140021 -0.272311 0.951967 0.317021 -0.0348734 0.947777 0.15529 -0.15243 0.976038 -0.0546482 -0.95569 0.289259 -0.039121 -0.857405 0.513152 -0.0335846 -0.787141 0.615857 -0.00661732 -0.388273 0.921521 0.000534629 -0.270896 0.962608 0.16784 -0.0340362 0.985226 0.00751403 -0.152185 0.988323 -0.129093 -0.986998 0.0957647 -0.0916001 -0.862639 0.497456 -0.181814 -0.946849 0.26537 -0.208207 -0.953327 0.218672 -0.117402 -0.981932 0.148411 -0.137609 -0.391328 0.909905 -0.14049 -0.27293 0.95172 0.0141788 -0.0348912 0.999291 -0.141164 -0.153171 0.978065 -0.149904 -0.938001 0.312542 -0.146834 -0.873651 0.463868 -0.249786 -0.817482 0.518971 -0.268993 -0.398335 0.87691 -0.28086 -0.277629 0.918716 -0.139791 -0.0348718 0.989567 -0.287983 -0.155492 0.944928 -0.107956 -0.977869 0.179216 -0.200883 -0.885994 0.417924 -0.290584 -0.0349223 0.956212 -0.429443 -0.158119 0.889144 -0.250611 -0.896757 0.364721 -0.434777 -0.0348884 0.899862 -0.561216 -0.160533 0.811952 -0.124446 -0.984886 0.120465 -0.29343 -0.904853 0.308448 -0.658711 -0.291853 0.693485 -0.717895 -0.423896 0.552213 -0.568399 -0.0349012 0.822013 -0.679511 -0.162406 0.715464 -0.424976 -0.844764 0.325221 -0.328569 -0.910595 0.250719 -0.514914 -0.760926 0.394786 -0.595324 -0.660826 0.457053 -0.663607 -0.547277 0.510013 -0.688198 -0.0349025 0.724683 -0.356015 -0.914536 0.192034 -0.655609 -0.665204 0.357325 -0.732418 -0.55105 0.399884 -0.793485 -0.426807 0.433841 -0.791543 -0.0350276 0.610108 -0.134963 -0.990178 0.0365052 -0.602438 -0.768588 0.215268 -0.375879 -0.917088 0.132909 -0.700474 -0.668075 0.251023 -0.783804 -0.553538 0.281508 -0.850075 -0.428744 0.30586 -0.898057 -0.297931 0.323622 -0.886396 -0.429904 0.171708 -0.876215 -0.0349058 0.480655 -0.511204 -0.853871 0.0978559 -0.626153 -0.770349 0.120393 -0.519353 -0.854342 0.0192858 -0.729144 -0.669754 0.140635 -0.636594 -0.770837 0.0236403 -0.816723 -0.555005 0.157904 -0.741659 -0.670211 0.0275414 -0.831016 -0.555392 0.0308578 -0.902117 -0.43019 0.0334951 -0.953628 -0.298897 0.0354046 -0.287846 0.957617 0.0106859 -0.13523 0.990668 -0.0170116 -0.285792 0.957617 -0.0359521 -0.432548 0.901468 0.0160578 -0.429461 0.901468 -0.0540254 -0.566817 0.823575 0.0210422 -0.562772 0.823575 -0.0707956 0.0655007 0.990668 -0.119525 0.0958058 0.957617 -0.271645 0.0453329 0.990668 -0.128536 -0.79143 0.610554 0.0293805 -0.687414 0.725818 0.0255191 -0.682508 0.725818 -0.0858582 -0.407717 0.725818 -0.554036 -0.257977 0.823575 -0.505145 -0.312865 0.725818 -0.612621 -0.785782 0.610554 -0.0988498 -0.870103 0.480563 -0.109457 -0.876357 0.480563 0.032533 -0.940146 0.33898 0.0349011 -0.933437 0.33898 -0.117424 -0.998703 0.0348994 0.0370744 -0.981258 0.189222 0.0364271 -0.974256 0.189222 -0.122559 -0.130706 0.990668 -0.0386328 -0.136202 0.990668 0.00505636 -0.659675 0.725818 -0.194981 -0.543945 0.823575 -0.160774 -0.759494 0.610554 -0.224484 -0.51083 0.823575 -0.24653 -0.619515 0.725818 -0.298982 -0.713257 0.610554 -0.344222 -0.648285 0.610554 -0.454918 -0.563082 0.725818 -0.395129 -0.491859 0.725818 -0.480898 -0.566285 0.610554 -0.553666 -0.464298 0.823575 -0.325809 -0.336189 0.823575 -0.456838 -0.40557 0.823575 -0.396532 -0.17299 0.823575 -0.540184 0.00419726 0.957617 -0.288014 -0.0423827 0.957617 -0.28491 0.00198604 0.990668 -0.136281 0.0506669 0.957617 -0.283554 0.0239743 0.990668 -0.13417 0.0761374 0.901468 -0.426097 0.143968 0.901468 -0.408202 -0.241541 0.610554 -0.754243 -0.116531 0.610554 -0.783355 -0.26746 0.480563 -0.835179 0.194448 0.914488 -0.354825 0.131257 0.961979 -0.239516 -0.427892 0.33898 -0.837855 -0.39886 0.480563 -0.781006 -0.557617 0.33898 -0.757731 -0.519782 0.480563 -0.706319 0.172722 0.189222 -0.966624 0.175791 0.0348994 -0.983809 0.0145617 0.0348994 -0.999285 -0.209795 0.725818 -0.655114 -0.469411 0.610554 -0.63787 -0.129035 0.480563 -0.867415 -0.286928 0.33898 -0.895971 0.312915 0.33898 -0.88723 0.326599 0.189222 -0.926028 0.0143083 0.189222 -0.98183 -0.144481 0.189222 -0.971247 0.0137088 0.33898 -0.940694 -0.138428 0.33898 -0.930554 0.332404 0.0348994 -0.942491 0.473252 0.173934 -0.863585 0.480285 0.0348994 -0.876418 -0.111567 0.990668 -0.0782895 -0.0974553 0.990668 -0.0952835 -0.235784 0.957617 -0.165456 -0.276231 0.957617 -0.0816458 -0.259415 0.957617 -0.125195 -0.122749 0.990668 -0.0592392 -0.415094 0.901468 -0.12269 -0.840994 0.480563 -0.248573 -0.902209 0.33898 -0.266666 -0.941663 0.189222 -0.278328 -0.991576 0.0348994 -0.124739 -0.0807836 0.990668 -0.109775 -0.20596 0.957617 -0.201371 -0.389824 0.901468 -0.188131 -0.789795 0.480563 -0.38116 -0.847284 0.33898 -0.408904 -0.958403 0.0348994 -0.283277 -0.884335 0.189222 -0.426786 -0.354314 0.901468 -0.248631 -0.717852 0.480563 -0.503735 -0.770103 0.33898 -0.540401 -0.900057 0.0348994 -0.434373 -0.80378 0.189222 -0.564033 -0.0200545 0.990668 -0.134812 -0.0878494 0.957617 -0.274321 -0.0415681 0.990668 -0.129802 -0.06199 0.990668 -0.121383 -0.170727 0.957617 -0.231996 -0.627052 0.480563 -0.613079 -0.309498 0.901468 -0.3026 -0.672695 0.33898 -0.657704 -0.818069 0.0348994 -0.57406 -0.702112 0.189222 -0.686465 -0.131009 0.957617 -0.256528 -0.256552 0.901468 -0.348621 -0.714593 0.0348994 -0.698669 -0.582001 0.189222 -0.790866 -0.196867 0.901468 -0.385485 -0.360206 0.610554 -0.70532 -0.446604 0.189222 -0.874494 -0.592348 0.0348994 -0.804926 -0.132012 0.901468 -0.412224 -0.454543 0.0348994 -0.890041 -0.299476 0.189222 -0.935152 -0.0834585 0.823575 -0.561034 -0.0636887 0.901468 -0.428135 -0.101215 0.725818 -0.6804 0.165485 0.33898 -0.926125 -0.3048 0.0348994 -0.951777 0.0082651 0.823575 -0.567147 0.00630725 0.901468 -0.4328 0.0100234 0.725818 -0.687814 0.0115403 0.610554 -0.791891 0.0127787 0.480563 -0.876867 -0.14705 0.0348994 -0.988513 0.0997715 0.823575 -0.558363 0.120999 0.725818 -0.677162 0.139308 0.610554 -0.779627 0.154257 0.480563 -0.863287 0.188657 0.823575 -0.534913 0.228796 0.725818 -0.648723 0.263417 0.610554 -0.746884 0.291684 0.480563 -0.827031 0.253838 0.849124 -0.4632 0.308268 0.767164 -0.562522 0.356672 0.670209 -0.650849 0.398105 0.560156 -0.726456 0.431757 0.439154 -0.787864 0.45697 0.30957 -0.833873 -0.559539 0.828544 0.0207779 -0.418511 0.906072 0.0622973 -0.422381 0.906283 0.0156835 -0.678124 0.727831 0.10203 -0.793431 0.607947 0.0294624 -0.785249 0.607736 0.118495 -0.273837 0.956091 0.104415 -0.273127 0.959357 0.0709616 -0.410863 0.90526 0.108148 -0.554102 0.828298 0.0830266 -0.134281 0.9897 0.049619 -0.9339 0.328334 0.141519 -0.943897 0.328375 0.0350437 -0.982885 0.180571 0.0364884 -0.685022 0.728079 0.0254379 -0.972411 0.18064 0.147603 -0.949954 0.18043 0.255014 -0.912508 0.327895 0.244568 -0.998703 0.0348995 0.0370745 -0.9318 0.0349007 0.361291 -0.915772 0.188787 0.354573 -0.966048 0.0350865 0.255969 -0.988303 0.035073 0.148412 -0.880554 0.472817 0.0326949 -0.871326 0.472678 0.131785 -0.277138 0.959967 0.0407223 -0.279406 0.960117 0.0103733 -0.136196 0.990669 0.0050559 -0.135504 0.990592 0.019139 -0.135062 0.990262 0.0337506 -0.4079 0.899454 0.156842 -0.542906 0.827379 0.143866 -0.663638 0.726909 0.176601 -0.76789 0.606909 0.204954 -0.643506 0.723957 0.248569 -0.851639 0.472022 0.227828 -0.739811 0.609022 0.285957 -0.877682 0.338198 0.339554 -0.531963 0.821528 0.205199 -0.818525 0.47941 0.316516 -0.998589 0.0348995 0.0400212 -0.991576 0.0348995 -0.124739 -0.990862 0.0348995 -0.130285 -0.977258 0.0348995 0.209163 -0.929602 0.0348995 0.366909 -0.930277 0.0348995 0.365193 -0.966038 0.0348995 0.256031 -0.928674 0.0348995 0.369251 -0.927489 0.0348995 0.372217 -0.930703 0.0348995 0.364106 -0.686245 0.0348995 -0.726532 -0.714593 0.0348995 -0.698669 -0.592348 0.0348995 -0.804926 -0.954302 0.0348995 -0.2968 -0.900057 0.0348995 -0.434373 -0.889972 0.0348995 -0.454678 -0.14705 0.0348995 -0.988513 0.0145618 0.0348995 -0.999285 -0.0736074 0.0348995 -0.996676 -0.454543 0.0348995 -0.890041 -0.3048 0.0348995 -0.951777 -0.403223 0.0348995 -0.914436 0.264513 0.0348995 -0.96375 0.332404 0.0348995 -0.942491 0.424467 0.0348995 -0.904771 0.0968621 0.0348995 -0.994686 0.175792 0.0348995 -0.983809 0.572069 0.0348995 -0.819463 0.615173 0.0348995 -0.787619 0.703024 0.0348995 -0.710309 0.480285 0.0348995 -0.876418 0.716017 0.0348995 -0.69721 0.813522 0.0348995 -0.580486 0.900347 0.0348995 -0.433771 0.884721 0.0348995 -0.464813 0.808977 0.0348995 -0.586803 0.935276 0.0348995 -0.352194 0.960973 0.0348995 -0.274433 0.975185 0.0348995 -0.218625 0.993634 0.0348995 -0.10711 0.997382 0.0348995 0.0633296 0.998269 0.0348995 -0.0473344 0.995269 0.0348995 0.0906753 0.972107 0.0348995 0.231927 -0.241935 0.0348995 -0.969665 -0.552777 0.0348995 -0.832598 -0.799745 0.0348995 -0.599325 -0.818069 0.0348995 -0.57406 -0.958403 0.0348995 -0.283277 -0.998703 0.0348995 0.0370745 -0.988452 0.0348995 0.14746 -0.930883 0.0348995 0.363648 -0.931737 0.0348995 0.361452 0.993493 -0.0348995 -0.108418 0.999334 -0.0348995 0.0107044 0.989212 -0.0348995 -0.14227 0.438658 -0.0348995 -0.897976 0.582592 -0.0348995 -0.812015 0.480285 -0.0348995 -0.876418 0.997637 -0.0348995 0.059181 0.961391 -0.0348995 -0.272965 0.955836 -0.0348995 -0.291821 0.902234 -0.0348995 -0.429832 0.973707 -0.0348995 0.225114 0.948764 -0.0348995 0.314052 0.985846 -0.0348995 0.16398 0.888709 -0.0348995 0.457142 0.922376 -0.0348995 0.384712 -0.646841 -0.0348995 -0.761826 -0.753856 -0.0348995 -0.656112 -0.663365 -0.0348995 -0.747482 0.706784 -0.0348995 0.706568 0.744021 -0.0348995 0.667244 0.622015 -0.0348995 0.782227 -0.759182 -0.0348995 0.649943 -0.687896 -0.0348995 0.72497 -0.636313 -0.0348995 0.770641 -0.998703 -0.0348995 0.0370744 -0.981025 -0.0348995 0.190712 -0.981336 -0.0348995 0.189108 -0.56781 -0.0348995 0.82242 -0.494546 -0.0348995 0.86845 -0.434092 -0.0348995 0.900192 -0.338091 -0.0348995 0.940466 -0.859501 -0.0348995 0.509941 -0.876176 -0.0348995 0.480725 -0.791514 -0.0348995 0.610154 -0.934293 -0.0348995 0.354793 -0.939855 -0.0348995 0.339786 -0.98745 -0.0348995 -0.154025 -0.992955 -0.0348995 -0.11324 -0.999232 -0.0348995 0.0178055 -0.964711 -0.0348995 -0.260989 -0.94634 -0.0348995 -0.321281 -0.914612 -0.0348995 -0.402825 -0.843792 -0.0348995 -0.535535 -0.877123 -0.0348995 -0.478995 -0.781855 -0.0348995 -0.622483 -0.525173 -0.0348995 -0.85028 -0.525173 -0.0348995 -0.85028 -0.171594 -0.0348995 0.984549 -0.289915 -0.0348995 0.956416 -0.138891 -0.0348995 0.989693 -7.88632e-08 -0.0348995 0.999391 0.0152877 -0.0348995 0.999274 0.167059 -0.0348995 0.985329 0.16894 -0.0348995 0.985008 0.317933 -0.0348995 0.947471 0.459285 -0.0348995 0.887603 0.329417 -0.0348995 0.943539 0.482505 -0.0348995 0.875198 0.589877 -0.0348995 0.806738 0.807266 -0.0348995 0.589156 0.845089 -0.0348995 0.533485 0.822187 -0.0348995 -0.568146 0.899745 -0.0348995 -0.435018 0.817689 -0.0348995 -0.574602 0.72485 -0.0348995 -0.688022 0.609741 -0.0348995 -0.791832 0.710132 -0.0348995 -0.703203 0.118154 -0.0348995 -0.992382 0.198546 -0.0348995 -0.97947 0.049289 -0.0348995 -0.998175 0.343304 -0.0348995 -0.938576 0.282379 -0.0348995 -0.958668 -0.391606 -0.0348995 -0.919471 -0.37565 -0.0348995 -0.926104 -0.249168 -0.0348995 -0.967831 -0.101085 -0.0348995 -0.994265 -0.215556 -0.0348995 -0.975868 -0.0493956 -0.0348995 -0.998169 0.269192 0.82241 -0.501176 0.208608 0.897602 -0.38832 0.206094 0.897588 -0.389694 0.141809 0.95407 -0.263895 0.14007 0.954065 -0.264841 0.265976 0.822383 -0.502934 0.0676782 0.989466 -0.127968 0.0685728 0.989466 -0.127491 0.323862 0.729029 -0.603017 0.320018 0.728987 -0.605117 0.372468 0.616642 -0.693556 0.368076 0.616581 -0.695951 0.414016 0.483979 -0.770944 0.409173 0.483895 -0.773578 -0.0758857 0.989518 -0.122862 -0.109051 0.955805 -0.273028 -0.0568673 0.989518 -0.13274 -0.13166 0.989518 -0.0593249 -0.278674 0.955805 -0.0936876 -0.258345 0.955805 -0.140336 -0.431709 0.899617 -0.0656993 -0.293928 0.955805 0.00654665 -0.436572 0.899617 0.00972355 -0.13899 0.989518 -0.0391869 -0.143259 0.989518 -0.0181859 -0.290654 0.955805 -0.0442329 -0.144373 0.989518 0.00321571 -0.108527 0.989518 -0.0952667 -0.230278 0.955805 -0.18278 -0.195312 0.955805 -0.219749 -0.12143 0.989518 -0.0781564 -0.457135 0.725597 -0.514331 -0.378061 0.822275 -0.425363 -0.445744 0.822275 -0.353803 -0.0932329 0.989518 -0.110279 -0.154496 0.955805 -0.250135 -0.255238 0.725597 -0.639033 -0.211088 0.822275 -0.528495 -0.299054 0.822275 -0.484181 -0.361603 0.725597 -0.585451 0.0959442 0.725597 -0.681398 0.0793481 0.822275 -0.563532 -0.0190098 0.822275 -0.568773 0.145091 0.48373 -0.863107 0.243686 0.611857 -0.752494 0.110284 0.611857 -0.783242 0.175329 0.822275 -0.541409 0.0608861 0.899617 -0.432414 0.0409924 0.955805 -0.291129 -0.00982073 0.955805 -0.293837 0.0478774 0.989518 -0.136241 0.0905775 0.955805 -0.2797 0.137449 0.955805 -0.259893 0.204153 0.899617 -0.386019 0.0675128 0.989518 -0.127655 -0.0155198 0.989518 -0.143572 -0.0603396 0.955805 -0.287742 -0.116798 0.822275 -0.556976 -0.141227 0.725597 -0.673472 -0.0264213 0.611857 -0.790527 -0.0229858 0.725597 -0.687736 0.00575991 0.48373 -0.875198 0.280717 0.48373 -0.828977 0.409175 0.48373 -0.77368 -0.0365965 0.989518 -0.139694 -0.342032 0.899617 -0.271484 -0.290097 0.899617 -0.326394 -0.383721 0.899617 -0.208441 -0.500073 0.822275 -0.271645 0.134535 0.899617 -0.415439 -0.539423 0.822275 -0.181349 -0.413915 0.899617 -0.139154 -0.680287 0.725597 -0.103529 -0.562613 0.822275 -0.0856207 -0.56895 0.822275 0.0126715 -0.781965 0.611857 -0.119003 -0.687949 0.725597 0.0153215 -0.790772 0.611857 0.0176112 -0.875 0.48373 0.0194864 -0.866933 0.48373 -0.120135 -0.749733 0.611857 -0.252054 -0.652247 0.725597 -0.219279 -0.836729 0.48373 -0.256689 -0.695042 0.611857 -0.377554 -0.604667 0.725597 -0.328461 -0.78516 0.48373 -0.386689 -0.61953 0.611857 -0.491744 -0.538974 0.725597 -0.427804 -0.713543 0.48373 -0.506815 -0.623707 0.48373 -0.613999 -0.52546 0.611857 -0.591204 -0.229473 0.899617 -0.371526 -0.517944 0.48373 -0.705506 -0.415649 0.611857 -0.672954 -0.161974 0.899617 -0.405529 -0.398956 0.48373 -0.778999 -0.293386 0.611857 -0.734544 -0.0896225 0.899617 -0.427384 -0.269781 0.48373 -0.8326 -0.162335 0.611857 -0.77413 0.00589879 0.989518 -0.144288 -0.0145866 0.899617 -0.436436 -0.133718 0.48373 -0.864942 0.0271875 0.989518 -0.141826 0.212 0.725597 -0.654649 0.369787 0.611857 -0.699205 0.266057 0.822275 -0.503069 0.321705 0.725597 -0.608289 -0.568743 0.822384 0.014698 -0.568943 0.822246 0.0147026 -0.436399 0.899678 0.0116362 -0.294033 0.955759 0.00830637 -0.2938 0.955831 0.00830088 -0.436618 0.899572 0.0116413 -0.144297 0.989523 0.00477056 -0.144539 0.989488 0.00477631 -0.687898 0.725598 0.0174184 -0.687722 0.725765 0.0174144 -0.790689 0.6119 0.0197249 -0.790541 0.612091 0.0197217 -0.8749 0.483823 0.021568 -0.874783 0.484035 0.0215655 0.206125 -0.897556 -0.389751 0.269234 -0.822351 -0.501251 0.266017 -0.822324 -0.503009 0.37252 -0.616507 -0.693648 0.320066 -0.728893 -0.605204 0.323911 -0.728936 -0.603104 0.368127 -0.616447 -0.696043 0.414067 -0.483795 -0.771033 0.409223 -0.483712 -0.773666 0.208639 -0.89757 -0.388377 0.140087 -0.954053 -0.264873 0.141827 -0.954058 -0.263927 0.0676783 -0.989467 -0.127967 0.0685727 -0.989466 -0.12749 0.134536 -0.899617 -0.415439 0.204154 -0.899617 -0.386019 0.17533 -0.822275 -0.541409 -0.195312 -0.955805 -0.219749 -0.0758856 -0.989518 -0.122862 -0.154495 -0.955805 -0.250135 -0.445743 -0.822275 -0.353804 -0.378061 -0.822275 -0.425364 -0.538974 -0.725597 -0.427804 -0.604667 -0.725597 -0.328462 -0.695042 -0.611857 -0.377554 -0.749733 -0.611857 -0.252054 -0.83673 -0.48373 -0.256688 -0.781965 -0.611857 -0.119003 -0.539423 -0.822275 -0.181349 -0.500073 -0.822275 -0.271645 -0.652246 -0.725597 -0.21928 -0.211087 -0.822275 -0.528495 -0.116797 -0.822275 -0.556976 -0.255237 -0.725597 -0.639033 -0.875 -0.48373 0.0194877 -0.866933 -0.48373 -0.120134 -0.0896219 -0.899617 -0.427384 -0.0365964 -0.989518 -0.139694 -0.0603392 -0.955805 -0.287742 -0.109051 -0.955805 -0.273028 -0.00982026 -0.955805 -0.293837 0.00589905 -0.989518 -0.144288 0.0409928 -0.955805 -0.291129 -0.431709 -0.899617 -0.0656994 -0.290654 -0.955805 -0.0442329 -0.278674 -0.955805 -0.0936878 0.090578 -0.955805 -0.2797 0.13745 -0.955805 -0.259892 0.212001 -0.725597 -0.654648 0.321705 -0.725597 -0.608289 0.243688 -0.611857 -0.752494 0.266058 -0.822275 -0.503068 0.409174 -0.48373 -0.77368 0.280716 -0.48373 -0.828977 0.369788 -0.611857 -0.699205 0.0271877 -0.989518 -0.141826 0.0478776 -0.989518 -0.136241 0.0675131 -0.989518 -0.127655 -0.0190089 -0.822275 -0.568773 0.0608868 -0.899617 -0.432414 0.079349 -0.822275 -0.563532 -0.0155195 -0.989518 -0.143572 -0.0145861 -0.899617 -0.436436 -0.0568672 -0.989518 -0.13274 -0.161973 -0.899617 -0.405529 -0.299053 -0.822275 -0.484181 -0.230278 -0.955805 -0.18278 -0.108527 -0.989518 -0.0952667 -0.361602 -0.725597 -0.585451 -0.785161 -0.48373 -0.386688 -0.457135 -0.725597 -0.514331 -0.258345 -0.955805 -0.140336 -0.12143 -0.989518 -0.0781565 -0.144373 -0.989518 0.00321569 -0.143259 -0.989518 -0.0181859 -0.293928 -0.955805 0.00654682 -0.413915 -0.899617 -0.139155 -0.562613 -0.822275 -0.085621 -0.436572 -0.899617 0.00972379 0.110286 -0.611857 -0.783242 0.0959453 -0.725597 -0.681398 0.14509 -0.48373 -0.863107 -0.0264201 -0.611857 -0.790527 -0.0229847 -0.725597 -0.687736 0.00575942 -0.48373 -0.875198 -0.162334 -0.611857 -0.774131 -0.141226 -0.725597 -0.673472 -0.133719 -0.48373 -0.864942 -0.269782 -0.48373 -0.8326 -0.293385 -0.611857 -0.734544 -0.0932328 -0.989518 -0.110279 -0.229472 -0.899617 -0.371526 -0.398957 -0.48373 -0.778998 -0.415648 -0.611857 -0.672954 -0.290097 -0.899617 -0.326394 -0.517945 -0.48373 -0.705506 -0.525459 -0.611857 -0.591205 -0.342032 -0.899617 -0.271484 -0.623707 -0.48373 -0.613999 -0.61953 -0.611857 -0.491745 -0.13166 -0.989518 -0.059325 -0.383721 -0.899617 -0.208441 -0.713544 -0.48373 -0.506814 -0.13899 -0.989518 -0.0391869 -0.680287 -0.725597 -0.103529 -0.790772 -0.611857 0.0176122 -0.56895 -0.822275 0.012672 -0.687949 -0.725597 0.0153224 -0.43423 -0.900712 0.0127136 -0.568871 -0.822328 0.012745 -0.56877 -0.822328 0.0166526 -0.689511 -0.723994 0.020188 -0.689634 -0.723994 0.0154282 -0.792527 -0.60958 0.0177018 -0.792385 -0.60958 0.0232003 -0.874908 -0.483895 0.019534 -0.874751 -0.483895 0.025612 -0.434307 -0.900712 0.00973106 -0.290946 -0.956702 0.00851875 -0.290998 -0.956702 0.00650616 -0.144347 -0.989518 0.0042267 -0.144373 -0.989518 0.0032157 -0.269782 -0.48373 -0.8326 -0.193719 -0.330287 -0.923788 -0.350105 -0.330287 -0.876548 0.00575946 -0.48373 -0.875198 0.131604 -0.330287 -0.934661 -0.0315294 -0.330287 -0.943354 -0.133718 -0.48373 -0.864942 -0.974648 -0.16751 -0.148328 -0.894673 -0.330287 -0.300783 -0.934474 -0.16751 -0.314163 0.303732 -0.16751 -0.937916 0.429256 -0.19854 -0.881091 0.430977 -0.0996703 -0.896841 -0.829409 -0.330287 -0.450545 0.290796 -0.330287 -0.897969 0.419285 -0.391757 -0.818979 0.425698 -0.29634 -0.854964 0.14509 -0.48373 -0.863107 0.409175 -0.48373 -0.77368 0.280716 -0.48373 -0.828977 -0.496003 -0.330287 -0.803051 -0.398957 -0.48373 -0.778999 -0.517945 -0.48373 -0.705506 -0.627043 -0.330287 -0.705498 -0.525494 2.17603e-09 -0.850798 -0.664325 2.17603e-09 -0.747444 -0.518068 -0.16751 -0.838776 -0.933136 0.330287 -0.14201 -0.934474 0.16751 -0.314163 -0.894673 0.330287 -0.300783 -0.866933 0.48373 -0.120135 -0.920032 0.391757 0.008246 -0.933136 -0.330287 -0.14201 -0.878723 2.17603e-09 -0.477333 -0.947867 2.17603e-09 -0.318666 -0.980036 -0.198544 -0.0104278 -0.955173 -0.296043 -0.00192173 -0.866933 -0.48373 -0.120134 -0.920155 -0.391468 0.00824271 -0.875 -0.48373 0.0194879 -0.654938 0.16751 -0.736883 -0.988617 2.17603e-09 -0.150453 -0.866307 0.16751 -0.470588 -0.829409 0.330287 -0.450545 -0.713544 -0.48373 -0.506814 -0.739299 -0.330287 -0.586811 -0.836729 0.48373 -0.256689 -0.78516 0.48373 -0.386689 -0.772188 0.16751 -0.612916 -0.783255 2.17603e-09 -0.6217 -0.875 0.48373 0.0194862 -0.623707 -0.48373 -0.613999 -0.370921 2.17603e-09 -0.928665 -0.36568 -0.16751 -0.915543 -0.518068 0.16751 -0.838776 -0.205236 2.17603e-09 -0.978712 -0.032932 -0.16751 -0.98532 -0.033404 2.17603e-09 -0.999442 -0.202336 -0.16751 -0.964884 0.431069 0.0996076 -0.896804 0.308085 2.17603e-09 -0.951359 0.431488 2.83122e-06 -0.902119 0.303732 0.16751 -0.937916 0.429452 0.198544 -0.880994 0.290796 0.330287 -0.897969 0.425926 0.296043 -0.854953 0.419337 0.391468 -0.819091 0.409175 0.48373 -0.77368 0.280717 0.48373 -0.828977 0.137459 0.16751 -0.97624 0.139429 2.17603e-09 -0.990232 0.137459 -0.16751 -0.97624 0.131604 0.330287 -0.934661 0.145091 0.48373 -0.863107 -0.0315294 0.330287 -0.943354 -0.032932 0.16751 -0.98532 0.00575988 0.48373 -0.875198 -0.193719 0.330287 -0.923788 -0.202336 0.16751 -0.964884 -0.133718 0.48373 -0.864942 -0.350105 0.330287 -0.876548 -0.36568 0.16751 -0.915543 -0.269781 0.48373 -0.8326 -0.398956 0.48373 -0.778999 -0.496003 0.330287 -0.803051 -0.654938 -0.16751 -0.736883 -0.517944 0.48373 -0.705506 -0.627043 0.330287 -0.705498 -0.772188 -0.16751 -0.612916 -0.623706 0.48373 -0.613999 -0.739299 0.330287 -0.586811 -0.785161 -0.48373 -0.386688 -0.866307 -0.16751 -0.470588 -0.713543 0.48373 -0.506815 -0.83673 -0.48373 -0.256688 -0.994897 -0.0996076 -0.0160601 -0.974648 0.16751 -0.148328 -0.980035 0.19854 -0.0106465 -0.999837 -2.85697e-06 -0.0180656 -0.994889 0.0996703 -0.0161592 -0.95508 0.29634 -0.00213104 0.0675186 -0.989518 -0.127652 0.0453329 -0.990668 -0.128536 0.0655008 -0.990668 -0.119525 -0.0200544 -0.990668 -0.134812 0.00198602 -0.990668 -0.136281 -0.0155166 -0.989518 -0.143572 0.0239744 -0.990668 -0.134171 0.0271926 -0.989518 -0.141825 0.00590301 -0.989518 -0.144288 -0.0758856 -0.989518 -0.122862 -0.0807836 -0.990668 -0.109775 -0.06199 -0.990668 -0.121383 -0.0365944 -0.989518 -0.139695 -0.0568662 -0.989518 -0.13274 -0.0415682 -0.990668 -0.129802 -0.130706 -0.990668 -0.0386328 -0.122749 -0.990668 -0.0592392 -0.131662 -0.989518 -0.0593213 -0.0974554 -0.990668 -0.0952836 -0.0932335 -0.989518 -0.110278 -0.108528 -0.989518 -0.0952652 -0.138991 -0.989518 -0.0391821 -0.13523 -0.990668 -0.0170116 -0.144373 -0.989518 0.00322196 -0.143259 -0.989518 -0.01818 -0.136202 -0.990668 0.00505651 -0.144347 -0.989518 0.0042267 -0.111567 -0.990668 -0.0782896 -0.121432 -0.989518 -0.078154 0.0478833 -0.989518 -0.136239 0.0684056 -0.989518 -0.127179 -0.130706 0.990668 -0.0386328 -0.138991 0.989518 -0.0391821 -0.131662 0.989518 -0.0593213 -0.136202 0.990668 0.00505631 -0.144372 0.989518 0.00322194 -0.13523 0.990668 -0.0170116 -0.108528 0.989518 -0.0952652 -0.0932336 0.989518 -0.110278 -0.0974554 0.990668 -0.0952836 -0.111567 0.990668 -0.0782896 -0.122749 0.990668 -0.0592392 -0.121432 0.989518 -0.0781539 -0.0415682 0.990668 -0.129802 -0.0568664 0.989518 -0.13274 -0.0365946 0.989518 -0.139695 -0.06199 0.990668 -0.121383 -0.0807836 0.990668 -0.109775 -0.0758857 0.989518 -0.122862 0.0271923 0.989518 -0.141825 0.0239744 0.990668 -0.134171 0.0059028 0.989518 -0.144288 -0.0155168 0.989518 -0.143572 0.00198602 0.990668 -0.136281 0.0453329 0.990668 -0.128536 0.047883 0.989518 -0.136239 0.0675185 0.989518 -0.127652 0.065501 0.990668 -0.119525 -0.0200544 0.990668 -0.134812 0.0684057 0.989518 -0.127179 -0.143259 0.989518 -0.0181799 -0.144346 0.989518 0.00422682 0.0253333 0.666292 -0.745261 0.0412879 0.691013 -0.721662 0.0644816 0.67356 -0.736315 0.00949503 0.666617 -0.74534 0.333789 0.71899 -0.609622 0.428592 0.592631 -0.68198 0.360605 0.643549 -0.675136 0.126004 0.682329 -0.720104 0.122201 0.717669 -0.685578 0.202622 0.685512 -0.699298 0.303076 0.787399 -0.536794 0.268881 0.847478 -0.457695 0.309048 0.838842 -0.448144 0.230972 0.735252 -0.637225 0.375044 0.609645 -0.698337 0.413105 0.664155 -0.623091 0.326368 0.72404 -0.60766 0.364608 0.757949 -0.540901 0.468358 0.527165 -0.70904 0.414016 0.483979 -0.770944 0.141677 0.975888 -0.166041 0.192299 0.93876 -0.285922 0.147817 0.971917 -0.183107 0.155955 0.96151 -0.226223 0.152702 0.967152 -0.203221 0.182732 0.953187 -0.240924 0.107361 0.985981 -0.12773 0.0971077 0.987485 -0.124273 0.0868655 0.988598 -0.122996 0.0770651 0.989296 -0.123909 0.137773 0.956708 -0.256377 0.0684012 0.989519 -0.127174 0.134581 0.979139 -0.152231 0.126317 0.981845 -0.14151 0.117172 0.984109 -0.133418 0.157235 0.954878 -0.251964 0.185468 0.868772 -0.45917 0.168076 0.90353 -0.394187 0.231744 0.898177 -0.373594 0.201843 0.82891 -0.521697 0.109011 0.813064 -0.571877 0.113691 0.783165 -0.611332 0.0397729 0.7328 -0.679281 0.156232 0.947113 -0.280302 0.152659 0.938042 -0.311084 0.128379 0.902121 -0.411943 0.138375 0.915509 -0.37775 0.146483 0.927485 -0.343969 0.118093 0.751326 -0.649279 0.0389867 0.792735 -0.608318 0.104071 0.840917 -0.531062 0.03897 0.752714 -0.657193 0.103409 0.871946 -0.478557 0.116575 0.887455 -0.445908 0.0625581 0.822717 -0.564999 0.0760002 0.83921 -0.53847 0.0501128 0.807141 -0.588228 0.0114089 0.7512 -0.659976 0.0155089 0.758483 -0.651508 0.0294047 0.779655 -0.625518 0.00940878 0.707805 -0.706345 0.00928599 0.746718 -0.665076 0.0897461 0.855809 -0.509448 0.0215368 0.768123 -0.63994 0.284826 0.674121 -0.681495 0.217053 0.784269 -0.581215 0.247847 0.904444 -0.347208 0.269236 0.822357 -0.501238 0.205574 0.900728 -0.382659 -0.389716 0.908341 0.15178 -0.283685 0.955756 0.0778032 -0.267758 0.957664 0.105765 -0.143566 0.987861 0.0593282 -0.144139 0.98877 0.0394596 -0.144331 0.989299 0.0213523 -0.288377 0.956532 0.0434228 -0.290971 0.956694 0.00852007 -0.434286 0.900685 0.012717 -0.429797 0.900625 0.0644058 -0.144339 0.989519 0.00422643 -0.42062 0.900056 0.113916 -0.503773 0.841498 0.195175 -0.549315 0.822443 0.147786 -0.608775 0.757628 0.235356 -0.671081 0.694544 0.259343 -0.665023 0.725262 0.178157 -0.874853 0.483711 0.0256139 -0.783726 0.610015 0.116852 -0.865251 0.484477 0.128927 -0.763899 0.61224 0.204013 -0.757763 0.583043 0.293011 -0.843413 0.488023 0.224694 -0.81057 0.494555 0.313674 -0.562663 0.822397 0.0841031 -0.681985 0.724249 0.101782 -0.568852 0.822271 0.0166572 -0.689611 0.723899 0.0201922 -0.792491 0.609442 0.0232032 -0.134279 0.9897 0.0496246 -0.143567 0.98786 0.0593427 -0.143782 0.988826 0.0393685 -0.13501 0.990215 0.0353042 -0.135557 0.990558 0.0204855 -0.143947 0.989356 0.0212912 -0.136196 0.990669 0.0050559 -0.144339 0.989519 0.00422643 0.304353 -0.787125 -0.536474 0.269805 -0.8475 -0.457109 0.203495 -0.829587 -0.519975 0.0385743 -0.772464 -0.633886 0.105401 -0.842228 -0.528718 0.0562119 -0.814833 -0.576963 0.186776 -0.869655 -0.456962 0.169016 -0.904536 -0.391469 0.0233122 -0.770861 -0.636577 0.00928069 -0.746719 -0.665075 0.309258 -0.838638 -0.448381 0.326417 -0.723943 -0.607748 0.269278 -0.822298 -0.501313 0.115287 -0.784134 -0.60979 0.110478 -0.814223 -0.569943 0.247861 -0.904408 -0.347292 0.364985 -0.757517 -0.541252 0.0991118 -0.987222 -0.124778 0.182537 -0.953247 -0.240833 0.137788 -0.956698 -0.256404 0.205604 -0.900699 -0.382712 0.068401 -0.989519 -0.127173 0.205137 -0.6854 -0.698675 0.124027 -0.71815 -0.684747 0.12793 -0.682518 -0.719585 0.468512 -0.526442 -0.709475 0.375097 -0.609506 -0.69843 0.413612 -0.663451 -0.623505 0.42962 -0.591467 -0.682344 0.414067 -0.483795 -0.771033 0.232275 -0.898412 -0.372699 0.00948797 -0.666617 -0.74534 0.0410264 -0.712486 -0.700486 0.00940273 -0.707809 -0.706341 0.233227 -0.735292 -0.636357 0.335369 -0.71835 -0.609508 0.287127 -0.673508 -0.681135 0.0653963 -0.673705 -0.736101 0.362432 -0.642497 -0.67516 0.192408 -0.939112 -0.28469 0.129647 -0.980849 -0.14535 0.138289 -0.915373 -0.378113 0.219023 -0.784662 -0.579944 0.156618 -0.948808 -0.27429 0.150912 -0.969202 -0.194611 0.119809 -0.752068 -0.648105 0.0255445 -0.666268 -0.745275 0.0402394 -0.733157 -0.678868 0.100074 -0.868054 -0.486279 -0.678694 -0.724427 0.120748 -0.779777 -0.610538 0.138533 -0.653917 -0.726082 0.212597 0.00910933 -0.666825 0.745159 0.00911831 -0.680717 0.73249 0.00937177 -0.666562 0.745391 0.00968947 -0.665932 0.74595 0.0093905 -0.680766 0.732441 0.00972334 -0.680631 0.732562 0.00890219 -0.666857 0.745133 0.00875031 -0.666815 0.745172 0.00890512 -0.694081 0.719842 0.01057 -0.679525 0.733577 0.010489 -0.663216 0.748354 0.0101166 -0.680234 0.732925 0.00937594 -0.721937 0.691895 0.00972554 -0.709356 0.704783 0.00938424 -0.708474 0.705675 0.0105616 -0.674349 0.738337 0.0105123 -0.653858 0.756544 0.0110399 -0.676865 0.736024 0.010611 -0.711576 0.702529 0.0101342 -0.710406 0.703719 0.0101355 -0.725028 0.688645 0.00205001 -0.631454 0.77541 0.00694177 -0.666442 0.745525 0.00137912 -0.660397 0.750916 0.0112895 -0.732033 0.681176 0.0113575 -0.749451 0.661963 0.0110539 -0.735166 0.677797 -0.0133255 -0.764474 0.644517 -0.00212479 -0.755343 0.655326 -0.000430661 -0.786063 0.618146 0.00901425 -0.766518 0.64216 0.00425346 -0.74839 0.663245 0.00851074 -0.74291 0.669338 -0.0482076 -0.838885 0.54217 -0.0970925 -0.814044 0.57263 -0.0582735 -0.79338 0.605931 -0.0308453 -0.776858 0.62892 -0.0102727 -0.7997 0.600312 -0.454524 -0.630404 0.629284 -0.431636 -0.530442 0.729604 -0.338541 -0.62681 0.701783 -0.114368 -0.756789 0.643577 -0.0680076 -0.742762 0.666093 -0.46719 -0.820988 0.328194 -0.409627 -0.81643 0.406998 -0.322542 -0.887653 0.328692 -0.25609 -0.791987 0.554233 -0.209008 -0.858687 0.467946 -0.337708 -0.80685 0.484712 -0.642765 -0.626291 0.441149 -0.649158 -0.518906 0.556175 -0.558604 -0.630585 0.538817 -0.14434 -0.989519 0.00422636 -0.29094 -0.956703 0.00851903 -0.143848 -0.989272 0.0254876 -0.287643 -0.956339 0.0517488 -0.14369 -0.988425 0.0486847 -0.393547 -0.89782 0.197584 -0.363558 -0.894358 0.26067 -0.253592 -0.94876 0.188534 -0.705554 -0.620012 0.343188 -0.729633 -0.508969 0.456712 -0.269797 -0.952801 0.139213 -0.14313 -0.986804 0.0757108 -0.280812 -0.955117 0.0943142 -0.68951 -0.723995 0.0201892 -0.792384 -0.609581 0.0232006 -0.540668 -0.822443 0.176818 -0.50997 -0.82238 0.252234 -0.874751 -0.483895 0.0256118 -0.862325 -0.485194 0.144851 -0.270159 -0.87605 0.399437 -0.148491 -0.836835 0.526933 -0.178075 -0.773969 0.607669 -0.548199 -0.525908 0.650307 -0.230733 -0.623177 0.74727 -0.210618 -0.542078 0.813506 -0.145758 -0.623624 0.768015 -0.313128 -0.534405 0.785087 -0.0253262 -0.817144 0.575877 -0.0861183 -0.628085 0.773365 -0.132115 -0.554886 0.821369 -0.0464847 -0.635771 0.770476 -0.0420076 -0.58832 0.807536 -0.0222044 -0.644465 0.764311 -0.0780303 -0.571118 0.817151 -0.0196477 -0.604786 0.796146 -0.0071623 -0.652849 0.757454 -0.750834 -0.614133 0.243084 -0.789985 -0.498618 0.356795 -0.00616738 -0.619139 0.785258 0.00519234 -0.775209 0.631683 0.0111989 -0.754251 0.656491 0.010536 -0.738746 0.673902 0.0108075 -0.759889 0.649963 0.00967046 -0.670867 0.741515 0.00959649 -0.648104 0.761491 0.00726171 -0.641025 0.767486 0.011099 -0.712815 0.701264 0.0106231 -0.727076 0.686475 0.0112139 -0.714117 0.699936 0.0111308 -0.729379 0.684019 0.0110178 -0.67848 0.734536 0.0109333 -0.661072 0.750243 0.0109794 -0.658124 0.75283 0.0100621 -0.664834 0.746923 0.00972036 -0.723298 0.690468 0.00910952 -0.707795 0.706359 0.0089008 -0.70734 0.706817 0.00910075 -0.720962 0.692915 0.00873892 -0.745231 0.666749 0.00888399 -0.733119 0.680042 0.00875774 -0.70711 0.70705 0.00908907 -0.733872 0.679227 0.00911537 -0.694378 0.719553 0.00905702 -0.746431 0.665401 0.00886537 -0.745603 0.666331 0.00936419 -0.735131 0.677861 0.0093891 -0.694747 0.719193 0.00931491 -0.747843 0.663811 0.00971099 -0.736949 0.675879 0.00972653 -0.695131 0.718818 0.00964105 -0.74992 0.661458 0.0101319 -0.739327 0.673271 0.0101279 -0.695472 0.718482 0.0100384 -0.752685 0.658304 0.0106298 -0.74221 0.670083 0.0105932 -0.695722 0.718234 0.0105108 -0.756098 0.654374 0.0111567 -0.745522 0.666388 0.0110614 -0.695844 0.718108 0.0110559 -0.760064 0.649754 0.0111306 -0.695722 0.718225 0.0113822 -0.764717 0.644266 0.0107351 -0.69519 0.718746 0.0108993 -0.715471 0.698558 0.0113951 -0.770445 0.637405 0.00996688 -0.694201 0.719712 0.0102556 -0.716839 0.697163 0.0111378 -0.777344 0.628977 0.00747344 -0.692823 0.721069 0.00799678 -0.718329 0.695657 0.0103827 -0.785225 0.619124 0.00234462 -0.69091 0.722937 0.00330349 -0.720267 0.693689 0.00782582 -0.795163 0.606345 -0.00549657 -0.688619 0.725102 0.00377051 -0.80775 0.589514 -0.00381543 -0.722825 0.691021 -0.0193055 -0.68667 0.726713 -0.00224321 -0.822739 0.568415 -0.0163412 -0.726739 0.686719 -0.0414606 -0.685866 0.726546 -0.0122423 -0.841288 0.540449 -0.0362358 -0.733004 0.679258 -0.0773174 -0.687484 0.722072 -0.0265402 -0.863519 0.503617 -0.130657 -0.693028 0.708971 -0.0456989 -0.888971 0.455678 -0.0790567 -0.8641 0.497073 -0.205638 -0.702322 0.68151 -0.068771 -0.915533 0.396321 -0.117402 -0.889933 0.440722 -0.299558 -0.714112 0.632699 -0.0925155 -0.939559 0.329652 -0.159335 -0.91293 0.375727 -0.399649 -0.724235 0.561929 -0.113162 -0.958471 0.261777 -0.198733 -0.930296 0.308308 -0.489014 -0.729868 0.477659 -0.128099 -0.971271 0.20056 -0.230286 -0.94177 0.245025 -0.561169 -0.730627 0.388939 -0.136889 -0.979252 0.149421 -0.615059 -0.728653 0.301275 -0.141351 -0.984003 0.108432 -0.833956 -0.490188 0.253441 -0.41478 -0.899563 0.136909 -0.428181 -0.900443 0.0765701 -0.560172 -0.822335 0.0998601 -0.568767 -0.82233 0.0166543 -0.434225 -0.900715 0.0127149 0.441475 0.47466 -0.761445 0.465146 0.537995 -0.702994 0.464752 0.502306 -0.729174 0.147414 -0.575897 -0.804122 0.262869 -0.582514 -0.76914 0.180747 -0.685774 -0.705014 0.364533 -0.299741 -0.88163 0.409199 -0.253319 -0.876576 0.364756 -0.433442 -0.824064 0.280822 -0.458135 -0.843357 0.29651 -0.316459 -0.901075 0.169119 -0.448954 -0.877405 0.188125 -0.307802 -0.932666 0.0517623 -0.557229 -0.828744 0.139823 -0.6837 -0.716243 0.0267677 -0.667527 -0.744105 0.0451916 -0.670382 -0.740638 0.0706029 -0.674666 -0.734739 0.0151376 -0.666415 -0.745428 0.365058 -0.550665 -0.750667 0.309679 -0.667009 -0.677642 0.00932567 -0.551586 -0.834066 0.00957359 -0.666627 -0.74533 0.42393 -0.597054 -0.681036 0.389305 -0.626179 -0.675531 0.399325 -0.128985 -0.907691 0.429244 -0.200886 -0.880565 0.441525 -0.474418 -0.761567 0.42565 -0.298631 -0.854191 0.419374 -0.393206 -0.818238 0.424029 -0.369398 -0.826889 0.468031 -0.528769 -0.708061 0.462223 -0.498788 -0.733186 0.431 -0.100979 -0.896684 0.409189 -0.483712 -0.773684 0.414057 -0.483831 -0.771015 0.267164 -0.678385 -0.68441 0.431487 3.26525e-06 -0.902119 0.395859 -2.04129e-07 -0.918311 0.430999 0.101026 -0.896679 0.39932 0.129024 -0.907687 0.429243 0.200898 -0.880562 0.425707 0.298244 -0.854298 0.409193 0.253306 -0.876583 0.41934 0.393385 -0.81817 0.424093 0.369041 -0.827015 0.441648 0.577451 -0.686657 0.405913 0.613424 -0.677455 0.414007 0.484012 -0.770929 0.409142 0.483895 -0.773594 0.317846 0.664164 -0.676653 0.262881 0.582628 -0.76905 0.269674 0.677935 -0.683872 0.220523 0.684675 -0.694687 0.172174 0.68561 -0.707316 0.365041 0.55084 -0.750547 0.147436 0.575959 -0.804073 0.0867465 0.677248 -0.730623 0.126598 0.682455 -0.719881 0.0630384 0.430116 -0.90057 0.169141 0.448855 -0.877451 0.0517919 0.557253 -0.828726 0.0309589 0.668117 -0.743412 0.0544974 0.671956 -0.738583 0.00950447 0.423972 -0.905625 0.00933175 0.551214 -0.834311 0.0163256 0.666468 -0.745355 0.00957515 0.666627 -0.74533 0.363673 0.642714 -0.674285 0.364402 0.153488 -0.918506 0.364527 0.299732 -0.881635 0.364814 0.433168 -0.824183 0.364372 5.04001e-07 -0.931254 0.364405 -0.153454 -0.91851 0.452026 -0.563523 -0.691458 0.3072 0.161862 -0.937779 0.296504 0.316453 -0.901079 0.280862 0.457949 -0.843445 0.311007 5.52396e-07 -0.950408 0.307202 -0.161837 -0.937782 0.350846 -0.649586 -0.674496 0.188119 0.3078 -0.932668 0.201047 0.156594 -0.966984 0.205635 8.6824e-07 -0.978629 0.201049 -0.15658 -0.966986 0.223789 -0.684382 -0.693931 0.0730848 0.292676 -0.953415 0.0824436 6.19419e-06 -0.996596 0.0799871 0.148147 -0.985725 0.0799824 -0.148132 -0.985728 0.0730786 -0.292667 -0.953418 0.0630149 -0.430141 -0.90056 0.102549 -0.679525 -0.72645 0.00984874 0.287649 -0.957685 0.0101529 0.145212 -0.989348 0.0102716 -0.000255722 -0.999947 0.0101509 -0.145735 -0.989272 0.00984603 -0.288153 -0.957534 0.00949871 -0.424428 -0.905412 -0.916099 -0.217382 0.33691 -0.937 -0.109865 0.331603 -0.88949 -0.11333 0.442679 0.00833698 -0.285697 0.958284 0.0080978 -0.42106 0.906997 0.00734371 -0.284943 0.958516 0.00748882 -0.545888 0.837825 0.0109519 -0.657887 0.753037 0.00571273 -0.543288 0.839527 -0.0246949 -4.57234e-07 0.999695 -0.0388458 -0.136991 0.98981 -0.0410088 1.07119e-07 0.999159 0.00551947 -0.283974 0.958816 0.0067683 -0.143635 0.989608 0.00873959 0.666813 0.745174 0.00880154 0.550905 0.834522 0.00884082 0.66675 0.745229 -0.0131687 -1.16057e-06 0.999913 -0.00419181 0.141373 0.989948 -0.0049858 -1.54569e-06 0.999988 0.00553094 0.283974 0.958816 0.00810101 0.421102 0.906977 0.0073524 0.284948 0.958515 0.00891018 0.286795 0.957951 0.00889883 0.279444 0.960121 0.00890067 0.276809 0.960884 0.00476564 0.418399 0.908251 0.00257725 0.282695 0.959206 -0.00194799 0.281012 0.959702 -0.0523217 -0.26845 0.961872 -0.0607936 -0.134915 0.98899 -0.0636842 -4.66411e-07 0.99797 -0.118752 -0.258323 0.958732 -0.133141 -0.130034 0.98253 -0.0912131 -0.13256 0.986969 -0.138018 -6.22538e-07 0.99043 -0.0950065 -9.12176e-07 0.995477 -0.245174 -0.247994 0.937224 -0.267276 -0.125321 0.955436 -0.19047 -0.127536 0.973373 -0.274747 -6.48789e-07 0.961517 -0.196597 -5.97158e-07 0.980484 -0.494286 -6.11448e-07 0.8693 -0.374956 -2.66445e-07 0.927043 -0.484643 -0.122425 0.866103 -0.340367 -0.244078 0.908062 -0.366219 -0.123624 0.92228 -0.581509 -0.238852 0.777687 -0.610842 -0.121254 0.782412 -0.821049 -0.116724 0.558797 -0.866067 -0.223889 0.446992 -0.456125 -0.2413 0.856577 -0.874909 -0.483895 0.0194982 -0.919333 -0.393385 0.00865723 -0.874752 -0.483895 0.0255921 -0.944068 -2.22164e-07 0.32975 -0.975231 1.909e-08 0.221188 -0.937006 0.109812 0.331605 -0.00419156 -0.141385 0.989946 -0.00194917 -0.281011 0.959702 -0.00877453 -0.278842 0.960297 -0.90334 -0.407057 0.135211 -0.756929 0.452724 0.471274 -0.75351 0.45697 0.472654 -0.694585 0.440358 0.568891 -0.788557 0.415135 0.453697 -0.784967 0.419182 0.456195 -0.727101 0.490769 0.480074 -0.723935 0.494942 0.480573 -0.627275 0.520812 0.579035 -0.736788 0.478162 0.478022 -0.740077 0.473936 0.477147 -0.711603 0.511453 0.481702 -0.714636 0.507355 0.481546 -0.717702 0.503236 0.481307 -0.720802 0.499099 0.480984 -0.99407 -8.64085e-07 0.108741 -0.988286 -0.105024 0.11073 -0.994754 -0.101026 -0.0160666 -0.730298 0.48658 0.479483 -0.733528 0.482377 0.4788 -0.746741 0.465462 0.475103 -0.743396 0.469702 0.476175 -0.750113 0.461217 0.473929 -0.76383 0.444243 0.468201 -0.76037 0.448481 0.469791 -0.770802 0.435797 0.464699 -0.774315 0.431597 0.462775 -0.767307 0.440015 0.466506 -0.777845 0.427423 0.460724 -0.781396 0.423281 0.458534 -0.792165 0.411154 0.45103 -0.827695 0.330392 0.453611 -0.795787 0.407254 0.448182 -0.752413 0.339064 0.564721 -0.806711 0.396261 0.4384 -0.803067 0.399775 0.441885 -0.799422 0.403454 0.44514 -0.889495 0.113275 0.442681 -0.866064 0.223907 0.446989 -0.810344 0.392951 0.434663 -0.820962 0.384834 0.42181 -0.817504 0.387162 0.426372 -0.813951 0.389896 0.430656 -0.942804 -0.30907 0.124889 -0.971079 -0.208491 0.116347 -0.968898 -0.106937 0.223163 -0.954488 -0.298244 -0.00182846 -0.979557 -0.200898 -0.0104209 -0.88194 -0.321014 0.345155 -0.919381 -0.313634 0.23743 -0.999837 -3.30014e-06 -0.0180657 -0.988291 0.104974 0.110734 -0.950123 0.211961 0.228778 -0.968903 0.106887 0.223164 -0.994759 0.100979 -0.016067 -0.88179 0.321486 0.345099 -0.839379 0.389859 0.378752 -0.838639 0.387379 0.382913 -0.840152 0.401934 0.364133 -0.840234 0.398671 0.367515 -0.840149 0.395549 0.371067 -0.919235 0.314089 0.237393 -0.839558 0.408786 0.357822 -0.839922 0.405312 0.360905 -0.979559 0.200886 -0.0104216 -0.971076 0.208505 0.116352 -0.919409 0.393206 0.00865718 -0.87501 0.483712 0.0194998 -0.874854 0.483711 0.0255868 -0.942665 0.309496 0.12488 -0.838473 0.415966 0.352043 -0.839071 0.412342 0.354871 -0.865072 0.484657 0.129449 -0.837772 0.41965 0.34933 -0.876825 0.411875 0.248065 -0.836976 0.423384 0.346723 -0.836093 0.42716 0.344213 -0.83513 0.430971 0.341793 -0.83298 0.438679 0.337202 -0.834092 0.434811 0.339455 -0.831796 0.442572 0.33503 -0.903469 0.40676 0.135244 -0.954367 0.298631 -0.00182987 -0.830541 0.446489 0.33294 -0.829217 0.450427 0.330929 -0.827827 0.454383 0.328997 -0.843354 0.488237 0.224452 -0.826371 0.458356 0.327142 -0.82485 0.462343 0.325363 -0.823268 0.466343 0.323658 -0.821625 0.470354 0.322025 -0.819923 0.474374 0.320463 -0.818163 0.478401 0.31897 -0.816347 0.482434 0.317544 -0.814477 0.486472 0.316185 -0.812553 0.490513 0.314889 -0.810577 0.494555 0.313656 -0.950126 -0.211944 0.22878 -0.916095 0.217399 0.336908 -0.862303 -0.485247 0.144804 -0.727316 -0.119454 0.675827 -0.795004 -0.230279 0.561195 -0.897419 -4.06478e-07 0.441178 -0.82987 -1.00658e-06 0.557957 -0.736887 -7.71102e-07 0.676016 -0.699045 -0.235415 0.675215 -0.17236 -0.252931 0.952007 -0.0800528 -0.263625 0.961298 -0.0120312 -0.140215 0.990048 -0.0185264 -0.276057 0.960963 -0.0231099 -0.138755 0.990057 -0.0325428 -0.272607 0.961575 0.00889631 -0.262574 0.964871 0.0088973 -0.26809 0.963353 0.00890828 -0.286801 0.957949 0.00896243 -0.422517 0.906311 0.00880386 -0.2863 0.9581 0.00878322 -0.280032 0.959951 0.00874909 -0.424498 0.905387 0.00878851 -0.281571 0.9595 0.00874561 0.139465 0.990188 0.00875442 0.218733 0.975746 0.0087408 0.145194 0.989365 0.00884541 -0.423476 0.905864 0.00894905 -0.423025 0.906074 0.00888713 -0.281591 0.959493 0.00873393 -0.000264779 0.999962 0.00873696 -1.41019e-07 0.999962 0.00873945 0.0589115 0.998225 0.00875189 -0.218733 0.975745 0.00874412 -0.139466 0.990188 0.0087397 -0.145721 0.989287 0.00876188 -0.257011 0.966369 0.00874962 -0.288151 0.957545 0.00876532 -0.263372 0.964655 0.00875465 -0.235349 0.971871 0.00875661 -0.243002 0.969986 0.00883731 -0.666749 0.74523 0.00879882 -0.550908 0.834519 0.00872841 -0.55169 0.834003 0.00873766 -0.666813 0.745174 0.008752 0.287633 0.957701 0.00904684 0.550198 0.834985 0.00892507 0.550586 0.834731 0.00894308 0.422533 0.906303 0.0089296 -0.550593 0.834726 0.00873887 -0.0589114 0.998225 0.00877821 -0.277445 0.960701 0.00875309 -0.22726 0.973795 0.008759 -0.250222 0.968149 0.00876926 -0.269077 0.963079 0.00877357 -0.273809 0.961744 0.00879404 -0.282064 0.959355 0.00889413 -0.279302 0.960162 0.00889108 -0.281004 0.959665 0.00889728 -0.272727 0.96205 0.00889622 -0.276513 0.960969 0.00889174 -0.249557 0.968319 0.00888838 -0.242157 0.970196 0.009072 -0.550208 0.834978 0.0088845 -0.234296 0.972125 0.00888035 -0.226228 0.974034 0.00910906 -0.549672 0.835331 0.00887605 -0.217946 0.97592 0.00882748 -0.144804 0.989421 0.00884655 -0.157975 0.987403 0.0105295 -0.663119 0.74844 0.00846845 -0.54768 0.836645 0.00895021 -0.548878 0.835854 0.0108654 -0.660954 0.750348 0.000538511 -1.87556e-06 1 0.00457168 0.14305 0.989705 0.00421396 -6.18128e-07 0.999991 0.00887848 0.21794 0.975922 0.00888305 0.226462 0.97398 0.00107922 0.142311 0.989821 0.00686729 0.419974 0.90751 0.00889596 0.281037 0.959656 0.00894699 0.42303 0.906072 0.00677215 0.143635 0.989608 0.00832737 0.285701 0.958283 0.00908157 0.54966 0.835339 0.00895002 0.548855 0.83587 0.00890148 0.273129 0.961936 0.00870216 0.421921 0.906591 0.00879425 0.286297 0.958101 0.00799759 0.144101 0.989531 0.0088496 0.423476 0.905864 0.00889206 0.281588 0.959494 0.00903919 0.66657 0.745388 0.00879897 0.282063 0.959355 0.00875112 0.424004 0.905618 0.00878798 0.279887 0.959993 0.00879345 0.281533 0.959511 0.00878263 0.277149 0.960787 0.00877311 0.268806 0.963154 0.00877761 0.273407 0.961858 0.00876546 0.257142 0.966334 0.00876904 0.263319 0.964669 0.0087597 0.242943 0.970001 0.00876236 0.250332 0.96812 0.00875573 0.227021 0.973851 0.00875748 0.235088 0.971935 -0.833877 -0.490237 0.253606 -0.87669 -0.412185 0.248027 -0.775269 -0.430934 0.461794 -0.649374 -0.518953 0.555879 -0.729487 -0.509048 0.456858 -0.834735 -0.420686 0.355303 -0.834621 0.382108 0.396739 -0.832573 0.381337 0.401752 -0.836294 0.383426 0.391914 -0.839873 0.392599 0.374807 -0.790082 -0.498704 0.356461 -0.830136 0.38122 0.406873 -0.837623 0.385211 0.387299 -0.694456 -0.440675 0.568803 -0.827844 -0.32991 0.45369 -0.824263 0.383018 0.416999 -0.827345 0.381789 0.411992 -0.548315 -0.526227 0.649951 -0.590366 -0.447898 0.671457 -0.752553 -0.338585 0.564823 -0.795002 0.230296 0.561191 -0.821055 0.116668 0.558799 -0.431652 -0.53045 0.729589 -0.469202 -0.452377 0.758422 -0.653019 -0.345424 0.67398 -0.699038 0.235432 0.675217 -0.727319 0.1194 0.675833 -0.65289 0.345886 0.673867 -0.590471 0.447593 0.671569 -0.522876 0.527294 0.669747 -0.313674 -0.534425 0.784856 -0.347319 -0.456484 0.819141 -0.533806 -0.349966 0.769788 -0.581506 0.23887 0.777683 -0.610847 0.121204 0.782416 -0.533711 0.350403 0.769656 -0.620768 -1.00364e-07 0.783994 -0.469296 0.452099 0.75853 -0.405493 0.531162 0.743937 -0.210912 -0.541961 0.813508 -0.242041 -0.463166 0.85258 -0.409796 -0.353569 0.840866 -0.484646 0.122379 0.866107 -0.456122 0.241316 0.856574 -0.409728 0.353963 0.840734 -0.347388 0.456233 0.819251 -0.290534 0.53554 0.792961 -0.132481 -0.55459 0.82151 -0.161419 -0.473287 0.865993 -0.298415 -0.358285 0.884636 -0.36622 0.123584 0.922285 -0.340364 0.244093 0.908059 -0.29837 0.358633 0.88451 -0.242091 0.462948 0.852685 -0.193362 0.543984 0.816512 -0.0780182 -0.570848 0.817341 -0.104069 -0.485554 0.86799 -0.209363 -0.365065 0.907136 -0.267277 0.125286 0.95544 -0.245172 0.248007 0.937221 -0.172356 0.252941 0.952005 -0.16146 0.473098 0.866088 -0.209339 0.365369 0.907019 -0.120631 0.557361 0.82146 -0.0423131 -0.588195 0.807612 -0.064841 -0.498187 0.864642 -0.14309 -0.373385 0.916575 -0.19047 0.127505 0.973377 -0.118749 0.258332 0.95873 -0.1041 0.48539 0.868078 -0.143077 0.373649 0.916469 -0.0705588 0.57383 0.815929 -0.0197584 -0.604624 0.796266 -0.0385746 -0.509897 0.85937 -0.0955796 -0.382185 0.91913 -0.133141 0.130008 0.982533 -0.0800506 0.263631 0.961296 -0.0648671 0.498045 0.864722 -0.0955759 0.382414 0.919035 -0.0378406 0.590946 0.805823 -0.00606462 -0.619044 0.785333 -0.0211402 -0.519985 0.853914 -0.0621672 -0.390576 0.918469 -0.0912133 0.132537 0.986972 -0.0523158 0.268456 0.96187 -0.0171613 0.606917 0.79458 -0.0385981 0.509773 0.859442 -0.0621694 0.390774 0.918385 0.00232755 -0.630924 0.775842 -0.00962139 -0.528227 0.849049 -0.0388284 -0.398 0.916563 -0.0388283 0.398171 0.916489 -0.0325401 0.272613 0.961573 -0.0607917 0.134896 0.988993 -0.00459278 0.62087 0.7839 -0.0211543 0.519877 0.853979 0.00691168 -0.640526 0.767905 -0.00210981 -0.534719 0.845027 -0.0225843 -0.404222 0.914382 -0.0225907 0.404371 0.914316 -0.0185266 0.276062 0.960961 -0.0388455 0.136975 0.989812 0.00314148 0.632337 0.774687 -0.00963975 0.528136 0.849105 0.00944724 -0.647977 0.761601 0.00266247 -0.539666 0.841875 -0.0113607 -0.409243 0.912355 -0.0113723 0.40937 0.912298 -0.00877354 0.278844 0.960296 -0.023111 0.138741 0.990059 0.00731868 0.641594 0.767009 -0.00213223 0.534643 0.845075 0.0105768 -0.653668 0.756708 -0.00375387 -0.413171 0.910646 -0.00376394 0.413276 0.910598 -0.0120316 0.140202 0.99005 0.00962521 0.648753 0.760939 0.00264359 0.5396 0.841917 0.0101341 -0.664595 0.747135 0.00144032 -0.416129 0.909304 0.00143074 0.416215 0.909265 0.0106493 0.654207 0.756241 0.00569558 0.543234 0.839562 0.00257456 -0.282696 0.959206 0.00107863 -0.142322 0.98982 0.00477259 -0.418331 0.908282 0.0109562 0.658252 0.752718 0.0074755 0.545843 0.837854 0.00456644 -0.143057 0.989704 0.0068613 -0.419923 0.907534 0.0065463 2.23389e-06 0.999979 0.00889486 0.249437 0.96835 0.00889777 0.256241 0.966572 0.0108533 0.661188 0.750141 0.00847087 0.547643 0.836669 0.00786363 1.46085e-06 0.999969 0.00854758 -2.45402e-06 0.999963 0.00800325 -0.144101 0.989531 0.00889135 0.242208 0.970184 0.0105227 0.663263 0.748313 0.00973864 -0.665573 0.746269 0.00862888 -0.144484 0.989469 0.00872292 -0.421889 0.906606 0.00888737 0.23455 0.972063 0.00862331 0.144478 0.98947 0.0101198 0.664682 0.747058 0.00936046 -0.666195 0.745719 0.00882807 0.144796 0.989422 0.00889996 0.262622 0.964858 0.00970236 0.665623 0.746225 0.00904249 -0.666562 0.745394 0.00889443 -0.256379 0.966535 0.00882266 -0.0972913 0.995217 0.00882349 0.097292 0.995217 0.00890124 0.268358 0.963278 0.00933397 0.666218 0.745698 0.00880416 -2.11791e-06 0.999961 0.00884807 0.157974 0.987404 0.00872998 0.551316 0.834251 0.0780161 -0.989238 -0.123779 0.0654978 -0.990669 -0.11952 0.0764687 -0.990227 -0.116629 -0.14434 -0.989519 0.00422636 -0.13549 -0.990539 0.0217808 -0.136196 -0.990669 0.0050559 -0.0550568 -0.995322 0.0793859 -0.0536181 -0.99493 0.0850849 -0.0629033 -0.996745 -0.0504282 -0.0540353 -0.955471 0.290097 -0.0472234 -0.890863 0.451811 -0.0438902 -0.954267 0.295716 0.0733028 -0.976729 -0.201563 0.011375 -0.987 -0.160315 0.0052333 -0.983924 -0.178513 0.0929596 -0.988061 -0.122855 0.111232 -0.985298 -0.129671 0.0868871 -0.989187 -0.118155 -0.0532511 -0.997632 -0.0435393 -0.0539453 -0.996692 0.0607862 -0.0571801 -0.997319 -0.0456656 -0.062636 -0.996705 -0.051526 -0.0620506 -0.996864 -0.0491105 -0.0601254 -0.997059 -0.0475253 -0.0555755 -0.995758 0.0733327 -0.0109529 -0.864243 -0.502955 -0.0292597 -0.927172 -0.373492 -0.0109708 -0.856813 -0.51551 0.011929 -0.75174 -0.659352 -0.00838032 -0.850888 -0.52528 -0.0032436 -0.846542 -0.532312 0.00371328 -0.841338 0.540496 0.00930863 -0.748285 0.663312 0.00455489 -0.840126 0.542372 0.00668014 -0.840464 0.541826 0.0087284 -0.745234 0.666745 0.00806636 -0.834129 0.55151 -0.05122 -0.9946 0.0902601 -0.0611441 -0.996749 -0.0524651 -0.046679 -0.99381 0.100813 -0.0411244 -0.985313 0.165733 -0.051915 -0.997162 0.0545162 -0.0506011 -0.997532 0.0486849 -0.0417822 -0.987629 0.151143 -0.0269052 -0.95703 0.28874 -0.0312257 -0.963444 0.266084 -0.0144934 -0.90665 0.421635 -0.00291069 -0.824026 0.566545 -0.00859318 -0.895233 0.445515 0.0088149 -0.745727 0.666193 -0.0131014 -0.842738 0.538165 -0.0232577 -0.919476 0.392459 -0.027764 -0.865194 0.500668 -0.0355079 -0.933565 0.356644 -0.093697 -0.940639 0.326219 -0.0667059 -0.959776 0.272727 -0.0807445 -0.96575 0.246591 -0.0702196 -0.917057 0.392525 -0.108113 -0.977918 0.178854 -0.118343 -0.982314 0.145099 -0.128346 -0.971595 0.198823 -0.094965 -0.972103 0.214471 -0.113923 -0.959076 0.259221 -0.125059 -0.985193 0.117278 -0.129401 -0.987132 0.0939486 -0.141345 -0.984051 0.108009 -0.136977 -0.979386 0.148463 -0.132109 -0.988456 0.0741812 -0.133791 -0.989424 0.0560443 -0.143144 -0.986822 0.0754489 -0.143685 -0.988427 0.0486394 -0.13481 -0.990117 0.03867 -0.143884 -0.989268 0.0254063 -0.0340947 -0.962729 0.268312 -0.0371419 -0.956813 0.288322 -0.0372884 -0.979642 0.197257 -0.0364274 -0.973187 0.227111 -0.0544606 -0.977773 -0.202471 -0.0501111 -0.976674 -0.208796 -0.0390901 -0.938912 -0.341931 -0.0478607 -0.994354 0.0947069 -0.0583568 -0.996868 -0.053366 -0.0435071 -0.994214 0.098217 -0.0276739 -0.967766 0.250326 -0.0569795 -0.97905 -0.195485 -0.0541722 -0.99705 -0.0543824 0.00302895 -0.915302 0.402756 -0.00678543 -0.995635 0.0930804 -0.0110283 -0.99751 -0.0696607 -0.0226288 -0.997675 -0.0642901 0.00683597 -0.905533 0.424222 -0.00838436 -0.873044 -0.487569 -0.0381095 -0.934444 -0.354066 -0.0348807 -0.930529 -0.364553 -0.0485367 -0.997266 -0.0557216 -0.0381544 -0.994199 0.100558 -0.0578124 -0.980517 -0.187732 0.00934645 -0.746716 -0.665077 0.00177987 -0.835031 -0.550201 0.0167548 -0.759943 -0.649774 -0.0571823 -0.982153 -0.179183 -0.055194 -0.996219 0.0670867 -0.0518618 -0.998654 -0.000813794 -0.0384874 -0.991066 -0.127702 -0.0324117 -0.992624 -0.116822 -0.000967424 -0.980254 -0.197742 0.0695691 -0.971504 -0.226582 -0.0489696 -0.997661 -0.0476829 -0.0261688 -0.992574 -0.118798 -0.0405483 -0.995309 -0.0878445 0.0184855 -0.988361 -0.150997 0.0759033 -0.980907 -0.179054 0.0441876 -0.98729 -0.152665 0.152295 -0.967686 -0.200973 0.0774102 -0.984173 -0.159407 0.0669771 -0.986754 -0.147753 0.146826 -0.972796 -0.17919 0.139696 -0.976946 -0.161434 0.0837237 -0.98668 -0.139475 0.0925065 -0.987116 -0.130552 0.131256 -0.980313 -0.147505 0.121701 -0.98306 -0.13705 0.100128 -0.987082 -0.125072 0.0888559 -0.988406 -0.123116 0.068401 -0.989519 -0.127173 -0.00631367 -0.990181 -0.139649 0.155706 -0.96143 -0.226732 -0.0343607 -0.97082 0.237337 0.156715 -0.953839 -0.256188 0.0645091 -0.965131 -0.253694 0.0036241 -0.808806 0.588065 -0.00475412 -0.885124 0.465332 -0.0239247 -0.950816 0.308832 -0.0408232 -0.982888 0.179626 -0.0072104 -0.976006 -0.217624 -0.043839 -0.989374 -0.138629 0.154966 -0.944733 -0.288902 0.0580716 -0.957557 -0.282334 0.00779856 -0.796333 0.604808 -0.00225644 -0.876158 0.482019 -0.0217556 -0.944842 0.326802 -0.0403578 -0.98041 0.19279 -0.0135165 -0.971227 -0.237773 0.0502364 -0.948794 -0.311875 -0.0484704 -0.987584 -0.149425 0.150316 -0.933957 -0.324238 0.00997433 -0.786301 0.617763 -0.000666825 -0.868273 0.496085 -0.0199839 -0.939153 0.342918 -0.0395206 -0.977924 0.205191 -0.0197492 -0.966008 -0.257757 0.0412535 -0.938942 -0.341593 0.142756 -0.921487 -0.361223 -0.0523259 -0.985745 -0.159902 0.132467 -0.907215 -0.399265 0.0110939 -0.77797 0.628204 0.000376314 -0.8614 0.507927 -0.0183977 -0.933835 0.357232 -0.0382302 -0.975493 0.216683 -0.0256466 -0.96049 -0.27713 0.0315452 -0.928204 -0.370731 -0.0552746 -0.983916 -0.169867 0.119758 -0.89126 -0.437395 0.0114325 -0.771059 0.636661 0.0011586 -0.855488 0.517821 -0.0168226 -0.92897 0.369772 -0.0190104 -0.966122 0.257384 -0.0236247 -0.966703 0.254808 -0.0309315 -0.954836 -0.295517 0.0215776 -0.916865 -0.398614 0.105264 -0.873892 -0.474586 0.0113481 -0.765269 0.64361 0.00177348 -0.850543 0.525903 -0.0151232 -0.924642 0.380538 -0.0340633 -0.97108 0.236314 -0.0351698 -0.949241 -0.312577 0.0120448 -0.905293 -0.424616 0.0897373 -0.855444 -0.510062 0.0110173 -0.760427 0.64933 0.00235608 -0.846542 0.532317 -0.0132786 -0.920942 0.389475 -0.031153 -0.969248 0.244106 -0.0380202 -0.94388 -0.328093 0.00349258 -0.893879 -0.448295 0.0739808 -0.836604 -0.54279 0.0105566 -0.7564 0.654025 0.00298612 -0.843476 0.537158 -0.0112251 -0.917941 0.396558 -0.00346199 -0.883015 -0.469333 0.0589357 -0.818109 -0.572035 0.0101009 -0.753073 0.657859 0.00968205 -0.750384 0.660932 -0.00892966 -0.915704 0.401755 0.0452351 -0.800626 -0.597455 0.00900863 -0.746741 0.665054 0.00553139 -0.839836 0.542813 -0.00637279 -0.914284 0.405025 -0.0318084 -0.994329 0.101478 -0.0414203 -0.997478 -0.0576337 -0.0438307 -0.975711 -0.214632 0.0334603 -0.78477 -0.618884 -0.0138156 -0.966075 0.257892 -0.00353613 -0.913723 0.406322 -0.0244476 -0.994614 0.100724 -0.0327763 -0.997637 -0.0603885 -0.0355275 -0.974811 -0.220184 -0.0212197 -0.924324 -0.381019 0.0239065 -0.771065 -0.636308 -0.00804937 -0.966602 0.256154 -0.000410218 -0.914056 0.405589 -0.0160967 -0.995054 0.0980199 -0.0252059 -0.973871 -0.225698 0.00501815 -0.957685 0.287773 -0.00171243 -0.967729 0.251989 0.00274347 -0.989393 0.145238 -0.0129227 -0.972764 -0.231439 -0.0108165 -0.921899 -0.387279 0.00029951 -1 -0.000255905 -0.00182714 -0.98935 -0.145547 -0.00292756 -0.95773 -0.287653 -0.00206506 -0.905874 -0.423542 -0.198846 0.718778 0.666196 -0.22271 0.621468 0.751118 -0.108602 0.707754 0.698062 -0.371184 0.744071 0.5555 -0.51316 0.653848 0.556012 -0.42485 0.644975 0.635224 -0.32651 0.633799 0.701206 0.142017 0.723774 0.675264 0.087162 0.6121 0.785962 0.183609 0.626415 0.757556 0.454168 0.701437 0.549288 0.533413 0.724159 0.437109 0.426331 0.826172 0.36835 -0.0129349 0.607187 0.794454 -0.0208965 0.703195 0.71069 -0.116817 0.611313 0.78272 0.681807 0.730894 0.0305492 0.650762 0.740376 0.16838 0.75794 0.617339 0.210759 0.0626636 0.7084 0.703024 0.927995 0.176392 0.328193 0.972062 0.0349842 0.232101 0.973672 0.179571 0.140418 -0.313935 0.916509 0.247904 -0.205983 0.95282 0.222947 -0.222919 0.959015 0.17492 -0.123475 0.984492 0.124618 -0.128524 0.986702 0.0995042 0.691415 0.172745 0.701502 0.574046 0.166805 0.801653 0.671908 0.0350097 0.739807 0.28497 0.279195 0.916974 0.377105 0.415657 0.82766 0.255933 0.400921 0.879636 -0.10648 0.977162 0.183891 -0.179153 0.946106 0.269791 -0.146864 0.937164 0.316472 -0.552899 0.707107 0.440797 -0.616977 0.613519 0.492883 -0.400161 0.859768 0.317287 -0.480241 0.789614 0.38194 -0.370599 0.837566 0.401421 -0.615711 0.419153 0.667241 -0.715505 0.399064 0.573412 -0.648682 0.291517 0.703015 -0.570271 0.541226 0.617952 -0.671462 0.510306 0.537333 -0.748427 0.281499 0.600513 -0.769725 0.15939 0.618157 -0.669135 0.162229 0.725217 -0.779049 0.0349168 0.62599 -0.289756 0.904208 0.313768 -0.445898 0.753537 0.48307 -0.311047 0.82826 0.466085 -0.116116 0.981383 0.152983 -0.28744 0.732095 0.617588 -0.0284593 0.787102 0.616166 -0.00476717 0.501274 0.865276 0.110203 0.505545 0.855734 0.0982808 0.807421 0.581731 0.291563 0.77477 0.561001 0.209886 0.857037 0.470569 0.218153 0.747057 0.627945 0.155489 0.830256 0.535255 0.361585 0.802802 0.474094 0.261414 0.883636 0.388394 0.481862 0.840429 0.247968 0.351685 0.918164 0.182461 0.525077 0.842377 0.121226 0.386514 0.919519 0.071359 0.309513 0.905316 0.290868 0.60043 0.738203 0.307473 0.783208 0.47713 0.398662 0.70216 0.615273 0.358344 0.443702 0.860625 -0.249908 0.441913 0.875711 -0.194534 0.572328 0.795023 -0.200947 0.9 0.302415 -0.31392 0.933599 0.310167 -0.179413 0.9715 0.171237 -0.163904 0.198951 0.959394 -0.199953 0.183476 0.960879 -0.207481 0.0929487 0.988069 -0.122798 0.569095 0.814807 -0.110548 0.0924476 0.987115 -0.130606 0.200237 0.960408 -0.193706 0.408644 0.847916 -0.33771 0.506055 0.764331 -0.399633 0.36753 0.849479 -0.378559 0.554067 0.83247 -0.00189008 0.413013 0.910096 -0.0338422 0.189514 0.918963 -0.345819 0.127449 0.964194 -0.232567 0.235841 0.917577 -0.320049 0.0756169 0.990288 -0.116665 0.157036 0.963144 -0.21839 0.0654979 0.990669 -0.11952 0.790659 0.609095 0.0621389 0.80095 0.593854 -0.0762716 0.694084 0.713645 -0.094647 0.673164 0.678012 -0.295213 0.564035 0.778443 -0.275483 0.690575 0.694299 -0.202618 0.843372 0.435657 -0.314527 0.873758 0.447076 -0.191494 0.767231 0.562393 -0.308336 0.792156 0.576825 -0.199401 0.776488 0.296117 -0.556221 0.847472 0.297749 -0.439474 0.881448 0.165135 -0.44247 0.805536 0.0348859 -0.591519 0.712129 0.164624 -0.682474 0.806253 0.164416 -0.568263 0.600454 0.165532 -0.782339 0.711593 0.0348024 -0.70173 0.580155 0.298228 -0.757945 0.480285 0.0348995 -0.876418 0.473925 0.165818 -0.864812 0.602415 0.0350482 -0.797413 -0.0804095 0.965505 0.247658 -0.0940366 0.971766 0.216398 -0.111402 0.926647 0.359047 -0.033942 0.963443 0.265754 -0.0367261 0.957186 0.287136 -0.0132805 0.916641 0.39949 -0.24636 0.895837 0.369842 -0.0431236 0.954349 0.295564 -0.0417535 0.913121 0.405545 -0.506722 0.413232 0.756619 -0.533142 0.287582 0.795649 -0.549634 0.160343 0.819873 -0.470419 0.533591 0.702841 -0.677792 0.0349424 0.734423 -0.196231 0.884986 0.422248 -0.243566 0.816379 0.523642 -0.386033 0.405748 0.828461 -0.417253 0.157839 0.894979 -0.405246 0.282547 0.86945 -0.359645 0.52398 0.772075 -0.561415 0.0349916 0.826794 -0.0660702 0.959535 0.273728 -0.074968 0.917417 0.390802 -0.142365 0.872576 0.467273 -0.171799 0.80302 0.570652 -0.25845 0.397584 0.880415 -0.276284 0.155191 0.948463 -0.269633 0.277098 0.922234 -0.242732 0.513437 0.823082 -0.432674 0.0348935 0.900875 -0.294909 0.0349094 0.954887 -0.0531149 0.955312 0.290789 -0.0873536 0.862002 0.499322 -0.0986808 0.79184 0.602703 -0.127321 0.390814 0.911621 -0.129563 0.152818 0.979724 -0.129451 0.272495 0.953409 -0.123101 0.504755 0.854441 -0.150153 0.0346515 0.988055 0.0538377 0.978348 0.199841 -0.0504364 0.997632 0.0467589 -0.0470281 0.994116 0.0975773 -0.0354554 0.857353 0.513506 0.0413499 0.962099 0.269548 -0.0421221 0.988202 0.147251 0.00340428 0.388134 0.921597 0.0189981 0.151937 0.988208 0.011384 0.270703 0.962596 -0.00205859 0.03482 0.999391 0.0092273 0.927911 0.372687 0.0118137 0.861868 0.506995 0.0373327 0.792183 0.609141 0.131235 0.391507 0.910769 0.165663 0.153184 0.974213 0.149819 0.273032 0.950267 0.14567 0.0347049 0.988724 -0.0346305 0.971651 0.23387 0.0268617 0.944202 0.32827 0.0536227 0.875717 0.479837 0.0960711 0.99498 -0.0280154 0.116177 0.988994 -0.0916206 -0.0407796 0.995375 -0.0869834 0.308597 0.155993 0.938315 0.221906 0.517784 0.826231 0.289789 0.0345294 0.956468 -0.0375798 0.980373 0.193539 0.0910904 0.89618 0.434239 0.445536 0.160925 0.880682 0.539869 0.301056 0.78607 0.415583 0.289112 0.862383 0.33061 0.536674 0.776323 0.27713 0.648294 0.709164 0.427246 0.0348375 0.903464 -0.0265083 0.992648 -0.118095 -0.0068243 0.990229 -0.139283 0.125553 0.919616 0.372212 0.435771 0.559471 0.70505 0.36773 0.674573 0.640098 0.493601 0.433458 0.753971 0.555513 0.0348469 0.830777 0.0664283 0.990118 0.123505 0.157563 0.942184 0.295742 0.603207 0.451753 0.657313 0.535621 0.582891 0.611022 0.655287 0.313278 0.687354 -0.051953 0.998647 -0.00233932 0.0798555 0.995779 0.0452566 0.187932 0.959885 0.208092 0.757598 0.323901 0.566687 0.701647 0.4675 0.537713 0.626301 0.602895 0.494231 0.774088 0.0350161 0.632109 -0.0487304 0.997669 -0.047772 0.215778 0.969774 0.113923 0.82413 0.173557 0.539155 0.841583 0.330187 0.427452 0.0836783 0.986697 -0.139378 0.24144 0.97019 0.0209492 0.165127 0.97158 -0.169601 0.187123 0.964596 -0.185849 0.0429503 0.987371 -0.152491 0.902484 0.331393 0.275139 0.873658 0.223257 0.432293 0.842528 0.478838 0.246699 0.13967 0.980385 -0.139057 0.264974 0.962124 -0.0640782 0.431131 0.893809 -0.123412 0.937576 0.327174 0.117936 0.876589 0.472438 0.0916127 0.0172961 0.988436 -0.15065 0.286053 0.948949 -0.132928 0.947103 0.318992 -0.0352058 0.99542 0.0350457 0.0889472 0.984394 0.175404 -0.0141883 0.885936 0.460392 -0.0561761 0.304464 0.934613 -0.183849 0.997875 0.0348839 -0.0550321 0.0660031 0.986746 -0.148246 0.316576 0.922799 -0.219595 0.795827 0.428588 -0.427752 0.979641 0.0348948 -0.1977 0.93687 0.167303 -0.307059 0.433878 0.851117 -0.29555 0.318364 0.915431 -0.246233 0.542898 0.76797 -0.33983 0.641624 0.667741 -0.377411 0.726752 0.553347 -0.406987 0.941003 0.0346935 -0.336615 0.305134 0.913122 -0.270373 0.594032 0.664118 -0.453952 0.669692 0.550135 -0.498863 0.730904 0.426083 -0.533134 0.882527 0.0345826 -0.468988 0.0863417 0.98926 -0.117936 0.452753 0.765814 -0.456666 0.276762 0.914683 -0.294545 0.529495 0.665442 -0.526139 0.595229 0.551232 -0.584676 0.648104 0.426903 -0.630646 0.687113 0.296634 -0.663238 0.547934 0.429156 -0.718048 0.312449 0.852748 -0.418564 0.384268 0.769185 -0.51058 0.249767 0.854338 -0.455766 0.448792 0.668649 -0.59287 0.306151 0.770832 -0.55865 0.503869 0.554046 -0.662683 0.356677 0.670206 -0.65085 0.399649 0.555386 -0.729265 0.43384 0.430184 -0.791659 0.458611 0.29889 -0.836864 0.00930836 0.732487 0.680718 0.00928999 0.748025 0.663605 0.00902939 0.746556 0.665261 0.00884447 0.745652 0.666277 0.00873434 0.745233 0.666747 0.00885765 0.730602 0.682747 0.00964771 0.734086 0.678988 0.0100644 0.73611 0.676787 0.00962762 0.750096 0.661259 0.0093257 0.683482 0.729907 0.00906125 0.699735 0.714345 0.00906255 0.683397 0.729991 0.0107072 0.701949 0.712147 0.0106987 0.68295 0.730386 0.0113077 0.682583 0.730721 0.00966204 0.700743 0.713348 0.00966048 0.683466 0.729919 0.0100669 0.683293 0.730075 0.00966541 0.677341 0.735606 0.0109633 0.703402 0.710707 0.0108023 0.680067 0.73307 0.0113645 0.759166 0.650798 0.0113642 0.740915 0.671503 0.0115351 0.743907 0.668184 0.00510417 0.669203 0.743062 -0.00141126 0.663844 0.74787 0.00594424 0.702888 0.711275 0.0094098 0.75897 0.651057 0.0107887 0.775979 0.630667 0.0105207 0.752943 0.658001 -0.0278483 0.650724 0.758804 -0.0562422 0.644705 0.762359 -0.0236717 0.703557 0.710245 0.00296267 0.773901 0.633299 -0.00454426 0.784759 0.619784 0.00459457 0.805824 0.592138 -0.138937 0.721844 0.677966 -0.15996 0.63775 0.75345 -0.244391 0.640288 0.72822 -0.0333412 0.815334 0.57803 -0.058819 0.836593 0.544658 -0.0432993 0.885074 0.463432 -0.647202 0.620288 0.443139 -0.623832 0.521057 0.582524 -0.711476 0.511433 0.481911 -0.210401 0.734627 0.645023 -0.296299 0.748487 0.593274 -0.172671 0.816817 0.55045 -0.455159 0.650216 0.608317 -0.347633 0.645718 0.679853 -0.513786 0.527441 0.676631 -0.217244 0.922137 0.320107 -0.361759 0.861591 0.356077 -0.251141 0.932901 0.258116 -0.135773 0.978011 0.158306 -0.273563 0.939971 0.204003 -0.304367 0.851462 0.427051 -0.176087 0.906074 0.384738 -0.14078 0.983225 0.115974 -0.397596 0.872129 0.285147 -0.551638 0.651078 0.521337 -0.384638 0.759718 0.524292 -0.0887611 0.935912 0.340868 -0.0915943 0.860647 0.500896 -0.132163 0.884761 0.446913 -0.110044 0.955635 0.273226 -0.0863999 0.712168 0.696672 -0.0989902 0.639209 0.762636 -0.0650487 0.911502 0.406118 -0.0148991 0.798193 0.602218 -0.0244224 0.859919 0.509847 -0.0489418 0.706629 0.70589 -0.00968219 0.702516 0.711602 -0.0122072 0.657327 0.753507 -0.00990914 0.838461 0.544872 0.00849321 0.794259 0.60752 0.00759916 0.76569 0.643164 4.87909e-05 0.70252 0.711664 0.00791379 0.673644 0.739013 0.0084305 0.703272 0.710871 0.00990146 0.784615 0.619905 0.0113715 0.768781 0.639411 0.0112429 0.747876 0.663743 0.00996919 0.703463 0.710662 0.0114166 0.703086 0.711013 0.0113448 0.68176 0.731488 0.0115817 0.763238 0.646014 0.0107073 0.738476 0.674195 0.0106835 0.755912 0.654586 0.0113314 0.702566 0.711528 0.0100726 0.701341 0.712755 0.0100441 0.752758 0.658221 0.00932498 0.700194 0.713891 0.00887071 0.6994 0.714675 0.008871 0.683274 0.730108 0.00904529 0.73133 0.681964 0.00875275 0.707111 0.707048 0.00886626 0.71518 0.698884 0.00905939 0.666716 0.745257 0.00886713 0.666813 0.745172 0.0090555 0.715716 0.698332 0.00874456 0.666814 0.745173 0.0093192 0.716534 0.69749 0.00932137 0.666411 0.745526 0.00965779 0.717622 0.696366 0.0096531 0.665804 0.746064 0.0100718 0.718952 0.694987 0.0100546 0.664827 0.74693 0.01071 0.720464 0.69341 0.0106847 0.663489 0.74811 0.0113502 0.722017 0.691782 0.0112795 0.662093 0.749337 0.0114801 0.723811 0.689903 0.0112647 0.65986 0.751304 0.0111102 0.726017 0.687587 0.0106274 0.65605 0.754643 0.0102544 0.72868 0.684778 0.00934357 0.650367 0.759562 0.00892955 0.731738 0.681528 0.00738066 0.642931 0.765888 0.00677693 0.735085 0.677941 0.00425982 0.634143 0.773204 -0.00167652 0.820702 0.571354 0.00150876 0.739257 0.673421 -0.00286542 0.623401 0.781897 -0.00712319 0.745075 0.666943 -0.0146846 0.609778 0.792437 -0.0193429 0.752842 0.657917 -0.0318386 0.594779 0.803258 -0.0412826 0.763711 0.644237 -0.0631155 0.57865 0.81313 -0.0729453 0.778289 0.623655 -0.11055 0.560578 0.820689 -0.115997 0.796638 0.593222 -0.178694 0.546186 0.818382 -0.273883 0.536468 0.798242 -0.125898 0.969349 0.21098 -0.238518 0.836181 0.493872 -0.391154 0.531461 0.751364 -0.463294 0.766367 0.445017 -0.488177 0.802285 0.343542 -0.57296 0.716917 0.397174 0.530822 0.0348995 0.846764 0.555657 0.0348995 0.830679 0.4276 0.0348995 0.903294 0.386559 0.0348995 0.921604 0.232073 0.0348995 0.972072 0.290105 0.0348995 0.956358 0.661048 0.0348995 0.749532 0.07145 0.0348995 0.996833 0.145965 0.0348995 0.988674 -0.0017144 0.0348995 0.999389 0.671826 0.0348995 0.739887 0.773792 0.0348995 0.632478 -0.0910624 0.0348995 0.995233 -0.149359 0.0348995 0.988167 -0.294043 0.0348995 0.955155 -0.251167 0.0348995 0.967314 -0.432483 0.0348995 0.900966 -0.404629 0.0348995 0.913815 -0.547391 0.0348995 0.836149 -0.561269 0.0348995 0.826897 -0.67761 0.0348995 0.734593 -0.675677 0.0348995 0.736371 -0.78037 0.0348995 0.624344 -0.782553 0.0348995 0.621605 -0.784118 0.0348995 0.61963 -0.786094 0.0348995 0.617121 -0.780677 0.0348995 0.62396 -0.781405 0.0348995 0.623047 -0.778911 0.0348995 0.626163 0.0624866 0.989009 0.134003 0.0711958 0.985708 0.15268 -3.92583e-08 1 -8.41896e-08 0.265225 0.778554 0.568778 0.205655 0.873613 0.441029 0.237605 0.826987 0.509545 0.140453 0.94316 0.301202 0.12378 0.956147 0.265447 0.182574 0.90187 0.391532 0.368599 0.489187 0.790462 0.396525 0.345937 0.85035 0.392632 0.369966 0.842001 0.317185 0.660844 0.680205 0.331933 0.618963 0.711833 0.360143 0.523264 0.772329 0.414672 0.193003 0.889268 0.413615 0.20531 0.887001 0.422361 0.0348995 0.905756 0.422361 0.0348995 0.905756 0.287809 0.73227 0.617208 -3.92583e-08 1 -8.41896e-08 -0.532733 0.370603 -0.760821 -0.538174 0.345883 -0.768592 -0.500296 0.48908 -0.714496 -0.573227 0.0348995 -0.818653 -0.562796 0.192966 -0.803756 -0.561289 0.205879 -0.801604 -0.390658 0.732198 -0.557917 -0.322602 0.826839 -0.460723 -0.359675 0.778959 -0.513669 -0.430253 0.661298 -0.614465 -0.488608 0.523765 -0.697805 -0.450521 0.618912 -0.643411 -0.190241 0.943394 -0.271693 -0.168204 0.956034 -0.240221 -0.0963838 0.98578 -0.13765 -0.278862 0.873858 -0.398257 -0.247922 0.90176 -0.354069 -0.0847742 0.989017 -0.12107 5.32813e-08 1 7.60936e-08 5.32813e-08 1 7.60936e-08 -0.573227 0.0348995 -0.818653 0 1 0 0 1 0 0 1 0 0 1 0 0 1 0 0 1 0 -0.573227 0.0348995 -0.818653 -0.573227 0.0348995 -0.818653 -0.573227 0.0348995 -0.818653 -0.573227 0.0348995 -0.818653 -0.573227 0.0348995 -0.818653 -0.573227 0.0348995 -0.818653 -0.573227 0.0348995 -0.818653 -0.573227 0.0348995 -0.818653 -0.573227 0.0348995 -0.818653 -0.573227 0.0348995 -0.818653 -0.573227 0.0348995 -0.818653 -0.573227 0.0348995 -0.818653 -0.573227 0.0348995 -0.818653 -0.573227 0.0348995 -0.818653 -0.573227 0.0348995 -0.818653 -0.573227 0.0348995 -0.818653 -0.573227 0.0348995 -0.818653 -0.573227 0.0348995 -0.818653 -0.573227 0.0348995 -0.818653 0.422361 0.0348995 0.905756 0.422361 0.0348995 0.905756 0.422361 0.0348995 0.905756 0.422361 0.0348995 0.905756 0.422361 0.0348995 0.905756 0.422361 0.0348995 0.905756 0.422361 0.0348995 0.905756 0.422361 0.0348995 0.905756 0.422361 0.0348995 0.905756 0.422361 0.0348995 0.905756 0.422361 0.0348995 0.905756 0.422361 0.0348995 0.905756 0.422361 0.0348995 0.905756 0.422361 0.0348995 0.905756 0.422361 0.0348995 0.905756 0.422361 0.0348995 0.905756 0 1 0 0 1 0 0 1 0 0 1 0 0 1 0 0 1 0 0 1 0 0 1 0 0 1 0 0 1 0 0 1 0 0 1 0 0 1 0 0 1 0 0 1 0 0 1 0 0 1 0 0 1 0 0 1 0 0 1 0 0 1 0 0 1 0 0 1 0 -0.0408232 0.982887 0.179627 -0.051915 0.997162 0.0545163 -0.0539453 0.996692 0.0607863 -0.0110283 0.99751 -0.0696607 -0.000916052 0.997024 -0.0770913 0.00175102 0.996278 0.0861782 -0.0393608 0.985219 -0.166716 -0.0355275 0.974811 -0.220184 -0.0390936 0.985483 -0.165211 -0.0376999 0.980533 0.192704 -0.0422397 0.988284 0.146664 -0.0269052 0.95703 0.28874 -0.00838029 0.850888 -0.52528 0.0134974 0.754474 -0.656191 -0.00324359 0.846542 -0.532312 0.0108512 0.749691 -0.661699 -0.0109708 0.856813 -0.51551 -0.0212197 0.924324 -0.381019 0.00934648 0.746716 -0.665077 0.00116253 0.844116 -0.536159 -0.00346192 0.883014 -0.469333 0.0530937 0.81079 -0.582924 -0.00838429 0.873044 -0.487569 -0.0438307 0.975711 -0.214632 -0.0417059 0.984833 -0.168419 -0.0419113 0.984986 -0.167467 -0.0424589 0.986593 -0.157578 -0.0440348 0.99114 -0.125308 -0.0399075 0.984893 -0.168504 -0.0401877 0.984833 -0.168788 -0.0571801 0.997319 -0.0456656 -0.0384874 0.991066 -0.127702 -0.043839 0.989374 -0.138629 -0.0197491 0.966008 -0.257757 -0.0552746 0.983916 -0.169868 -0.0523259 0.985745 -0.159902 -0.0508627 0.997745 0.0437879 -0.0517587 0.998634 -0.00715881 -0.0418689 0.996088 -0.0778143 -0.0375932 0.998158 -0.0476124 -0.0414204 0.997478 -0.0576337 -0.05122 0.9946 0.0902602 -0.0478607 0.994354 0.094707 -0.031153 0.969248 0.244106 0.00115864 0.855488 0.517821 0.00177351 0.850542 0.525904 0.0113514 0.764516 0.644505 -0.0484514 0.997487 -0.0516843 -0.0324117 0.992624 -0.116823 -0.0532511 0.997632 -0.0435393 0.0113751 0.987 -0.160316 0.0759034 0.980907 -0.179054 0.0733029 0.976729 -0.201563 0.0695692 0.971504 -0.226583 0.00523336 0.983924 -0.178513 0.0194923 0.988297 -0.151292 0.0444947 0.987285 -0.152604 0.067392 0.986755 -0.147559 0.139025 0.977274 -0.160023 0.145342 0.973836 -0.174699 0.0774103 0.984173 -0.159407 0.0926635 0.987148 -0.130201 0.124305 0.982394 -0.139463 0.131954 0.980082 -0.148415 0.0840966 0.986691 -0.139168 0.092867 0.988091 -0.122689 0.106991 0.986042 -0.127572 0.116244 0.984307 -0.13277 0.0865583 0.989231 -0.118026 0.0870079 0.98858 -0.123039 0.0970853 0.987485 -0.124285 0.0772283 0.98928 -0.123936 0.0761872 0.990252 -0.116608 0.0654978 0.990669 -0.11952 0.0684012 0.989519 -0.127174 -0.024848 0.992373 -0.120743 0.150629 0.969577 -0.192954 -0.000967374 0.980254 -0.197742 -0.0400859 0.9952 -0.0892779 -0.0439076 0.886763 0.460135 -0.0526138 0.955123 0.291501 -0.0428529 0.954411 0.295404 -0.0411244 0.985313 0.165733 -0.0470386 0.994182 0.0969048 -0.00475409 0.885123 0.465332 0.00417643 0.80775 0.589511 -0.00859315 0.895233 0.445515 -0.0312257 0.963444 0.266084 -0.0115235 0.840533 0.541638 -0.0144934 0.906649 0.421636 -0.00195102 0.822556 0.568681 -0.0355079 0.933565 0.356644 -0.036549 0.95744 0.286308 -0.0232576 0.919475 0.392459 -0.0927617 0.971147 0.219702 -0.0897613 0.936863 0.33798 -0.110601 0.956153 0.271182 -0.0627399 0.9584 0.278446 -0.0662869 0.912783 0.403029 -0.106836 0.977334 0.18277 -0.126055 0.969597 0.209743 -0.11664 0.981583 0.151297 -0.123714 0.984611 0.123435 -0.135688 0.978104 0.157804 -0.140759 0.983243 0.11585 -0.128477 0.986709 0.0994917 -0.0766623 0.964057 0.254396 -0.0339596 0.963608 0.265153 -0.00892963 0.915704 0.401755 -0.0276738 0.967766 0.250326 -0.0236247 0.966703 0.254808 0.00235611 0.846542 0.532317 0.0110072 0.759854 0.650001 -0.0318084 0.994329 0.101478 -0.036695 0.99312 0.111203 -0.0383875 0.994621 0.0962007 0.0037133 0.841338 0.540496 -0.00637277 0.914283 0.405025 0.0045549 0.840126 0.542373 -0.00804936 0.966602 0.256154 -0.00453748 0.935634 0.352942 -0.00474581 0.936434 0.350812 -0.0371212 0.998454 -0.0413624 -0.0368316 0.99858 -0.0385015 -0.00411772 0.933751 0.357899 -0.00432416 0.934723 0.35535 -0.0432208 0.995551 -0.0837246 -0.0429392 0.995729 -0.081728 -0.0361517 0.99879 -0.0333472 -0.0307461 0.998526 0.0447193 -0.0307638 0.998427 0.0468637 -0.0365042 0.998692 -0.0358 -0.035144 0.998965 -0.0288777 -0.0348337 0.998989 -0.0284138 -0.030332 0.998683 0.041371 0.0087284 0.745234 0.666746 0.00668015 0.840464 0.541826 0.00805196 0.835328 0.549693 -0.0132358 0.969795 0.24356 -0.0131689 0.970047 0.242562 -0.00538548 0.938006 0.346578 -0.030825 0.996781 -0.0740147 -0.0197864 0.996251 0.0842151 -0.0310479 0.99686 -0.072843 -0.0131645 0.970854 0.239308 -0.00510714 0.937548 0.347819 -0.0131447 0.970404 0.241129 0.0026303 0.990357 0.138517 0.00494219 0.959227 0.282595 -0.00366463 0.990609 0.136676 -0.0160967 0.995054 0.09802 -0.0178522 0.995373 0.0944121 -0.0181705 0.995622 0.0916831 -0.0313543 0.993962 -0.105147 -0.0315385 0.993661 -0.107902 -0.0226288 0.997675 -0.0642901 -0.0109528 0.864243 -0.502955 -0.0292597 0.927172 -0.373492 -0.0445164 0.991215 -0.124543 -0.0446987 0.99135 -0.123395 -0.0338795 0.992079 -0.120956 -0.0380472 0.987415 -0.153503 -0.0437287 0.995125 -0.0883927 -0.0485367 0.997266 -0.0557216 -0.0426629 0.99587 -0.0801379 -0.0421274 0.996049 -0.0781802 -0.0439392 0.994887 -0.0909392 -0.0373752 0.998314 -0.0443994 -0.0441209 0.994629 -0.0936279 -0.0435366 0.997451 0.0565333 -0.0451262 0.997911 0.0462357 -0.0309314 0.954836 -0.295518 0.0215777 0.916865 -0.398614 -0.0351697 0.949241 -0.312577 0.0120449 0.905293 -0.424616 -0.0380202 0.94388 -0.328093 -0.0392238 0.996321 -0.0761961 -0.0306145 0.998176 0.0520397 -0.0304477 0.99802 0.0550282 -0.0298004 0.996412 0.0792159 -0.0291432 0.995255 0.0928292 -0.0293942 0.995548 0.0895564 -0.00391588 0.932709 0.36061 -0.00741194 0.9374 0.348176 -0.0138156 0.966075 0.257892 -0.00748633 0.938102 0.346278 -0.0166165 0.974045 0.225745 -0.0163457 0.973375 0.228634 -0.0190104 0.966122 0.257385 -0.0449373 0.99272 -0.111749 -0.0448269 0.993067 -0.108664 -0.0277616 0.993678 0.108781 -0.0280441 0.993979 0.105918 -0.0068032 0.933613 0.358218 -0.00699871 0.934694 0.355385 -0.0297223 0.97736 0.209485 -0.0304609 0.977704 0.207766 -0.0569795 0.97905 -0.195486 -0.0578123 0.980517 -0.187732 -0.0484704 0.987584 -0.149425 -0.0601254 0.997059 -0.0475253 0.00349267 0.893879 -0.448295 0.0829786 0.847392 -0.524444 -0.0135164 0.971227 -0.237773 -0.03909 0.938912 -0.341931 -0.0422417 0.985501 -0.164325 -0.0423575 0.985839 -0.162259 -0.0424437 0.987008 -0.154962 -0.0442952 0.991145 -0.125181 -0.0414407 0.9914 -0.124131 -0.0423839 0.987446 -0.152161 -0.04243 0.986203 -0.160011 -0.0420899 0.98521 -0.166102 -0.0381095 0.934444 -0.354066 -0.0412142 0.984739 -0.169086 -0.0348807 0.930529 -0.364553 -0.039632 0.985022 -0.167814 -0.0388296 0.985812 -0.163297 -0.0383716 0.986576 -0.158732 -0.0385841 0.986184 -0.161098 -0.0335638 0.99213 -0.120627 -0.033249 0.992231 -0.119885 -0.0381926 0.986987 -0.1562 -0.0329351 0.99238 -0.118731 -0.0379355 0.98786 -0.150642 -0.0312064 0.994271 -0.10223 -0.0326221 0.992577 -0.117165 -0.0368998 0.991823 -0.122174 -0.0323098 0.992819 -0.115185 -0.0317592 0.993369 -0.110493 -0.0320163 0.993088 -0.11292 -0.0252059 0.973871 -0.225698 -0.03063 0.995534 -0.0892951 -0.030509 0.99582 -0.0860934 -0.0304505 0.996073 -0.083131 -0.0191749 0.996138 0.0856858 -0.0194874 0.996216 0.0846936 -0.0185118 0.995841 0.0892114 -0.0269002 0.998253 0.0526092 -0.0327512 0.998824 -0.0357347 -0.0327915 0.998723 -0.0384357 -0.0306482 0.996657 -0.0757362 -0.0305216 0.996492 -0.0779262 -0.027605 0.998494 0.047412 -0.0279582 0.998578 0.0453892 -0.0328498 0.998976 -0.0311228 -0.027243 0.998383 0.0498826 -0.0328921 0.998602 -0.0413819 -0.0316348 0.996895 -0.0721045 -0.033053 0.998459 -0.0445722 -0.0327713 0.998909 -0.0332797 -0.0313178 0.996898 -0.0722064 -0.0329809 0.999022 -0.0294381 -0.0331622 0.999049 -0.0283031 -0.0286115 0.998671 0.0428651 -0.0289109 0.998684 0.0423635 -0.0333944 0.999058 -0.0277035 -0.0305296 0.998654 0.0419365 -0.0354671 0.998925 -0.0298552 -0.0336777 0.99905 -0.0276395 -0.030075 0.998692 0.0413513 -0.0282938 0.998636 0.0438735 -0.0306677 0.998602 0.0430475 -0.0358031 0.998867 -0.0313454 -0.03072 0.998311 0.0493182 -0.0297893 0.996239 0.0813633 -0.0297175 0.996037 0.0838236 -0.0265875 0.998104 0.0555153 -0.0263028 0.997934 0.0586151 -0.0260455 0.997742 0.0619083 -0.00493655 0.937074 0.349096 -0.0247247 0.996476 0.0801493 -0.0297496 0.996545 0.077544 -0.00678541 0.995635 0.0930805 -0.00171242 0.967729 0.251989 -0.0304547 0.996297 -0.0804083 -0.0188495 0.996013 0.0871918 -0.0175666 0.995098 0.0973258 -0.0170864 0.994457 0.103749 -0.016014 0.992511 0.121101 -0.0173115 0.994793 0.100438 -0.0158113 0.99205 0.12485 -0.0156766 0.991596 0.128421 -0.0147743 0.982619 0.185043 -0.0132284 0.971395 0.237099 -0.0156147 0.991172 0.131661 -0.014475 0.970025 0.242573 -0.0142904 0.969915 0.243024 -0.00735717 0.939184 0.343335 -0.0134941 0.969659 0.244089 -0.013344 0.969666 0.24407 -0.0149218 0.970565 0.240377 -0.0146853 0.970242 0.241691 -0.0151851 0.970992 0.238631 -0.00745337 0.939172 0.343365 -0.000410206 0.914055 0.405589 -0.00272798 0.92513 0.37964 -0.00352524 0.930404 0.366518 -0.015775 0.972112 0.233987 -0.0154756 0.97152 0.236451 -0.00751838 0.938634 0.344834 -0.0160651 0.972731 0.231381 -0.00205116 0.917785 0.397073 -0.00203796 0.918214 0.39608 -0.0168772 0.974738 0.222714 -0.0256256 0.992114 0.12269 -0.0253891 0.992062 0.123159 -0.0271433 0.993098 0.114099 -0.0274613 0.993384 0.111508 -0.0323069 0.987276 0.1557 -0.0292695 0.977559 0.208618 -0.0261689 0.992372 0.120473 -0.0264763 0.992574 0.118727 -0.026808 0.992822 0.116554 -0.0283084 0.994287 0.102919 -0.0250585 0.992024 0.123534 -0.0258854 0.992218 0.121794 -0.0311849 0.985112 0.169061 -0.0302867 0.983022 0.180971 0.0672211 0.828394 -0.556098 -0.029627 0.981107 0.191181 -0.0434892 0.995347 -0.0859879 -0.0423921 0.995976 -0.0789551 -0.0302197 0.997843 0.058284 -0.0296364 0.996634 0.0764382 -0.0294614 0.996681 0.0758828 -0.0288313 0.99667 0.0762738 -0.0292246 0.996689 0.0758781 -0.00730364 0.936585 0.350363 -0.00353611 0.913723 0.406322 -0.00387215 0.919277 0.393592 -0.00373853 0.918908 0.394454 -0.0336173 0.989387 0.141365 -0.00750723 0.938989 0.343865 -0.00525699 0.937858 0.346979 -0.00371848 0.931593 0.363483 0.00302896 0.915302 0.402756 0.00679404 0.907214 0.420616 -0.0025553 0.923898 0.38263 -0.00240749 0.922734 0.385429 -0.0021069 0.919667 0.392694 -0.00218387 0.920617 0.390461 -0.00228389 0.92164 0.388039 -0.00205656 0.918842 0.394621 0.00881371 0.745712 0.66621 -0.00217405 0.917529 0.397663 -0.0020964 0.917556 0.3976 0.0055314 0.839835 0.542813 -0.00363169 0.918731 0.394868 0.00900461 0.74669 0.665111 -0.00403323 0.919836 0.392282 -0.00422245 0.920583 0.390524 -0.00444053 0.921516 0.388315 -0.00467152 0.922558 0.385831 -0.00536532 0.925982 0.377529 -0.0055961 0.92722 0.374476 -0.00513411 0.924792 0.380438 -0.0292301 0.979499 0.199319 -0.0291069 0.978286 0.205206 -0.0448429 0.991551 -0.121721 0.0100871 0.752783 0.658191 0.00298615 0.843476 0.537159 -0.00716571 0.935684 0.352766 -0.00657985 0.93244 0.361265 -0.011225 0.917941 0.396558 -0.03148 0.97857 0.203495 -0.0327528 0.979892 0.196823 -0.0359417 0.983541 0.177076 -0.0377646 0.985637 0.164599 0.010541 0.755981 0.654508 -0.0396545 0.987747 0.150938 -0.0415604 0.989782 0.136395 -0.0403578 0.98041 0.19279 -0.055194 0.996219 0.0670868 -0.0451347 0.993285 0.106521 -0.0434035 0.991643 0.121488 -0.0340633 0.97108 0.236314 -0.00066679 0.868273 0.496086 0.000376347 0.8614 0.507928 0.0111814 0.776811 0.629635 -0.0395206 0.977924 0.205191 0.0645092 0.965131 -0.253694 -0.00721035 0.976006 -0.217624 0.0502366 0.948794 -0.311875 -0.0256465 0.96049 -0.27713 0.0412537 0.938942 -0.341593 0.0315453 0.928204 -0.370731 0.0991081 0.866537 -0.489174 -0.0478582 0.99835 0.0317361 -0.0489304 0.998412 0.0279021 -0.0541722 0.99705 -0.0543824 -0.0571823 0.982153 -0.179183 -0.0465772 0.998195 0.0379162 -0.0501111 0.976674 -0.208796 -0.0583568 0.996868 -0.053366 -0.0449932 0.992392 -0.1146 -0.0442735 0.994352 -0.0964589 -0.041855 0.996773 0.0684922 -0.0401223 0.995837 0.0818451 -0.0295857 0.995808 0.0865546 -0.035089 0.991356 0.12642 -0.00434494 0.989991 -0.141066 0.154507 0.96429 -0.215112 -0.0253561 0.862021 0.506237 0.156518 0.957847 -0.240899 -0.0345673 0.971775 0.233364 0.15631 0.950046 -0.270147 -0.00490277 0.92365 0.383205 -0.0239247 0.950816 0.308832 -0.0382302 0.975493 0.216683 -0.0555755 0.995758 0.0733328 0.0580717 0.957557 -0.282334 0.153482 0.940689 -0.302569 0.00811034 0.795287 0.606179 -0.0022564 0.876158 0.482019 -0.0217556 0.944842 0.326802 0.14773 0.929304 -0.338483 0.0101584 0.785074 0.619318 -0.0199839 0.939152 0.342919 -0.0620506 0.996864 -0.0491105 0.138912 0.915861 -0.376699 0.0114723 0.770101 0.637819 -0.0183976 0.933834 0.357232 -0.0550568 0.995322 0.079386 -0.0629033 0.996745 -0.0504282 -0.0611442 0.996749 -0.0524651 0.127445 0.900737 -0.415247 -0.0364273 0.973187 0.227111 -0.0168226 0.92897 0.369772 -0.0536181 0.99493 0.085085 -0.062636 0.996705 -0.051526 0.113976 0.884169 -0.45305 -0.0151232 0.924641 0.380538 -0.048036 0.995788 0.0780927 -0.0491266 0.996652 0.0653561 -0.0507255 0.998045 0.0365134 -0.0504806 0.997742 0.0443011 -0.0497741 0.99841 0.0264596 -0.0503619 0.998353 0.0274649 -0.0132786 0.920941 0.389475 -0.0499465 0.997292 0.0539836 -0.046692 0.994668 0.0919526 -0.0506843 0.998238 0.0308504 -0.0544606 0.977773 -0.202471 -0.034258 0.98159 0.187901 -0.0449954 0.992086 -0.11722 -0.0449445 0.991803 -0.119608 0.009671 0.750197 0.661144 0.0410138 0.795067 -0.605134 0.00930057 0.748178 0.663433 -0.0414737 0.98475 -0.168959 0.03113 0.781512 -0.623112 0.0233737 0.770249 -0.637314 -0.0346477 0.996683 -0.0736324 0.0175989 0.761272 -0.648194 -0.0129227 0.972764 -0.231439 -0.0108165 0.921899 -0.387279 -0.00540762 0.99642 0.0843729 -0.0027261 0.971238 -0.238096 -0.00249041 0.919753 -0.392489</float_array>
          <technique_common>
            <accessor count="11389" source="#ID8" stride="3">
              <param name="X" type="float"/>
              <param name="Y" type="float"/>
              <param name="Z" type="float"/>
            </accessor>
          </technique_common>
        </source>
        <vertices id="ID9">
          <input semantic="POSITION" source="#ID5"/>
          <input semantic="NORMAL" source="#ID7"/>
        </vertices>
        <triangles count="15401" material="ID10">
          <input offset="0" semantic="VERTEX" source="#ID9"/>
          <p>0 2 1 3 5 4 3 4 6 7 8 5 4 5 8 9 7 10 7 9 8 10 12 11 11 9 10 13 15 14 11 12 16 17 19 18 20 22 21 23 25 24 26 28 27 29 31 30 32 34 33 35 32 36 36 27 35 32 35 34 29 28 26 26 27 36 30 28 29 23 24 31 24 30 31 19 25 18 25 23 18 20 17 22 19 17 20 21 0 1 22 0 21 2 13 14 2 14 1 12 15 16 16 15 13 37 39 38 40 42 41 43 39 44 37 44 39 43 46 45 46 43 44 47 48 45 45 46 47 49 48 50 47 50 48 49 52 51 52 49 50 53 54 51 51 52 53 55 54 56 53 56 54 55 58 57 58 55 56 57 58 59 57 59 60 38 61 37 61 63 62 63 61 38 64 65 62 62 63 64 66 65 67 64 67 65 66 69 68 69 66 67 70 71 68 68 69 70 72 71 73 70 73 71 72 75 74 75 72 73 76 42 74 74 75 76 76 41 42 77 79 78 80 82 81 83 85 84 86 88 87 89 91 90 92 94 93 95 97 96 98 100 99 101 103 102 104 102 105 106 101 107 101 106 103 107 109 108 108 106 107 110 111 109 108 109 111 59 110 60 110 59 111 104 105 95 102 103 105 96 97 98 104 95 96 100 90 99 97 100 98 89 93 91 90 91 99 85 94 92 92 93 89 88 83 84 83 94 85 86 87 77 88 84 87 78 79 81 86 77 78 80 40 82 79 80 81 41 82 40 112 114 113 115 117 116 113 117 115 115 112 113 118 120 119 121 120 122 118 122 120 121 124 123 124 121 122 123 124 125 126 125 127 125 126 123 127 129 128 128 126 127 129 130 128 130 132 131 132 130 129 133 134 131 131 132 133 133 135 134 136 138 137 139 141 140 137 143 142 142 136 137 144 145 143 142 143 145 146 144 147 144 146 145 148 149 147 146 147 149 141 148 140 148 141 149 150 139 140 150 152 151 151 139 150 153 155 154 156 158 157 159 161 160 162 164 163 165 155 166 167 169 168 170 172 171 173 166 174 175 176 167 176 178 177 179 181 180 182 184 183 184 186 185 182 188 187 185 181 189 190 187 191 192 193 177 173 191 188 194 196 195 197 198 195 199 200 194 194 195 199 201 202 198 203 169 204 205 207 206 153 208 206 207 210 209 211 212 204 213 209 214 211 216 215 213 218 217 219 216 220 221 217 222 220 224 223 225 226 221 227 224 228 226 229 156 230 231 228 232 234 233 230 232 235 236 237 234 157 239 238 236 241 240 242 238 243 244 241 170 245 242 246 247 246 248 247 249 163 250 252 251 253 255 254 256 258 257 259 260 256 261 263 262 264 265 263 266 268 267 269 270 160 271 272 196 272 274 273 271 196 194 275 202 193 276 278 277 277 272 276 279 281 280 281 278 276 282 179 283 280 283 279 277 196 272 200 284 194 271 194 284 285 287 286 288 284 200 289 290 286 274 267 291 159 290 292 293 294 261 295 266 294 296 298 297 299 297 270 264 301 300 258 298 302 303 305 304 306 301 305 260 308 307 251 309 304 310 250 164 254 311 172 253 307 312 287 285 288 201 314 313 288 285 284 315 276 273 284 316 271 280 281 317 272 271 274 276 272 273 280 282 283 278 281 279 281 315 317 318 282 280 285 316 284 289 286 287 319 273 291 316 274 271 285 320 316 317 315 321 274 316 267 273 274 291 317 318 280 276 315 281 315 319 321 322 318 317 286 320 285 292 290 289 323 291 268 320 267 316 286 324 320 321 319 325 267 320 266 291 267 268 321 322 317 273 319 315 319 323 325 326 322 321 290 324 286 161 159 292 327 268 295 324 266 320 290 328 324 325 323 329 266 324 294 268 266 295 325 326 321 291 323 319 323 327 329 330 326 325 159 328 290 269 160 161 331 295 293 328 294 324 159 332 328 329 327 333 294 328 261 295 294 293 329 330 325 268 327 323 327 331 333 334 330 329 160 332 159 299 270 269 335 293 262 332 261 328 160 336 332 333 331 337 261 332 263 293 261 262 333 334 329 295 331 327 331 335 337 338 334 333 270 336 160 296 297 299 300 265 264 336 263 332 270 339 336 337 335 340 263 336 264 262 263 265 337 338 333 293 335 331 335 341 340 342 338 337 297 339 270 302 298 296 306 300 301 339 264 336 297 343 339 265 341 262 301 264 339 341 344 340 340 342 337 262 341 335 341 345 344 346 342 340 298 343 297 257 258 302 303 306 305 343 301 339 298 347 343 300 345 265 305 301 343 345 348 344 344 346 340 265 345 341 345 349 348 350 346 344 258 347 298 259 256 257 309 303 304 347 305 343 258 351 347 306 349 300 304 305 347 349 352 348 348 350 344 300 349 345 349 353 352 354 350 348 256 351 258 308 260 259 252 309 251 351 304 347 256 355 351 303 353 306 251 304 351 353 356 352 352 354 348 306 353 349 353 357 356 358 354 352 260 355 256 312 307 308 310 252 250 355 251 351 260 359 355 309 357 303 250 251 355 357 360 356 356 358 352 303 357 353 357 361 360 362 358 356 307 359 260 255 253 312 162 310 164 359 250 355 307 363 359 252 361 309 164 250 359 361 364 360 360 362 356 309 361 357 361 365 364 366 362 360 253 363 307 311 254 255 249 162 163 363 164 359 253 367 363 310 365 252 163 164 363 368 364 369 364 366 360 252 365 361 365 370 369 368 366 364 254 367 253 171 172 311 248 249 247 367 163 363 254 371 367 162 370 310 247 163 367 372 369 373 365 369 364 310 370 365 370 374 373 368 369 372 172 371 254 244 170 171 242 248 246 371 247 367 172 375 371 249 374 162 246 247 371 376 373 377 370 373 369 162 374 370 374 378 377 372 373 376 170 375 172 240 241 244 238 242 245 375 246 371 170 379 375 248 378 249 245 246 375 380 377 381 374 377 373 249 378 374 378 382 381 376 377 380 241 379 170 237 236 240 157 238 383 379 245 375 241 384 379 242 382 248 383 245 379 385 381 386 378 381 377 248 382 378 382 243 386 380 381 385 236 384 241 233 234 237 383 238 245 384 383 379 384 236 387 157 388 156 388 383 384 389 386 390 382 386 381 242 243 382 243 239 390 385 386 389 234 387 236 235 232 233 388 157 383 387 388 384 387 234 391 156 392 226 392 388 387 393 390 394 243 390 386 238 239 243 239 158 394 389 390 393 232 391 234 231 230 235 392 156 388 391 392 387 391 232 395 226 396 221 396 392 391 397 394 398 239 394 390 157 158 239 158 229 398 393 394 397 230 395 232 227 228 231 396 226 392 395 396 391 395 230 399 221 400 217 400 396 395 401 398 402 158 398 394 156 229 158 229 225 402 397 398 401 228 399 230 223 224 227 400 221 396 399 400 395 399 228 403 217 404 213 404 400 399 405 402 406 229 402 398 226 225 229 225 222 406 401 402 405 224 403 228 219 220 223 404 217 400 403 404 399 403 224 407 213 408 209 408 404 403 409 406 410 225 406 402 221 222 225 222 218 410 405 406 409 220 407 224 215 216 219 408 213 404 407 408 403 407 220 411 209 412 207 412 408 407 413 410 414 222 410 406 217 218 222 218 214 414 409 410 413 216 411 220 212 211 215 412 209 408 411 412 407 411 216 415 207 416 206 416 412 411 417 414 418 218 414 410 213 214 218 214 210 418 413 414 417 211 415 216 203 204 212 416 207 412 415 416 411 415 211 419 206 420 153 420 416 415 421 418 422 214 418 414 209 210 214 210 205 422 417 418 421 204 419 211 168 169 203 420 206 416 419 420 415 419 204 423 153 424 155 424 420 419 425 422 426 210 422 418 207 205 210 205 208 426 421 422 425 169 423 204 175 167 168 424 153 420 423 424 419 423 169 427 155 174 166 174 424 423 428 426 429 205 426 422 206 208 205 208 154 429 425 426 428 167 427 169 178 176 175 174 155 424 427 174 423 427 167 430 166 173 188 173 174 427 431 429 432 208 429 426 153 154 208 154 165 432 428 429 431 176 430 167 192 177 178 188 433 166 430 173 427 434 430 176 188 191 187 173 430 191 435 432 436 154 432 429 155 165 154 165 433 436 431 432 435 177 434 176 275 193 192 437 439 438 434 191 430 440 434 177 190 437 187 190 191 434 441 436 183 165 436 432 166 433 165 433 182 183 435 436 441 193 440 177 442 202 275 190 443 437 440 190 434 193 444 440 187 437 186 190 440 443 445 183 184 433 183 436 188 182 433 182 186 184 441 183 445 202 444 193 446 198 442 313 443 444 444 443 440 444 201 313 439 437 443 443 313 439 186 437 438 185 447 184 187 186 182 186 438 185 445 184 447 442 198 202 446 199 195 439 313 448 202 201 444 201 197 314 438 439 449 313 314 448 283 179 180 439 448 449 180 185 438 449 180 438 447 185 189 446 195 198 198 197 201 196 277 197 195 196 197 277 278 314 197 277 314 278 279 448 314 278 448 279 283 449 448 279 449 283 180 449 181 185 180 450 452 451 453 455 454 452 457 456 452 458 451 457 460 459 461 459 460 462 457 463 463 465 464 466 465 467 468 451 458 464 462 463 468 470 469 469 471 468 471 469 472 453 474 473 471 476 475 475 477 471 475 479 478 476 479 475 473 475 478 473 478 453 480 482 481 483 485 484 486 488 487 489 488 490 491 493 492 487 495 494 496 480 481 497 499 498 496 481 500 501 503 502 496 502 480 501 502 496 504 502 503 505 506 480 507 502 504 508 510 509 510 511 509 512 514 513 515 517 516 513 518 508 510 508 519 466 467 520 521 514 517 522 524 523 525 522 466 520 525 466 525 511 524 526 516 517 521 517 515 527 529 528 526 528 529 530 531 527 531 529 527 532 530 507 530 532 531 505 534 533 532 507 504 499 535 498 536 499 497 455 484 485 537 539 538 498 535 540 541 538 542 537 538 541 494 543 491 492 493 544 486 487 545 483 547 546 547 548 546 484 549 483 547 483 550 453 454 474 455 485 454 520 551 525 552 509 511 523 524 519 522 525 524 525 551 511 552 511 551 519 524 510 524 511 510 553 554 552 513 554 512 554 508 509 552 554 509 512 553 555 519 508 518 554 513 508 553 512 554 514 555 556 555 514 512 556 528 517 518 513 521 514 521 513 556 517 514 526 517 528 501 496 500 557 480 502 534 505 557 557 505 480 558 482 506 480 506 482 559 533 534 505 533 506 497 559 560 533 497 498 558 506 540 533 498 506 559 497 533 536 497 560 540 506 498 536 561 499 539 562 538 499 561 537 563 540 535 499 537 535 561 539 537 563 535 541 535 537 541 493 562 544 541 542 563 538 562 493 563 542 491 538 493 542 492 544 564 563 491 543 542 493 491 564 565 545 491 492 494 545 494 492 564 545 492 486 565 566 543 494 495 545 487 494 565 486 545 566 567 488 487 489 495 566 488 486 490 546 489 495 489 568 488 489 487 488 567 490 569 490 567 490 569 546 485 546 569 568 489 548 546 548 489 485 483 546 549 550 483 471 472 476 471 477 468 477 570 468 468 570 451 456 470 458 468 458 470 570 450 451 452 450 571 460 571 461 452 456 458 457 452 460 462 456 457 571 460 452 459 461 572 465 572 467 457 459 463 464 466 522 462 464 523 459 572 465 463 459 465 522 523 464 466 464 465 573 575 574 576 578 577 579 581 580 582 583 574 584 586 585 584 585 587 586 588 579 588 586 584 587 585 583 581 579 588 581 589 580 582 587 583 582 574 575 590 580 589 591 590 592 590 589 592 593 594 573 573 594 575 595 594 593 596 595 593 595 596 597 598 599 597 597 596 598 599 601 600 601 599 598 602 600 603 601 603 600 604 605 602 602 603 604 605 607 606 607 605 604 608 606 609 607 609 606 610 611 608 608 609 610 612 610 613 610 612 611 613 578 612 614 615 577 612 578 576 616 618 617 619 621 620 622 624 623 625 627 626 628 630 629 631 633 632 634 636 635 637 639 638 640 641 635 634 635 641 640 643 642 642 641 640 644 643 645 643 644 642 591 646 645 644 645 646 592 646 591 638 636 634 637 628 639 638 639 636 630 631 629 637 630 628 632 633 624 629 631 632 622 623 627 624 633 623 617 625 626 625 622 627 619 618 616 616 617 626 620 647 619 619 647 618 620 621 614 577 615 648 614 621 615 576 577 648 649 651 650 652 654 653 651 656 655 656 651 649 657 658 655 655 656 657 659 658 657 659 661 660 660 658 659 662 664 663 660 661 665 666 668 667 669 671 670 653 673 672 674 654 652 675 677 676 678 680 679 681 683 682 684 681 685 684 683 681 685 675 676 685 676 684 678 679 677 678 677 675 672 673 680 673 679 680 666 654 674 653 672 652 668 671 667 674 668 666 671 669 667 670 662 663 670 663 669 661 664 665 665 664 662 686 688 687 689 687 690 688 690 687 691 692 689 689 690 691 692 694 693 694 692 691 695 693 696 694 696 693 697 698 695 695 696 697 698 700 699 700 698 697 701 699 702 700 702 699 703 704 701 701 702 703 704 706 705 706 704 703 707 705 708 706 708 705 709 710 707 707 708 709 710 712 711 712 710 709 713 711 714 712 714 711 715 716 713 713 714 715 716 718 717 718 716 715 719 717 720 718 720 717 721 722 719 719 720 721 723 722 721 723 724 722 688 686 725 726 727 725 725 686 726 727 729 728 729 727 726 730 728 731 729 731 728 732 733 730 730 731 732 733 735 734 735 733 732 736 734 737 735 737 734 738 739 736 736 737 738 739 741 740 741 739 738 742 740 743 741 743 740 744 745 742 742 743 744 745 747 746 747 745 744 748 746 749 747 749 746 750 751 748 748 749 750 751 753 752 753 751 750 754 752 755 753 755 752 756 757 754 754 755 756 757 759 758 759 757 756 759 724 758 758 724 723 760 762 761 763 765 764 764 766 763 765 768 767 768 765 763 769 767 770 768 770 767 771 772 769 769 770 771 772 762 760 762 772 771 773 775 774 761 777 776 778 780 779 781 783 782 784 786 785 787 789 788 790 792 791 793 795 794 794 797 796 789 796 797 796 793 794 788 789 797 790 787 792 792 787 788 781 782 791 791 782 790 785 786 783 781 785 783 784 779 780 786 784 780 778 773 774 778 779 773 777 775 776 777 774 775 776 760 761 798 800 799 801 803 802 800 805 804 805 800 798 806 804 807 805 807 804 808 809 806 806 807 808 809 811 810 811 809 808 812 810 813 811 813 810 814 815 812 812 813 814 815 817 816 817 815 814 818 816 819 817 819 816 820 821 818 818 819 820 798 799 822 823 824 822 822 799 823 824 826 825 826 824 823 827 825 828 826 828 825 829 830 827 827 828 829 830 832 831 832 830 829 833 831 834 832 834 831 835 836 833 833 834 835 836 838 837 838 836 835 838 802 837 837 802 803 839 841 840 842 844 843 845 847 846 848 850 849 851 853 852 854 856 855 857 859 858 860 862 861 863 865 864 866 867 865 868 869 863 863 864 868 869 871 870 871 869 868 872 870 873 871 873 870 821 820 872 872 873 821 857 867 866 865 867 864 859 860 858 866 859 857 861 862 853 858 860 861 851 852 856 853 862 852 846 854 855 854 851 856 849 847 845 845 846 855 848 839 850 849 850 847 841 844 840 848 841 839 842 843 801 840 844 842 803 801 843 874 876 875 877 879 878 880 882 881 883 885 884 886 888 887 889 891 890 892 894 893 895 897 896 898 900 899 894 902 901 900 904 903 899 900 903 905 904 906 900 906 904 905 908 907 908 905 906 909 910 907 907 908 909 902 898 901 909 911 910 898 899 901 897 892 893 902 894 892 896 888 895 893 896 897 888 912 887 888 886 895 889 912 891 912 889 887 882 890 881 881 890 891 884 880 883 884 882 880 885 874 875 884 885 875 878 879 876 874 878 876 877 913 879 914 916 915 915 917 914 918 920 919 919 921 918 922 924 923 925 924 926 924 928 927 924 925 929 928 924 929 930 926 924 931 924 932 931 930 924 933 924 934 933 932 924 935 936 922 937 922 938 939 940 922 922 941 939 940 935 922 938 922 942 942 922 936 934 924 922 937 934 922 922 923 943 944 946 945 945 948 947 947 944 945 949 950 948 947 948 950 951 949 952 949 951 950 952 954 953 953 951 952 955 953 956 954 956 953 955 958 957 958 955 956 957 958 959 959 960 957 961 946 944 962 963 961 946 961 963 964 962 965 962 964 963 965 967 966 966 964 965 968 969 967 966 967 969 970 968 971 968 970 969 971 973 972 972 970 971 972 973 974 973 975 974 976 978 977 979 981 980 982 984 983 985 976 977 986 988 987 987 978 986 986 978 976 980 981 988 988 981 987 979 980 984 983 989 982 984 982 979 990 989 991 983 991 989 992 994 993 995 997 996 998 999 993 1000 1001 992 1002 999 1003 1004 1006 1005 1007 1009 1008 1010 1012 1011 1013 1002 1014 1015 1017 1016 1016 1013 1018 1019 1021 1020 1022 1024 1023 1025 1027 1026 1028 1029 995 1030 1032 1031 1033 1035 1034 1036 1038 1037 1039 1041 1040 1036 1041 1042 1043 1044 1037 1045 1046 1040 1031 1044 1047 1032 1049 1048 1045 1033 1050 1051 1035 996 1052 1053 1026 1054 1055 1025 1056 1028 1022 1056 1022 1023 1057 1059 1058 1057 1060 1019 1061 1063 1062 1064 1062 1024 1017 1065 1059 1062 1023 1024 1000 1004 1005 1028 1056 1029 995 1029 997 996 997 1051 1035 1051 1034 1033 1034 1050 1045 1050 1046 1040 1046 1039 1041 1039 1042 1036 1042 1038 1037 1038 1043 1044 1043 1047 1031 1047 1030 1032 1030 1049 1048 1053 1052 1048 1049 1053 1052 1026 1027 1027 1025 1055 1055 1054 1066 1066 1020 1021 1066 1054 1020 1021 1019 1060 1060 1057 1058 1058 1059 1065 1065 1017 1015 1015 1016 1018 1018 1013 1014 1014 1002 1003 1003 999 998 998 993 994 994 992 1001 1001 1000 1005 1006 1004 1007 1008 1009 1010 1006 1007 1008 1012 1063 1011 1009 1012 1010 1062 1064 1061 1063 1061 1011 1067 1069 1068 1070 1072 1071 1069 1067 1073 1074 1069 1075 1069 1073 1075 1076 1077 1069 1069 1074 1076 1078 1079 1077 1078 1077 1076 1077 1081 1080 1081 1077 1079 1080 1082 1072 1081 1082 1080 1071 1083 1070 1080 1072 1070 1084 1086 1085 1083 1084 1070 1087 1088 1085 1085 1090 1089 1087 1085 1089 1086 1090 1085 1085 1070 1084 1091 1093 1092 1092 1095 1094 1094 1091 1092 1096 1097 1095 1094 1095 1097 1098 1096 1099 1096 1098 1097 1099 1101 1100 1100 1098 1099 1102 1103 1101 1100 1101 1103 1104 1102 1105 1102 1104 1103 1105 1107 1106 1106 1104 1105 1108 1109 1107 1106 1107 1109 1110 1108 1111 1108 1110 1109 1110 1111 1112 1113 1114 1112 1112 1111 1113 1115 1114 1116 1113 1116 1114 1115 1118 1117 1118 1115 1116 1119 1120 1117 1117 1118 1119 1121 1120 1122 1119 1122 1120 1121 1124 1123 1124 1121 1122 1125 1126 1123 1123 1124 1125 1127 1126 1128 1125 1128 1126 1127 1130 1129 1130 1127 1128 1093 1091 1131 1132 1131 1133 1131 1132 1093 1133 1135 1134 1134 1132 1133 1136 1137 1135 1134 1135 1137 1138 1136 1139 1136 1138 1137 1139 1141 1140 1140 1138 1139 1142 1143 1141 1140 1141 1143 1144 1142 1145 1142 1144 1143 1145 1147 1146 1146 1144 1145 1148 1149 1147 1146 1147 1149 1150 1148 1151 1148 1150 1149 1151 1153 1152 1152 1150 1151 1154 1155 1153 1152 1153 1155 1156 1154 1157 1154 1156 1155 1157 1159 1158 1158 1156 1157 1160 1161 1159 1158 1159 1161 1162 1160 1163 1160 1162 1161 1163 1165 1164 1164 1162 1163 1164 1165 1130 1165 1129 1130 1166 1168 1167 1169 1171 1170 1172 1168 1173 1166 1173 1168 1172 1175 1174 1175 1172 1173 1175 1176 1174 1177 1176 1178 1176 1177 1174 1178 1180 1179 1179 1177 1178 1181 1183 1182 1179 1180 1181 1184 1186 1185 1187 1189 1188 1169 1190 1171 1191 1170 1192 1193 1195 1194 1196 1198 1197 1199 1201 1200 1202 1203 1199 1203 1202 1194 1199 1200 1202 1195 1193 1197 1203 1194 1195 1196 1190 1198 1193 1196 1197 1171 1192 1170 1190 1169 1198 1185 1191 1184 1191 1192 1184 1185 1186 1187 1188 1189 1182 1187 1186 1189 1181 1180 1183 1188 1182 1183 1204 1206 1205 1207 1209 1208 1210 1206 1211 1204 1211 1206 1210 1213 1212 1213 1210 1211 1213 1214 1212 1215 1214 1216 1214 1215 1212 1216 1218 1217 1217 1215 1216 1219 1221 1220 1217 1218 1219 1222 1224 1223 1225 1227 1226 1207 1228 1209 1229 1208 1230 1231 1233 1232 1234 1236 1235 1237 1239 1238 1240 1241 1237 1241 1240 1232 1237 1238 1240 1233 1231 1235 1241 1232 1233 1234 1228 1236 1231 1234 1235 1209 1230 1208 1228 1207 1236 1223 1229 1222 1229 1230 1222 1223 1224 1225 1226 1227 1220 1225 1224 1227 1219 1218 1221 1226 1220 1221 1242 1244 1243 1245 1246 1244 1243 1244 1246 1247 1245 1248 1245 1247 1246 1248 1250 1249 1249 1247 1248 1249 1250 1251 1252 1251 1253 1250 1253 1251 1254 1256 1255 1257 1258 1252 1259 1261 1260 1262 1264 1263 1265 1267 1266 1268 1270 1269 1271 1273 1272 1274 1276 1275 1274 1277 1272 1271 1272 1277 1271 1265 1273 1274 1275 1277 1275 1276 1268 1266 1273 1265 1266 1267 1259 1276 1270 1268 1269 1270 1264 1261 1259 1267 1260 1261 1278 1269 1264 1262 1263 1256 1279 1263 1279 1262 1254 1255 1280 1279 1256 1254 1257 1280 1258 1255 1258 1280 1257 1252 1253 1242 1243 1281 1282 1281 1283 1281 1282 1242 1283 1285 1284 1284 1282 1283 1286 1287 1285 1284 1285 1287 1288 1286 1289 1286 1288 1287 1289 1291 1290 1290 1288 1289 1292 1293 1291 1290 1291 1293 1294 1292 1295 1292 1294 1293 1295 1297 1296 1296 1294 1295 1296 1297 1298 1299 1298 1300 1297 1300 1298 1299 1302 1301 1302 1299 1300 1303 1304 1301 1301 1302 1303 1305 1304 1306 1303 1306 1304 1305 1308 1307 1308 1305 1306 1309 1310 1307 1307 1308 1309 1311 1310 1312 1309 1312 1310 1311 1314 1313 1314 1311 1312 1315 1316 1313 1313 1314 1315 1315 1260 1316 1260 1278 1316 1317 1319 1318 1320 1322 1321 1323 1325 1324 1326 1328 1327 1329 1331 1330 1332 1334 1333 1335 1337 1336 1338 1340 1339 1341 1334 1332 1342 1343 1339 1333 1344 1338 1345 1347 1346 1335 1343 1348 1336 1349 1329 1350 1352 1351 1353 1355 1354 1331 1356 1330 1357 1323 1324 1325 1359 1358 1357 1356 1360 1327 1362 1361 1363 1364 1319 1359 1364 1365 1366 1367 1318 1368 1322 1328 1366 1370 1369 1371 1320 1372 1370 1374 1373 1375 1371 1376 1377 1373 1378 1379 1375 1380 1379 1382 1381 1383 1385 1384 1386 1383 1377 1387 1385 1388 1389 1391 1390 1388 1385 1392 1385 1393 1392 1394 1396 1395 1393 1398 1397 1396 1385 1395 1385 1398 1393 1397 1398 1399 1391 1395 1390 1385 1396 1398 1394 1401 1400 1402 1401 1395 1394 1400 1403 1395 1404 1402 1395 1405 1404 1391 1406 1395 1406 1405 1395 1390 1381 1389 1355 1353 1407 1407 1408 1355 1354 1361 1362 1353 1354 1362 1361 1326 1327 1326 1368 1328 1368 1321 1322 1321 1372 1320 1372 1376 1371 1376 1380 1375 1380 1382 1379 1382 1389 1381 1394 1395 1401 1385 1387 1384 1385 1383 1386 1386 1377 1378 1378 1373 1374 1374 1370 1366 1369 1367 1366 1367 1317 1318 1317 1363 1319 1363 1365 1364 1365 1358 1359 1358 1324 1325 1323 1357 1360 1360 1356 1331 1331 1329 1349 1349 1336 1337 1337 1335 1348 1348 1343 1342 1342 1339 1340 1340 1338 1344 1344 1333 1334 1341 1332 1347 1345 1346 1351 1341 1347 1345 1350 1408 1352 1346 1350 1351 1407 1352 1408 1409 1411 1410 1412 1414 1413 1415 1417 1416 1418 1419 1415 1420 1421 1418 1422 1424 1423 1423 1416 1417 1425 1427 1426 1428 1430 1429 1431 1433 1432 1434 1413 1435 1436 1414 1437 1438 1440 1439 1441 1442 1438 1443 1414 1436 1444 1439 1440 1444 1440 1445 1427 1431 1446 1433 1442 1447 1448 1450 1449 1451 1453 1452 1454 1456 1455 1449 1458 1457 1459 1461 1460 1462 1464 1463 1465 1461 1466 1454 1455 1467 1459 1469 1468 1462 1461 1465 1469 1467 1468 1470 1472 1471 1456 1454 1473 1474 1476 1475 1430 1478 1477 1479 1472 1480 1481 1482 1430 1479 1483 1472 1484 1457 1458 1450 1448 1485 1481 1430 1477 1486 1470 1484 1487 1470 1471 1472 1483 1471 1430 1482 1472 1488 1490 1489 1491 1493 1492 1473 1494 1456 1463 1425 1426 1495 1410 1496 1435 1411 1497 1476 1418 1421 1490 1474 1498 1429 1430 1499 1500 1488 1501 1500 1501 1430 1430 1502 1499 1503 1502 1501 1430 1501 1502 1504 1494 1473 1430 1428 1505 1505 1506 1430 1455 1468 1467 1469 1459 1460 1460 1461 1462 1465 1464 1462 1464 1425 1463 1426 1427 1446 1446 1431 1432 1432 1433 1447 1447 1442 1441 1441 1438 1439 1445 1437 1444 1437 1445 1436 1437 1414 1412 1412 1413 1434 1434 1435 1497 1497 1411 1409 1409 1410 1495 1496 1507 1495 1507 1424 1422 1495 1507 1422 1424 1416 1423 1417 1415 1419 1419 1418 1476 1421 1475 1476 1475 1498 1474 1498 1489 1490 1489 1501 1488 1450 1492 1493 1480 1472 1482 1430 1506 1478 1472 1470 1486 1486 1484 1458 1449 1457 1448 1449 1450 1493 1491 1492 1508 1453 1451 1508 1491 1508 1451 1453 1504 1452 1473 1452 1504 1509 1511 1510 1509 1510 1512 1513 1515 1514 1516 1518 1517 1519 1512 1520 1517 1518 1514 1521 1515 1522 1519 1523 1522 1523 1519 1520 1519 1522 1512 1522 1523 1521 1522 1509 1512 1513 1509 1522 1515 1513 1522 1518 1509 1513 1516 1517 1524 1514 1518 1513 1509 1518 1516 1516 1524 1525 1516 1525 1509 1526 1509 1525 1509 1526 1511 1524 1526 1525 1527 1511 1526 1510 1511 1527 1528 1530 1529 1531 1533 1532 1534 1536 1535 1536 1537 1535 1529 1535 1537 1529 1537 1528 1531 1530 1533 1533 1530 1528 1538 1540 1539 1541 1543 1542 1544 1545 1543 1538 1545 1544 1541 1544 1543 1539 1545 1538 1546 1548 1547 1549 1551 1550 1550 1553 1552 1551 1554 1553 1555 1557 1556 1558 1556 1559 1557 1560 1548 1556 1561 1555 1562 1561 1558 1558 1559 1563 1564 1562 1558 1563 1565 1564 1561 1556 1558 1558 1563 1564 1560 1557 1555 1559 1556 1557 1566 1567 1553 1568 1553 1554 1563 1566 1568 1567 1557 1548 1559 1567 1566 1569 1567 1548 1560 1547 1548 1563 1568 1565 1554 1570 1565 1559 1557 1567 1563 1559 1566 1569 1571 1567 1546 1569 1548 1565 1568 1554 1550 1551 1553 1553 1571 1552 1568 1566 1553 1567 1571 1553 1554 1551 1570 1549 1570 1551 1572 1574 1573 1575 1577 1576 1578 1579 1572 1572 1580 1578 1577 1578 1581 1576 1577 1581 1582 1584 1583 1585 1584 1582 1585 1580 1586 1583 1581 1582 1578 1580 1582 1585 1582 1580 1574 1572 1579 1579 1577 1587 1578 1582 1581 1579 1578 1577 1575 1587 1577 1580 1572 1586 1573 1586 1572 1588 1590 1589 1591 1593 1592 1594 1596 1595 1595 1598 1597 1594 1595 1597 1594 1599 1596 1598 1589 1597 1590 1588 1593 1589 1598 1588 1593 1591 1590 1600 1602 1601 1603 1605 1604 1606 1608 1607 1609 1603 1604 1606 1607 1605 1604 1605 1607 1600 1601 1608 1606 1600 1608 1610 1612 1611 1613 1615 1614 1616 1617 1614 1618 1616 1614 1619 1621 1620 1613 1622 1615 1617 1616 1623 1612 1625 1624 1626 1610 1611 1610 1626 1627 1618 1614 1628 1617 1623 1629 1617 1613 1614 1630 1617 1629 1631 1628 1614 1618 1628 1624 1632 1628 1631 1631 1614 1615 1622 1613 1630 1617 1630 1613 1612 1624 1632 1626 1611 1633 1631 1634 1632 1624 1628 1632 1632 1634 1611 1619 1631 1615 1631 1619 1634 1621 1615 1622 1612 1610 1625 1627 1625 1610 1633 1634 1635 1612 1632 1611 1633 1611 1634 1620 1635 1619 1635 1634 1619 1621 1619 1615 1636 1638 1637 1639 1641 1640 1642 1636 1637 1643 1639 1640 1644 1640 1641 1641 1642 1644 1637 1638 1645 1642 1641 1636 1644 1642 1637 1646 1648 1647 1649 1651 1650 1652 1654 1653 1655 1649 1650 1652 1653 1651 1650 1651 1653 1646 1647 1654 1652 1646 1654 1656 1658 1657 1659 1661 1660 1662 1664 1663 1664 1665 1663 1657 1663 1665 1657 1665 1656 1659 1658 1661 1661 1658 1656 1666 1668 1667 1667 1670 1669 1668 1671 1670 1671 1672 1670 1673 1675 1674 1676 1677 1672 1678 1679 1676 1680 1679 1678 1680 1678 1681 1676 1682 1681 1681 1678 1676 1677 1675 1670 1683 1677 1676 1679 1683 1676 1676 1672 1682 1671 1684 1682 1683 1674 1677 1677 1674 1675 1682 1672 1671 1667 1668 1670 1670 1675 1669 1672 1677 1670 1671 1668 1684 1666 1684 1668 1685 1687 1686 1688 1690 1689 1691 1693 1692 1691 1690 1688 1694 1695 1685 1696 1693 1691 1697 1699 1698 1696 1699 1693 1698 1699 1696 1700 1698 1696 1696 1694 1700 1695 1691 1688 1690 1691 1692 1695 1694 1691 1694 1685 1701 1688 1702 1687 1691 1694 1696 1687 1695 1688 1688 1689 1702 1700 1694 1701 1686 1701 1685 1687 1685 1695 1703 1705 1704 1706 1708 1707 1709 1711 1710 1712 1706 1707 1709 1710 1708 1707 1708 1710 1703 1704 1711 1709 1703 1711 1713 1715 1714 1716 1718 1717 1719 1721 1720 1720 1723 1722 1720 1722 1719 1719 1724 1721 1722 1723 1714 1713 1718 1715 1723 1713 1714 1716 1715 1718 1725 1727 1726 1728 1730 1729 1731 1732 1730 1733 1734 1728 1735 1737 1736 1738 1740 1739 1741 1742 1731 1727 1741 1743 1744 1746 1745 1747 1749 1748 1750 1744 1751 1745 1746 1752 1748 1752 1746 1725 1754 1753 1747 1755 1749 1756 1758 1757 1729 1759 1740 1729 1740 1738 1760 1739 1761 1762 1738 1739 1753 1764 1763 1748 1749 1752 1749 1755 1765 1763 1751 1745 1752 1766 1763 1751 1744 1745 1765 1766 1749 1757 1755 1756 1752 1763 1745 1749 1766 1752 1766 1767 1753 1751 1763 1764 1765 1757 1767 1755 1757 1765 1766 1753 1763 1765 1767 1766 1767 1768 1725 1764 1753 1754 1758 1768 1757 1735 1756 1737 1767 1725 1753 1757 1768 1767 1768 1769 1727 1754 1725 1726 1758 1735 1769 1756 1735 1758 1768 1727 1725 1758 1769 1768 1769 1742 1741 1726 1727 1743 1736 1742 1735 1759 1737 1770 1769 1741 1727 1735 1742 1769 1742 1732 1731 1743 1741 1771 1736 1759 1732 1737 1759 1736 1731 1771 1741 1736 1732 1742 1732 1729 1730 1772 1771 1731 1759 1770 1740 1770 1761 1739 1730 1772 1731 1759 1729 1732 1729 1738 1728 1734 1772 1730 1770 1739 1740 1760 1762 1739 1762 1773 1738 1728 1734 1730 1738 1773 1728 1733 1728 1773 1774 1776 1775 1777 1779 1778 1777 1775 1776 1780 1782 1781 1783 1782 1780 1784 1785 1781 1786 1784 1781 1787 1788 1786 1784 1786 1788 1789 1787 1790 1786 1781 1790 1787 1786 1790 1789 1778 1791 1790 1792 1778 1781 1782 1792 1781 1785 1780 1789 1790 1778 1779 1777 1776 1782 1794 1793 1790 1781 1792 1782 1777 1792 1783 1794 1782 1778 1779 1791 1776 1795 1791 1782 1793 1777 1778 1792 1777 1791 1779 1776 1774 1795 1776 1775 1777 1793 1796 1798 1797 1799 1801 1800 1802 1804 1803 1804 1805 1803 1805 1796 1797 1803 1805 1797 1801 1799 1798 1796 1801 1798 1806 1808 1807 1809 1811 1810 1812 1814 1813 1814 1815 1813 1807 1813 1815 1807 1815 1806 1809 1808 1811 1811 1808 1806 1816 1818 1817 1817 1820 1819 1818 1821 1820 1821 1822 1820 1823 1825 1824 1826 1827 1822 1828 1829 1826 1830 1829 1828 1830 1828 1831 1826 1832 1831 1831 1828 1826 1827 1825 1820 1833 1827 1826 1829 1833 1826 1826 1822 1832 1821 1834 1832 1833 1824 1827 1827 1824 1825 1832 1822 1821 1817 1818 1820 1820 1825 1819 1822 1827 1820 1821 1818 1834 1816 1834 1818 1835 1837 1836 1838 1840 1839 1841 1843 1842 1844 1846 1845 1847 1849 1848 1843 1851 1850 1849 1847 1852 1853 1855 1854 1841 1857 1856 1858 1860 1859 1859 1862 1861 1863 1864 1835 1858 1866 1865 1859 1868 1867 1845 1870 1869 1870 1836 1871 1872 1873 1846 1851 1874 1850 1875 1877 1876 1873 1878 1876 1873 1876 1877 1878 1872 1879 1875 1847 1877 1852 1847 1875 1848 1880 1847 1872 1878 1873 1880 1881 1877 1881 1846 1873 1882 1872 1844 1872 1882 1879 1847 1880 1877 1838 1839 1848 1844 1872 1846 1877 1881 1873 1839 1883 1881 1883 1845 1846 1884 1844 1869 1844 1884 1882 1881 1880 1839 1848 1839 1880 1869 1844 1845 1881 1883 1846 1840 1885 1883 1885 1870 1845 1886 1869 1871 1869 1886 1884 1839 1840 1883 1850 1874 1838 1871 1869 1870 1883 1885 1845 1874 1887 1885 1870 1887 1836 1888 1871 1837 1871 1888 1886 1885 1840 1874 1838 1874 1840 1889 1837 1864 1885 1887 1870 1890 1887 1851 1890 1835 1836 1888 1837 1889 1871 1836 1837 1874 1851 1887 1842 1843 1850 1891 1864 1867 1887 1890 1836 1892 1890 1843 1892 1863 1835 1889 1864 1891 1837 1835 1864 1851 1843 1890 1853 1857 1855 1863 1862 1867 1890 1892 1835 1856 1892 1841 1862 1863 1856 1891 1867 1868 1864 1863 1867 1843 1841 1892 1857 1842 1893 1853 1861 1862 1892 1856 1863 1862 1856 1853 1858 1859 1861 1868 1859 1860 1867 1862 1859 1842 1857 1841 1893 1855 1857 1853 1854 1861 1856 1857 1853 1854 1894 1861 1866 1858 1894 1894 1858 1861 1860 1858 1865 1895 1897 1896 1898 1900 1899 1901 1903 1902 1904 1898 1899 1901 1902 1900 1899 1900 1902 1895 1896 1903 1901 1895 1903 1905 1907 1906 1908 1910 1909 1911 1913 1912 1914 1916 1915 1916 1914 1908 1909 1910 1912 1916 1908 1909 1911 1905 1913 1910 1911 1912 1906 1913 1905 1917 1919 1918 1920 1922 1921 1923 1919 1924 1923 1925 1918 1919 1926 1921 1927 1919 1917 1926 1928 1921 1929 1931 1930 1929 1930 1926 1932 1931 1929 1933 1932 1927 1929 1926 1927 1932 1929 1927 1934 1933 1917 1922 1919 1921 1926 1930 1928 1933 1927 1917 1923 1918 1919 1919 1922 1924 1927 1926 1919 1917 1918 1934 1925 1934 1918 1935 1937 1936 1938 1940 1939 1938 1936 1937 1941 1943 1942 1944 1943 1941 1945 1946 1942 1947 1945 1942 1948 1949 1947 1945 1947 1949 1950 1948 1951 1947 1942 1951 1948 1947 1951 1950 1939 1952 1951 1953 1939 1942 1943 1953 1942 1946 1941 1950 1951 1939 1940 1938 1937 1943 1955 1954 1951 1942 1953 1943 1938 1953 1944 1955 1943 1939 1940 1952 1937 1956 1952 1943 1954 1938 1939 1953 1938 1952 1940 1937 1935 1956 1937 1936 1938 1954 1957 1959 1958 1960 1962 1961 1963 1965 1964 1966 1960 1961 1963 1964 1962 1961 1962 1964 1957 1958 1965 1963 1957 1965 1967 1969 1968 1970 1972 1971 1973 1975 1974 1975 1976 1974 1968 1974 1976 1968 1976 1967 1970 1969 1972 1972 1969 1967 1977 1979 1978 1980 1982 1981 1983 1980 1981 1984 1986 1985 1987 1988 1980 1989 1991 1990 1992 1994 1993 1995 1997 1996 1991 1999 1998 1977 2000 1979 2000 2001 1979 1978 2002 1977 2003 2004 2001 2005 2007 2006 2008 1977 2002 1995 1996 2009 2010 2008 1997 2011 2012 1987 1989 2013 1981 2014 2015 2011 2016 2005 1998 2017 2003 2006 2008 2010 1977 2010 2018 2000 2004 2003 2017 2001 2000 2003 1977 2010 2000 1996 1997 2008 2006 2003 2018 2000 2018 2003 2018 1997 2019 2017 2006 2007 2010 1997 2018 2009 1994 1992 2005 2006 2019 2018 2019 2006 2019 1995 2020 2007 2005 2016 1997 1995 2019 1994 2009 1996 1998 2005 2020 2019 2020 2005 2020 2009 2021 2016 1998 1999 1995 2009 2020 2022 2023 1993 1991 1998 2021 2020 2021 1998 2021 1992 1990 1999 1991 2024 2009 1992 2021 2022 1993 1994 1991 1989 2024 2021 1990 1991 1990 1993 2013 2025 2024 1989 1992 1993 1990 2011 1987 2014 1989 1981 2025 1990 2013 1989 2023 1983 2013 1982 2025 1981 1993 2023 2013 2014 2022 2015 1980 1988 1986 2013 1983 1981 1983 2014 1987 1986 1982 1980 1983 2023 2014 2014 2023 2022 1988 2012 1985 1980 1983 1987 2012 1988 1987 1985 1986 1988 2026 2028 2027 2029 2028 2030 2031 2033 2032 2033 2035 2034 2036 2038 2037 2035 2033 2039 2038 2040 2037 2037 2040 2041 2036 2042 2038 2037 2035 2036 2034 2035 2041 2037 2041 2035 2036 2039 2043 2044 2039 2033 2034 2032 2033 2036 2043 2042 2042 2030 2045 2039 2044 2029 2036 2035 2039 2033 2031 2044 2042 2043 2030 2026 2045 2030 2039 2029 2030 2030 2043 2039 2030 2028 2026 2045 2026 2027 2046 2048 2047 2049 2051 2050 2052 2054 2053 2054 2055 2053 2047 2053 2055 2047 2055 2046 2049 2048 2051 2051 2048 2046 2056 2058 2057 2059 2061 2060 2062 2064 2063 2065 2067 2066 2068 2070 2069 2071 2073 2072 2074 2076 2075 2068 2069 2074 2077 2079 2078 2080 2082 2081 2083 2077 2056 2070 2073 2069 2063 2085 2084 2070 2080 2078 2086 2064 2087 2057 2088 2085 2089 2060 2061 2090 2091 2087 2086 2093 2092 2094 2060 2092 2059 2060 2094 2093 2086 2091 2094 2092 2093 2092 2095 2064 2087 2091 2086 2089 2095 2060 2096 2097 2061 2092 2064 2086 2060 2095 2092 2095 2065 2063 2087 2064 2062 2089 2067 2065 2061 2067 2089 2095 2063 2064 2089 2065 2095 2065 2066 2085 2062 2063 2084 2067 2097 2066 2061 2097 2067 2097 2096 2098 2065 2085 2063 2066 2099 2057 2084 2085 2088 2098 2099 2097 2072 2096 2071 2066 2057 2085 2097 2099 2066 2099 2083 2056 2088 2057 2058 2098 2072 2083 2096 2072 2098 2099 2056 2057 2098 2083 2099 2083 2079 2077 2058 2056 2100 2073 2079 2072 2076 2074 2071 2077 2100 2056 2072 2079 2083 2079 2070 2078 2101 2100 2077 2071 2069 2073 2068 2074 2102 2078 2101 2077 2073 2070 2079 2070 2068 2080 2081 2101 2078 2074 2069 2071 2075 2102 2074 2102 2103 2068 2080 2081 2078 2068 2103 2080 2082 2080 2103 2104 2106 2105 2107 2109 2108 2110 2112 2111 2113 2107 2108 2110 2111 2109 2108 2109 2111 2104 2105 2112 2110 2104 2112 2114 2116 2115 2117 2119 2118 2120 2122 2121 2122 2123 2121 2121 2123 2115 2114 2119 2116 2123 2114 2115 2117 2116 2119 2124 2126 2125 2125 2128 2127 2129 2128 2125 2130 2132 2131 2133 2132 2134 2135 2136 2131 2128 2129 2135 2136 2138 2137 2136 2137 2130 2139 2137 2138 2139 2138 2140 2140 2136 2141 2140 2138 2136 2128 2131 2132 2134 2130 2142 2137 2142 2130 2136 2135 2141 2129 2143 2141 2130 2134 2132 2136 2130 2131 2133 2144 2132 2141 2135 2129 2126 2129 2125 2128 2144 2127 2135 2131 2128 2132 2144 2128 2129 2126 2143 2124 2143 2126 2145 2147 2146 2147 2145 2148 2147 2149 2146 2150 2152 2151 2153 2155 2154 2151 2154 2155 2156 2150 2157 2151 2157 2150 2158 2156 2157 2159 2160 2158 2157 2151 2159 2158 2157 2159 2146 2161 2145 2159 2162 2161 2151 2155 2162 2151 2152 2154 2159 2161 2160 2160 2146 2163 2155 2164 2148 2159 2151 2162 2148 2162 2155 2153 2164 2155 2160 2161 2146 2149 2163 2146 2148 2145 2162 2161 2162 2145 2163 2149 2165 2165 2149 2147 2166 2168 2167 2169 2171 2170 2172 2174 2173 2175 2169 2170 2172 2173 2171 2170 2171 2173 2166 2167 2174 2172 2166 2174 2176 2178 2177 2179 2181 2180 2182 2184 2183 2184 2185 2183 2185 2176 2177 2183 2185 2177 2181 2179 2178 2176 2181 2178 2186 2188 2187 2187 2190 2189 2191 2190 2187 2192 2194 2193 2195 2193 2196 2192 2198 2197 2190 2191 2198 2197 2200 2199 2197 2199 2194 2201 2199 2200 2201 2200 2202 2202 2197 2203 2202 2200 2197 2193 2190 2192 2196 2194 2204 2199 2204 2194 2197 2198 2203 2191 2205 2203 2194 2196 2193 2197 2194 2192 2195 2206 2193 2203 2198 2191 2188 2191 2187 2190 2193 2206 2198 2192 2190 2189 2190 2206 2191 2188 2205 2186 2205 2188 2207 2209 2208 2207 2208 2210 2208 2211 2210 2212 2214 2213 2215 2217 2216 2210 2214 2207 2218 2220 2219 2221 2219 2220 2222 2218 2219 2213 2223 2222 2219 2221 2213 2222 2219 2213 2224 2207 2212 2220 2225 2221 2221 2217 2212 2216 2221 2225 2213 2214 2223 2210 2226 2223 2217 2221 2216 2213 2221 2212 2212 2217 2224 2217 2215 2224 2223 2214 2210 2211 2226 2210 2224 2209 2207 2214 2212 2207 2226 2211 2227 2227 2211 2208 2228 2230 2229 2231 2233 2232 2234 2236 2235 2237 2231 2232 2234 2235 2233 2232 2233 2235 2228 2229 2236 2234 2228 2236 2238 2240 2239 2241 2243 2242 2244 2246 2245 2246 2247 2245 2239 2245 2247 2239 2247 2238 2241 2240 2243 2243 2240 2238 2248 2250 2249 2251 2253 2252 2254 2256 2255 2253 2257 2252 2258 2260 2259 2261 2263 2262 2264 2266 2265 2267 2261 2268 2269 2270 2256 2249 2271 2248 2272 2274 2273 2248 2273 2250 2275 2276 2271 2277 2274 2272 2278 2249 2279 2280 2281 2263 2282 2284 2283 2285 2270 2266 2286 2255 2252 2265 2287 2264 2279 2268 2278 2273 2274 2250 2277 2288 2274 2275 2290 2289 2288 2279 2250 2249 2278 2275 2276 2275 2289 2271 2249 2275 2274 2288 2250 2291 2292 2277 2293 2290 2294 2250 2279 2249 2292 2268 2279 2275 2278 2290 2290 2278 2262 2289 2290 2293 2279 2288 2292 2277 2292 2288 2291 2267 2292 2295 2294 2296 2290 2262 2294 2278 2268 2262 2294 2262 2263 2293 2294 2295 2292 2267 2268 2282 2283 2291 2297 2296 2298 2268 2261 2262 2280 2261 2283 2294 2263 2296 2296 2263 2281 2295 2296 2297 2261 2267 2283 2291 2283 2267 2298 2254 2286 2261 2280 2263 2299 2280 2284 2296 2281 2298 2298 2281 2254 2297 2298 2300 2283 2284 2280 2301 2269 2282 2254 2281 2299 2280 2299 2281 2269 2256 2299 2286 2300 2298 2286 2254 2255 2302 2300 2286 2299 2284 2269 2282 2269 2284 2251 2255 2285 2299 2256 2254 2256 2285 2255 2252 2302 2286 2255 2251 2252 2257 2302 2252 2269 2301 2270 2266 2301 2303 2304 2251 2264 2256 2270 2285 2251 2285 2264 2253 2304 2258 2253 2251 2304 2259 2257 2253 2301 2266 2270 2303 2265 2266 2264 2287 2304 2285 2266 2264 2287 2305 2304 2258 2259 2253 2304 2305 2258 2260 2258 2305 2306 2308 2307 2309 2311 2310 2312 2314 2313 2315 2317 2316 2318 2320 2319 2321 2323 2322 2324 2326 2325 2312 2325 2327 2325 2326 2327 2328 2323 2329 2328 2331 2330 2322 2306 2332 2333 2334 2328 2315 2309 2335 2308 2337 2336 2317 2315 2335 2337 2339 2338 2339 2340 2338 2341 2343 2342 2339 2337 2344 2345 2317 2338 2316 2317 2345 2340 2339 2341 2345 2338 2340 2317 2336 2338 2344 2346 2343 2342 2343 2346 2341 2339 2343 2335 2336 2317 2311 2309 2315 2347 2344 2348 2336 2337 2338 2307 2336 2335 2339 2344 2343 2337 2308 2348 2346 2344 2347 2309 2307 2335 2349 2351 2350 2352 2348 2353 2307 2308 2336 2332 2307 2309 2337 2348 2344 2308 2306 2353 2347 2348 2352 2310 2332 2309 2350 2351 2311 2354 2353 2355 2332 2306 2307 2321 2332 2310 2308 2353 2348 2306 2322 2355 2352 2353 2354 2310 2351 2321 2311 2351 2310 2356 2355 2357 2321 2322 2332 2329 2321 2351 2306 2355 2353 2322 2323 2357 2354 2355 2356 2349 2329 2351 2358 2313 2350 2323 2330 2357 2329 2323 2321 2333 2329 2349 2322 2357 2355 2323 2328 2330 2356 2357 2359 2349 2313 2333 2350 2313 2349 2331 2334 2319 2333 2328 2329 2334 2333 2314 2330 2359 2357 2328 2334 2331 2360 2359 2330 2313 2358 2312 2327 2326 2361 2334 2314 2362 2313 2314 2333 2327 2362 2314 2331 2360 2330 2334 2362 2319 2320 2360 2331 2312 2358 2325 2324 2325 2358 2361 2363 2362 2312 2327 2314 2361 2362 2327 2319 2320 2331 2362 2363 2319 2318 2319 2363 2364 2366 2365 2367 2369 2368 2370 2372 2371 2373 2367 2368 2370 2371 2369 2368 2369 2371 2364 2365 2372 2370 2364 2372 2374 2376 2375 2377 2379 2378 2380 2382 2381 2382 2383 2381 2381 2383 2375 2374 2379 2376 2383 2374 2375 2377 2376 2379 2384 2386 2385 2385 2388 2387 2389 2388 2385 2390 2392 2391 2393 2391 2394 2390 2396 2395 2388 2389 2396 2395 2398 2397 2395 2397 2392 2399 2397 2398 2399 2398 2400 2400 2395 2401 2400 2398 2395 2391 2388 2390 2394 2392 2402 2397 2402 2392 2395 2396 2401 2389 2403 2401 2392 2394 2391 2395 2392 2390 2393 2404 2391 2401 2396 2389 2386 2389 2385 2388 2391 2404 2396 2390 2388 2387 2388 2404 2389 2386 2403 2384 2403 2386 2405 2407 2406 2405 2406 2408 2406 2409 2408 2410 2412 2411 2413 2415 2414 2408 2412 2405 2416 2418 2417 2419 2417 2418 2420 2416 2417 2411 2421 2420 2417 2419 2411 2420 2417 2411 2422 2405 2410 2418 2423 2419 2419 2415 2410 2414 2419 2423 2411 2412 2421 2408 2424 2421 2415 2419 2414 2411 2419 2410 2410 2415 2422 2415 2413 2422 2421 2412 2408 2409 2424 2408 2422 2407 2405 2412 2410 2405 2424 2409 2425 2425 2409 2406 2426 2428 2427 2429 2431 2430 2432 2434 2433 2435 2429 2430 2432 2433 2431 2430 2431 2433 2426 2427 2434 2432 2426 2434 2436 2438 2437 2439 2441 2440 2442 2444 2443 2444 2445 2443 2437 2443 2445 2437 2445 2436 2439 2438 2441 2441 2438 2436 2446 2448 2447 2447 2450 2449 2448 2451 2450 2452 2454 2453 2455 2453 2456 2452 2458 2457 2450 2451 2458 2457 2460 2459 2457 2459 2454 2461 2459 2460 2461 2460 2462 2462 2457 2463 2462 2460 2457 2450 2452 2453 2456 2454 2464 2459 2464 2454 2457 2458 2463 2451 2465 2463 2454 2456 2453 2457 2454 2452 2455 2466 2453 2463 2458 2451 2447 2448 2450 2450 2466 2449 2458 2452 2450 2453 2466 2450 2451 2448 2465 2446 2465 2448 2467 2469 2468 2467 2468 2470 2468 2471 2470 2472 2474 2473 2470 2475 2467 2476 2472 2477 2473 2477 2472 2478 2476 2477 2479 2480 2478 2477 2473 2479 2478 2477 2479 2481 2482 2467 2479 2483 2475 2473 2481 2483 2481 2485 2484 2474 2485 2473 2479 2475 2480 2470 2486 2480 2481 2473 2485 2479 2473 2483 2467 2483 2481 2484 2482 2481 2480 2475 2470 2471 2486 2470 2482 2469 2467 2475 2483 2467 2486 2471 2487 2487 2471 2468 2488 2490 2489 2491 2493 2492 2494 2496 2495 2497 2491 2492 2494 2495 2493 2492 2493 2495 2488 2489 2496 2494 2488 2496 2498 2500 2499 2501 2503 2502 2504 2506 2505 2506 2507 2505 2499 2505 2507 2499 2507 2498 2501 2500 2503 2503 2500 2498 2508 2510 2509 2511 2509 2512 2513 2514 2508 2515 2517 2516 2518 2515 2519 2520 2522 2521 2523 2524 2518 2525 2527 2526 2528 2530 2529 2526 2531 2525 2532 2533 2522 2520 2534 2527 2535 2537 2536 2532 2535 2538 2539 2512 2509 2537 2541 2540 2541 2542 2540 2543 2545 2544 2541 2543 2542 2546 2512 2540 2511 2512 2546 2545 2548 2547 2546 2540 2542 2536 2540 2512 2537 2548 2541 2544 2545 2547 2543 2541 2545 2539 2536 2512 2513 2508 2509 2549 2548 2550 2536 2537 2540 2538 2536 2539 2541 2548 2545 2537 2535 2550 2547 2548 2549 2539 2510 2538 2509 2510 2539 2551 2550 2552 2538 2535 2536 2533 2538 2510 2537 2550 2548 2535 2532 2552 2549 2550 2551 2508 2533 2510 2553 2516 2554 2555 2552 2556 2533 2532 2538 2521 2533 2508 2535 2552 2550 2532 2522 2556 2551 2552 2555 2514 2521 2508 2553 2554 2513 2557 2556 2558 2521 2522 2533 2534 2521 2514 2532 2556 2552 2522 2520 2558 2555 2556 2557 2514 2554 2534 2513 2554 2514 2520 2525 2558 2534 2520 2521 2559 2534 2554 2522 2558 2556 2520 2527 2525 2557 2558 2560 2516 2559 2554 2518 2519 2523 2527 2559 2561 2559 2527 2534 2561 2559 2517 2525 2560 2558 2527 2561 2526 2531 2560 2525 2516 2553 2515 2519 2553 2562 2561 2517 2563 2516 2517 2559 2517 2518 2563 2526 2561 2529 2561 2563 2529 2530 2531 2526 2553 2519 2515 2562 2523 2519 2524 2564 2563 2515 2518 2517 2524 2563 2518 2529 2530 2526 2563 2564 2529 2528 2529 2564 2565 2567 2566 2567 2568 2566 2568 2569 2566 2565 2570 2567 2569 2568 2571 2572 2571 2573 2571 2572 2569 2572 2573 2574 2575 2577 2576 2578 2580 2579 2581 2583 2582 2584 2585 2582 2586 2576 2587 2588 2585 2589 2590 2591 2586 2592 2594 2593 2595 2597 2596 2598 2594 2589 2599 2601 2600 2593 2602 2592 2588 2581 2582 2603 2605 2604 2606 2577 2607 2578 2608 2580 2609 2603 2601 2601 2599 2609 2600 2611 2610 2612 2580 2609 2579 2580 2612 2611 2614 2613 2612 2609 2599 2605 2609 2580 2603 2614 2601 2610 2611 2613 2600 2601 2611 2608 2605 2580 2615 2584 2578 2616 2614 2617 2605 2603 2609 2583 2605 2608 2601 2614 2611 2603 2604 2617 2613 2614 2616 2608 2618 2583 2578 2618 2608 2619 2617 2620 2583 2604 2605 2582 2583 2618 2603 2617 2614 2604 2581 2620 2616 2617 2619 2618 2584 2582 2578 2584 2618 2584 2615 2621 2622 2620 2623 2604 2620 2617 2583 2581 2604 2581 2588 2623 2619 2620 2622 2621 2585 2584 2606 2607 2615 2624 2623 2625 2585 2588 2582 2598 2585 2621 2581 2623 2620 2588 2589 2625 2622 2623 2624 2621 2607 2598 2615 2607 2621 2589 2592 2625 2598 2589 2585 2626 2598 2607 2588 2625 2623 2589 2594 2592 2624 2625 2627 2577 2626 2607 2586 2587 2590 2628 2594 2626 2626 2594 2598 2628 2626 2575 2592 2627 2625 2594 2628 2593 2602 2627 2592 2577 2606 2576 2587 2606 2629 2628 2575 2630 2577 2575 2626 2575 2586 2630 2593 2628 2596 2628 2630 2596 2597 2602 2593 2606 2587 2576 2629 2590 2587 2591 2631 2630 2576 2586 2575 2591 2630 2586 2596 2597 2593 2630 2631 2596 2595 2596 2631 2632 2634 2633 2635 2634 2636 2637 2636 2634 2638 2640 2639 2640 2638 2641 2638 2639 2642 2632 2643 2637 2644 2633 2634 2633 2645 2632 2646 2645 2647 2635 2644 2634 2648 2633 2644 2644 2649 2648 2649 2642 2639 2640 2633 2648 2637 2634 2632 2633 2640 2645 2646 2643 2632 2648 2639 2640 2649 2639 2648 2641 2650 2640 2645 2646 2632 2640 2650 2645 2647 2645 2650 2651 2653 2652 2654 2655 2652 2653 2654 2652 2653 2651 2656 2657 2656 2651 2658 2657 2659 2657 2658 2656 2658 2659 2660 2661 2663 2662 2664 2666 2665 2663 2667 2662 2662 2668 2661 2668 2669 2661 2665 2669 2668 2666 2670 2665 2665 2670 2669 2671 2673 2672 2674 2676 2675 2677 2679 2678 2680 2682 2681 2683 2685 2684 2686 2688 2687 2683 2684 2689 2690 2691 2684 2692 2693 2679 2678 2694 2677 2695 2692 2671 2691 2696 2687 2675 2698 2697 2699 2701 2700 2702 2703 2676 2698 2672 2704 2705 2703 2706 2707 2682 2680 2708 2709 2702 2710 2682 2705 2681 2682 2710 2706 2703 2709 2710 2705 2706 2705 2711 2676 2702 2709 2703 2707 2711 2682 2712 2713 2680 2705 2676 2703 2682 2711 2705 2711 2701 2675 2702 2676 2674 2707 2700 2701 2680 2700 2707 2711 2675 2676 2707 2701 2711 2701 2699 2698 2674 2675 2697 2700 2713 2699 2680 2713 2700 2713 2712 2714 2701 2698 2675 2699 2715 2672 2697 2698 2704 2714 2715 2713 2686 2712 2688 2699 2672 2698 2713 2715 2699 2715 2695 2671 2704 2672 2673 2714 2686 2695 2712 2686 2714 2715 2671 2672 2714 2695 2715 2695 2693 2692 2673 2671 2716 2687 2693 2686 2688 2689 2684 2692 2716 2671 2686 2693 2695 2693 2696 2679 2717 2716 2692 2687 2688 2691 2679 2696 2678 2679 2717 2692 2687 2696 2693 2696 2690 2678 2677 2717 2679 2688 2684 2691 2691 2690 2696 2685 2718 2690 2684 2685 2690 2694 2678 2718 2690 2718 2678 2719 2721 2720 2722 2724 2723 2725 2727 2726 2728 2722 2729 2730 2732 2731 2733 2735 2734 2736 2738 2737 2739 2741 2740 2742 2744 2743 2745 2746 2744 2742 2745 2744 2720 2721 2742 2719 2748 2747 2743 2750 2749 2751 2752 2739 2753 2747 2748 2754 2756 2755 2729 2723 2752 2757 2723 2724 2725 2726 2758 2726 2727 2737 2755 2741 2746 2719 2747 2721 2759 2747 2753 2720 2742 2749 2754 2721 2747 2743 2761 2760 2750 2743 2760 2749 2742 2743 2759 2754 2747 2762 2763 2753 2742 2721 2745 2754 2745 2721 2759 2756 2754 2764 2761 2744 2755 2746 2745 2761 2743 2744 2759 2763 2756 2753 2763 2759 2765 2763 2762 2756 2763 2766 2767 2764 2746 2754 2755 2745 2755 2740 2741 2764 2744 2746 2765 2766 2763 2730 2731 2762 2755 2756 2740 2766 2740 2756 2765 2768 2766 2741 2769 2767 2740 2751 2739 2767 2746 2741 2765 2731 2768 2762 2731 2765 2740 2766 2751 2768 2751 2766 2731 2728 2768 2741 2739 2769 2751 2729 2752 2770 2769 2739 2732 2728 2731 2771 2738 2730 2751 2768 2729 2728 2729 2768 2728 2732 2772 2773 2770 2752 2729 2722 2723 2770 2739 2752 2732 2738 2772 2730 2738 2732 2774 2722 2772 2772 2722 2728 2736 2774 2772 2723 2757 2773 2774 2724 2722 2773 2752 2723 2738 2771 2737 2727 2725 2775 2774 2736 2776 2738 2736 2772 2736 2727 2776 2734 2724 2774 2774 2776 2734 2735 2757 2724 2737 2771 2726 2758 2726 2771 2775 2777 2776 2737 2727 2736 2775 2776 2727 2733 2734 2777 2777 2734 2776 2735 2724 2734 2778 2780 2779 2781 2782 2779 2780 2781 2779 2780 2778 2783 2784 2783 2778 2785 2784 2786 2784 2785 2783 2785 2786 2787 2788 2790 2789 2790 2791 2789 2791 2792 2789 2788 2793 2790 2792 2791 2794 2795 2794 2796 2794 2795 2792 2795 2796 2797 2798 2800 2799 2801 2803 2802 2798 2804 2800 2801 2805 2803 2800 2806 2799 2803 2807 2802 2808 2807 2809 2806 2811 2810 2812 2814 2813 2815 2814 2801 2813 2814 2815 2810 2812 2806 2805 2809 2803 2815 2801 2802 2801 2811 2805 2809 2807 2803 2814 2810 2811 2812 2810 2814 2805 2804 2816 2814 2811 2801 2804 2805 2811 2809 2805 2816 2804 2811 2800 2806 2800 2811 2817 2819 2818 2820 2822 2821 2823 2825 2824 2826 2827 2821 2828 2829 2821 2830 2831 2826 2832 2834 2833 2835 2836 2830 2836 2837 2831 2819 2817 2838 2839 2841 2840 2842 2844 2843 2842 2817 2818 2840 2841 2838 2845 2847 2846 2847 2818 2819 2848 2850 2849 2825 2852 2851 2853 2848 2823 2852 2825 2854 2855 2836 2835 2838 2841 2819 2841 2839 2856 2844 2858 2857 2846 2819 2841 2847 2858 2818 2843 2844 2857 2842 2818 2844 2856 2846 2841 2859 2837 2839 2860 2858 2861 2846 2847 2819 2855 2846 2856 2818 2858 2844 2847 2845 2861 2857 2858 2860 2856 2862 2855 2839 2862 2856 2863 2861 2864 2855 2845 2846 2836 2855 2862 2847 2861 2858 2845 2835 2864 2860 2861 2863 2862 2837 2836 2839 2837 2862 2837 2859 2865 2866 2864 2867 2845 2864 2861 2855 2835 2845 2835 2830 2867 2863 2864 2866 2865 2831 2837 2849 2850 2859 2868 2867 2869 2831 2830 2836 2827 2831 2865 2835 2867 2864 2830 2826 2869 2866 2867 2868 2865 2850 2827 2859 2850 2865 2826 2822 2869 2827 2826 2831 2828 2827 2850 2830 2869 2867 2826 2821 2822 2868 2869 2870 2848 2828 2850 2849 2854 2825 2834 2820 2833 2828 2821 2827 2853 2829 2828 2822 2870 2869 2821 2829 2820 2871 2870 2822 2848 2849 2823 2829 2853 2872 2820 2829 2833 2848 2853 2828 2824 2872 2853 2820 2871 2822 2829 2872 2833 2834 2871 2820 2849 2825 2823 2823 2824 2853 2851 2873 2824 2825 2851 2824 2873 2874 2872 2824 2873 2872 2832 2833 2874 2872 2874 2833 2875 2877 2876 2876 2878 2875 2879 2877 2875 2880 2877 2879 2881 2880 2879 2882 2881 2883 2881 2882 2880 2882 2883 2884 2885 2887 2886 2888 2890 2889 2891 2893 2892 2893 2885 2892 2894 2893 2891 2886 2892 2885 2886 2887 2895 2895 2889 2896 2889 2895 2887 2896 2889 2890 2897 2899 2898 2900 2902 2901 2903 2905 2904 2906 2908 2907 2909 2911 2910 2912 2914 2913 2898 2916 2915 2917 2911 2909 2910 2899 2909 2918 2920 2919 2919 2921 2910 2899 2921 2916 2918 2904 2922 2923 2925 2924 2926 2914 2927 2913 2905 2928 2929 2931 2930 2907 2932 2906 2930 2926 2933 2929 2934 2906 2908 2906 2934 2930 2931 2926 2929 2906 2931 2926 2931 2935 2933 2926 2927 2906 2932 2931 2907 2936 2900 2926 2935 2914 2931 2932 2935 2914 2935 2901 2927 2914 2912 2935 2932 2937 2907 2937 2932 2914 2901 2913 2935 2937 2901 2913 2901 2902 2912 2913 2928 2901 2937 2900 2907 2900 2937 2900 2936 2938 2913 2902 2905 2905 2902 2939 2928 2905 2903 2900 2938 2902 2923 2936 2925 2905 2939 2904 2902 2938 2939 2904 2939 2922 2903 2904 2940 2939 2938 2923 2936 2923 2938 2918 2940 2904 2939 2923 2922 2918 2922 2920 2941 2940 2918 2923 2924 2922 2925 2915 2916 2919 2941 2918 2922 2924 2920 2920 2942 2921 2943 2941 2919 2924 2925 2942 2920 2924 2942 2919 2910 2943 2920 2921 2919 2910 2921 2899 2911 2943 2910 2925 2916 2942 2921 2942 2916 2909 2897 2944 2898 2899 2916 2917 2909 2944 2897 2909 2899 2945 2947 2946 2948 2947 2949 2950 2951 2948 2952 2954 2953 2955 2950 2956 2953 2957 2952 2946 2947 2951 2951 2958 2946 2959 2960 2946 2961 2963 2962 2959 2958 2963 2949 2947 2945 2964 2954 2952 2965 2963 2966 2950 2955 2951 2947 2948 2951 2946 2958 2959 2960 2945 2946 2967 2951 2955 2956 2957 2953 2966 2954 2964 2951 2967 2958 2955 2954 2967 2967 2966 2958 2961 2960 2959 2955 2953 2954 2953 2955 2956 2966 2964 2965 2967 2954 2966 2963 2965 2968 2958 2966 2963 2962 2963 2968 2961 2959 2963 2969 2971 2970 2972 2970 2971 2973 2970 2972 2974 2971 2969 2975 2974 2969 2976 2975 2977 2975 2976 2974 2976 2977 2978 2979 2981 2980 2980 2982 2979 2983 2982 2980 2982 2983 2984 2985 2984 2983 2986 2985 2987 2985 2986 2984 2986 2987 2988 2989 2991 2990 2992 2994 2993 2995 2997 2996 2998 2999 2995 2992 2993 3000 3001 2989 3002 3003 3005 3004 3005 3003 3006 3007 3001 3004 3008 3010 3009 3009 3012 3011 3013 3009 3014 3008 3016 3015 2991 3007 3012 3017 3019 3018 3019 3020 2990 2997 2995 2999 3021 3022 2994 3023 3025 3024 3026 3027 3025 3023 3029 3028 3024 3025 3027 3026 2993 3027 3000 2993 3026 2994 3022 2993 3030 3029 2996 2998 3027 3022 2998 2995 3024 3028 3029 3030 3023 3024 3029 2993 3022 3027 3031 3021 2994 3032 3033 2996 3027 2998 3024 3034 3036 3035 3024 2995 3029 3030 2996 3033 3029 2995 2996 2998 3021 2999 3022 3021 2998 3031 3037 3021 3018 2997 3038 3037 3038 2999 3032 3040 3039 3033 3032 3039 2996 2997 3032 3021 3037 2999 3035 3036 3031 3041 3042 3040 2999 3038 2997 3036 3017 3038 2997 3018 3032 3039 3040 3042 3032 3018 3040 3038 3037 3036 3031 3036 3037 3043 3044 3041 3038 3017 3018 3020 3017 3034 3018 3019 3040 3042 3041 3044 3040 3019 3041 3036 3034 3017 3045 3002 3035 3013 3046 3043 3017 3020 3019 3002 2989 3020 3019 2990 3041 3044 3043 3046 3041 2990 3043 3020 3034 3002 3035 3002 3034 2991 3012 3013 3020 2989 2990 2989 3007 2991 2990 2991 3043 3046 3013 3014 3043 2991 3013 3002 3045 3001 3004 3045 3047 3011 3012 3005 2989 3001 3007 3012 3007 3005 3008 3009 3011 3014 3009 3010 3013 3012 3009 3045 3004 3001 3047 3003 3004 3005 3006 3011 3007 3004 3005 3006 3048 3011 3016 3008 3048 3048 3008 3011 3010 3008 3015 3049 3051 3050 3052 3054 3053 3055 3057 3056 3052 3056 3058 3059 3061 3060 3062 3064 3063 3065 3067 3066 3068 3070 3069 3071 3073 3072 3074 3076 3075 3077 3079 3078 3075 3076 3080 3050 3051 3075 3049 3082 3081 3076 3083 3080 3084 3085 3074 3086 3081 3082 3068 3088 3087 3063 3054 3089 3087 3059 3090 3091 3062 3092 3062 3091 3093 3070 3085 3094 3049 3081 3051 3095 3081 3086 3050 3075 3080 3081 3096 3051 3076 3097 3083 3074 3075 3084 3098 3097 3076 3095 3096 3081 3077 3078 3086 3075 3051 3084 3096 3084 3051 3099 3096 3095 3076 3074 3098 3085 3084 3094 3100 3098 3074 3095 3078 3099 3086 3078 3095 3084 3096 3094 3099 3094 3096 3078 3101 3099 3074 3085 3100 3094 3069 3070 3102 3100 3085 3079 3101 3078 3071 3072 3077 3094 3099 3069 3101 3069 3099 3079 3103 3101 3070 3102 3085 3069 3088 3068 3104 3102 3070 3079 3072 3103 3077 3072 3079 3069 3101 3088 3103 3088 3101 3072 3057 3103 3068 3104 3070 3088 3055 3087 3105 3104 3068 3073 3057 3072 3106 3089 3071 3088 3103 3055 3057 3055 3103 3058 3057 3073 3087 3105 3068 3055 3056 3059 3090 3105 3087 3073 3089 3058 3071 3089 3073 3067 3061 3066 3058 3056 3057 3058 3054 3052 3059 3060 3090 3061 3056 3052 3055 3059 3087 3089 3106 3063 3062 3106 3092 3061 3052 3066 3089 3054 3058 3064 3053 3054 3060 3061 3067 3052 3053 3066 3056 3061 3059 3063 3106 3062 3063 3064 3054 3093 3107 3064 3062 3093 3064 3107 3108 3053 3064 3107 3053 3065 3066 3108 3053 3108 3066 3109 3111 3110 3112 3110 3111 3111 3113 3112 3114 3112 3113 3110 3115 3109 3116 3109 3115 3116 3118 3117 3118 3116 3115 3118 3119 3117 3117 3119 3120 3121 3123 3122 3124 3126 3125 3121 3122 3124 3124 3125 3121 3126 3127 3125 3128 3122 3123 3128 3130 3129 3130 3128 3123 3130 3131 3129 3129 3131 3132 3133 3135 3134 3133 3137 3136 3138 3140 3139 3141 3138 3142 3133 3136 3135 3143 3136 3137 3144 3143 3145 3146 3148 3147 3134 3149 3146 3146 3150 3148 3150 3146 3149 3151 3153 3152 3141 3133 3134 3149 3134 3135 3146 3147 3134 3137 3141 3142 3145 3143 3137 3148 3152 3147 3140 3141 3147 3134 3147 3141 3147 3152 3153 3141 3137 3133 3137 3142 3145 3151 3139 3140 3147 3153 3140 3140 3153 3151 3138 3141 3140 3154 3156 3155 3157 3159 3158 3160 3161 3157 3162 3164 3163 3165 3167 3166 3168 3170 3169 3163 3160 3162 3168 3172 3171 3173 3175 3174 3176 3178 3177 3177 3178 3179 3180 3182 3181 3154 3155 3180 3176 3156 3154 3183 3185 3184 3186 3182 3155 3187 3170 3164 3177 3179 3188 3186 3171 3189 3174 3191 3190 3192 3193 3191 3192 3194 3193 3195 3197 3196 3176 3177 3156 3188 3198 3177 3155 3182 3180 3198 3199 3156 3199 3186 3155 3181 3182 3200 3200 3182 3189 3177 3198 3156 3195 3196 3188 3186 3201 3171 3156 3199 3155 3196 3201 3199 3189 3172 3202 3200 3189 3202 3182 3186 3189 3199 3198 3196 3188 3196 3198 3203 3172 3169 3199 3201 3186 3204 3201 3197 3204 3168 3171 3202 3172 3203 3189 3171 3172 3196 3197 3201 3183 3184 3195 3205 3203 3169 3201 3204 3171 3206 3204 3184 3172 3168 3169 3168 3206 3170 3205 3169 3187 3204 3197 3184 3195 3184 3197 3170 3187 3169 3204 3206 3168 3185 3207 3206 3170 3207 3164 3205 3187 3208 3208 3187 3162 3184 3185 3206 3175 3173 3183 3209 3208 3162 3206 3207 3170 3210 3207 3173 3187 3164 3162 3164 3210 3163 3209 3162 3160 3207 3185 3173 3183 3173 3185 3163 3161 3160 3207 3210 3164 3174 3190 3210 3190 3161 3163 3209 3160 3158 3158 3160 3157 3173 3174 3210 3191 3175 3211 3193 3212 3161 3210 3190 3163 3161 3190 3193 3165 3157 3212 3157 3161 3212 3159 3157 3165 3175 3191 3174 3211 3192 3191 3193 3194 3212 3190 3191 3193 3194 3213 3212 3167 3165 3213 3213 3165 3212 3159 3165 3166 3214 3216 3215 3217 3218 3214 3216 3214 3218 3217 3219 3218 3220 3219 3217 3221 3220 3222 3220 3221 3219 3221 3222 3223 3224 3226 3225 3227 3229 3228 3230 3232 3231 3233 3230 3234 3235 3237 3236 3238 3226 3239 3240 3242 3241 3243 3245 3244 3243 3244 3246 3247 3224 3248 3249 3251 3250 3225 3253 3252 3254 3229 3227 3228 3255 3235 3230 3256 3234 3257 3254 3258 3259 3258 3260 3258 3259 3261 3260 3263 3262 3264 3234 3261 3233 3234 3264 3263 3266 3265 3264 3261 3259 3256 3257 3261 3258 3254 3263 3262 3263 3265 3260 3258 3263 3234 3256 3261 3230 3267 3232 3268 3266 3269 3261 3257 3258 3229 3257 3231 3263 3254 3266 3266 3254 3227 3265 3266 3268 3257 3256 3231 3230 3231 3256 3270 3269 3271 3257 3229 3254 3253 3244 3272 3266 3227 3269 3269 3227 3236 3268 3269 3270 3229 3231 3232 3229 3232 3228 3267 3255 3232 3273 3271 3274 3269 3236 3271 3227 3228 3236 3271 3236 3237 3270 3271 3273 3232 3255 3228 3247 3248 3267 3274 3252 3272 3228 3235 3236 3275 3235 3248 3271 3237 3274 3274 3237 3252 3273 3274 3276 3235 3255 3248 3267 3248 3255 3252 3237 3275 3235 3275 3237 3224 3225 3275 3272 3276 3274 3272 3252 3253 3277 3276 3272 3248 3224 3275 3241 3239 3240 3246 3253 3238 3275 3225 3252 3225 3238 3253 3244 3277 3272 3253 3246 3244 3245 3277 3244 3224 3247 3226 3239 3247 3278 3279 3246 3241 3225 3226 3238 3246 3238 3241 3243 3279 3249 3243 3246 3279 3250 3245 3243 3247 3239 3226 3278 3240 3239 3241 3242 3279 3238 3239 3241 3242 3280 3279 3249 3250 3243 3279 3280 3249 3251 3249 3280 3281 3283 3282 3281 3282 3284 3285 3286 3283 3281 3285 3283 3284 3282 3287 3288 3287 3289 3287 3288 3284 3288 3289 3290 3291 3293 3292 3294 3295 3292 3293 3294 3292 3293 3291 3296 3297 3296 3291 3298 3297 3299 3297 3298 3296 3298 3299 3300 3301 3303 3302 3304 3306 3305 3307 3309 3308 3310 3312 3311 3306 3314 3313 3315 3317 3316 3318 3320 3319 3312 3304 3311 3321 3323 3322 3324 3326 3325 3327 3328 3301 3303 3321 3322 3323 3330 3329 3314 3331 3325 3332 3329 3330 3326 3334 3333 3335 3336 3315 3316 3337 3309 3335 3315 3338 3333 3339 3302 3323 3329 3322 3332 3340 3329 3321 3303 3328 3322 3341 3302 3301 3328 3303 3340 3341 3329 3342 3343 3332 3322 3302 3303 3329 3341 3322 3341 3318 3333 3301 3302 3339 3340 3320 3318 3332 3320 3340 3341 3333 3302 3340 3318 3341 3318 3319 3326 3339 3333 3334 3320 3343 3319 3332 3343 3320 3342 3344 3343 3318 3326 3333 3319 3345 3325 3334 3326 3324 3344 3345 3343 3308 3342 3307 3319 3325 3326 3343 3345 3319 3345 3313 3314 3324 3325 3331 3344 3308 3313 3342 3308 3344 3345 3314 3325 3344 3313 3345 3313 3305 3306 3331 3314 3346 3309 3305 3308 3307 3338 3315 3306 3346 3314 3308 3305 3313 3305 3337 3304 3347 3346 3306 3309 3307 3316 3304 3337 3311 3304 3347 3306 3309 3337 3305 3337 3317 3311 3312 3347 3304 3307 3315 3316 3316 3317 3337 3336 3348 3317 3315 3336 3317 3310 3311 3348 3317 3348 3311 3349 3351 3350 3352 3354 3353 3349 3355 3351 3352 3356 3354 3351 3357 3350 3354 3358 3353 3359 3358 3360 3357 3362 3361 3363 3365 3364 3366 3365 3352 3364 3365 3366 3361 3363 3357 3356 3360 3354 3366 3352 3353 3352 3362 3356 3360 3358 3354 3365 3361 3362 3363 3361 3365 3356 3355 3367 3365 3362 3352 3355 3356 3362 3360 3356 3367 3355 3362 3351 3357 3351 3362 3368 3370 3369 3371 3372 3368 3373 3369 3370 3369 3371 3368 3372 3371 3374 3375 3374 3376 3374 3375 3372 3375 3376 3377 3378 3380 3379 3381 3383 3382 3378 3379 3382 3381 3382 3379 3378 3384 3380 3385 3384 3386 3384 3385 3380 3385 3386 3387 3388 3390 3389 3391 3390 3392 3393 3392 3390 3394 3396 3395 3394 3397 3396 3398 3396 3399 3388 3400 3393 3401 3389 3390 3389 3402 3388 3403 3405 3404 3391 3401 3390 3397 3389 3401 3401 3406 3397 3406 3399 3396 3394 3389 3397 3393 3390 3388 3389 3394 3402 3405 3400 3388 3406 3396 3397 3398 3395 3396 3395 3404 3394 3402 3405 3388 3394 3404 3402 3404 3405 3402 3407 3409 3408 3410 3412 3411 3413 3415 3414 3413 3417 3416 3418 3419 3410 3420 3422 3421 3423 3425 3424 3426 3428 3427 3429 3431 3430 3432 3431 3429 3433 3435 3434 3436 3438 3437 3435 3433 3431 3423 3427 3425 3439 3419 3407 3414 3417 3413 3440 3441 3412 3442 3441 3443 3441 3442 3444 3443 3440 3445 3446 3417 3444 3416 3417 3446 3440 3448 3447 3446 3444 3442 3411 3444 3414 3411 3412 3441 3445 3440 3447 3443 3441 3440 3417 3414 3444 3449 3415 3413 3450 3448 3451 3444 3411 3441 3422 3420 3452 3412 3439 3448 3447 3448 3450 3440 3412 3448 3411 3415 3410 3414 3415 3411 3449 3418 3415 3453 3451 3408 3448 3439 3451 3412 3410 3439 3451 3439 3407 3450 3451 3453 3415 3418 3410 3422 3452 3449 3454 3408 3455 3410 3419 3439 3456 3419 3452 3451 3407 3408 3407 3456 3409 3453 3408 3454 3419 3418 3452 3449 3452 3418 3455 3434 3435 3419 3456 3407 3456 3420 3457 3457 3434 3409 3454 3455 3458 3408 3409 3455 3452 3420 3456 3459 3421 3422 3409 3434 3455 3456 3457 3409 3421 3460 3457 3455 3435 3458 3434 3460 3433 3461 3458 3435 3457 3420 3421 3457 3460 3434 3421 3459 3428 3433 3430 3431 3460 3426 3433 3435 3431 3461 3426 3430 3433 3432 3461 3431 3421 3428 3460 3427 3459 3462 3463 3430 3423 3460 3428 3426 3430 3426 3423 3436 3429 3463 3429 3430 3463 3437 3432 3429 3459 3427 3428 3462 3425 3427 3423 3424 3463 3426 3427 3423 3424 3464 3463 3436 3437 3429 3463 3464 3436 3438 3436 3464 3465 3467 3466 3468 3469 3465 3467 3465 3469 3468 3470 3469 3471 3470 3468 3472 3471 3473 3471 3472 3470 3472 3473 3474 3475 3477 3476 3478 3480 3479 3480 3476 3479 3475 3476 3480 3477 3475 3481 3482 3481 3483 3481 3482 3477 3482 3483 3484 3485 3487 3486 3488 3490 3489 3491 3493 3492 3494 3496 3495 3497 3492 3498 3499 3501 3500 3502 3504 3503 3501 3493 3500 3485 3506 3505 3507 3509 3508 3510 3505 3511 3506 3485 3486 3487 3513 3512 3514 3515 3504 3515 3512 3513 3508 3517 3516 3518 3519 3488 3489 3520 3496 3518 3488 3521 3516 3523 3522 3487 3512 3486 3512 3515 3524 3522 3511 3506 3486 3525 3522 3511 3505 3506 3524 3525 3512 3503 3504 3515 3486 3522 3506 3512 3525 3486 3525 3526 3516 3511 3522 3523 3524 3514 3526 3515 3514 3524 3525 3516 3522 3524 3526 3525 3526 3527 3508 3523 3516 3517 3504 3527 3514 3507 3498 3528 3526 3508 3516 3514 3527 3526 3527 3529 3507 3517 3508 3509 3502 3529 3504 3495 3503 3494 3527 3507 3508 3504 3529 3527 3529 3497 3498 3509 3507 3528 3502 3495 3497 3503 3495 3502 3529 3498 3507 3502 3497 3529 3497 3491 3492 3528 3498 3530 3496 3491 3495 3494 3521 3488 3492 3530 3498 3495 3491 3497 3491 3520 3493 3531 3530 3492 3496 3494 3489 3493 3520 3500 3493 3531 3492 3496 3520 3491 3520 3490 3500 3501 3531 3493 3494 3488 3489 3489 3490 3520 3519 3532 3490 3488 3519 3490 3499 3500 3532 3490 3532 3500 3533 3535 3534 3536 3538 3537 3539 3541 3540 3542 3537 3538 3543 3545 3544 3546 3548 3547 3549 3551 3550 3533 3534 3552 3553 3535 3533 3548 3555 3554 3541 3557 3556 3554 3556 3558 3559 3561 3560 3562 3560 3561 3563 3564 3542 3540 3566 3565 3567 3569 3568 3570 3572 3571 3573 3575 3574 3536 3568 3569 3576 3574 3577 3575 3573 3567 3567 3570 3575 3537 3568 3536 3542 3564 3537 3543 3568 3537 3574 3575 3577 3569 3567 3573 3570 3567 3572 3578 3577 3575 3564 3543 3537 3579 3563 3542 3567 3568 3572 3543 3572 3568 3564 3545 3543 3570 3580 3578 3572 3544 3571 3578 3575 3570 3564 3563 3545 3566 3571 3544 3579 3581 3563 3582 3545 3563 3571 3583 3580 3543 3544 3572 3544 3565 3566 3580 3570 3571 3581 3582 3563 3561 3559 3579 3544 3545 3565 3582 3565 3545 3581 3584 3582 3571 3566 3583 3565 3539 3540 3585 3583 3566 3581 3559 3584 3579 3559 3581 3565 3582 3539 3584 3539 3582 3586 3584 3559 3540 3585 3566 3541 3539 3557 3587 3585 3540 3560 3586 3559 3588 3562 3561 3539 3584 3557 3586 3557 3584 3550 3586 3560 3540 3541 3587 3557 3558 3556 3589 3587 3541 3560 3562 3550 3550 3558 3586 3562 3553 3549 3558 3550 3551 3556 3589 3541 3586 3558 3557 3558 3551 3554 3555 3589 3556 3562 3588 3553 3535 3588 3590 3551 3549 3591 3562 3549 3550 3549 3533 3591 3554 3551 3547 3591 3547 3551 3555 3556 3554 3588 3535 3553 3590 3534 3535 3552 3592 3591 3553 3533 3549 3552 3591 3533 3547 3548 3554 3591 3592 3547 3546 3547 3592 3593 3595 3594 3596 3597 3593 3595 3593 3597 3596 3598 3597 3599 3598 3596 3600 3599 3601 3599 3600 3598 3600 3601 3602 3603 3605 3604 3606 3605 3607 3605 3606 3604 3604 3608 3603 3609 3606 3607 3610 3603 3608 3610 3612 3611 3612 3610 3608 3612 3613 3611 3611 3613 3614 3615 3617 3616 3618 3620 3619 3621 3619 3620 3621 3622 3619 3623 3622 3624 3625 3627 3626 3622 3621 3624 3623 3628 3617 3617 3628 3616 3624 3628 3623 3629 3631 3630 3632 3629 3633 3629 3632 3631 3617 3631 3632 3634 3622 3623 3623 3632 3634 3619 3622 3626 3622 3634 3626 3627 3618 3619 3617 3615 3631 3630 3631 3615 3633 3635 3634 3617 3632 3623 3633 3634 3632 3626 3627 3619 3634 3635 3626 3625 3626 3635 3636 3638 3637 3639 3638 3640 3641 3643 3642 3636 3644 3640 3637 3645 3636 3640 3638 3636 3639 3640 3646 3647 3645 3637 3645 3647 3648 3649 3650 3648 3648 3651 3649 3651 3648 3647 3645 3648 3650 3636 3645 3652 3650 3652 3645 3644 3653 3640 3636 3652 3644 3646 3640 3653 3649 3654 3650 3654 3655 3650 3652 3650 3642 3644 3643 3656 3643 3644 3652 3653 3644 3656 3641 3642 3655 3642 3650 3655 3643 3652 3642 3657 3659 3658 3660 3662 3661 3663 3665 3664 3666 3665 3661 3662 3666 3661 3665 3663 3667 3668 3660 3661 3663 3658 3659 3657 3669 3659 3664 3658 3663 3670 3671 3669 3669 3671 3659 3672 3659 3671 3659 3672 3663 3667 3663 3672 3673 3665 3667 3666 3664 3665 3665 3673 3661 3668 3661 3673 3674 3676 3675 3677 3678 3675 3676 3677 3675 3676 3674 3679 3680 3679 3674 3681 3680 3682 3680 3681 3679 3681 3682 3683 3684 3686 3685 3687 3689 3688 3690 3692 3691 3693 3695 3694 3696 3697 3692 3686 3698 3685 3694 3699 3696 3698 3686 3700 3685 3702 3701 3703 3704 3700 3702 3705 3701 3706 3707 3705 3708 3707 3706 3691 3697 3684 3687 3710 3709 3711 3713 3712 3713 3711 3714 3709 3713 3715 3705 3707 3701 3716 3707 3708 3701 3707 3690 3717 3703 3686 3702 3685 3698 3691 3684 3685 3703 3700 3686 3716 3690 3707 3718 3710 3708 3685 3701 3691 3690 3691 3701 3719 3690 3716 3684 3717 3686 3691 3692 3697 3720 3717 3684 3716 3710 3719 3708 3710 3716 3719 3688 3692 3719 3692 3690 3688 3719 3687 3699 3720 3697 3688 3696 3692 3720 3684 3697 3710 3718 3709 3713 3718 3712 3721 3695 3693 3710 3687 3719 3687 3715 3689 3693 3696 3688 3689 3693 3688 3699 3697 3696 3709 3718 3713 3709 3715 3687 3714 3722 3715 3713 3714 3715 3722 3721 3689 3715 3722 3689 3721 3693 3689 3694 3696 3693 3723 3725 3724 3726 3728 3727 3729 3731 3730 3732 3734 3733 3735 3736 3728 3732 3738 3737 3739 3741 3740 3740 3741 3742 3730 3739 3743 3744 3746 3745 3747 3748 3744 3749 3747 3745 3750 3752 3751 3753 3723 3754 3755 3738 3756 3757 3756 3724 3758 3732 3759 3760 3762 3761 3727 3758 3763 3728 3736 3764 3765 3759 3766 3758 3765 3763 3726 3767 3728 3735 3728 3767 3759 3737 3768 3726 3727 3763 3734 3727 3764 3734 3732 3758 3766 3759 3768 3765 3758 3759 3728 3764 3727 3769 3770 3736 3771 3768 3737 3727 3734 3758 3733 3734 3770 3759 3732 3737 3732 3733 3738 3771 3737 3755 3734 3764 3770 3736 3770 3764 3769 3772 3770 3738 3773 3756 3772 3773 3733 3755 3757 3774 3771 3755 3774 3737 3738 3755 3770 3772 3733 3760 3761 3769 3775 3757 3725 3733 3773 3738 3776 3773 3761 3776 3724 3756 3774 3757 3775 3755 3756 3757 3773 3772 3761 3769 3761 3772 3724 3725 3757 3773 3776 3756 3762 3777 3776 3724 3777 3723 3778 3725 3753 3725 3778 3775 3761 3762 3776 3731 3729 3760 3749 3753 3747 3776 3777 3724 3779 3777 3729 3779 3754 3723 3778 3753 3749 3725 3723 3753 3777 3762 3729 3760 3729 3762 3754 3748 3747 3777 3779 3723 3730 3743 3779 3753 3754 3747 3754 3743 3748 3745 3747 3744 3729 3730 3779 3739 3731 3780 3740 3781 3748 3779 3743 3754 3748 3743 3740 3744 3781 3750 3744 3748 3781 3746 3744 3750 3731 3739 3730 3780 3741 3739 3740 3742 3781 3743 3739 3740 3742 3782 3781 3751 3746 3750 3781 3782 3750 3752 3750 3782 3783 3785 3784 3785 3787 3786 3787 3785 3783 3788 3783 3784 3786 3787 3789 3790 3786 3789 3790 3792 3791 3792 3790 3789 3792 3793 3791 3791 3793 3794 3795 3797 3796 3798 3796 3797 3799 3796 3798 3800 3797 3795 3801 3800 3795 3802 3801 3803 3801 3802 3800 3802 3803 3804 3805 3807 3806 3808 3810 3809 3810 3805 3806 3809 3812 3811 3812 3809 3813 3814 3815 3807 3809 3811 3816 3815 3806 3807 3806 3815 3817 3818 3820 3819 3815 3814 3818 3821 3820 3822 3820 3818 3823 3816 3808 3809 3808 3805 3810 3808 3824 3805 3824 3825 3807 3826 3813 3810 3809 3810 3813 3824 3807 3805 3825 3827 3814 3817 3826 3806 3810 3806 3826 3825 3814 3807 3818 3829 3828 3814 3827 3829 3819 3817 3815 3829 3818 3814 3827 3828 3829 3823 3828 3822 3815 3818 3819 3820 3823 3822 3818 3828 3823 3830 3832 3831 3833 3835 3834 3832 3837 3836 3830 3838 3837 3839 3836 3840 3835 3831 3841 3842 3835 3843 3844 3846 3845 3847 3846 3833 3845 3846 3847 3838 3844 3848 3834 3835 3842 3847 3833 3834 3833 3830 3831 3843 3835 3841 3846 3838 3830 3844 3838 3846 3833 3831 3835 3846 3830 3833 3830 3837 3832 3841 3831 3849 3837 3838 3848 3848 3850 3837 3836 3837 3850 3832 3849 3831 3839 3849 3832 3839 3832 3836 3851 3853 3852 3851 3854 3853 3852 3855 3851 3856 3853 3854 3857 3856 3854 3858 3857 3859 3857 3858 3856 3858 3859 3860 3861 3863 3862 3864 3865 3862 3866 3863 3861 3864 3867 3865 3865 3861 3862 3866 3868 3863 3868 3870 3869 3870 3868 3866 3870 3871 3869 3869 3871 3872 3873 3875 3874 3876 3875 3873 3876 3878 3877 3879 3881 3880 3882 3884 3883 3885 3887 3886 3877 3878 3882 3888 3890 3889 3891 3893 3892 3894 3889 3890 3895 3896 3889 3897 3899 3898 3890 3888 3899 3900 3892 3894 3901 3902 3897 3903 3902 3881 3881 3902 3904 3903 3897 3902 3898 3904 3901 3904 3902 3901 3898 3901 3897 3899 3897 3900 3900 3905 3891 3899 3894 3890 3906 3905 3874 3896 3895 3893 3889 3894 3895 3899 3900 3894 3906 3891 3905 3893 3895 3892 3894 3892 3895 3900 3897 3905 3906 3874 3875 3893 3891 3907 3900 3891 3892 3905 3897 3874 3873 3878 3876 3908 3907 3906 3891 3906 3907 3874 3897 3873 3887 3885 3877 3909 3908 3875 3906 3875 3908 3873 3897 3878 3879 3880 3884 3876 3877 3885 3875 3876 3909 3878 3897 3882 3881 3910 3880 3886 3909 3885 3909 3876 3885 3887 3877 3883 3887 3911 3886 3882 3897 3884 3903 3881 3879 3887 3910 3912 3882 3883 3877 3910 3887 3883 3911 3887 3912 3884 3897 3879 3897 3903 3879 3910 3883 3880 3884 3880 3883 3913 3915 3914 3916 3918 3917 3919 3921 3920 3922 3916 3917 3919 3920 3918 3917 3918 3920 3913 3914 3921 3919 3913 3921 3923 3925 3924 3926 3928 3927 3928 3930 3929 3931 3933 3932 3934 3936 3935 3937 3939 3938 3934 3935 3940 3927 3942 3941 3943 3944 3925 3945 3946 3940 3947 3949 3948 3950 3952 3951 3953 3955 3954 3955 3957 3956 3958 3953 3954 3959 3958 3954 3959 3961 3960 3960 3961 3962 3961 3959 3963 3962 3965 3964 3966 3968 3967 3969 3970 3966 3923 3972 3971 3973 3975 3974 3971 3976 3969 3977 3978 3943 3975 3946 3945 3931 3980 3979 3980 3938 3929 3981 3933 3982 3983 3932 3933 3949 3957 3955 3984 3967 3985 3961 3986 3965 3958 3959 3960 3959 3987 3963 3965 3962 3961 3954 3956 3987 3955 3956 3954 3984 3986 3963 3954 3987 3959 3987 3988 3984 3986 3961 3963 3957 3988 3956 3952 3948 3949 3987 3984 3963 3956 3988 3987 3988 3989 3967 3986 3984 3985 3957 3947 3989 3949 3947 3957 3988 3967 3984 3957 3989 3988 3989 3990 3966 3985 3967 3968 3948 3990 3947 3973 3951 3952 3989 3966 3967 3947 3990 3989 3990 3991 3969 3968 3966 3970 3948 3950 3991 3952 3950 3948 3990 3969 3966 3948 3991 3990 3991 3992 3971 3970 3969 3976 3951 3992 3950 3946 3975 3973 3991 3971 3969 3950 3992 3991 3992 3993 3923 3976 3971 3972 3951 3974 3993 3973 3974 3951 3992 3923 3971 3951 3993 3992 3993 3994 3925 3972 3923 3924 3975 3994 3974 3942 3977 3995 3993 3925 3923 3974 3994 3993 3994 3996 3943 3924 3925 3944 3945 3996 3975 3934 3940 3946 3994 3943 3925 3975 3996 3994 3996 3995 3977 3944 3943 3978 3940 3995 3945 3931 3932 3980 3996 3977 3943 3945 3995 3996 3995 3941 3942 3978 3977 3997 3935 3941 3940 3998 3936 3934 3942 3997 3977 3940 3941 3995 3941 3926 3927 3999 3997 3942 3936 3926 3935 4000 3931 3998 3927 3999 3942 3935 3926 3941 3926 3930 3928 4001 3999 3927 3936 3979 3930 3998 3979 3936 3928 4001 3927 3936 3930 3926 3930 3980 3929 4002 4001 3928 3998 3931 3979 4000 3982 3933 3929 4002 3928 3979 3980 3930 3980 3932 3938 3939 4002 3929 4000 3933 3931 3981 3983 3933 3983 4003 3932 3938 3939 3929 3932 4003 3938 3937 3938 4003 4004 4006 4005 4007 4009 4008 4010 4012 4011 4013 4015 4014 4016 4014 4015 4017 4019 4018 4006 4021 4020 4022 4024 4023 4025 4027 4026 4028 4030 4029 4031 4033 4032 4034 4036 4035 4037 4023 4024 4038 4040 4039 4027 4025 4023 4038 4039 4041 4042 4044 4043 4045 4031 4040 4016 4046 4014 4047 4021 4048 4043 4026 4027 4049 4051 4050 4052 4012 4004 4053 4054 4010 4054 4056 4055 4056 4053 4057 4054 4055 4058 4059 4014 4058 4013 4014 4059 4060 4053 4011 4059 4058 4055 4061 4058 4046 4061 4010 4054 4057 4053 4060 4056 4054 4053 4014 4046 4058 4007 4008 4016 4062 4011 4052 4058 4061 4054 4063 4061 4008 4063 4012 4010 4060 4011 4062 4053 4010 4011 4061 4046 4008 4016 4008 4046 4064 4052 4005 4061 4063 4010 4065 4063 4009 4065 4004 4012 4062 4052 4064 4011 4012 4052 4008 4009 4063 4051 4049 4007 4066 4005 4020 4063 4065 4012 4067 4065 4049 4067 4006 4004 4064 4005 4066 4052 4004 4005 4065 4009 4049 4007 4049 4009 4068 4020 4047 4065 4067 4004 4069 4067 4050 4069 4021 4006 4066 4020 4068 4005 4006 4020 4049 4050 4067 4019 4017 4051 4070 4047 4071 4067 4069 4006 4072 4069 4017 4072 4048 4021 4068 4047 4070 4020 4021 4047 4069 4050 4017 4051 4017 4050 4071 4073 4042 4069 4072 4021 4074 4072 4018 4074 4073 4048 4070 4071 4075 4047 4048 4071 4017 4018 4072 4038 4041 4019 4048 4073 4071 4072 4074 4048 4076 4074 4041 4071 4042 4075 4073 4076 4044 4077 4075 4042 4074 4018 4041 4019 4041 4018 4073 4044 4042 4074 4076 4073 4076 4039 4078 4042 4043 4077 4044 4078 4026 4079 4077 4043 4041 4039 4076 4045 4040 4038 4044 4026 4043 4076 4078 4044 4040 4080 4078 4043 4027 4079 4026 4080 4025 4081 4079 4027 4039 4040 4078 4028 4033 4030 4025 4022 4023 4078 4080 4026 4031 4032 4080 4027 4023 4081 4032 4022 4025 4037 4081 4023 4040 4031 4080 4033 4045 4082 4028 4083 4022 4080 4032 4025 4022 4032 4028 4035 4024 4083 4024 4022 4083 4036 4037 4024 4045 4033 4031 4082 4030 4033 4028 4029 4083 4032 4033 4028 4029 4084 4083 4035 4036 4024 4083 4084 4035 4034 4035 4084 4085 4087 4086 4088 4090 4089 4091 4093 4092 4093 4094 4092 4094 4085 4086 4092 4094 4086 4090 4088 4087 4085 4090 4087 4095 4097 4096 4098 4100 4099 4101 4103 4102 4104 4106 4105 4106 4104 4098 4099 4100 4102 4106 4098 4099 4101 4095 4103 4100 4101 4102 4096 4103 4095 4107 4109 4108 4110 4112 4111 4107 4114 4113 4115 4117 4116 4118 4120 4119 4117 4115 4121 4122 4123 4116 4116 4124 4115 4125 4117 4121 4126 4128 4127 4129 4130 4119 4131 4132 4118 4133 4135 4134 4130 4136 4118 4137 4138 4114 4139 4113 4140 4141 4142 4137 4129 4108 4143 4112 4110 4144 4142 4141 4145 4142 4147 4146 4145 4141 4148 4149 4112 4146 4111 4112 4149 4147 4142 4145 4149 4146 4147 4112 4140 4146 4141 4150 4148 4142 4138 4137 4151 4150 4141 4144 4140 4112 4152 4153 4110 4142 4146 4138 4140 4138 4146 4139 4140 4144 4137 4151 4141 4138 4113 4114 4154 4151 4137 4144 4153 4139 4110 4153 4144 4155 4153 4152 4139 4153 4156 4114 4154 4137 4140 4113 4138 4113 4109 4107 4157 4154 4114 4155 4156 4153 4133 4134 4152 4113 4139 4109 4156 4109 4139 4155 4158 4156 4107 4157 4114 4108 4109 4143 4159 4157 4107 4155 4134 4158 4152 4134 4155 4109 4156 4143 4158 4143 4156 4134 4136 4158 4107 4108 4159 4129 4143 4130 4160 4159 4108 4135 4136 4134 4161 4125 4133 4143 4158 4130 4136 4130 4158 4131 4136 4135 4129 4162 4160 4130 4118 4119 4160 4108 4129 4135 4125 4131 4133 4125 4135 4120 4132 4126 4131 4118 4136 4121 4132 4131 4119 4163 4162 4118 4132 4120 4162 4129 4119 4125 4161 4117 4161 4122 4116 4132 4121 4164 4125 4121 4131 4115 4164 4121 4120 4127 4163 4164 4126 4132 4163 4119 4120 4161 4116 4117 4123 4124 4116 4124 4165 4115 4115 4165 4164 4165 4166 4164 4128 4126 4166 4166 4126 4164 4127 4120 4126 4167 4169 4168 4170 4172 4171 4173 4175 4174 4174 4172 4170 4167 4177 4176 4178 4180 4179 4181 4183 4182 4184 4186 4185 4187 4184 4188 4189 4190 4185 4180 4192 4191 4193 4183 4190 4194 4193 4195 4196 4197 4195 4176 4199 4198 4200 4202 4201 4203 4204 4198 4179 4191 4205 4203 4199 4206 4198 4204 4172 4207 4199 4177 4171 4172 4204 4174 4175 4172 4175 4176 4198 4206 4199 4207 4203 4198 4199 4172 4175 4198 4202 4173 4174 4207 4177 4208 4176 4177 4199 4176 4173 4167 4208 4177 4168 4175 4173 4176 4202 4197 4201 4168 4210 4209 4177 4167 4168 4167 4200 4169 4208 4168 4209 4167 4173 4200 4202 4200 4173 4210 4179 4211 4168 4169 4210 4169 4201 4178 4209 4210 4211 4200 4201 4169 4197 4194 4195 4179 4210 4178 4169 4178 4210 4178 4196 4180 4211 4179 4205 4178 4201 4196 4197 4196 4201 4191 4179 4180 4191 4189 4212 4195 4192 4180 4205 4191 4212 4196 4195 4180 4181 4190 4183 4189 4185 4213 4191 4192 4189 4193 4190 4192 4212 4189 4213 4195 4193 4192 4183 4194 4214 4185 4181 4184 4192 4190 4189 4190 4181 4185 4213 4185 4186 4194 4183 4193 4214 4182 4183 4182 4215 4181 4187 4186 4184 4181 4215 4184 4188 4184 4215 4216 4218 4217 4216 4219 4218 4216 4220 4219 4220 4221 4219 4220 4222 4221 4221 4222 4223 4224 4226 4225 4227 4228 4225 4226 4227 4225 4226 4224 4229 4230 4229 4224 4231 4230 4232 4230 4231 4229 4231 4232 4233 4234 4236 4235 4237 4239 4238 4240 4242 4241 4243 4245 4244 4246 4248 4247 4238 4249 4246 4250 4247 4251 4252 4254 4253 4255 4257 4256 4258 4253 4259 4235 4236 4260 4236 4255 4256 4257 4261 4256 4262 4264 4263 4265 4250 4266 4235 4260 4265 4267 4268 4240 4244 4245 4239 4269 4241 4242 4241 4269 4270 4244 4271 4243 4255 4236 4262 4256 4261 4272 4234 4273 4264 4264 4262 4234 4262 4236 4234 4272 4260 4256 4261 4253 4258 4235 4274 4273 4256 4260 4236 4260 4275 4265 4273 4234 4235 4272 4258 4275 4261 4258 4272 4235 4265 4274 4272 4275 4260 4275 4276 4250 4266 4274 4265 4259 4276 4258 4277 4252 4253 4250 4251 4266 4258 4276 4275 4276 4278 4247 4275 4250 4265 4259 4254 4278 4253 4254 4259 4247 4248 4251 4259 4278 4276 4246 4278 4279 4276 4247 4250 4252 4279 4254 4277 4280 4270 4248 4246 4249 4254 4279 4278 4238 4279 4237 4278 4246 4247 4252 4270 4237 4277 4270 4252 4249 4238 4281 4252 4237 4279 4237 4269 4239 4279 4238 4246 4270 4280 4241 4282 4240 4268 4245 4281 4239 4270 4269 4237 4242 4244 4269 4281 4238 4239 4241 4280 4240 4267 4240 4280 4282 4271 4242 4240 4282 4242 4242 4271 4244 4269 4244 4239 4283 4285 4284 4286 4288 4287 4289 4291 4290 4292 4294 4293 4295 4297 4296 4295 4298 4297 4299 4301 4300 4298 4295 4302 4303 4296 4304 4305 4307 4306 4308 4310 4309 4311 4284 4312 4313 4314 4305 4315 4317 4316 4318 4286 4319 4320 4288 4285 4289 4290 4321 4322 4321 4286 4321 4322 4323 4319 4290 4324 4325 4327 4326 4325 4323 4322 4291 4293 4290 4292 4293 4291 4293 4294 4324 4322 4287 4327 4327 4325 4322 4289 4321 4323 4321 4319 4286 4322 4286 4287 4328 4327 4329 4327 4328 4326 4293 4324 4290 4330 4331 4294 4287 4320 4329 4290 4319 4321 4318 4319 4331 4332 4328 4329 4318 4288 4286 4327 4287 4329 4320 4287 4288 4332 4329 4333 4319 4324 4331 4294 4331 4324 4331 4330 4334 4320 4283 4333 4334 4335 4318 4336 4333 4337 4335 4285 4288 4285 4283 4320 4332 4333 4336 4329 4320 4333 4331 4334 4318 4300 4301 4330 4311 4337 4283 4318 4335 4288 4338 4335 4301 4339 4337 4340 4338 4284 4285 4284 4311 4283 4336 4337 4339 4333 4283 4337 4335 4334 4301 4330 4301 4334 4311 4310 4340 4335 4338 4285 4341 4338 4299 4337 4311 4340 4341 4312 4284 4311 4312 4310 4339 4340 4342 4342 4340 4308 4301 4299 4338 4303 4304 4300 4313 4305 4306 4338 4341 4284 4304 4343 4341 4344 4308 4313 4345 4312 4343 4345 4309 4310 4342 4308 4344 4340 4310 4308 4341 4299 4304 4300 4304 4299 4312 4345 4310 4341 4343 4312 4343 4296 4297 4309 4314 4313 4346 4345 4297 4344 4313 4306 4309 4346 4314 4308 4309 4313 4304 4296 4343 4295 4303 4347 4345 4346 4309 4343 4297 4345 4298 4346 4297 4348 4349 4314 4348 4314 4346 4307 4316 4317 4305 4314 4349 4307 4305 4316 4303 4295 4296 4347 4302 4295 4302 4350 4298 4346 4298 4348 4349 4350 4351 4298 4350 4348 4350 4349 4348 4351 4315 4316 4349 4351 4316 4305 4349 4316 4352 4354 4353 4355 4356 4352 4354 4352 4356 4355 4357 4356 4358 4357 4355 4359 4358 4360 4358 4359 4357 4359 4360 4361 4362 4364 4363 4365 4363 4366 4364 4366 4363 4367 4368 4365 4365 4366 4367 4364 4362 4369 4369 4371 4370 4371 4369 4362 4371 4372 4370 4370 4372 4373 4374 4376 4375 4377 4379 4378 4380 4382 4381 4383 4385 4384 4386 4388 4387 4389 4391 4390 4392 4393 4389 4393 4391 4389 4390 4395 4394 4396 4398 4397 4399 4401 4400 4402 4403 4375 4377 4375 4404 4400 4405 4399 4406 4407 4378 4408 4403 4386 4383 4409 4385 4410 4411 4407 4411 4413 4412 4411 4412 4414 4415 4417 4416 4417 4415 4413 4418 4385 4414 4384 4385 4418 4419 4417 4413 4418 4414 4412 4420 4414 4385 4412 4413 4415 4414 4407 4411 4417 4421 4416 4419 4413 4410 4422 4421 4417 4409 4420 4385 4380 4381 4383 4423 4419 4410 4420 4407 4414 4424 4420 4409 4378 4407 4420 4417 4419 4422 4411 4410 4413 4423 4410 4406 4425 4422 4419 4409 4381 4424 4383 4381 4409 4426 4423 4406 4424 4378 4420 4374 4424 4381 4378 4424 4377 4419 4423 4425 4407 4406 4410 4426 4406 4379 4427 4425 4423 4382 4374 4381 4428 4429 4380 4430 4426 4379 4374 4377 4424 4374 4382 4376 4375 4377 4374 4423 4426 4427 4378 4379 4406 4430 4379 4404 4431 4427 4426 4382 4429 4376 4380 4429 4382 4432 4429 4428 4408 4430 4404 4376 4429 4433 4375 4376 4402 4430 4434 4431 4377 4404 4379 4404 4403 4408 4431 4426 4430 4432 4433 4429 4435 4394 4428 4400 4388 4402 4433 4402 4376 4405 4433 4432 4402 4433 4400 4430 4408 4434 4375 4403 4404 4386 4403 4388 4436 4434 4408 4432 4394 4405 4428 4394 4432 4388 4400 4401 4405 4400 4433 4405 4395 4399 4386 4387 4437 4386 4437 4436 4402 4388 4403 4388 4401 4387 4436 4408 4386 4394 4435 4390 4391 4393 4438 4439 4399 4395 4394 4395 4405 4395 4391 4439 4401 4399 4440 4399 4439 4440 4387 4401 4398 4401 4440 4398 4396 4437 4387 4390 4435 4389 4392 4389 4435 4438 4441 4439 4390 4391 4395 4438 4439 4391 4441 4442 4440 4441 4440 4439 4398 4396 4387 4440 4442 4398 4397 4398 4442 4443 4445 4444 4443 4446 4445 4444 4447 4443 4447 4444 4448 4447 4448 4449 4445 4446 4450 4451 4452 4450 4450 4446 4451 4451 4453 4452 4454 4456 4455 4457 4459 4458 4458 4461 4460 4462 4459 4457 4458 4459 4461 4461 4463 4460 4456 4454 4463 4460 4463 4454 4464 4466 4465 4467 4469 4468 4470 4472 4471 4467 4474 4473 4473 4469 4467 4468 4472 4470 4469 4472 4468 4464 4471 4466 4470 4471 4464 4475 4477 4476 4478 4476 4479 4476 4478 4475 4480 4477 4475 4481 4477 4480 4482 4483 4481 4481 4480 4482 4482 4484 4483 4485 4487 4486 4486 4489 4488 4488 4485 4486 4488 4489 4490 4489 4491 4490 4492 4490 4491 4493 4494 4492 4492 4491 4493 4493 4495 4494 4496 4498 4497 4499 4501 4500 4502 4500 4503 4504 4506 4505 4505 4501 4504 4499 4500 4502 4504 4501 4499 4496 4503 4498 4502 4503 4496 4507 4509 4508 4508 4511 4510 4510 4507 4508 4510 4511 4512 4511 4513 4512 4514 4512 4513 4515 4516 4514 4514 4513 4515 4515 4517 4516 4518 4520 4519 4521 4523 4522 4524 4526 4525 4527 4523 4521 4524 4522 4526 4523 4526 4522 4518 4525 4520 4524 4525 4518 4528 4530 4529 4531 4532 4529 4528 4529 4532 4531 4533 4532 4533 4531 4534 4535 4536 4534 4533 4534 4536 4535 4537 4536 4538 4540 4539 4541 4539 4542 4539 4541 4538 4543 4540 4538 4544 4540 4543 4545 4546 4544 4544 4543 4545 4545 4547 4546 4548 4550 4549 4549 4550 4551 4549 4552 4548 4548 4552 4553 4553 4552 4554 4555 4556 4554 4553 4554 4556 4555 4557 4556 4558 4560 4559 4559 4560 4561 4560 4558 4562 4563 4559 4561 4564 4562 4558 4565 4562 4564 4566 4567 4565 4565 4564 4566 4566 4568 4567 4569 4571 4570 4572 4574 4573 4574 4569 4570 4575 4572 4573 4575 4573 4576 4572 4569 4574 4571 4577 4570 4578 4579 4577 4577 4571 4578 4578 4580 4579 4581 4583 4582 4584 4582 4585 4582 4584 4581 4586 4584 4585 4581 4587 4583 4588 4583 4587 4589 4590 4588 4588 4587 4589 4589 4591 4590 4592 4594 4593 4593 4596 4595 4595 4592 4593 4595 4596 4597 4596 4598 4597 4598 4600 4599 4599 4597 4598 4599 4600 4601 4600 4602 4601 4603 4605 4604 4603 4607 4606 4607 4603 4604 4606 4609 4608 4607 4609 4606 4610 4604 4605 4611 4612 4610 4610 4605 4611 4611 4613 4612 4613 4614 4612 4615 4617 4616 4618 4620 4619 4621 4623 4622 4624 4626 4625 4627 4618 4625 4624 4629 4628 4628 4626 4624 4620 4618 4627 4626 4627 4625 4619 4623 4621 4620 4623 4619 4615 4622 4617 4621 4622 4615 4630 4632 4631 4633 4635 4634 4636 4638 4637 4633 4640 4639 4639 4635 4633 4635 4638 4634 4636 4637 4630 4634 4638 4636 4632 4630 4637 4641 4643 4642 4644 4646 4645 4647 4645 4648 4649 4651 4650 4646 4653 4652 4654 4655 4650 4649 4650 4655 4654 4657 4656 4656 4655 4654 4651 4652 4653 4652 4651 4649 4658 4646 4644 4646 4658 4653 4648 4641 4647 4644 4645 4647 4643 4641 4648 4659 4661 4660 4662 4659 4660 4662 4660 4663 4659 4664 4661 4661 4664 4665 4664 4666 4665 4667 4669 4668 4667 4671 4670 4671 4667 4668 4670 4673 4672 4671 4673 4670 4674 4668 4669 4675 4676 4674 4674 4669 4675 4675 4677 4676 4678 4680 4679 4679 4682 4681 4681 4678 4679 4683 4685 4684 4686 4684 4687 4684 4686 4683 4688 4685 4683 4689 4685 4688 4690 4691 4689 4689 4688 4690 4690 4692 4691 4693 4695 4694 4696 4698 4697 4699 4701 4700 4696 4703 4702 4702 4698 4696 4697 4701 4699 4698 4701 4697 4693 4700 4695 4699 4700 4693 4704 4706 4705 4707 4704 4708 4704 4705 4708 4707 4709 4704 4709 4707 4710 4711 4712 4710 4709 4710 4712 4711 4713 4712 4714 4716 4715 4717 4719 4718 4720 4718 4721 4722 4724 4723 4723 4719 4722 4717 4718 4720 4722 4719 4717 4714 4721 4716 4720 4721 4714 4725 4727 4726 4728 4729 4725 4725 4726 4728 4728 4730 4729 4731 4729 4730 4732 4733 4731 4731 4730 4732 4732 4734 4733 4735 4737 4736 4736 4739 4738 4738 4735 4736 4738 4739 4740 4739 4741 4740 4742 4740 4741 4743 4744 4742 4742 4741 4743 4743 4745 4744 4746 4748 4747 4747 4750 4749 4749 4746 4747 4749 4750 4751 4750 4752 4751 4753 4751 4752 4754 4755 4753 4753 4752 4754 4754 4756 4755 4757 4759 4758 4760 4762 4761 4763 4761 4764 4765 4767 4766 4766 4762 4765 4760 4761 4763 4765 4762 4760 4757 4764 4759 4763 4764 4757 4768 4770 4769 4771 4773 4772 4774 4776 4775 4777 4779 4778 4780 4782 4781 4783 4771 4784 4785 4773 4771 4783 4769 4770 4786 4788 4787 4770 4768 4788 4787 4788 4768 4786 4787 4789 4789 4790 4786 4769 4783 4784 4773 4785 4791 4771 4792 4784 4780 4793 4782 4779 4777 4793 4778 4779 4791 4777 4782 4793 4781 4794 4780 4781 4795 4794 4791 4785 4778 4795 4796 4794 4797 4799 4798 4771 4772 4792 4800 4802 4801 4798 4801 4797 4802 4800 4803 4797 4801 4802 4804 4803 4800 4792 4772 4805 4806 4805 4774 4807 4809 4808 4810 4811 4804 4812 4806 4774 4804 4811 4803 4773 4798 4799 4799 4772 4773 4805 4806 4792 4774 4775 4812 4813 4776 4808 4776 4813 4775 4813 4808 4809 4807 4814 4809 4814 4815 4809 4816 4818 4817 4816 4817 4819 4820 4822 4821 4820 4821 4823 4824 4826 4825 4824 4825 4827 4828 4830 4829 4828 4829 4831 4832 4834 4833 4834 4832 4835 4836 4838 4837 4836 4837 4839 4840 4842 4841 4842 4840 4843 4844 4846 4845 4846 4844 4847 4848 4850 4849 4850 4848 4851 4852 4854 4853 4854 4852 4855 4856 4858 4857 4856 4857 4859 4860 4862 4861 4862 4860 4863 4864 4866 4865 4867 4869 4868 4870 4872 4871 4873 4875 4874 4876 4878 4877 4879 4881 4880 4882 4883 4881 4884 4886 4885 4887 4886 4888 4889 4891 4890 4884 4885 4891 4889 4890 4892 4891 4885 4890 4892 4893 4889 4883 4882 4894 4888 4886 4884 4895 4879 4880 4894 4888 4883 4896 4895 4897 4898 4896 4897 4899 4900 4898 4895 4880 4897 4901 4900 4899 4902 4903 4901 4902 4901 4899 4896 4898 4900 4881 4879 4882 4887 4888 4894 4904 4906 4905 4904 4894 4906 4877 4875 4873 4905 4906 4874 4876 4877 4873 4894 4904 4887 4907 4909 4908 4910 4878 4876 4911 4913 4912 4911 4915 4914 4916 4918 4917 4919 4920 4917 4870 4868 4872 4867 4868 4870 4870 4922 4921 4871 4922 4870 4870 4924 4923 4921 4924 4870 4925 4913 4923 4870 4923 4913 4926 4913 4927 4913 4925 4927 4928 4913 4929 4913 4926 4929 4913 4930 4912 4913 4928 4930 4931 4911 4932 4911 4912 4932 4914 4933 4911 4911 4931 4915 4911 4935 4934 4933 4935 4911 4911 4937 4936 4934 4937 4911 4911 4939 4938 4936 4939 4911 4940 4909 4938 4911 4938 4909 4909 4941 4908 4909 4940 4941 4910 4876 4907 4909 4907 4876 4942 4943 4920 4904 4943 4944 4875 4905 4874 4904 4944 4887 4943 4942 4944 4920 4919 4942 4917 4918 4919 4945 4916 4946 4916 4945 4918 4945 4946 4867 4869 4867 4947 4867 4946 4947 4948 4950 4949 4948 4949 4951 4952 4954 4953 4952 4953 4955 4956 4958 4957 4956 4957 4959 4960 4962 4961 4960 4961 4963 4964 4966 4965 4964 4965 4967 4968 4970 4969 4971 4972 4970 4970 4968 4971 4973 4975 4974 4975 4973 4976 4977 4979 4978 4980 4978 4979 4981 4983 4982 4983 4981 4984 4985 4987 4986 4986 4987 4988 4989 4991 4990 4989 4990 4992 4993 4995 4994 4994 4995 4996 4997 4999 4998 4997 5000 4999 5001 5003 5002 5003 5001 5004 5005 5007 5006 5007 5005 5008 5009 5011 5010 5010 5011 5012 5013 5015 5014 5015 5013 5016 5017 5019 5018 5017 5018 5020 5021 5023 5022 5021 5022 5024 5025 5027 5026 5028 5030 5029 5031 5033 5032 5034 5036 5035 5033 5038 5037 5039 5041 5040 5042 5037 5040 5042 5043 5037 5044 5046 5045 5047 5049 5048 5050 5049 5051 5052 5053 5050 5054 5048 5050 5055 5057 5056 5058 5057 5059 5060 5062 5061 5063 5065 5064 5066 5068 5067 5066 5070 5069 5071 5073 5072 5074 5073 5075 5076 5078 5077 5076 5080 5079 5081 5083 5082 5081 5085 5084 5086 5088 5087 5089 5091 5090 5092 5094 5093 5095 5097 5096 5098 5100 5099 5101 5103 5102 5104 5106 5105 5107 5109 5108 5110 5112 5111 5113 5114 5112 5115 5117 5116 5118 5110 5119 5120 5122 5121 5116 5124 5123 5125 5127 5126 5125 5128 5120 5129 5131 5130 5129 5132 5126 5133 5135 5134 5136 5137 5134 5138 5139 5133 5140 5142 5141 5143 5139 5144 5138 5142 5144 5143 5146 5145 5145 5148 5147 5148 5146 5149 5150 5152 5151 5153 5150 5149 5154 5152 5155 5156 5157 5155 5156 5152 5153 5157 5159 5158 5160 5162 5161 5163 5159 5164 5165 5162 5166 5167 5169 5168 5168 5170 5166 5171 5173 5172 5174 5176 5175 5177 5179 5178 5180 5172 5181 5168 5178 5182 5181 5175 5180 5183 5185 5184 5186 5164 5187 5036 5034 5188 5184 5029 5189 5190 5036 5188 5185 5188 5191 5192 5148 5150 5193 5194 5160 5134 5141 5138 5195 5139 5145 5196 5197 5137 5131 5140 5198 5199 5201 5200 5202 5200 5197 5121 5204 5203 5120 5203 5127 5205 5206 5123 5207 5205 5204 5208 5206 5207 5121 5209 5207 5124 5117 5210 5116 5206 5211 5212 5213 5117 5210 5213 5118 5214 5119 5111 5215 5110 5213 5216 5214 5217 5218 5112 5215 5114 5219 5106 5220 5216 5221 5222 5108 5223 5224 5223 5220 5099 5226 5225 5226 5104 5227 5228 5229 5101 5109 5230 5228 5231 5092 5232 5233 5232 5100 5097 5235 5234 5235 5102 5236 5237 5238 5088 5093 5239 5237 5240 5242 5241 5243 5241 5095 5244 5245 5242 5091 5086 5246 5247 5248 5089 5082 5245 5249 5084 5250 5083 5251 5252 5248 5253 5084 5254 5253 5077 5250 5076 5253 5255 5079 5256 5078 5257 5079 5258 5257 5071 5256 5072 5074 5259 5073 5257 5260 5261 5262 5074 5259 5262 5068 5263 5264 5261 5264 5067 5262 5265 5069 5266 5267 5060 5264 5061 5269 5268 5270 5064 5265 5065 5271 5055 5063 5270 5272 5273 5056 5058 5063 5274 5271 5273 5054 5053 5057 5271 5275 5051 5276 5052 5277 5054 5058 5278 5025 5049 5046 5276 5279 5280 5281 5026 5282 5044 5283 5283 5285 5284 5032 5282 5284 5284 5286 5032 5031 5032 5286 5284 5285 5287 5287 5286 5284 5288 5290 5289 5291 5290 5285 5038 5039 5037 5040 5037 5039 5043 5293 5292 5038 5033 5031 5294 5033 5043 5280 5291 5281 5294 5282 5032 5287 5285 5290 5282 5283 5284 5290 5291 5289 5285 5283 5281 5295 5289 5291 5037 5043 5033 5042 5293 5043 5292 5297 5296 5033 5294 5032 5298 5294 5292 5027 5280 5026 5298 5044 5282 5285 5281 5291 5044 5045 5283 5291 5280 5295 5281 5045 5026 5299 5295 5280 5043 5292 5294 5293 5297 5292 5296 5301 5300 5294 5298 5282 5298 5296 5302 5283 5045 5281 5044 5302 5046 5027 5025 5278 5046 5279 5045 5280 5027 5299 5026 5279 5025 5303 5299 5027 5292 5296 5298 5297 5301 5296 5300 5305 5304 5298 5302 5044 5302 5300 5306 5045 5279 5026 5046 5306 5276 5307 5278 5047 5276 5051 5279 5027 5278 5303 5025 5051 5049 5307 5303 5278 5296 5300 5302 5301 5305 5300 5304 5309 5308 5302 5306 5046 5306 5304 5310 5279 5051 5025 5276 5310 5052 5311 5047 5312 5052 5050 5051 5050 5048 5049 5307 5047 5311 5278 5049 5047 5300 5304 5306 5305 5309 5304 5308 5314 5313 5306 5310 5276 5315 5310 5308 5048 5277 5312 5052 5315 5053 5316 5312 5317 5053 5054 5050 5054 5277 5048 5311 5312 5316 5047 5048 5312 5304 5308 5310 5309 5314 5308 5313 5319 5318 5310 5315 5052 5320 5315 5313 5277 5059 5317 5053 5320 5273 5321 5317 5322 5273 5058 5054 5058 5059 5277 5316 5317 5321 5312 5277 5317 5308 5313 5315 5314 5319 5313 5318 5324 5323 5315 5320 5053 5325 5320 5318 5059 5275 5322 5273 5325 5056 5326 5322 5327 5057 5058 5056 5057 5275 5059 5321 5322 5326 5317 5059 5322 5313 5318 5320 5319 5324 5318 5323 5329 5328 5320 5325 5273 5330 5325 5323 5331 5327 5274 5330 5055 5056 5332 5327 5331 5271 5057 5055 5274 5275 5271 5326 5327 5332 5322 5275 5327 5318 5323 5325 5324 5329 5323 5328 5334 5333 5325 5330 5056 5335 5330 5328 5336 5331 5272 5335 5065 5055 5275 5274 5327 5065 5063 5271 5331 5337 5332 5274 5063 5272 5338 5337 5331 5323 5328 5330 5329 5334 5328 5333 5340 5339 5330 5335 5055 5341 5335 5333 5269 5336 5268 5341 5064 5065 5274 5272 5331 5064 5270 5063 5331 5336 5338 5272 5270 5268 5342 5338 5336 5328 5333 5335 5334 5340 5333 5339 5344 5343 5335 5341 5065 5345 5341 5339 5062 5269 5061 5345 5265 5064 5272 5268 5336 5265 5266 5270 5336 5269 5342 5268 5266 5061 5346 5342 5269 5333 5339 5341 5340 5344 5339 5343 5348 5347 5341 5345 5064 5345 5343 5349 5270 5266 5268 5265 5349 5069 5062 5060 5267 5069 5070 5266 5269 5062 5346 5061 5070 5060 5350 5346 5062 5339 5343 5345 5344 5348 5343 5347 5352 5351 5345 5349 5265 5349 5347 5353 5266 5070 5061 5069 5353 5066 5267 5264 5263 5066 5067 5070 5062 5267 5350 5060 5067 5264 5354 5350 5267 5343 5347 5349 5348 5352 5347 5351 5356 5355 5349 5353 5069 5353 5351 5357 5070 5067 5060 5066 5357 5068 5358 5263 5359 5068 5262 5067 5267 5263 5354 5264 5262 5261 5358 5354 5263 5347 5351 5353 5352 5356 5351 5355 5361 5360 5353 5357 5066 5362 5357 5355 5261 5075 5359 5068 5362 5259 5363 5359 5364 5259 5074 5262 5074 5075 5261 5358 5359 5363 5263 5261 5359 5351 5355 5357 5356 5361 5355 5360 5366 5365 5357 5362 5068 5367 5362 5360 5075 5260 5364 5259 5367 5072 5368 5364 5369 5072 5073 5074 5073 5260 5075 5363 5364 5368 5359 5075 5364 5355 5360 5362 5361 5366 5360 5365 5371 5370 5362 5367 5259 5372 5367 5365 5260 5258 5369 5072 5372 5071 5373 5369 5374 5071 5257 5073 5257 5258 5260 5368 5369 5373 5364 5260 5369 5360 5365 5367 5366 5371 5365 5370 5376 5375 5367 5372 5072 5377 5372 5370 5258 5080 5374 5071 5377 5256 5378 5374 5379 5079 5257 5256 5079 5080 5258 5373 5374 5378 5369 5258 5374 5365 5370 5372 5371 5376 5370 5375 5381 5380 5372 5377 5071 5382 5377 5375 5255 5379 5080 5382 5078 5256 5383 5379 5384 5076 5079 5078 5255 5080 5076 5378 5379 5383 5374 5080 5379 5370 5375 5377 5376 5381 5375 5380 5386 5385 5377 5382 5256 5387 5382 5380 5388 5384 5254 5387 5077 5078 5384 5388 5389 5253 5076 5077 5254 5255 5253 5383 5384 5389 5379 5255 5384 5375 5380 5382 5381 5386 5380 5385 5391 5390 5382 5387 5078 5392 5387 5385 5393 5388 5085 5392 5250 5077 5255 5254 5384 5250 5084 5253 5388 5394 5389 5254 5084 5085 5395 5394 5388 5380 5385 5387 5386 5391 5385 5390 5397 5396 5387 5392 5077 5398 5392 5390 5251 5393 5252 5398 5083 5250 5254 5085 5388 5083 5081 5084 5388 5393 5395 5085 5081 5252 5399 5395 5393 5385 5390 5392 5391 5397 5390 5396 5401 5400 5392 5398 5250 5402 5398 5396 5247 5251 5248 5402 5082 5083 5085 5252 5393 5082 5249 5081 5393 5251 5399 5252 5249 5248 5403 5399 5251 5390 5396 5398 5397 5401 5396 5400 5405 5404 5398 5402 5083 5406 5402 5400 5081 5249 5252 5082 5406 5245 5247 5089 5090 5245 5244 5249 5251 5247 5403 5248 5244 5089 5407 5403 5247 5396 5400 5402 5401 5405 5400 5404 5409 5408 5402 5406 5082 5410 5406 5404 5249 5244 5248 5245 5410 5242 5090 5091 5246 5242 5240 5244 5247 5090 5407 5089 5240 5091 5411 5407 5090 5400 5404 5406 5405 5409 5404 5408 5413 5412 5406 5410 5245 5410 5408 5414 5244 5240 5089 5242 5414 5241 5246 5086 5087 5241 5243 5240 5090 5246 5411 5091 5243 5086 5415 5411 5246 5404 5408 5410 5409 5413 5408 5412 5417 5416 5410 5414 5242 5414 5412 5418 5240 5243 5091 5241 5418 5095 5419 5087 5238 5095 5096 5243 5246 5087 5415 5086 5096 5088 5419 5415 5087 5408 5412 5414 5413 5417 5412 5416 5421 5420 5414 5418 5241 5418 5416 5422 5243 5096 5086 5095 5422 5097 5423 5238 5239 5097 5234 5096 5234 5237 5088 5419 5238 5423 5087 5088 5238 5412 5416 5418 5417 5421 5416 5420 5425 5424 5418 5422 5095 5422 5420 5426 5096 5234 5088 5097 5426 5235 5427 5239 5094 5235 5236 5234 5236 5093 5237 5423 5239 5427 5238 5237 5239 5416 5420 5422 5421 5425 5420 5424 5429 5428 5422 5426 5097 5426 5424 5430 5234 5236 5237 5235 5430 5102 5431 5094 5231 5102 5103 5236 5103 5092 5093 5427 5094 5431 5239 5093 5094 5420 5424 5426 5425 5429 5424 5428 5433 5432 5426 5430 5235 5430 5428 5434 5236 5103 5093 5102 5434 5101 5435 5231 5233 5101 5229 5103 5229 5232 5092 5431 5231 5435 5094 5092 5231 5424 5428 5430 5429 5433 5428 5432 5437 5436 5430 5434 5102 5434 5432 5438 5103 5229 5092 5101 5438 5228 5439 5233 5098 5228 5230 5229 5230 5100 5232 5435 5233 5439 5231 5232 5233 5428 5432 5434 5433 5437 5432 5436 5441 5440 5434 5438 5101 5438 5436 5442 5229 5230 5232 5228 5442 5109 5443 5098 5225 5109 5107 5230 5107 5099 5100 5439 5098 5443 5233 5100 5098 5432 5436 5438 5437 5441 5436 5440 5445 5444 5438 5442 5228 5442 5440 5446 5230 5107 5100 5109 5446 5108 5447 5225 5227 5108 5222 5107 5222 5226 5099 5443 5225 5447 5098 5099 5225 5436 5440 5442 5441 5445 5440 5444 5449 5448 5442 5446 5109 5446 5444 5450 5107 5222 5099 5108 5450 5223 5451 5227 5105 5223 5224 5222 5224 5104 5226 5447 5227 5451 5225 5226 5227 5440 5444 5446 5445 5449 5444 5448 5453 5452 5446 5450 5108 5450 5448 5454 5222 5224 5226 5223 5454 5220 5455 5105 5219 5220 5221 5224 5221 5106 5104 5451 5105 5455 5227 5104 5105 5444 5448 5450 5449 5453 5448 5452 5457 5456 5450 5454 5223 5454 5452 5458 5224 5221 5104 5220 5458 5216 5459 5219 5113 5216 5217 5221 5217 5114 5106 5455 5219 5459 5105 5106 5219 5448 5452 5454 5453 5457 5452 5456 5461 5460 5454 5458 5220 5458 5456 5462 5221 5217 5106 5216 5462 5214 5463 5113 5218 5214 5111 5217 5111 5112 5114 5459 5113 5463 5219 5114 5113 5452 5456 5458 5457 5461 5456 5460 5465 5464 5458 5462 5216 5462 5460 5466 5217 5111 5114 5214 5466 5119 5467 5218 5468 5119 5110 5111 5110 5215 5112 5463 5218 5467 5113 5112 5218 5456 5460 5462 5461 5465 5460 5464 5470 5469 5462 5466 5214 5471 5466 5464 5215 5212 5468 5119 5471 5118 5472 5468 5473 5118 5213 5110 5213 5212 5215 5467 5468 5472 5218 5215 5468 5460 5464 5466 5465 5470 5464 5469 5475 5474 5466 5471 5119 5476 5471 5469 5212 5115 5473 5118 5476 5210 5477 5473 5478 5210 5117 5213 5117 5115 5212 5472 5473 5477 5468 5212 5473 5464 5469 5471 5470 5475 5469 5474 5480 5479 5471 5476 5118 5481 5476 5474 5115 5211 5478 5210 5481 5124 5482 5478 5483 5124 5116 5117 5116 5211 5115 5477 5478 5482 5473 5115 5478 5469 5474 5476 5475 5480 5474 5479 5485 5484 5476 5481 5210 5486 5481 5479 5211 5208 5483 5124 5486 5123 5487 5483 5488 5123 5206 5116 5206 5208 5211 5482 5483 5487 5478 5211 5483 5474 5479 5481 5480 5485 5479 5484 5490 5489 5481 5486 5124 5491 5486 5484 5208 5209 5488 5123 5491 5205 5492 5488 5493 5207 5206 5205 5207 5209 5208 5487 5488 5492 5483 5208 5488 5479 5484 5486 5485 5490 5484 5489 5495 5494 5486 5491 5123 5496 5491 5489 5497 5493 5122 5496 5204 5205 5498 5493 5497 5121 5207 5204 5122 5209 5121 5492 5493 5498 5488 5209 5493 5484 5489 5491 5490 5495 5489 5494 5500 5499 5491 5496 5205 5501 5496 5494 5502 5497 5128 5501 5203 5204 5209 5122 5493 5203 5120 5121 5497 5503 5498 5122 5120 5128 5504 5503 5497 5489 5494 5496 5495 5500 5494 5499 5506 5505 5496 5501 5204 5507 5501 5499 5199 5502 5201 5507 5127 5203 5122 5128 5497 5127 5125 5120 5497 5502 5504 5128 5125 5201 5508 5504 5502 5494 5499 5501 5500 5506 5499 5505 5510 5509 5501 5507 5203 5511 5507 5505 5202 5199 5200 5511 5126 5127 5128 5201 5502 5126 5132 5125 5502 5199 5508 5201 5132 5200 5512 5508 5199 5499 5505 5507 5506 5510 5505 5509 5514 5513 5507 5511 5127 5511 5509 5515 5125 5132 5201 5126 5515 5129 5202 5197 5196 5129 5130 5132 5199 5202 5512 5200 5130 5197 5516 5512 5202 5505 5509 5511 5510 5514 5509 5513 5518 5517 5511 5515 5126 5515 5513 5519 5132 5130 5200 5129 5519 5131 5196 5137 5136 5131 5198 5130 5202 5196 5516 5197 5198 5137 5520 5516 5196 5509 5513 5515 5514 5518 5513 5517 5522 5521 5515 5519 5129 5519 5517 5523 5130 5198 5197 5131 5523 5140 5524 5136 5135 5140 5141 5198 5196 5136 5520 5137 5141 5134 5524 5520 5136 5513 5517 5519 5518 5522 5517 5521 5526 5525 5519 5523 5131 5523 5521 5527 5198 5141 5137 5140 5527 5142 5528 5135 5529 5142 5138 5141 5138 5133 5134 5524 5135 5528 5136 5134 5135 5517 5521 5523 5522 5526 5521 5525 5531 5530 5523 5527 5140 5532 5527 5525 5133 5195 5529 5142 5532 5144 5533 5529 5534 5144 5139 5138 5139 5195 5133 5528 5529 5533 5135 5133 5529 5521 5525 5527 5526 5531 5525 5530 5536 5535 5527 5532 5142 5537 5532 5530 5195 5147 5534 5144 5537 5143 5538 5534 5539 5143 5145 5139 5145 5147 5195 5533 5534 5538 5529 5195 5534 5525 5530 5532 5531 5536 5530 5535 5541 5540 5532 5537 5144 5542 5537 5535 5147 5192 5539 5143 5542 5146 5543 5539 5544 5148 5145 5146 5148 5192 5147 5538 5539 5543 5534 5147 5539 5530 5535 5537 5536 5541 5535 5540 5546 5545 5537 5542 5143 5547 5542 5540 5151 5544 5192 5547 5149 5146 5548 5544 5549 5150 5148 5149 5151 5192 5150 5543 5544 5548 5539 5192 5544 5535 5540 5542 5541 5546 5540 5545 5551 5550 5542 5547 5146 5552 5547 5545 5553 5549 5154 5552 5153 5149 5549 5553 5554 5152 5150 5153 5154 5151 5152 5548 5549 5554 5544 5151 5549 5540 5545 5547 5546 5551 5545 5550 5556 5555 5547 5552 5149 5557 5552 5550 5193 5553 5194 5557 5156 5153 5151 5154 5549 5156 5155 5152 5553 5558 5554 5154 5155 5194 5559 5558 5553 5545 5550 5552 5551 5556 5550 5555 5561 5560 5552 5557 5153 5562 5557 5555 5161 5193 5160 5562 5157 5156 5154 5194 5553 5157 5158 5155 5553 5193 5559 5194 5158 5160 5563 5559 5193 5550 5555 5557 5556 5561 5555 5560 5565 5564 5557 5562 5156 5562 5560 5566 5155 5158 5194 5157 5566 5159 5161 5162 5165 5159 5163 5158 5193 5161 5563 5160 5163 5162 5567 5563 5161 5555 5560 5562 5561 5565 5560 5564 5568 5028 5562 5566 5157 5566 5564 5569 5158 5163 5160 5159 5569 5164 5165 5166 5170 5164 5186 5163 5161 5165 5567 5162 5186 5166 5570 5567 5165 5560 5564 5566 5565 5568 5564 5571 5573 5572 5566 5569 5159 5028 5574 5569 5163 5186 5162 5187 5164 5574 5575 5170 5182 5187 5167 5186 5165 5170 5570 5166 5167 5168 5575 5570 5170 5564 5028 5569 5568 5030 5028 5187 5576 5167 5569 5574 5164 5577 5574 5029 5186 5167 5166 5576 5187 5577 5578 5182 5179 5169 5167 5576 5169 5178 5168 5575 5182 5578 5170 5168 5182 5028 5029 5574 5030 5189 5029 5576 5572 5169 5574 5577 5187 5184 5579 5577 5573 5178 5169 5572 5576 5579 5580 5179 5173 5169 5572 5573 5573 5177 5178 5578 5179 5580 5182 5178 5179 5029 5184 5577 5189 5183 5184 5581 5177 5573 5577 5579 5576 5185 5191 5579 5181 5172 5582 5191 5571 5572 5173 5177 5583 5581 5573 5571 5583 5177 5581 5580 5173 5171 5179 5177 5173 5184 5185 5579 5183 5584 5185 5034 5585 5571 5579 5191 5572 5571 5191 5034 5585 5586 5581 5581 5571 5585 5586 5582 5583 5581 5586 5583 5172 5583 5582 5171 5172 5180 5173 5583 5172 5185 5584 5188 5190 5188 5584 5035 5587 5585 5191 5188 5034 5035 5585 5034 5587 5588 5586 5587 5586 5585 5588 5589 5582 5588 5582 5586 5589 5174 5181 5589 5181 5582 5175 5181 5174 5590 5592 5591 5593 5595 5594 5596 5598 5597 5599 5600 5596 5595 5601 5594 5593 5602 5595 5601 5603 5594 5604 5605 5601 5604 5601 5595 5596 5602 5599 5606 5608 5607 5600 5609 5596 5600 5610 5609 5611 5610 5600 5612 5611 5613 5611 5612 5610 5614 5590 5615 5613 5591 5592 5616 5617 5614 5618 5620 5619 5621 5616 5622 5623 5617 5621 5617 5616 5621 5613 5592 5612 5592 5614 5624 5610 5612 5619 5612 5624 5619 5620 5609 5610 5610 5619 5620 5598 5596 5609 5609 5620 5598 5597 5602 5596 5595 5602 5625 5599 5602 5593 5602 5597 5625 5601 5626 5603 5595 5625 5604 5605 5626 5601 5590 5614 5592 5616 5615 5627 5628 5619 5624 5592 5624 5612 5617 5628 5624 5618 5630 5629 5619 5628 5618 5598 5620 5629 5620 5618 5629 5597 5598 5631 5598 5629 5631 5625 5597 5632 5597 5631 5632 5604 5625 5607 5625 5632 5607 5608 5605 5604 5615 5616 5614 5622 5616 5627 5623 5633 5628 5614 5617 5624 5623 5628 5617 5618 5633 5634 5633 5618 5628 5630 5618 5634 5630 5635 5629 5629 5635 5631 5635 5636 5631 5631 5636 5632 5636 5637 5632 5607 5608 5604 5632 5637 5607 5606 5607 5637 5638 5640 5639 5638 5642 5641 5638 5641 5640 5642 5644 5643 5642 5643 5641 5645 5646 5642 5646 5644 5642 5647 5639 5640 5647 5649 5648 5648 5639 5647 5648 5649 5650 5651 5652 5650 5650 5649 5651 5652 5654 5653 5654 5652 5651 5654 5655 5653 5653 5655 5656 5657 5659 5658 5660 5661 5659 5660 5659 5657 5658 5662 5657 5662 5658 5663 5664 5666 5665 5664 5662 5663 5663 5666 5664 5666 5667 5665 5659 5661 5668 5669 5668 5670 5661 5670 5668 5671 5672 5669 5669 5670 5671 5672 5674 5673 5674 5672 5671 5674 5675 5673 5673 5675 5676 5677 5673 5676 5678 5680 5679 5681 5683 5682 5684 5683 5679 5685 5680 5678 5686 5688 5687 5689 5690 5682 5687 5692 5691 5681 5686 5693 5691 5686 5687 5685 5695 5694 5696 5689 5682 5685 5694 5680 5697 5695 5685 5697 5698 5695 5697 5699 5698 5698 5699 5700 5701 5703 5702 5704 5701 5705 5706 5700 5707 5708 5710 5709 5703 5706 5707 5707 5700 5699 5703 5711 5706 5684 5682 5683 5682 5684 5696 5693 5712 5678 5683 5678 5679 5678 5683 5693 5712 5713 5685 5685 5678 5712 5713 5714 5697 5697 5685 5713 5714 5715 5699 5699 5697 5714 5702 5707 5715 5707 5699 5715 5703 5704 5711 5703 5707 5702 5704 5703 5701 5682 5690 5681 5716 5681 5690 5717 5712 5691 5683 5681 5693 5712 5693 5691 5718 5713 5717 5713 5712 5717 5719 5714 5718 5714 5713 5718 5720 5715 5719 5715 5714 5719 5721 5702 5720 5702 5715 5720 5701 5721 5708 5701 5702 5721 5705 5701 5708 5681 5716 5686 5688 5686 5716 5692 5722 5717 5693 5686 5691 5692 5717 5691 5722 5723 5718 5722 5718 5717 5723 5724 5719 5723 5719 5718 5719 5724 5720 5724 5725 5720 5720 5725 5721 5725 5726 5721 5710 5708 5726 5726 5708 5721 5705 5708 5709 5727 5729 5728 5730 5732 5731 5733 5735 5734 5734 5728 5733 5730 5735 5733 5728 5734 5727 5731 5735 5730 5736 5737 5729 5727 5736 5729 5731 5732 5738 5739 5738 5740 5732 5740 5738 5741 5742 5739 5739 5740 5741 5742 5744 5743 5744 5742 5741 5744 5745 5743 5743 5745 5746 5747 5749 5748 5749 5751 5750 5748 5752 5747 5753 5750 5754 5754 5755 5753 5756 5753 5755 5750 5751 5754 5756 5755 5757 5747 5751 5749 5758 5747 5752 5759 5758 5760 5752 5760 5758 5761 5762 5759 5759 5760 5761 5762 5764 5763 5764 5762 5761 5764 5765 5763 5763 5765 5766 5767 5769 5768 5770 5772 5771 5773 5774 5772 5775 5777 5776 5778 5780 5779 5781 5783 5782 5784 5786 5785 5785 5787 5784 5788 5790 5789 5791 5793 5792 5794 5795 5783 5796 5793 5791 5791 5792 5783 5796 5797 5793 5794 5798 5795 5799 5797 5800 5798 5801 5795 5802 5804 5803 5780 5782 5805 5767 5768 5806 5801 5807 5769 5808 5767 5809 5809 5767 5806 5806 5810 5809 5768 5769 5807 5811 5812 5774 5801 5798 5807 5803 5814 5813 5780 5815 5781 5795 5816 5782 5817 5819 5818 5805 5779 5780 5820 5818 5821 5822 5820 5823 5824 5825 5819 5826 5827 5808 5803 5828 5814 5767 5808 5827 5826 5802 5827 5829 5769 5827 5812 5796 5791 5829 5816 5801 5801 5816 5795 5796 5811 5800 5794 5783 5792 5782 5783 5795 5800 5797 5796 5791 5781 5812 5796 5812 5811 5830 5800 5831 5800 5830 5799 5767 5827 5769 5804 5802 5826 5818 5819 5825 5769 5829 5801 5829 5802 5832 5774 5815 5833 5816 5832 5805 5816 5805 5782 5811 5773 5831 5783 5781 5791 5782 5780 5781 5834 5831 5835 5815 5774 5812 5774 5773 5811 5830 5831 5834 5800 5811 5831 5827 5802 5829 5828 5803 5804 5813 5836 5823 5829 5832 5816 5803 5837 5832 5815 5780 5778 5805 5837 5779 5838 5839 5784 5773 5770 5835 5781 5815 5812 5815 5778 5833 5840 5835 5841 5833 5772 5774 5772 5770 5773 5834 5835 5840 5831 5773 5835 5803 5832 5802 5836 5813 5814 5778 5779 5842 5832 5837 5805 5813 5843 5837 5833 5778 5844 5779 5843 5842 5833 5845 5772 5842 5844 5778 5770 5775 5841 5845 5833 5844 5846 5841 5776 5771 5772 5845 5771 5775 5770 5840 5841 5846 5835 5770 5841 5803 5813 5837 5822 5823 5836 5844 5842 5847 5837 5843 5779 5843 5823 5848 5845 5844 5849 5842 5848 5847 5845 5850 5771 5844 5847 5849 5771 5851 5775 5849 5850 5845 5852 5776 5839 5771 5850 5851 5851 5777 5775 5846 5776 5852 5841 5775 5776 5813 5823 5843 5853 5820 5822 5849 5847 5854 5843 5848 5842 5848 5820 5821 5850 5849 5855 5847 5821 5854 5851 5850 5856 5849 5854 5855 5851 5857 5777 5850 5855 5856 5786 5784 5858 5856 5857 5851 5858 5777 5857 5852 5839 5838 5776 5777 5839 5823 5820 5848 5818 5853 5859 5825 5860 5854 5848 5821 5847 5854 5821 5825 5860 5861 5855 5855 5854 5860 5861 5862 5856 5856 5855 5861 5862 5863 5857 5857 5856 5862 5777 5858 5839 5863 5858 5857 5863 5786 5858 5838 5784 5787 5839 5858 5784 5853 5818 5820 5817 5818 5859 5824 5864 5860 5821 5818 5825 5824 5860 5825 5864 5865 5861 5864 5861 5860 5861 5865 5862 5865 5866 5862 5862 5866 5863 5866 5867 5863 5863 5867 5786 5867 5789 5786 5786 5789 5785 5789 5790 5785 5787 5785 5790 5868 5870 5869 5871 5873 5872 5874 5876 5875 5877 5879 5878 5880 5881 5875 5882 5884 5883 5885 5887 5886 5888 5883 5884 5889 5891 5890 5892 5888 5884 5893 5895 5894 5890 5873 5896 5893 5897 5895 5868 5869 5878 5898 5893 5894 5869 5870 5899 5900 5902 5901 5900 5904 5903 5905 5906 5900 5907 5909 5908 5910 5912 5911 5913 5907 5914 5915 5878 5916 5917 5907 5913 5918 5920 5919 5877 5876 5874 5921 5922 5915 5923 5876 5877 5877 5878 5915 5915 5922 5923 5924 5925 5921 5926 5928 5927 5928 5926 5924 5880 5884 5881 5884 5880 5892 5886 5882 5885 5881 5874 5875 5929 5881 5882 5877 5915 5923 5929 5879 5874 5921 5903 5924 5874 5879 5877 5904 5930 5928 5925 5924 5926 5922 5921 5925 5916 5903 5921 5928 5931 5927 5924 5903 5904 5932 5931 5928 5884 5882 5881 5883 5885 5882 5886 5887 5872 5881 5929 5874 5894 5933 5898 5869 5905 5916 5868 5879 5934 5879 5868 5878 5935 5930 5901 5915 5916 5921 5916 5878 5869 5924 5904 5928 5905 5900 5903 5928 5930 5932 5904 5900 5901 5936 5932 5930 5929 5886 5934 5886 5929 5882 5937 5939 5938 5929 5934 5879 5940 5934 5872 5905 5869 5899 5940 5870 5868 5941 5902 5942 5943 5935 5941 5916 5905 5903 5905 5899 5906 5904 5901 5930 5906 5902 5900 5930 5935 5936 5901 5902 5941 5944 5936 5935 5886 5872 5934 5887 5871 5872 5870 5945 5899 5934 5940 5868 5940 5873 5946 5899 5947 5906 5946 5945 5870 5906 5948 5902 5947 5899 5945 5943 5941 5910 5948 5906 5947 5901 5941 5935 5948 5942 5902 5935 5943 5944 5941 5942 5910 5944 5943 5911 5872 5873 5940 5871 5896 5873 5945 5938 5947 5940 5946 5870 5890 5949 5946 5947 5939 5948 5949 5938 5945 5948 5950 5942 5938 5939 5947 5951 5910 5942 5948 5939 5950 5911 5943 5910 5951 5942 5950 5910 5951 5912 5952 5911 5908 5911 5952 5944 5873 5890 5946 5896 5889 5890 5953 5950 5939 5946 5949 5945 5891 5954 5949 5955 5951 5950 5954 5937 5938 5956 5912 5951 5937 5953 5939 5913 5919 5920 5953 5955 5950 5908 5912 5957 5956 5951 5955 5957 5912 5956 5952 5908 5909 5911 5912 5908 5890 5891 5949 5889 5933 5891 5958 5895 5897 5949 5954 5938 5895 5954 5894 5959 5958 5960 5958 5937 5895 5961 5959 5962 5959 5953 5958 5963 5961 5964 5961 5955 5959 5914 5963 5965 5956 5961 5963 5914 5957 5963 5909 5907 5917 5908 5957 5907 5954 5891 5894 5933 5894 5891 5958 5897 5960 5937 5954 5895 5959 5960 5962 5953 5937 5958 5961 5962 5964 5955 5953 5959 5963 5964 5965 5956 5955 5961 5914 5965 5966 5957 5956 5963 5913 5966 5919 5907 5957 5914 5913 5914 5966 5917 5913 5920 5967 5969 5968 5970 5972 5971 5973 5975 5974 5976 5978 5977 5979 5981 5980 5973 5980 5981 5982 5980 5983 5980 5982 5979 5981 5975 5973 5970 5976 5977 5968 5971 5972 5974 5978 5976 5974 5975 5978 5970 5977 5972 5967 5984 5969 5971 5968 5969 5985 5987 5986 5988 5990 5989 5991 5993 5992 5994 5996 5995 5997 5999 5998 5998 6000 5997 6001 6002 5999 5998 5999 6002 5993 5997 6000 5992 5993 6000 5991 5994 5995 5992 5994 5991 5996 5985 5986 5996 5986 5995 5988 5987 5990 5990 5987 5985 6003 6005 6004 6006 6008 6007 6009 6011 6010 6012 6009 6010 6013 6015 6014 6005 6016 6004 6017 6019 6018 6020 6022 6021 6023 6025 6024 6026 6028 6027 6029 6021 6022 6030 6031 6028 6026 6027 6029 6032 6034 6033 6029 6027 6021 6035 6037 6036 6028 6038 6027 6006 6040 6039 6041 6042 6025 6039 6043 6025 6044 6046 6045 6046 6044 6004 6047 6048 6045 6005 6003 6009 6049 6010 6011 6012 6005 6009 6050 6051 6015 6052 6051 6049 6053 6051 6052 6053 6054 6051 6055 6013 6019 6056 6057 6053 6054 6057 6058 6057 6054 6053 6015 6058 6014 6054 6058 6015 6010 6049 6059 6010 6060 6012 6052 6049 6011 6049 6050 6059 6061 6005 6012 6059 6060 6010 6047 6046 6023 6061 6012 6060 6005 6061 6016 6047 6024 6062 6003 6004 6044 6016 6063 6004 6063 6023 6046 6048 6047 6062 6045 6046 6047 6054 6015 6051 6064 6013 6014 6060 6059 6065 6051 6050 6049 6050 6013 6055 6060 6066 6061 6059 6055 6065 6061 6067 6016 6060 6065 6066 6016 6068 6063 6067 6061 6066 6004 6063 6046 6067 6068 6016 6069 6024 6043 6068 6041 6063 6041 6025 6023 6062 6024 6069 6047 6023 6024 6015 6013 6050 6019 6064 6070 6055 6019 6017 6050 6055 6059 6017 6065 6055 6067 6066 6071 6065 6017 6072 6067 6073 6068 6066 6072 6071 6074 6041 6068 6073 6067 6071 6063 6041 6023 6074 6068 6073 6075 6043 6040 6074 6042 6041 6042 6039 6025 6069 6043 6075 6024 6025 6043 6064 6019 6013 6070 6018 6019 6018 6076 6017 6072 6066 6065 6017 6077 6072 6077 6071 6072 6074 6073 6078 6079 6071 6077 6074 6080 6042 6073 6079 6078 6042 6008 6039 6074 6078 6080 6081 6040 6082 6008 6042 6080 6008 6006 6039 6075 6040 6081 6043 6039 6040 6076 6077 6017 6076 6083 6077 6083 6079 6077 6073 6071 6079 6084 6078 6079 6008 6080 6085 6086 6078 6084 6087 6088 6007 6086 6085 6080 6082 6088 6020 6085 6007 6008 6007 6088 6006 6081 6082 6089 6040 6006 6082 6083 6084 6079 6083 6090 6084 6084 6090 6086 6091 6090 6092 6080 6078 6086 6090 6091 6086 6093 6007 6085 6091 6093 6085 6006 6088 6082 6093 6087 6007 6082 6020 6089 6088 6087 6022 6094 6089 6020 6095 6092 6096 6085 6086 6091 6097 6022 6087 6092 6095 6093 6088 6022 6020 6097 6087 6095 6020 6021 6094 6022 6097 6029 6098 6094 6021 6092 6093 6091 6099 6096 6100 6087 6093 6095 6099 6095 6096 6029 6097 6101 6099 6101 6097 6021 6027 6098 6029 6101 6026 6038 6098 6027 6100 6033 6034 6095 6099 6097 6102 6030 6034 6101 6099 6034 6028 6031 6035 6026 6034 6030 6035 6038 6028 6034 6099 6100 6102 6034 6032 6026 6101 6034 6031 6102 6037 6028 6026 6030 6102 6031 6030 6037 6035 6031 6103 6105 6104 6106 6108 6107 6109 6111 6110 6112 6114 6113 6115 6117 6116 6118 6103 6104 6119 6121 6120 6122 6124 6123 6114 6125 6121 6121 6125 6120 6126 6128 6127 6125 6129 6120 6113 6128 6126 6128 6130 6127 6131 6123 6132 6133 6134 6123 6135 6136 6134 6137 6139 6138 6140 6142 6141 6118 6143 6141 6139 6144 6138 6105 6145 6104 6135 6118 6146 6145 6110 6111 6136 6122 6134 6109 6108 6111 6105 6110 6145 6147 6149 6148 6107 6108 6150 6147 6152 6151 6148 6149 6108 6111 6106 6153 6108 6106 6111 6154 6152 6155 6150 6108 6149 6156 6155 6148 6151 6152 6154 6147 6148 6152 6153 6157 6145 6109 6156 6108 6158 6155 6159 6148 6155 6152 6108 6156 6148 6156 6160 6159 6154 6155 6158 6136 6146 6157 6153 6145 6111 6146 6145 6157 6110 6160 6109 6161 6159 6162 6156 6159 6155 6109 6160 6156 6160 6163 6162 6158 6159 6161 6141 6103 6118 6145 6146 6104 6146 6136 6135 6105 6163 6110 6118 6104 6146 6164 6162 6165 6160 6162 6159 6110 6163 6160 6163 6166 6165 6161 6162 6164 6143 6135 6167 6142 6139 6168 6122 6123 6134 6140 6141 6143 6167 6135 6134 6103 6166 6105 6118 6135 6143 6169 6165 6170 6163 6165 6162 6105 6166 6163 6166 6171 6170 6164 6165 6169 6172 6133 6131 6124 6130 6173 6133 6167 6134 6123 6124 6173 6167 6172 6174 6123 6131 6133 6174 6140 6143 6172 6167 6133 6141 6171 6103 6143 6167 6174 6171 6168 6170 6166 6170 6165 6103 6171 6166 6171 6142 6168 6169 6170 6175 6128 6173 6130 6112 6113 6126 6132 6177 6176 6132 6123 6173 6128 6178 6173 6131 6176 6179 6173 6177 6132 6172 6179 6180 6132 6176 6131 6144 6140 6181 6179 6172 6131 6182 6181 6183 6174 6172 6180 6140 6174 6181 6168 6175 6170 6141 6142 6171 6142 6144 6139 6184 6175 6168 6113 6178 6128 6185 6114 6112 6186 6177 6178 6178 6177 6173 6178 6187 6186 6188 6176 6177 6177 6186 6188 6179 6189 6180 6176 6188 6190 6180 6181 6174 6179 6190 6189 6183 6181 6180 6180 6189 6183 6144 6181 6182 6139 6184 6168 6140 6144 6142 6144 6182 6138 6137 6184 6139 6114 6187 6113 6125 6185 6191 6186 6187 6192 6113 6187 6178 6187 6121 6192 6188 6186 6193 6186 6192 6193 6176 6190 6179 6194 6188 6193 6189 6190 6195 6190 6194 6195 6183 6189 6196 6189 6195 6196 6182 6183 6197 6183 6196 6197 6138 6182 6116 6182 6197 6116 6117 6137 6138 6185 6125 6114 6129 6125 6191 6121 6119 6192 6114 6121 6187 6119 6198 6192 6192 6198 6193 6198 6199 6193 6188 6194 6190 6193 6199 6194 6199 6200 6195 6199 6195 6194 6200 6201 6196 6200 6196 6195 6196 6201 6197 6201 6202 6197 6116 6117 6138 6197 6202 6116 6115 6116 6202 6203 6205 6204 6206 6208 6207 6209 6210 6207 6209 6203 6210 6208 6206 6211 6212 6211 6213 6208 6209 6207 6203 6204 6214 6205 6209 6215 6214 6217 6216 6216 6203 6214 6210 6203 6216 6208 6212 6215 6205 6203 6209 6212 6208 6211 6215 6209 6208 6218 6220 6219 6221 6223 6222 6224 6226 6225 6227 6229 6228 6230 6232 6231 6233 6235 6234 6236 6237 6230 6230 6237 6232 6238 6239 6236 6236 6230 6238 6234 6230 6231 6234 6241 6240 6231 6241 6234 6242 6234 6235 6240 6233 6234 6234 6244 6243 6244 6234 6242 6243 6246 6245 6244 6246 6243 6243 6248 6247 6245 6248 6243 6227 6243 6249 6247 6249 6243 6250 6227 6251 6227 6249 6251 6228 6252 6227 6227 6250 6229 6253 6254 6252 6227 6252 6254 6255 6254 6256 6254 6253 6256 6257 6254 6258 6254 6255 6258 6257 6260 6259 6259 6254 6257 6261 6262 6259 6261 6259 6260 6259 6263 6221 6263 6259 6262 6221 6264 6223 6263 6264 6221 6265 6222 6266 6265 6221 6222 6267 6265 6268 6266 6268 6265 6219 6269 6218 6270 6272 6271 6273 6275 6274 6276 6278 6277 6279 6281 6280 6282 6284 6283 6285 6278 6286 6287 6289 6288 6289 6287 6290 6291 6293 6292 6288 6293 6291 6291 6295 6294 6292 6296 6291 6294 6298 6297 6295 6298 6294 6299 6300 6294 6299 6294 6301 6302 6300 6303 6300 6302 6294 6304 6305 6302 6304 6302 6306 6302 6308 6307 6308 6302 6305 6309 6310 6307 6308 6311 6307 6312 6313 6307 6312 6307 6310 6314 6313 6315 6313 6314 6307 6316 6317 6314 6315 6318 6314 6314 6320 6319 6320 6314 6317 6319 6322 6321 6320 6322 6319 6319 6324 6323 6321 6324 6319 6325 6319 6326 6323 6326 6319 6325 6326 6327 6325 6327 6328 6329 6330 6325 6325 6328 6329 6331 6330 6329 6309 6307 6311 6318 6316 6314 6294 6297 6301 6303 6306 6302 6291 6287 6288 6296 6295 6291 6282 6332 6284 6277 6279 6276 6286 6283 6285 6282 6290 6332 6289 6290 6282 6283 6286 6282 6286 6278 6276 6333 6279 6280 6281 6279 6277 6333 6270 6271 6270 6333 6280 6272 6274 6271 6274 6334 6273 6272 6334 6274 6273 6220 6275 6275 6220 6218 6226 6224 6269 6218 6269 6224 6224 6225 6268 6267 6268 6335 6268 6225 6335 6336 6338 6337 6337 6339 6336 6338 6341 6340 6341 6338 6336 6342 6339 6337 6343 6344 6342 6342 6344 6339 6342 6346 6345 6345 6343 6342 6341 6348 6347 6341 6347 6340 6349 6350 6348 6347 6348 6350 6349 6352 6351 6351 6350 6349 6353 6352 6354 6352 6353 6351 6353 6354 6355 6356 6358 6357 6356 6357 6359 6359 6361 6360 6362 6363 6360 6359 6357 6361 6362 6360 6361 6364 6365 6358 6358 6356 6364 6365 6367 6366 6367 6365 6364 6368 6366 6369 6367 6369 6366 6368 6369 6370 6371 6373 6372 6374 6376 6375 6377 6378 6373 6373 6371 6377 6378 6380 6379 6380 6378 6377 6381 6379 6382 6380 6382 6379 6381 6382 6383 6383 6384 6381 6385 6384 6386 6383 6386 6384 6387 6388 6385 6385 6386 6387 6388 6390 6389 6390 6388 6387 6376 6389 6375 6390 6375 6389 6391 6393 6392 6392 6395 6394 6395 6392 6393 6396 6398 6397 6397 6398 6394 6391 6399 6393 6395 6397 6394 6399 6391 6400 6400 6402 6401 6401 6399 6400 6403 6402 6404 6402 6403 6401 6403 6404 6405 6406 6408 6407 6409 6411 6410 6411 6412 6410 6406 6413 6408 6414 6416 6415 6417 6419 6418 6420 6422 6421 6421 6423 6417 6420 6421 6424 6425 6412 6411 6426 6428 6427 6429 6431 6430 6410 6432 6409 6433 6430 6431 6429 6434 6431 6433 6436 6435 6411 6409 6437 6438 6440 6439 6437 6441 6411 6437 6442 6441 6443 6445 6444 6443 6446 6442 6447 6449 6448 6442 6446 6441 6447 6444 6445 6415 6451 6450 6441 6425 6411 6406 6425 6452 6453 6455 6454 6456 6458 6457 6459 6461 6460 6462 6464 6463 6465 6466 6462 6455 6453 6464 6455 6467 6454 6468 6470 6469 6443 6444 6446 6444 6447 6448 6449 6471 6448 6446 6444 6472 6434 6450 6473 6446 6472 6452 6410 6434 6432 6441 6452 6425 6473 6436 6431 6435 6474 6433 6432 6434 6429 6434 6410 6450 6430 6433 6439 6473 6431 6434 6474 6475 6438 6438 6439 6474 6439 6433 6474 6448 6472 6444 6476 6471 6449 6476 6460 6471 6452 6441 6446 6472 6448 6477 6412 6425 6478 6477 6413 6472 6413 6406 6452 6479 6473 6451 6412 6450 6410 6406 6478 6425 6480 6435 6436 6450 6412 6415 6473 6450 6451 6481 6475 6435 6431 6436 6433 6479 6480 6436 6475 6474 6435 6471 6477 6448 6459 6460 6476 6465 6461 6482 6413 6452 6472 6483 6477 6471 6414 6484 6419 6457 6413 6477 6407 6414 6478 6485 6451 6416 6478 6415 6412 6406 6407 6478 6486 6480 6479 6414 6415 6478 6451 6415 6416 6487 6481 6480 6473 6479 6436 6485 6486 6479 6481 6435 6480 6460 6483 6471 6482 6461 6459 6457 6408 6413 6483 6457 6477 6488 6483 6460 6408 6458 6489 6483 6456 6457 6489 6484 6407 6408 6457 6458 6419 6490 6416 6407 6408 6489 6486 6485 6491 6414 6407 6484 6416 6414 6419 6492 6487 6486 6451 6485 6479 6485 6490 6491 6487 6480 6486 6461 6488 6460 6466 6465 6482 6456 6494 6493 6488 6456 6483 6461 6495 6488 6493 6496 6458 6494 6456 6488 6496 6497 6489 6493 6458 6456 6418 6484 6497 6489 6458 6496 6423 6491 6490 6489 6497 6484 6418 6419 6484 6486 6491 6492 6416 6490 6485 6490 6417 6423 6498 6492 6491 6465 6495 6461 6499 6462 6466 6468 6500 6494 6495 6494 6488 6465 6470 6495 6501 6496 6502 6468 6494 6495 6503 6497 6501 6500 6493 6494 6424 6418 6503 6502 6496 6493 6504 6503 6505 6497 6496 6501 6418 6497 6503 6506 6498 6423 6419 6417 6490 6417 6424 6421 6498 6491 6423 6462 6470 6465 6499 6507 6464 6468 6508 6500 6470 6468 6495 6463 6469 6470 6500 6502 6493 6468 6469 6508 6509 6502 6500 6500 6508 6509 6510 6501 6502 6502 6509 6510 6505 6503 6501 6501 6510 6505 6424 6503 6504 6421 6422 6506 6418 6424 6417 6504 6420 6424 6506 6423 6421 6499 6464 6462 6453 6454 6511 6469 6463 6512 6462 6463 6470 6463 6453 6512 6508 6469 6513 6469 6512 6513 6509 6508 6514 6508 6513 6514 6510 6509 6515 6509 6514 6515 6505 6510 6516 6510 6515 6516 6504 6505 6517 6505 6516 6517 6427 6420 6504 6504 6517 6427 6428 6422 6420 6464 6507 6455 6467 6455 6507 6511 6518 6512 6464 6453 6463 6511 6512 6453 6518 6519 6513 6518 6513 6512 6519 6520 6514 6519 6514 6513 6520 6521 6515 6520 6515 6514 6515 6521 6516 6521 6522 6516 6516 6522 6517 6522 6523 6517 6426 6427 6523 6523 6427 6517 6428 6420 6427 6524 6526 6525 6527 6529 6528 6527 6524 6529 6528 6531 6530 6527 6526 6524 6530 6533 6532 6530 6531 6533 6532 6533 6534 6531 6528 6529 6535 6525 6526 6536 6537 6535 6535 6526 6536 6537 6539 6538 6539 6537 6536 6539 6540 6538 6538 6542 6541 6538 6540 6542 6543 6538 6541 6544 6546 6545 6547 6548 6544 6544 6545 6547 6548 6550 6549 6550 6548 6547 6551 6549 6552 6550 6552 6549 6553 6554 6551 6551 6552 6553 6545 6546 6555 6556 6555 6557 6546 6557 6555 6558 6559 6556 6556 6557 6558 6559 6561 6560 6561 6559 6558 6561 6562 6560 6560 6562 6563 6564 6566 6565 6567 6568 6564 6566 6564 6568 6567 6570 6569 6569 6568 6567 6571 6570 6572 6570 6571 6569 6566 6573 6565 6571 6572 6574 6575 6573 6576 6573 6575 6565 6577 6578 6576 6575 6576 6578 6577 6580 6579 6579 6578 6577 6581 6580 6582 6580 6581 6579 6581 6582 6583 6584 6586 6585 6587 6589 6588 6588 6589 6590 6591 6593 6592 6594 6596 6595 6597 6599 6598 6591 6601 6600 6593 6602 6597 6603 6599 6604 6589 6605 6590 6585 6606 6584 6607 6609 6608 6588 6610 6587 6611 6608 6609 6607 6612 6609 6611 6614 6613 6589 6587 6615 6616 6618 6617 6615 6619 6589 6615 6620 6619 6621 6623 6622 6621 6624 6620 6625 6627 6626 6620 6624 6619 6625 6622 6623 6628 6596 6629 6619 6605 6589 6605 6630 6585 6631 6633 6632 6634 6636 6635 6606 6637 6584 6638 6640 6639 6641 6642 6640 6631 6632 6639 6631 6643 6633 6644 6646 6645 6621 6622 6624 6622 6625 6626 6626 6627 6647 6624 6622 6648 6612 6628 6649 6630 6619 6624 6588 6612 6610 6630 6605 6619 6649 6614 6609 6613 6617 6611 6610 6612 6607 6628 6612 6588 6608 6611 6618 6649 6609 6612 6617 6651 6650 6616 6617 6650 6618 6611 6617 6626 6648 6622 6652 6647 6627 6652 6634 6647 6648 6630 6624 6648 6626 6653 6654 6586 6595 6648 6606 6630 6606 6585 6630 6629 6655 6649 6590 6628 6588 6585 6654 6605 6613 6614 6656 6596 6628 6590 6629 6649 6628 6657 6651 6613 6609 6614 6611 6655 6656 6614 6651 6617 6613 6647 6653 6626 6636 6634 6652 6635 6658 6641 6653 6606 6648 6647 6659 6653 6654 6590 6605 6637 6606 6653 6660 6601 6595 6594 6661 6629 6654 6596 6590 6585 6586 6654 6655 6662 6656 6596 6654 6595 6594 6629 6596 6656 6657 6613 6649 6655 6614 6655 6661 6662 6663 6657 6656 6634 6659 6647 6658 6635 6636 6664 6665 6637 6659 6637 6653 6666 6659 6634 6665 6667 6584 6664 6637 6659 6667 6660 6586 6584 6637 6665 6668 6594 6601 6586 6584 6667 6661 6669 6662 6595 6586 6660 6594 6595 6601 6670 6663 6662 6629 6661 6655 6661 6668 6669 6663 6656 6662 6635 6666 6634 6642 6641 6658 6671 6672 6664 6666 6664 6659 6673 6666 6635 6672 6674 6665 6671 6664 6666 6674 6675 6667 6672 6665 6664 6676 6678 6677 6667 6665 6674 6669 6668 6592 6660 6667 6675 6601 6660 6600 6669 6679 6670 6594 6668 6661 6668 6591 6592 6670 6662 6669 6641 6673 6635 6680 6640 6642 6645 6681 6671 6673 6671 6666 6644 6673 6641 6682 6674 6683 6645 6671 6673 6677 6675 6682 6681 6672 6671 6675 6600 6660 6672 6683 6674 6600 6677 6602 6675 6674 6682 6600 6675 6677 6669 6592 6679 6601 6591 6668 6591 6602 6593 6684 6679 6592 6640 6644 6641 6680 6685 6639 6645 6686 6681 6644 6645 6673 6638 6646 6644 6681 6683 6672 6645 6646 6686 6687 6683 6681 6681 6686 6687 6688 6682 6683 6683 6687 6688 6676 6677 6682 6682 6688 6676 6602 6677 6678 6598 6684 6593 6600 6602 6591 6602 6678 6597 6684 6592 6593 6680 6639 6640 6632 6633 6689 6646 6638 6690 6640 6638 6644 6638 6632 6690 6686 6646 6691 6646 6690 6691 6687 6686 6692 6686 6691 6692 6688 6687 6693 6687 6692 6693 6676 6688 6694 6688 6693 6694 6678 6676 6695 6676 6694 6695 6597 6678 6604 6695 6604 6678 6598 6593 6597 6639 6685 6631 6643 6631 6685 6689 6696 6690 6639 6632 6638 6689 6690 6632 6696 6697 6691 6696 6691 6690 6697 6698 6692 6697 6692 6691 6698 6699 6693 6698 6693 6692 6693 6699 6694 6699 6700 6694 6694 6700 6695 6700 6701 6695 6604 6599 6597 6695 6701 6604 6603 6604 6701 6702 6704 6703 6705 6707 6706 6708 6710 6709 6711 6713 6712 6708 6715 6714 6716 6718 6717 6706 6720 6719 6721 6722 6711 6711 6722 6723 6724 6726 6725 6727 6714 6728 6714 6727 6710 6729 6731 6730 6730 6728 6714 6731 6729 6732 6733 6710 6727 6734 6732 6735 6710 6733 6736 6737 6739 6738 6738 6736 6737 6740 6742 6741 6739 6741 6743 6744 6742 6740 6738 6739 6743 6745 6746 6715 6737 6736 6733 6741 6747 6740 6748 6709 6749 6750 6709 6736 6751 6718 6752 6753 6718 6716 6754 6756 6755 6757 6758 6702 6759 6756 6760 6756 6759 6761 6762 6764 6763 6741 6742 6743 6765 6742 6744 6766 6765 6767 6765 6768 6743 6748 6769 6753 6750 6738 6768 6709 6748 6708 6750 6736 6738 6735 6729 6770 6709 6710 6736 6714 6710 6708 6735 6772 6771 6728 6730 6731 6715 6773 6730 6773 6770 6729 6734 6735 6771 6732 6729 6735 6742 6765 6743 6744 6767 6765 6764 6766 6763 6743 6768 6738 6774 6768 6766 6745 6708 6748 6750 6774 6749 6753 6745 6748 6750 6749 6709 6775 6772 6770 6730 6773 6729 6714 6715 6730 6745 6715 6708 6776 6772 6777 6746 6778 6773 6778 6775 6770 6771 6772 6776 6735 6770 6772 6765 6766 6768 6767 6763 6766 6762 6704 6764 6768 6774 6750 6704 6762 6703 6716 6745 6753 6749 6779 6769 6780 6707 6781 6769 6748 6749 6705 6777 6775 6773 6778 6770 6715 6746 6773 6745 6716 6746 6782 6777 6783 6781 6707 6778 6707 6705 6775 6776 6777 6782 6772 6775 6777 6774 6764 6779 6764 6774 6766 6784 6754 6785 6774 6779 6749 6702 6703 6757 6717 6781 6716 6786 6752 6769 6716 6781 6746 6753 6752 6718 6713 6787 6712 6778 6707 6775 6746 6781 6778 6780 6781 6717 6783 6719 6788 6780 6706 6707 6706 6719 6705 6782 6783 6789 6777 6705 6783 6779 6764 6704 6779 6704 6786 6769 6752 6753 6779 6786 6769 6702 6790 6786 6717 6718 6791 6752 6790 6751 6780 6717 6792 6718 6751 6791 6780 6793 6706 6791 6792 6717 6713 6788 6787 6792 6793 6780 6705 6719 6783 6706 6793 6720 6783 6788 6789 6719 6720 6787 6794 6789 6788 6702 6786 6704 6785 6758 6757 6791 6751 6795 6786 6790 6752 6790 6758 6796 6792 6791 6797 6751 6796 6795 6793 6792 6798 6791 6795 6797 6720 6793 6799 6792 6797 6798 6720 6800 6787 6799 6793 6798 6719 6787 6788 6800 6720 6799 6788 6713 6794 6787 6800 6712 6801 6794 6713 6790 6702 6758 6758 6785 6754 6797 6795 6802 6790 6796 6751 6796 6754 6755 6798 6797 6803 6795 6755 6802 6799 6798 6804 6797 6802 6803 6800 6799 6805 6798 6803 6804 6800 6806 6712 6799 6804 6805 6712 6721 6711 6800 6805 6806 6713 6711 6801 6806 6721 6712 6723 6801 6711 6754 6796 6758 6761 6759 6807 6761 6808 6802 6796 6755 6795 6802 6755 6761 6808 6809 6803 6803 6802 6808 6809 6810 6804 6804 6803 6809 6810 6811 6805 6805 6804 6810 6811 6812 6806 6806 6805 6811 6813 6721 6812 6721 6806 6812 6724 6722 6813 6722 6721 6813 6725 6723 6722 6754 6784 6756 6760 6756 6784 6807 6814 6808 6755 6756 6761 6807 6808 6761 6814 6815 6809 6814 6809 6808 6815 6816 6810 6815 6810 6809 6810 6816 6811 6816 6817 6811 6811 6817 6812 6817 6818 6812 6812 6818 6813 6818 6819 6813 6724 6725 6722 6813 6819 6724 6726 6724 6819 6820 6822 6821 6823 6824 6820 6820 6821 6823 6824 6826 6825 6826 6824 6823 6827 6825 6828 6826 6828 6825 6829 6830 6827 6827 6828 6829 6821 6822 6831 6832 6831 6833 6822 6833 6831 6834 6835 6832 6832 6833 6834 6835 6837 6836 6837 6835 6834 6837 6838 6836 6836 6838 6839 6840 6842 6841 6842 6844 6843 6844 6842 6840 6845 6843 6846 6844 6846 6843 6847 6848 6845 6845 6846 6847 6849 6848 6847 6849 6850 6848 6840 6841 6851 6852 6851 6853 6841 6853 6851 6854 6855 6852 6852 6853 6854 6855 6857 6856 6857 6855 6854 6857 6858 6856 6856 6858 6859 6860 6862 6861 6863 6860 6864 6863 6862 6860 6865 6866 6863 6867 6863 6866 6864 6865 6863 6862 6868 6861 6868 6870 6869 6861 6868 6869 6870 6871 6869 6872 6873 6871 6869 6871 6873 6872 6875 6874 6874 6873 6872 6876 6875 6877 6875 6876 6874 6876 6877 6878 6878 6877 6879 6880 6882 6881 6883 6885 6884 6886 6888 6887 6889 6891 6890 6892 6891 6893 6894 6895 6885 6896 6898 6897 6891 6899 6893 6900 6902 6901 6898 6904 6903 6905 6903 6906 6905 6897 6903 6907 6909 6908 6908 6906 6903 6909 6907 6910 6911 6897 6905 6912 6910 6913 6914 6916 6915 6917 6918 6914 6911 6917 6919 6920 6922 6921 6918 6922 6923 6924 6920 6925 6914 6918 6923 6926 6927 6904 6914 6919 6917 6921 6925 6920 6928 6929 6896 6915 6896 6919 6930 6882 6931 6932 6934 6933 6935 6937 6936 6938 6940 6939 6941 6937 6942 6941 6943 6937 6944 6946 6945 6922 6920 6923 6947 6920 6924 6944 6947 6946 6947 6916 6923 6933 6934 6929 6898 6896 6929 6919 6897 6911 6919 6914 6915 6913 6907 6948 6919 6896 6897 6903 6897 6898 6913 6950 6949 6906 6908 6909 6904 6951 6908 6951 6948 6907 6912 6913 6949 6910 6907 6913 6920 6947 6923 6924 6946 6947 6952 6953 6935 6923 6916 6914 6944 6954 6916 6929 6926 6898 6915 6954 6928 6926 6929 6934 6896 6915 6928 6955 6950 6948 6908 6951 6907 6903 6904 6908 6926 6904 6898 6956 6950 6957 6927 6958 6951 6958 6955 6948 6949 6950 6956 6913 6948 6950 6944 6916 6947 6959 6960 6945 6960 6959 6881 6916 6954 6915 6960 6961 6954 6934 6887 6926 6933 6928 6961 6962 6927 6887 6933 6929 6928 6895 6957 6955 6951 6958 6948 6904 6927 6951 6927 6926 6887 6963 6957 6894 6962 6964 6958 6964 6895 6955 6956 6957 6963 6950 6955 6957 6954 6944 6960 6945 6960 6944 6941 6965 6943 6954 6961 6928 6881 6966 6961 6887 6934 6886 6966 6932 6933 6967 6889 6890 6932 6886 6934 6964 6962 6968 6958 6964 6955 6927 6962 6958 6888 6968 6962 6969 6894 6970 6968 6884 6964 6884 6885 6895 6963 6894 6969 6957 6895 6894 6960 6881 6961 6959 6880 6881 6940 6888 6886 6961 6966 6933 6971 6966 6882 6972 6968 6888 6971 6939 6932 6887 6888 6962 6886 6939 6940 6884 6968 6973 6940 6972 6888 6964 6884 6895 6968 6972 6973 6970 6967 6890 6883 6884 6973 6883 6967 6885 6969 6970 6974 6894 6885 6970 6881 6882 6966 6880 6931 6882 6932 6939 6886 6966 6971 6932 6971 6930 6975 6972 6940 6976 6939 6975 6938 6973 6972 6977 6940 6938 6976 6883 6973 6978 6972 6976 6977 6967 6883 6979 6978 6973 6977 6885 6967 6970 6978 6979 6883 6970 6890 6974 6967 6979 6889 6980 6974 6890 6882 6930 6971 6931 6952 6930 6976 6938 6981 6971 6975 6939 6975 6935 6936 6977 6976 6982 6938 6936 6981 6978 6977 6983 6976 6981 6982 6979 6978 6984 6977 6982 6983 6889 6979 6985 6978 6983 6984 6889 6899 6891 6979 6984 6985 6890 6891 6980 6985 6899 6889 6892 6980 6891 6975 6930 6935 6952 6935 6930 6943 6986 6981 6975 6936 6938 6981 6936 6943 6986 6987 6982 6982 6981 6986 6987 6988 6983 6983 6982 6987 6988 6989 6984 6984 6983 6988 6989 6990 6985 6985 6984 6989 6990 6991 6899 6899 6985 6990 6902 6893 6991 6893 6899 6991 6900 6892 6893 6935 6953 6937 6942 6937 6953 6965 6992 6986 6936 6937 6943 6965 6986 6943 6992 6993 6987 6992 6987 6986 6993 6994 6988 6993 6988 6987 6988 6994 6989 6994 6995 6989 6989 6995 6990 6995 6996 6990 6990 6996 6991 6996 6997 6991 6902 6900 6893 6991 6997 6902 6901 6902 6997 6998 7000 6999 6998 6999 7001 7002 7004 7003 7001 7002 7003 7004 7005 7003 7004 7006 7005 6999 7002 7001 7000 7007 6999 7008 7009 7007 7007 7000 7008 7009 7011 7010 7011 7009 7008 7011 7012 7010 7010 7012 7013 7014 7016 7015 7017 7018 7014 7014 7015 7017 7018 7020 7019 7020 7018 7017 7021 7019 7022 7020 7022 7019 7023 7024 7021 7021 7022 7023 7015 7016 7025 7026 7025 7027 7016 7027 7025 7028 7029 7026 7026 7027 7028 7029 7031 7030 7031 7029 7028 7031 7032 7030 7030 7032 7033 7034 7036 7035 7037 7038 7036 7039 7037 7036 7034 7039 7036 7038 7037 7040 7041 7043 7042 7041 7042 7040 7040 7042 7038 7035 7044 7034 7045 7046 7044 7044 7035 7045 7046 7048 7047 7048 7046 7045 7048 7049 7047 7050 7052 7051 7053 7055 7054 7053 7054 7056 7053 7056 7057 7058 7054 7055 7059 7061 7060 7060 7058 7059 7058 7055 7059 7062 7061 7059 7063 7057 7056 7059 7064 7062 7065 7063 7066 7056 7066 7063 7051 7052 7065 7065 7066 7051 7067 7052 7050 7067 7069 7068 7069 7067 7050 7070 7072 7071 7073 7072 7074 7075 7077 7076 7071 7078 7070 7070 7078 7076 7075 7076 7078 7071 7072 7073 7074 7079 7073 7080 7081 7079 7079 7074 7080 7081 7083 7082 7083 7081 7080 7084 7082 7085 7083 7085 7082 7084 7085 7086 7087 7089 7088 7090 7092 7091 7088 7089 7093 7094 7095 7092 7094 7092 7090 7090 7091 7096 7095 7094 7087 7097 7093 7098 7099 7095 7087 7093 7089 7098 7100 7097 7101 7100 7103 7102 7098 7101 7097 7104 7102 7105 7100 7101 7103 7104 7105 7106 7105 7102 7103 7107 7106 7108 7104 7106 7109 7107 7109 7106 7110 7111 7108 7087 7094 7112 7089 7112 7113 7099 7087 7088 7112 7089 7087 7098 7113 7114 7113 7098 7089 7101 7114 7115 7114 7101 7098 7103 7115 7116 7115 7103 7101 7105 7116 7117 7116 7105 7103 7117 7110 7106 7117 7106 7105 7108 7106 7110 7118 7120 7119 7121 7123 7122 7118 7123 7120 7123 7118 7122 7124 7126 7125 7125 7121 7127 7124 7128 7126 7124 7125 7127 7121 7122 7127 7119 7120 7129 7130 7131 7129 7119 7129 7131 7130 7133 7132 7132 7131 7130 7133 7134 7132 7135 7137 7136 7138 7140 7139 7141 7142 7138 7143 7138 7144 7145 7147 7146 7148 7150 7149 7151 7153 7152 7154 7155 7147 7156 7158 7157 7152 7153 7157 7159 7161 7160 7162 7164 7163 7165 7150 7166 7167 7169 7168 7135 7171 7170 7172 7174 7173 7167 7175 7169 7137 7167 7168 7173 7174 7175 7172 7177 7176 7173 7177 7172 7176 7179 7178 7135 7136 7171 7137 7168 7136 7170 7181 7180 7171 7181 7170 7182 7175 7159 7180 7184 7183 7182 7160 7166 7180 7185 7184 7167 7186 7159 7185 7187 7184 7188 7190 7189 7165 7160 7191 7192 7194 7193 7195 7191 7161 7196 7198 7197 7199 7194 7192 7200 7202 7201 7197 7203 7201 7204 7201 7203 7205 7200 7204 7206 7207 7183 7185 7180 7181 7207 7180 7183 7207 7206 7208 7209 7211 7210 7212 7186 7137 7135 7213 7212 7177 7173 7214 7135 7212 7137 7137 7186 7167 7179 7177 7215 7169 7175 7174 7175 7167 7159 7214 7215 7177 7182 7214 7173 7179 7217 7216 7178 7179 7216 7176 7177 7179 7170 7207 7213 7207 7170 7180 7208 7209 7210 7170 7213 7135 7208 7218 7213 7219 7161 7186 7219 7212 7218 7215 7214 7220 7212 7219 7186 7186 7161 7159 7217 7215 7221 7175 7182 7173 7182 7159 7160 7215 7220 7221 7166 7220 7214 7217 7223 7222 7216 7217 7222 7179 7215 7217 7207 7208 7213 7206 7209 7208 7224 7226 7225 7213 7218 7212 7218 7210 7227 7228 7199 7191 7227 7219 7218 7221 7220 7229 7195 7161 7219 7161 7191 7160 7223 7221 7230 7182 7166 7214 7166 7160 7165 7221 7229 7230 7150 7229 7220 7223 7232 7231 7222 7223 7231 7217 7221 7223 7210 7218 7208 7226 7233 7211 7224 7233 7226 7219 7227 7195 7233 7234 7227 7199 7149 7165 7228 7195 7234 7230 7229 7142 7191 7195 7228 7199 7165 7191 7232 7230 7141 7166 7150 7220 7150 7165 7149 7230 7142 7141 7148 7142 7229 7232 7236 7235 7231 7232 7235 7223 7230 7232 7227 7210 7233 7211 7233 7210 7163 7237 7162 7227 7234 7195 7225 7163 7164 7192 7190 7149 7228 7238 7194 7190 7140 7148 7228 7194 7199 7199 7192 7149 7236 7141 7143 7150 7148 7229 7148 7149 7190 7141 7138 7143 7140 7138 7142 7236 7240 7239 7235 7236 7239 7232 7141 7236 7234 7224 7238 7224 7234 7233 7241 7243 7242 7234 7238 7228 7244 7238 7164 7190 7192 7189 7244 7193 7194 7140 7190 7188 7193 7189 7192 7245 7144 7246 7240 7143 7245 7148 7140 7142 7140 7188 7139 7143 7144 7245 7139 7144 7138 7240 7248 7247 7239 7240 7247 7236 7143 7240 7238 7224 7164 7225 7164 7224 7193 7249 7189 7238 7244 7194 7250 7237 7198 7189 7251 7188 7252 7249 7193 7188 7253 7139 7249 7251 7189 7139 7254 7144 7253 7188 7251 7248 7245 7155 7254 7139 7253 7245 7246 7155 7254 7246 7144 7248 7154 7255 7247 7248 7255 7240 7245 7248 7244 7162 7252 7162 7244 7164 7249 7243 7251 7244 7252 7193 7250 7256 7252 7251 7241 7253 7256 7243 7249 7253 7257 7254 7243 7241 7251 7254 7258 7246 7241 7257 7253 7259 7155 7246 7257 7258 7254 7259 7147 7155 7259 7246 7258 7154 7261 7260 7255 7154 7260 7248 7155 7154 7252 7162 7250 7237 7250 7162 7262 7257 7241 7252 7256 7249 7196 7202 7256 7263 7258 7257 7202 7242 7243 7264 7259 7258 7242 7262 7241 7146 7147 7259 7262 7263 7257 7145 7261 7147 7263 7264 7258 7265 7151 7145 7264 7146 7259 7261 7151 7266 7260 7261 7266 7154 7147 7261 7256 7250 7196 7198 7196 7250 7200 7267 7242 7256 7202 7243 7200 7242 7202 7267 7268 7262 7267 7262 7242 7268 7269 7263 7268 7263 7262 7269 7270 7264 7269 7264 7263 7270 7271 7146 7270 7146 7264 7271 7265 7145 7271 7145 7146 7151 7265 7153 7266 7151 7152 7261 7145 7151 7196 7197 7201 7202 7196 7201 7267 7205 7272 7204 7200 7201 7268 7272 7273 7205 7267 7200 7269 7273 7274 7272 7268 7267 7270 7274 7275 7273 7269 7268 7271 7275 7276 7274 7270 7269 7265 7276 7277 7275 7271 7270 7153 7277 7156 7276 7265 7271 7156 7157 7153 7277 7153 7265 7278 7280 7279 7281 7283 7282 7284 7286 7285 7285 7287 7283 7288 7290 7289 7291 7293 7292 7294 7292 7281 7295 7296 7291 7297 7292 7294 7298 7295 7292 7291 7292 7295 7294 7281 7282 7287 7282 7283 7299 7286 7284 7286 7287 7285 7284 7290 7299 7288 7299 7290 7288 7289 7300 7289 7301 7300 7302 7303 7289 7279 7280 7303 7303 7301 7289 7278 7279 7304 7292 7293 7281 7292 7297 7298 7293 7305 7281 7281 7305 7283 7305 7306 7283 7283 7306 7285 7306 7307 7285 7307 7308 7284 7307 7284 7285 7308 7309 7290 7308 7290 7284 7289 7309 7302 7309 7289 7290 7280 7301 7303 7310 7312 7311 7313 7315 7314 7316 7318 7317 7319 7321 7320 7322 7324 7323 7325 7327 7326 7323 7329 7328 7328 7322 7323 7330 7331 7329 7328 7329 7331 7322 7325 7324 7325 7326 7324 7318 7327 7317 7326 7327 7318 7316 7319 7320 7317 7319 7316 7321 7310 7311 7321 7311 7320 7313 7312 7315 7315 7312 7310 7332 7334 7333 7335 7337 7336 7338 7340 7339 7341 7343 7342 7344 7332 7339 7345 7333 7334 7346 7336 7345 7336 7346 7335 7347 7349 7348 7350 7352 7351 7353 7355 7354 7356 7358 7357 7359 7361 7360 7362 7364 7363 7365 7367 7366 7360 7354 7368 7369 7366 7370 7361 7367 7371 7365 7366 7372 7357 7374 7373 7375 7369 7370 7376 7343 7356 7377 7379 7378 7341 7381 7380 7382 7384 7383 7385 7380 7384 7386 7383 7387 7388 7358 7338 7389 7391 7390 7388 7339 7392 7388 7393 7357 7340 7394 7344 7395 7396 7344 7332 7344 7396 7394 7395 7344 7394 7397 7395 7397 7399 7398 7398 7399 7400 7401 7398 7400 7402 7401 7400 7402 7404 7403 7404 7405 7403 7406 7405 7407 7336 7333 7345 7408 7337 7335 7337 7408 7409 7332 7396 7334 7336 7410 7333 7411 7399 7412 7392 7333 7410 7332 7392 7339 7411 7413 7400 7394 7399 7397 7340 7344 7339 7414 7404 7402 7412 7399 7394 7411 7400 7399 7405 7404 7407 7401 7402 7403 7414 7402 7413 7415 7407 7404 7337 7410 7336 7416 7409 7408 7409 7416 7417 7392 7332 7333 7410 7337 7418 7419 7412 7420 7393 7410 7418 7392 7393 7388 7419 7421 7411 7340 7412 7394 7338 7339 7388 7413 7422 7414 7420 7412 7340 7419 7411 7412 7404 7414 7415 7400 7413 7402 7422 7413 7421 7423 7415 7414 7409 7418 7337 7352 7417 7416 7417 7352 7350 7393 7392 7410 7355 7353 7351 7424 7420 7379 7374 7418 7425 7357 7393 7374 7424 7426 7419 7338 7420 7340 7358 7388 7357 7427 7422 7421 7379 7420 7338 7424 7419 7420 7422 7428 7423 7411 7421 7413 7421 7426 7427 7423 7414 7422 7409 7425 7418 7417 7425 7409 7429 7367 7430 7374 7393 7418 7355 7368 7354 7378 7343 7431 7432 7433 7425 7433 7373 7374 7377 7434 7424 7358 7379 7338 7356 7357 7373 7435 7427 7426 7379 7358 7378 7377 7424 7379 7422 7427 7428 7419 7426 7421 7435 7426 7434 7436 7428 7427 7417 7432 7425 7350 7432 7417 7433 7362 7437 7433 7374 7425 7432 7350 7438 7373 7437 7376 7432 7362 7433 7437 7373 7433 7439 7377 7431 7356 7378 7358 7373 7376 7356 7440 7435 7434 7343 7378 7356 7377 7378 7431 7427 7435 7436 7424 7434 7426 7440 7434 7439 7441 7436 7435 7350 7353 7438 7353 7350 7351 7442 7444 7443 7438 7362 7432 7438 7353 7445 7363 7442 7437 7364 7362 7438 7442 7342 7376 7437 7362 7363 7341 7446 7431 7376 7437 7442 7447 7440 7439 7343 7376 7342 7341 7431 7343 7435 7440 7441 7377 7439 7434 7439 7446 7447 7448 7441 7440 7354 7445 7353 7359 7360 7368 7364 7450 7449 7445 7364 7438 7451 7445 7354 7363 7449 7444 7450 7364 7445 7381 7342 7443 7449 7363 7364 7386 7387 7452 7442 7363 7444 7446 7385 7447 7442 7443 7342 7381 7341 7342 7453 7448 7447 7431 7446 7439 7446 7380 7385 7448 7440 7447 7360 7451 7354 7430 7361 7359 7450 7349 7347 7451 7450 7445 7454 7451 7360 7449 7347 7455 7349 7450 7451 7444 7455 7456 7450 7347 7449 7443 7456 7387 7449 7455 7444 7381 7387 7383 7443 7444 7456 7381 7443 7387 7385 7457 7453 7341 7380 7446 7380 7383 7384 7453 7447 7385 7454 7360 7361 7365 7371 7367 7458 7349 7454 7454 7349 7451 7371 7458 7454 7455 7347 7459 7458 7348 7349 7456 7455 7460 7348 7459 7347 7386 7452 7461 7455 7459 7460 7452 7387 7456 7456 7460 7452 7382 7391 7389 7385 7384 7457 7381 7383 7380 7383 7386 7382 7462 7457 7384 7430 7367 7361 7366 7429 7370 7458 7371 7463 7361 7371 7454 7371 7365 7463 7348 7458 7464 7458 7463 7464 7459 7348 7465 7348 7464 7465 7466 7460 7459 7459 7465 7466 7467 7452 7460 7460 7466 7467 7386 7391 7382 7467 7461 7452 7389 7462 7382 7461 7391 7386 7462 7384 7382 7366 7367 7429 7369 7372 7366 7372 7468 7365 7365 7468 7463 7468 7469 7463 7469 7470 7464 7469 7464 7463 7470 7471 7465 7470 7465 7464 7471 7472 7466 7471 7466 7465 7467 7472 7473 7472 7467 7466 7474 7467 7473 7467 7474 7461 7475 7461 7474 7461 7475 7391 7391 7475 7390 7476 7478 7477 7479 7481 7480 7482 7484 7483 7481 7486 7485 7487 7489 7488 7490 7487 7484 7491 7493 7492 7494 7488 7495 7492 7497 7496 7498 7494 7491 7499 7500 7493 7493 7501 7492 7499 7502 7500 7481 7504 7503 7505 7506 7477 7504 7507 7476 7508 7510 7509 7511 7512 7508 7513 7515 7514 7516 7517 7510 7503 7518 7480 7519 7521 7520 7522 7523 7480 7524 7525 7522 7524 7526 7525 7522 7518 7527 7528 7530 7529 7531 7532 7528 7533 7535 7534 7533 7529 7530 7536 7538 7537 7533 7534 7529 7539 7535 7537 7531 7524 7532 7536 7540 7538 7531 7526 7524 7526 7541 7525 7542 7525 7541 7524 7527 7532 7543 7542 7544 7541 7544 7542 7543 7546 7545 7545 7548 7547 7543 7544 7546 7549 7548 7550 7551 7553 7552 7545 7547 7543 7547 7548 7549 7542 7543 7554 7530 7556 7555 7554 7523 7542 7523 7522 7525 7557 7533 7555 7532 7530 7528 7527 7524 7522 7535 7558 7537 7530 7532 7556 7555 7533 7530 7536 7537 7559 7534 7535 7539 7558 7535 7557 7539 7537 7538 7547 7554 7543 7560 7550 7561 7549 7550 7560 7523 7525 7542 7554 7547 7562 7563 7556 7564 7562 7479 7554 7479 7480 7523 7565 7555 7563 7527 7556 7532 7522 7480 7518 7566 7558 7557 7556 7527 7564 7563 7555 7556 7558 7567 7559 7533 7557 7535 7557 7565 7566 7559 7537 7558 7549 7562 7547 7483 7561 7568 7560 7561 7483 7479 7523 7554 7549 7569 7562 7564 7514 7570 7486 7562 7569 7481 7479 7486 7571 7563 7570 7518 7564 7527 7503 7480 7481 7565 7572 7566 7564 7518 7514 7570 7563 7564 7558 7566 7567 7555 7565 7557 7572 7565 7571 7573 7567 7566 7560 7569 7549 7482 7483 7568 7574 7576 7575 7486 7479 7562 7569 7560 7577 7513 7476 7578 7577 7579 7569 7579 7485 7486 7580 7570 7515 7503 7514 7518 7504 7481 7485 7572 7582 7581 7514 7503 7513 7515 7570 7514 7572 7581 7573 7563 7571 7565 7571 7580 7582 7573 7566 7572 7483 7577 7560 7490 7484 7482 7579 7574 7583 7579 7486 7569 7577 7483 7584 7485 7583 7507 7577 7574 7579 7583 7485 7579 7585 7515 7578 7504 7513 7503 7485 7507 7504 7580 7586 7582 7476 7513 7504 7515 7513 7578 7581 7582 7587 7570 7580 7571 7586 7580 7585 7571 7582 7572 7484 7584 7483 7489 7487 7490 7588 7590 7589 7584 7574 7577 7584 7484 7591 7575 7588 7583 7576 7574 7584 7588 7478 7507 7583 7574 7575 7477 7592 7578 7507 7583 7588 7593 7594 7586 7476 7507 7478 7477 7578 7476 7586 7594 7587 7515 7585 7580 7585 7592 7593 7587 7582 7586 7487 7591 7484 7495 7488 7489 7576 7551 7595 7591 7576 7584 7596 7591 7487 7575 7595 7590 7551 7576 7591 7505 7478 7589 7595 7575 7576 7517 7516 7597 7588 7575 7590 7593 7512 7598 7588 7589 7478 7477 7478 7505 7594 7593 7598 7578 7592 7585 7512 7592 7506 7585 7593 7586 7488 7596 7487 7494 7495 7599 7600 7552 7601 7596 7551 7591 7602 7596 7488 7595 7552 7600 7553 7551 7596 7590 7600 7603 7551 7552 7595 7589 7603 7516 7595 7600 7590 7505 7516 7510 7589 7590 7603 7505 7589 7516 7598 7512 7511 7477 7506 7592 7506 7510 7508 7592 7512 7593 7494 7602 7488 7491 7599 7604 7605 7553 7602 7602 7553 7596 7602 7498 7605 7606 7552 7553 7605 7606 7553 7603 7600 7607 7606 7601 7552 7517 7597 7608 7600 7601 7607 7597 7516 7603 7603 7607 7597 7509 7520 7521 7508 7609 7511 7505 7510 7506 7509 7510 7517 7506 7508 7512 7599 7491 7494 7501 7493 7500 7605 7498 7496 7494 7498 7602 7498 7492 7496 7606 7605 7610 7605 7496 7610 7601 7606 7611 7606 7610 7611 7612 7607 7601 7601 7611 7612 7613 7597 7607 7607 7612 7613 7517 7520 7509 7613 7608 7597 7508 7509 7609 7517 7608 7520 7521 7609 7509 7491 7604 7493 7499 7493 7604 7497 7492 7501 7491 7492 7498 7497 7614 7496 7496 7614 7610 7614 7615 7610 7615 7616 7611 7615 7611 7610 7616 7617 7612 7616 7612 7611 7613 7617 7618 7617 7613 7612 7608 7618 7619 7618 7608 7613 7620 7608 7619 7608 7620 7520 7520 7620 7519 7621 7623 7622 7624 7626 7625 7627 7629 7628 7630 7632 7631 7633 7635 7634 7636 7638 7637 7637 7639 7636 7640 7638 7641 7636 7641 7638 7642 7640 7641 7632 7639 7637 7632 7630 7639 7635 7631 7634 7630 7631 7635 7634 7624 7633 7628 7625 7626 7633 7624 7625 7621 7622 7629 7629 7627 7621 7626 7627 7628 7643 7645 7644 7646 7648 7647 7645 7646 7644 7649 7643 7644 7649 7651 7650 7652 7651 7653 7649 7650 7643 7648 7646 7645 7654 7653 7649 7655 7656 7652 7655 7652 7653 7647 7657 7646 7658 7659 7657 7657 7647 7658 7659 7661 7660 7662 7657 7659 7663 7664 7660 7661 7659 7658 7664 7666 7665 7667 7660 7664 7668 7665 7666 7669 7670 7665 7665 7670 7664 7667 7664 7670 7663 7666 7664 7671 7660 7667 7661 7663 7660 7660 7671 7659 7662 7659 7671 7662 7672 7657 7672 7673 7646 7672 7646 7657 7673 7674 7644 7673 7644 7646 7674 7654 7649 7674 7649 7644 7649 7653 7651 7675 7677 7676 7678 7680 7679 7681 7683 7682 7684 7686 7685 7681 7688 7687 7689 7691 7690 7692 7693 7688 7683 7681 7687 7684 7692 7694 7692 7695 7694 7686 7684 7694 7696 7697 7677 7698 7700 7699 7701 7703 7702 7704 7706 7705 7707 7708 7678 7709 7702 7703 7710 7712 7711 7713 7714 7708 7715 7716 7691 7717 7718 7715 7717 7691 7689 7719 7699 7720 7721 7722 7675 7723 7725 7724 7699 7727 7726 7728 7730 7729 7731 7733 7732 7734 7728 7729 7676 7697 7711 7735 7737 7736 7737 7710 7697 7738 7740 7739 7741 7683 7736 7737 7696 7742 7742 7743 7736 7741 7682 7683 7744 7746 7745 7736 7743 7741 7745 7748 7747 7744 7742 7746 7747 7750 7749 7748 7745 7746 7684 7693 7692 7751 7685 7686 7751 7752 7685 7693 7687 7688 7685 7753 7693 7754 7735 7683 7687 7753 7754 7755 7748 7746 7687 7754 7683 7736 7683 7735 7756 7750 7748 7743 7742 7744 7737 7742 7736 7756 7748 7755 7746 7696 7755 7750 7758 7757 7749 7750 7757 7747 7748 7750 7684 7685 7693 7759 7752 7751 7759 7760 7752 7693 7753 7687 7752 7761 7753 7762 7710 7735 7754 7761 7762 7763 7756 7755 7754 7762 7735 7735 7710 7737 7764 7758 7756 7742 7696 7746 7697 7696 7737 7756 7758 7750 7755 7677 7763 7756 7763 7764 7765 7758 7766 7758 7765 7757 7685 7752 7753 7767 7760 7759 7767 7768 7760 7753 7761 7754 7760 7769 7761 7770 7701 7711 7769 7712 7762 7771 7764 7763 7710 7762 7712 7710 7711 7697 7766 7773 7772 7696 7677 7755 7676 7677 7697 7773 7764 7771 7763 7675 7771 7766 7772 7774 7765 7766 7774 7758 7764 7766 7752 7760 7761 7775 7768 7767 7775 7776 7768 7761 7769 7762 7777 7769 7768 7701 7721 7676 7712 7777 7770 7726 7773 7771 7711 7712 7770 7701 7676 7711 7772 7727 7778 7677 7675 7763 7721 7675 7676 7726 7727 7773 7771 7722 7726 7764 7773 7766 7774 7772 7779 7779 7772 7778 7760 7768 7769 7780 7776 7775 7780 7680 7776 7769 7777 7712 7776 7781 7777 7702 7704 7721 7770 7781 7703 7704 7720 7722 7770 7703 7701 7701 7702 7721 7727 7700 7778 7675 7722 7771 7722 7721 7704 7700 7727 7699 7726 7720 7699 7773 7727 7772 7779 7778 7782 7782 7778 7783 7768 7776 7777 7679 7680 7780 7784 7786 7785 7777 7781 7770 7787 7781 7680 7704 7702 7706 7787 7709 7703 7720 7704 7705 7709 7706 7702 7788 7789 7698 7789 7783 7700 7722 7720 7726 7720 7705 7719 7782 7783 7790 7719 7698 7699 7778 7700 7783 7700 7698 7789 7790 7783 7791 7776 7680 7781 7707 7678 7679 7709 7792 7706 7781 7787 7703 7787 7678 7793 7706 7794 7705 7793 7792 7709 7705 7795 7719 7792 7794 7706 7719 7796 7698 7795 7705 7794 7789 7724 7791 7796 7719 7795 7789 7791 7783 7796 7788 7698 7789 7788 7724 7790 7791 7797 7797 7791 7725 7680 7678 7787 7798 7708 7707 7792 7786 7794 7787 7793 7709 7708 7799 7793 7794 7784 7795 7799 7786 7792 7795 7800 7796 7786 7784 7794 7796 7801 7788 7784 7800 7795 7724 7788 7802 7800 7801 7796 7733 7725 7732 7788 7801 7802 7802 7723 7724 7797 7725 7733 7791 7724 7725 7678 7708 7793 7798 7713 7708 7803 7800 7784 7793 7799 7792 7714 7716 7799 7804 7801 7800 7716 7785 7786 7805 7802 7801 7785 7803 7784 7806 7723 7802 7803 7804 7800 7807 7732 7723 7804 7805 7801 7731 7729 7730 7806 7802 7805 7725 7723 7732 7723 7806 7807 7731 7732 7729 7708 7714 7799 7713 7690 7714 7715 7808 7785 7799 7716 7786 7715 7785 7716 7808 7809 7803 7808 7803 7785 7809 7810 7804 7809 7804 7803 7810 7811 7805 7810 7805 7804 7811 7812 7806 7811 7806 7805 7812 7734 7807 7812 7807 7806 7738 7739 7728 7729 7807 7734 7732 7807 7729 7714 7690 7691 7716 7714 7691 7808 7718 7813 7717 7715 7691 7809 7813 7814 7718 7808 7715 7810 7814 7815 7813 7809 7808 7811 7815 7816 7814 7810 7809 7812 7816 7817 7815 7811 7810 7734 7817 7818 7816 7812 7811 7728 7818 7738 7817 7734 7812 7728 7734 7818 7730 7728 7739 7819 7821 7820 7822 7824 7823 7823 7825 7822 7826 7828 7827 7825 7828 7826 7823 7828 7825 7829 7831 7830 7830 7831 7827 7832 7831 7829 7833 7824 7822 7831 7826 7827 7820 7821 7833 7824 7833 7821 7819 7820 7834 7834 7836 7835 7835 7819 7834 7836 7837 7835 7838 7840 7839 7841 7839 7842 7843 7845 7844 7846 7847 7841 7842 7839 7840 7845 7848 7844 7847 7844 7848 7849 7850 7838 7838 7850 7840 7838 7852 7851 7853 7855 7854 7849 7838 7851 7856 7854 7857 7853 7851 7855 7858 7860 7859 7857 7854 7855 7861 7858 7862 7857 7859 7856 7859 7860 7856 7863 7860 7858 7864 7841 7848 7841 7842 7846 7841 7847 7848 7839 7864 7865 7864 7839 7841 7838 7865 7852 7865 7838 7839 7852 7866 7851 7855 7866 7867 7853 7849 7851 7866 7855 7851 7857 7867 7868 7867 7857 7855 7859 7868 7862 7868 7859 7857 7862 7858 7859 7869 7871 7870 7870 7871 7872 7873 7874 7869 7871 7869 7874 7872 7875 7870 7876 7874 7873 7873 7878 7877 7876 7873 7877 7879 7875 7880 7872 7880 7875 7881 7882 7879 7879 7880 7881 7882 7884 7883 7884 7882 7881 7885 7883 7886 7884 7886 7883 7885 7886 7887 7888 7890 7889 7891 7893 7892 7894 7896 7895 7897 7899 7898 7900 7901 7899 7902 7904 7903 7905 7898 7903 7906 7908 7907 7907 7902 7906 7909 7908 7906 7907 7904 7902 7897 7898 7905 7903 7904 7905 7891 7901 7900 7898 7899 7901 7896 7892 7893 7893 7891 7900 7895 7889 7894 7896 7894 7892 7890 7888 7910 7895 7888 7889 7911 7913 7912 7914 7916 7915 7917 7919 7918 7918 7919 7920 7921 7922 7917 7917 7918 7921 7922 7924 7923 7924 7922 7921 7925 7923 7926 7924 7926 7923 7927 7920 7919 7927 7928 7920 7913 7928 7929 7927 7929 7928 7913 7911 7930 7913 7929 7912 7931 7932 7930 7930 7911 7931 7932 7933 7916 7933 7932 7931 7914 7915 7934 7933 7915 7916 7935 7937 7936 7936 7939 7938 7939 7936 7937 7938 7941 7940 7941 7938 7942 7943 7940 7944 7941 7944 7940 7945 7946 7943 7943 7944 7945 7947 7948 7946 7947 7946 7945 7938 7939 7942 7949 7935 7950 7935 7949 7937 7951 7952 7950 7949 7950 7952 7951 7954 7953 7953 7952 7951 7955 7954 7956 7954 7955 7953 7957 7955 7956 7958 7960 7959 7961 7963 7962 7964 7966 7965 7967 7969 7968 7970 7971 7969 7972 7974 7973 7975 7976 7974 7977 7979 7978 7972 7973 7978 7980 7979 7977 7979 7972 7978 7974 7976 7973 7975 7967 7968 7976 7975 7968 7961 7971 7970 7968 7969 7971 7966 7962 7963 7963 7961 7970 7965 7959 7964 7966 7964 7962 7960 7958 7981 7965 7958 7959 7982 7984 7983 7982 7983 7985 7986 7988 7987 7989 7991 7990 7986 7992 7988 7993 7986 7987 7994 7995 7986 7986 7995 7992 7996 7994 7986 7997 7986 7998 7997 7996 7986 7999 8001 8000 8001 7998 7986 7989 8003 8002 8004 8006 8005 8007 8006 8004 8008 8004 8009 8004 8005 8009 8010 8011 8004 8010 8004 8008 8012 8004 8011 8004 8012 8013 8004 8013 8014 8015 8017 8016 7986 8018 8001 8019 8017 8020 8000 8001 8021 8001 7999 8013 8014 8023 8022 8001 8025 8024 8021 8001 8024 8001 8027 8026 8025 8001 8026 8028 8001 8018 8027 8001 8028 7986 8030 8029 8018 7986 8029 8017 8031 7986 8030 7986 8031 8032 8033 8017 8017 8033 8031 8015 8020 8017 8017 8019 8032 8017 7991 8034 8034 8016 8017 8035 8034 7989 7991 7989 8034 8036 8037 7989 7989 8037 8035 7989 8002 8038 7989 8038 8036 7989 8022 8039 8003 7989 8039 7989 8014 8022 8023 8014 8040 8014 8042 8041 8040 8014 8041 8043 8042 8013 8014 8013 8042 8044 8045 8013 8013 8045 8043 8046 8047 8013 8013 8047 8044 7999 8048 8013 8013 8048 8046 8049 8051 8050 8052 8054 8053 8054 8052 8055 8056 8058 8057 8059 8061 8060 8062 8063 8060 8064 8066 8065 8067 8069 8068 8070 8060 8071 8072 8071 8060 8070 8073 8060 8074 8060 8075 8060 8073 8075 8076 8060 8074 8060 8063 8059 8062 8060 8076 8059 8078 8077 8059 8077 8079 8080 8081 8069 8082 8083 8078 8084 8078 8083 8085 8083 8086 8083 8082 8086 8087 8083 8088 8083 8085 8088 8089 8083 8090 8083 8087 8090 8083 8089 8091 8092 8093 8064 8079 8094 8059 8084 8096 8095 8059 8098 8097 8094 8098 8059 8059 8100 8099 8097 8100 8059 8101 8061 8059 8099 8101 8059 8060 8103 8102 8061 8103 8060 8069 8060 8104 8102 8104 8060 8105 8069 8106 8069 8104 8106 8080 8069 8067 8069 8105 8068 8069 8107 8065 8107 8069 8081 8108 8064 8107 8065 8107 8064 8109 8064 8110 8064 8108 8110 8064 8111 8092 8064 8109 8111 8064 8112 8096 8093 8112 8064 8064 8096 8084 8095 8113 8084 8113 8114 8084 8078 8084 8115 8114 8115 8084 8116 8078 8117 8078 8115 8117 8118 8078 8119 8078 8116 8119 8120 8078 8121 8078 8118 8121 8077 8078 8120 8122 8124 8123 8125 8126 8124 8127 8129 8128 8126 8127 8128 8130 8132 8131 8133 8135 8134 8134 8129 8133 8136 8138 8137 8139 8140 8137 8135 8138 8136 8141 8143 8142 8139 8137 8138 8144 8141 8145 8140 8142 8143 8125 8124 8122 8129 8127 8133 8122 8146 8125 8147 8149 8148 8150 8134 8151 8151 8152 8150 8151 8153 8152 8151 8136 8154 8154 8155 8153 8156 8155 8157 8157 8159 8158 8153 8156 8160 8161 8163 8162 8158 8164 8156 8147 8148 8165 8166 8168 8167 8169 8170 8166 8171 8172 8132 8173 8158 8149 8174 8132 8172 8175 8131 8132 8176 8165 8148 8149 8159 8177 8178 8180 8179 8181 8183 8182 8162 8183 8184 8162 8185 8182 8186 8188 8187 8189 8191 8190 8192 8193 8191 8189 8194 8191 8195 8197 8196 8126 8128 8124 8198 8123 8124 8199 8200 8198 8128 8201 8198 8134 8135 8136 8150 8201 8129 8137 8140 8202 8129 8134 8150 8203 8143 8204 8136 8151 8134 8202 8154 8137 8141 8144 8143 8139 8142 8140 8140 8203 8202 8205 8143 8144 8124 8128 8198 8123 8198 8200 8206 8196 8207 8128 8129 8201 8208 8199 8201 8152 8153 8160 8208 8150 8152 8202 8203 8209 8210 8211 8204 8136 8137 8154 8154 8153 8151 8140 8143 8203 8155 8202 8209 8143 8205 8204 8203 8211 8209 8212 8204 8205 8198 8201 8199 8200 8199 8195 8207 8196 8197 8201 8150 8208 8213 8197 8208 8160 8156 8164 8160 8213 8152 8214 8211 8210 8215 8214 8210 8154 8202 8155 8155 8156 8153 8203 8204 8211 8157 8209 8216 8204 8212 8210 8211 8214 8216 8217 8210 8212 8208 8197 8199 8195 8199 8197 8218 8220 8219 8208 8152 8213 8221 8206 8222 8158 8173 8164 8160 8164 8223 8224 8214 8215 8209 8211 8216 8155 8209 8157 8158 8156 8157 8215 8225 8224 8159 8216 8226 8210 8217 8215 8214 8224 8226 8227 8215 8217 8213 8223 8207 8207 8197 8213 8221 8222 8228 8213 8160 8223 8223 8229 8222 8149 8147 8173 8223 8164 8229 8230 8224 8225 8216 8214 8226 8157 8216 8159 8149 8158 8159 8225 8231 8230 8177 8226 8232 8215 8227 8225 8224 8230 8232 8233 8225 8227 8223 8222 8207 8206 8207 8222 8167 8168 8218 8164 8173 8229 8228 8229 8234 8177 8235 8148 8234 8173 8147 8182 8230 8231 8226 8224 8232 8159 8226 8177 8177 8148 8149 8236 8181 8231 8235 8232 8185 8225 8233 8231 8230 8182 8185 8236 8231 8233 8222 8229 8228 8221 8228 8220 8132 8169 8171 8229 8173 8234 8234 8237 8219 8235 8176 8148 8237 8147 8165 8235 8185 8163 8232 8230 8185 8177 8232 8235 8176 8235 8163 8238 8239 8181 8163 8185 8162 8162 8182 8183 8236 8238 8181 8231 8181 8182 8234 8219 8228 8220 8228 8219 8176 8240 8165 8234 8147 8237 8241 8167 8237 8163 8242 8176 8241 8165 8240 8194 8243 8191 8242 8240 8176 8183 8239 8187 8161 8242 8163 8244 8186 8239 8184 8161 8162 8184 8183 8187 8238 8244 8239 8181 8239 8183 8237 8167 8219 8218 8219 8167 8242 8245 8240 8237 8165 8241 8241 8246 8166 8161 8247 8242 8240 8245 8246 8184 8248 8161 8242 8247 8245 8187 8249 8184 8247 8161 8248 8250 8192 8186 8184 8249 8248 8249 8187 8188 8244 8250 8186 8239 8186 8187 8167 8241 8166 8168 8166 8170 8247 8251 8245 8241 8240 8246 8246 8171 8169 8248 8252 8247 8245 8251 8171 8249 8253 8248 8247 8252 8251 8188 8254 8249 8248 8253 8252 8192 8243 8188 8254 8253 8249 8243 8254 8188 8250 8193 8192 8186 8192 8188 8166 8246 8169 8170 8169 8130 8172 8251 8255 8246 8245 8171 8251 8172 8171 8255 8252 8256 8252 8255 8251 8256 8253 8257 8253 8256 8252 8257 8254 8258 8254 8257 8253 8258 8243 8194 8243 8258 8254 8180 8189 8179 8193 8190 8191 8192 8191 8243 8130 8169 8132 8175 8132 8174 8174 8172 8259 8172 8255 8259 8259 8255 8260 8255 8256 8260 8260 8256 8261 8261 8257 8262 8261 8256 8257 8262 8258 8263 8262 8257 8258 8263 8194 8264 8263 8258 8194 8264 8189 8180 8189 8264 8194 8190 8179 8189 8265 8267 8266 8268 8270 8269 8267 8271 8269 8272 8274 8273 8274 8276 8275 8268 8269 8271 8277 8273 8270 8278 8272 8273 8273 8279 8278 8280 8278 8279 8281 8283 8282 8284 8286 8285 8287 8286 8288 8286 8290 8289 8291 8293 8292 8294 8287 8295 8296 8298 8297 8299 8294 8300 8301 8297 8302 8303 8292 8299 8304 8306 8305 8307 8308 8301 8309 8310 8306 8306 8312 8311 8313 8315 8314 8310 8317 8316 8318 8319 8315 8320 8318 8321 8322 8324 8323 8319 8320 8325 8326 8328 8327 8326 8327 8329 8330 8332 8331 8333 8334 8330 8335 8337 8336 8338 8320 8339 8340 8342 8341 8335 8343 8337 8344 8346 8345 8341 8348 8347 8349 8351 8350 8352 8349 8353 8354 8349 8350 8355 8330 8356 8357 8359 8358 8360 8325 8338 8361 8363 8362 8364 8366 8365 8363 8367 8362 8368 8325 8369 8360 8324 8369 8370 8371 8315 8314 8319 8368 8372 8300 8295 8373 8374 8370 8316 8375 8373 8376 8377 8373 8313 8376 8370 8317 8378 8375 8377 8379 8316 8379 8305 8310 8304 8296 8312 8308 8312 8297 8380 8302 8292 8293 8381 8299 8291 8302 8298 8382 8384 8383 8294 8381 8385 8386 8265 8290 8285 8287 8385 8290 8284 8387 8267 8388 8271 8267 8386 8388 8389 8386 8387 8383 8387 8382 8386 8389 8388 8384 8391 8390 8390 8393 8392 8391 8384 8382 8279 8273 8277 8276 8274 8272 8394 8396 8395 8277 8270 8268 8274 8397 8270 8398 8399 8394 8266 8269 8397 8400 8391 8382 8266 8267 8269 8386 8267 8265 8393 8391 8401 8389 8387 8383 8290 8387 8386 8402 8393 8403 8284 8400 8382 8400 8401 8391 8392 8393 8402 8390 8391 8393 8273 8274 8270 8281 8275 8276 8282 8275 8281 8270 8397 8269 8275 8404 8397 8405 8289 8265 8266 8404 8405 8406 8401 8400 8405 8265 8266 8290 8265 8289 8407 8403 8401 8387 8284 8382 8286 8284 8290 8401 8403 8393 8400 8285 8406 8401 8406 8407 8408 8403 8409 8403 8408 8402 8275 8397 8274 8410 8282 8283 8410 8411 8282 8397 8404 8266 8282 8412 8404 8413 8288 8289 8405 8412 8413 8414 8407 8406 8413 8289 8405 8286 8289 8288 8407 8415 8409 8284 8285 8400 8287 8285 8286 8415 8407 8414 8406 8385 8414 8409 8417 8416 8408 8409 8416 8403 8407 8409 8275 8282 8404 8418 8411 8410 8418 8398 8411 8404 8412 8405 8411 8419 8412 8420 8295 8288 8413 8419 8420 8421 8415 8414 8420 8288 8413 8287 8288 8295 8422 8417 8415 8285 8385 8406 8294 8385 8287 8423 8416 8417 8381 8421 8414 8409 8415 8417 8422 8415 8421 8423 8417 8424 8282 8411 8412 8399 8398 8418 8425 8427 8426 8412 8419 8413 8398 8428 8419 8429 8430 8425 8372 8420 8428 8431 8422 8421 8372 8295 8420 8294 8295 8300 8422 8432 8424 8385 8381 8414 8299 8381 8294 8432 8422 8431 8421 8293 8431 8424 8434 8433 8423 8424 8433 8417 8422 8424 8411 8398 8419 8396 8394 8399 8395 8435 8394 8419 8428 8420 8394 8436 8428 8437 8303 8300 8372 8436 8437 8438 8432 8431 8437 8300 8372 8299 8300 8303 8439 8434 8432 8381 8293 8421 8292 8293 8299 8440 8433 8434 8291 8438 8431 8424 8432 8434 8439 8432 8438 8440 8434 8441 8394 8428 8398 8442 8435 8395 8442 8443 8435 8428 8436 8372 8435 8444 8436 8445 8380 8303 8437 8444 8445 8446 8439 8438 8445 8303 8437 8292 8303 8380 8447 8441 8439 8293 8291 8431 8302 8291 8292 8439 8441 8434 8438 8298 8446 8439 8446 8447 8448 8441 8449 8441 8448 8440 8394 8435 8436 8450 8443 8442 8450 8429 8443 8436 8444 8437 8443 8451 8444 8452 8301 8380 8445 8451 8452 8453 8447 8446 8452 8380 8445 8302 8380 8301 8447 8454 8449 8291 8298 8438 8297 8298 8302 8454 8447 8453 8446 8296 8453 8449 8456 8455 8448 8449 8455 8441 8447 8449 8435 8443 8444 8430 8429 8450 8457 8459 8458 8444 8451 8445 8429 8460 8451 8457 8462 8461 8307 8452 8460 8463 8454 8453 8307 8301 8452 8297 8301 8308 8454 8464 8456 8298 8296 8446 8312 8296 8297 8465 8455 8456 8304 8463 8453 8449 8454 8456 8464 8454 8463 8465 8456 8466 8443 8429 8451 8427 8425 8430 8426 8467 8425 8451 8460 8452 8425 8468 8460 8469 8311 8308 8307 8468 8469 8470 8464 8463 8469 8308 8307 8312 8308 8311 8464 8471 8466 8296 8304 8453 8306 8304 8312 8472 8466 8473 8305 8470 8463 8470 8471 8464 8465 8466 8472 8456 8464 8466 8425 8460 8429 8474 8467 8426 8474 8475 8467 8460 8468 8307 8467 8476 8468 8477 8309 8311 8469 8476 8477 8478 8471 8470 8469 8477 8311 8306 8311 8309 8479 8473 8471 8304 8305 8463 8310 8305 8306 8480 8473 8481 8379 8478 8470 8478 8479 8471 8472 8473 8480 8466 8471 8473 8425 8467 8468 8482 8475 8474 8482 8462 8475 8468 8476 8469 8475 8483 8476 8309 8484 8317 8484 8477 8483 8485 8479 8478 8484 8309 8477 8310 8309 8317 8479 8486 8481 8305 8379 8470 8316 8379 8310 8486 8479 8485 8478 8377 8485 8481 8488 8487 8480 8481 8487 8473 8479 8481 8467 8475 8476 8461 8462 8482 8489 8491 8490 8476 8483 8477 8462 8492 8483 8489 8494 8493 8378 8484 8492 8495 8486 8485 8378 8317 8484 8316 8317 8375 8496 8488 8486 8379 8377 8478 8373 8377 8316 8497 8487 8488 8376 8495 8485 8481 8486 8488 8496 8486 8495 8497 8488 8498 8475 8462 8483 8459 8457 8461 8458 8499 8457 8483 8492 8484 8457 8500 8492 8501 8374 8375 8378 8500 8501 8502 8496 8495 8501 8375 8378 8373 8375 8374 8496 8503 8498 8377 8376 8485 8370 8376 8373 8496 8498 8488 8495 8313 8502 8496 8502 8503 8504 8498 8505 8498 8504 8497 8457 8492 8462 8506 8499 8458 8506 8507 8499 8492 8500 8378 8499 8508 8500 8509 8371 8374 8501 8508 8509 8510 8503 8502 8501 8509 8374 8370 8374 8371 8511 8505 8503 8376 8313 8495 8315 8313 8370 8512 8504 8505 8314 8510 8502 8498 8503 8505 8511 8503 8510 8512 8505 8513 8457 8499 8500 8514 8507 8506 8514 8494 8507 8500 8508 8501 8507 8515 8508 8371 8516 8318 8516 8509 8515 8517 8511 8510 8516 8371 8509 8315 8371 8318 8511 8518 8513 8313 8314 8502 8319 8314 8315 8518 8511 8517 8510 8368 8517 8513 8520 8519 8512 8513 8519 8505 8511 8513 8499 8507 8508 8493 8494 8514 8348 8521 8347 8508 8515 8509 8515 8494 8522 8523 8525 8524 8321 8516 8522 8526 8518 8517 8321 8318 8516 8319 8318 8320 8527 8520 8518 8314 8368 8510 8325 8368 8319 8528 8520 8529 8369 8526 8517 8526 8527 8518 8519 8520 8528 8513 8518 8520 8507 8494 8515 8491 8489 8493 8490 8530 8489 8515 8522 8516 8489 8531 8522 8532 8343 8338 8531 8339 8321 8533 8527 8526 8320 8321 8339 8320 8338 8325 8527 8534 8529 8368 8369 8517 8360 8369 8325 8534 8527 8533 8526 8324 8533 8529 8536 8535 8528 8529 8535 8520 8527 8529 8494 8489 8522 8537 8530 8490 8537 8523 8530 8522 8531 8321 8538 8531 8530 8343 8323 8360 8339 8538 8532 8331 8534 8533 8532 8338 8339 8343 8360 8338 8534 8332 8536 8369 8324 8526 8323 8324 8360 8539 8536 8540 8322 8331 8533 8331 8332 8534 8535 8536 8539 8529 8534 8536 8489 8530 8531 8525 8523 8537 8351 8349 8352 8531 8538 8339 8541 8538 8523 8335 8357 8323 8337 8532 8541 8357 8333 8322 8532 8337 8343 8343 8335 8323 8332 8355 8540 8324 8322 8533 8322 8323 8357 8542 8540 8543 8333 8330 8331 8330 8355 8332 8539 8540 8542 8536 8332 8540 8530 8523 8538 8544 8524 8525 8524 8544 8348 8538 8541 8532 8524 8545 8541 8357 8335 8359 8545 8336 8337 8333 8357 8358 8336 8359 8335 8546 8356 8547 8355 8546 8543 8322 8333 8331 8333 8358 8334 8548 8543 8549 8334 8356 8330 8356 8546 8355 8542 8543 8548 8540 8355 8543 8523 8524 8541 8521 8348 8544 8336 8550 8359 8541 8545 8337 8551 8545 8348 8359 8552 8358 8551 8550 8336 8358 8553 8334 8550 8552 8359 8334 8554 8356 8553 8358 8552 8546 8329 8549 8554 8334 8553 8555 8549 8327 8547 8356 8554 8547 8329 8546 8548 8549 8555 8543 8546 8549 8524 8348 8545 8340 8341 8347 8550 8346 8552 8545 8551 8336 8341 8556 8551 8552 8344 8553 8556 8346 8550 8553 8557 8554 8346 8344 8552 8554 8558 8547 8344 8557 8553 8329 8547 8559 8554 8557 8558 8560 8327 8328 8547 8558 8559 8559 8326 8329 8555 8327 8560 8549 8329 8327 8348 8341 8551 8561 8342 8340 8562 8557 8344 8551 8556 8550 8342 8563 8556 8564 8558 8557 8563 8345 8346 8565 8559 8558 8345 8562 8344 8566 8326 8559 8562 8564 8557 8567 8328 8326 8564 8565 8558 8367 8567 8568 8565 8566 8559 8566 8567 8326 8569 8328 8363 8328 8569 8560 8341 8342 8556 8351 8561 8350 8570 8352 8353 8556 8563 8346 8352 8563 8351 8571 8570 8572 8570 8345 8352 8573 8571 8574 8571 8562 8570 8575 8573 8576 8573 8564 8571 8568 8575 8577 8575 8565 8573 8367 8568 8578 8568 8566 8575 8364 8361 8362 8569 8363 8361 8328 8567 8363 8563 8342 8351 8351 8342 8561 8570 8353 8572 8345 8563 8352 8571 8572 8574 8562 8345 8570 8573 8574 8576 8564 8562 8571 8575 8576 8577 8565 8564 8573 8568 8577 8578 8566 8565 8575 8367 8578 8579 8567 8566 8568 8362 8579 8366 8363 8567 8367 8579 8362 8367 8366 8364 8362 8580 8582 8581 8583 8584 8582 8583 8585 8584 8586 8584 8585 8587 8589 8588 8590 8592 8591 8593 8595 8594 8596 8598 8597 8590 8596 8592 8599 8600 8597 8597 8598 8599 8601 8603 8602 8599 8602 8600 8582 8604 8581 8585 8591 8586 8605 8580 8581 8586 8591 8592 8606 8607 8592 8596 8608 8606 8609 8606 8610 8610 8608 8611 8612 8613 8611 8612 8615 8614 8610 8613 8616 8614 8593 8617 8614 8618 8613 8594 8595 8619 8620 8622 8621 8623 8624 8620 8625 8626 8588 8627 8629 8628 8630 8588 8626 8631 8587 8588 8629 8633 8632 8633 8635 8634 8636 8638 8637 8619 8595 8639 8640 8593 8615 8641 8629 8642 8643 8636 8644 8645 8647 8646 8646 8647 8648 8649 8651 8650 8652 8654 8653 8583 8582 8580 8655 8604 8582 8656 8657 8655 8658 8655 8584 8600 8659 8597 8586 8607 8658 8586 8592 8607 8660 8600 8603 8590 8598 8596 8606 8592 8596 8603 8662 8661 8608 8597 8659 8659 8600 8660 8601 8662 8603 8602 8603 8600 8582 8584 8655 8604 8655 8657 8663 8653 8664 8584 8586 8658 8665 8656 8658 8666 8659 8660 8609 8665 8607 8609 8607 8606 8660 8661 8667 8596 8597 8608 8610 8606 8608 8668 8669 8661 8611 8659 8666 8666 8660 8667 8662 8668 8661 8603 8661 8660 8655 8658 8656 8657 8656 8652 8664 8653 8654 8658 8607 8665 8670 8654 8665 8671 8666 8667 8609 8616 8670 8616 8609 8610 8667 8669 8672 8608 8659 8611 8613 8610 8611 8673 8674 8669 8612 8666 8671 8671 8667 8672 8668 8673 8669 8661 8669 8667 8665 8654 8656 8652 8656 8654 8675 8677 8676 8665 8609 8670 8678 8663 8679 8680 8671 8672 8616 8618 8681 8618 8616 8613 8672 8674 8682 8611 8666 8612 8612 8614 8613 8683 8684 8674 8615 8671 8680 8680 8672 8682 8673 8683 8674 8669 8674 8672 8670 8681 8664 8664 8654 8670 8678 8679 8685 8670 8616 8681 8681 8686 8679 8682 8635 8680 8686 8681 8618 8617 8618 8614 8682 8684 8634 8612 8671 8615 8615 8593 8614 8687 8688 8684 8635 8640 8680 8635 8682 8634 8683 8687 8684 8674 8684 8682 8681 8679 8664 8663 8664 8679 8621 8622 8675 8618 8617 8686 8685 8686 8689 8690 8595 8640 8689 8617 8594 8617 8593 8594 8691 8632 8688 8615 8680 8640 8640 8595 8593 8692 8691 8688 8633 8690 8635 8632 8633 8634 8687 8692 8688 8684 8688 8634 8679 8686 8685 8678 8685 8677 8588 8623 8625 8686 8617 8689 8689 8693 8676 8690 8639 8595 8693 8594 8619 8690 8633 8627 8691 8642 8632 8640 8635 8690 8627 8639 8690 8632 8642 8629 8627 8633 8629 8634 8688 8632 8694 8695 8691 8691 8692 8694 8689 8676 8685 8677 8685 8676 8639 8696 8619 8689 8594 8693 8697 8621 8693 8627 8698 8639 8697 8619 8696 8636 8699 8645 8698 8696 8639 8695 8648 8642 8628 8698 8627 8695 8642 8691 8628 8629 8641 8641 8642 8648 8700 8646 8695 8695 8694 8700 8693 8621 8676 8675 8676 8621 8698 8701 8696 8693 8619 8697 8697 8702 8620 8628 8703 8698 8696 8701 8702 8641 8704 8628 8698 8703 8701 8648 8705 8641 8703 8628 8704 8646 8648 8695 8704 8641 8705 8705 8648 8647 8706 8645 8646 8646 8700 8706 8621 8697 8620 8622 8620 8624 8703 8707 8701 8697 8696 8702 8702 8625 8623 8704 8708 8703 8701 8707 8625 8705 8709 8704 8703 8708 8707 8647 8710 8705 8704 8709 8708 8645 8699 8647 8709 8705 8710 8710 8647 8699 8638 8636 8645 8645 8706 8638 8620 8702 8623 8624 8623 8589 8626 8707 8711 8702 8701 8625 8707 8626 8625 8711 8708 8712 8708 8711 8707 8712 8709 8713 8709 8712 8708 8713 8710 8714 8710 8713 8709 8714 8699 8643 8699 8714 8710 8649 8644 8637 8699 8636 8643 8637 8644 8636 8589 8623 8588 8631 8588 8630 8630 8626 8715 8626 8711 8715 8715 8711 8716 8711 8712 8716 8716 8712 8717 8717 8713 8718 8717 8712 8713 8718 8714 8719 8718 8713 8714 8719 8643 8720 8719 8714 8643 8720 8644 8650 8720 8643 8644 8650 8644 8649 8721 8723 8722 8724 8726 8725 8727 8729 8728 8722 8730 8721 8731 8727 8728 8732 8734 8733 8725 8735 8724 8736 8738 8737 8739 8734 8736 8740 8742 8741 8743 8739 8736 8734 8732 8736 8726 8745 8744 8745 8732 8733 8733 8744 8745 8744 8725 8726 8730 8735 8721 8730 8724 8735 8746 8723 8747 8746 8722 8723 8748 8749 8747 8746 8749 8750 8749 8746 8747 8727 8751 8729 8722 8746 8728 8729 8752 8730 8730 8722 8729 8752 8753 8724 8724 8730 8752 8754 8753 8755 8726 8724 8753 8756 8754 8757 8754 8726 8753 8758 8738 8756 8756 8745 8754 8737 8738 8741 8732 8756 8738 8743 8736 8737 8746 8750 8728 8731 8728 8750 8751 8759 8752 8722 8728 8729 8751 8752 8729 8759 8755 8753 8759 8753 8752 8755 8757 8754 8756 8757 8760 8745 8726 8754 8758 8756 8760 8732 8745 8756 8741 8738 8758 8736 8732 8738 8741 8742 8737 8743 8737 8742 8761 8763 8762 8764 8766 8765 8766 8764 8767 8768 8769 8764 8765 8768 8764 8767 8770 8766 8771 8773 8772 8774 8776 8775 8777 8779 8778 8780 8782 8781 8783 8785 8784 8783 8787 8786 8788 8790 8789 8788 8791 8785 8792 8790 8793 8790 8792 8789 8794 8795 8793 8796 8793 8795 8794 8798 8797 8797 8795 8794 8799 8798 8800 8798 8799 8797 8801 8802 8800 8799 8800 8802 8801 8804 8803 8803 8802 8801 8793 8796 8792 8791 8784 8785 8789 8791 8788 8787 8778 8786 8787 8783 8784 8779 8777 8805 8786 8778 8779 8781 8782 8805 8805 8777 8781 8780 8773 8806 8782 8780 8806 8772 8807 8771 8773 8771 8806 8776 8807 8808 8772 8808 8807 8774 8775 8809 8776 8808 8775 8809 8762 8763 8763 8774 8809 8810 8811 8761 8761 8762 8810 8761 8811 8764 8770 8767 8812 8811 8767 8764 8813 8812 8767 8814 8816 8815 8817 8819 8818 8820 8814 8815 8821 8816 8814 8822 8821 8823 8822 8816 8821 8824 8826 8825 8815 8826 8820 8827 8828 8825 8825 8828 8824 8829 8831 8830 8832 8834 8833 8835 8837 8836 8838 8840 8839 8841 8837 8842 8842 8844 8843 8845 8847 8846 8837 8841 8836 8846 8849 8848 8847 8845 8835 8850 8852 8851 8852 8838 8851 8853 8854 8850 8850 8851 8853 8852 8840 8838 8855 8854 8853 8856 8857 8855 8854 8855 8857 8856 8858 8857 8858 8830 8831 8830 8858 8856 8859 8829 8860 8859 8831 8829 8849 8840 8848 8840 8849 8839 8846 8848 8845 8843 8841 8842 8847 8835 8836 8861 8862 8844 8844 8862 8843 8861 8864 8863 8863 8862 8861 8865 8864 8866 8864 8865 8863 8866 8868 8867 8865 8866 8867 8868 8870 8869 8870 8868 8866 8870 8871 8869 8834 8872 8871 8869 8871 8872 8873 8832 8833 8832 8872 8834 8873 8874 8827 8874 8873 8833 8824 8820 8826 8874 8828 8827 8875 8876 8823 8822 8823 8876 8877 8878 8875 8875 8823 8877 8878 8880 8879 8880 8878 8877 8819 8879 8818 8880 8818 8879 8881 8883 8882 8817 8885 8884 8886 8888 8887 8889 8890 8888 8859 8860 8886 8886 8887 8859 8891 8890 8889 8888 8890 8887 8881 8891 8883 8889 8883 8891 8885 8882 8884 8881 8882 8885 8817 8884 8819 8892 8894 8893 8895 8893 8896 8897 8894 8892 8898 8899 8895 8893 8894 8896 8898 8895 8896 8900 8897 8892 8900 8902 8901 8901 8897 8900 8903 8902 8904 8902 8903 8901 8903 8904 8905 8906 8908 8907 8909 8911 8910 8912 8914 8913 8915 8917 8916 8913 8918 8917 8917 8918 8916 8919 8921 8920 8922 8920 8911 8923 8925 8924 8926 8927 8921 8928 8930 8929 8930 8931 8924 8932 8934 8933 8935 8937 8936 8933 8939 8938 8939 8941 8940 8942 8944 8943 8945 8943 8944 8946 8944 8942 8941 8948 8947 8949 8950 8929 8951 8952 8937 8953 8951 8937 8936 8955 8954 8907 8927 8906 8956 8948 8907 8924 8925 8957 8930 8924 8958 8925 8960 8959 8961 8940 8943 8917 8915 8910 8962 8963 8960 8964 8966 8965 8914 8965 8966 8967 8969 8968 8967 8968 8964 8970 8969 8971 8917 8912 8913 8909 8910 8915 8967 8964 8972 8912 8965 8914 8912 8917 8963 8965 8912 8962 8967 8971 8969 8966 8964 8968 8964 8973 8972 8974 8971 8967 8910 8963 8917 8922 8911 8909 8962 8973 8965 8963 8962 8912 8963 8910 8959 8973 8975 8972 8972 8974 8967 8965 8973 8964 8973 8976 8975 8977 8974 8972 8911 8959 8910 8919 8920 8922 8960 8976 8962 8959 8960 8963 8911 8957 8959 8976 8978 8975 8975 8977 8972 8962 8976 8973 8976 8979 8978 8980 8977 8975 8920 8957 8911 8926 8921 8919 8925 8979 8960 8957 8925 8959 8957 8920 8958 8981 8978 8982 8978 8980 8975 8960 8979 8976 8979 8923 8982 8981 8980 8978 8921 8958 8920 8906 8927 8926 8930 8983 8929 8958 8924 8957 8958 8921 8983 8984 8982 8985 8979 8982 8978 8925 8923 8979 8923 8931 8985 8981 8982 8984 8927 8983 8921 8956 8907 8908 8929 8986 8949 8983 8930 8958 8983 8927 8986 8987 8985 8988 8923 8985 8982 8924 8931 8923 8931 8928 8988 8984 8985 8987 8907 8986 8927 8947 8948 8956 8989 8934 8949 8986 8929 8983 8986 8907 8989 8990 8988 8991 8931 8988 8985 8930 8928 8931 8928 8950 8991 8987 8988 8990 8948 8989 8907 8992 8941 8947 8949 8934 8952 8989 8949 8986 8989 8948 8993 8994 8991 8951 8928 8991 8988 8929 8950 8928 8950 8952 8951 8990 8991 8994 8941 8993 8948 8940 8992 8995 8933 8934 8993 8993 8934 8989 8993 8939 8933 8952 8934 8932 8950 8951 8991 8949 8952 8950 8952 8932 8937 8994 8951 8953 8992 8940 8941 8995 8942 8943 8932 8933 8996 8941 8939 8993 8939 8961 8938 8997 8955 8936 8933 8938 8996 8937 8932 8936 8996 8936 8932 8953 8937 8935 8995 8943 8940 8940 8961 8939 8945 8998 8961 8943 8945 8961 8998 8999 8938 8961 8998 8938 8999 8997 8996 8938 8999 8996 8997 8936 8996 8935 8936 8954 9000 9002 9001 9003 9005 9004 9004 9005 9002 9006 9003 9004 9002 9005 9001 9007 9003 9006 9000 9001 9008 9008 9010 9009 9009 9000 9008 9011 9010 9012 9010 9011 9009 9011 9012 9013 9014 9016 9015 9017 9019 9018 9019 9016 9018 9020 9017 9018 9020 9022 9021 9020 9021 9017 9016 9019 9015 9014 9015 9023 9023 9025 9024 9024 9014 9023 9026 9025 9027 9025 9026 9024 9028 9030 9029 9031 9033 9032 9034 9036 9035 9037 9039 9038 9039 9041 9040 9042 9044 9043 9045 9047 9046 9048 9049 9041 9050 9045 9046 9051 9053 9052 9054 9056 9055 9057 9059 9058 9028 9061 9060 9029 9061 9028 9062 9064 9063 9030 9062 9065 9066 9068 9067 9068 9063 9064 9030 9065 9029 9060 9070 9069 9061 9071 9060 9072 9074 9073 9070 9060 9071 9052 9054 9075 9072 9076 9046 9053 9077 9033 9078 9079 9045 9031 9081 9080 9079 9082 9045 9038 9039 9083 9035 9084 9079 9085 9080 9086 9087 9089 9088 9090 9091 9042 9085 9059 9090 9058 9088 9089 9058 9089 9092 9055 9056 9069 9032 9033 9077 9056 9060 9069 9064 9062 9093 9028 9060 9073 9030 9028 9074 9064 9067 9068 9065 9062 9063 9062 9094 9093 9095 9067 9064 9056 9073 9060 9075 9054 9055 9074 9094 9030 9073 9074 9028 9073 9056 9076 9094 9096 9093 9093 9095 9064 9030 9094 9062 9094 9097 9096 9098 9095 9093 9054 9076 9056 9051 9052 9075 9072 9097 9074 9076 9072 9073 9054 9050 9076 9097 9099 9096 9096 9098 9093 9074 9097 9094 9097 9100 9099 9101 9098 9096 9052 9050 9054 9077 9053 9051 9046 9100 9072 9050 9046 9076 9050 9052 9078 9102 9099 9103 9099 9101 9096 9072 9100 9097 9100 9047 9103 9102 9101 9099 9078 9052 9053 9031 9032 9104 9079 9105 9035 9078 9045 9050 9078 9053 9105 9106 9103 9107 9100 9103 9099 9046 9047 9100 9047 9082 9107 9102 9103 9106 9033 9105 9053 9081 9031 9104 9035 9108 9034 9105 9079 9078 9105 9033 9108 9109 9107 9110 9047 9107 9103 9045 9082 9047 9082 9084 9110 9106 9107 9109 9031 9108 9033 9086 9080 9081 9111 9043 9034 9108 9035 9105 9108 9031 9111 9112 9110 9113 9082 9110 9107 9079 9084 9082 9084 9036 9113 9109 9110 9112 9080 9111 9031 9114 9085 9086 9034 9043 9037 9111 9034 9108 9111 9080 9115 9116 9113 9038 9084 9113 9110 9035 9036 9084 9036 9037 9038 9112 9113 9116 9085 9115 9080 9059 9114 9117 9042 9043 9115 9115 9043 9111 9115 9090 9042 9037 9043 9044 9036 9038 9113 9034 9037 9036 9037 9044 9039 9116 9038 9083 9114 9059 9085 9117 9088 9058 9044 9042 9118 9085 9090 9115 9090 9057 9091 9119 9048 9041 9042 9091 9118 9039 9044 9041 9118 9041 9044 9083 9039 9040 9117 9058 9059 9059 9057 9090 9092 9120 9057 9058 9092 9057 9120 9121 9091 9057 9120 9091 9121 9119 9118 9091 9121 9118 9119 9041 9118 9040 9041 9049 9122 9124 9123 9125 9127 9126 9123 9124 9126 9128 9129 9127 9127 9125 9128 9130 9129 9128 9124 9125 9126 9123 9131 9122 9131 9133 9132 9132 9122 9131 9134 9133 9135 9133 9134 9132 9136 9138 9137 9139 9141 9140 9142 9137 9141 9143 9145 9144 9146 9148 9147 9145 9149 9144 9150 9152 9151 9139 9140 9153 9154 9155 9151 9155 9153 9150 9138 9157 9156 9151 9155 9150 9158 9159 9156 9160 9162 9161 9163 9165 9164 9163 9167 9166 9168 9143 9144 9169 9170 9164 9171 9168 9172 9143 9168 9171 9173 9175 9174 9172 9168 9174 9160 9161 9176 9170 9145 9177 9178 9165 9179 9149 9181 9180 9165 9163 9182 9183 9179 9165 9184 9161 9185 9186 9166 9167 9159 9187 9181 9188 9189 9160 9190 9188 9160 9191 9193 9192 9191 9194 9188 9195 9197 9196 9150 9153 9140 9198 9199 9195 9197 9148 9196 9200 9199 9198 9196 9198 9195 9201 9200 9202 9199 9200 9201 9203 9202 9204 9147 9150 9146 9152 9150 9147 9196 9206 9205 9146 9196 9148 9207 9146 9150 9198 9208 9200 9206 9196 9146 9204 9202 9200 9198 9205 9208 9209 9204 9200 9140 9207 9150 9142 9141 9139 9208 9205 9210 9207 9206 9146 9207 9140 9192 9206 9207 9193 9208 9209 9200 9196 9205 9198 9205 9211 9210 9212 9209 9208 9141 9192 9140 9136 9137 9142 9193 9211 9206 9192 9193 9207 9194 9192 9141 9211 9213 9210 9210 9212 9208 9206 9211 9205 9211 9214 9213 9215 9212 9210 9137 9194 9141 9157 9138 9136 9191 9214 9193 9194 9191 9192 9189 9194 9137 9214 9216 9213 9213 9215 9210 9193 9214 9211 9214 9217 9216 9218 9215 9213 9138 9189 9137 9158 9156 9157 9188 9217 9191 9189 9188 9194 9189 9138 9162 9219 9216 9220 9216 9218 9213 9191 9217 9214 9217 9190 9220 9219 9218 9216 9156 9162 9138 9187 9159 9158 9221 9185 9161 9162 9160 9189 9221 9162 9156 9222 9220 9223 9217 9220 9216 9188 9190 9217 9190 9176 9223 9219 9220 9222 9159 9221 9156 9180 9181 9187 9169 9185 9224 9221 9161 9162 9159 9224 9221 9225 9223 9226 9190 9223 9220 9160 9176 9190 9176 9184 9226 9222 9223 9225 9181 9224 9159 9227 9149 9180 9185 9169 9178 9224 9185 9221 9224 9181 9228 9229 9226 9179 9176 9226 9223 9161 9184 9176 9184 9178 9179 9225 9226 9229 9149 9228 9181 9230 9144 9227 9170 9169 9228 9228 9169 9224 9145 9170 9228 9164 9178 9169 9184 9179 9226 9185 9178 9184 9164 9165 9178 9229 9179 9183 9227 9144 9149 9230 9173 9168 9143 9231 9177 9149 9145 9228 9143 9177 9145 9164 9170 9232 9170 9177 9232 9233 9163 9232 9163 9164 9232 9183 9165 9182 9230 9168 9144 9174 9168 9173 9171 9231 9143 9231 9234 9177 9234 9235 9177 9177 9235 9232 9235 9233 9232 9233 9236 9163 9167 9163 9236 9182 9163 9166 9237 9239 9238 9240 9242 9241 9243 9245 9244 9246 9248 9247 9249 9251 9250 9252 9254 9253 9255 9257 9256 9252 9259 9258 9258 9254 9252 9260 9261 9259 9259 9261 9258 9262 9263 9260 9260 9259 9262 9264 9253 9265 9254 9265 9253 9257 9255 9264 9264 9265 9257 9247 9255 9256 9250 9248 9246 9246 9247 9256 9249 9240 9251 9250 9251 9248 9242 9245 9241 9249 9242 9240 9243 9244 9238 9241 9245 9243 9238 9244 9266 9239 9237 9267 9238 9266 9237 9268 9270 9269 9271 9273 9272 9274 9276 9275 9277 9279 9278 9280 9282 9281 9283 9285 9284 9286 9288 9287 9289 9290 9288 9291 9292 9286 9286 9287 9291 9293 9291 9294 9291 9293 9292 9280 9295 9282 9293 9294 9296 9290 9289 9295 9287 9288 9290 9295 9289 9282 9285 9283 9281 9281 9283 9280 9275 9276 9284 9285 9275 9284 9274 9279 9277 9276 9274 9277 9278 9270 9268 9278 9279 9270 9273 9269 9297 9273 9268 9269 9271 9272 9298 9273 9297 9272 9299 9301 9300 9299 9302 9300 9303 9305 9304 9306 9308 9307 9309 9311 9310 9309 9312 9303 9313 9315 9314 9316 9303 9314 9317 9318 9313 9313 9314 9317 9307 9308 9312 9319 9321 9320 9320 9323 9322 9324 9326 9325 9326 9324 9327 9327 9329 9328 9329 9330 9328 9331 9324 9332 9324 9325 9333 9324 9333 9332 9331 9320 9324 9320 9322 9334 9320 9336 9335 9337 9338 9310 9334 9336 9320 9339 9341 9340 9342 9343 9336 9344 9336 9345 9336 9346 9345 9347 9338 9340 9307 9300 9301 9348 9350 9349 9349 9352 9351 9349 9354 9353 9349 9355 9348 9353 9355 9349 9356 9350 9357 9358 9350 9348 9341 9350 9359 9360 9350 9356 9360 9359 9350 9306 9307 9301 9344 9349 9336 9302 9300 9359 9341 9300 9347 9354 9349 9361 9341 9359 9300 9339 9349 9350 9362 9350 9358 9350 9362 9357 9307 9347 9300 9363 9312 9308 9340 9338 9335 9340 9341 9347 9307 9364 9347 9349 9339 9336 9344 9352 9349 9341 9339 9350 9339 9335 9336 9361 9349 9351 9312 9364 9307 9305 9303 9363 9310 9338 9364 9364 9338 9347 9364 9309 9310 9338 9337 9335 9334 9342 9336 9340 9335 9339 9320 9335 9337 9346 9336 9343 9303 9312 9363 9314 9304 9317 9337 9310 9365 9312 9309 9364 9309 9316 9311 9337 9324 9320 9311 9365 9310 9320 9331 9319 9365 9324 9337 9323 9320 9321 9303 9304 9314 9303 9316 9309 9315 9366 9316 9314 9315 9316 9366 9367 9311 9316 9366 9311 9367 9329 9365 9311 9367 9365 9329 9327 9324 9365 9329 9324 9368 9370 9369 9371 9372 9369 9373 9375 9374 9376 9377 9374 9378 9375 9373 9372 9373 9374 9379 9380 9368 9381 9380 9379 9369 9379 9368 9381 9382 9380 9383 9382 9384 9381 9384 9382 9385 9387 9386 9388 9390 9389 9383 9388 9389 9391 9389 9390 9388 9383 9384 9379 9369 9377 9371 9369 9370 9369 9374 9377 9381 9379 9392 9379 9377 9392 9384 9381 9393 9381 9392 9393 9388 9384 9386 9384 9393 9386 9387 9390 9388 9374 9369 9372 9375 9376 9374 9376 9394 9377 9377 9394 9392 9394 9395 9392 9392 9395 9393 9395 9396 9393 9386 9387 9388 9393 9396 9386 9385 9386 9396 9397 9399 9398 9399 9397 9400 9401 9399 9400 9402 9401 9403 9401 9402 9399 9402 9403 9404 9405 9407 9406 9408 9410 9409 9409 9412 9411 9413 9408 9414 9415 9417 9416 9418 9419 9407 9417 9415 9420 9421 9406 9415 9422 9424 9423 9420 9423 9425 9426 9424 9422 9421 9415 9416 9427 9429 9428 9430 9432 9431 9432 9430 9433 9431 9421 9416 9431 9432 9421 9431 9434 9430 9415 9406 9435 9436 9438 9437 9428 9427 9439 9440 9441 9439 9428 9442 9437 9443 9440 9433 9440 9443 9441 9433 9440 9432 9444 9423 9420 9421 9432 9405 9445 9423 9444 9425 9423 9424 9417 9420 9425 9435 9444 9420 9422 9423 9445 9440 9405 9432 9427 9439 9441 9412 9409 9446 9405 9406 9421 9447 9405 9440 9448 9444 9412 9448 9449 9444 9415 9435 9420 9411 9412 9435 9445 9444 9449 9447 9440 9439 9428 9429 9442 9407 9411 9406 9447 9407 9405 9418 9447 9450 9411 9407 9419 9435 9412 9444 9406 9411 9435 9419 9409 9411 9448 9412 9446 9428 9450 9439 9451 9436 9437 9447 9418 9407 9439 9450 9447 9452 9450 9437 9452 9419 9418 9452 9438 9408 9453 9446 9409 9452 9408 9419 9410 9453 9409 9437 9442 9451 9450 9452 9418 9428 9437 9450 9437 9438 9452 9414 9408 9438 9419 9408 9409 9410 9408 9413 9454 9456 9455 9457 9459 9458 9460 9462 9461 9463 9465 9464 9466 9468 9467 9469 9471 9470 9472 9474 9473 9475 9477 9476 9478 9480 9479 9481 9483 9482 9484 9486 9485 9487 9489 9488 9490 9492 9491 9493 9494 9484 9495 9497 9496 9498 9492 9499 9500 9502 9501 9503 9505 9504 9506 9508 9507 9509 9511 9510 9512 9511 9513 9514 9516 9515 9517 9506 9518 9519 9521 9520 9454 9523 9522 9524 9514 9525 9526 9523 9455 9455 9527 9526 9505 9501 9528 9521 9512 9513 9529 9530 9503 9531 9508 9495 9532 9534 9533 9530 9491 9498 9497 9532 9535 9492 9536 9493 9537 9538 9534 9539 9541 9540 9537 9539 9542 9543 9541 9544 9517 9546 9545 9544 9480 9547 9485 9548 9488 9483 9550 9549 9489 9551 9550 9472 9553 9552 9554 9479 9552 9555 9556 9475 9557 9558 9555 9466 9560 9559 9561 9474 9559 9562 9468 9462 9470 9476 9563 9564 9566 9565 9564 9471 9566 9458 9465 9463 9461 9458 9459 9567 9569 9568 9465 9565 9569 9568 9569 9565 9464 9465 9569 9457 9458 9463 9566 9570 9568 9571 9465 9458 9571 9564 9565 9568 9565 9566 9572 9573 9568 9567 9568 9573 9460 9461 9459 9574 9570 9469 9465 9571 9565 9575 9571 9461 9575 9471 9564 9568 9570 9572 9566 9471 9469 9576 9572 9570 9458 9461 9571 9562 9462 9460 9577 9574 9563 9571 9575 9564 9578 9575 9462 9566 9469 9570 9578 9470 9471 9570 9574 9576 9469 9470 9563 9579 9576 9574 9461 9462 9575 9467 9468 9562 9580 9577 9477 9575 9578 9471 9581 9578 9468 9469 9563 9574 9581 9476 9470 9574 9577 9579 9563 9476 9477 9582 9579 9577 9462 9468 9578 9560 9466 9467 9583 9580 9556 9578 9581 9470 9584 9581 9466 9563 9477 9577 9584 9475 9476 9577 9580 9582 9477 9475 9556 9585 9582 9580 9468 9466 9581 9561 9559 9560 9586 9583 9558 9581 9584 9476 9587 9584 9559 9477 9556 9580 9587 9555 9475 9580 9583 9585 9556 9555 9558 9588 9585 9583 9466 9559 9584 9473 9474 9561 9482 9586 9481 9584 9587 9475 9589 9587 9474 9556 9558 9583 9589 9557 9555 9583 9586 9588 9558 9557 9481 9590 9588 9586 9559 9474 9587 9553 9472 9473 9549 9482 9483 9587 9589 9555 9591 9589 9472 9558 9481 9586 9591 9592 9557 9586 9482 9590 9481 9592 9483 9593 9590 9482 9474 9472 9589 9554 9552 9553 9557 9592 9481 9589 9591 9557 9552 9594 9591 9549 9550 9551 9594 9595 9592 9482 9549 9593 9483 9595 9550 9596 9593 9549 9472 9552 9591 9478 9479 9554 9592 9595 9483 9591 9594 9592 9479 9597 9594 9551 9489 9487 9597 9598 9595 9549 9551 9596 9550 9598 9489 9599 9596 9551 9552 9479 9594 9547 9480 9478 9595 9598 9550 9594 9597 9595 9480 9600 9597 9487 9488 9548 9600 9601 9598 9551 9487 9599 9489 9601 9488 9602 9599 9487 9479 9480 9597 9543 9544 9547 9598 9601 9489 9597 9600 9598 9544 9603 9600 9604 9548 9486 9603 9605 9601 9487 9548 9602 9488 9605 9485 9604 9602 9548 9480 9544 9600 9540 9541 9543 9601 9605 9488 9600 9603 9601 9541 9606 9603 9607 9486 9494 9606 9608 9605 9608 9484 9485 9604 9486 9607 9548 9485 9486 9544 9541 9603 9542 9539 9540 9605 9608 9485 9603 9606 9605 9539 9609 9606 9610 9494 9536 9609 9611 9608 9611 9493 9484 9607 9494 9610 9486 9484 9494 9541 9539 9606 9538 9537 9542 9608 9611 9484 9606 9609 9608 9537 9612 9609 9613 9536 9490 9612 9499 9611 9499 9492 9493 9610 9536 9613 9494 9493 9536 9539 9537 9609 9533 9534 9538 9611 9499 9493 9609 9612 9611 9534 9614 9612 9615 9490 9616 9614 9498 9499 9498 9491 9492 9613 9490 9615 9536 9492 9490 9537 9534 9612 9535 9532 9533 9491 9529 9616 9612 9614 9499 9617 9614 9532 9618 9616 9619 9617 9530 9498 9530 9529 9491 9615 9616 9618 9490 9491 9616 9534 9532 9614 9496 9497 9535 9529 9504 9619 9614 9617 9498 9620 9617 9497 9621 9619 9622 9620 9503 9530 9503 9504 9529 9618 9619 9621 9616 9529 9619 9532 9497 9617 9531 9495 9496 9504 9528 9622 9617 9620 9530 9620 9495 9623 9624 9622 9625 9623 9505 9503 9505 9528 9504 9621 9622 9624 9619 9504 9622 9497 9495 9620 9507 9508 9531 9528 9502 9625 9620 9623 9503 9623 9508 9626 9627 9625 9628 9626 9501 9505 9501 9502 9528 9624 9625 9627 9622 9528 9625 9495 9508 9623 9518 9506 9507 9502 9515 9628 9623 9626 9505 9626 9506 9629 9630 9628 9516 9500 9501 9629 9500 9515 9502 9627 9628 9630 9625 9502 9628 9508 9506 9626 9546 9517 9518 9525 9515 9500 9626 9629 9501 9631 9629 9517 9632 9516 9519 9500 9631 9525 9525 9514 9515 9630 9516 9632 9628 9515 9516 9506 9517 9629 9633 9545 9546 9634 9519 9514 9629 9631 9500 9545 9456 9631 9635 9521 9634 9524 9525 9456 9634 9514 9524 9632 9519 9520 9516 9514 9519 9517 9545 9631 9455 9633 9527 9454 9636 9524 9631 9456 9525 9454 9524 9456 9636 9635 9634 9636 9634 9524 9512 9521 9635 9520 9521 9513 9519 9634 9521 9633 9455 9545 9456 9545 9455 9636 9522 9637 9523 9454 9455 9635 9637 9638 9522 9636 9454 9512 9638 9510 9637 9635 9636 9510 9511 9512 9638 9512 9635 9639 9641 9640 9642 9644 9643 9645 9647 9646 9643 9648 9642 9649 9651 9650 9652 9642 9650 9653 9644 9642 9654 9655 9652 9656 9642 9652 9657 9654 9652 9658 9643 9659 9660 9661 9657 9662 9658 9663 9646 9665 9664 9664 9645 9646 9658 9662 9666 9665 9646 9667 9667 9669 9668 9670 9671 9666 9666 9668 9669 9665 9672 9664 9671 9668 9666 9673 9668 9674 9668 9671 9674 9659 9643 9675 9664 9672 9676 9677 9676 9678 9664 9676 9677 9678 9680 9679 9681 9682 9680 9678 9679 9677 9639 9684 9683 9679 9680 9682 9639 9640 9685 9685 9686 9639 9687 9683 9688 9689 9691 9690 9683 9641 9639 9687 9641 9683 9692 9693 9690 9683 9684 9681 9689 9690 9694 9682 9681 9684 9695 9690 9693 9696 9695 9697 9698 9699 9695 9700 9698 9695 9701 9700 9702 9698 9700 9703 9700 9705 9704 9705 9700 9701 9704 9705 9706 9707 9694 9686 9694 9707 9689 9639 9686 9694 9682 9709 9708 9710 9684 9639 9679 9708 9711 9684 9709 9682 9677 9711 9712 9682 9708 9679 9664 9712 9645 9677 9679 9711 9645 9712 9649 9677 9712 9664 9669 9658 9666 9662 9713 9666 9667 9646 9669 9658 9669 9647 9670 9666 9713 9710 9639 9694 9692 9690 9691 9709 9715 9714 9710 9709 9684 9694 9716 9710 9708 9714 9717 9710 9715 9709 9711 9717 9718 9709 9714 9708 9712 9718 9649 9708 9717 9711 9649 9648 9645 9712 9711 9718 9647 9643 9658 9658 9659 9719 9646 9647 9669 9643 9647 9648 9719 9663 9658 9716 9694 9690 9697 9695 9693 9720 9715 9716 9716 9715 9710 9716 9699 9720 9721 9714 9715 9715 9720 9721 9722 9717 9714 9714 9721 9722 9723 9718 9717 9717 9722 9723 9651 9649 9718 9718 9723 9651 9649 9650 9648 9643 9644 9724 9645 9648 9647 9642 9648 9650 9724 9675 9643 9695 9699 9690 9696 9702 9700 9720 9699 9725 9690 9699 9716 9699 9698 9725 9721 9726 9722 9720 9725 9727 9722 9728 9723 9721 9727 9726 9723 9729 9651 9722 9726 9728 9651 9730 9650 9723 9728 9729 9656 9652 9655 9651 9729 9730 9642 9656 9731 9652 9650 9730 9731 9653 9642 9700 9695 9696 9704 9703 9700 9703 9732 9698 9698 9732 9725 9732 9733 9725 9720 9727 9721 9725 9733 9727 9734 9727 9733 9727 9734 9726 9735 9726 9734 9726 9735 9728 9736 9728 9735 9728 9736 9729 9737 9729 9736 9729 9737 9730 9660 9730 9737 9730 9660 9652 9652 9660 9657 9738 9740 9739 9741 9743 9742 9744 9746 9745 9747 9749 9748 9750 9743 9751 9752 9754 9753 9755 9757 9756 9758 9760 9759 9761 9763 9762 9764 9766 9765 9748 9768 9767 9749 9769 9768 9770 9772 9771 9771 9774 9773 9775 9777 9776 9776 9779 9778 9780 9782 9781 9783 9776 9784 9776 9783 9775 9782 9786 9785 9740 9788 9787 9784 9789 9783 9790 9792 9791 9793 9795 9794 9796 9798 9797 9791 9792 9799 9800 9802 9801 9802 9804 9803 9805 9807 9806 9808 9809 9807 9810 9811 9807 9812 9807 9811 9813 9807 9812 9814 9816 9815 9805 9817 9807 9807 9813 9806 9807 9818 9808 9817 9818 9807 9819 9802 9820 9809 9820 9802 9801 9802 9821 9802 9819 9821 9802 9823 9822 9823 9802 9800 9824 9825 9802 9822 9826 9802 9827 9828 9802 9827 9802 9825 9804 9802 9828 9802 9803 9829 9829 9831 9830 9830 9832 9802 9833 9830 9834 9835 9830 9831 9836 9837 9795 9830 9833 9838 9830 9840 9839 9840 9830 9841 9842 9791 9799 9843 9844 9815 9843 9846 9845 9845 9791 9842 9843 9845 9842 9815 9846 9843 9847 9738 9848 9849 9814 9850 9850 9852 9851 9849 9850 9853 9854 9856 9855 9857 9854 9858 9859 9858 9854 9860 9862 9861 9854 9857 9862 9863 9853 9864 9865 9867 9866 9868 9863 9864 9860 9870 9869 9867 9865 9871 9872 9874 9873 9872 9873 9869 9875 9876 9873 9875 9873 9874 9873 9878 9877 9878 9873 9876 9877 9879 9873 9865 9868 9880 9868 9865 9881 9879 9882 9873 9882 9883 9873 9860 9864 9851 9868 9873 9880 9884 9873 9883 9873 9885 9880 9886 9887 9873 9888 9889 9873 9888 9873 9887 9890 9891 9873 9890 9873 9889 9892 9893 9873 9892 9873 9891 9885 9893 9894 9893 9885 9873 9894 9895 9885 9864 9853 9850 9854 9862 9860 9852 9794 9795 9816 9846 9815 9816 9814 9849 9896 9848 9738 9852 9814 9794 9854 9897 9830 9799 9792 9898 9837 9897 9795 9788 9738 9847 9787 9900 9899 9784 9778 9781 9793 9739 9901 9739 9844 9896 9740 9902 9901 9782 9785 9789 9787 9903 9902 9784 9782 9789 9786 9899 9904 9779 9777 9773 9905 9771 9777 9774 9772 9769 9906 9768 9772 9907 9909 9908 9910 9909 9748 9911 9913 9912 9913 9915 9914 9916 9918 9917 9919 9921 9920 9922 9924 9923 9925 9927 9926 9928 9930 9929 9931 9933 9932 9934 9935 9932 9936 9938 9937 9922 9937 9917 9938 9936 9939 9921 9940 9920 9941 9943 9942 9923 9944 9922 9919 9927 9921 9921 9927 9925 9926 9945 9925 9925 9945 9930 9922 9944 9937 9916 9932 9946 9930 9945 9929 9930 9928 9932 9934 9932 9947 9932 9928 9947 9935 9948 9932 9949 9932 9933 9948 9931 9932 9946 9932 9950 9950 9932 9949 9917 9932 9916 9918 9951 9922 9923 9953 9952 9924 9953 9923 9913 9955 9954 9956 9957 9913 9944 9923 9958 9959 9960 9913 9959 9913 9957 9961 9958 9914 9962 9915 9913 9962 9964 9963 9965 9967 9966 9966 9744 9968 9969 9971 9970 9972 9973 9761 9974 9970 9758 9798 9796 9907 9747 9909 9755 9975 9765 9758 9756 9974 9765 9976 9977 9762 9978 9979 9760 9980 9981 9759 9761 9982 9763 9983 9979 9943 9979 9985 9984 9983 9941 9980 9943 9984 9977 9976 9987 9986 9942 9754 9988 9986 9987 9989 9942 9977 9753 9990 9992 9991 9989 9992 9990 9993 9940 9991 9990 9991 9940 9994 9940 9995 9940 9993 9995 9996 9940 9997 9940 9994 9997 9998 9940 9999 9940 9996 9999 10000 9940 10001 9940 9998 10001 9920 9940 10000 10002 10003 9898 10004 10006 10005 9799 9898 10003 10002 10007 10003 9799 9848 9842 10008 9854 10009 9843 9842 9896 10008 10010 9854 9844 9843 9896 9860 9851 9854 9814 9815 9794 9854 10011 9859 9814 9852 9850 9860 9868 9864 9880 9871 9865 9863 9868 9881 9860 9873 9868 9885 9871 9880 10003 9848 9799 10012 10007 10002 10006 10004 10007 9848 9896 9842 9847 9848 10003 9897 9852 9795 9854 9830 10013 9844 9794 9815 9738 9739 9896 9795 9793 9836 9844 9793 9794 9854 10010 10014 9855 10011 9854 9850 9851 9864 9854 9851 9897 9870 9860 9861 9869 9873 9860 9886 9873 9884 10007 9847 10003 10012 10006 10007 9912 9913 9954 10005 10015 10004 9847 10007 10016 9838 9841 9830 10017 9830 9839 9739 9793 9844 9738 9788 9740 10018 9830 10017 9739 9740 9901 10013 9830 10018 9854 10013 10009 9852 9897 9851 9897 9837 9830 9856 9854 10014 10016 10007 10004 10019 10015 10005 10019 10020 10015 10016 9788 9847 10016 10004 10021 10022 9836 10023 9788 10016 9900 9787 9788 9900 10022 9832 9837 9901 9836 9793 9902 9740 9787 9835 9834 9830 9901 10023 9836 9802 9829 9830 9837 9836 10022 9826 9824 9802 10015 10021 10004 10024 10020 10019 10024 10025 10020 10021 9900 10016 10021 10015 10026 10027 10023 10028 9900 10021 9904 9899 9900 9904 10027 10029 10022 9902 10023 9901 9787 9899 9903 9832 10030 9802 10028 10023 9902 10027 10022 10023 9802 10031 9807 9837 9832 9830 9832 10029 10030 9802 9807 9809 10020 10026 10015 10032 10025 10024 10032 10033 10025 10026 9904 10021 10026 10020 10034 10028 10036 10035 10026 9785 9904 9786 9904 9785 10035 10037 10027 9903 10028 9902 9899 9786 10038 10039 10030 10029 10028 9903 10036 10035 10027 10028 10030 10040 10031 10022 10029 9832 10029 10037 10039 10031 9802 10030 10025 10034 10020 10041 10033 10032 10042 10033 10041 10034 9785 10026 10034 10025 10043 10038 9903 9899 10043 9789 10034 10044 10045 10036 10046 10035 10045 10038 10036 9903 9786 9782 9780 10047 10039 10037 10036 10038 10044 10035 10036 10045 10030 10039 10040 10027 10037 10029 10037 10046 10047 10048 10040 10039 10033 10043 10025 10049 10042 10041 10049 10050 10042 9789 9785 10034 10043 10033 10051 9780 10038 9786 10051 9783 10043 10052 10053 10044 10054 10045 10053 9780 10044 10038 9782 9784 9781 10047 10046 10055 10044 9780 10052 10045 10044 10053 10047 10048 10039 10035 10046 10037 10046 10054 10055 10056 10048 10047 10042 10051 10033 10057 10050 10049 10057 10058 10050 9783 9789 10043 10059 10051 10042 9777 9775 9905 10059 9775 10051 10060 10061 10052 10062 10061 10060 9781 10052 9780 9784 9776 9778 10055 10054 10063 10052 9781 10060 10053 10052 10061 10055 10056 10047 10045 10054 10046 10054 10064 10063 10065 10056 10055 10050 10059 10042 10066 10058 10057 10066 10067 10058 9775 9783 10051 10068 10059 10050 9771 9905 9770 10068 9905 10059 10069 10062 10060 10070 10062 10069 9778 10060 9781 9776 9777 9779 10061 10064 10053 10069 10060 9778 10064 10071 10063 10063 10065 10055 10053 10064 10054 10064 10072 10071 10073 10065 10063 10058 10068 10050 10074 10067 10066 10074 10075 10067 9905 9775 10059 10076 10068 10058 9772 9770 9906 10076 9770 10068 10077 10070 10069 10078 10070 10077 9779 10069 9778 9777 9771 9773 10062 10072 10061 10077 10069 9779 10072 10079 10071 10071 10073 10063 10061 10072 10064 10072 10080 10079 10081 10073 10071 10067 10076 10058 10082 10075 10074 10082 10083 10075 9770 9905 10068 10084 10076 10067 9768 9906 9767 10084 9906 10076 10085 10078 10077 10086 10078 10085 9773 10077 9779 9771 9772 9774 10070 10080 10062 10085 10077 9773 10087 10079 10088 10079 10081 10071 10062 10080 10072 10080 10089 10088 10087 10081 10079 10075 10084 10067 10090 10083 10082 10090 10091 10083 9906 9770 10076 10092 10084 10075 9748 9767 9910 10092 9767 10084 10093 10078 10086 10094 10086 10095 9774 10085 9773 9772 9768 9769 10078 10089 10070 10095 10085 9774 10096 10088 10097 10080 10088 10079 10070 10089 10080 10089 10093 10097 10087 10088 10096 10083 10092 10075 10098 10091 10090 10098 10099 10091 9767 9906 10084 10092 10083 10100 9910 9908 9909 10100 9910 10092 10101 10086 10094 10095 10086 10085 9769 10095 9774 9749 9768 9748 10094 10103 10102 10103 10095 9769 10104 10097 10105 10089 10097 10088 10078 10093 10089 10093 10101 10105 10096 10097 10104 10091 10100 10083 10106 10099 10098 10106 10107 10099 9910 9767 10092 10091 10108 10100 9798 9907 9908 10100 10108 9908 10109 10094 10102 10103 10094 10095 9749 10103 9769 9747 9748 9909 10102 10111 10110 10111 10103 9749 10112 10105 10113 10093 10105 10097 10086 10101 10093 10101 10109 10113 10104 10105 10112 10099 10108 10091 10114 10107 10106 10114 9746 10107 9908 9910 10100 10108 10099 10115 9974 9757 9969 10108 10115 9798 10116 10102 10110 10111 10102 10103 9747 10111 9749 9755 9909 9907 10110 10117 9766 10117 10111 9747 10118 10113 10119 10101 10113 10105 10094 10109 10101 10109 10116 10119 10112 10113 10118 10107 10115 10099 9745 9746 10114 10120 9961 9967 9798 9908 10108 10107 10121 10115 9907 9796 9757 9797 9798 10115 10122 10110 9766 10117 10110 10111 9755 10117 9747 9757 9755 9907 9766 9756 9765 9756 10117 9755 10123 10119 10124 10109 10119 10113 10102 10116 10109 10116 10122 10124 10118 10119 10123 9746 10121 10107 9968 9744 9745 10125 10126 9797 10121 9797 10115 10127 10121 9746 10126 9969 9796 9797 10121 10125 9978 9760 9970 9796 9797 10126 9756 9766 10117 9796 9969 9757 9765 9974 9758 9756 9757 9974 10128 10124 10129 10116 10124 10119 10110 10122 10116 10122 9764 10129 10123 10124 10128 9744 10127 9746 9965 9966 9968 10125 9750 10130 10127 10125 10121 9744 10131 10127 10130 9971 10126 10125 10127 9750 9985 9978 10132 10125 10130 10126 10133 10134 9761 10126 9971 9969 9758 9970 9760 9969 9970 9974 10135 10129 10136 10122 10129 10124 9766 9764 10122 9764 9975 10136 10128 10129 10135 9966 10131 9744 10120 9967 9965 10137 10139 10138 10131 9750 10127 9966 9742 10131 10130 9751 10132 9750 10131 9743 9971 10132 9978 10130 9750 9751 9761 10140 10133 10130 10132 9971 9979 9983 9760 9978 9970 9971 10141 10136 9981 9764 10136 10129 9765 9975 9764 9975 9759 9981 10135 10136 10141 9967 9742 9966 10142 9961 10120 9915 9963 10143 9742 9743 10131 10144 9741 9742 10139 9751 9743 9741 10139 9743 10137 10132 9751 10139 10137 9751 9761 9973 10145 10132 10137 9985 9761 10146 9972 9979 9978 9985 10147 9981 9980 9975 9981 10136 9758 9759 9975 9759 9983 9980 10141 9981 10147 9961 10144 9967 10148 9958 10142 9741 10144 9915 9967 10144 9742 9914 9915 10144 10139 9741 10143 9915 10143 9741 10149 10146 10138 10139 10143 10138 9985 10137 10146 10146 10137 10138 10145 10140 9761 9985 10146 9984 10134 10150 9761 9941 10151 9980 9760 9983 9759 9983 9943 9941 10147 9980 10151 10142 9958 9961 9944 10148 10152 10153 9956 9913 9961 9914 10144 9914 9923 9913 9913 9960 9962 9915 9962 9963 10154 10138 10143 9963 10154 10143 10149 10138 10155 10146 10149 9972 9761 10150 10156 9979 9984 9943 10146 9761 9984 9941 9988 10157 9943 9977 9942 10151 9941 10157 10148 9944 9958 10152 9936 9937 9913 9952 9955 9958 9923 9914 9952 9913 9923 10153 9913 9911 9964 10154 9963 10154 10158 10138 10138 10158 10155 10155 10159 10149 9972 10149 10159 9982 9761 10156 9984 9761 9977 9977 9761 9762 9753 9754 9942 9986 9753 9977 9988 9941 9942 9937 9944 10152 9938 9917 9937 9918 9922 9917 9951 9924 9922 9990 9986 9989 9986 9977 9976 10160 9986 9990 9986 10160 9753 9753 10160 9752 10161 10163 10162 10164 10166 10165 10167 10169 10168 10170 10172 10171 10173 10175 10174 10176 10178 10177 10179 10181 10180 10168 10169 10182 10183 10185 10184 10186 10188 10187 10189 10191 10190 10192 10194 10193 10195 10197 10196 10198 10182 10199 10200 10202 10201 10202 10200 10203 10201 10204 10200 10205 10207 10206 10208 10207 10209 10195 10196 10210 10211 10212 10207 10213 10212 10211 10214 10212 10213 10215 10217 10216 10170 10218 10216 10219 10221 10220 10222 10215 10223 10224 10226 10225 10224 10220 10227 10228 10230 10229 10228 10225 10226 10231 10232 10229 10229 10230 10231 10165 10232 10233 10231 10233 10232 10164 10165 10233 10228 10226 10230 10226 10224 10227 10220 10221 10227 10219 10223 10221 10217 10215 10222 10222 10223 10219 10218 10215 10216 10214 10213 10171 10234 10214 10235 10207 10208 10211 10205 10206 10236 10236 10204 10205 10237 10167 10168 10182 10198 10168 10167 10185 10183 10238 10240 10239 10241 10199 10242 10243 10244 10241 10245 10238 10246 10197 10195 10247 10248 10250 10249 10243 10242 10246 10247 10251 10197 10252 10254 10253 10255 10256 10246 10245 10242 10257 10254 10186 10187 10258 10259 10189 10260 10190 10188 10199 10241 10198 10199 10261 10257 10262 10181 10184 10169 10167 10183 10202 10203 10263 10184 10185 10262 10179 10265 10264 10180 10202 10179 10263 10179 10202 10266 10175 10267 10179 10263 10268 10174 10175 10269 10269 10265 10270 10271 10272 10174 10174 10272 10173 10273 10272 10271 10272 10274 10173 10275 10273 10276 10277 10272 10275 10276 10279 10278 10276 10278 10275 10280 10281 10279 10278 10279 10281 10282 10280 10176 10280 10282 10281 10283 10177 10178 10177 10282 10176 10178 10163 10284 10284 10283 10178 10162 10285 10161 10284 10163 10161 10275 10272 10273 10278 10277 10275 10171 10218 10170 10172 10214 10171 10271 10174 10286 10272 10277 10274 10235 10214 10172 10269 10286 10174 10265 10269 10175 10287 10267 10173 10173 10274 10287 10234 10206 10212 10214 10234 10212 10236 10206 10288 10234 10288 10206 10270 10179 10268 10267 10175 10173 10265 10179 10270 10264 10175 10266 10289 10290 10267 10267 10287 10289 10212 10206 10207 10291 10208 10209 10291 10209 10292 10205 10204 10201 10205 10293 10209 10202 10180 10294 10293 10201 10294 10262 10180 10181 10202 10294 10201 10295 10266 10290 10290 10266 10267 10265 10175 10264 10181 10179 10264 10296 10266 10295 10297 10298 10290 10290 10289 10297 10207 10205 10209 10299 10291 10292 10299 10292 10300 10205 10201 10293 10293 10301 10292 10180 10262 10302 10302 10301 10294 10181 10264 10296 10294 10180 10302 10303 10298 10304 10298 10295 10290 10264 10266 10296 10184 10181 10296 10305 10295 10303 10306 10304 10298 10298 10297 10306 10209 10293 10292 10307 10299 10300 10307 10300 10308 10293 10294 10301 10301 10309 10300 10262 10185 10310 10310 10309 10302 10184 10296 10305 10302 10262 10310 10311 10304 10312 10295 10298 10303 10296 10295 10305 10183 10184 10305 10304 10306 10313 10303 10311 10314 10315 10304 10313 10292 10301 10300 10316 10307 10308 10316 10308 10317 10301 10302 10309 10309 10318 10308 10185 10167 10319 10319 10318 10310 10183 10305 10314 10310 10185 10319 10320 10312 10321 10303 10304 10311 10305 10303 10314 10169 10183 10314 10304 10315 10312 10311 10320 10322 10323 10312 10315 10300 10309 10308 10324 10316 10317 10324 10317 10325 10309 10310 10318 10318 10326 10317 10327 10328 10256 10319 10237 10326 10169 10314 10322 10319 10167 10237 10329 10321 10330 10311 10312 10320 10314 10311 10322 10182 10169 10322 10312 10323 10321 10320 10329 10261 10331 10321 10323 10308 10318 10317 10332 10324 10325 10332 10325 10333 10318 10319 10326 10325 10326 10334 10335 10168 10198 10237 10335 10334 10182 10322 10261 10237 10168 10335 10336 10330 10337 10320 10321 10329 10322 10320 10261 10199 10182 10261 10321 10331 10330 10329 10336 10257 10338 10330 10331 10317 10326 10325 10339 10332 10333 10339 10333 10340 10326 10237 10334 10333 10334 10341 10342 10198 10241 10342 10341 10335 10243 10241 10242 10342 10335 10198 10343 10337 10344 10329 10330 10336 10261 10329 10257 10242 10199 10257 10330 10338 10337 10336 10343 10245 10345 10337 10338 10325 10334 10333 10346 10339 10340 10346 10340 10347 10334 10335 10341 10340 10341 10348 10244 10243 10328 10342 10244 10348 10186 10254 10252 10342 10241 10244 10240 10344 10349 10336 10337 10343 10257 10336 10245 10246 10242 10245 10337 10345 10344 10343 10240 10238 10350 10344 10345 10333 10341 10340 10351 10346 10347 10347 10192 10352 10341 10342 10348 10353 10347 10348 10246 10256 10243 10328 10353 10244 10238 10255 10246 10256 10328 10243 10253 10349 10252 10343 10344 10240 10245 10343 10238 10239 10255 10238 10344 10350 10349 10240 10253 10239 10354 10349 10350 10340 10348 10347 10351 10347 10352 10194 10356 10355 10348 10244 10353 10353 10357 10192 10256 10255 10358 10357 10328 10327 10255 10239 10359 10327 10256 10358 10360 10239 10253 10359 10358 10255 10240 10349 10253 10360 10359 10239 10349 10354 10252 10253 10254 10360 10361 10252 10354 10347 10353 10192 10352 10192 10193 10358 10362 10327 10353 10328 10357 10194 10357 10363 10358 10359 10364 10363 10327 10362 10359 10360 10365 10362 10358 10364 10360 10254 10366 10364 10359 10365 10190 10367 10188 10366 10365 10360 10252 10361 10186 10366 10254 10187 10368 10186 10361 10192 10357 10194 10193 10194 10355 10364 10369 10362 10357 10327 10363 10363 10370 10356 10365 10371 10364 10370 10362 10369 10365 10366 10250 10369 10364 10371 10366 10187 10372 10371 10365 10250 10188 10367 10187 10250 10366 10372 10186 10368 10188 10187 10367 10372 10260 10188 10368 10194 10363 10356 10355 10356 10210 10373 10247 10374 10363 10362 10370 10247 10195 10370 10375 10374 10248 10374 10247 10369 10371 10248 10374 10250 10248 10371 10249 10372 10376 10372 10249 10250 10376 10367 10377 10367 10376 10372 10190 10191 10377 10367 10190 10377 10189 10190 10260 10370 10195 10356 10210 10356 10195 10373 10251 10247 10369 10247 10370 10375 10373 10374 10371 10374 10369 10375 10248 10378 10248 10249 10378 10378 10249 10379 10249 10376 10379 10379 10376 10380 10376 10377 10380 10380 10377 10381 10381 10191 10259 10381 10377 10191 10189 10259 10191 10382 10384 10383 10385 10387 10386 10388 10382 10383 10389 10391 10390 10392 10394 10393 10395 10397 10396 10398 10400 10399 10396 10401 10395 10402 10404 10403 10405 10407 10406 10407 10409 10408 10397 10383 10384 10410 10412 10411 10413 10415 10414 10416 10418 10417 10408 10406 10407 10419 10386 10420 10421 10423 10422 10424 10426 10425 10427 10428 10420 10429 10431 10430 10428 10424 10425 10430 10431 10432 10431 10429 10426 10428 10427 10424 10433 10423 10421 10419 10434 10386 10405 10406 10433 10405 10433 10421 10434 10419 10422 10434 10422 10423 10435 10385 10434 10408 10436 10406 10437 10382 10388 10385 10437 10387 10437 10388 10387 10396 10384 10438 10397 10384 10396 10390 10440 10439 10401 10389 10390 10389 10401 10441 10395 10401 10390 10442 10444 10443 10389 10445 10444 10442 10447 10446 10448 10394 10449 10448 10451 10450 10452 10394 10446 10393 10448 10453 10454 10455 10400 10453 10450 10399 10455 10399 10400 10456 10458 10457 10459 10461 10460 10462 10464 10463 10458 10465 10457 10462 10467 10466 10468 10470 10469 10471 10450 10472 10473 10475 10474 10398 10399 10471 10476 10474 10477 10478 10474 10476 10479 10400 10398 10480 10479 10481 10482 10484 10483 10460 10486 10485 10487 10486 10488 10489 10491 10490 10492 10494 10493 10495 10496 10493 10497 10495 10493 10498 10500 10499 10416 10417 10436 10501 10503 10502 10406 10436 10417 10504 10506 10505 10417 10507 10433 10508 10506 10509 10435 10423 10507 10386 10427 10420 10423 10435 10434 10424 10510 10426 10386 10434 10385 10511 10512 10431 10427 10386 10387 10510 10424 10513 10431 10514 10432 10425 10426 10429 10426 10510 10511 10514 10431 10512 10406 10417 10433 10502 10418 10416 10503 10418 10502 10433 10507 10423 10418 10515 10507 10516 10437 10385 10435 10515 10516 10387 10513 10427 10435 10516 10385 10510 10517 10511 10518 10512 10519 10427 10513 10424 10513 10387 10388 10426 10511 10431 10520 10517 10510 10512 10521 10514 10511 10517 10519 10521 10512 10518 10418 10507 10417 10522 10503 10501 10522 10523 10503 10507 10515 10435 10503 10524 10515 10525 10382 10437 10516 10524 10525 10388 10520 10513 10516 10525 10437 10517 10526 10519 10527 10518 10528 10513 10520 10510 10520 10388 10383 10511 10519 10512 10529 10526 10517 10518 10530 10521 10519 10526 10528 10531 10530 10518 10418 10503 10515 10532 10523 10522 10532 10509 10523 10515 10524 10516 10523 10533 10524 10534 10384 10382 10525 10533 10534 10383 10529 10520 10525 10534 10382 10526 10535 10528 10536 10527 10537 10520 10529 10517 10529 10383 10397 10519 10528 10518 10538 10535 10526 10518 10527 10531 10528 10535 10537 10539 10531 10527 10503 10523 10524 10508 10509 10532 10540 10542 10541 10524 10533 10525 10509 10543 10533 10544 10545 10540 10438 10534 10543 10397 10538 10529 10438 10384 10534 10535 10546 10537 10547 10536 10548 10529 10538 10526 10538 10397 10395 10528 10537 10527 10439 10546 10535 10527 10536 10539 10537 10546 10548 10549 10539 10536 10523 10509 10533 10505 10506 10508 10504 10550 10506 10533 10543 10534 10506 10551 10543 10552 10401 10396 10438 10551 10552 10395 10439 10538 10438 10552 10396 10546 10553 10548 10554 10547 10555 10538 10439 10535 10439 10395 10390 10537 10548 10536 10440 10553 10546 10536 10547 10549 10548 10553 10555 10556 10549 10547 10506 10543 10509 10557 10550 10504 10557 10558 10550 10543 10551 10438 10550 10559 10551 10560 10562 10561 10441 10552 10559 10389 10444 10391 10552 10441 10401 10553 10415 10555 10563 10554 10413 10439 10440 10546 10440 10390 10391 10548 10555 10547 10564 10415 10553 10547 10554 10556 10555 10415 10413 10565 10556 10554 10506 10550 10551 10566 10558 10557 10566 10544 10558 10551 10559 10552 10567 10559 10558 10445 10443 10444 10441 10567 10445 10391 10564 10440 10445 10389 10441 10568 10569 10411 10568 10563 10570 10440 10564 10553 10571 10564 10572 10555 10413 10554 10414 10415 10571 10554 10563 10565 10413 10414 10570 10573 10565 10563 10550 10558 10559 10545 10544 10566 10574 10575 10561 10559 10567 10441 10576 10567 10544 10444 10572 10391 10576 10443 10445 10571 10577 10414 10564 10571 10415 10391 10572 10564 10444 10442 10572 10569 10568 10570 10577 10571 10578 10413 10570 10563 10577 10579 10414 10563 10568 10573 10570 10579 10569 10580 10573 10568 10558 10544 10567 10542 10540 10545 10541 10581 10540 10567 10576 10445 10540 10582 10576 10442 10578 10572 10582 10447 10443 10447 10442 10443 10583 10569 10579 10572 10578 10571 10442 10446 10578 10414 10579 10570 10577 10392 10584 10411 10585 10410 10579 10584 10583 10568 10411 10580 10411 10569 10585 10412 10580 10411 10540 10576 10544 10586 10581 10541 10586 10587 10581 10576 10582 10443 10588 10582 10581 10446 10392 10578 10452 10447 10588 10446 10447 10452 10577 10584 10579 10578 10392 10577 10392 10446 10394 10589 10585 10590 10584 10393 10591 10583 10590 10585 10569 10583 10585 10410 10585 10589 10592 10412 10410 10540 10581 10582 10593 10587 10586 10593 10560 10587 10582 10588 10447 10594 10588 10587 10455 10590 10591 10449 10452 10594 10452 10449 10394 10584 10591 10583 10392 10393 10584 10394 10448 10393 10453 10455 10591 10595 10589 10596 10583 10591 10590 10589 10590 10454 10589 10595 10410 10592 10410 10595 10581 10587 10588 10562 10560 10593 10467 10597 10466 10588 10594 10452 10594 10560 10598 10599 10601 10600 10449 10598 10451 10451 10448 10449 10602 10603 10596 10393 10453 10591 10453 10448 10450 10455 10453 10399 10589 10454 10596 10590 10455 10454 10454 10400 10604 10595 10596 10603 10587 10560 10594 10574 10561 10562 10575 10605 10561 10594 10598 10449 10561 10606 10598 10607 10465 10471 10606 10472 10451 10398 10471 10465 10450 10451 10472 10596 10454 10604 10399 10450 10471 10608 10404 10602 10603 10602 10402 10604 10602 10596 10604 10479 10609 10602 10609 10608 10602 10404 10402 10560 10561 10598 10610 10605 10575 10610 10599 10605 10598 10606 10451 10611 10606 10605 10465 10481 10398 10472 10611 10607 10481 10465 10458 10472 10607 10471 10612 10404 10608 10604 10609 10602 10400 10479 10604 10481 10479 10398 10613 10404 10614 10480 10615 10609 10615 10612 10608 10403 10404 10613 10561 10605 10606 10601 10599 10610 10477 10474 10475 10606 10611 10472 10616 10611 10599 10458 10484 10481 10457 10607 10616 10484 10488 10480 10607 10457 10465 10460 10614 10612 10609 10615 10608 10479 10480 10609 10480 10481 10484 10617 10614 10461 10488 10486 10615 10486 10460 10612 10613 10614 10617 10404 10612 10614 10605 10599 10611 10618 10600 10601 10600 10618 10467 10611 10616 10607 10600 10619 10616 10484 10458 10483 10619 10456 10457 10488 10484 10482 10456 10483 10458 10620 10459 10485 10615 10486 10612 10480 10488 10615 10488 10482 10487 10621 10461 10622 10487 10485 10486 10485 10459 10460 10617 10461 10621 10614 10460 10461 10599 10600 10616 10597 10467 10618 10456 10623 10483 10616 10619 10457 10624 10619 10467 10483 10625 10482 10624 10623 10456 10482 10626 10487 10623 10625 10483 10487 10627 10485 10626 10482 10625 10459 10490 10622 10627 10487 10626 10628 10622 10491 10620 10485 10627 10620 10490 10459 10621 10622 10628 10461 10459 10622 10600 10467 10619 10464 10462 10466 10623 10468 10625 10619 10624 10456 10462 10629 10624 10625 10469 10626 10629 10468 10623 10626 10630 10627 10468 10469 10625 10627 10631 10620 10469 10630 10626 10632 10490 10620 10630 10631 10627 10633 10491 10494 10620 10631 10632 10632 10489 10490 10628 10491 10633 10622 10490 10491 10467 10462 10624 10634 10463 10464 10635 10630 10469 10624 10629 10623 10463 10636 10629 10637 10631 10630 10636 10470 10468 10638 10632 10631 10470 10635 10469 10639 10489 10632 10635 10637 10630 10640 10494 10489 10637 10638 10631 10497 10640 10641 10639 10632 10638 10640 10489 10639 10633 10494 10492 10491 10489 10494 10462 10463 10629 10477 10634 10476 10642 10475 10473 10629 10636 10468 10475 10636 10477 10643 10642 10644 10642 10470 10475 10645 10643 10646 10643 10635 10642 10647 10645 10648 10645 10637 10643 10641 10647 10649 10647 10638 10645 10497 10641 10650 10641 10639 10647 10497 10651 10495 10492 10493 10496 10494 10640 10493 10636 10463 10477 10477 10463 10634 10642 10473 10644 10470 10636 10475 10643 10644 10646 10635 10470 10642 10645 10646 10648 10637 10635 10643 10647 10648 10649 10638 10637 10645 10641 10649 10650 10639 10638 10647 10497 10650 10651 10640 10639 10641 10495 10651 10499 10493 10640 10497 10499 10500 10495 10496 10495 10500 10652 10654 10653 10655 10657 10656 10658 10660 10659 10661 10663 10662 10664 10666 10665 10667 10669 10668 10670 10672 10671 10673 10675 10674 10676 10678 10677 10679 10681 10680 10682 10684 10683 10685 10687 10686 10688 10690 10689 10691 10693 10692 10694 10696 10695 10697 10699 10698 10700 10702 10701 10701 10690 10697 10703 10705 10704 10700 10701 10698 10706 10707 10705 10708 10709 10703 10706 10710 10707 10705 10711 10704 10700 10713 10712 10714 10716 10715 10716 10717 10709 10718 10689 10719 10715 10692 10720 10721 10722 10691 10723 10719 10683 10682 10725 10724 10721 10686 10726 10685 10728 10727 10729 10725 10677 10730 10731 10676 10728 10679 10732 10733 10681 10734 10670 10735 10730 10672 10737 10736 10738 10734 10675 10739 10740 10674 10737 10666 10741 10742 10665 10669 10659 10743 10739 10744 10668 10661 10652 10653 10658 10745 10663 10746 10652 10747 10654 10748 10749 10745 10747 10657 10655 10745 10746 10748 10656 10657 10748 10654 10747 10655 10750 10751 10746 10748 10657 10749 10752 10749 10657 10748 10746 10753 10745 10662 10663 10751 10753 10746 10747 10752 10657 10653 10660 10658 10745 10749 10662 10752 10662 10749 10747 10754 10752 10663 10755 10750 10662 10744 10661 10750 10746 10663 10652 10754 10747 10660 10743 10659 10662 10752 10744 10754 10744 10752 10652 10756 10754 10661 10757 10755 10744 10667 10668 10755 10663 10661 10658 10756 10652 10743 10740 10739 10744 10754 10667 10756 10667 10754 10658 10758 10756 10668 10759 10757 10667 10742 10669 10757 10661 10668 10659 10758 10658 10740 10673 10674 10667 10756 10742 10758 10742 10756 10659 10760 10758 10669 10761 10759 10742 10664 10665 10759 10668 10669 10739 10760 10659 10673 10738 10675 10742 10758 10664 10760 10664 10758 10739 10762 10760 10665 10763 10761 10664 10741 10666 10761 10669 10665 10674 10762 10739 10738 10733 10734 10664 10760 10741 10762 10741 10760 10674 10764 10762 10666 10765 10763 10741 10736 10737 10763 10665 10666 10675 10764 10674 10733 10680 10681 10741 10762 10736 10764 10736 10762 10675 10766 10764 10737 10767 10765 10736 10671 10672 10765 10666 10737 10734 10766 10675 10680 10732 10679 10736 10764 10671 10766 10671 10764 10734 10768 10766 10672 10769 10767 10671 10735 10670 10767 10737 10672 10681 10768 10734 10732 10727 10728 10671 10766 10735 10768 10735 10766 10681 10770 10768 10670 10771 10769 10735 10731 10730 10769 10672 10670 10679 10770 10681 10727 10687 10685 10735 10768 10731 10770 10731 10768 10679 10772 10770 10730 10773 10771 10731 10678 10676 10771 10670 10730 10728 10772 10679 10687 10774 10686 10731 10770 10678 10772 10678 10770 10728 10775 10772 10676 10776 10773 10678 10729 10677 10773 10730 10676 10685 10775 10728 10686 10774 10726 10678 10772 10729 10775 10729 10772 10685 10777 10775 10677 10778 10776 10729 10724 10725 10776 10676 10677 10686 10777 10685 10721 10726 10722 10729 10775 10724 10777 10724 10775 10779 10777 10686 10725 10780 10778 10724 10684 10682 10778 10677 10725 10721 10779 10686 10691 10722 10693 10724 10777 10684 10779 10684 10777 10781 10779 10721 10725 10682 10780 10684 10723 10683 10782 10780 10682 10691 10781 10721 10692 10693 10720 10684 10779 10723 10781 10723 10779 10783 10781 10691 10683 10782 10682 10723 10718 10719 10784 10782 10683 10692 10783 10691 10715 10720 10714 10723 10781 10718 10783 10718 10781 10785 10783 10692 10719 10784 10683 10718 10688 10689 10786 10784 10719 10715 10785 10692 10716 10714 10717 10718 10783 10688 10785 10688 10783 10715 10699 10785 10689 10786 10719 10688 10697 10690 10787 10786 10689 10716 10699 10715 10709 10717 10788 10688 10785 10697 10699 10697 10785 10789 10699 10716 10690 10787 10689 10697 10698 10701 10790 10787 10690 10709 10789 10716 10704 10708 10703 10698 10789 10713 10789 10698 10699 10708 10713 10789 10702 10790 10701 10698 10713 10700 10790 10690 10701 10709 10788 10703 10706 10703 10788 10713 10708 10791 10709 10708 10789 10708 10704 10791 10700 10712 10695 10791 10712 10713 10695 10702 10700 10706 10705 10703 10707 10711 10705 10711 10792 10704 10704 10792 10791 10792 10793 10791 10793 10694 10712 10793 10712 10791 10694 10695 10712 10794 10796 10795 10796 10794 10797 10798 10799 10797 10794 10795 10800 10799 10796 10797 10801 10802 10798 10802 10799 10798 10803 10802 10801 10804 10800 10795 10805 10800 10804 10806 10803 10801 10806 10807 10803 10807 10809 10808 10809 10807 10806 10810 10808 10811 10809 10811 10808 10812 10813 10810 10810 10811 10812 10813 10815 10814 10815 10813 10812 10815 10816 10814 10817 10815 10818 10815 10819 10818 10820 10815 10821 10815 10817 10821 10814 10816 10822 10815 10820 10816 10823 10825 10824 10826 10828 10827 10829 10831 10830 10832 10834 10833 10835 10837 10836 10838 10833 10839 10834 10839 10833 10840 10841 10838 10838 10839 10840 10837 10834 10832 10837 10832 10836 10842 10826 10835 10836 10842 10835 10831 10827 10828 10828 10826 10842 10830 10824 10829 10831 10829 10827 10825 10823 10843 10830 10823 10824 10844 10846 10845 10847 10849 10848 10850 10852 10851 10853 10855 10854 10856 10858 10857 10856 10860 10859 10861 10858 10862 10858 10861 10857 10857 10860 10856 10861 10862 10863 10860 10851 10859 10853 10852 10850 10852 10859 10851 10846 10854 10855 10855 10853 10850 10845 10849 10844 10846 10844 10854 10847 10848 10864 10845 10848 10849 10865 10867 10866 10865 10868 10867 10869 10868 10865 10868 10869 10870 10871 10873 10872 10874 10876 10875 10877 10879 10878 10880 10873 10871 10877 10878 10873 10881 10882 10873 10881 10873 10880 10883 10884 10873 10883 10873 10882 10885 10873 10884 10885 10884 10886 10885 10877 10873 10885 10876 10877 10875 10887 10874 10877 10876 10874 10874 10889 10888 10887 10889 10874 10890 10892 10891 10893 10895 10894 10896 10898 10897 10890 10898 10893 10896 10893 10898 10894 10899 10893 10900 10893 10901 10893 10899 10901 10902 10893 10900 10903 10904 10893 10903 10893 10902 10893 10905 10890 10905 10893 10904 10890 10905 10892 10906 10908 10907 10909 10911 10910 10909 10912 10911 10913 10911 10914 10913 10910 10911 10915 10914 10911 10907 10915 10911 10916 10914 10915 10917 10918 10911 10915 10908 10919 10907 10920 10906 10921 10922 10907 10907 10922 10920 10923 10921 10907 10924 10907 10925 10924 10923 10907 10925 10907 10926 10918 10927 10911 10908 10915 10907 10917 10911 10928 10912 10928 10911 10929 10931 10930 10932 10934 10933 10935 10937 10936 10938 10940 10939 10941 10943 10942 10942 10943 10944 10945 10946 10941 10944 10948 10947 10949 10951 10950 10952 10954 10953 10955 10952 10956 10957 10952 10958 10959 10961 10960 10962 10964 10963 10965 10930 10966 10967 10969 10968 10970 10972 10971 10973 10975 10974 10976 10978 10977 10960 10977 10978 10979 10981 10980 10981 10983 10982 10980 10985 10984 10980 10984 10979 10986 10988 10987 10989 10986 10985 10990 10992 10991 10987 10992 10993 10994 10996 10995 10991 10996 10990 10997 10999 10998 10994 10995 10997 11000 11001 10998 10997 10998 11001 11000 11003 11002 11002 11001 11000 10978 10976 10966 10995 10999 10997 11004 10977 10983 10996 10994 10990 10992 10990 10993 10986 10987 10993 10989 11005 10988 10980 11005 10989 10983 11006 10982 10977 11004 11007 11008 11010 11009 10930 11012 11011 10930 10978 10966 11013 11015 11014 11012 10939 11011 10938 11016 10940 11017 11019 11018 11014 11015 11019 11020 11022 11021 11023 11025 11024 11026 11024 11027 11025 11023 11028 11029 11025 11028 11028 11030 11029 11031 11032 11030 11029 11030 11032 11031 11034 11033 11033 11032 11031 11024 11026 11035 11024 11035 11023 11020 11021 11010 11009 11027 11008 11022 11017 11018 11022 11016 11036 10930 10965 11012 11019 11015 11018 11037 11039 11038 11040 10974 11041 11042 11044 11043 11045 11047 11046 11048 11050 11049 11051 10969 11052 11048 11054 11053 10969 11056 11055 11057 11059 11058 11057 11060 11059 11061 11063 11062 11064 11066 11065 11067 11069 11068 11070 11072 11071 11073 11075 11074 11076 11078 11077 11079 11081 11080 11082 11084 11083 11085 11086 10945 10952 11088 11087 10936 11090 11089 11091 11092 10969 11056 10969 11093 11094 10969 10967 11095 11092 11091 10969 11096 10968 10969 11092 11042 11092 11095 11097 11098 11092 11099 11100 11102 11101 11103 11102 11104 11105 10967 10968 11106 11108 11107 11109 11110 11042 11053 11111 11048 11112 11114 11113 11115 11117 11116 11118 11092 11119 11120 11121 11042 11122 11123 11117 11124 11125 11039 11126 11102 11127 11128 10961 11129 11130 11131 11103 11132 11128 10964 11130 11104 11133 10952 11135 11134 10956 11136 10955 11137 10956 10952 11138 11139 10956 11136 10956 11139 11140 10952 10955 11134 11141 10952 11140 11135 10952 11087 11137 10952 10954 10952 11141 11142 10949 11133 10951 10949 11142 11143 10958 10952 11142 10952 11144 10935 10936 11145 10957 11145 10936 11142 11144 10951 11146 10936 10937 11085 10951 11144 11147 10936 11148 11148 10936 11146 11149 11150 10936 11090 10936 11151 11149 10936 11089 11150 11152 10936 10936 11147 11151 11089 11090 11153 11154 11084 11082 11144 10952 10936 11155 10936 11152 11153 11156 11089 11157 10936 11155 10936 11159 11158 11086 11085 11144 11084 11160 11083 10946 10945 11086 11083 11160 11158 11160 11086 10936 11084 11154 11161 11162 11084 11161 11084 11162 11163 11164 11084 11165 11079 11084 11166 11167 11169 11168 11165 11171 11170 11172 11174 11173 11168 11175 11167 11176 11169 11177 11177 11178 11176 11175 11168 11179 11169 11180 11177 11181 11173 11174 11174 11172 11179 11182 11184 11183 11182 11185 11184 11186 11061 11187 11188 11062 11189 11183 11190 11182 11186 11187 11191 11058 11192 11057 11192 11191 11187 11193 11059 11060 11193 11052 10969 11062 11063 11189 11194 11042 11195 11193 11060 11052 11192 11058 11191 11186 11063 11061 11184 11188 11189 11196 11071 11072 11184 11185 11188 11190 11181 11182 11190 11173 11181 11072 11180 11167 11179 11172 11175 11180 11169 11167 11167 11196 11072 11071 11165 11170 11197 11071 11196 11071 11197 11198 11070 11071 11170 11073 11074 11199 11071 11198 11200 11201 11107 11108 11202 11079 11203 11204 11171 11084 11205 11084 11164 11165 11084 11171 11166 11081 11079 11205 11166 11084 11079 11080 11206 11204 11084 11163 11207 11208 11079 11207 11079 11209 11079 11208 11210 11079 11210 11211 11079 11211 11203 11212 11213 11048 11203 11214 11048 11215 11113 11216 11069 11113 11217 11218 11069 11219 11113 11221 11220 11220 11222 11113 11217 11113 11223 11224 11226 11225 11113 11228 11227 11113 11114 11229 11227 11230 11113 11117 11112 11113 11230 11116 11113 11224 11232 11231 11233 11235 11234 11236 11237 11042 11117 11042 11238 11239 11124 11039 11240 11241 11233 11042 11242 11236 11109 11042 11243 11233 11244 11235 11233 11245 11240 11234 11245 11233 11042 11237 11120 11233 11241 11242 11242 11117 11233 11242 11042 11117 11246 11247 11117 11248 11130 10949 11243 11042 11121 11117 11247 11249 10969 11055 11250 11106 10969 11108 11093 10969 11251 11096 10969 11051 11094 11251 10969 11193 10969 11106 11252 11107 11253 11201 11253 11107 11252 11253 11254 11255 11252 11256 11252 11254 11256 11117 11257 11112 11258 11260 11259 11221 11113 11215 11246 11117 11238 11261 11238 11042 11117 11113 11116 11113 11262 11223 11216 11113 11218 11218 11113 11069 11068 11069 11263 11219 11069 11067 11075 11068 11263 11199 11048 11073 11074 11075 11263 11048 11199 11050 11054 11048 11049 11213 11073 11048 11224 11048 11111 11264 11224 11111 11048 11214 11212 11226 11224 11264 11265 11203 11048 11265 11066 11266 11224 11225 11267 11224 11267 11268 11224 11270 11269 11271 11270 11224 11272 11224 11269 11065 11066 11265 11064 11065 11273 11224 11272 11232 11274 11276 11275 11275 11276 11231 11258 11276 11277 11276 11274 11277 11278 11276 11047 11279 11280 11258 11260 11258 11277 11281 11282 11258 11281 11258 11280 11258 11047 11276 11258 11259 11279 11283 11284 11258 11283 11258 11285 11286 11287 11039 11039 11046 11117 11288 11088 10952 11289 11045 11290 11257 11117 11291 11039 11117 11249 11291 11117 11123 11292 11122 11046 11293 11290 11037 11038 11039 11125 11294 11038 11125 11295 11038 11294 11296 11297 11038 11298 11290 11040 10972 11293 11038 11299 11300 10972 10972 11038 11299 11301 11302 10931 11303 10971 11304 10970 11305 10972 11306 11308 11307 11301 11309 11302 10959 10978 10931 11310 11006 11311 11312 11132 10962 11313 11314 10962 11315 11313 11100 11316 11101 11103 11317 11319 11318 11127 11100 11320 11321 11319 11317 11118 11322 11092 11319 11126 11323 11324 11322 11118 11097 11325 11092 11326 11092 11098 11092 11327 11044 11092 11326 11327 11042 11092 11044 11250 11091 10969 11328 11195 11042 11261 11042 11329 10989 10985 10980 10988 10986 10989 11009 11026 11027 11010 11008 11020 10979 10984 11330 11331 11005 10980 11008 11332 11020 11020 11332 11022 11330 11004 10979 10979 11004 10983 11333 11331 10981 10980 10981 11331 11022 11036 11021 11332 11017 11022 10938 11334 11016 11036 11016 11334 10977 11007 10976 11310 11335 10982 10981 10982 11333 10979 10983 10981 10983 10960 11006 11335 11333 10982 11016 11018 10940 11022 11018 11016 11258 11336 11285 10940 11011 10939 10940 11015 11337 11338 11339 11309 10929 11011 11337 11340 11311 11132 11011 10929 10930 10930 10931 10978 11341 11310 11340 10977 10960 10983 10959 10960 10978 10961 11311 11006 11335 11310 11341 10982 11006 11310 11018 11015 10940 11342 11013 11014 11342 11343 11013 10940 11337 11011 11013 11344 11337 11302 11129 10959 11344 11301 10929 10963 11320 11313 10929 11301 10931 10931 11302 10959 11345 11340 11312 10960 10961 11006 11129 10961 10959 11128 11132 11311 11341 11340 11345 11310 11311 11340 11015 11013 11337 11346 11343 11342 11346 11306 11343 11337 11344 10929 11347 11344 11343 11129 11302 11339 11309 11301 11347 11128 11129 11348 11339 11302 11309 11129 11339 11348 11349 11312 11314 10961 11128 11311 11128 11348 10964 10964 10962 11132 11345 11312 11349 11340 11132 11312 11013 11343 11344 11308 11306 11346 11307 11350 10973 11344 11347 11301 11347 11306 11351 11339 11352 11348 11351 11338 11309 11348 11353 10964 11338 11352 11339 11354 11323 11127 11352 11353 11348 11355 11314 11315 10964 11353 10963 10963 11313 10962 11349 11314 11355 11312 10962 11314 11343 11306 11347 11350 11307 11308 11352 11338 11356 11347 11351 11309 11351 11307 11357 11352 11358 11353 11357 11356 11338 11320 11359 11354 11356 11358 11352 11359 10963 11353 11359 11353 11358 11360 11315 11101 11320 10963 11359 11320 11100 11313 11355 11315 11360 11314 11313 11315 11306 11307 11351 10975 10973 11350 11358 11356 11305 11351 11357 11338 11357 10973 11361 11362 11363 10971 11305 11356 11361 11363 11323 10971 11358 10970 11359 11364 11323 11365 10970 11354 11359 11366 11319 11367 11127 11320 11354 11127 11102 11100 11360 11101 11316 11315 11100 11101 11307 10973 11357 11041 10974 10975 11368 10972 11305 11357 11361 11356 11361 10974 11368 10972 11300 10971 11323 11363 11369 11358 11305 10970 10970 10971 11354 11323 11369 11365 11354 10971 11323 11319 11366 11318 11323 11126 11127 11126 11104 11102 11316 11103 11131 11101 11102 11103 10973 10974 11361 11298 11040 11041 11297 11299 11038 11361 11368 11305 11368 11293 10972 10971 11300 11304 11303 11370 10971 11362 10971 11370 11364 11371 11323 11319 11371 11367 11319 11323 11371 11372 11104 11126 11126 11319 11372 11133 11104 11372 11131 11130 11248 11103 11104 11130 10974 11040 11368 11289 11290 11298 11295 11373 11038 11368 11040 11293 11038 11293 11037 11373 11296 11038 11092 11321 11099 11374 11322 11324 11092 11372 11319 11322 11374 11375 11322 11372 11092 11142 11133 11322 11248 10949 10950 11130 11133 10949 11040 11290 11293 11376 11045 11289 11258 11292 11046 11039 11287 11239 11037 11046 11039 11249 11286 11039 11119 11092 11325 11092 11319 11321 11288 11322 11375 11133 11372 11322 11322 11288 10952 11322 10952 11142 11377 10951 11085 10951 11377 10950 11290 11045 11037 11045 11376 11378 11258 11284 11292 11037 11045 11046 11046 11122 11117 11233 11117 11115 11328 11042 11110 11043 11329 11042 11042 11194 10969 11194 11108 10969 10953 11379 10952 11143 10952 11379 10936 10952 10957 11085 11380 11377 10936 11086 11144 11381 11380 11085 11045 11378 11047 11378 11278 11047 11336 11258 11282 11046 11047 11258 11262 11113 11229 11222 11228 11113 11177 11382 11178 11159 10936 11157 11383 10945 10941 11160 10936 11158 11085 10945 11381 11160 10946 11086 11383 11381 10945 11276 11224 11231 11278 11273 11276 11203 11077 11078 11271 11224 11268 11224 11065 11265 11203 11211 11214 11079 11202 11084 11206 11209 11079 10932 11084 11202 11160 10932 11384 11160 11084 10932 11384 11385 10946 10946 11160 11384 10943 10941 11385 10946 11385 10941 10942 11383 10941 11224 11276 11065 11273 11065 11276 11077 11265 11266 11048 11224 11265 11077 11203 11265 11078 11202 11203 11078 11386 11202 11202 11386 10932 10934 10932 11386 10933 11387 11384 10933 11384 10932 11387 11388 11385 11387 11385 11384 11388 10948 10943 11388 10943 11385 10944 10943 10948</p>
        </triangles>
      </mesh>
    </geometry>
  </library_geometries>

  <library_visual_scenes>
    <visual_scene id="ID1">
      <node id="ID2" name="link_3">
        <node>
          <matrix>1 0 0 -0.02 0 1 0 -2.77556e-17 0 0 1 -0.605 0 0 0 1</matrix>
          <instance_node url="#ID3"/>
        </node>
      </node>
    </visual_scene>
  </library_visual_scenes>

  <scene>
    <instance_visual_scene url="#ID1"/>
  </scene>

  <library_nodes>
    <node id="ID3" name="bergE5F4F25F1bc4">
      <instance_geometry url="#ID4">
        <bind_material>
          <technique_common>
            <instance_material symbol="ID10" target="#ID10"/>
          </technique_common>
        </bind_material>
      </instance_geometry>
    </node>
  </library_nodes>

</COLLADA>
