<?xml version="1.0" encoding="UTF-8" standalone="no" ?>
<COLLADA version="1.4.1" xmlns="http://www.collada.org/2005/11/COLLADASchema">

  <asset>
    <contributor>
      <authoring_tool>ONSHAPE BY PTC INC, 1.207</authoring_tool>
    </contributor>
    <created>2025-12-02T13:54:09</created>
    <modified>2025-12-02T13:54:09</modified>
    <unit meter="1" name="meters"/>
    <up_axis>Z_UP</up_axis>
  </asset>

  <library_materials>
    <material id="ID10" name="ID10">
      <instance_effect url="#ID10-fx"/>
    </material>
  </library_materials>

  <library_effects>
    <effect id="ID10-fx" name="ID10">
      <profile_COMMON>
        <technique sid="COMMON">
          <lambert>
            <diffuse>
              <color sid="diffuse">0.4 0.4 0.4 1</color>
            </diffuse>
            <transparent opaque="A_ONE">
              <color sid="transparent">1 1 1 1</color>
            </transparent>
            <transparency>
              <float sid="transparency">1</float>
            </transparency>
          </lambert>
        </technique>
        <extra>
          <technique profile="OTHER">
            <double_sided>1</double_sided>
          </technique>
        </extra>
      </profile_COMMON>
    </effect>
  </library_effects>

  <library_geometries>
    <geometry id="ID4">
      <mesh>
        <source id="ID5">
          <float_array count="24168" id="ID6">0.3495 -0.0220893 0.621925 0.3465 -0.022509 0.621751 0.3495 -0.022509 0.621751 0.3465 -0.0187097 0.620358 0.3495 -0.0187097 0.620358 0.3495 -0.0185711 0.619926 0.3495 -0.0228942 0.621511 0.3465 -0.0228942 0.621511 0.3465 -0.0232347 0.62121 0.3495 -0.0232347 0.62121 0.3465 -0.023521 0.620857 0.3495 -0.023521 0.620857 0.3495 -0.0237454 0.620462 0.3465 -0.0237454 0.620462 0.3465 -0.0239017 0.620036 0.3495 -0.0239017 0.620036 0.3465 -0.0239857 0.61959 0.3495 -0.0239857 0.61959 0.3495 -0.0239951 0.619136 0.3465 -0.0239951 0.619136 0.3465 -0.0239296 0.618686 0.3495 -0.0239296 0.618686 0.3465 -0.023791 0.618254 0.3495 -0.023791 0.618254 0.3465 -0.0220893 0.621925 0.3495 -0.0216468 0.622027 0.3465 -0.0216468 0.622027 0.3495 -0.0211935 0.622055 0.3465 -0.0211935 0.622055 0.3465 -0.0207418 0.622009 0.3495 -0.0207418 0.622009 0.3495 -0.0203039 0.621888 0.3465 -0.0203039 0.621888 0.3495 -0.0198918 0.621697 0.3465 -0.0198918 0.621697 0.3465 -0.0195168 0.621441 0.3495 -0.0195168 0.621441 0.3495 -0.0191891 0.621126 0.3465 -0.0191891 0.621126 0.3495 -0.0189176 0.620762 0.3465 -0.0189176 0.620762 0.3465 -0.0185057 0.619476 0.3465 -0.0185711 0.619926 0.3495 -0.0185057 0.619476 0.3465 -0.0187554 0.61815 0.3465 -0.018599 0.618576 0.3495 -0.0187554 0.61815 0.3465 -0.018515 0.619022 0.3495 -0.018515 0.619022 0.3495 -0.018599 0.618576 0.3465 -0.0192661 0.617402 0.3495 -0.0196065 0.617101 0.3465 -0.0196065 0.617101 0.3495 -0.0189797 0.617755 0.3495 -0.0192661 0.617402 0.3465 -0.0189797 0.617755 0.3495 -0.0208539 0.616585 0.3465 -0.0208539 0.616585 0.3465 -0.0204114 0.616687 0.3495 -0.0204114 0.616687 0.3465 -0.0199918 0.616861 0.3495 -0.0199918 0.616861 0.3465 -0.0221969 0.616724 0.3465 -0.021759 0.616603 0.3495 -0.0221969 0.616724 0.3465 -0.0213072 0.616557 0.3495 -0.0213072 0.616557 0.3495 -0.021759 0.616603 0.3495 -0.0229839 0.617171 0.3465 -0.0226089 0.616915 0.3495 -0.0226089 0.616915 0.3495 -0.0233117 0.617486 0.3465 -0.0229839 0.617171 0.3465 -0.0233117 0.617486 0.3495 -0.0235832 0.61785 0.3465 -0.0235832 0.61785 0.3495 -0.023521 0.620857 0.3495 -0.022509 0.621751 0.3495 -0.0232347 0.62121 0.3495 -0.0239296 0.618686 0.3495 -0.0198918 0.621697 0.3495 -0.0203039 0.621888 0.3495 -0.0228942 0.621511 0.3495 -0.0220893 0.621925 0.3495 -0.0237454 0.620462 0.3495 -0.0239017 0.620036 0.3495 -0.0216468 0.622027 0.3495 -0.0239857 0.61959 0.3495 -0.0211935 0.622055 0.3495 -0.0207418 0.622009 0.3495 -0.0239951 0.619136 0.3495 -0.023791 0.618254 0.3495 -0.0195168 0.621441 0.3495 -0.0235832 0.61785 0.3495 -0.0233117 0.617486 0.3495 -0.0191891 0.621126 0.3495 -0.0229839 0.617171 0.3495 -0.0189176 0.620762 0.3495 -0.0187097 0.620358 0.3495 -0.0226089 0.616915 0.3495 -0.0213072 0.616557 0.3495 -0.018515 0.619022 0.3495 -0.021759 0.616603 0.3495 -0.0185057 0.619476 0.3495 -0.0185711 0.619926 0.3495 -0.0221969 0.616724 0.3495 -0.0187554 0.61815 0.3495 -0.018599 0.618576 0.3495 -0.0208539 0.616585 0.3495 -0.0192661 0.617402 0.3495 -0.0199918 0.616861 0.3495 -0.0196065 0.617101 0.3495 -0.0189797 0.617755 0.3495 -0.0204114 0.616687 0.3495 -0.0206675 0.633382 0.3465 -0.0211178 0.633441 0.3495 -0.0211178 0.633441 0.3465 -0.0185239 0.630335 0.3495 -0.0185239 0.630335 0.3495 -0.0186202 0.629891 0.3495 -0.0215717 0.633425 0.3465 -0.0215717 0.633425 0.3465 -0.0220169 0.633335 0.3495 -0.0220169 0.633335 0.3465 -0.0224411 0.633173 0.3495 -0.0224411 0.633173 0.3495 -0.0228329 0.632943 0.3465 -0.0228329 0.632943 0.3465 -0.0231815 0.632652 0.3495 -0.0231815 0.632652 0.3465 -0.0234774 0.632307 0.3495 -0.0234774 0.632307 0.3495 -0.0237126 0.631919 0.3465 -0.0237126 0.631919 0.3465 -0.0238806 0.631497 0.3495 -0.0238806 0.631497 0.3465 -0.0239768 0.631053 0.3495 -0.0239768 0.631053 0.3465 -0.0206675 0.633382 0.3495 -0.0202331 0.633249 0.3465 -0.0202331 0.633249 0.3495 -0.0198264 0.633047 0.3465 -0.0198264 0.633047 0.3465 -0.0194586 0.63278 0.3495 -0.0194586 0.63278 0.3495 -0.0191397 0.632457 0.3465 -0.0191397 0.632457 0.3495 -0.0188783 0.632085 0.3465 -0.0188783 0.632085 0.3465 -0.0186817 0.631676 0.3495 -0.0186817 0.631676 0.3495 -0.0185551 0.63124 0.3465 -0.0185551 0.63124 0.3495 -0.018502 0.630789 0.3465 -0.018502 0.630789 0.3465 -0.0187882 0.629469 0.3465 -0.0186202 0.629891 0.3495 -0.0187882 0.629469 0.3465 -0.0196679 0.628445 0.3465 -0.0193193 0.628736 0.3495 -0.0196679 0.628445 0.3465 -0.0190233 0.629081 0.3495 -0.0190233 0.629081 0.3495 -0.0193193 0.628736 0.3465 -0.0204839 0.628053 0.3495 -0.020929 0.627963 0.3465 -0.020929 0.627963 0.3495 -0.0200596 0.628215 0.3495 -0.0204839 0.628053 0.3465 -0.0200596 0.628215 0.3495 -0.0222676 0.628139 0.3465 -0.0222676 0.628139 0.3465 -0.0218332 0.628006 0.3495 -0.0218332 0.628006 0.3465 -0.0213829 0.627947 0.3495 -0.0213829 0.627947 0.3465 -0.023361 0.628931 0.3465 -0.0230421 0.628608 0.3495 -0.023361 0.628931 0.3465 -0.0226743 0.628341 0.3495 -0.0226743 0.628341 0.3495 -0.0230421 0.628608 0.3495 -0.0238191 0.629712 0.3465 -0.0236224 0.629303 0.3495 -0.0236224 0.629303 0.3495 -0.0239457 0.630148 0.3465 -0.0238191 0.629712 0.3465 -0.0239457 0.630148 0.3495 -0.0239987 0.630599 0.3465 -0.0239987 0.630599 0.3495 -0.0198264 0.633047 0.3495 -0.0202331 0.633249 0.3495 -0.0239768 0.631053 0.3495 -0.0186817 0.631676 0.3495 -0.0236224 0.629303 0.3495 -0.023361 0.628931 0.3495 -0.0234774 0.632307 0.3495 -0.0211178 0.633441 0.3495 -0.0215717 0.633425 0.3495 -0.0238806 0.631497 0.3495 -0.0206675 0.633382 0.3495 -0.0237126 0.631919 0.3495 -0.0220169 0.633335 0.3495 -0.0228329 0.632943 0.3495 -0.0231815 0.632652 0.3495 -0.0224411 0.633173 0.3495 -0.0239987 0.630599 0.3495 -0.0194586 0.63278 0.3495 -0.0239457 0.630148 0.3495 -0.0191397 0.632457 0.3495 -0.0238191 0.629712 0.3495 -0.0188783 0.632085 0.3495 -0.0185551 0.63124 0.3495 -0.0230421 0.628608 0.3495 -0.018502 0.630789 0.3495 -0.0226743 0.628341 0.3495 -0.0185239 0.630335 0.3495 -0.0222676 0.628139 0.3495 -0.0218332 0.628006 0.3495 -0.0186202 0.629891 0.3495 -0.0190233 0.629081 0.3495 -0.0187882 0.629469 0.3495 -0.0213829 0.627947 0.3495 -0.0196679 0.628445 0.3495 -0.0204839 0.628053 0.3495 -0.0200596 0.628215 0.3495 -0.0193193 0.628736 0.3495 -0.020929 0.627963 0.3495 -0.0137078 0.642592 0.3465 -0.0140681 0.642869 0.3495 -0.0140681 0.642869 0.3465 -0.0133746 0.638882 0.3495 -0.0133746 0.638882 0.3495 -0.0136799 0.638546 0.3495 -0.0144691 0.643082 0.3465 -0.0144691 0.643082 0.3465 -0.0148996 0.643227 0.3495 -0.0148996 0.643227 0.3465 -0.0153481 0.643298 0.3495 -0.0153481 0.643298 0.3495 -0.0158023 0.643295 0.3465 -0.0158023 0.643295 0.3465 -0.0162498 0.643217 0.3495 -0.0162498 0.643217 0.3465 -0.0166783 0.643067 0.3495 -0.0166783 0.643067 0.3495 -0.0170763 0.642848 0.3465 -0.0170763 0.642848 0.3465 -0.0174328 0.642567 0.3495 -0.0174328 0.642567 0.3465 -0.0177381 0.64223 0.3495 -0.0177381 0.64223 0.3465 -0.0137078 0.642592 0.3495 -0.0133979 0.64226 0.3465 -0.0133979 0.64226 0.3495 -0.0131469 0.641882 0.3465 -0.0131469 0.641882 0.3465 -0.0129616 0.641467 0.3495 -0.0129616 0.641467 0.3495 -0.012847 0.641028 0.3465 -0.012847 0.641028 0.3495 -0.0128064 0.640575 0.3465 -0.0128064 0.640575 0.3465 -0.0128408 0.640122 0.3495 -0.0128408 0.640122 0.3495 -0.0129493 0.639681 0.3465 -0.0129493 0.639681 0.3495 -0.0131288 0.639264 0.3465 -0.0131288 0.639264 0.3465 -0.0140364 0.638265 0.3465 -0.0136799 0.638546 0.3495 -0.0140364 0.638265 0.3465 -0.0153104 0.637817 0.3465 -0.0148629 0.637895 0.3495 -0.0153104 0.637817 0.3465 -0.0144344 0.638046 0.3495 -0.0144344 0.638046 0.3495 -0.0148629 0.637895 0.3465 -0.0162131 0.637886 0.3495 -0.0166436 0.63803 0.3465 -0.0166436 0.63803 0.3495 -0.0157646 0.637814 0.3495 -0.0162131 0.637886 0.3465 -0.0157646 0.637814 0.3495 -0.0177148 0.638852 0.3465 -0.0177148 0.638852 0.3465 -0.0174049 0.63852 0.3495 -0.0174049 0.63852 0.3465 -0.0170446 0.638244 0.3495 -0.0170446 0.638244 0.3465 -0.0182657 0.640085 0.3465 -0.0181511 0.639646 0.3495 -0.0182657 0.640085 0.3465 -0.0179658 0.639231 0.3495 -0.0179658 0.639231 0.3495 -0.0181511 0.639646 0.3495 -0.0182719 0.64099 0.3465 -0.0183063 0.640537 0.3495 -0.0183063 0.640537 0.3495 -0.0181634 0.641431 0.3465 -0.0182719 0.64099 0.3465 -0.0181634 0.641431 0.3495 -0.0179839 0.641849 0.3465 -0.0179839 0.641849 0.3495 -0.0157646 0.637814 0.3495 -0.0128408 0.640122 0.3495 -0.0128064 0.640575 0.3495 -0.0129616 0.641467 0.3495 -0.0166436 0.63803 0.3495 -0.012847 0.641028 0.3495 -0.0131469 0.641882 0.3495 -0.0170446 0.638244 0.3495 -0.0162131 0.637886 0.3495 -0.0179658 0.639231 0.3495 -0.0137078 0.642592 0.3495 -0.0140681 0.642869 0.3495 -0.0174049 0.63852 0.3495 -0.0133979 0.64226 0.3495 -0.0177148 0.638852 0.3495 -0.0148996 0.643227 0.3495 -0.0153481 0.643298 0.3495 -0.0183063 0.640537 0.3495 -0.0144691 0.643082 0.3495 -0.0182657 0.640085 0.3495 -0.0181511 0.639646 0.3495 -0.0158023 0.643295 0.3495 -0.0181634 0.641431 0.3495 -0.0182719 0.64099 0.3495 -0.0170763 0.642848 0.3495 -0.0174328 0.642567 0.3495 -0.0177381 0.64223 0.3495 -0.0166783 0.643067 0.3495 -0.0179839 0.641849 0.3495 -0.0162498 0.643217 0.3495 -0.0153104 0.637817 0.3495 -0.0148629 0.637895 0.3495 -0.0129493 0.639681 0.3495 -0.0131288 0.639264 0.3495 -0.0133746 0.638882 0.3495 -0.0144344 0.638046 0.3495 -0.0136799 0.638546 0.3495 -0.0140364 0.638265 0.3495 -0.00307512 0.647089 0.3465 -0.00324893 0.647509 0.3495 -0.00324893 0.647509 0.3465 -0.00464164 0.64371 0.3495 -0.00464164 0.64371 0.3495 -0.00507417 0.643571 0.3495 -0.00348944 0.647894 0.3465 -0.00348944 0.647894 0.3465 -0.00379008 0.648235 0.3495 -0.00379008 0.648235 0.3465 -0.00414265 0.648521 0.3495 -0.00414265 0.648521 0.3495 -0.00453755 0.648745 0.3465 -0.00453755 0.648745 0.3465 -0.00496398 0.648902 0.3495 -0.00496398 0.648902 0.3465 -0.00541033 0.648986 0.3495 -0.00541033 0.648986 0.3495 -0.00586442 0.648995 0.3465 -0.00586442 0.648995 0.3465 -0.00631387 0.64893 0.3495 -0.00631387 0.64893 0.3465 -0.0067464 0.648791 0.3495 -0.0067464 0.648791 0.3465 -0.00307512 0.647089 0.3495 -0.00297275 0.646647 0.3465 -0.00297275 0.646647 0.3495 -0.00294461 0.646194 0.3465 -0.00294461 0.646194 0.3465 -0.00299146 0.645742 0.3495 -0.00299146 0.645742 0.3495 -0.00311203 0.645304 0.3465 -0.00311203 0.645304 0.3495 -0.00330303 0.644892 0.3465 -0.00330303 0.644892 0.3465 -0.00355925 0.644517 0.3495 -0.00355925 0.644517 0.3495 -0.00387371 0.644189 0.3465 -0.00387371 0.644189 0.3495 -0.00423781 0.643918 0.3465 -0.00423781 0.643918 0.3465 -0.00552361 0.643506 0.3465 -0.00507417 0.643571 0.3495 -0.00552361 0.643506 0.3465 -0.00685049 0.643755 0.3465 -0.00642405 0.643599 0.3495 -0.00685049 0.643755 0.3465 -0.0059777 0.643515 0.3495 -0.0059777 0.643515 0.3495 -0.00642405 0.643599 0.3465 -0.00759796 0.644266 0.3495 -0.0078986 0.644607 0.3465 -0.0078986 0.644607 0.3495 -0.00724538 0.64398 0.3495 -0.00759796 0.644266 0.3465 -0.00724538 0.64398 0.3495 -0.00841529 0.645854 0.3465 -0.00841529 0.645854 0.3465 -0.00831291 0.645411 0.3495 -0.00831291 0.645411 0.3465 -0.0081391 0.644992 0.3495 -0.0081391 0.644992 0.3465 -0.00827601 0.647197 0.3465 -0.00839658 0.646759 0.3495 -0.00827601 0.647197 0.3465 -0.00844343 0.646307 0.3495 -0.00844343 0.646307 0.3495 -0.00839658 0.646759 0.3495 -0.00782878 0.647984 0.3465 -0.008085 0.647609 0.3495 -0.008085 0.647609 0.3495 -0.00751433 0.648312 0.3465 -0.00782878 0.647984 0.3465 -0.00751433 0.648312 0.3495 -0.00715023 0.648583 0.3465 -0.00715023 0.648583 0.3495 -0.00294461 0.646194 0.3495 -0.00642405 0.643599 0.3495 -0.00299146 0.645742 0.3495 -0.00464164 0.64371 0.3495 -0.00387371 0.644189 0.3495 -0.00355925 0.644517 0.3495 -0.00423781 0.643918 0.3495 -0.00311203 0.645304 0.3495 -0.0059777 0.643515 0.3495 -0.00552361 0.643506 0.3495 -0.00330303 0.644892 0.3495 -0.00507417 0.643571 0.3495 -0.00307512 0.647089 0.3495 -0.00324893 0.647509 0.3495 -0.00759796 0.644266 0.3495 -0.00724538 0.64398 0.3495 -0.00685049 0.643755 0.3495 -0.00297275 0.646647 0.3495 -0.00414265 0.648521 0.3495 -0.00831291 0.645411 0.3495 -0.00379008 0.648235 0.3495 -0.0081391 0.644992 0.3495 -0.0078986 0.644607 0.3495 -0.00348944 0.647894 0.3495 -0.00841529 0.645854 0.3495 -0.00453755 0.648745 0.3495 -0.00844343 0.646307 0.3495 -0.008085 0.647609 0.3495 -0.00827601 0.647197 0.3495 -0.00586442 0.648995 0.3495 -0.00839658 0.646759 0.3495 -0.00496398 0.648902 0.3495 -0.00541033 0.648986 0.3495 -0.0067464 0.648791 0.3495 -0.00715023 0.648583 0.3495 -0.00751433 0.648312 0.3495 -0.00631387 0.64893 0.3495 -0.00782878 0.647984 0.3495 0.00838154 0.645667 0.3465 0.00844082 0.646118 0.3495 0.00844082 0.646118 0.3465 0.00533507 0.643524 0.3495 0.00533507 0.643524 0.3495 0.0048912 0.64362 0.3495 0.00842518 0.646572 0.3465 0.00842518 0.646572 0.3465 0.00833504 0.647017 0.3495 0.00833504 0.647017 0.3465 0.00817286 0.647441 0.3495 0.00817286 0.647441 0.3495 0.00794306 0.647833 0.3465 0.00794306 0.647833 0.3465 0.00765191 0.648181 0.3495 0.00765191 0.648181 0.3465 0.00730736 0.648477 0.3495 0.00730736 0.648477 0.3495 0.0069188 0.648713 0.3465 0.0069188 0.648713 0.3465 0.00649683 0.648881 0.3495 0.00649683 0.648881 0.3465 0.00605297 0.648977 0.3495 0.00605297 0.648977 0.3465 0.00838154 0.645667 0.3495 0.00824895 0.645233 0.3465 0.00824895 0.645233 0.3495 0.00804666 0.644826 0.3465 0.00804666 0.644826 0.3465 0.00778021 0.644459 0.3495 0.00778021 0.644459 0.3495 0.00745684 0.64414 0.3465 0.00745684 0.64414 0.3495 0.00708539 0.643878 0.3465 0.00708539 0.643878 0.3465 0.00667599 0.643682 0.3495 0.00667599 0.643682 0.3495 0.00623981 0.643555 0.3465 0.00623981 0.643555 0.3495 0.00578873 0.643502 0.3465 0.00578873 0.643502 0.3465 0.00446924 0.643788 0.3465 0.0048912 0.64362 0.3495 0.00446924 0.643788 0.3465 0.00344498 0.644668 0.3465 0.00373612 0.644319 0.3495 0.00344498 0.644668 0.3465 0.00408068 0.644023 0.3495 0.00408068 0.644023 0.3495 0.00373612 0.644319 0.3465 0.003053 0.645484 0.3495 0.00296286 0.645929 0.3465 0.00296286 0.645929 0.3495 0.00321518 0.64506 0.3495 0.003053 0.645484 0.3465 0.00321518 0.64506 0.3495 0.00313909 0.647268 0.3465 0.00313909 0.647268 0.3465 0.0030065 0.646833 0.3495 0.0030065 0.646833 0.3465 0.00294722 0.646383 0.3495 0.00294722 0.646383 0.3465 0.0039312 0.648361 0.3465 0.00360783 0.648042 0.3495 0.0039312 0.648361 0.3465 0.00334137 0.647674 0.3495 0.00334137 0.647674 0.3495 0.00360783 0.648042 0.3495 0.00471205 0.648819 0.3465 0.00430264 0.648622 0.3495 0.00430264 0.648622 0.3495 0.00514823 0.648946 0.3465 0.00471205 0.648819 0.3465 0.00514823 0.648946 0.3495 0.00559931 0.648999 0.3465 0.00559931 0.648999 0.3495 0.00533507 0.643524 0.3495 0.00842518 0.646572 0.3495 0.00833504 0.647017 0.3495 0.00804666 0.644826 0.3495 0.00708539 0.643878 0.3495 0.00745684 0.64414 0.3495 0.00778021 0.644459 0.3495 0.00824895 0.645233 0.3495 0.00667599 0.643682 0.3495 0.00623981 0.643555 0.3495 0.00838154 0.645667 0.3495 0.00844082 0.646118 0.3495 0.00578873 0.643502 0.3495 0.00408068 0.644023 0.3495 0.00446924 0.643788 0.3495 0.00794306 0.647833 0.3495 0.00817286 0.647441 0.3495 0.0048912 0.64362 0.3495 0.00765191 0.648181 0.3495 0.00730736 0.648477 0.3495 0.00373612 0.644319 0.3495 0.003053 0.645484 0.3495 0.00649683 0.648881 0.3495 0.00605297 0.648977 0.3495 0.00344498 0.644668 0.3495 0.0069188 0.648713 0.3495 0.00321518 0.64506 0.3495 0.00514823 0.648946 0.3495 0.00471205 0.648819 0.3495 0.0030065 0.646833 0.3495 0.00559931 0.648999 0.3495 0.00294722 0.646383 0.3495 0.00296286 0.645929 0.3495 0.0039312 0.648361 0.3495 0.00360783 0.648042 0.3495 0.00334137 0.647674 0.3495 0.00313909 0.647268 0.3495 0.00430264 0.648622 0.3495 0.0175924 0.638708 0.3465 0.0178689 0.639068 0.3495 0.0178689 0.639068 0.3465 0.0138823 0.638375 0.3495 0.0138823 0.638375 0.3495 0.013546 0.63868 0.3495 0.0180823 0.639469 0.3465 0.0180823 0.639469 0.3465 0.0182268 0.6399 0.3495 0.0182268 0.6399 0.3465 0.0182985 0.640348 0.3495 0.0182985 0.640348 0.3495 0.0182953 0.640802 0.3465 0.0182953 0.640802 0.3465 0.0182175 0.64125 0.3495 0.0182175 0.64125 0.3465 0.0180671 0.641678 0.3495 0.0180671 0.641678 0.3495 0.0178481 0.642076 0.3465 0.0178481 0.642076 0.3465 0.0175667 0.642433 0.3495 0.0175667 0.642433 0.3465 0.0172304 0.642738 0.3495 0.0172304 0.642738 0.3465 0.0175924 0.638708 0.3495 0.0172603 0.638398 0.3465 0.0172603 0.638398 0.3495 0.0168818 0.638147 0.3465 0.0168818 0.638147 0.3465 0.0164672 0.637962 0.3495 0.0164672 0.637962 0.3495 0.0160277 0.637847 0.3465 0.0160277 0.637847 0.3495 0.0155753 0.637806 0.3465 0.0155753 0.637806 0.3465 0.0151224 0.637841 0.3495 0.0151224 0.637841 0.3495 0.0146814 0.637949 0.3465 0.0146814 0.637949 0.3495 0.0142642 0.638129 0.3465 0.0142642 0.638129 0.3465 0.0132646 0.639036 0.3465 0.013546 0.63868 0.3495 0.0132646 0.639036 0.3465 0.0128174 0.64031 0.3465 0.0128952 0.639863 0.3495 0.0128174 0.64031 0.3465 0.0130456 0.639434 0.3495 0.0130456 0.639434 0.3495 0.0128952 0.639863 0.3465 0.0128859 0.641213 0.3495 0.0130304 0.641644 0.3465 0.0130304 0.641644 0.3495 0.0128142 0.640765 0.3495 0.0128859 0.641213 0.3465 0.0128142 0.640765 0.3495 0.0138524 0.642715 0.3465 0.0138524 0.642715 0.3465 0.0135203 0.642405 0.3495 0.0135203 0.642405 0.3465 0.0132438 0.642045 0.3495 0.0132438 0.642045 0.3465 0.015085 0.643266 0.3465 0.0146455 0.643151 0.3495 0.015085 0.643266 0.3465 0.0142309 0.642966 0.3495 0.0142309 0.642966 0.3495 0.0146455 0.643151 0.3495 0.0159903 0.643272 0.3465 0.0155374 0.643306 0.3495 0.0155374 0.643306 0.3495 0.0164313 0.643163 0.3465 0.0159903 0.643272 0.3465 0.0164313 0.643163 0.3495 0.0168485 0.642984 0.3465 0.0168485 0.642984 0.3495 0.0168485 0.642984 0.3495 0.0128952 0.639863 0.3495 0.0172304 0.642738 0.3495 0.0175924 0.638708 0.3495 0.0164672 0.637962 0.3495 0.0168818 0.638147 0.3495 0.0172603 0.638398 0.3495 0.0178689 0.639068 0.3495 0.0180823 0.639469 0.3495 0.0160277 0.637847 0.3495 0.0182268 0.6399 0.3495 0.0155753 0.637806 0.3495 0.0151224 0.637841 0.3495 0.0182985 0.640348 0.3495 0.0182953 0.640802 0.3495 0.0146814 0.637949 0.3495 0.0182175 0.64125 0.3495 0.0142642 0.638129 0.3495 0.0138823 0.638375 0.3495 0.0180671 0.641678 0.3495 0.0178481 0.642076 0.3495 0.013546 0.63868 0.3495 0.0175667 0.642433 0.3495 0.0130456 0.639434 0.3495 0.0132646 0.639036 0.3495 0.0128174 0.64031 0.3495 0.0164313 0.643163 0.3495 0.0128142 0.640765 0.3495 0.0130304 0.641644 0.3495 0.015085 0.643266 0.3495 0.0132438 0.642045 0.3495 0.0159903 0.643272 0.3495 0.0155374 0.643306 0.3495 0.0128859 0.641213 0.3495 0.0142309 0.642966 0.3495 0.0138524 0.642715 0.3495 0.0135203 0.642405 0.3495 0.0146455 0.643151 0.3495 0.0220893 0.628075 0.3465 0.022509 0.628249 0.3495 0.022509 0.628249 0.3465 0.0187097 0.629642 0.3495 0.0187097 0.629642 0.3495 0.0185711 0.630074 0.3495 0.0228942 0.628489 0.3465 0.0228942 0.628489 0.3465 0.0232347 0.62879 0.3495 0.0232347 0.62879 0.3465 0.023521 0.629143 0.3495 0.023521 0.629143 0.3495 0.0237454 0.629538 0.3465 0.0237454 0.629538 0.3465 0.0239017 0.629964 0.3495 0.0239017 0.629964 0.3465 0.0239857 0.63041 0.3495 0.0239857 0.63041 0.3495 0.0239951 0.630864 0.3465 0.0239951 0.630864 0.3465 0.0239296 0.631314 0.3495 0.0239296 0.631314 0.3465 0.023791 0.631746 0.3495 0.023791 0.631746 0.3465 0.0220893 0.628075 0.3495 0.0216468 0.627973 0.3465 0.0216468 0.627973 0.3495 0.0211935 0.627945 0.3465 0.0211935 0.627945 0.3465 0.0207418 0.627991 0.3495 0.0207418 0.627991 0.3495 0.0203039 0.628112 0.3465 0.0203039 0.628112 0.3495 0.0198918 0.628303 0.3465 0.0198918 0.628303 0.3465 0.0195168 0.628559 0.3495 0.0195168 0.628559 0.3495 0.0191891 0.628874 0.3465 0.0191891 0.628874 0.3495 0.0189176 0.629238 0.3465 0.0189176 0.629238 0.3465 0.0185057 0.630524 0.3465 0.0185711 0.630074 0.3495 0.0185057 0.630524 0.3465 0.0187554 0.63185 0.3465 0.018599 0.631424 0.3495 0.0187554 0.63185 0.3465 0.018515 0.630978 0.3495 0.018515 0.630978 0.3495 0.018599 0.631424 0.3465 0.0192661 0.632598 0.3495 0.0196065 0.632899 0.3465 0.0196065 0.632899 0.3495 0.0189797 0.632245 0.3495 0.0192661 0.632598 0.3465 0.0189797 0.632245 0.3495 0.0208539 0.633415 0.3465 0.0208539 0.633415 0.3465 0.0204114 0.633313 0.3495 0.0204114 0.633313 0.3465 0.0199918 0.633139 0.3495 0.0199918 0.633139 0.3465 0.0221969 0.633276 0.3465 0.021759 0.633397 0.3495 0.0221969 0.633276 0.3465 0.0213072 0.633443 0.3495 0.0213072 0.633443 0.3495 0.021759 0.633397 0.3495 0.0229839 0.632829 0.3465 0.0226089 0.633085 0.3495 0.0226089 0.633085 0.3495 0.0233117 0.632514 0.3465 0.0229839 0.632829 0.3465 0.0233117 0.632514 0.3495 0.0235832 0.63215 0.3465 0.0235832 0.63215 0.3495 0.0232347 0.62879 0.3495 0.023521 0.629143 0.3495 0.022509 0.628249 0.3495 0.0228942 0.628489 0.3495 0.0237454 0.629538 0.3495 0.0220893 0.628075 0.3495 0.0216468 0.627973 0.3495 0.0239017 0.629964 0.3495 0.0211935 0.627945 0.3495 0.0239857 0.63041 0.3495 0.0207418 0.627991 0.3495 0.0203039 0.628112 0.3495 0.0239951 0.630864 0.3495 0.0239296 0.631314 0.3495 0.0198918 0.628303 0.3495 0.023791 0.631746 0.3495 0.0195168 0.628559 0.3495 0.0191891 0.628874 0.3495 0.0235832 0.63215 0.3495 0.0233117 0.632514 0.3495 0.0189176 0.629238 0.3495 0.0229839 0.632829 0.3495 0.0226089 0.633085 0.3495 0.0187097 0.629642 0.3495 0.021759 0.633397 0.3495 0.0213072 0.633443 0.3495 0.018515 0.630978 0.3495 0.0221969 0.633276 0.3495 0.0185057 0.630524 0.3495 0.0185711 0.630074 0.3495 0.0199918 0.633139 0.3495 0.0189797 0.632245 0.3495 0.0204114 0.633313 0.3495 0.0187554 0.63185 0.3495 0.018599 0.631424 0.3495 0.0208539 0.633415 0.3495 0.0192661 0.632598 0.3495 0.0196065 0.632899 0.3495 0.0206675 0.616618 0.3465 0.0211178 0.616559 0.3495 0.0211178 0.616559 0.3465 0.0185239 0.619665 0.3495 0.0185239 0.619665 0.3495 0.0186202 0.620109 0.3495 0.0215717 0.616575 0.3465 0.0215717 0.616575 0.3465 0.0220169 0.616665 0.3495 0.0220169 0.616665 0.3465 0.0224411 0.616827 0.3495 0.0224411 0.616827 0.3495 0.0228329 0.617057 0.3465 0.0228329 0.617057 0.3465 0.0231815 0.617348 0.3495 0.0231815 0.617348 0.3465 0.0234774 0.617693 0.3495 0.0234774 0.617693 0.3495 0.0237126 0.618081 0.3465 0.0237126 0.618081 0.3465 0.0238806 0.618503 0.3495 0.0238806 0.618503 0.3465 0.0239768 0.618947 0.3495 0.0239768 0.618947 0.3465 0.0206675 0.616618 0.3495 0.0202331 0.616751 0.3465 0.0202331 0.616751 0.3495 0.0198264 0.616953 0.3465 0.0198264 0.616953 0.3465 0.0194586 0.61722 0.3495 0.0194586 0.61722 0.3495 0.0191397 0.617543 0.3465 0.0191397 0.617543 0.3495 0.0188783 0.617915 0.3465 0.0188783 0.617915 0.3465 0.0186817 0.618324 0.3495 0.0186817 0.618324 0.3495 0.0185551 0.61876 0.3465 0.0185551 0.61876 0.3495 0.018502 0.619211 0.3465 0.018502 0.619211 0.3465 0.0187882 0.620531 0.3465 0.0186202 0.620109 0.3495 0.0187882 0.620531 0.3465 0.0196679 0.621555 0.3465 0.0193193 0.621264 0.3495 0.0196679 0.621555 0.3465 0.0190233 0.620919 0.3495 0.0190233 0.620919 0.3495 0.0193193 0.621264 0.3465 0.0204839 0.621947 0.3495 0.020929 0.622037 0.3465 0.020929 0.622037 0.3495 0.0200596 0.621785 0.3495 0.0204839 0.621947 0.3465 0.0200596 0.621785 0.3495 0.0222676 0.621861 0.3465 0.0222676 0.621861 0.3465 0.0218332 0.621994 0.3495 0.0218332 0.621994 0.3465 0.0213829 0.622053 0.3495 0.0213829 0.622053 0.3465 0.023361 0.621069 0.3465 0.0230421 0.621392 0.3495 0.023361 0.621069 0.3465 0.0226743 0.621659 0.3495 0.0226743 0.621659 0.3495 0.0230421 0.621392 0.3495 0.0238191 0.620288 0.3465 0.0236224 0.620697 0.3495 0.0236224 0.620697 0.3495 0.0239457 0.619852 0.3465 0.0238191 0.620288 0.3465 0.0239457 0.619852 0.3495 0.0239987 0.619401 0.3465 0.0239987 0.619401 0.3495 0.0239768 0.618947 0.3495 0.0198264 0.616953 0.3495 0.0202331 0.616751 0.3495 0.0237126 0.618081 0.3495 0.0206675 0.616618 0.3495 0.0211178 0.616559 0.3495 0.0215717 0.616575 0.3495 0.0234774 0.617693 0.3495 0.0238806 0.618503 0.3495 0.0220169 0.616665 0.3495 0.0224411 0.616827 0.3495 0.0228329 0.617057 0.3495 0.0231815 0.617348 0.3495 0.0239987 0.619401 0.3495 0.0194586 0.61722 0.3495 0.0191397 0.617543 0.3495 0.0239457 0.619852 0.3495 0.0238191 0.620288 0.3495 0.0188783 0.617915 0.3495 0.0236224 0.620697 0.3495 0.0186817 0.618324 0.3495 0.0185551 0.61876 0.3495 0.023361 0.621069 0.3495 0.0230421 0.621392 0.3495 0.018502 0.619211 0.3495 0.0226743 0.621659 0.3495 0.0222676 0.621861 0.3495 0.0185239 0.619665 0.3495 0.0187882 0.620531 0.3495 0.0213829 0.622053 0.3495 0.0190233 0.620919 0.3495 0.0218332 0.621994 0.3495 0.0186202 0.620109 0.3495 0.0196679 0.621555 0.3495 0.0204839 0.621947 0.3495 0.0200596 0.621785 0.3495 0.0193193 0.621264 0.3495 0.020929 0.622037 0.3495 0.0137078 0.607408 0.3465 0.0140681 0.607131 0.3495 0.0140681 0.607131 0.3465 0.0133746 0.611118 0.3495 0.0133746 0.611118 0.3495 0.0136799 0.611454 0.3495 0.0144691 0.606918 0.3465 0.0144691 0.606918 0.3465 0.0148996 0.606773 0.3495 0.0148996 0.606773 0.3465 0.0153481 0.606702 0.3495 0.0153481 0.606702 0.3495 0.0158023 0.606705 0.3465 0.0158023 0.606705 0.3465 0.0162498 0.606783 0.3495 0.0162498 0.606783 0.3465 0.0166783 0.606933 0.3495 0.0166783 0.606933 0.3495 0.0170763 0.607152 0.3465 0.0170763 0.607152 0.3465 0.0174328 0.607433 0.3495 0.0174328 0.607433 0.3465 0.0177381 0.60777 0.3495 0.0177381 0.60777 0.3465 0.0137078 0.607408 0.3495 0.0133979 0.60774 0.3465 0.0133979 0.60774 0.3495 0.0131469 0.608118 0.3465 0.0131469 0.608118 0.3465 0.0129616 0.608533 0.3495 0.0129616 0.608533 0.3495 0.012847 0.608972 0.3465 0.012847 0.608972 0.3495 0.0128064 0.609425 0.3465 0.0128064 0.609425 0.3465 0.0128408 0.609878 0.3495 0.0128408 0.609878 0.3495 0.0129493 0.610319 0.3465 0.0129493 0.610319 0.3495 0.0131288 0.610736 0.3465 0.0131288 0.610736 0.3465 0.0140364 0.611735 0.3465 0.0136799 0.611454 0.3495 0.0140364 0.611735 0.3465 0.0153104 0.612183 0.3465 0.0148629 0.612105 0.3495 0.0153104 0.612183 0.3465 0.0144344 0.611954 0.3495 0.0144344 0.611954 0.3495 0.0148629 0.612105 0.3465 0.0162131 0.612114 0.3495 0.0166436 0.61197 0.3465 0.0166436 0.61197 0.3495 0.0157646 0.612186 0.3495 0.0162131 0.612114 0.3465 0.0157646 0.612186 0.3495 0.0177148 0.611148 0.3465 0.0177148 0.611148 0.3465 0.0174049 0.61148 0.3495 0.0174049 0.61148 0.3465 0.0170446 0.611756 0.3495 0.0170446 0.611756 0.3465 0.0182657 0.609915 0.3465 0.0181511 0.610354 0.3495 0.0182657 0.609915 0.3465 0.0179658 0.610769 0.3495 0.0179658 0.610769 0.3495 0.0181511 0.610354 0.3495 0.0182719 0.60901 0.3465 0.0183063 0.609463 0.3495 0.0183063 0.609463 0.3495 0.0181634 0.608569 0.3465 0.0182719 0.60901 0.3465 0.0181634 0.608569 0.3495 0.0179839 0.608151 0.3465 0.0179839 0.608151 0.3495 0.0182719 0.60901 0.3495 0.0153481 0.606702 0.3495 0.0158023 0.606705 0.3495 0.0162131 0.612114 0.3495 0.012847 0.608972 0.3495 0.0166436 0.61197 0.3495 0.0157646 0.612186 0.3495 0.0128408 0.609878 0.3495 0.0128064 0.609425 0.3495 0.0133979 0.60774 0.3495 0.0177148 0.611148 0.3495 0.0174049 0.61148 0.3495 0.0131469 0.608118 0.3495 0.0170446 0.611756 0.3495 0.0129616 0.608533 0.3495 0.0182657 0.609915 0.3495 0.0181511 0.610354 0.3495 0.0144691 0.606918 0.3495 0.0179658 0.610769 0.3495 0.0137078 0.607408 0.3495 0.0140681 0.607131 0.3495 0.0181634 0.608569 0.3495 0.0148996 0.606773 0.3495 0.0183063 0.609463 0.3495 0.0170763 0.607152 0.3495 0.0174328 0.607433 0.3495 0.0177381 0.60777 0.3495 0.0166783 0.606933 0.3495 0.0179839 0.608151 0.3495 0.0162498 0.606783 0.3495 0.0153104 0.612183 0.3495 0.0148629 0.612105 0.3495 0.0129493 0.610319 0.3495 0.0131288 0.610736 0.3495 0.0144344 0.611954 0.3495 0.0140364 0.611735 0.3495 0.0133746 0.611118 0.3495 0.0136799 0.611454 0.3495 -0.0175924 0.611292 0.3465 -0.0178689 0.610932 0.3495 -0.0178689 0.610932 0.3465 -0.0138823 0.611625 0.3495 -0.0138823 0.611625 0.3495 -0.013546 0.61132 0.3495 -0.0180823 0.610531 0.3465 -0.0180823 0.610531 0.3465 -0.0182268 0.6101 0.3495 -0.0182268 0.6101 0.3465 -0.0182985 0.609652 0.3495 -0.0182985 0.609652 0.3495 -0.0182953 0.609198 0.3465 -0.0182953 0.609198 0.3465 -0.0182175 0.60875 0.3495 -0.0182175 0.60875 0.3465 -0.0180671 0.608322 0.3495 -0.0180671 0.608322 0.3495 -0.0178481 0.607924 0.3465 -0.0178481 0.607924 0.3465 -0.0175667 0.607567 0.3495 -0.0175667 0.607567 0.3465 -0.0172304 0.607262 0.3495 -0.0172304 0.607262 0.3465 -0.0175924 0.611292 0.3495 -0.0172603 0.611602 0.3465 -0.0172603 0.611602 0.3495 -0.0168818 0.611853 0.3465 -0.0168818 0.611853 0.3465 -0.0164672 0.612038 0.3495 -0.0164672 0.612038 0.3495 -0.0160277 0.612153 0.3465 -0.0160277 0.612153 0.3495 -0.0155753 0.612194 0.3465 -0.0155753 0.612194 0.3465 -0.0151224 0.612159 0.3495 -0.0151224 0.612159 0.3495 -0.0146814 0.612051 0.3465 -0.0146814 0.612051 0.3495 -0.0142642 0.611871 0.3465 -0.0142642 0.611871 0.3465 -0.0132646 0.610964 0.3465 -0.013546 0.61132 0.3495 -0.0132646 0.610964 0.3465 -0.0128174 0.60969 0.3465 -0.0128952 0.610137 0.3495 -0.0128174 0.60969 0.3465 -0.0130456 0.610566 0.3495 -0.0130456 0.610566 0.3495 -0.0128952 0.610137 0.3465 -0.0128859 0.608787 0.3495 -0.0130304 0.608356 0.3465 -0.0130304 0.608356 0.3495 -0.0128142 0.609235 0.3495 -0.0128859 0.608787 0.3465 -0.0128142 0.609235 0.3495 -0.0138524 0.607285 0.3465 -0.0138524 0.607285 0.3465 -0.0135203 0.607595 0.3495 -0.0135203 0.607595 0.3465 -0.0132438 0.607955 0.3495 -0.0132438 0.607955 0.3465 -0.015085 0.606734 0.3465 -0.0146455 0.606849 0.3495 -0.015085 0.606734 0.3465 -0.0142309 0.607034 0.3495 -0.0142309 0.607034 0.3495 -0.0146455 0.606849 0.3495 -0.0159903 0.606728 0.3465 -0.0155374 0.606694 0.3495 -0.0155374 0.606694 0.3495 -0.0164313 0.606837 0.3465 -0.0159903 0.606728 0.3465 -0.0164313 0.606837 0.3495 -0.0168485 0.607016 0.3465 -0.0168485 0.607016 0.3495 -0.0180823 0.610531 0.3495 -0.0182268 0.6101 0.3495 -0.0155753 0.612194 0.3495 -0.0168818 0.611853 0.3495 -0.0175924 0.611292 0.3495 -0.0164672 0.612038 0.3495 -0.0172603 0.611602 0.3495 -0.0160277 0.612153 0.3495 -0.0178689 0.610932 0.3495 -0.0182985 0.609652 0.3495 -0.0151224 0.612159 0.3495 -0.0146814 0.612051 0.3495 -0.0182953 0.609198 0.3495 -0.0142642 0.611871 0.3495 -0.0182175 0.60875 0.3495 -0.0138823 0.611625 0.3495 -0.0180671 0.608322 0.3495 -0.0178481 0.607924 0.3495 -0.013546 0.61132 0.3495 -0.0168485 0.607016 0.3495 -0.0128952 0.610137 0.3495 -0.0172304 0.607262 0.3495 -0.0130456 0.610566 0.3495 -0.0132646 0.610964 0.3495 -0.0175667 0.607567 0.3495 -0.0128174 0.60969 0.3495 -0.0164313 0.606837 0.3495 -0.0128142 0.609235 0.3495 -0.0130304 0.608356 0.3495 -0.015085 0.606734 0.3495 -0.0132438 0.607955 0.3495 -0.0159903 0.606728 0.3495 -0.0155374 0.606694 0.3495 -0.0128859 0.608787 0.3495 -0.0146455 0.606849 0.3495 -0.0142309 0.607034 0.3495 -0.0135203 0.607595 0.3495 -0.0138524 0.607285 0.3495 -0.00838154 0.604333 0.3465 -0.00844082 0.603882 0.3495 -0.00844082 0.603882 0.3465 -0.00533507 0.606476 0.3495 -0.00533507 0.606476 0.3495 -0.0048912 0.60638 0.3495 -0.00842518 0.603428 0.3465 -0.00842518 0.603428 0.3465 -0.00833504 0.602983 0.3495 -0.00833504 0.602983 0.3465 -0.00817286 0.602559 0.3495 -0.00817286 0.602559 0.3495 -0.00794306 0.602167 0.3465 -0.00794306 0.602167 0.3465 -0.00765191 0.601819 0.3495 -0.00765191 0.601819 0.3465 -0.00730736 0.601523 0.3495 -0.00730736 0.601523 0.3495 -0.0069188 0.601287 0.3465 -0.0069188 0.601287 0.3465 -0.00649683 0.601119 0.3495 -0.00649683 0.601119 0.3465 -0.00605297 0.601023 0.3495 -0.00605297 0.601023 0.3465 -0.00838154 0.604333 0.3495 -0.00824895 0.604767 0.3465 -0.00824895 0.604767 0.3495 -0.00804666 0.605174 0.3465 -0.00804666 0.605174 0.3465 -0.00778021 0.605541 0.3495 -0.00778021 0.605541 0.3495 -0.00745684 0.60586 0.3465 -0.00745684 0.60586 0.3495 -0.00708539 0.606122 0.3465 -0.00708539 0.606122 0.3465 -0.00667599 0.606318 0.3495 -0.00667599 0.606318 0.3495 -0.00623981 0.606445 0.3465 -0.00623981 0.606445 0.3495 -0.00578873 0.606498 0.3465 -0.00578873 0.606498 0.3465 -0.00446924 0.606212 0.3465 -0.0048912 0.60638 0.3495 -0.00446924 0.606212 0.3465 -0.00344498 0.605332 0.3465 -0.00373612 0.605681 0.3495 -0.00344498 0.605332 0.3465 -0.00408068 0.605977 0.3495 -0.00408068 0.605977 0.3495 -0.00373612 0.605681 0.3465 -0.003053 0.604516 0.3495 -0.00296286 0.604071 0.3465 -0.00296286 0.604071 0.3495 -0.00321518 0.60494 0.3495 -0.003053 0.604516 0.3465 -0.00321518 0.60494 0.3495 -0.00313909 0.602732 0.3465 -0.00313909 0.602732 0.3465 -0.0030065 0.603167 0.3495 -0.0030065 0.603167 0.3465 -0.00294722 0.603617 0.3495 -0.00294722 0.603617 0.3465 -0.0039312 0.601639 0.3465 -0.00360783 0.601958 0.3495 -0.0039312 0.601639 0.3465 -0.00334137 0.602326 0.3495 -0.00334137 0.602326 0.3495 -0.00360783 0.601958 0.3495 -0.00471205 0.601181 0.3465 -0.00430264 0.601378 0.3495 -0.00430264 0.601378 0.3495 -0.00514823 0.601054 0.3465 -0.00471205 0.601181 0.3465 -0.00514823 0.601054 0.3495 -0.00559931 0.601001 0.3465 -0.00559931 0.601001 0.3495 -0.00745684 0.60586 0.3495 -0.00778021 0.605541 0.3495 -0.00804666 0.605174 0.3495 -0.003053 0.604516 0.3495 -0.00321518 0.60494 0.3495 -0.00649683 0.601119 0.3495 -0.00824895 0.604767 0.3495 -0.00708539 0.606122 0.3495 -0.00838154 0.604333 0.3495 -0.00667599 0.606318 0.3495 -0.00623981 0.606445 0.3495 -0.00844082 0.603882 0.3495 -0.00578873 0.606498 0.3495 -0.00842518 0.603428 0.3495 -0.00533507 0.606476 0.3495 -0.00833504 0.602983 0.3495 -0.00817286 0.602559 0.3495 -0.0048912 0.60638 0.3495 -0.00730736 0.601523 0.3495 -0.00373612 0.605681 0.3495 -0.00765191 0.601819 0.3495 -0.00408068 0.605977 0.3495 -0.00446924 0.606212 0.3495 -0.00794306 0.602167 0.3495 -0.00605297 0.601023 0.3495 -0.00344498 0.605332 0.3495 -0.0069188 0.601287 0.3495 -0.00514823 0.601054 0.3495 -0.00471205 0.601181 0.3495 -0.0030065 0.603167 0.3495 -0.00559931 0.601001 0.3495 -0.00294722 0.603617 0.3495 -0.00296286 0.604071 0.3495 -0.00334137 0.602326 0.3495 -0.0039312 0.601639 0.3495 -0.00360783 0.601958 0.3495 -0.00430264 0.601378 0.3495 -0.00313909 0.602732 0.3495 0.00307512 0.602911 0.3465 0.00324893 0.602491 0.3495 0.00324893 0.602491 0.3465 0.00464164 0.60629 0.3495 0.00464164 0.60629 0.3495 0.00507417 0.606429 0.3495 0.00348944 0.602106 0.3465 0.00348944 0.602106 0.3465 0.00379008 0.601765 0.3495 0.00379008 0.601765 0.3465 0.00414265 0.601479 0.3495 0.00414265 0.601479 0.3495 0.00453755 0.601255 0.3465 0.00453755 0.601255 0.3465 0.00496398 0.601098 0.3495 0.00496398 0.601098 0.3465 0.00541033 0.601014 0.3495 0.00541033 0.601014 0.3495 0.00586442 0.601005 0.3465 0.00586442 0.601005 0.3465 0.00631387 0.60107 0.3495 0.00631387 0.60107 0.3465 0.0067464 0.601209 0.3495 0.0067464 0.601209 0.3465 0.00307512 0.602911 0.3495 0.00297275 0.603353 0.3465 0.00297275 0.603353 0.3495 0.00294461 0.603806 0.3465 0.00294461 0.603806 0.3465 0.00299146 0.604258 0.3495 0.00299146 0.604258 0.3495 0.00311203 0.604696 0.3465 0.00311203 0.604696 0.3495 0.00330303 0.605108 0.3465 0.00330303 0.605108 0.3465 0.00355925 0.605483 0.3495 0.00355925 0.605483 0.3495 0.00387371 0.605811 0.3465 0.00387371 0.605811 0.3495 0.00423781 0.606082 0.3465 0.00423781 0.606082 0.3465 0.00552361 0.606494 0.3465 0.00507417 0.606429 0.3495 0.00552361 0.606494 0.3465 0.00685049 0.606245 0.3465 0.00642405 0.606401 0.3495 0.00685049 0.606245 0.3465 0.0059777 0.606485 0.3495 0.0059777 0.606485 0.3495 0.00642405 0.606401 0.3465 0.00759796 0.605734 0.3495 0.0078986 0.605393 0.3465 0.0078986 0.605393 0.3495 0.00724538 0.60602 0.3495 0.00759796 0.605734 0.3465 0.00724538 0.60602 0.3495 0.00841529 0.604146 0.3465 0.00841529 0.604146 0.3465 0.00831291 0.604589 0.3495 0.00831291 0.604589 0.3465 0.0081391 0.605008 0.3495 0.0081391 0.605008 0.3465 0.00827601 0.602803 0.3465 0.00839658 0.603241 0.3495 0.00827601 0.602803 0.3465 0.00844343 0.603693 0.3495 0.00844343 0.603693 0.3495 0.00839658 0.603241 0.3495 0.00782878 0.602016 0.3465 0.008085 0.602391 0.3495 0.008085 0.602391 0.3495 0.00751433 0.601688 0.3465 0.00782878 0.602016 0.3465 0.00751433 0.601688 0.3495 0.00715023 0.601417 0.3465 0.00715023 0.601417 0.3495 0.00464164 0.60629 0.3495 0.00423781 0.606082 0.3495 0.00387371 0.605811 0.3495 0.00844343 0.603693 0.3495 0.00453755 0.601255 0.3495 0.00496398 0.601098 0.3495 0.00355925 0.605483 0.3495 0.00311203 0.604696 0.3495 0.0059777 0.606485 0.3495 0.00552361 0.606494 0.3495 0.00330303 0.605108 0.3495 0.00507417 0.606429 0.3495 0.00724538 0.60602 0.3495 0.00685049 0.606245 0.3495 0.00297275 0.603353 0.3495 0.00642405 0.606401 0.3495 0.00299146 0.604258 0.3495 0.00294461 0.603806 0.3495 0.0078986 0.605393 0.3495 0.00348944 0.602106 0.3495 0.0081391 0.605008 0.3495 0.00307512 0.602911 0.3495 0.00324893 0.602491 0.3495 0.00759796 0.605734 0.3495 0.00841529 0.604146 0.3495 0.00414265 0.601479 0.3495 0.00831291 0.604589 0.3495 0.00379008 0.601765 0.3495 0.008085 0.602391 0.3495 0.00827601 0.602803 0.3495 0.00586442 0.601005 0.3495 0.00839658 0.603241 0.3495 0.00541033 0.601014 0.3495 0.0067464 0.601209 0.3495 0.00715023 0.601417 0.3495 0.00751433 0.601688 0.3495 0.00631387 0.60107 0.3495 0.00782878 0.602016 0.346585 0.0265268 0.6251 0.339027 0.0265268 0.6251 0.3395 0.0269852 0.625894 0.346 0.0269852 0.625894 0.346585 0.0265268 0.6251 0.339016 0.0265157 0.625078 0.339027 0.0265268 0.6251 0.339007 0.0265072 0.625053 0.346605 0.026511 0.625066 0.339 0.0265 0.625 0.346607 0.0265004 0.625013 0.346607 0.0265011 0.624987 0.346606 0.0265044 0.62504 0.339002 0.0265019 0.625027 0.339016 0.0265157 0.624922 0.339007 0.0265072 0.624947 0.346605 0.026511 0.624934 0.346606 0.0265044 0.62496 0.339002 0.0265018 0.624973 0.346585 0.0265268 0.6249 0.339027 0.0265268 0.6249 0.346 0.0269852 0.624106 0.3395 0.0269852 0.624106 0.339027 0.0265268 0.6249 0.346585 0.0265268 0.6249 0.3495 -0.000206448 0.643241 0.3495 0.000206448 0.643241 0.355 0.000206448 0.643241 0.355 -0.0025 0.64075 0.3495 -0.0024659 0.640338 0.3495 -0.0025 0.64075 0.3495 0.000613714 0.643174 0.355 0.000613714 0.643174 0.355 0.00100424 0.643039 0.3495 0.00100424 0.643039 0.3495 0.00136737 0.642843 0.355 0.00136737 0.642843 0.3495 0.0016932 0.642589 0.355 0.0016932 0.642589 0.355 0.00197285 0.642286 0.3495 0.00197285 0.642286 0.3495 0.00219868 0.64194 0.355 0.00219868 0.64194 0.3495 0.00236454 0.641562 0.355 0.00236454 0.641562 0.355 0.0024659 0.641162 0.3495 0.0024659 0.641162 0.355 0.0025 0.64075 0.3495 0.0025 0.64075 0.355 -0.000206448 0.643241 0.3495 -0.000613714 0.643174 0.355 -0.000613714 0.643174 0.355 -0.00100424 0.643039 0.3495 -0.00100424 0.643039 0.355 -0.00136737 0.642843 0.3495 -0.00136737 0.642843 0.3495 -0.0016932 0.642589 0.355 -0.0016932 0.642589 0.355 -0.00197285 0.642286 0.3495 -0.00197285 0.642286 0.355 -0.00219868 0.64194 0.3495 -0.00219868 0.64194 0.3495 -0.00236454 0.641562 0.355 -0.00236454 0.641562 0.355 -0.0024659 0.641162 0.3495 -0.0024659 0.641162 0.355 -0.00236454 0.639938 0.3495 -0.00236454 0.639938 0.355 -0.0024659 0.640338 0.355 -0.0016932 0.638911 0.3495 -0.0016932 0.638911 0.355 -0.00197285 0.639214 0.355 -0.00219868 0.63956 0.3495 -0.00197285 0.639214 0.3495 -0.00219868 0.63956 0.355 -0.00100424 0.638461 0.355 -0.000613714 0.638326 0.3495 -0.000613714 0.638326 0.3495 -0.00136737 0.638657 0.355 -0.00136737 0.638657 0.3495 -0.00100424 0.638461 0.3495 0.000613714 0.638326 0.355 0.000206448 0.638259 0.355 0.000613714 0.638326 0.3495 0.000206448 0.638259 0.3495 -0.000206448 0.638259 0.355 -0.000206448 0.638259 0.355 0.0016932 0.638911 0.3495 0.0016932 0.638911 0.355 0.00136737 0.638657 0.355 0.00100424 0.638461 0.3495 0.00136737 0.638657 0.3495 0.00100424 0.638461 0.3495 0.00219868 0.63956 0.3495 0.00197285 0.639214 0.355 0.00197285 0.639214 0.355 0.00219868 0.63956 0.3495 0.00236454 0.639938 0.355 0.00236454 0.639938 0.3495 0.0024659 0.640338 0.355 0.0024659 0.640338 0.3495 0.0024659 0.641162 0.3495 -0.00100424 0.638461 0.3495 -0.000613714 0.638326 0.3495 0.00100424 0.638461 0.3495 0.00219868 0.63956 0.3495 0.000613714 0.638326 0.3495 0.00236454 0.639938 0.3495 0.000206448 0.638259 0.3495 0.0024659 0.640338 0.3495 0.0025 0.64075 0.3495 -0.000206448 0.638259 0.3495 0.00136737 0.638657 0.3495 0.0016932 0.638911 0.3495 0.00197285 0.639214 0.3495 0.00236454 0.641562 0.3495 -0.00136737 0.638657 0.3495 0.00219868 0.64194 0.3495 0.00197285 0.642286 0.3495 -0.0016932 0.638911 0.3495 -0.00197285 0.639214 0.3495 0.0016932 0.642589 0.3495 -0.00219868 0.63956 0.3495 0.00136737 0.642843 0.3495 -0.00236454 0.639938 0.3495 0.00100424 0.643039 0.3495 -0.0024659 0.640338 0.3495 -0.0025 0.64075 0.3495 0.000613714 0.643174 0.3495 -0.0024659 0.641162 0.3495 -0.000206448 0.643241 0.3495 -0.00236454 0.641562 0.3495 0.000206448 0.643241 0.3495 -0.00197285 0.642286 0.3495 -0.00136737 0.642843 0.3495 -0.0016932 0.642589 0.3495 -0.00100424 0.643039 0.3495 -0.00219868 0.64194 0.3495 -0.000613714 0.643174 0.35 0.0109305 0.616355 0.35 0.0113434 0.616355 0.355 0.0113434 0.616355 0.355 0.00863693 0.613863 0.35 0.00867103 0.613452 0.35 0.00863693 0.613863 0.35 0.0117506 0.616287 0.355 0.0117506 0.616287 0.355 0.0121412 0.616153 0.35 0.0121412 0.616153 0.35 0.0125043 0.615956 0.355 0.0125043 0.615956 0.35 0.0128301 0.615702 0.355 0.0128301 0.615702 0.355 0.0131098 0.615399 0.35 0.0131098 0.615399 0.35 0.0133356 0.615053 0.355 0.0133356 0.615053 0.35 0.0135015 0.614675 0.355 0.0135015 0.614675 0.355 0.0136028 0.614275 0.35 0.0136028 0.614275 0.355 0.0136369 0.613863 0.35 0.0136369 0.613863 0.355 0.0109305 0.616355 0.35 0.0105232 0.616287 0.355 0.0105232 0.616287 0.355 0.0101327 0.616153 0.35 0.0101327 0.616153 0.355 0.00976956 0.615956 0.35 0.00976956 0.615956 0.35 0.00944373 0.615702 0.355 0.00944373 0.615702 0.355 0.00916408 0.615399 0.35 0.00916408 0.615399 0.355 0.00893825 0.615053 0.35 0.00893825 0.615053 0.35 0.00877239 0.614675 0.355 0.00877239 0.614675 0.355 0.00867103 0.614275 0.35 0.00867103 0.614275 0.355 0.00877239 0.613051 0.35 0.00877239 0.613051 0.355 0.00867103 0.613452 0.355 0.00944373 0.612024 0.35 0.00944373 0.612024 0.355 0.00916408 0.612328 0.355 0.00893825 0.612673 0.35 0.00916408 0.612328 0.35 0.00893825 0.612673 0.355 0.0101327 0.611574 0.355 0.0105232 0.61144 0.35 0.0105232 0.61144 0.35 0.00976956 0.61177 0.355 0.00976956 0.61177 0.35 0.0101327 0.611574 0.35 0.0117506 0.61144 0.355 0.0113434 0.611372 0.355 0.0117506 0.61144 0.35 0.0113434 0.611372 0.35 0.0109305 0.611372 0.355 0.0109305 0.611372 0.355 0.0128301 0.612024 0.35 0.0128301 0.612024 0.355 0.0125043 0.61177 0.355 0.0121412 0.611574 0.35 0.0125043 0.61177 0.35 0.0121412 0.611574 0.35 0.0133356 0.612673 0.35 0.0131098 0.612328 0.355 0.0131098 0.612328 0.355 0.0133356 0.612673 0.35 0.0135015 0.613051 0.355 0.0135015 0.613051 0.35 0.0136028 0.613452 0.355 0.0136028 0.613452 0.35 0.00944373 0.615702 0.35 0.0101327 0.616153 0.35 0.00976956 0.615956 0.35 0.0101327 0.611574 0.35 0.0136028 0.614275 0.35 0.00976956 0.61177 0.35 0.0105232 0.616287 0.35 0.00916408 0.615399 0.35 0.00893825 0.615053 0.35 0.0109305 0.616355 0.35 0.00877239 0.614675 0.35 0.0113434 0.616355 0.35 0.00867103 0.614275 0.35 0.00863693 0.613863 0.35 0.0117506 0.616287 0.35 0.0121412 0.616153 0.35 0.00867103 0.613452 0.35 0.0125043 0.615956 0.35 0.0133356 0.615053 0.35 0.0131098 0.615399 0.35 0.00916408 0.612328 0.35 0.00893825 0.612673 0.35 0.0128301 0.615702 0.35 0.00877239 0.613051 0.35 0.0136369 0.613863 0.35 0.00944373 0.612024 0.35 0.0135015 0.614675 0.35 0.0135015 0.613051 0.35 0.0113434 0.611372 0.35 0.0133356 0.612673 0.35 0.0136028 0.613452 0.35 0.0105232 0.61144 0.35 0.0109305 0.611372 0.35 0.0121412 0.611574 0.35 0.0125043 0.61177 0.35 0.0128301 0.612024 0.35 0.0131098 0.612328 0.35 0.0117506 0.61144 0.35 -0.000206448 0.611741 0.35 0.000206448 0.611741 0.355 0.000206448 0.611741 0.355 -0.0025 0.60925 0.35 -0.0024659 0.608838 0.35 -0.0025 0.60925 0.35 0.000613714 0.611674 0.355 0.000613714 0.611674 0.355 0.00100424 0.611539 0.35 0.00100424 0.611539 0.35 0.00136737 0.611343 0.355 0.00136737 0.611343 0.35 0.0016932 0.611089 0.355 0.0016932 0.611089 0.355 0.00197285 0.610786 0.35 0.00197285 0.610786 0.35 0.00219868 0.61044 0.355 0.00219868 0.61044 0.35 0.00236454 0.610062 0.355 0.00236454 0.610062 0.355 0.0024659 0.609662 0.35 0.0024659 0.609662 0.355 0.0025 0.60925 0.35 0.0025 0.60925 0.355 -0.000206448 0.611741 0.35 -0.000613714 0.611674 0.355 -0.000613714 0.611674 0.355 -0.00100424 0.611539 0.35 -0.00100424 0.611539 0.355 -0.00136737 0.611343 0.35 -0.00136737 0.611343 0.35 -0.0016932 0.611089 0.355 -0.0016932 0.611089 0.355 -0.00197285 0.610786 0.35 -0.00197285 0.610786 0.355 -0.00219868 0.61044 0.35 -0.00219868 0.61044 0.35 -0.00236454 0.610062 0.355 -0.00236454 0.610062 0.355 -0.0024659 0.609662 0.35 -0.0024659 0.609662 0.355 -0.00236454 0.608438 0.35 -0.00236454 0.608438 0.355 -0.0024659 0.608838 0.355 -0.0016932 0.607411 0.35 -0.0016932 0.607411 0.355 -0.00197285 0.607714 0.355 -0.00219868 0.60806 0.35 -0.00197285 0.607714 0.35 -0.00219868 0.60806 0.355 -0.00100424 0.606961 0.355 -0.000613714 0.606826 0.35 -0.000613714 0.606826 0.35 -0.00136737 0.607157 0.355 -0.00136737 0.607157 0.35 -0.00100424 0.606961 0.35 0.000613714 0.606826 0.355 0.000206448 0.606759 0.355 0.000613714 0.606826 0.35 0.000206448 0.606759 0.35 -0.000206448 0.606759 0.355 -0.000206448 0.606759 0.355 0.0016932 0.607411 0.35 0.0016932 0.607411 0.355 0.00136737 0.607157 0.355 0.00100424 0.606961 0.35 0.00136737 0.607157 0.35 0.00100424 0.606961 0.35 0.00219868 0.60806 0.35 0.00197285 0.607714 0.355 0.00197285 0.607714 0.355 0.00219868 0.60806 0.35 0.00236454 0.608438 0.355 0.00236454 0.608438 0.35 0.0024659 0.608838 0.355 0.0024659 0.608838 0.35 -0.0016932 0.611089 0.35 -0.00100424 0.611539 0.35 -0.00136737 0.611343 0.35 -0.00100424 0.606961 0.35 0.0024659 0.609662 0.35 -0.00136737 0.607157 0.35 -0.000613714 0.611674 0.35 -0.00197285 0.610786 0.35 -0.00219868 0.61044 0.35 -0.000206448 0.611741 0.35 -0.00236454 0.610062 0.35 0.000206448 0.611741 0.35 -0.0024659 0.609662 0.35 -0.0025 0.60925 0.35 0.000613714 0.611674 0.35 0.00100424 0.611539 0.35 -0.0024659 0.608838 0.35 0.00136737 0.611343 0.35 0.00219868 0.61044 0.35 0.00197285 0.610786 0.35 -0.00197285 0.607714 0.35 -0.00219868 0.60806 0.35 0.0016932 0.611089 0.35 -0.00236454 0.608438 0.35 0.0025 0.60925 0.35 -0.0016932 0.607411 0.35 0.00236454 0.610062 0.35 0.00236454 0.608438 0.35 0.000206448 0.606759 0.35 0.00219868 0.60806 0.35 0.0024659 0.608838 0.35 -0.000613714 0.606826 0.35 -0.000206448 0.606759 0.35 0.00100424 0.606961 0.35 0.00136737 0.607157 0.35 0.0016932 0.607411 0.35 0.00197285 0.607714 0.35 0.000613714 0.606826 0.35 -0.0113434 0.616355 0.35 -0.0109305 0.616355 0.355 -0.0109305 0.616355 0.355 -0.0136369 0.613863 0.35 -0.0136028 0.613452 0.35 -0.0136369 0.613863 0.35 -0.0105232 0.616287 0.355 -0.0105232 0.616287 0.355 -0.0101327 0.616153 0.35 -0.0101327 0.616153 0.35 -0.00976956 0.615956 0.355 -0.00976956 0.615956 0.35 -0.00944373 0.615702 0.355 -0.00944373 0.615702 0.355 -0.00916408 0.615399 0.35 -0.00916408 0.615399 0.35 -0.00893825 0.615053 0.355 -0.00893825 0.615053 0.35 -0.00877239 0.614675 0.355 -0.00877239 0.614675 0.355 -0.00867103 0.614275 0.35 -0.00867103 0.614275 0.355 -0.00863693 0.613863 0.35 -0.00863693 0.613863 0.355 -0.0113434 0.616355 0.35 -0.0117506 0.616287 0.355 -0.0117506 0.616287 0.355 -0.0121412 0.616153 0.35 -0.0121412 0.616153 0.355 -0.0125043 0.615956 0.35 -0.0125043 0.615956 0.35 -0.0128301 0.615702 0.355 -0.0128301 0.615702 0.355 -0.0131098 0.615399 0.35 -0.0131098 0.615399 0.355 -0.0133356 0.615053 0.35 -0.0133356 0.615053 0.35 -0.0135015 0.614675 0.355 -0.0135015 0.614675 0.355 -0.0136028 0.614275 0.35 -0.0136028 0.614275 0.355 -0.0135015 0.613051 0.35 -0.0135015 0.613051 0.355 -0.0136028 0.613452 0.355 -0.0128301 0.612024 0.35 -0.0128301 0.612024 0.355 -0.0131098 0.612328 0.355 -0.0133356 0.612673 0.35 -0.0131098 0.612328 0.35 -0.0133356 0.612673 0.355 -0.0121412 0.611574 0.355 -0.0117506 0.61144 0.35 -0.0117506 0.61144 0.35 -0.0125043 0.61177 0.355 -0.0125043 0.61177 0.35 -0.0121412 0.611574 0.35 -0.0105232 0.61144 0.355 -0.0109305 0.611372 0.355 -0.0105232 0.61144 0.35 -0.0109305 0.611372 0.35 -0.0113434 0.611372 0.355 -0.0113434 0.611372 0.355 -0.00944373 0.612024 0.35 -0.00944373 0.612024 0.355 -0.00976956 0.61177 0.355 -0.0101327 0.611574 0.35 -0.00976956 0.61177 0.35 -0.0101327 0.611574 0.35 -0.00893825 0.612673 0.35 -0.00916408 0.612328 0.355 -0.00916408 0.612328 0.355 -0.00893825 0.612673 0.35 -0.00877239 0.613051 0.355 -0.00877239 0.613051 0.35 -0.00867103 0.613452 0.355 -0.00867103 0.613452 0.35 -0.0128301 0.615702 0.35 -0.0121412 0.616153 0.35 -0.0125043 0.615956 0.35 -0.0121412 0.611574 0.35 -0.00867103 0.614275 0.35 -0.0125043 0.61177 0.35 -0.0117506 0.616287 0.35 -0.0131098 0.615399 0.35 -0.0133356 0.615053 0.35 -0.0113434 0.616355 0.35 -0.0135015 0.614675 0.35 -0.0109305 0.616355 0.35 -0.0136028 0.614275 0.35 -0.0136369 0.613863 0.35 -0.0105232 0.616287 0.35 -0.0101327 0.616153 0.35 -0.0136028 0.613452 0.35 -0.00976956 0.615956 0.35 -0.00893825 0.615053 0.35 -0.00916408 0.615399 0.35 -0.0131098 0.612328 0.35 -0.0133356 0.612673 0.35 -0.00944373 0.615702 0.35 -0.0135015 0.613051 0.35 -0.00863693 0.613863 0.35 -0.0128301 0.612024 0.35 -0.00877239 0.614675 0.35 -0.00877239 0.613051 0.35 -0.0109305 0.611372 0.35 -0.00893825 0.612673 0.35 -0.00867103 0.613452 0.35 -0.0117506 0.61144 0.35 -0.0113434 0.611372 0.35 -0.0101327 0.611574 0.35 -0.00976956 0.61177 0.35 -0.00944373 0.612024 0.35 -0.00916408 0.612328 0.35 -0.0105232 0.61144 0.35 -0.0159564 0.627491 0.35 -0.0155436 0.627491 0.355 -0.0155436 0.627491 0.355 -0.01825 0.625 0.35 -0.0182159 0.624588 0.35 -0.01825 0.625 0.35 -0.0151363 0.627424 0.355 -0.0151363 0.627424 0.355 -0.0147458 0.627289 0.35 -0.0147458 0.627289 0.35 -0.0143826 0.627093 0.355 -0.0143826 0.627093 0.35 -0.0140568 0.626839 0.355 -0.0140568 0.626839 0.355 -0.0137771 0.626536 0.35 -0.0137771 0.626536 0.35 -0.0135513 0.62619 0.355 -0.0135513 0.62619 0.35 -0.0133855 0.625812 0.355 -0.0133855 0.625812 0.355 -0.0132841 0.625412 0.35 -0.0132841 0.625412 0.355 -0.01325 0.625 0.35 -0.01325 0.625 0.355 -0.0159564 0.627491 0.35 -0.0163637 0.627424 0.355 -0.0163637 0.627424 0.355 -0.0167542 0.627289 0.35 -0.0167542 0.627289 0.355 -0.0171174 0.627093 0.35 -0.0171174 0.627093 0.35 -0.0174432 0.626839 0.355 -0.0174432 0.626839 0.355 -0.0177229 0.626536 0.35 -0.0177229 0.626536 0.355 -0.0179487 0.62619 0.35 -0.0179487 0.62619 0.35 -0.0181145 0.625812 0.355 -0.0181145 0.625812 0.355 -0.0182159 0.625412 0.35 -0.0182159 0.625412 0.355 -0.0181145 0.624188 0.35 -0.0181145 0.624188 0.355 -0.0182159 0.624588 0.355 -0.0174432 0.623161 0.35 -0.0174432 0.623161 0.355 -0.0177229 0.623464 0.355 -0.0179487 0.62381 0.35 -0.0177229 0.623464 0.35 -0.0179487 0.62381 0.355 -0.0167542 0.622711 0.355 -0.0163637 0.622576 0.35 -0.0163637 0.622576 0.35 -0.0171174 0.622907 0.355 -0.0171174 0.622907 0.35 -0.0167542 0.622711 0.35 -0.0151363 0.622576 0.355 -0.0155436 0.622509 0.355 -0.0151363 0.622576 0.35 -0.0155436 0.622509 0.35 -0.0159564 0.622509 0.355 -0.0159564 0.622509 0.355 -0.0140568 0.623161 0.35 -0.0140568 0.623161 0.355 -0.0143826 0.622907 0.355 -0.0147458 0.622711 0.35 -0.0143826 0.622907 0.35 -0.0147458 0.622711 0.35 -0.0135513 0.62381 0.35 -0.0137771 0.623464 0.355 -0.0137771 0.623464 0.355 -0.0135513 0.62381 0.35 -0.0133855 0.624188 0.355 -0.0133855 0.624188 0.35 -0.0132841 0.624588 0.355 -0.0132841 0.624588 0.35 -0.0174432 0.626839 0.35 -0.0167542 0.627289 0.35 -0.0171174 0.627093 0.35 -0.0167542 0.622711 0.35 -0.0132841 0.625412 0.35 -0.0171174 0.622907 0.35 -0.0163637 0.627424 0.35 -0.0177229 0.626536 0.35 -0.0179487 0.62619 0.35 -0.0159564 0.627491 0.35 -0.0181145 0.625812 0.35 -0.0155436 0.627491 0.35 -0.0182159 0.625412 0.35 -0.01825 0.625 0.35 -0.0151363 0.627424 0.35 -0.0147458 0.627289 0.35 -0.0182159 0.624588 0.35 -0.0143826 0.627093 0.35 -0.0135513 0.62619 0.35 -0.0137771 0.626536 0.35 -0.0177229 0.623464 0.35 -0.0179487 0.62381 0.35 -0.0140568 0.626839 0.35 -0.0181145 0.624188 0.35 -0.01325 0.625 0.35 -0.0174432 0.623161 0.35 -0.0133855 0.625812 0.35 -0.0133855 0.624188 0.35 -0.0155436 0.622509 0.35 -0.0135513 0.62381 0.35 -0.0132841 0.624588 0.35 -0.0163637 0.622576 0.35 -0.0159564 0.622509 0.35 -0.0147458 0.622711 0.35 -0.0143826 0.622907 0.35 -0.0140568 0.623161 0.35 -0.0137771 0.623464 0.35 -0.0151363 0.622576 0.35 -0.0113434 0.638628 0.35 -0.0109305 0.638628 0.355 -0.0109305 0.638628 0.355 -0.0136369 0.636137 0.35 -0.0136028 0.635725 0.35 -0.0136369 0.636137 0.35 -0.0105232 0.63856 0.355 -0.0105232 0.63856 0.355 -0.0101327 0.638426 0.35 -0.0101327 0.638426 0.35 -0.00976956 0.63823 0.355 -0.00976956 0.63823 0.35 -0.00944373 0.637976 0.355 -0.00944373 0.637976 0.355 -0.00916408 0.637672 0.35 -0.00916408 0.637672 0.35 -0.00893825 0.637327 0.355 -0.00893825 0.637327 0.35 -0.00877239 0.636949 0.355 -0.00877239 0.636949 0.355 -0.00867103 0.636548 0.35 -0.00867103 0.636548 0.355 -0.00863693 0.636137 0.35 -0.00863693 0.636137 0.355 -0.0113434 0.638628 0.35 -0.0117506 0.63856 0.355 -0.0117506 0.63856 0.355 -0.0121412 0.638426 0.35 -0.0121412 0.638426 0.355 -0.0125043 0.63823 0.35 -0.0125043 0.63823 0.35 -0.0128301 0.637976 0.355 -0.0128301 0.637976 0.355 -0.0131098 0.637672 0.35 -0.0131098 0.637672 0.355 -0.0133356 0.637327 0.35 -0.0133356 0.637327 0.35 -0.0135015 0.636949 0.355 -0.0135015 0.636949 0.355 -0.0136028 0.636548 0.35 -0.0136028 0.636548 0.355 -0.0135015 0.635325 0.35 -0.0135015 0.635325 0.355 -0.0136028 0.635725 0.355 -0.0128301 0.634298 0.35 -0.0128301 0.634298 0.355 -0.0131098 0.634601 0.355 -0.0133356 0.634947 0.35 -0.0131098 0.634601 0.35 -0.0133356 0.634947 0.355 -0.0121412 0.633847 0.355 -0.0117506 0.633713 0.35 -0.0117506 0.633713 0.35 -0.0125043 0.634044 0.355 -0.0125043 0.634044 0.35 -0.0121412 0.633847 0.35 -0.0105232 0.633713 0.355 -0.0109305 0.633645 0.355 -0.0105232 0.633713 0.35 -0.0109305 0.633645 0.35 -0.0113434 0.633645 0.355 -0.0113434 0.633645 0.355 -0.00944373 0.634298 0.35 -0.00944373 0.634298 0.355 -0.00976956 0.634044 0.355 -0.0101327 0.633847 0.35 -0.00976956 0.634044 0.35 -0.0101327 0.633847 0.35 -0.00893825 0.634947 0.35 -0.00916408 0.634601 0.355 -0.00916408 0.634601 0.355 -0.00893825 0.634947 0.35 -0.00877239 0.635325 0.355 -0.00877239 0.635325 0.35 -0.00867103 0.635725 0.355 -0.00867103 0.635725 0.35 -0.0128301 0.637976 0.35 -0.0121412 0.638426 0.35 -0.0125043 0.63823 0.35 -0.0121412 0.633847 0.35 -0.00867103 0.636548 0.35 -0.0125043 0.634044 0.35 -0.0117506 0.63856 0.35 -0.0131098 0.637672 0.35 -0.0133356 0.637327 0.35 -0.0113434 0.638628 0.35 -0.0135015 0.636949 0.35 -0.0109305 0.638628 0.35 -0.0136028 0.636548 0.35 -0.0136369 0.636137 0.35 -0.0105232 0.63856 0.35 -0.0101327 0.638426 0.35 -0.0136028 0.635725 0.35 -0.00976956 0.63823 0.35 -0.00893825 0.637327 0.35 -0.00916408 0.637672 0.35 -0.0131098 0.634601 0.35 -0.0133356 0.634947 0.35 -0.00944373 0.637976 0.35 -0.0135015 0.635325 0.35 -0.00863693 0.636137 0.35 -0.0128301 0.634298 0.35 -0.00877239 0.636949 0.35 -0.00877239 0.635325 0.35 -0.0109305 0.633645 0.35 -0.00893825 0.634947 0.35 -0.00867103 0.635725 0.35 -0.0117506 0.633713 0.35 -0.0113434 0.633645 0.35 -0.0101327 0.633847 0.35 -0.00976956 0.634044 0.35 -0.00944373 0.634298 0.35 -0.00916408 0.634601 0.35 -0.0105232 0.633713 0.35 0.0109305 0.638628 0.35 0.0113434 0.638628 0.355 0.0113434 0.638628 0.355 0.00863693 0.636137 0.35 0.00867103 0.635725 0.35 0.00863693 0.636137 0.35 0.0117506 0.63856 0.355 0.0117506 0.63856 0.355 0.0121412 0.638426 0.35 0.0121412 0.638426 0.35 0.0125043 0.63823 0.355 0.0125043 0.63823 0.35 0.0128301 0.637976 0.355 0.0128301 0.637976 0.355 0.0131098 0.637672 0.35 0.0131098 0.637672 0.35 0.0133356 0.637327 0.355 0.0133356 0.637327 0.35 0.0135015 0.636949 0.355 0.0135015 0.636949 0.355 0.0136028 0.636548 0.35 0.0136028 0.636548 0.355 0.0136369 0.636137 0.35 0.0136369 0.636137 0.355 0.0109305 0.638628 0.35 0.0105232 0.63856 0.355 0.0105232 0.63856 0.355 0.0101327 0.638426 0.35 0.0101327 0.638426 0.355 0.00976956 0.63823 0.35 0.00976956 0.63823 0.35 0.00944373 0.637976 0.355 0.00944373 0.637976 0.355 0.00916408 0.637672 0.35 0.00916408 0.637672 0.355 0.00893825 0.637327 0.35 0.00893825 0.637327 0.35 0.00877239 0.636949 0.355 0.00877239 0.636949 0.355 0.00867103 0.636548 0.35 0.00867103 0.636548 0.355 0.00877239 0.635325 0.35 0.00877239 0.635325 0.355 0.00867103 0.635725 0.355 0.00944373 0.634298 0.35 0.00944373 0.634298 0.355 0.00916408 0.634601 0.355 0.00893825 0.634947 0.35 0.00916408 0.634601 0.35 0.00893825 0.634947 0.355 0.0101327 0.633847 0.355 0.0105232 0.633713 0.35 0.0105232 0.633713 0.35 0.00976956 0.634044 0.355 0.00976956 0.634044 0.35 0.0101327 0.633847 0.35 0.0117506 0.633713 0.355 0.0113434 0.633645 0.355 0.0117506 0.633713 0.35 0.0113434 0.633645 0.35 0.0109305 0.633645 0.355 0.0109305 0.633645 0.355 0.0128301 0.634298 0.35 0.0128301 0.634298 0.355 0.0125043 0.634044 0.355 0.0121412 0.633847 0.35 0.0125043 0.634044 0.35 0.0121412 0.633847 0.35 0.0133356 0.634947 0.35 0.0131098 0.634601 0.355 0.0131098 0.634601 0.355 0.0133356 0.634947 0.35 0.0135015 0.635325 0.355 0.0135015 0.635325 0.35 0.0136028 0.635725 0.355 0.0136028 0.635725 0.35 0.00944373 0.637976 0.35 0.0101327 0.638426 0.35 0.00976956 0.63823 0.35 0.0101327 0.633847 0.35 0.0136028 0.636548 0.35 0.00976956 0.634044 0.35 0.0105232 0.63856 0.35 0.00916408 0.637672 0.35 0.00893825 0.637327 0.35 0.0109305 0.638628 0.35 0.00877239 0.636949 0.35 0.0113434 0.638628 0.35 0.00867103 0.636548 0.35 0.00863693 0.636137 0.35 0.0117506 0.63856 0.35 0.0121412 0.638426 0.35 0.00867103 0.635725 0.35 0.0125043 0.63823 0.35 0.0133356 0.637327 0.35 0.0131098 0.637672 0.35 0.00916408 0.634601 0.35 0.00893825 0.634947 0.35 0.0128301 0.637976 0.35 0.00877239 0.635325 0.35 0.0136369 0.636137 0.35 0.00944373 0.634298 0.35 0.0135015 0.636949 0.35 0.0135015 0.635325 0.35 0.0113434 0.633645 0.35 0.0133356 0.634947 0.35 0.0136028 0.635725 0.35 0.0105232 0.633713 0.35 0.0109305 0.633645 0.35 0.0121412 0.633847 0.35 0.0125043 0.634044 0.35 0.0128301 0.634298 0.35 0.0131098 0.634601 0.35 0.0117506 0.633713 0.35 0.0155436 0.627491 0.35 0.0159564 0.627491 0.355 0.0159564 0.627491 0.355 0.01325 0.625 0.35 0.0132841 0.624588 0.35 0.01325 0.625 0.35 0.0163637 0.627424 0.355 0.0163637 0.627424 0.355 0.0167542 0.627289 0.35 0.0167542 0.627289 0.35 0.0171174 0.627093 0.355 0.0171174 0.627093 0.35 0.0174432 0.626839 0.355 0.0174432 0.626839 0.355 0.0177229 0.626536 0.35 0.0177229 0.626536 0.35 0.0179487 0.62619 0.355 0.0179487 0.62619 0.35 0.0181145 0.625812 0.355 0.0181145 0.625812 0.355 0.0182159 0.625412 0.35 0.0182159 0.625412 0.355 0.01825 0.625 0.35 0.01825 0.625 0.355 0.0155436 0.627491 0.35 0.0151363 0.627424 0.355 0.0151363 0.627424 0.355 0.0147458 0.627289 0.35 0.0147458 0.627289 0.355 0.0143826 0.627093 0.35 0.0143826 0.627093 0.35 0.0140568 0.626839 0.355 0.0140568 0.626839 0.355 0.0137771 0.626536 0.35 0.0137771 0.626536 0.355 0.0135513 0.62619 0.35 0.0135513 0.62619 0.35 0.0133855 0.625812 0.355 0.0133855 0.625812 0.355 0.0132841 0.625412 0.35 0.0132841 0.625412 0.355 0.0133855 0.624188 0.35 0.0133855 0.624188 0.355 0.0132841 0.624588 0.355 0.0140568 0.623161 0.35 0.0140568 0.623161 0.355 0.0137771 0.623464 0.355 0.0135513 0.62381 0.35 0.0137771 0.623464 0.35 0.0135513 0.62381 0.355 0.0147458 0.622711 0.355 0.0151363 0.622576 0.35 0.0151363 0.622576 0.35 0.0143826 0.622907 0.355 0.0143826 0.622907 0.35 0.0147458 0.622711 0.35 0.0163637 0.622576 0.355 0.0159564 0.622509 0.355 0.0163637 0.622576 0.35 0.0159564 0.622509 0.35 0.0155436 0.622509 0.355 0.0155436 0.622509 0.355 0.0174432 0.623161 0.35 0.0174432 0.623161 0.355 0.0171174 0.622907 0.355 0.0167542 0.622711 0.35 0.0171174 0.622907 0.35 0.0167542 0.622711 0.35 0.0179487 0.62381 0.35 0.0177229 0.623464 0.355 0.0177229 0.623464 0.355 0.0179487 0.62381 0.35 0.0181145 0.624188 0.355 0.0181145 0.624188 0.35 0.0182159 0.624588 0.355 0.0182159 0.624588 0.35 0.0140568 0.626839 0.35 0.0147458 0.627289 0.35 0.0143826 0.627093 0.35 0.0147458 0.622711 0.35 0.0182159 0.625412 0.35 0.0143826 0.622907 0.35 0.0151363 0.627424 0.35 0.0137771 0.626536 0.35 0.0135513 0.62619 0.35 0.0155436 0.627491 0.35 0.0133855 0.625812 0.35 0.0159564 0.627491 0.35 0.0132841 0.625412 0.35 0.01325 0.625 0.35 0.0163637 0.627424 0.35 0.0167542 0.627289 0.35 0.0132841 0.624588 0.35 0.0171174 0.627093 0.35 0.0179487 0.62619 0.35 0.0177229 0.626536 0.35 0.0137771 0.623464 0.35 0.0135513 0.62381 0.35 0.0174432 0.626839 0.35 0.0133855 0.624188 0.35 0.01825 0.625 0.35 0.0140568 0.623161 0.35 0.0181145 0.625812 0.35 0.0181145 0.624188 0.35 0.0159564 0.622509 0.35 0.0179487 0.62381 0.35 0.0182159 0.624588 0.35 0.0151363 0.622576 0.35 0.0155436 0.622509 0.35 0.0167542 0.622711 0.35 0.0171174 0.622907 0.35 0.0174432 0.623161 0.35 0.0177229 0.623464 0.35 0.0163637 0.622576 0.3465 0.0214981 0.627704 0.347746 0.021012 0.627703 0.347642 0.0215009 0.627705 0.355 0.0182752 0.631079 0.355 0.0182515 0.630612 0.3465 0.0182504 0.630694 0.347537 0.0219855 0.627786 0.3465 0.0219868 0.627786 0.3465 0.0224555 0.627947 0.347434 0.0224495 0.627944 0.347335 0.0228832 0.628177 0.3465 0.0228912 0.628182 0.347243 0.023273 0.628478 0.3465 0.0232822 0.628487 0.3465 0.0236178 0.628851 0.34716 0.0236099 0.628842 0.347087 0.0238829 0.629255 0.3465 0.0238888 0.629266 0.347027 0.0240846 0.629711 0.3465 0.0240878 0.62972 0.3465 0.0242095 0.6302 0.34698 0.0242084 0.630195 0.346948 0.0242504 0.630694 0.3465 0.0242504 0.630694 0.3465 0.0210026 0.627704 0.347822 0.0207597 0.627735 0.3465 0.0205139 0.627786 0.347935 0.0205256 0.627783 0.348083 0.0203146 0.627844 0.3465 0.0200453 0.627947 0.348261 0.0201308 0.627911 0.348698 0.0198602 0.628036 0.348468 0.0199774 0.627978 0.34895 0.0197856 0.628076 0.3465 0.0196095 0.628182 0.3545 0.0197598 0.628091 0.349213 0.0197598 0.628091 0.354762 0.0194627 0.628285 0.3465 0.0192185 0.628487 0.3465 0.0188829 0.628851 0.355 0.0191789 0.628524 0.3465 0.0186119 0.629266 0.355 0.0188665 0.628873 0.355 0.0186121 0.629266 0.355 0.018422 0.629694 0.3465 0.0184129 0.62972 0.3465 0.0182913 0.6302 0.355 0.0183008 0.630146 0.355 0.0183714 0.631538 0.3465 0.0182913 0.631188 0.3465 0.0184129 0.631668 0.3545 0.0186577 0.632203 0.3465 0.0186119 0.632122 0.349213 0.0186577 0.632203 0.354762 0.0184976 0.631887 0.348978 0.0186697 0.632224 0.348542 0.0187626 0.632371 0.3465 0.0188829 0.632537 0.348752 0.018705 0.632282 0.34803 0.0190627 0.632747 0.348179 0.0189417 0.63261 0.34835 0.0188415 0.632482 0.3465 0.0196095 0.633206 0.347811 0.0193681 0.63303 0.3465 0.0192185 0.632901 0.347907 0.0192052 0.632889 0.3465 0.0200453 0.633441 0.34755 0.020375 0.633563 0.347648 0.0199471 0.633396 0.347746 0.0195491 0.633165 0.3465 0.0210026 0.633684 0.347359 0.021284 0.633694 0.347453 0.0208239 0.633663 0.3465 0.0205139 0.633602 0.3465 0.0219868 0.633602 0.34719 0.0221938 0.633542 0.347271 0.0217441 0.633653 0.3465 0.0214981 0.633684 0.3465 0.0228912 0.633206 0.347055 0.0230191 0.633117 0.347117 0.0226226 0.633362 0.3465 0.0224555 0.633441 0.3465 0.0236178 0.632537 0.3465 0.0238888 0.632122 0.346966 0.0236784 0.632456 0.3465 0.0232822 0.632901 0.347004 0.0233747 0.632812 0.3465 0.0240878 0.631668 0.34693 0.0240987 0.631618 0.346942 0.0239178 0.632051 0.346932 0.0242108 0.631162 0.3465 0.0242095 0.631188 0.3465 0.0205139 0.633602 0.3465 0.0204114 0.633313 0.3465 0.0208539 0.633415 0.3465 0.0195168 0.628559 0.3465 0.0191891 0.628874 0.3465 0.0192185 0.628487 0.3465 0.0213072 0.633443 0.3465 0.0210026 0.633684 0.3465 0.0200453 0.633441 0.3465 0.0199918 0.633139 0.3465 0.021759 0.633397 0.3465 0.0214981 0.633684 0.3465 0.0196095 0.633206 0.3465 0.0196065 0.632899 0.3465 0.0192185 0.632901 0.3465 0.0192661 0.632598 0.3465 0.0188829 0.632537 0.3465 0.0189797 0.632245 0.3465 0.0221969 0.633276 0.3465 0.0219868 0.633602 0.3465 0.0186119 0.632122 0.3465 0.0187554 0.63185 0.3465 0.0226089 0.633085 0.3465 0.0224555 0.633441 0.3465 0.0233117 0.632514 0.3465 0.0232822 0.632901 0.3465 0.0229839 0.632829 0.3465 0.0228912 0.633206 0.3465 0.0239951 0.630864 0.3465 0.0242095 0.631188 0.3465 0.0239296 0.631314 0.3465 0.0186119 0.629266 0.3465 0.0187097 0.629642 0.3465 0.0184129 0.62972 0.3465 0.0239017 0.629964 0.3465 0.0237454 0.629538 0.3465 0.0240878 0.62972 0.3465 0.0189176 0.629238 0.3465 0.0188829 0.628851 0.3465 0.0232822 0.628487 0.3465 0.0232347 0.62879 0.3465 0.0228942 0.628489 0.3465 0.0200453 0.627947 0.3465 0.0203039 0.628112 0.3465 0.0198918 0.628303 0.3465 0.0219868 0.627786 0.3465 0.0220893 0.628075 0.3465 0.0216468 0.627973 0.3465 0.0214981 0.627704 0.3465 0.0211935 0.627945 0.3465 0.022509 0.628249 0.3465 0.0228912 0.628182 0.3465 0.0224555 0.627947 0.3465 0.0207418 0.627991 0.3465 0.0205139 0.627786 0.3465 0.0210026 0.627704 0.3465 0.0238888 0.629266 0.3465 0.023521 0.629143 0.3465 0.0236178 0.628851 0.3465 0.0239857 0.63041 0.3465 0.0242095 0.6302 0.3465 0.0196095 0.628182 0.3465 0.0242504 0.630694 0.3465 0.0235832 0.63215 0.3465 0.0236178 0.632537 0.3465 0.023791 0.631746 0.3465 0.0240878 0.631668 0.3465 0.0182913 0.631188 0.3465 0.018599 0.631424 0.3465 0.0184129 0.631668 0.3465 0.0182504 0.630694 0.3465 0.0185057 0.630524 0.3465 0.018515 0.630978 0.3465 0.0185711 0.630074 0.3465 0.0182913 0.6302 0.3465 0.0238888 0.632122 0.3465 0.0214981 0.616316 0.347359 0.0212843 0.616306 0.347271 0.0217442 0.616347 0.355 0.0182515 0.619388 0.3465 0.0182913 0.6198 0.355 0.0183008 0.619854 0.34719 0.0221946 0.616459 0.3465 0.0219868 0.616398 0.347117 0.022623 0.616638 0.3465 0.0224555 0.616559 0.3465 0.0228912 0.616794 0.347055 0.0230201 0.616884 0.347004 0.023375 0.617188 0.3465 0.0232822 0.617099 0.346968 0.0236714 0.617549 0.3465 0.0236178 0.617463 0.3465 0.0238888 0.617878 0.346942 0.0239175 0.617949 0.34693 0.0240986 0.618381 0.3465 0.0240878 0.618332 0.346932 0.0242106 0.618838 0.3465 0.0242095 0.618812 0.3465 0.0242504 0.619306 0.346948 0.0242504 0.619306 0.3465 0.0210026 0.616316 0.347453 0.0208234 0.616337 0.3465 0.0205139 0.616398 0.3465 0.0200453 0.616559 0.34755 0.0203746 0.616437 0.3465 0.0196095 0.616794 0.347649 0.0199453 0.616605 0.347822 0.0193458 0.616988 0.347746 0.0195486 0.616835 0.3465 0.0192185 0.617099 0.347935 0.0191672 0.617147 0.3465 0.0188829 0.617463 0.348083 0.0190149 0.617306 0.348468 0.0187897 0.61759 0.348261 0.0188891 0.617455 0.3465 0.0186119 0.617878 0.348698 0.0187173 0.617699 0.349213 0.0186577 0.617797 0.34895 0.0186727 0.617771 0.354762 0.0184976 0.618113 0.3545 0.0186577 0.617797 0.355 0.0183714 0.618462 0.3465 0.0184129 0.618332 0.3465 0.0182913 0.618812 0.3465 0.0182504 0.619306 0.355 0.0182752 0.618921 0.3465 0.0186119 0.620734 0.355 0.018422 0.620306 0.3465 0.0184129 0.62028 0.355 0.0191789 0.621476 0.3465 0.0192185 0.621513 0.354762 0.0194627 0.621715 0.3465 0.0188829 0.621149 0.355 0.0188665 0.621127 0.3465 0.0196095 0.621818 0.3545 0.0197598 0.621909 0.349213 0.0197598 0.621909 0.348978 0.0197804 0.621921 0.3465 0.0200453 0.622053 0.348752 0.0198401 0.621954 0.348179 0.0202088 0.622119 0.34835 0.0200584 0.622059 0.348542 0.0199343 0.622002 0.3465 0.0205139 0.622214 0.347811 0.0207883 0.62227 0.347907 0.0205765 0.622229 0.34803 0.0203822 0.622178 0.3465 0.0214981 0.622296 0.347746 0.0210125 0.622297 0.3465 0.0210026 0.622296 0.347642 0.0215028 0.622295 0.3465 0.0219868 0.622214 0.347537 0.0219867 0.622214 0.3465 0.0224555 0.622053 0.3465 0.0228912 0.621818 0.347335 0.0228841 0.621822 0.347434 0.0224505 0.622055 0.3465 0.0232822 0.621513 0.3465 0.0236178 0.621149 0.34716 0.0236104 0.621158 0.347243 0.0232734 0.621521 0.3465 0.0238888 0.620734 0.3465 0.0240878 0.62028 0.347027 0.0240849 0.620288 0.347087 0.0238829 0.620744 0.3465 0.0242095 0.6198 0.34698 0.0242083 0.619805 0.355 0.0186121 0.620734 0.3465 0.0205139 0.622214 0.3465 0.0204839 0.621947 0.3465 0.020929 0.622037 0.3465 0.0194586 0.61722 0.3465 0.0191397 0.617543 0.3465 0.0192185 0.617099 0.3465 0.0210026 0.622296 0.3465 0.0213829 0.622053 0.3465 0.0200453 0.622053 0.3465 0.0200596 0.621785 0.3465 0.0218332 0.621994 0.3465 0.0214981 0.622296 0.3465 0.0196095 0.621818 0.3465 0.0196679 0.621555 0.3465 0.0193193 0.621264 0.3465 0.0192185 0.621513 0.3465 0.0188829 0.621149 0.3465 0.0187882 0.620531 0.3465 0.0190233 0.620919 0.3465 0.0186119 0.620734 0.3465 0.0222676 0.621861 0.3465 0.0219868 0.622214 0.3465 0.0182913 0.6198 0.3465 0.0182504 0.619306 0.3465 0.0185239 0.619665 0.3465 0.0226743 0.621659 0.3465 0.0224555 0.622053 0.3465 0.0236224 0.620697 0.3465 0.0236178 0.621149 0.3465 0.023361 0.621069 0.3465 0.0232822 0.621513 0.3465 0.0230421 0.621392 0.3465 0.0239987 0.619401 0.3465 0.0242095 0.6198 0.3465 0.0239457 0.619852 0.3465 0.018502 0.619211 0.3465 0.0182913 0.618812 0.3465 0.0185551 0.61876 0.3465 0.0238806 0.618503 0.3465 0.0237126 0.618081 0.3465 0.0240878 0.618332 0.3465 0.0188783 0.617915 0.3465 0.0188829 0.617463 0.3465 0.0232822 0.617099 0.3465 0.0231815 0.617348 0.3465 0.0228329 0.617057 0.3465 0.0200453 0.616559 0.3465 0.0202331 0.616751 0.3465 0.0198264 0.616953 0.3465 0.0219868 0.616398 0.3465 0.0220169 0.616665 0.3465 0.0215717 0.616575 0.3465 0.0214981 0.616316 0.3465 0.0211178 0.616559 0.3465 0.0224411 0.616827 0.3465 0.0228912 0.616794 0.3465 0.0224555 0.616559 0.3465 0.0206675 0.616618 0.3465 0.0205139 0.616398 0.3465 0.0210026 0.616316 0.3465 0.0238888 0.617878 0.3465 0.0234774 0.617693 0.3465 0.0236178 0.617463 0.3465 0.0239768 0.618947 0.3465 0.0242095 0.618812 0.3465 0.0196095 0.616794 0.3465 0.0186817 0.618324 0.3465 0.0186119 0.617878 0.3465 0.0184129 0.618332 0.3465 0.0238191 0.620288 0.3465 0.0238888 0.620734 0.3465 0.0240878 0.62028 0.3465 0.0186202 0.620109 0.3465 0.0184129 0.62028 0.3465 0.0228912 0.621818 0.3465 0.0242504 0.619306 0.34718 0.0150064 0.606495 0.3465 0.0153086 0.606454 0.3465 0.0148199 0.606535 0.354762 0.0125761 0.609787 0.3545 0.0125564 0.609433 0.3465 0.0125563 0.609444 0.3465 0.0158041 0.606454 0.347108 0.015478 0.606445 0.347046 0.015954 0.60647 0.346996 0.0164205 0.606571 0.3465 0.0162928 0.606535 0.346962 0.0168611 0.606754 0.3465 0.0167614 0.606696 0.3465 0.0171972 0.606932 0.346939 0.0172735 0.606996 0.3465 0.0175882 0.607236 0.346936 0.0179587 0.60766 0.3465 0.0179238 0.607601 0.34693 0.0176423 0.6073 0.3465 0.0181948 0.608016 0.346955 0.0182194 0.608063 0.34699 0.0184054 0.608505 0.3465 0.0183938 0.60847 0.347037 0.0185182 0.608968 0.3465 0.0185154 0.60895 0.3465 0.0185563 0.609444 0.347097 0.0185563 0.609444 0.347352 0.014119 0.606811 0.347262 0.0145489 0.606618 0.3465 0.0143513 0.606696 0.347447 0.0137241 0.607068 0.3465 0.0139155 0.606932 0.3465 0.0135245 0.607236 0.347546 0.0133762 0.607383 0.3465 0.0131889 0.607601 0.347647 0.0130808 0.607749 0.347746 0.0128473 0.608155 0.3465 0.0129179 0.608016 0.3465 0.0127189 0.60847 0.347822 0.0127481 0.608389 0.3465 0.0125973 0.60895 0.347935 0.012673 0.608616 0.348261 0.0125862 0.609022 0.348083 0.0126202 0.608829 0.348468 0.0125674 0.609188 0.34895 0.0125565 0.609403 0.348698 0.0125591 0.609318 0.349213 0.0125564 0.609433 0.355 0.0126413 0.610153 0.3465 0.0125973 0.609937 0.3465 0.0127189 0.610418 0.355 0.0132759 0.611393 0.355 0.0130004 0.611014 0.3465 0.0131889 0.611286 0.3465 0.0129179 0.610871 0.355 0.0127871 0.610597 0.3465 0.0143513 0.612191 0.355 0.0144025 0.612213 0.355 0.0139856 0.612 0.3465 0.0135245 0.611651 0.3465 0.0139155 0.611955 0.355 0.0136071 0.611724 0.348978 0.0155911 0.612444 0.3465 0.0153086 0.612433 0.3465 0.0158041 0.612433 0.349213 0.0155672 0.612444 0.3545 0.0155672 0.612444 0.354762 0.0152128 0.612424 0.3465 0.0148199 0.612352 0.355 0.0148475 0.612359 0.348752 0.015659 0.612442 0.3465 0.0162928 0.612352 0.348179 0.0160611 0.612401 0.34835 0.0159006 0.612424 0.348542 0.0157647 0.612437 0.347811 0.0166383 0.612242 0.347907 0.0164345 0.612312 0.34803 0.0162404 0.612365 0.3465 0.0171972 0.611955 0.347644 0.0172613 0.611912 0.347746 0.0168456 0.612152 0.3465 0.0167614 0.612191 0.347541 0.0176339 0.611608 0.3465 0.0175882 0.611651 0.3465 0.0179238 0.611286 0.3465 0.0181948 0.610871 0.3465 0.0183938 0.610418 0.347343 0.0182109 0.610841 0.34744 0.0179524 0.611248 0.3465 0.0185154 0.609937 0.347252 0.0184003 0.610398 0.347169 0.018517 0.609927 0.3465 0.0148629 0.612105 0.3465 0.0148199 0.612352 0.3465 0.0143513 0.612191 0.3465 0.0137078 0.607408 0.3465 0.0133979 0.60774 0.3465 0.0135245 0.607236 0.3465 0.0153086 0.612433 0.3465 0.0153104 0.612183 0.3465 0.0157646 0.612186 0.3465 0.0139155 0.611955 0.3465 0.0140364 0.611735 0.3465 0.0144344 0.611954 0.3465 0.0162131 0.612114 0.3465 0.0158041 0.612433 0.3465 0.0131889 0.611286 0.3465 0.0136799 0.611454 0.3465 0.0135245 0.611651 0.3465 0.0133746 0.611118 0.3465 0.0129179 0.610871 0.3465 0.0127189 0.610418 0.3465 0.0131288 0.610736 0.3465 0.0170446 0.611756 0.3465 0.0167614 0.612191 0.3465 0.0166436 0.61197 0.3465 0.0129493 0.610319 0.3465 0.0174049 0.61148 0.3465 0.0171972 0.611955 0.3465 0.0177148 0.611148 0.3465 0.0179658 0.610769 0.3465 0.0179238 0.611286 0.3465 0.0175882 0.611651 0.3465 0.0185154 0.609937 0.3465 0.0182657 0.609915 0.3465 0.0183063 0.609463 0.3465 0.0128064 0.609425 0.3465 0.0125973 0.60895 0.3465 0.012847 0.608972 0.3465 0.0179839 0.608151 0.3465 0.0183938 0.60847 0.3465 0.0181634 0.608569 0.3465 0.0131469 0.608118 0.3465 0.0131889 0.607601 0.3465 0.0175882 0.607236 0.3465 0.0174328 0.607433 0.3465 0.0170763 0.607152 0.3465 0.0143513 0.606696 0.3465 0.0144691 0.606918 0.3465 0.0140681 0.607131 0.3465 0.0162928 0.606535 0.3465 0.0162498 0.606783 0.3465 0.0158023 0.606705 0.3465 0.0158041 0.606454 0.3465 0.0153481 0.606702 0.3465 0.0166783 0.606933 0.3465 0.0171972 0.606932 0.3465 0.0167614 0.606696 0.3465 0.0148996 0.606773 0.3465 0.0148199 0.606535 0.3465 0.0153086 0.606454 0.3465 0.0177381 0.60777 0.3465 0.0179238 0.607601 0.3465 0.0182719 0.60901 0.3465 0.0185154 0.60895 0.3465 0.0139155 0.606932 0.3465 0.0129616 0.608533 0.3465 0.0129179 0.608016 0.3465 0.0185563 0.609444 0.3465 0.0127189 0.60847 0.3465 0.0181511 0.610354 0.3465 0.0181948 0.610871 0.3465 0.0183938 0.610418 0.3465 0.0125973 0.609937 0.3465 0.0128408 0.609878 0.3465 0.0125563 0.609444 0.3465 0.0162928 0.612352 0.3465 0.0181948 0.608016 0.347039 0.00460795 0.600953 0.3465 0.00448893 0.601002 0.3471 0.00417187 0.601164 0.347746 0.00270351 0.603988 0.347645 0.00270349 0.603513 0.3465 0.00269402 0.60375 0.346992 0.00507432 0.600825 0.3465 0.00544628 0.60076 0.3465 0.00495756 0.600841 0.346957 0.00555506 0.600764 0.346937 0.00604024 0.600781 0.3465 0.00594176 0.60076 0.3465 0.0068991 0.601002 0.3465 0.00643048 0.600841 0.346931 0.0065166 0.600876 0.34694 0.0069718 0.601047 0.346962 0.00739894 0.601282 0.3465 0.00733486 0.601238 0.347051 0.00809613 0.601953 0.3465 0.00806144 0.601907 0.347 0.0077754 0.601589 0.3465 0.00772586 0.601542 0.3465 0.00833244 0.602322 0.347115 0.00835386 0.602363 0.34719 0.00854144 0.602806 0.3465 0.00853147 0.602776 0.347274 0.00865578 0.603273 0.3465 0.0086531 0.603256 0.3465 0.00869402 0.60375 0.347366 0.00869402 0.60375 0.3465 0.00366217 0.601542 0.347255 0.00343311 0.601778 0.347173 0.00377777 0.601442 0.3465 0.00405317 0.601238 0.3465 0.0033266 0.601907 0.347346 0.00314837 0.602163 0.347442 0.00292813 0.602588 0.3465 0.0030556 0.602322 0.3465 0.00285657 0.602776 0.347543 0.00277919 0.603041 0.3465 0.00273494 0.603256 0.347935 0.00278306 0.604474 0.3465 0.00273494 0.604243 0.3465 0.00285657 0.604724 0.347822 0.00273463 0.60424 0.349213 0.00309054 0.60524 0.34895 0.00307575 0.605214 0.3465 0.0030556 0.605177 0.348261 0.00291077 0.604869 0.355 0.00607937 0.606725 0.3465 0.00643048 0.606658 0.355 0.00653764 0.606629 0.355 0.00561172 0.606748 0.3465 0.00544628 0.606739 0.3465 0.00594176 0.606739 0.349213 0.0072034 0.606342 0.3465 0.0068991 0.606497 0.3465 0.00733486 0.606261 0.354762 0.00328483 0.605537 0.3545 0.00309054 0.60524 0.355 0.00426585 0.606388 0.355 0.00387272 0.606133 0.3465 0.00405317 0.606261 0.355 0.00352395 0.605821 0.3465 0.0033266 0.605592 0.3465 0.00366217 0.605957 0.3465 0.00495756 0.606658 0.355 0.00469378 0.606578 0.3465 0.00448893 0.606497 0.354762 0.00688661 0.606502 0.355 0.00514608 0.606699 0.3545 0.0072034 0.606342 0.348978 0.0072241 0.60633 0.348542 0.00737086 0.606237 0.348752 0.00728209 0.606295 0.34835 0.00748223 0.606158 0.348179 0.00760975 0.606058 0.3465 0.00772586 0.605957 0.3465 0.00806144 0.605592 0.347907 0.00788878 0.605795 0.34803 0.00774694 0.605937 0.3465 0.00833244 0.605177 0.3465 0.00853147 0.604724 0.34765 0.00839198 0.605061 0.347811 0.00803009 0.605632 0.347746 0.00816499 0.605451 0.347553 0.00855854 0.604641 0.347458 0.00865962 0.604201 0.3465 0.0086531 0.604243 0.348468 0.00297769 0.605023 0.348698 0.00303572 0.60514 0.348083 0.00284386 0.604685 0.3465 0.00448893 0.606497 0.3465 0.00423781 0.606082 0.3465 0.00464164 0.60629 0.3465 0.00366217 0.601542 0.3465 0.00414265 0.601479 0.3465 0.00379008 0.601765 0.3465 0.00495756 0.606658 0.3465 0.00405317 0.606261 0.3465 0.00366217 0.605957 0.3465 0.00355925 0.605483 0.3465 0.00387371 0.605811 0.3465 0.00642405 0.606401 0.3465 0.00643048 0.606658 0.3465 0.0059777 0.606485 0.3465 0.0033266 0.605592 0.3465 0.00330303 0.605108 0.3465 0.0030556 0.605177 0.3465 0.00311203 0.604696 0.3465 0.00685049 0.606245 0.3465 0.0068991 0.606497 0.3465 0.00285657 0.604724 0.3465 0.00299146 0.604258 0.3465 0.00724538 0.60602 0.3465 0.00733486 0.606261 0.3465 0.00806144 0.605592 0.3465 0.00759796 0.605734 0.3465 0.0078986 0.605393 0.3465 0.00772586 0.605957 0.3465 0.00831291 0.604589 0.3465 0.00841529 0.604146 0.3465 0.0086531 0.604243 0.3465 0.00307512 0.602911 0.3465 0.00297275 0.603353 0.3465 0.00273494 0.603256 0.3465 0.00853147 0.602776 0.3465 0.00839658 0.603241 0.3465 0.00827601 0.602803 0.3465 0.0033266 0.601907 0.3465 0.00348944 0.602106 0.3465 0.00772586 0.601542 0.3465 0.00782878 0.602016 0.3465 0.00751433 0.601688 0.3465 0.00453755 0.601255 0.3465 0.00448893 0.601002 0.3465 0.00496398 0.601098 0.3465 0.0067464 0.601209 0.3465 0.00631387 0.60107 0.3465 0.00643048 0.600841 0.3465 0.00594176 0.60076 0.3465 0.00586442 0.601005 0.3465 0.00715023 0.601417 0.3465 0.00733486 0.601238 0.3465 0.0068991 0.601002 0.3465 0.00495756 0.600841 0.3465 0.00541033 0.601014 0.3465 0.00544628 0.60076 0.3465 0.00833244 0.602322 0.3465 0.008085 0.602391 0.3465 0.00806144 0.601907 0.3465 0.0086531 0.603256 0.3465 0.00844343 0.603693 0.3465 0.00405317 0.601238 0.3465 0.00324893 0.602491 0.3465 0.0030556 0.602322 0.3465 0.00869402 0.60375 0.3465 0.00285657 0.602776 0.3465 0.00833244 0.605177 0.3465 0.0081391 0.605008 0.3465 0.00853147 0.604724 0.3465 0.00294461 0.603806 0.3465 0.00273494 0.604243 0.3465 0.00269402 0.60375 0.3465 0.00552361 0.606494 0.3465 0.00544628 0.606739 0.3465 0.00507417 0.606429 0.3465 0.00594176 0.606739 0.346952 -0.00726192 0.601192 0.3465 -0.00733486 0.601238 0.346986 -0.00765968 0.601483 0.347439 -0.00867236 0.604109 0.347341 -0.00869123 0.603625 0.3465 -0.00869402 0.60375 0.3465 -0.0068991 0.601002 0.346933 -0.00682185 0.60097 0.3465 -0.00643048 0.600841 0.346941 -0.00586149 0.600754 0.3465 -0.00594176 0.60076 0.346929 -0.00635021 0.600823 0.3465 -0.00448893 0.601002 0.3465 -0.00495756 0.600841 0.347008 -0.00488513 0.600861 0.3465 -0.00544628 0.60076 0.346967 -0.00536832 0.600768 0.34713 -0.00399963 0.601274 0.347208 -0.00362125 0.601581 0.3465 -0.00366217 0.601542 0.3465 -0.00405317 0.601238 0.347295 -0.00329774 0.601945 0.3465 -0.0033266 0.601907 0.3465 -0.0030556 0.602322 0.347389 -0.00303879 0.602354 0.347489 -0.00284861 0.602799 0.3465 -0.00285657 0.602776 0.347592 -0.00273323 0.603267 0.3465 -0.00273494 0.603256 0.3465 -0.00269402 0.60375 0.347696 -0.00269402 0.60375 0.347095 -0.00828424 0.602236 0.3465 -0.00806144 0.601907 0.3465 -0.00833244 0.602322 0.3465 -0.00772586 0.601542 0.347063 -0.00442494 0.601032 0.347034 -0.00800295 0.601835 0.347167 -0.00849519 0.602676 0.3465 -0.00853147 0.602776 0.3465 -0.0086531 0.603256 0.34725 -0.00863217 0.603144 0.347746 -0.00816467 0.605451 0.347644 -0.00840492 0.605034 0.3465 -0.00833244 0.605177 0.34754 -0.00857601 0.604582 0.3465 -0.0086531 0.604243 0.3465 -0.00853147 0.604724 0.347935 -0.00785261 0.605833 0.3465 -0.00806144 0.605592 0.3465 -0.00772586 0.605957 0.3465 -0.00448893 0.606497 0.355 -0.00469378 0.606578 0.3465 -0.00495756 0.606658 0.3465 -0.00733486 0.606261 0.348468 -0.00740992 0.60621 0.348261 -0.00754459 0.606111 0.3465 -0.00285657 0.604724 0.348179 -0.0028806 0.604791 0.34835 -0.00294097 0.604942 0.3465 -0.0030556 0.605177 0.348542 -0.00299796 0.605066 0.349213 -0.00309054 0.60524 0.354762 -0.00328483 0.605537 0.3465 -0.0033266 0.605592 0.348752 -0.00304602 0.60516 0.3465 -0.00405317 0.606261 0.3465 -0.00366217 0.605957 0.355 -0.00387272 0.606133 0.3465 -0.0068991 0.606497 0.354762 -0.00688661 0.606502 0.3545 -0.0072034 0.606342 0.355 -0.00561172 0.606748 0.355 -0.00607937 0.606725 0.3465 -0.00594176 0.606739 0.355 -0.00653764 0.606629 0.3465 -0.00643048 0.606658 0.355 -0.00514608 0.606699 0.3465 -0.00544628 0.606739 0.355 -0.00352395 0.605821 0.355 -0.00426585 0.606388 0.348978 -0.00307858 0.60522 0.3545 -0.00309054 0.60524 0.34803 -0.00282229 0.604618 0.347907 -0.0027707 0.604423 0.3465 -0.00273494 0.604243 0.347811 -0.00272979 0.604212 0.347746 -0.00270346 0.603988 0.349213 -0.0072034 0.606342 0.34895 -0.00722911 0.606327 0.348698 -0.00730109 0.606283 0.348083 -0.00769444 0.605985 0.347822 -0.0080116 0.605654 0.3465 -0.00623981 0.606445 0.3465 -0.00643048 0.606658 0.3465 -0.00667599 0.606318 0.3465 -0.00772586 0.601542 0.3465 -0.00730736 0.601523 0.3465 -0.00765191 0.601819 0.3465 -0.00373612 0.605681 0.3465 -0.00366217 0.605957 0.3465 -0.00408068 0.605977 0.3465 -0.0068991 0.606497 0.3465 -0.00708539 0.606122 0.3465 -0.00578873 0.606498 0.3465 -0.00544628 0.606739 0.3465 -0.00594176 0.606739 0.3465 -0.00745684 0.60586 0.3465 -0.00733486 0.606261 0.3465 -0.00772586 0.605957 0.3465 -0.00778021 0.605541 0.3465 -0.00806144 0.605592 0.3465 -0.00804666 0.605174 0.3465 -0.00533507 0.606476 0.3465 -0.00853147 0.604724 0.3465 -0.00838154 0.604333 0.3465 -0.00824895 0.604767 0.3465 -0.00833244 0.605177 0.3465 -0.0033266 0.605592 0.3465 -0.00344498 0.605332 0.3465 -0.00405317 0.606261 0.3465 -0.00296286 0.604071 0.3465 -0.00273494 0.604243 0.3465 -0.003053 0.604516 0.3465 -0.00833504 0.602983 0.3465 -0.00842518 0.603428 0.3465 -0.0086531 0.603256 0.3465 -0.00313909 0.602732 0.3465 -0.00285657 0.602776 0.3465 -0.0030065 0.603167 0.3465 -0.00806144 0.601907 0.3465 -0.00794306 0.602167 0.3465 -0.00360783 0.601958 0.3465 -0.0039312 0.601639 0.3465 -0.00366217 0.601542 0.3465 -0.0068991 0.601002 0.3465 -0.00649683 0.601119 0.3465 -0.0069188 0.601287 0.3465 -0.00471205 0.601181 0.3465 -0.00514823 0.601054 0.3465 -0.00495756 0.600841 0.3465 -0.00544628 0.60076 0.3465 -0.00559931 0.601001 0.3465 -0.00430264 0.601378 0.3465 -0.00405317 0.601238 0.3465 -0.00448893 0.601002 0.3465 -0.00643048 0.600841 0.3465 -0.00605297 0.601023 0.3465 -0.00594176 0.60076 0.3465 -0.00334137 0.602326 0.3465 -0.0030556 0.602322 0.3465 -0.0033266 0.601907 0.3465 -0.00273494 0.603256 0.3465 -0.00294722 0.603617 0.3465 -0.00733486 0.601238 0.3465 -0.00817286 0.602559 0.3465 -0.00833244 0.602322 0.3465 -0.00269402 0.60375 0.3465 -0.00853147 0.602776 0.3465 -0.0030556 0.605177 0.3465 -0.00321518 0.60494 0.3465 -0.00285657 0.604724 0.3465 -0.00844082 0.603882 0.3465 -0.0086531 0.604243 0.3465 -0.00869402 0.60375 0.3465 -0.00495756 0.606658 0.3465 -0.00448893 0.606497 0.3465 -0.0048912 0.60638 0.3465 -0.00446924 0.606212 0.3465 -0.0185563 0.609444 0.347052 -0.0185357 0.609092 0.3465 -0.0185357 0.609092 0.3465 -0.0185169 0.609928 0.347186 -0.0184988 0.610028 0.347113 -0.018554 0.609562 0.3465 -0.0176226 0.611619 0.34745 -0.0179216 0.611289 0.3465 -0.0179468 0.611256 0.3465 -0.0182081 0.610846 0.347267 -0.0183726 0.610477 0.3465 -0.0183999 0.6104 0.3465 -0.0163654 0.612332 0.348083 -0.0161712 0.61238 0.347935 -0.0163844 0.612327 0.347746 -0.0168454 0.612153 0.347648 -0.0172464 0.611922 0.3465 -0.0172442 0.611924 0.3465 -0.01492 0.612375 0.355 -0.0148475 0.612359 0.354762 -0.0152128 0.612424 0.3465 -0.0158881 0.612425 0.3465 -0.0154021 0.61244 0.348698 -0.0156816 0.612441 0.348179 -0.0125991 0.608939 0.34835 -0.0125761 0.609099 0.3465 -0.0125724 0.609134 0.34803 -0.0126353 0.60876 0.3465 -0.0126616 0.608656 0.348542 -0.0125635 0.609235 0.348752 -0.012558 0.609341 0.3465 -0.0125615 0.60962 0.3465 -0.0127741 0.610566 0.355 -0.0126413 0.610153 0.355 -0.0127871 0.610597 0.354762 -0.0125761 0.609787 0.3465 -0.0126293 0.610101 0.3545 -0.0155672 0.612444 0.355 -0.0144025 0.612213 0.3465 -0.0144547 0.612234 0.3465 -0.0140184 0.612019 0.3465 -0.0132772 0.611394 0.355 -0.0136071 0.611724 0.3465 -0.0136224 0.611737 0.355 -0.0139856 0.612 0.355 -0.0130004 0.611014 0.3465 -0.012992 0.611 0.3545 -0.0125564 0.609433 0.348978 -0.0125564 0.609409 0.349213 -0.0125564 0.609433 0.347907 -0.0126878 0.608566 0.347811 -0.0127582 0.608362 0.3465 -0.0128268 0.608199 0.347746 -0.0128475 0.608154 0.3465 -0.013366 0.607394 0.347645 -0.0130864 0.607741 0.3465 -0.0130637 0.607774 0.347442 -0.0137435 0.607054 0.347542 -0.0133876 0.607371 0.3465 -0.0137258 0.607067 0.3465 -0.0141338 0.606802 0.347345 -0.014147 0.606795 0.3465 -0.0145791 0.606607 0.347255 -0.0145861 0.606605 0.3471 -0.0155328 0.606444 0.3465 -0.0150502 0.606487 0.3465 -0.0155345 0.606444 0.347173 -0.0150531 0.606486 0.34699 -0.0164878 0.606592 0.3465 -0.0160195 0.60648 0.3465 -0.0164923 0.606593 0.347039 -0.0160165 0.606479 0.346934 -0.0173498 0.607039 0.3465 -0.0169405 0.606782 0.3465 -0.0173524 0.607041 0.346955 -0.0169373 0.606781 0.346938 -0.0180248 0.607739 0.3465 -0.017717 0.607363 0.3465 -0.0180249 0.607739 0.346929 -0.0177163 0.607362 0.3465 -0.018268 0.60816 0.346962 -0.0182684 0.608162 0.3465 -0.0184397 0.608615 0.347 -0.0184399 0.608616 0.355 -0.0132759 0.611393 0.349213 -0.0155672 0.612444 0.34895 -0.015597 0.612444 0.348467 -0.0158121 0.612433 0.348261 -0.0159785 0.612414 0.347821 -0.0166114 0.612252 0.3465 -0.0168214 0.612164 0.347548 -0.0176087 0.611631 0.347356 -0.0181783 0.610901 0.3465 -0.0168818 0.611853 0.3465 -0.0164672 0.612038 0.3465 -0.0168214 0.612164 0.3465 -0.0125724 0.609134 0.3465 -0.0128142 0.609235 0.3465 -0.0128859 0.608787 0.3465 -0.0172442 0.611924 0.3465 -0.0172603 0.611602 0.3465 -0.0160277 0.612153 0.3465 -0.0163654 0.612332 0.3465 -0.0176226 0.611619 0.3465 -0.0175924 0.611292 0.3465 -0.0155753 0.612194 0.3465 -0.0158881 0.612425 0.3465 -0.0154021 0.61244 0.3465 -0.0151224 0.612159 0.3465 -0.0146814 0.612051 0.3465 -0.01492 0.612375 0.3465 -0.0179468 0.611256 0.3465 -0.0178689 0.610932 0.3465 -0.0128174 0.60969 0.3465 -0.0126293 0.610101 0.3465 -0.0128952 0.610137 0.3465 -0.0182081 0.610846 0.3465 -0.0180823 0.610531 0.3465 -0.0182953 0.609198 0.3465 -0.0185357 0.609092 0.3465 -0.0182175 0.60875 0.3465 -0.0182268 0.6101 0.3465 -0.0185169 0.609928 0.3465 -0.0182985 0.609652 0.3465 -0.0125615 0.60962 0.3465 -0.0178481 0.607924 0.3465 -0.0180671 0.608322 0.3465 -0.018268 0.60816 0.3465 -0.0128268 0.608199 0.3465 -0.0130304 0.608356 0.3465 -0.0132438 0.607955 0.3465 -0.0168485 0.607016 0.3465 -0.0172304 0.607262 0.3465 -0.0173524 0.607041 0.3465 -0.0142309 0.607034 0.3465 -0.0137258 0.607067 0.3465 -0.0138524 0.607285 0.3465 -0.0159903 0.606728 0.3465 -0.0164923 0.606593 0.3465 -0.0160195 0.60648 0.3465 -0.0146455 0.606849 0.3465 -0.015085 0.606734 0.3465 -0.0145791 0.606607 0.3465 -0.0150502 0.606487 0.3465 -0.0155374 0.606694 0.3465 -0.0141338 0.606802 0.3465 -0.013366 0.607394 0.3465 -0.0135203 0.607595 0.3465 -0.0155345 0.606444 0.3465 -0.0169405 0.606782 0.3465 -0.0164313 0.606837 0.3465 -0.0130637 0.607774 0.3465 -0.0126616 0.608656 0.3465 -0.0175667 0.607567 0.3465 -0.017717 0.607363 0.3465 -0.0127741 0.610566 0.3465 -0.0180249 0.607739 0.3465 -0.0132646 0.610964 0.3465 -0.0130456 0.610566 0.3465 -0.012992 0.611 0.3465 -0.0185563 0.609444 0.3465 -0.0184397 0.608615 0.3465 -0.0140184 0.612019 0.3465 -0.0144547 0.612234 0.3465 -0.0142642 0.611871 0.3465 -0.0138823 0.611625 0.3465 -0.0183999 0.6104 0.3465 -0.0136224 0.611737 0.3465 -0.013546 0.61132 0.3465 -0.0132772 0.611394 0.3465 -0.0228912 0.616794 0.347043 -0.0231021 0.616946 0.347105 -0.0227025 0.616681 0.34696 -0.0242344 0.619488 0.346938 -0.0242248 0.619007 0.3465 -0.0242504 0.619306 0.3465 -0.0219868 0.616398 0.347177 -0.0222673 0.616484 0.347259 -0.0218076 0.616358 0.3465 -0.0224555 0.616559 0.3465 -0.0214981 0.616316 0.347349 -0.0213356 0.616307 0.3465 -0.0210026 0.616316 0.3465 -0.0205139 0.616398 0.347544 -0.0203998 0.616429 0.3465 -0.0200453 0.616559 0.347445 -0.0208622 0.616331 0.347746 -0.0195491 0.616835 0.347811 -0.0193681 0.61697 0.3465 -0.0196095 0.616794 0.347645 -0.0199586 0.616599 0.348542 -0.0187626 0.617629 0.3465 -0.0188829 0.617463 0.34835 -0.0188415 0.617518 0.3465 -0.0192185 0.617099 0.347907 -0.0192052 0.617111 0.34803 -0.0190627 0.617253 0.3465 -0.0186119 0.617878 0.3545 -0.0186577 0.617797 0.354762 -0.0184976 0.618113 0.348752 -0.018705 0.617718 0.355 -0.0183714 0.618462 0.3465 -0.0184129 0.618332 0.355 -0.0182808 0.61888 0.3465 -0.0182913 0.618812 0.3465 -0.0182504 0.619306 0.355 -0.0182504 0.619306 0.3465 -0.0232822 0.617099 0.346994 -0.0234556 0.617272 0.3465 -0.0238888 0.617878 0.346938 -0.0239767 0.61808 0.346958 -0.0237527 0.617652 0.3465 -0.0236178 0.617463 0.3465 -0.0242095 0.618812 0.3465 -0.0240878 0.618332 0.346931 -0.0241381 0.618534 0.349213 -0.0186577 0.617797 0.348978 -0.0186697 0.617776 0.348179 -0.0189417 0.61739 0.347105 -0.02382 0.620854 0.347043 -0.0240339 0.620424 0.3465 -0.0238888 0.620734 0.3465 -0.0242095 0.6198 0.346994 -0.0241769 0.619966 0.347349 -0.0228229 0.621861 0.3465 -0.0224555 0.622053 0.347445 -0.0224004 0.622077 0.3465 -0.0236178 0.621149 0.3465 -0.0232822 0.621513 0.347177 -0.0235417 0.621242 0.3465 -0.0200453 0.622053 0.348083 -0.0203148 0.622156 0.3465 -0.0205139 0.622214 0.347646 -0.0214835 0.622297 0.3465 -0.0210026 0.622296 0.347746 -0.0210123 0.622297 0.348467 -0.0199774 0.622022 0.348261 -0.0201309 0.622089 0.348698 -0.0198602 0.621964 0.3465 -0.0196095 0.621818 0.347821 -0.02076 0.622265 0.347935 -0.0205258 0.622217 0.349213 -0.0197598 0.621909 0.34895 -0.0197856 0.621924 0.3465 -0.0192185 0.621513 0.354762 -0.0194627 0.621715 0.3545 -0.0197598 0.621909 0.355 -0.0188565 0.621114 0.355 -0.0191789 0.621476 0.3465 -0.0188829 0.621149 0.355 -0.0182895 0.619789 0.3465 -0.0182913 0.6198 0.3465 -0.0186119 0.620734 0.355 -0.0184059 0.62026 0.3465 -0.0184129 0.62028 0.355 -0.0185966 0.620705 0.3465 -0.0214981 0.622296 0.347544 -0.0219512 0.622223 0.3465 -0.0219868 0.622214 0.3465 -0.0228912 0.621818 0.347259 -0.023206 0.621581 0.3465 -0.0240878 0.62028 0.3465 -0.0216468 0.622027 0.3465 -0.0219868 0.622214 0.3465 -0.0220893 0.621925 0.3465 -0.0233117 0.617486 0.3465 -0.0232822 0.617099 0.3465 -0.0229839 0.617171 0.3465 -0.0211935 0.622055 0.3465 -0.0214981 0.622296 0.3465 -0.0224555 0.622053 0.3465 -0.022509 0.621751 0.3465 -0.0210026 0.622296 0.3465 -0.0207418 0.622009 0.3465 -0.0228942 0.621511 0.3465 -0.0228912 0.621818 0.3465 -0.0232822 0.621513 0.3465 -0.0232347 0.62121 0.3465 -0.0236178 0.621149 0.3465 -0.023521 0.620857 0.3465 -0.0203039 0.621888 0.3465 -0.0205139 0.622214 0.3465 -0.0238888 0.620734 0.3465 -0.0237454 0.620462 0.3465 -0.0198918 0.621697 0.3465 -0.0200453 0.622053 0.3465 -0.0195168 0.621441 0.3465 -0.0191891 0.621126 0.3465 -0.0192185 0.621513 0.3465 -0.0196095 0.621818 0.3465 -0.0189176 0.620762 0.3465 -0.0187097 0.620358 0.3465 -0.0186119 0.620734 0.3465 -0.0239951 0.619136 0.3465 -0.0239857 0.61959 0.3465 -0.0242504 0.619306 0.3465 -0.0182913 0.618812 0.3465 -0.018599 0.618576 0.3465 -0.0184129 0.618332 0.3465 -0.0236178 0.617463 0.3465 -0.0235832 0.61785 0.3465 -0.0192185 0.617099 0.3465 -0.0192661 0.617402 0.3465 -0.0196065 0.617101 0.3465 -0.0221969 0.616724 0.3465 -0.0226089 0.616915 0.3465 -0.0224555 0.616559 0.3465 -0.0204114 0.616687 0.3465 -0.0208539 0.616585 0.3465 -0.0205139 0.616398 0.3465 -0.0210026 0.616316 0.3465 -0.0213072 0.616557 0.3465 -0.0199918 0.616861 0.3465 -0.0196095 0.616794 0.3465 -0.0200453 0.616559 0.3465 -0.021759 0.616603 0.3465 -0.0219868 0.616398 0.3465 -0.0214981 0.616316 0.3465 -0.0189797 0.617755 0.3465 -0.0186119 0.617878 0.3465 -0.0187554 0.61815 0.3465 -0.0188829 0.617463 0.3465 -0.018515 0.619022 0.3465 -0.0182504 0.619306 0.3465 -0.0185057 0.619476 0.3465 -0.0228912 0.616794 0.3465 -0.0239296 0.618686 0.3465 -0.0240878 0.618332 0.3465 -0.023791 0.618254 0.3465 -0.0238888 0.617878 0.3465 -0.0242095 0.618812 0.3465 -0.0188829 0.621149 0.3465 -0.0239017 0.620036 0.3465 -0.0240878 0.62028 0.3465 -0.0242095 0.6198 0.3465 -0.0184129 0.62028 0.3465 -0.0185711 0.619926 0.3465 -0.0182913 0.6198 0.3465 -0.0219868 0.627786 0.347544 -0.0219521 0.627777 0.3465 -0.0214981 0.627704 0.346938 -0.0242245 0.630995 0.346958 -0.0242446 0.630513 0.3465 -0.0242504 0.630694 0.3465 -0.0210026 0.627704 0.347811 -0.0207883 0.62773 0.3465 -0.0205139 0.627786 0.347645 -0.0214853 0.627703 0.348542 -0.0199343 0.627998 0.3465 -0.0200453 0.627947 0.34835 -0.0200584 0.627941 0.34803 -0.0203822 0.627822 0.348179 -0.0202088 0.627881 0.3465 -0.0196095 0.628182 0.3545 -0.0197598 0.628091 0.354762 -0.0194627 0.628285 0.348752 -0.0198401 0.628046 0.355 -0.0191789 0.628524 0.3465 -0.0192185 0.628487 0.355 -0.0188565 0.628886 0.3465 -0.0188829 0.628851 0.3465 -0.0186119 0.629266 0.355 -0.0185966 0.629295 0.355 -0.0184059 0.62974 0.3465 -0.0184129 0.62972 0.355 -0.0182895 0.630211 0.3465 -0.0182913 0.6302 0.3465 -0.0182504 0.630694 0.355 -0.0182504 0.630694 0.3465 -0.0224555 0.627947 0.347445 -0.0224015 0.627924 0.3465 -0.0228912 0.628182 0.347259 -0.0232067 0.62842 0.347349 -0.0228235 0.62814 0.3465 -0.0232822 0.628487 0.347177 -0.0235421 0.628758 0.3465 -0.0238888 0.629266 0.347043 -0.024034 0.629576 0.347105 -0.0238204 0.629147 0.3465 -0.0236178 0.628851 0.3465 -0.0242095 0.6302 0.3465 -0.0240878 0.62972 0.346994 -0.024177 0.630035 0.349213 -0.0197598 0.628091 0.348978 -0.0197804 0.628079 0.347907 -0.0205765 0.627771 0.347746 -0.0210125 0.627703 0.34696 -0.0237434 0.632344 0.346938 -0.0239756 0.631923 0.3465 -0.0238888 0.632122 0.346931 -0.0241374 0.631469 0.3465 -0.0242095 0.631188 0.3465 -0.0240878 0.631668 0.3465 -0.0228912 0.633206 0.3465 -0.0224555 0.633441 0.347105 -0.0227016 0.63332 0.3465 -0.0236178 0.632537 0.3465 -0.0232822 0.632901 0.346994 -0.0234548 0.632729 0.347646 -0.0199568 0.633401 0.3465 -0.0200453 0.633441 0.3465 -0.0196095 0.633206 0.3465 -0.0214981 0.633684 0.3465 -0.0210026 0.633684 0.347349 -0.0213349 0.633693 0.347746 -0.0195489 0.633165 0.347821 -0.019346 0.633012 0.347544 -0.0203989 0.63357 0.3465 -0.0205139 0.633602 0.347935 -0.0191674 0.632853 0.3465 -0.0192185 0.632901 0.348083 -0.019015 0.632695 0.3465 -0.0188829 0.632537 0.348261 -0.0188892 0.632545 0.348467 -0.0187898 0.63241 0.348698 -0.0187173 0.632301 0.3465 -0.0186119 0.632122 0.34895 -0.0186727 0.632229 0.349213 -0.0186577 0.632203 0.3545 -0.0186577 0.632203 0.3465 -0.0184129 0.631668 0.354762 -0.0184976 0.631887 0.355 -0.0182808 0.63112 0.3465 -0.0182913 0.631188 0.355 -0.0183714 0.631538 0.347445 -0.0208609 0.633669 0.347259 -0.0218065 0.633642 0.347177 -0.0222667 0.633516 0.3465 -0.0219868 0.633602 0.347043 -0.0231017 0.633054 0.3465 -0.0215717 0.633425 0.3465 -0.0219868 0.633602 0.3465 -0.0220169 0.633335 0.3465 -0.0236224 0.629303 0.3465 -0.0236178 0.628851 0.3465 -0.023361 0.628931 0.3465 -0.0211178 0.633441 0.3465 -0.0214981 0.633684 0.3465 -0.0224555 0.633441 0.3465 -0.0224411 0.633173 0.3465 -0.0210026 0.633684 0.3465 -0.0206675 0.633382 0.3465 -0.0228329 0.632943 0.3465 -0.0228912 0.633206 0.3465 -0.0232822 0.632901 0.3465 -0.0231815 0.632652 0.3465 -0.0236178 0.632537 0.3465 -0.0234774 0.632307 0.3465 -0.0202331 0.633249 0.3465 -0.0205139 0.633602 0.3465 -0.0238888 0.632122 0.3465 -0.0237126 0.631919 0.3465 -0.0198264 0.633047 0.3465 -0.0200453 0.633441 0.3465 -0.0194586 0.63278 0.3465 -0.0191397 0.632457 0.3465 -0.0192185 0.632901 0.3465 -0.0196095 0.633206 0.3465 -0.0184129 0.631668 0.3465 -0.0186817 0.631676 0.3465 -0.0185551 0.63124 0.3465 -0.0239987 0.630599 0.3465 -0.0239768 0.631053 0.3465 -0.0242504 0.630694 0.3465 -0.0182504 0.630694 0.3465 -0.018502 0.630789 0.3465 -0.0185239 0.630335 0.3465 -0.0238191 0.629712 0.3465 -0.0238888 0.629266 0.3465 -0.0192185 0.628487 0.3465 -0.0188829 0.628851 0.3465 -0.0193193 0.628736 0.3465 -0.0224555 0.627947 0.3465 -0.0222676 0.628139 0.3465 -0.0226743 0.628341 0.3465 -0.0204839 0.628053 0.3465 -0.020929 0.627963 0.3465 -0.0205139 0.627786 0.3465 -0.0213829 0.627947 0.3465 -0.0210026 0.627704 0.3465 -0.0196679 0.628445 0.3465 -0.0200596 0.628215 0.3465 -0.0196095 0.628182 0.3465 -0.0200453 0.627947 0.3465 -0.0219868 0.627786 0.3465 -0.0218332 0.628006 0.3465 -0.0214981 0.627704 0.3465 -0.0228912 0.628182 0.3465 -0.0230421 0.628608 0.3465 -0.0190233 0.629081 0.3465 -0.0186119 0.629266 0.3465 -0.0187882 0.629469 0.3465 -0.0182913 0.631188 0.3465 -0.0232822 0.628487 0.3465 -0.0239457 0.630148 0.3465 -0.0240878 0.62972 0.3465 -0.0242095 0.6302 0.3465 -0.0188829 0.632537 0.3465 -0.0188783 0.632085 0.3465 -0.0186119 0.632122 0.3465 -0.0238806 0.631497 0.3465 -0.0240878 0.631668 0.3465 -0.0242095 0.631188 0.3465 -0.0182913 0.6302 0.3465 -0.0186202 0.629891 0.3465 -0.0184129 0.62972 0.34895 -0.0125565 0.640597 0.3465 -0.0125615 0.64038 0.349213 -0.0125564 0.640567 0.347052 -0.0185357 0.640908 0.347114 -0.0185539 0.640437 0.3465 -0.0185563 0.640556 0.348698 -0.0125591 0.640682 0.3465 -0.0125724 0.640867 0.348083 -0.0126202 0.641171 0.348261 -0.0125862 0.640978 0.348468 -0.0125674 0.640812 0.3465 -0.0126618 0.641345 0.347935 -0.012673 0.641384 0.347822 -0.0127482 0.641611 0.3465 -0.0128272 0.641802 0.347645 -0.0130852 0.642257 0.3465 -0.0130643 0.642227 0.347746 -0.0128474 0.641845 0.3465 -0.0133669 0.642607 0.347543 -0.0133868 0.642628 0.3465 -0.0137271 0.642934 0.347442 -0.0137424 0.642946 0.3465 -0.0145808 0.643393 0.3465 -0.0141353 0.643198 0.347346 -0.0141458 0.643204 0.347255 -0.0145853 0.643395 0.3465 -0.015052 0.643514 0.347173 -0.0150516 0.643513 0.3471 -0.0155321 0.643556 0.347039 -0.016015 0.643521 0.3465 -0.0155364 0.643556 0.3465 -0.0164939 0.643406 0.3465 -0.0160213 0.64352 0.34699 -0.0164873 0.643408 0.346955 -0.0169361 0.64322 0.3465 -0.0169419 0.643217 0.346929 -0.0177155 0.642639 0.3465 -0.0173535 0.642958 0.346934 -0.0173496 0.642961 0.3465 -0.0177179 0.642637 0.346938 -0.0180249 0.642261 0.3465 -0.0180255 0.64226 0.3465 -0.0182682 0.641839 0.346962 -0.0182681 0.641839 0.3465 -0.0184397 0.641385 0.3465 -0.0185357 0.640908 0.347 -0.0184401 0.641383 0.354762 -0.0125761 0.640213 0.3545 -0.0125564 0.640567 0.355 -0.0126413 0.639847 0.3465 -0.0126293 0.639899 0.3465 -0.0127739 0.639435 0.355 -0.0127871 0.639403 0.3465 -0.0129915 0.639 0.355 -0.0130004 0.638986 0.355 -0.0132759 0.638607 0.3465 -0.0132765 0.638607 0.355 -0.0136071 0.638276 0.3465 -0.0136213 0.638264 0.3465 -0.014017 0.637982 0.355 -0.0139856 0.638 0.3465 -0.0144531 0.637767 0.355 -0.0144025 0.637787 0.355 -0.0148475 0.637641 0.3465 -0.0149183 0.637625 0.354762 -0.0152128 0.637576 0.3465 -0.0154002 0.63756 0.3545 -0.0155672 0.637556 0.34835 -0.0159006 0.637576 0.348542 -0.0157647 0.637563 0.3465 -0.0158862 0.637575 0.348752 -0.015659 0.637558 0.347811 -0.0166383 0.637758 0.3465 -0.0163636 0.637667 0.3465 -0.0168199 0.637835 0.34803 -0.0162404 0.637635 0.348179 -0.0160611 0.637599 0.3465 -0.0176216 0.63838 0.347548 -0.0176096 0.638369 0.3465 -0.0172429 0.638075 0.347746 -0.0168456 0.637848 0.347647 -0.0172475 0.638079 0.3465 -0.0179461 0.638743 0.34745 -0.0179217 0.638711 0.3465 -0.0182077 0.639153 0.347267 -0.0183723 0.639522 0.347356 -0.0181788 0.6391 0.3465 -0.0185169 0.640072 0.3465 -0.0183997 0.6396 0.347186 -0.0184989 0.639973 0.349213 -0.0155672 0.637556 0.348978 -0.0155911 0.637556 0.347907 -0.0164345 0.637688 0.3465 -0.0169419 0.643217 0.3465 -0.0170763 0.642848 0.3465 -0.0166783 0.643067 0.3465 -0.0177148 0.638852 0.3465 -0.0179658 0.639231 0.3465 -0.0179461 0.638743 0.3465 -0.0174328 0.642567 0.3465 -0.0173535 0.642958 0.3465 -0.0162498 0.643217 0.3465 -0.0164939 0.643406 0.3465 -0.0153481 0.643298 0.3465 -0.0155364 0.643556 0.3465 -0.0158023 0.643295 0.3465 -0.0160213 0.64352 0.3465 -0.0177179 0.642637 0.3465 -0.0177381 0.64223 0.3465 -0.015052 0.643514 0.3465 -0.0148996 0.643227 0.3465 -0.0180255 0.64226 0.3465 -0.0179839 0.641849 0.3465 -0.0144691 0.643082 0.3465 -0.0145808 0.643393 0.3465 -0.0182682 0.641839 0.3465 -0.0181634 0.641431 0.3465 -0.0183063 0.640537 0.3465 -0.0185357 0.640908 0.3465 -0.0185563 0.640556 0.3465 -0.0140681 0.642869 0.3465 -0.0141353 0.643198 0.3465 -0.0181511 0.639646 0.3465 -0.0182077 0.639153 0.3465 -0.0130643 0.642227 0.3465 -0.0133979 0.64226 0.3465 -0.0131469 0.641882 0.3465 -0.0174049 0.63852 0.3465 -0.0172429 0.638075 0.3465 -0.0170446 0.638244 0.3465 -0.0128064 0.640575 0.3465 -0.0125724 0.640867 0.3465 -0.012847 0.641028 0.3465 -0.0157646 0.637814 0.3465 -0.0162131 0.637886 0.3465 -0.0158862 0.637575 0.3465 -0.0149183 0.637625 0.3465 -0.0148629 0.637895 0.3465 -0.0153104 0.637817 0.3465 -0.0136213 0.638264 0.3465 -0.0132765 0.638607 0.3465 -0.0136799 0.638546 0.3465 -0.0144531 0.637767 0.3465 -0.0144344 0.638046 0.3465 -0.014017 0.637982 0.3465 -0.0140364 0.638265 0.3465 -0.0129915 0.639 0.3465 -0.0127739 0.639435 0.3465 -0.0131288 0.639264 0.3465 -0.0133746 0.638882 0.3465 -0.0166436 0.63803 0.3465 -0.0168199 0.637835 0.3465 -0.0163636 0.637667 0.3465 -0.0128408 0.640122 0.3465 -0.0125615 0.64038 0.3465 -0.0126293 0.639899 0.3465 -0.0129493 0.639681 0.3465 -0.0126618 0.641345 0.3465 -0.0129616 0.641467 0.3465 -0.0176216 0.63838 0.3465 -0.0182657 0.640085 0.3465 -0.0183997 0.6396 0.3465 -0.0128272 0.641802 0.3465 -0.0185169 0.640072 0.3465 -0.0137078 0.642592 0.3465 -0.0137271 0.642934 0.3465 -0.0133669 0.642607 0.3465 -0.0182719 0.64099 0.3465 -0.0184397 0.641385 0.3465 -0.0154002 0.63756 0.3465 -0.00366217 0.644043 0.3465 -0.00405317 0.643739 0.355 -0.00387272 0.643867 0.347341 -0.00869129 0.646377 0.347438 -0.00867241 0.645893 0.3465 -0.00869402 0.64625 0.355 -0.00352395 0.644179 0.3465 -0.0033266 0.644408 0.354762 -0.00328483 0.644463 0.349213 -0.00309054 0.64476 0.3465 -0.0030556 0.644823 0.3545 -0.00309054 0.64476 0.348698 -0.0030357 0.64486 0.34895 -0.00307574 0.644786 0.348467 -0.00297766 0.644977 0.348261 -0.00291072 0.645131 0.348083 -0.00284381 0.645315 0.3465 -0.00285657 0.645276 0.347935 -0.00278301 0.645526 0.3465 -0.00273494 0.645757 0.347746 -0.00270348 0.646012 0.347821 -0.00273459 0.64576 0.3465 -0.00269402 0.64625 0.347696 -0.00269402 0.64625 0.355 -0.00426585 0.643612 0.355 -0.00469378 0.643422 0.3465 -0.00448893 0.643503 0.3465 -0.00495756 0.643342 0.355 -0.00514608 0.643301 0.3465 -0.00544628 0.643261 0.355 -0.00561172 0.643252 0.3465 -0.00594176 0.643261 0.3465 -0.00643048 0.643342 0.355 -0.00607937 0.643275 0.355 -0.00653764 0.643371 0.3465 -0.0068991 0.643503 0.354762 -0.00688661 0.643498 0.3465 -0.00733486 0.643739 0.348978 -0.0072241 0.64367 0.349213 -0.0072034 0.643658 0.3545 -0.0072034 0.643658 0.34803 -0.00774694 0.644063 0.348179 -0.00760975 0.643942 0.3465 -0.00772586 0.644043 0.348542 -0.00737086 0.643763 0.348752 -0.00728209 0.643705 0.347811 -0.00803009 0.644368 0.347907 -0.00788878 0.644205 0.3465 -0.00806144 0.644408 0.34754 -0.0085767 0.64542 0.347643 -0.00840568 0.644968 0.3465 -0.00853147 0.645276 0.347746 -0.00816499 0.644549 0.3465 -0.00833244 0.644823 0.3465 -0.0086531 0.645757 0.34835 -0.00748223 0.643842 0.347167 -0.0084944 0.647326 0.3465 -0.00853147 0.647224 0.3465 -0.00833244 0.647678 0.3465 -0.0086531 0.646744 0.34725 -0.00863162 0.646858 0.346986 -0.00765794 0.648518 0.347033 -0.00800126 0.648168 0.3465 -0.00772586 0.648458 0.3465 -0.00806144 0.648093 0.347095 -0.00828309 0.647766 0.3465 -0.00643048 0.649159 0.346933 -0.0068197 0.649031 0.3465 -0.0068991 0.648998 0.3465 -0.00733486 0.648762 0.346952 -0.0072595 0.648809 0.346967 -0.00536569 0.649232 0.3465 -0.00495756 0.649159 0.347008 -0.00488351 0.649139 0.346929 -0.00634745 0.649178 0.3465 -0.00594176 0.64924 0.346941 -0.00585936 0.649246 0.3465 -0.0033266 0.648093 0.347208 -0.00361976 0.648418 0.3465 -0.00366217 0.648458 0.34713 -0.00399877 0.648725 0.347063 -0.00442279 0.648968 0.3465 -0.00405317 0.648762 0.347295 -0.00329748 0.648055 0.3465 -0.0030556 0.647678 0.34739 -0.00303797 0.647645 0.347489 -0.00284855 0.647201 0.3465 -0.00285657 0.647224 0.3465 -0.00273494 0.646744 0.347592 -0.00273303 0.646731 0.3465 -0.00448893 0.648998 0.3465 -0.00544628 0.64924 0.3465 -0.00643048 0.649159 0.3465 -0.0067464 0.648791 0.3465 -0.00631387 0.64893 0.3465 -0.00806144 0.644408 0.3465 -0.00759796 0.644266 0.3465 -0.0078986 0.644607 0.3465 -0.00586442 0.648995 0.3465 -0.00594176 0.64924 0.3465 -0.00541033 0.648986 0.3465 -0.00544628 0.64924 0.3465 -0.00733486 0.648762 0.3465 -0.00751433 0.648312 0.3465 -0.00715023 0.648583 0.3465 -0.00772586 0.648458 0.3465 -0.00782878 0.647984 0.3465 -0.008085 0.647609 0.3465 -0.00806144 0.648093 0.3465 -0.00496398 0.648902 0.3465 -0.00495756 0.649159 0.3465 -0.00833244 0.647678 0.3465 -0.00827601 0.647197 0.3465 -0.00448893 0.648998 0.3465 -0.00453755 0.648745 0.3465 -0.00366217 0.648458 0.3465 -0.00414265 0.648521 0.3465 -0.00379008 0.648235 0.3465 -0.00405317 0.648762 0.3465 -0.00307512 0.647089 0.3465 -0.00285657 0.647224 0.3465 -0.00324893 0.647509 0.3465 -0.00869402 0.64625 0.3465 -0.00841529 0.645854 0.3465 -0.00844343 0.646307 0.3465 -0.00294461 0.646194 0.3465 -0.00299146 0.645742 0.3465 -0.00273494 0.645757 0.3465 -0.0081391 0.644992 0.3465 -0.00833244 0.644823 0.3465 -0.0033266 0.644408 0.3465 -0.00330303 0.644892 0.3465 -0.00355925 0.644517 0.3465 -0.00733486 0.643739 0.3465 -0.00685049 0.643755 0.3465 -0.00724538 0.64398 0.3465 -0.00423781 0.643918 0.3465 -0.00464164 0.64371 0.3465 -0.00448893 0.643503 0.3465 -0.00495756 0.643342 0.3465 -0.00405317 0.643739 0.3465 -0.00387371 0.644189 0.3465 -0.0068991 0.643503 0.3465 -0.00642405 0.643599 0.3465 -0.00594176 0.643261 0.3465 -0.0059777 0.643515 0.3465 -0.00643048 0.643342 0.3465 -0.00285657 0.645276 0.3465 -0.00311203 0.645304 0.3465 -0.0030556 0.644823 0.3465 -0.00297275 0.646647 0.3465 -0.00269402 0.64625 0.3465 -0.00772586 0.644043 0.3465 -0.00853147 0.645276 0.3465 -0.00831291 0.645411 0.3465 -0.00273494 0.646744 0.3465 -0.0086531 0.645757 0.3465 -0.00348944 0.647894 0.3465 -0.0033266 0.648093 0.3465 -0.0030556 0.647678 0.3465 -0.00853147 0.647224 0.3465 -0.00839658 0.646759 0.3465 -0.0086531 0.646744 0.3465 -0.00366217 0.644043 0.3465 -0.00552361 0.643506 0.3465 -0.00544628 0.643261 0.3465 -0.00507417 0.643571 0.3465 -0.0068991 0.648998 0.3465 0.0068991 0.643503 0.349213 0.0072034 0.643658 0.3465 0.00733486 0.643739 0.347645 0.00270384 0.646489 0.347746 0.00270346 0.646012 0.3465 0.00269402 0.64625 0.348698 0.00730112 0.643717 0.34895 0.00722912 0.643673 0.348467 0.00740998 0.64379 0.348261 0.00754468 0.643889 0.348083 0.00769456 0.644015 0.3465 0.00772586 0.644043 0.347935 0.00785276 0.644167 0.3465 0.00806144 0.644408 0.347746 0.00816486 0.644549 0.347821 0.00801178 0.644346 0.3465 0.00833244 0.644823 0.34765 0.00839164 0.644938 0.347553 0.00855817 0.645359 0.3465 0.00853147 0.645276 0.347458 0.00865984 0.645799 0.3465 0.0086531 0.645757 0.3465 0.00869402 0.64625 0.347366 0.00869402 0.64625 0.3545 0.0072034 0.643658 0.355 0.00653764 0.643371 0.354762 0.00688661 0.643498 0.3465 0.00643048 0.643342 0.355 0.00607937 0.643275 0.3465 0.00594176 0.643261 0.355 0.00561172 0.643252 0.355 0.00514608 0.643301 0.3465 0.00544628 0.643261 0.3465 0.00495756 0.643342 0.355 0.00469378 0.643422 0.3465 0.00448893 0.643503 0.355 0.00426585 0.643612 0.3465 0.00405317 0.643739 0.355 0.00387272 0.643867 0.3465 0.00366217 0.644043 0.3465 0.0033266 0.644408 0.355 0.00352395 0.644179 0.354762 0.00328483 0.644463 0.349213 0.00309054 0.64476 0.3545 0.00309054 0.64476 0.34835 0.00294097 0.645058 0.3465 0.00285657 0.645276 0.348179 0.0028806 0.645209 0.3465 0.0030556 0.644823 0.348752 0.00304602 0.64484 0.348978 0.00307858 0.64478 0.347907 0.0027707 0.645577 0.3465 0.00273494 0.645757 0.348542 0.00299796 0.644934 0.34803 0.00282229 0.645382 0.347811 0.00272979 0.645788 0.347442 0.00292882 0.647413 0.3465 0.00285657 0.647224 0.3465 0.0030556 0.647678 0.3465 0.00273494 0.646744 0.347542 0.00277934 0.646961 0.347173 0.00377863 0.648559 0.347255 0.00343386 0.648223 0.3465 0.00366217 0.648458 0.3465 0.0033266 0.648093 0.347345 0.00314894 0.647838 0.3465 0.00495756 0.649159 0.347039 0.0046089 0.649047 0.3465 0.00448893 0.648998 0.3465 0.00405317 0.648762 0.3471 0.00417256 0.648836 0.3465 0.00594176 0.64924 0.346935 0.00604264 0.64923 0.346955 0.00555649 0.649247 0.3465 0.00544628 0.64924 0.34699 0.00507313 0.649185 0.346938 0.00697703 0.648962 0.3465 0.00733486 0.648762 0.346962 0.00739937 0.648718 0.346929 0.00652144 0.649134 0.3465 0.00643048 0.649159 0.3465 0.0068991 0.648998 0.347051 0.00809636 0.648047 0.3465 0.00806144 0.648093 0.3465 0.00833244 0.647678 0.347 0.00777525 0.648411 0.3465 0.00772586 0.648458 0.347115 0.00835363 0.647638 0.34719 0.0085415 0.647194 0.3465 0.00853147 0.647224 0.3465 0.0086531 0.646744 0.347274 0.00865574 0.646728 0.3465 0.00495756 0.649159 0.3465 0.00471205 0.648819 0.3465 0.00514823 0.648946 0.3465 0.0033266 0.644408 0.3465 0.00373612 0.644319 0.3465 0.00344498 0.644668 0.3465 0.00559931 0.648999 0.3465 0.00544628 0.64924 0.3465 0.00430264 0.648622 0.3465 0.00448893 0.648998 0.3465 0.0039312 0.648361 0.3465 0.00405317 0.648762 0.3465 0.00366217 0.648458 0.3465 0.00360783 0.648042 0.3465 0.0033266 0.648093 0.3465 0.00334137 0.647674 0.3465 0.00643048 0.649159 0.3465 0.00605297 0.648977 0.3465 0.00649683 0.648881 0.3465 0.0030556 0.647678 0.3465 0.00313909 0.647268 0.3465 0.0069188 0.648713 0.3465 0.0068991 0.648998 0.3465 0.00772586 0.648458 0.3465 0.00730736 0.648477 0.3465 0.00765191 0.648181 0.3465 0.00733486 0.648762 0.3465 0.00833504 0.647017 0.3465 0.00853147 0.647224 0.3465 0.00817286 0.647441 0.3465 0.00294722 0.646383 0.3465 0.00269402 0.64625 0.3465 0.00296286 0.645929 0.3465 0.00844082 0.646118 0.3465 0.00838154 0.645667 0.3465 0.0086531 0.645757 0.3465 0.00321518 0.64506 0.3465 0.0030556 0.644823 0.3465 0.00772586 0.644043 0.3465 0.00778021 0.644459 0.3465 0.00745684 0.64414 0.3465 0.00446924 0.643788 0.3465 0.00448893 0.643503 0.3465 0.0048912 0.64362 0.3465 0.00643048 0.643342 0.3465 0.00667599 0.643682 0.3465 0.00623981 0.643555 0.3465 0.00594176 0.643261 0.3465 0.00578873 0.643502 0.3465 0.00708539 0.643878 0.3465 0.00733486 0.643739 0.3465 0.0068991 0.643503 0.3465 0.00533507 0.643524 0.3465 0.00544628 0.643261 0.3465 0.00853147 0.645276 0.3465 0.00824895 0.645233 0.3465 0.00804666 0.644826 0.3465 0.00806144 0.644408 0.3465 0.00842518 0.646572 0.3465 0.00869402 0.64625 0.3465 0.00405317 0.643739 0.3465 0.00408068 0.644023 0.3465 0.00366217 0.644043 0.3465 0.00285657 0.645276 0.3465 0.003053 0.645484 0.3465 0.0086531 0.646744 0.3465 0.00273494 0.645757 0.3465 0.00794306 0.647833 0.3465 0.00806144 0.648093 0.3465 0.00833244 0.647678 0.3465 0.00285657 0.647224 0.3465 0.0030065 0.646833 0.3465 0.00273494 0.646744 0.3465 0.00833244 0.644823 0.3465 0.00495756 0.643342 0.3465 0.00594176 0.64924 0.348083 0.016171 0.63762 0.3465 0.0162928 0.637648 0.348261 0.0159784 0.637586 0.3465 0.0125563 0.640556 0.349213 0.0125564 0.640567 0.3545 0.0125564 0.640567 0.347935 0.0163842 0.637673 0.347822 0.0166111 0.637748 0.347746 0.0168451 0.637847 0.3465 0.0167614 0.637809 0.3465 0.0171972 0.638045 0.347644 0.0172599 0.638087 0.347541 0.0176328 0.638391 0.3465 0.0175882 0.638349 0.34744 0.0179519 0.63875 0.3465 0.0179238 0.638714 0.3465 0.0181948 0.639129 0.347343 0.0182102 0.639158 0.347252 0.0184003 0.639602 0.3465 0.0183938 0.639582 0.34717 0.0185168 0.640072 0.3465 0.0185154 0.640063 0.3465 0.0185563 0.640556 0.347097 0.0185563 0.640556 0.3465 0.0158041 0.637567 0.348698 0.0156816 0.637559 0.348468 0.0158121 0.637567 0.3465 0.0153086 0.637567 0.34895 0.0155969 0.637556 0.349213 0.0155672 0.637556 0.354762 0.0152128 0.637576 0.3545 0.0155672 0.637556 0.3465 0.0148199 0.637648 0.355 0.0148475 0.637641 0.3465 0.0143513 0.637809 0.355 0.0144025 0.637787 0.3465 0.0139155 0.638045 0.355 0.0139856 0.638 0.3465 0.0135245 0.638349 0.355 0.0136071 0.638276 0.355 0.0132759 0.638607 0.3465 0.0131889 0.638714 0.355 0.0130004 0.638986 0.355 0.0127871 0.639403 0.3465 0.0129179 0.639129 0.3465 0.0127189 0.639582 0.355 0.0126413 0.639847 0.3465 0.0125973 0.640063 0.354762 0.0125761 0.640213 0.348978 0.0125564 0.640591 0.348542 0.0125635 0.640765 0.348752 0.012558 0.640659 0.34835 0.0125761 0.640901 0.3465 0.0125973 0.64105 0.348179 0.0125991 0.641061 0.34803 0.0126353 0.64124 0.3465 0.0127189 0.64153 0.347907 0.0126878 0.641434 0.347646 0.0130822 0.642252 0.347746 0.0128475 0.641846 0.3465 0.0129179 0.641984 0.347811 0.0127582 0.641638 0.3465 0.0139155 0.643068 0.347447 0.013725 0.642932 0.3465 0.0135245 0.642764 0.3465 0.0131889 0.642399 0.347546 0.0133767 0.642617 0.3465 0.0148199 0.643465 0.347262 0.0145495 0.643382 0.3465 0.0143513 0.643304 0.347351 0.0141191 0.643189 0.3465 0.0158041 0.643546 0.347046 0.0159535 0.64353 0.347108 0.0154783 0.643555 0.3465 0.0153086 0.643546 0.34718 0.0150063 0.643505 0.3465 0.0167614 0.643304 0.34696 0.0168662 0.643255 0.346996 0.0164207 0.643429 0.3465 0.0162928 0.643465 0.3465 0.0175882 0.642764 0.3465 0.0179238 0.642399 0.34693 0.0176434 0.642699 0.346939 0.0172748 0.643003 0.3465 0.0171972 0.643068 0.3465 0.0181948 0.641984 0.3465 0.0183938 0.64153 0.346956 0.018214 0.641934 0.346936 0.0179596 0.642339 0.3465 0.0185154 0.64105 0.34699 0.0184056 0.641495 0.347037 0.0185183 0.641032 0.3465 0.0148199 0.643465 0.3465 0.0146455 0.643151 0.3465 0.015085 0.643266 0.3465 0.0138823 0.638375 0.3465 0.0139155 0.638045 0.3465 0.0142642 0.638129 0.3465 0.0155374 0.643306 0.3465 0.0153086 0.643546 0.3465 0.0142309 0.642966 0.3465 0.0143513 0.643304 0.3465 0.0159903 0.643272 0.3465 0.0158041 0.643546 0.3465 0.0139155 0.643068 0.3465 0.0138524 0.642715 0.3465 0.0135203 0.642405 0.3465 0.0135245 0.642764 0.3465 0.0132438 0.642045 0.3465 0.0131889 0.642399 0.3465 0.0162928 0.643465 0.3465 0.0164313 0.643163 0.3465 0.0130304 0.641644 0.3465 0.0129179 0.641984 0.3465 0.0167614 0.643304 0.3465 0.0168485 0.642984 0.3465 0.0175882 0.642764 0.3465 0.0172304 0.642738 0.3465 0.0175667 0.642433 0.3465 0.0182175 0.64125 0.3465 0.0183938 0.64153 0.3465 0.0180671 0.641678 0.3465 0.0128142 0.640765 0.3465 0.0125563 0.640556 0.3465 0.0128174 0.64031 0.3465 0.0182268 0.6399 0.3465 0.0180823 0.639469 0.3465 0.0183938 0.639582 0.3465 0.0135245 0.638349 0.3465 0.0175882 0.638349 0.3465 0.0175924 0.638708 0.3465 0.0172603 0.638398 0.3465 0.0143513 0.637809 0.3465 0.0146814 0.637949 0.3465 0.0162928 0.637648 0.3465 0.0164672 0.637962 0.3465 0.0160277 0.637847 0.3465 0.0158041 0.637567 0.3465 0.0155753 0.637806 0.3465 0.0168818 0.638147 0.3465 0.0171972 0.638045 0.3465 0.0167614 0.637809 0.3465 0.0151224 0.637841 0.3465 0.0148199 0.637648 0.3465 0.0153086 0.637567 0.3465 0.0181948 0.639129 0.3465 0.0178689 0.639068 0.3465 0.0179238 0.638714 0.3465 0.0182985 0.640348 0.3465 0.0185154 0.640063 0.3465 0.0130456 0.639434 0.3465 0.0127189 0.639582 0.3465 0.0129179 0.639129 0.3465 0.0182953 0.640802 0.3465 0.0185154 0.64105 0.3465 0.0125973 0.640063 0.3465 0.0128952 0.639863 0.3465 0.0179238 0.642399 0.3465 0.0178481 0.642076 0.3465 0.0181948 0.641984 0.3465 0.0128859 0.641213 0.3465 0.0127189 0.64153 0.3465 0.0125973 0.64105 0.3465 0.0131889 0.638714 0.3465 0.013546 0.63868 0.3465 0.0132646 0.639036 0.3465 0.0185563 0.640556 0.3465 0.0171972 0.643068 0.34848 0.0109826 0.641942 0.34848 0.0118429 0.641352 0.34827 0.0110602 0.642062 0.348698 0.00730112 0.643717 0.348959 0.00817112 0.643278 0.348713 0.00819732 0.643337 0.34895 0.00722912 0.643673 0.348959 0.0117436 0.641215 0.349213 0.0117309 0.641198 0.349213 0.0125564 0.640567 0.348959 0.00910432 0.642832 0.349213 0.00909449 0.642812 0.349213 0.01 0.642321 0.348959 0.0108906 0.6418 0.349213 0.0108788 0.641782 0.348978 0.0125564 0.640591 0.348959 0.0100108 0.642339 0.349213 0.0072034 0.643658 0.349213 0.00816229 0.643258 0.348713 0.00913352 0.642889 0.348752 0.012558 0.640659 0.348542 0.0125635 0.640765 0.348713 0.0117813 0.641267 0.34835 0.0125761 0.640901 0.34827 0.0119266 0.641468 0.348179 0.0125991 0.641061 0.348086 0.01203 0.641611 0.348086 0.0111561 0.64221 0.347935 0.0112676 0.642382 0.347746 0.0101211 0.643612 0.34782 0.00952291 0.643652 0.34782 0.0104711 0.643136 0.348086 0.0102549 0.642762 0.347746 0.00816486 0.644549 0.34782 0.0085468 0.644118 0.347746 0.00915688 0.644104 0.347935 0.0103573 0.642939 0.34803 0.0126353 0.64124 0.347935 0.0121501 0.641777 0.347907 0.0126878 0.641434 0.34782 0.0122836 0.641961 0.347811 0.0127582 0.641638 0.347746 0.0128475 0.641846 0.348713 0.0109255 0.641854 0.347935 0.00941947 0.643449 0.348086 0.00932632 0.643267 0.34782 0.0113913 0.642573 0.347746 0.0119664 0.642482 0.34827 0.0101668 0.642609 0.34848 0.0100954 0.642486 0.348713 0.0100429 0.642395 0.347746 0.0110576 0.643071 0.34848 0.00918126 0.642982 0.34848 0.00824016 0.643432 0.34827 0.00924614 0.64311 0.34827 0.0082984 0.643563 0.348086 0.00837036 0.643724 0.347935 0.00845396 0.643911 0.347935 0.00785276 0.644167 0.348467 0.00740998 0.64379 0.348261 0.00754468 0.643889 0.348083 0.00769456 0.644015 0.347821 0.00801178 0.644346 0.355 -0.000915547 0.63546 0.3545 -0.000450274 0.63499 0.355 -2.95647e-06 0.6355 0.355 0.0105 0.625 0.355 0.0104596 0.625918 0.3545 0.01 0.625 0.3545 -0.001345 0.634909 0.355 -0.00182605 0.63534 0.355 -0.00271868 0.635142 0.3545 -0.00222623 0.634749 0.355 -0.00359362 0.634866 0.3545 -0.00309284 0.634509 0.3545 -0.00393064 0.634195 0.355 -0.004439 0.634515 0.355 -0.00525198 0.634092 0.3545 -0.0047411 0.633804 0.355 -0.00602425 0.6336 0.3545 -0.00550928 0.633345 0.3545 -0.00623687 0.632817 0.355 -0.00675078 0.633042 0.355 -0.00742628 0.632423 0.3545 -0.00691155 0.632227 0.355 -0.0080445 0.631748 0.3545 -0.00753214 0.631578 0.3545 -0.00809126 0.630876 0.355 -0.00860252 0.63102 0.355 -0.00909388 0.630249 0.3545 -0.00858536 0.630127 0.355 -0.00951728 0.629435 0.3545 -0.00901062 0.629336 0.3545 -0.00936276 0.628513 0.355 -0.00986706 0.62859 0.355 -0.0101428 0.627715 0.3545 -0.00964017 0.627658 0.355 -0.0103406 0.626823 0.3545 -0.0098394 0.626785 0.3545 -0.00995935 0.625899 0.355 -0.0104596 0.625918 0.355 -0.0105 0.625 0.3545 -0.01 0.625 0.3545 0.000446302 0.63499 0.3545 0.00134021 0.63491 0.355 0.000914917 0.63546 0.3545 0.00222351 0.634749 0.355 0.00182029 0.635341 0.355 0.00271697 0.635142 0.3545 0.00308773 0.634511 0.3545 0.0039295 0.634196 0.355 0.0035883 0.634868 0.3545 0.00473615 0.633807 0.355 0.00443651 0.634517 0.355 0.00524735 0.634095 0.3545 0.00550879 0.633346 0.3545 0.00623251 0.63282 0.355 0.00602132 0.633602 0.3545 0.00691 0.632228 0.355 0.00674703 0.633045 0.355 0.00742327 0.632426 0.3545 0.0075287 0.631581 0.3545 0.00808929 0.630879 0.355 0.00804173 0.631751 0.3545 0.00858301 0.630131 0.355 0.00859977 0.631024 0.355 0.00909209 0.630252 0.3545 0.00900877 0.629341 0.3545 0.00936148 0.628515 0.355 0.00951508 0.62944 0.3545 0.00963888 0.627663 0.355 0.00986612 0.628593 0.355 0.0101414 0.62772 0.3545 0.00983897 0.626787 0.3545 0.00995935 0.625899 0.355 0.0103403 0.626824 0.355 0.0103406 0.623177 0.3545 0.00995924 0.6241 0.3545 0.00983934 0.623215 0.355 0.0104596 0.624082 0.3545 0.00901093 0.620664 0.355 0.00951728 0.620565 0.3545 0.00936252 0.621487 0.3545 0.0096403 0.622343 0.355 0.00986706 0.62141 0.355 0.0101428 0.622285 0.3545 0.00809194 0.619125 0.3545 0.00753136 0.618421 0.355 0.0080445 0.618252 0.355 0.00909388 0.619751 0.3545 0.00858487 0.619872 0.355 0.00860252 0.61898 0.355 0.00602425 0.6164 0.3545 0.00623585 0.617182 0.3545 0.00551156 0.616656 0.355 0.00675078 0.616958 0.355 0.00742628 0.617577 0.3545 0.00691286 0.617775 0.3545 0.00309177 0.61549 0.355 0.00359362 0.615134 0.3545 0.00393308 0.615806 0.3545 0.00473997 0.616195 0.355 0.004439 0.615485 0.355 0.00525198 0.615908 0.3545 0.00134422 0.615091 0.3545 0.000451563 0.61501 0.355 0.000915547 0.61454 0.355 0.00271868 0.614858 0.3545 0.00222815 0.615252 0.355 0.00182605 0.61466 0.355 -0.00182029 0.614659 0.3545 -0.00133957 0.61509 0.3545 -0.00222293 0.61525 0.355 -0.000914917 0.61454 0.355 2.95647e-06 0.6145 0.3545 -0.000446524 0.61501 0.3545 -0.00473656 0.616193 0.355 -0.00443651 0.615483 0.3545 -0.00392791 0.615804 0.3545 -0.00308768 0.615489 0.355 -0.0035883 0.615132 0.355 -0.00271697 0.614858 0.3545 -0.0062332 0.617181 0.3545 -0.00690849 0.61777 0.355 -0.00674703 0.616955 0.355 -0.00524735 0.615905 0.3545 -0.00550667 0.616653 0.355 -0.00602132 0.616398 0.3545 -0.00752946 0.618419 0.355 -0.00804173 0.618249 0.355 -0.00742327 0.617574 0.355 -0.00859977 0.618976 0.3545 -0.0080883 0.61912 0.3545 -0.00858368 0.61987 0.355 -0.00909209 0.619748 0.3545 -0.00900819 0.620658 0.355 -0.00951508 0.62056 0.355 -0.00986612 0.621407 0.3545 -0.00936192 0.621485 0.3545 -0.00963859 0.622337 0.355 -0.0101414 0.62228 0.3545 -0.00983915 0.623214 0.355 -0.0103403 0.623176 0.355 -0.0104596 0.624082 0.3545 -0.00995924 0.6241 0.355 0.0076397 0.642941 0.3545 0.0072034 0.643658 0.354762 0.00688661 0.643498 0.355 0.00653764 0.643371 0.355 0.00975182 0.641886 0.3545 0.0108788 0.641782 0.3545 0.01 0.642321 0.355 0.00870985 0.642447 0.3545 0.00909449 0.642812 0.3545 0.00816229 0.643258 0.355 0.0117176 0.640587 0.354762 0.0125761 0.640213 0.3545 0.0125564 0.640567 0.3545 0.0117309 0.641198 0.355 0.0107544 0.641266 0.355 0.0126413 0.639847 0.348 0.0047411 0.633804 0.348 0.00623687 0.632817 0.348 0.00550928 0.633345 0.348 -0.01 0.625 0.348 0.0039295 0.615804 0.348 -0.00995935 0.625899 0.348 0.00901062 0.629336 0.348 0.00858536 0.630127 0.348 0.00809126 0.630876 0.348 0.00309284 0.634509 0.348 0.00691155 0.632227 0.348 0.00753214 0.631578 0.348 0.00393064 0.634195 0.348 0.00222623 0.634749 0.348 0.001345 0.634909 0.348 0.000450274 0.63499 0.348 0.00936276 0.628513 0.348 -0.000446302 0.63499 0.348 0.00964017 0.627658 0.348 0.0098394 0.626785 0.348 -0.00134021 0.63491 0.348 -0.00222351 0.634749 0.348 0.00995935 0.625899 0.348 -0.00308773 0.634511 0.348 0.01 0.625 0.348 -0.00473615 0.633807 0.348 0.00983897 0.623213 0.348 0.00995935 0.624101 0.348 -0.0039295 0.634196 0.348 0.00900877 0.620659 0.348 0.00936148 0.621485 0.348 -0.00691 0.632228 0.348 0.00963888 0.622337 0.348 -0.00550879 0.633346 0.348 -0.00623251 0.63282 0.348 0.00808929 0.619121 0.348 -0.00858301 0.630131 0.348 0.0075287 0.618419 0.348 -0.0075287 0.631581 0.348 -0.00808929 0.630879 0.348 0.00858301 0.619869 0.348 -0.00963888 0.627663 0.348 0.00550879 0.616654 0.348 0.00623251 0.61718 0.348 -0.00936148 0.628515 0.348 0.00691 0.617772 0.348 -0.00900877 0.629341 0.348 0.00308773 0.615489 0.348 0.00473615 0.616193 0.348 -0.00983897 0.626787 0.348 0.00134021 0.61509 0.348 -0.00964017 0.622342 0.348 0.000446302 0.61501 0.348 -0.00995935 0.624101 0.348 -0.0098394 0.623215 0.348 0.00222351 0.615251 0.348 -0.00309284 0.615491 0.348 -0.001345 0.615091 0.348 -0.00809126 0.619124 0.348 -0.00901062 0.620664 0.348 -0.000450274 0.61501 0.348 -0.00936276 0.621487 0.348 -0.00550928 0.616655 0.348 -0.0047411 0.616196 0.348 -0.00623687 0.617183 0.348 -0.00691155 0.617773 0.348 -0.00858536 0.619873 0.348 -0.00753214 0.618422 0.348 -0.00222623 0.615251 0.348 -0.00393064 0.615805 0.3545 -0.000450274 0.63499 0.348 -0.000446302 0.63499 0.3545 0.000446302 0.63499 0.348 0.01 0.625 0.3545 0.00995924 0.6241 0.3545 0.01 0.625 0.348 -0.00134021 0.63491 0.3545 -0.001345 0.634909 0.3545 -0.00222623 0.634749 0.348 -0.00222351 0.634749 0.3545 -0.00309284 0.634509 0.348 -0.00308773 0.634511 0.348 -0.0039295 0.634196 0.3545 -0.00393064 0.634195 0.3545 -0.0047411 0.633804 0.348 -0.00473615 0.633807 0.3545 -0.00550928 0.633345 0.348 -0.00550879 0.633346 0.348 -0.00623251 0.63282 0.3545 -0.00623687 0.632817 0.3545 -0.00691155 0.632227 0.348 -0.00691 0.632228 0.3545 -0.00753214 0.631578 0.348 -0.0075287 0.631581 0.348 -0.00808929 0.630879 0.3545 -0.00809126 0.630876 0.3545 -0.00858536 0.630127 0.348 -0.00858301 0.630131 0.3545 -0.00901062 0.629336 0.348 -0.00900877 0.629341 0.348 -0.00936148 0.628515 0.3545 -0.00936276 0.628513 0.3545 -0.00964017 0.627658 0.348 -0.00963888 0.627663 0.3545 -0.0098394 0.626785 0.348 -0.00983897 0.626787 0.348 -0.00995935 0.625899 0.3545 -0.00995935 0.625899 0.348 -0.01 0.625 0.3545 -0.01 0.625 0.348 0.000450274 0.63499 0.348 0.001345 0.634909 0.3545 0.00134021 0.63491 0.348 0.00222623 0.634749 0.3545 0.00222351 0.634749 0.3545 0.00308773 0.634511 0.348 0.00309284 0.634509 0.348 0.00393064 0.634195 0.3545 0.0039295 0.634196 0.348 0.0047411 0.633804 0.3545 0.00473615 0.633807 0.3545 0.00550879 0.633346 0.348 0.00550928 0.633345 0.348 0.00623687 0.632817 0.3545 0.00623251 0.63282 0.348 0.00691155 0.632227 0.3545 0.00691 0.632228 0.3545 0.0075287 0.631581 0.348 0.00753214 0.631578 0.348 0.00809126 0.630876 0.3545 0.00808929 0.630879 0.348 0.00858536 0.630127 0.3545 0.00858301 0.630131 0.3545 0.00900877 0.629341 0.348 0.00901062 0.629336 0.348 0.00936276 0.628513 0.3545 0.00936148 0.628515 0.348 0.00964017 0.627658 0.3545 0.00963888 0.627663 0.3545 0.00983897 0.626787 0.348 0.0098394 0.626785 0.348 0.00995935 0.625899 0.3545 0.00995935 0.625899 0.348 0.00983897 0.623213 0.3545 0.00983934 0.623215 0.348 0.00995935 0.624101 0.348 0.00900877 0.620659 0.3545 0.00901093 0.620664 0.348 0.00936148 0.621485 0.348 0.00963888 0.622337 0.3545 0.00936252 0.621487 0.3545 0.0096403 0.622343 0.348 0.00808929 0.619121 0.348 0.0075287 0.618419 0.3545 0.00753136 0.618421 0.3545 0.00858487 0.619872 0.348 0.00858301 0.619869 0.3545 0.00809194 0.619125 0.3545 0.00551156 0.616656 0.348 0.00623251 0.61718 0.348 0.00550879 0.616654 0.3545 0.00623585 0.617182 0.3545 0.00691286 0.617775 0.348 0.00691 0.617772 0.348 0.00308773 0.615489 0.3545 0.00309177 0.61549 0.348 0.0039295 0.615804 0.348 0.00473615 0.616193 0.3545 0.00393308 0.615806 0.3545 0.00473997 0.616195 0.348 0.00134021 0.61509 0.348 0.000446302 0.61501 0.3545 0.000451563 0.61501 0.3545 0.00222815 0.615252 0.348 0.00222351 0.615251 0.3545 0.00134422 0.615091 0.3545 -0.00222293 0.61525 0.348 -0.001345 0.615091 0.348 -0.00222623 0.615251 0.3545 -0.00133957 0.61509 0.3545 -0.000446524 0.61501 0.348 -0.000450274 0.61501 0.348 -0.0047411 0.616196 0.3545 -0.00473656 0.616193 0.348 -0.00393064 0.615805 0.348 -0.00309284 0.615491 0.3545 -0.00392791 0.615804 0.3545 -0.00308768 0.615489 0.348 -0.00623687 0.617183 0.348 -0.00691155 0.617773 0.3545 -0.00690849 0.61777 0.3545 -0.00550667 0.616653 0.348 -0.00550928 0.616655 0.3545 -0.0062332 0.617181 0.348 -0.00753214 0.618422 0.3545 -0.0080883 0.61912 0.3545 -0.00752946 0.618419 0.3545 -0.00858368 0.61987 0.348 -0.00809126 0.619124 0.348 -0.00858536 0.619873 0.3545 -0.00900819 0.620658 0.348 -0.00901062 0.620664 0.3545 -0.00936192 0.621485 0.3545 -0.00963859 0.622337 0.348 -0.00936276 0.621487 0.348 -0.00964017 0.622342 0.3545 -0.00983915 0.623214 0.348 -0.0098394 0.623215 0.3545 -0.00995924 0.6241 0.348 -0.00995935 0.624101 0.355 -0.000613714 0.643174 0.355 -2.16276e-06 0.6445 0.355 -0.00118042 0.644464 0.355 0.00916408 0.612328 0.355 0.0024659 0.609662 0.355 0.00607937 0.606725 0.355 0.0125043 0.63823 0.355 0.0130004 0.638986 0.355 0.0121412 0.638426 0.355 0.00561172 0.643252 0.355 0.0025 0.64075 0.355 0.0024659 0.640338 0.355 0.0133356 0.634947 0.355 0.0162663 0.635754 0.355 0.0135015 0.635325 0.355 0.0139856 0.638 0.355 0.0136071 0.638276 0.355 0.0131098 0.637672 0.355 0.0155867 0.636718 0.355 0.0136369 0.636137 0.355 0.0136028 0.635725 0.355 0.0174467 0.63371 0.355 0.0128301 0.634298 0.355 0.017941 0.63264 0.355 0.0182752 0.631079 0.355 0.0183714 0.631538 0.355 0.0128301 0.637976 0.355 0.0133356 0.637327 0.355 0.0144025 0.637787 0.355 0.0136028 0.636548 0.355 0.0148475 0.637641 0.355 0.0135015 0.636949 0.355 0.00236454 0.641562 0.355 0.00469378 0.643422 0.355 0.00426585 0.643612 0.355 0.00219868 0.63956 0.355 0.00877239 0.636949 0.355 0.00236454 0.639938 0.355 0.00514608 0.643301 0.355 0.00893825 0.637327 0.355 0.00916408 0.637672 0.355 0.00870985 0.642447 0.355 0.00944373 0.637976 0.355 0.00976956 0.63823 0.355 0.00975182 0.641886 0.355 0.0101327 0.638426 0.355 0.0024659 0.641162 0.355 0.0109305 0.638628 0.355 0.0117176 0.640587 0.355 0.0107544 0.641266 0.355 0.00607937 0.643275 0.355 0.0076397 0.642941 0.355 0.00653764 0.643371 0.355 0.00219868 0.64194 0.355 0.00387272 0.643867 0.355 0.00352395 0.644179 0.355 0.00197285 0.642286 0.355 -0.000206448 0.643241 0.355 0.000206448 0.643241 0.355 -0.00235435 0.644357 0.355 -0.00136737 0.642843 0.355 -0.00236454 0.641562 0.355 -0.00426585 0.643612 0.355 -0.00469378 0.643422 0.355 -0.00197285 0.642286 0.355 -0.00352395 0.644179 0.355 -0.0024659 0.641162 0.355 0.00136737 0.642843 0.355 0.0016932 0.642589 0.355 0.00235435 0.644357 0.355 0.00118042 0.644464 0.355 -0.00387272 0.643867 0.355 -0.00219868 0.64194 0.355 -0.00514608 0.643301 0.355 0.000613714 0.643174 0.355 0.00100424 0.643039 0.355 -0.0151363 0.627424 0.355 -0.0121412 0.633847 0.355 -0.0125043 0.634044 0.355 0.0113434 0.638628 0.355 -0.0117176 0.640587 0.355 -0.0109305 0.638628 0.355 -0.0107544 0.641266 0.355 -0.0121412 0.638426 0.355 -0.0127871 0.639403 0.355 -0.0130004 0.638986 0.355 -0.0131098 0.637672 0.355 -0.0136071 0.638276 0.355 -0.0139856 0.638 0.355 -0.00975182 0.641886 0.355 -0.00944373 0.637976 0.355 -0.00870985 0.642447 0.355 -0.00653764 0.643371 0.355 -0.0076397 0.642941 0.355 -0.00607937 0.643275 0.355 -0.0117506 0.63856 0.355 -0.0128301 0.637976 0.355 -0.0132759 0.638607 0.355 -0.00916408 0.637672 0.355 -0.00976956 0.63823 0.355 0.00100424 0.638461 0.355 0.000914917 0.63546 0.355 0.00182029 0.635341 0.355 -0.0185966 0.629295 0.355 -0.0171174 0.627093 0.355 -0.0167542 0.627289 0.355 -0.00136737 0.638657 0.355 -0.00271868 0.635142 0.355 -0.00182605 0.63534 0.355 -0.0162663 0.635754 0.355 -0.0135015 0.635325 0.355 -0.0136028 0.635725 0.355 -0.0182895 0.630211 0.355 -0.0155436 0.627491 0.355 -0.0182504 0.630694 0.355 -0.0184059 0.62974 0.355 -0.0159564 0.627491 0.355 -0.0155867 0.636718 0.355 -0.0136028 0.636548 0.355 -0.0148475 0.637641 0.355 -0.0136369 0.636137 0.355 -0.017941 0.63264 0.355 -0.0182808 0.63112 0.355 -0.0163637 0.627424 0.355 -0.0183714 0.631538 0.355 -0.0182159 0.625412 0.355 -0.0194642 0.62618 0.355 -0.0194999 0.624998 0.355 -0.0113434 0.633645 0.355 -0.00909388 0.630249 0.355 -0.0109305 0.633645 0.355 0.000206448 0.611741 0.355 0.000915547 0.61454 0.355 2.95647e-06 0.6145 0.355 -0.0184059 0.62026 0.355 -0.0182895 0.619789 0.355 -0.0159564 0.622509 0.355 -0.00859977 0.618976 0.355 -0.0105232 0.616287 0.355 -0.0101327 0.616153 0.355 -0.0181145 0.625812 0.355 -0.0177229 0.626536 0.355 -0.0174432 0.626839 0.355 -0.0193573 0.627354 0.355 -0.0155436 0.622509 0.355 -0.0113434 0.616355 0.355 -0.0109305 0.616355 0.355 -0.00909209 0.619748 0.355 -0.0188565 0.621114 0.355 -0.0185966 0.620705 0.355 -0.0171174 0.622907 0.355 -0.017941 0.61736 0.355 -0.0182808 0.61888 0.355 -0.0183714 0.618462 0.355 -0.0125043 0.615956 0.355 -0.0182504 0.619306 0.355 -0.00951508 0.62056 0.355 -0.0136071 0.611724 0.355 -0.0128301 0.612024 0.355 -0.0131098 0.612328 0.355 0.0148475 0.612359 0.355 0.0136028 0.613452 0.355 0.0144025 0.612213 0.355 -0.0168863 0.615248 0.355 -0.0162663 0.614246 0.355 -0.0133356 0.615053 0.355 -0.0136028 0.614275 0.355 -0.0135015 0.614675 0.355 -0.0148475 0.612359 0.355 -0.0136028 0.613452 0.355 -0.0155867 0.613282 0.355 -0.0135015 0.613051 0.355 -0.0144025 0.612213 0.355 -0.0139856 0.612 0.355 -0.0133356 0.612673 0.355 -0.0136369 0.613863 0.355 0.0135015 0.613051 0.355 0.0133356 0.612673 0.355 -0.00561172 0.606748 0.355 -0.00514608 0.606699 0.355 -0.0025 0.60925 0.355 0.0121412 0.616153 0.355 0.0125043 0.615956 0.355 0.0151363 0.622576 0.355 -0.00197285 0.610786 0.355 -0.00271697 0.614858 0.355 -0.0035883 0.615132 0.355 -0.00893825 0.612673 0.355 -0.0024659 0.609662 0.355 -0.00236454 0.610062 0.355 -0.00976956 0.61177 0.355 -0.0101327 0.611574 0.355 -0.00974808 0.608112 0.355 -0.00944373 0.612024 0.355 -0.00870985 0.607553 0.355 -0.00916408 0.612328 0.355 -0.0107544 0.608734 0.355 -0.0109305 0.611372 0.355 -0.0117176 0.609413 0.355 -0.00443651 0.615483 0.355 -0.00219868 0.61044 0.355 -0.00653764 0.606629 0.355 -0.00607937 0.606725 0.355 -0.0076397 0.607059 0.355 0.0131098 0.612328 0.355 0.0139856 0.612 0.355 -0.00100424 0.611539 0.355 -0.000914917 0.61454 0.355 -0.00182029 0.614659 0.355 0.00236454 0.608438 0.355 0.00219868 0.60806 0.355 0.00426585 0.606388 0.355 0.0101327 0.616153 0.355 0.00860252 0.61898 0.355 0.0080445 0.618252 0.355 -0.000206448 0.606759 0.355 -0.000613714 0.606826 0.355 2.16276e-06 0.6055 0.355 0.00197285 0.607714 0.355 0.00235435 0.605643 0.355 0.00352395 0.605821 0.355 0.00514608 0.606699 0.355 0.0024659 0.608838 0.355 0.00469378 0.606578 0.355 -0.00118042 0.605536 0.355 -0.00136737 0.607157 0.355 -0.00235435 0.605643 0.355 -0.0016932 0.607411 0.355 0.0025 0.60925 0.355 0.00561172 0.606748 0.355 0.00387272 0.606133 0.355 0.0131098 0.634601 0.355 0.0168863 0.634752 0.355 0.0117506 0.61144 0.355 0.0113434 0.611372 0.355 0.0126413 0.610153 0.355 -0.00352395 0.605821 0.355 -0.00197285 0.607714 0.355 -0.00387272 0.606133 0.355 0.0101327 0.611574 0.355 0.00975182 0.608114 0.355 0.0107544 0.608734 0.355 0.0136071 0.611724 0.355 0.00944373 0.612024 0.355 0.00976956 0.61177 0.355 0.00870985 0.607553 0.355 0.0125043 0.61177 0.355 0.0121412 0.611574 0.355 0.0130004 0.611014 0.355 0.0076397 0.607059 0.355 0.00653764 0.606629 0.355 0.0128301 0.612024 0.355 0.0132759 0.611393 0.355 0.0117176 0.609413 0.355 0.0109305 0.611372 0.355 0.0127871 0.610597 0.355 0.0136028 0.614275 0.355 0.0155867 0.613282 0.355 0.0162663 0.614246 0.355 0.0128301 0.615702 0.355 0.017941 0.61736 0.355 0.00271697 0.635142 0.355 0.0016932 0.638911 0.355 0.00136737 0.638657 0.355 -0.00469378 0.606578 0.355 -0.0024659 0.608838 0.355 0.0168885 0.615252 0.355 0.0133356 0.615053 0.355 0.0159564 0.622509 0.355 0.018422 0.620306 0.355 0.0163637 0.622576 0.355 0.0131098 0.615399 0.355 0.0174467 0.61629 0.355 0.0188665 0.621127 0.355 0.0191789 0.621476 0.355 0.0174432 0.623161 0.355 0.0183714 0.618462 0.355 0.0182752 0.618921 0.355 0.0167542 0.622711 0.355 0.0155436 0.622509 0.355 0.0182515 0.619388 0.355 0.0132759 0.638607 0.355 0.0182159 0.625412 0.355 0.0194999 0.625002 0.355 0.0194642 0.62618 0.355 0.0125043 0.634044 0.355 0.0182515 0.630612 0.355 0.0147458 0.622711 0.355 0.0143826 0.622907 0.355 0.00986706 0.62141 0.355 0.0136369 0.613863 0.355 0.0179487 0.62381 0.355 0.0194642 0.62382 0.355 0.0181145 0.624188 0.355 0.0182159 0.624588 0.355 0.0177229 0.623464 0.355 0.0193573 0.622646 0.355 0.0151363 0.627424 0.355 0.0155436 0.627491 0.355 0.0183008 0.630146 0.355 0.0159564 0.627491 0.355 0.018422 0.629694 0.355 0.0109305 0.633645 0.355 0.0105232 0.633713 0.355 0.00859977 0.631024 0.355 0.0171174 0.627093 0.355 0.0188665 0.628873 0.355 0.0186121 0.629266 0.355 -0.0025 0.64075 0.355 -0.00561172 0.643252 0.355 -0.0016932 0.642589 0.355 -0.00100424 0.643039 0.355 0.0035883 0.634868 0.355 0.00197285 0.639214 0.355 0.00443651 0.634517 0.355 0.0117506 0.63856 0.355 0.0126413 0.639847 0.355 -0.0113434 0.611372 0.355 0.0179487 0.62619 0.355 0.0193573 0.627354 0.355 0.00675078 0.616958 0.355 0.00893825 0.615053 0.355 0.00916408 0.615399 0.355 -0.00426585 0.606388 0.355 -0.00219868 0.60806 0.355 -0.00236454 0.608438 0.355 0.00271868 0.614858 0.355 0.0016932 0.611089 0.355 0.00197285 0.610786 0.355 -0.0128301 0.615702 0.355 -0.0024659 0.640338 0.355 -0.0133356 0.637327 0.355 -0.0126413 0.639847 0.355 -0.0125043 0.63823 0.355 -0.0101327 0.638426 0.355 -0.0105232 0.63856 0.355 0.00877239 0.613051 0.355 0.00236454 0.610062 0.355 0.00893825 0.612673 0.355 0.0135513 0.62381 0.355 0.0133855 0.624188 0.355 0.0103406 0.623177 0.355 -0.0126413 0.610153 0.355 -0.0117506 0.61144 0.355 0.00877239 0.635325 0.355 0.00602132 0.633602 0.355 0.00674703 0.633045 0.355 -0.0105232 0.633713 0.355 -0.00860252 0.63102 0.355 0.00524735 0.634095 0.355 0.00867103 0.635725 0.355 0.00951508 0.62944 0.355 0.0113434 0.633645 0.355 0.00909209 0.630252 0.355 0.00804173 0.631751 0.355 0.00976956 0.634044 0.355 0.00742327 0.632426 0.355 0.0101327 0.633847 0.355 0.0186121 0.620734 0.355 0.0171174 0.622907 0.355 0.0183008 0.619854 0.355 0.0135015 0.614675 0.355 0.0105232 0.61144 0.355 0.00863693 0.613863 0.355 0.00525198 0.615908 0.355 0.00867103 0.613452 0.355 0.00944373 0.615702 0.355 0.00742628 0.617577 0.355 0.00602425 0.6164 0.355 0.00867103 0.614275 0.355 0.00877239 0.614675 0.355 0.00976956 0.615956 0.355 -0.00742628 0.632423 0.355 -0.00944373 0.634298 0.355 -0.00976956 0.634044 0.355 -0.000613714 0.611674 0.355 -0.000206448 0.611741 0.355 0.00118042 0.605536 0.355 0.00136737 0.607157 0.355 -0.0174467 0.61629 0.355 -0.0131098 0.615399 0.355 -0.0121412 0.611574 0.355 -0.0130004 0.611014 0.355 -0.0127871 0.610597 0.355 -0.0125043 0.61177 0.355 -0.0167542 0.622711 0.355 -0.0151363 0.622576 0.355 -0.0121412 0.616153 0.355 0.00909388 0.619751 0.355 0.0109305 0.616355 0.355 0.0113434 0.616355 0.355 0.004439 0.615485 0.355 0.00219868 0.61044 0.355 0.0016932 0.607411 0.355 0.000613714 0.606826 0.355 0.00100424 0.606961 0.355 0.000206448 0.606759 0.355 -0.00100424 0.606961 0.355 0.00136737 0.611343 0.355 0.00182605 0.61466 0.355 -0.00742327 0.617574 0.355 -0.00804173 0.618249 0.355 -0.00976956 0.615956 0.355 -0.00867103 0.614275 0.355 -0.00524735 0.615905 0.355 -0.00602132 0.616398 0.355 -0.0181145 0.624188 0.355 -0.0182159 0.624588 0.355 -0.0194642 0.62382 0.355 -0.0179487 0.62619 0.355 -0.0188565 0.628886 0.355 -0.0191789 0.628524 0.355 -0.0137771 0.626536 0.355 -0.0135513 0.62619 0.355 -0.0103406 0.626823 0.355 0.00100424 0.611539 0.355 -0.00136737 0.611343 0.355 -0.0016932 0.611089 0.355 -0.00877239 0.613051 0.355 -0.0105232 0.61144 0.355 -0.0132759 0.611393 0.355 -0.01825 0.625 0.355 -0.00877239 0.614675 0.355 -0.0101428 0.627715 0.355 -0.0128301 0.634298 0.355 -0.0131098 0.634601 0.355 -0.0174467 0.63371 0.355 -0.00863693 0.613863 0.355 -0.00867103 0.613452 0.355 -0.0144025 0.637787 0.355 -0.0132841 0.624588 0.355 -0.0104596 0.624082 0.355 -0.0105 0.625 0.355 -0.0103403 0.623176 0.355 -0.0135513 0.62381 0.355 -0.0137771 0.623464 0.355 -0.0133855 0.624188 0.355 0.0105232 0.616287 0.355 -0.004439 0.634515 0.355 -0.00877239 0.636949 0.355 -0.00867103 0.636548 0.355 -0.00236454 0.639938 0.355 -0.00893825 0.637327 0.355 -0.00525198 0.634092 0.355 -0.00863693 0.636137 0.355 -0.00877239 0.635325 0.355 -0.00893825 0.634947 0.355 -0.00675078 0.633042 0.355 -0.00916408 0.615399 0.355 -0.00674703 0.616955 0.355 -0.0147458 0.622711 0.355 -0.0117506 0.616287 0.355 -0.0163637 0.622576 0.355 -0.0193573 0.622646 0.355 -0.0191789 0.621476 0.355 -0.0174432 0.623161 0.355 -0.0177229 0.623464 0.355 -0.0179487 0.62381 0.355 -0.0135015 0.636949 0.355 -0.0113434 0.638628 0.355 -0.0133855 0.625812 0.355 -0.0104596 0.625918 0.355 -0.00219868 0.63956 0.355 -0.0140568 0.623161 0.355 -0.0101414 0.62228 0.355 -0.00602425 0.6336 0.355 -0.00867103 0.635725 0.355 -0.00986612 0.621407 0.355 -0.00916408 0.634601 0.355 -0.0080445 0.631748 0.355 -0.0101327 0.633847 0.355 0.00951728 0.620565 0.355 -0.0132841 0.625412 0.355 -0.01325 0.625 0.355 -0.0140568 0.626839 0.355 -0.0147458 0.627289 0.355 -0.0117506 0.633713 0.355 -0.0143826 0.627093 0.355 -0.00986706 0.62859 0.355 -0.0168885 0.634748 0.355 -0.0133356 0.634947 0.355 0.0127871 0.639403 0.355 0.0105232 0.63856 0.355 0.0167542 0.627289 0.355 0.0121412 0.633847 0.355 0.0103403 0.626824 0.355 0.0135513 0.62619 0.355 0.0137771 0.626536 0.355 0.0140568 0.626839 0.355 0.0143826 0.627093 0.355 0.00986612 0.628593 0.355 -0.0016932 0.638911 0.355 -0.00197285 0.639214 0.355 0.0101428 0.622285 0.355 0.0137771 0.623464 0.355 0.0132841 0.624588 0.355 0.0104596 0.624082 0.355 0.0104596 0.625918 0.355 0.0133855 0.625812 0.355 0.00863693 0.636137 0.355 0.00867103 0.636548 0.355 -0.00100424 0.638461 0.355 -0.000206448 0.638259 0.355 -0.000915547 0.63546 0.355 -2.95647e-06 0.6355 0.355 0.000206448 0.638259 0.355 0.000613714 0.638326 0.355 0.0191789 0.628524 0.355 0.0174432 0.626839 0.355 0.00916408 0.634601 0.355 0.01825 0.625 0.355 0.0147458 0.627289 0.355 0.0117506 0.633713 0.355 0.0163637 0.627424 0.355 0.0177229 0.626536 0.355 0.0181145 0.625812 0.355 0.0140568 0.623161 0.355 0.0117506 0.616287 0.355 0.01325 0.625 0.355 0.0105 0.625 0.355 0.0132841 0.625412 0.355 -0.00951728 0.629435 0.355 0.00359362 0.615134 0.355 0.000613714 0.611674 0.355 -0.00893825 0.615053 0.355 -0.0143826 0.622907 0.355 -0.00944373 0.615702 0.355 -0.00359362 0.634866 0.355 -0.000613714 0.638326 0.355 0.00893825 0.634947 0.355 0.00944373 0.634298 0.355 0.0101414 0.62772 0.3545 0.00909449 0.642812 0.349213 0.00909449 0.642812 0.349213 0.00816229 0.643258 0.349213 0.0072034 0.643658 0.3545 0.0072034 0.643658 0.3545 0.00816229 0.643258 0.349213 0.0108788 0.641782 0.3545 0.0117309 0.641198 0.349213 0.0117309 0.641198 0.3545 0.0108788 0.641782 0.349213 0.01 0.642321 0.3545 0.01 0.642321 0.349213 0.0125564 0.640567 0.3545 0.0125564 0.640567 0.344 -0.024839 0.62783 0.339 -0.0249589 0.626422 0.339 -0.024839 0.62783 0.339 -0.025 0.625 0.344 -0.0249589 0.626422 0.344 -0.025 0.625 0.339 -0.0243596 0.630619 0.339 -0.0240034 0.631987 0.344 -0.0240069 0.631974 0.344 -0.024363 0.630606 0.344 -0.0246404 0.629225 0.339 -0.0246404 0.629225 0.344 -0.0224829 0.635931 0.339 -0.0230595 0.634655 0.339 -0.0224773 0.635943 0.344 -0.0230651 0.634643 0.344 -0.0235719 0.633328 0.339 -0.0235719 0.633328 0.339 -0.0203046 0.639585 0.344 -0.0203121 0.639573 0.339 -0.021096 0.638414 0.339 -0.0218254 0.637192 0.344 -0.0211036 0.638402 0.344 -0.0218254 0.637192 0.339 -0.0185257 0.641786 0.339 -0.0175477 0.642806 0.344 -0.0175571 0.642797 0.344 -0.0194509 0.640706 0.339 -0.0194509 0.640706 0.344 -0.0185351 0.641776 0.344 -0.0142969 0.645508 0.339 -0.0154224 0.644675 0.339 -0.014286 0.645516 0.344 -0.0154333 0.644667 0.344 -0.0165169 0.643767 0.339 -0.0165169 0.643767 0.339 -0.0106133 0.647635 0.344 -0.0106254 0.647629 0.339 -0.0118754 0.646999 0.339 -0.0131077 0.646288 0.344 -0.0118875 0.646993 0.344 -0.0131077 0.646288 0.339 -0.00798677 0.648689 0.339 -0.00663529 0.649103 0.344 -0.00664825 0.649099 0.344 -0.00932141 0.648197 0.339 -0.00932141 0.648197 0.344 -0.00799973 0.648685 0.344 -0.00247985 0.649876 0.339 -0.00386839 0.649698 0.339 -0.00246641 0.649878 0.344 -0.00388183 0.649697 0.344 -0.00526698 0.649439 0.339 -0.00526698 0.649439 0.339 0.00177344 0.649937 0.344 0.0017599 0.649937 0.339 0.000361279 0.649997 0.339 -0.00106103 0.649978 0.344 0.000347737 0.649997 0.344 -0.00106103 0.649978 0.339 0.00458055 0.649576 0.339 0.00596226 0.649278 0.344 0.00594901 0.649281 0.344 0.00317545 0.649797 0.339 0.00317545 0.649797 0.344 0.0045673 0.649579 0.344 0.00996699 0.647927 0.339 0.00866805 0.648448 0.339 0.00997956 0.647922 0.344 0.00865548 0.648454 0.344 0.00732057 0.648904 0.339 0.00732057 0.648904 0.339 0.0137098 0.645905 0.344 0.0136982 0.645912 0.339 0.0125062 0.646646 0.339 0.0112551 0.647323 0.344 0.0124946 0.646653 0.344 0.0112551 0.647323 0.339 0.0159845 0.644221 0.339 0.0170456 0.643288 0.344 0.0170354 0.643296 0.344 0.0148658 0.6451 0.339 0.0148658 0.6451 0.344 0.0159744 0.64423 0.344 0.0198825 0.640154 0.339 0.0190031 0.641244 0.339 0.019891 0.640144 0.344 0.0189945 0.641254 0.344 0.0180489 0.642298 0.339 0.0180489 0.642298 0.339 0.0221642 0.636564 0.344 0.0221576 0.636576 0.339 0.0214749 0.637798 0.339 0.0207127 0.638999 0.344 0.0214683 0.63781 0.344 0.0207127 0.638999 0.339 0.0233289 0.633985 0.339 0.0237998 0.632652 0.344 0.0237953 0.632665 0.344 0.0227807 0.635298 0.339 0.0227807 0.635298 0.344 0.0233244 0.633998 0.344 0.0247484 0.628533 0.339 0.0245118 0.629913 0.339 0.0247507 0.62852 0.344 0.0245095 0.629927 0.344 0.0241933 0.631299 0.339 0.0241933 0.631299 0.339 0.0249896 0.624286 0.344 0.0249896 0.6243 0.339 0.0249896 0.6257 0.339 0.0249099 0.62712 0.344 0.0249896 0.625714 0.344 0.0249099 0.62712 0.339 0.0247484 0.621467 0.339 0.0245095 0.620073 0.344 0.0245118 0.620087 0.344 0.0249099 0.62288 0.339 0.0249099 0.62288 0.344 0.0247507 0.62148 0.344 0.0233289 0.616015 0.339 0.0237953 0.617335 0.339 0.0233244 0.616002 0.344 0.0237998 0.617348 0.344 0.0241933 0.618701 0.339 0.0241933 0.618701 0.339 0.0214683 0.61219 0.344 0.0214749 0.612202 0.339 0.0221576 0.613424 0.339 0.0227807 0.614702 0.344 0.0221642 0.613436 0.344 0.0227807 0.614702 0.339 0.0198825 0.609846 0.339 0.0189945 0.608746 0.344 0.0190031 0.608756 0.344 0.0207127 0.611001 0.339 0.0207127 0.611001 0.344 0.019891 0.609856 0.344 0.0159845 0.605779 0.339 0.0170354 0.606704 0.339 0.0159744 0.60577 0.344 0.0170456 0.606712 0.344 0.0180489 0.607702 0.339 0.0180489 0.607702 0.339 0.0124946 0.603347 0.344 0.0125062 0.603354 0.339 0.0136982 0.604088 0.339 0.0148658 0.6049 0.344 0.0137098 0.604095 0.344 0.0148658 0.6049 0.339 0.00996699 0.602073 0.339 0.00865548 0.601546 0.344 0.00866805 0.601552 0.344 0.0112551 0.602677 0.339 0.0112551 0.602677 0.344 0.00997956 0.602078 0.344 0.00458055 0.600424 0.339 0.00594901 0.600719 0.339 0.0045673 0.600421 0.344 0.00596226 0.600722 0.344 0.00732057 0.601096 0.339 0.00732057 0.601096 0.339 0.000347737 0.600003 0.344 0.000361279 0.600003 0.339 0.0017599 0.600063 0.339 0.00317545 0.600203 0.344 0.00177344 0.600063 0.344 0.00317545 0.600203 0.344 -0.00246641 0.600122 0.344 -0.00106103 0.600022 0.339 -0.00106103 0.600022 0.339 -0.00247985 0.600124 0.344 -0.00386839 0.600302 0.339 -0.00388183 0.600303 0.344 -0.00526698 0.600561 0.344 -0.00663529 0.600897 0.339 -0.00526698 0.600561 0.339 -0.00664825 0.600901 0.344 -0.00798677 0.601311 0.339 -0.00799973 0.601315 0.344 -0.00932141 0.601803 0.344 -0.0106133 0.602365 0.339 -0.00932141 0.601803 0.339 -0.0106254 0.602371 0.344 -0.0118754 0.603001 0.339 -0.0118875 0.603007 0.344 -0.0131077 0.603712 0.344 -0.014286 0.604484 0.339 -0.0131077 0.603712 0.339 -0.0142969 0.604492 0.344 -0.0154224 0.605325 0.339 -0.0154333 0.605333 0.344 -0.0165169 0.606233 0.344 -0.0175477 0.607194 0.339 -0.0165169 0.606233 0.339 -0.0175571 0.607203 0.344 -0.0185257 0.608214 0.339 -0.0185351 0.608224 0.344 -0.0194509 0.609294 0.344 -0.0203046 0.610415 0.339 -0.0194509 0.609294 0.339 -0.0203121 0.610427 0.344 -0.021096 0.611586 0.339 -0.0211036 0.611598 0.344 -0.0218254 0.612808 0.344 -0.0224773 0.614057 0.339 -0.0218254 0.612808 0.339 -0.0224829 0.614069 0.344 -0.0230595 0.615345 0.339 -0.0230651 0.615357 0.344 -0.0235719 0.616672 0.344 -0.0240034 0.618013 0.339 -0.0235719 0.616672 0.339 -0.0240069 0.618026 0.344 -0.0243596 0.619381 0.339 -0.024363 0.619394 0.344 -0.0246404 0.620775 0.344 -0.024839 0.62217 0.339 -0.0246404 0.620775 0.339 -0.024839 0.62217 0.344 -0.0249589 0.623578 0.339 -0.0249589 0.623578 0.344 -0.00664825 0.649099 0.344 -0.0106254 0.647629 0.344 -0.00799973 0.648685 0.344 0.0237953 0.632665 0.344 -0.00663529 0.600897 0.344 -0.00798677 0.601311 0.344 -0.0185351 0.641776 0.344 -0.0175571 0.642797 0.344 -0.0203121 0.639573 0.344 -0.0142969 0.645508 0.344 -0.0154333 0.644667 0.344 -0.0240069 0.631974 0.344 -0.0230651 0.634643 0.344 -0.0224829 0.635931 0.344 -0.0235719 0.633328 0.344 -0.0211036 0.638402 0.344 -0.0218254 0.637192 0.344 -0.0194509 0.640706 0.344 -0.0165169 0.643767 0.344 -0.0118875 0.646993 0.344 -0.0131077 0.646288 0.344 -0.00932141 0.648197 0.344 -0.024363 0.630606 0.344 -0.00526698 0.649439 0.344 -0.00388183 0.649697 0.344 -0.0246404 0.629225 0.344 -0.00247985 0.649876 0.344 -0.0249589 0.626422 0.344 -0.024839 0.62783 0.344 0.000347737 0.649997 0.344 -0.00106103 0.649978 0.344 -0.0249589 0.623578 0.344 0.0017599 0.649937 0.344 0.0045673 0.649579 0.344 -0.0243596 0.619381 0.344 -0.0246404 0.620775 0.344 -0.024839 0.62217 0.344 -0.0230595 0.615345 0.344 0.00996699 0.647927 0.344 -0.0224773 0.614057 0.344 -0.0240034 0.618013 0.344 0.00594901 0.649281 0.344 0.00732057 0.648904 0.344 -0.0218254 0.612808 0.344 0.0124946 0.646653 0.344 -0.021096 0.611586 0.344 0.0112551 0.647323 0.344 0.0159744 0.64423 0.344 -0.0185257 0.608214 0.344 -0.0194509 0.609294 0.344 -0.0203046 0.610415 0.344 -0.0154224 0.605325 0.344 0.0198825 0.640154 0.344 -0.014286 0.604484 0.344 -0.0175477 0.607194 0.344 0.0170354 0.643296 0.344 0.0180489 0.642298 0.344 -0.0131077 0.603712 0.344 0.0214683 0.63781 0.344 -0.0118754 0.603001 0.344 0.0207127 0.638999 0.344 0.0233244 0.633998 0.344 -0.00932141 0.601803 0.344 -0.0106133 0.602365 0.344 -0.00386839 0.600302 0.344 0.0247484 0.628533 0.344 -0.00246641 0.600122 0.344 0.0241933 0.631299 0.344 0.000361279 0.600003 0.344 -0.00106103 0.600022 0.344 0.0249099 0.62712 0.344 0.00458055 0.600424 0.344 0.0245118 0.620087 0.344 0.00596226 0.600722 0.344 0.0247507 0.62148 0.344 0.00866805 0.601552 0.344 0.00732057 0.601096 0.344 0.0233289 0.616015 0.344 0.0125062 0.603354 0.344 0.0180489 0.607702 0.344 0.0170456 0.606712 0.344 0.0190031 0.608756 0.344 0.0137098 0.604095 0.344 0.0159845 0.605779 0.344 0.0148658 0.6049 0.344 0.019891 0.609856 0.344 0.0214749 0.612202 0.344 0.0207127 0.611001 0.344 0.00317545 0.600203 0.344 0.00177344 0.600063 0.344 0.0237998 0.617348 0.344 0.0249896 0.6243 0.344 0.0249099 0.62288 0.344 0.0221642 0.613436 0.344 0.0241933 0.618701 0.344 0.0227807 0.614702 0.344 0.00997956 0.602078 0.344 0.0112551 0.602677 0.344 0.0249896 0.625714 0.344 -0.00526698 0.600561 0.344 0.0245095 0.629927 0.344 0.0221576 0.636576 0.344 0.0227807 0.635298 0.344 0.0189945 0.641254 0.344 -0.0165169 0.606233 0.344 0.0148658 0.6451 0.344 0.0136982 0.645912 0.344 0.00865548 0.648454 0.344 -0.0235719 0.616672 0.344 0.00317545 0.649797 0.344 -0.025 0.625 0.34848 0.00104001 0.645164 0.34848 0.00208001 0.645083 0.34827 0.00104736 0.645306 0.348698 -0.0030357 0.64486 0.348959 -0.00206258 0.644915 0.348713 -0.0020692 0.644979 0.34895 -0.00307574 0.644786 0.348959 0.00206258 0.644915 0.349213 0.00206036 0.644893 0.349213 0.00309054 0.64476 0.349213 -0.00103018 0.644973 0.349213 1.20284e-17 0.645 0.348959 -0.00103129 0.644995 0.348959 0.00103129 0.644995 0.349213 0.00103018 0.644973 0.348978 0.00307858 0.64478 0.348959 6.32502e-17 0.645022 0.349213 -0.00309054 0.64476 0.349213 -0.00206036 0.644893 0.348713 -0.0010346 0.645059 0.348752 0.00304602 0.64484 0.348542 0.00299796 0.644934 0.348713 0.0020692 0.644979 0.34835 0.00294097 0.645058 0.34827 0.00209471 0.645225 0.348179 0.0028806 0.645209 0.348086 0.00211288 0.6454 0.348086 0.00105644 0.645482 0.347935 0.00106699 0.645687 0.347746 -0.00054072 0.646179 0.34782 -0.00107871 0.645914 0.34782 6.62809e-17 0.645942 0.348086 6.48575e-17 0.64551 0.347746 -0.00270348 0.646012 0.34782 -0.00215742 0.64583 0.347746 -0.00162211 0.646123 0.347935 6.55319e-17 0.645715 0.34803 0.00282229 0.645382 0.347935 0.00213398 0.645604 0.347907 0.0027707 0.645577 0.34782 0.00215742 0.64583 0.347811 0.00272979 0.645788 0.347746 0.00270346 0.646012 0.348713 0.0010346 0.645059 0.347935 -0.00106699 0.645687 0.348086 -0.00105644 0.645482 0.34782 0.00107871 0.645914 0.347746 0.00162207 0.646123 0.34827 6.4277e-17 0.645333 0.34848 6.38072e-17 0.645191 0.348713 6.34616e-17 0.645086 0.347746 0.000540675 0.646179 0.34848 -0.00104001 0.645164 0.34848 -0.00208001 0.645083 0.34827 -0.00104736 0.645306 0.34827 -0.00209471 0.645225 0.348086 -0.00211288 0.6454 0.347935 -0.00213398 0.645604 0.347935 -0.00278301 0.645526 0.348467 -0.00297766 0.644977 0.348261 -0.00291072 0.645131 0.348083 -0.00284381 0.645315 0.347821 -0.00273459 0.64576 0.355 -0.00235435 0.644357 0.3545 -0.00309054 0.64476 0.354762 -0.00328483 0.644463 0.355 -0.00352395 0.644179 0.355 -2.16276e-06 0.6445 0.3545 0.00103018 0.644973 0.3545 2.09102e-17 0.645 0.355 -0.00118042 0.644464 0.3545 -0.00103018 0.644973 0.3545 -0.00206036 0.644893 0.355 0.00235435 0.644357 0.354762 0.00328483 0.644463 0.3545 0.00309054 0.64476 0.3545 0.00206036 0.644893 0.355 0.00118042 0.644464 0.355 0.00352395 0.644179 0.3545 -0.00103018 0.644973 0.349213 -0.00103018 0.644973 0.349213 -0.00206036 0.644893 0.349213 -0.00309054 0.64476 0.3545 -0.00309054 0.64476 0.3545 -0.00206036 0.644893 0.349213 0.00103018 0.644973 0.3545 0.00206036 0.644893 0.349213 0.00206036 0.644893 0.3545 0.00103018 0.644973 0.349213 1.20284e-17 0.645 0.3545 2.09102e-17 0.645 0.349213 0.00309054 0.64476 0.3545 0.00309054 0.64476 0.34848 -0.00918126 0.642982 0.34848 -0.00824016 0.643432 0.34827 -0.00924614 0.64311 0.348698 -0.0125591 0.640682 0.348959 -0.0117436 0.641215 0.348713 -0.0117813 0.641267 0.34895 -0.0125565 0.640597 0.348959 -0.00817112 0.643278 0.349213 -0.00816229 0.643258 0.349213 -0.0072034 0.643658 0.348959 -0.0100108 0.642339 0.349213 -0.01 0.642321 0.349213 -0.00909449 0.642812 0.348959 -0.00910432 0.642832 0.348978 -0.0072241 0.64367 0.348959 -0.0108906 0.6418 0.349213 -0.0125564 0.640567 0.349213 -0.0117309 0.641198 0.348713 -0.0109255 0.641854 0.348752 -0.00728209 0.643705 0.348542 -0.00737086 0.643763 0.348713 -0.00819732 0.643337 0.34835 -0.00748223 0.643842 0.34827 -0.0082984 0.643563 0.348179 -0.00760975 0.643942 0.348086 -0.00837036 0.643724 0.348086 -0.00932632 0.643267 0.347935 -0.00941947 0.643449 0.347746 -0.0110577 0.643071 0.34782 -0.0113913 0.642573 0.34782 -0.0104711 0.643136 0.348086 -0.0102549 0.642762 0.347746 -0.0128474 0.641845 0.34782 -0.0122836 0.641961 0.347746 -0.0119665 0.642482 0.347935 -0.0103573 0.642939 0.34803 -0.00774694 0.644063 0.347935 -0.00845396 0.643911 0.347907 -0.00788878 0.644205 0.34782 -0.0085468 0.644118 0.347811 -0.00803009 0.644368 0.347746 -0.00816499 0.644549 0.348713 -0.00913352 0.642889 0.347935 -0.0112676 0.642382 0.348086 -0.0111561 0.64221 0.34782 -0.00952291 0.643652 0.347746 -0.00915693 0.644104 0.349213 -0.0108788 0.641782 0.34827 -0.0101668 0.642609 0.34848 -0.0100954 0.642486 0.348713 -0.0100429 0.642395 0.347746 -0.0101212 0.643612 0.34848 -0.0109826 0.641942 0.34848 -0.0118429 0.641352 0.34827 -0.0110602 0.642062 0.34827 -0.0119266 0.641468 0.348086 -0.01203 0.641611 0.347935 -0.0121501 0.641777 0.347935 -0.012673 0.641384 0.348468 -0.0125674 0.640812 0.348261 -0.0125862 0.640978 0.348083 -0.0126202 0.641171 0.347822 -0.0127482 0.641611 0.355 -0.0117176 0.640587 0.3545 -0.0125564 0.640567 0.354762 -0.0125761 0.640213 0.355 -0.0126413 0.639847 0.355 -0.00975182 0.641886 0.3545 -0.00909449 0.642812 0.3545 -0.01 0.642321 0.355 -0.0107544 0.641266 0.3545 -0.0108788 0.641782 0.3545 -0.0117309 0.641198 0.355 -0.0076397 0.642941 0.354762 -0.00688661 0.643498 0.3545 -0.0072034 0.643658 0.3545 -0.00816229 0.643258 0.355 -0.00870985 0.642447 0.355 -0.00653764 0.643371 0.3545 -0.0108788 0.641782 0.349213 -0.0108788 0.641782 0.349213 -0.0117309 0.641198 0.349213 -0.0125564 0.640567 0.3545 -0.0125564 0.640567 0.3545 -0.0117309 0.641198 0.349213 -0.00909449 0.642812 0.3545 -0.00816229 0.643258 0.349213 -0.00816229 0.643258 0.3545 -0.00909449 0.642812 0.349213 -0.01 0.642321 0.3545 -0.01 0.642321 0.349213 -0.0072034 0.643658 0.3545 -0.0072034 0.643658 0.34848 -0.0169424 0.635983 0.34848 -0.0163524 0.636843 0.34827 -0.0170621 0.63606 0.348698 -0.0187173 0.632301 0.348959 -0.018278 0.633171 0.348713 -0.0183366 0.633197 0.34895 -0.0186727 0.632229 0.348959 -0.0162154 0.636744 0.349213 -0.0161979 0.636731 0.349213 -0.0155672 0.637556 0.348959 -0.0178317 0.634104 0.349213 -0.0178125 0.634094 0.349213 -0.0173205 0.635 0.348959 -0.0168004 0.635891 0.349213 -0.0167823 0.635879 0.348978 -0.0155911 0.637556 0.348959 -0.0173392 0.635011 0.349213 -0.0186577 0.632203 0.349213 -0.0182582 0.633162 0.348713 -0.0178889 0.634134 0.348752 -0.015659 0.637558 0.348542 -0.0157647 0.637563 0.348713 -0.0162674 0.636781 0.34835 -0.0159006 0.637576 0.34827 -0.016468 0.636927 0.348179 -0.0160611 0.637599 0.348086 -0.0166108 0.63703 0.348086 -0.0172101 0.636156 0.347935 -0.017382 0.636268 0.347746 -0.0186117 0.635121 0.34782 -0.0186516 0.634523 0.34782 -0.0181364 0.635471 0.348086 -0.017762 0.635255 0.347746 -0.0195489 0.633165 0.34782 -0.0191183 0.633547 0.347746 -0.0191044 0.634157 0.347935 -0.0179394 0.635357 0.34803 -0.0162404 0.637635 0.347935 -0.0167767 0.63715 0.347907 -0.0164345 0.637688 0.34782 -0.0169609 0.637284 0.347811 -0.0166383 0.637758 0.347746 -0.0168456 0.637848 0.348713 -0.0168543 0.635925 0.347935 -0.018449 0.63442 0.348086 -0.0182665 0.634326 0.34782 -0.0175729 0.636391 0.347746 -0.0174823 0.636966 0.34827 -0.0176093 0.635167 0.34848 -0.0174857 0.635095 0.348713 -0.0173948 0.635043 0.347746 -0.018071 0.636058 0.34848 -0.0179824 0.634181 0.34848 -0.0184324 0.63324 0.34827 -0.0181095 0.634246 0.34827 -0.0185627 0.633298 0.348086 -0.0187236 0.63337 0.347935 -0.0189107 0.633454 0.347935 -0.0191674 0.632853 0.348467 -0.0187898 0.63241 0.348261 -0.0188892 0.632545 0.348083 -0.019015 0.632695 0.347821 -0.019346 0.633012 0.355 -0.017941 0.63264 0.3545 -0.0186577 0.632203 0.354762 -0.0184976 0.631887 0.355 -0.0183714 0.631538 0.355 -0.0168885 0.634748 0.3545 -0.0167823 0.635879 0.3545 -0.0173205 0.635 0.355 -0.0174467 0.63371 0.3545 -0.0178125 0.634094 0.3545 -0.0182582 0.633162 0.355 -0.0155867 0.636718 0.354762 -0.0152128 0.637576 0.3545 -0.0155672 0.637556 0.3545 -0.0161979 0.636731 0.355 -0.0162663 0.635754 0.355 -0.0148475 0.637641 0.3545 -0.0178125 0.634094 0.349213 -0.0178125 0.634094 0.349213 -0.0182582 0.633162 0.349213 -0.0186577 0.632203 0.3545 -0.0186577 0.632203 0.3545 -0.0182582 0.633162 0.349213 -0.0167823 0.635879 0.3545 -0.0161979 0.636731 0.349213 -0.0161979 0.636731 0.3545 -0.0167823 0.635879 0.349213 -0.0173205 0.635 0.3545 -0.0173205 0.635 0.349213 -0.0155672 0.637556 0.3545 -0.0155672 0.637556 0.34848 -0.0201639 0.62604 0.34848 -0.020083 0.62708 0.34827 -0.0203064 0.626047 0.348698 -0.0198602 0.621964 0.348959 -0.0199147 0.622937 0.348713 -0.0199786 0.622931 0.34895 -0.0197856 0.621924 0.348959 -0.0199147 0.627063 0.349213 -0.0198932 0.62706 0.349213 -0.0197598 0.628091 0.349213 -0.0199733 0.62397 0.349213 -0.02 0.625 0.348959 -0.0199949 0.623969 0.348959 -0.0199949 0.626031 0.349213 -0.0199733 0.62603 0.348978 -0.0197804 0.628079 0.348959 -0.0200216 0.625 0.349213 -0.0197598 0.621909 0.349213 -0.0198932 0.62294 0.348713 -0.020059 0.623965 0.348752 -0.0198401 0.628046 0.348542 -0.0199343 0.627998 0.348713 -0.0199786 0.627069 0.34835 -0.0200584 0.627941 0.34827 -0.020225 0.627095 0.348179 -0.0202088 0.627881 0.348086 -0.0204003 0.627113 0.348086 -0.0204824 0.626056 0.347935 -0.020687 0.626067 0.34782 -0.0209421 0.625 0.34782 -0.0209142 0.623921 0.347935 -0.0207147 0.625 0.347746 -0.0211664 0.625904 0.347746 -0.0211857 0.625 0.347746 -0.0210123 0.622297 0.34782 -0.0208303 0.622843 0.347746 -0.0211087 0.623195 0.347746 -0.0211664 0.624096 0.34803 -0.0203822 0.627822 0.347935 -0.0206041 0.627134 0.347907 -0.0205765 0.627771 0.347811 -0.0207883 0.62773 0.34782 -0.0208303 0.627157 0.347746 -0.0210125 0.627703 0.348713 -0.020059 0.626035 0.348086 -0.0205098 0.625 0.347935 -0.020687 0.623933 0.348086 -0.0204824 0.623944 0.347746 -0.0211087 0.626805 0.34782 -0.0209142 0.626079 0.34827 -0.0203335 0.625 0.34848 -0.0201908 0.625 0.348713 -0.0200858 0.625 0.34848 -0.0201639 0.62396 0.34848 -0.020083 0.62292 0.34827 -0.0203064 0.623953 0.34827 -0.020225 0.622905 0.348086 -0.0204003 0.622887 0.347935 -0.0206041 0.622866 0.347935 -0.0205258 0.622217 0.348467 -0.0199774 0.622022 0.348261 -0.0201309 0.622089 0.348083 -0.0203148 0.622156 0.347821 -0.02076 0.622265 0.355 -0.0193573 0.622646 0.3545 -0.0197598 0.621909 0.354762 -0.0194627 0.621715 0.355 -0.0191789 0.621476 0.355 -0.0194999 0.624998 0.3545 -0.0199733 0.62603 0.3545 -0.02 0.625 0.355 -0.0194642 0.62382 0.3545 -0.0199733 0.62397 0.3545 -0.0198932 0.62294 0.355 -0.0193573 0.627354 0.354762 -0.0194627 0.628285 0.3545 -0.0197598 0.628091 0.3545 -0.0198932 0.62706 0.355 -0.0194642 0.62618 0.355 -0.0191789 0.628524 0.3545 -0.0199733 0.62397 0.349213 -0.0199733 0.62397 0.349213 -0.0198932 0.62294 0.349213 -0.0197598 0.621909 0.3545 -0.0197598 0.621909 0.3545 -0.0198932 0.62294 0.349213 -0.0199733 0.62603 0.3545 -0.0198932 0.62706 0.349213 -0.0198932 0.62706 0.3545 -0.0199733 0.62603 0.349213 -0.02 0.625 0.3545 -0.02 0.625 0.349213 -0.0197598 0.628091 0.3545 -0.0197598 0.628091 0.34848 -0.0179824 0.615819 0.34848 -0.0184324 0.61676 0.34827 -0.0181095 0.615754 0.348698 -0.0156816 0.612441 0.348959 -0.0162154 0.613256 0.348713 -0.0162674 0.613219 0.34895 -0.015597 0.612444 0.348959 -0.018278 0.616829 0.349213 -0.0182582 0.616838 0.349213 -0.0186577 0.617797 0.348959 -0.0173392 0.614989 0.349213 -0.0173205 0.615 0.349213 -0.0178125 0.615906 0.348959 -0.0178317 0.615896 0.348978 -0.0186697 0.617776 0.348959 -0.0168004 0.614109 0.349213 -0.0155672 0.612444 0.349213 -0.0161979 0.613269 0.348713 -0.0168543 0.614075 0.348752 -0.018705 0.617718 0.348542 -0.0187626 0.617629 0.348713 -0.0183366 0.616803 0.34835 -0.0188415 0.617518 0.34827 -0.0185627 0.616702 0.348179 -0.0189417 0.61739 0.348086 -0.0187236 0.61663 0.348086 -0.0182665 0.615674 0.347935 -0.018449 0.61558 0.347746 -0.018071 0.613942 0.34782 -0.0175729 0.613609 0.34782 -0.0181364 0.614529 0.348086 -0.017762 0.614745 0.347746 -0.0168454 0.612153 0.34782 -0.0169609 0.612716 0.347746 -0.0174823 0.613034 0.347935 -0.0179394 0.614643 0.34803 -0.0190627 0.617253 0.347935 -0.0189107 0.616546 0.347907 -0.0192052 0.617111 0.34782 -0.0191183 0.616453 0.347811 -0.0193681 0.61697 0.347746 -0.0195491 0.616835 0.348713 -0.0178889 0.615866 0.347935 -0.017382 0.613732 0.348086 -0.0172101 0.613844 0.34782 -0.0186516 0.615477 0.347746 -0.0191044 0.615843 0.349213 -0.0167823 0.614121 0.34827 -0.0176093 0.614833 0.34848 -0.0174857 0.614905 0.348713 -0.0173948 0.614957 0.347746 -0.0186117 0.614879 0.34848 -0.0169424 0.614017 0.34848 -0.0163524 0.613157 0.34827 -0.0170621 0.61394 0.34827 -0.016468 0.613073 0.348086 -0.0166108 0.61297 0.347935 -0.0167767 0.61285 0.347935 -0.0163844 0.612327 0.348467 -0.0158121 0.612433 0.348261 -0.0159785 0.612414 0.348083 -0.0161712 0.61238 0.347821 -0.0166114 0.612252 0.355 -0.0155867 0.613282 0.3545 -0.0155672 0.612444 0.354762 -0.0152128 0.612424 0.355 -0.0148475 0.612359 0.355 -0.0168863 0.615248 0.3545 -0.0178125 0.615906 0.3545 -0.0173205 0.615 0.355 -0.0162663 0.614246 0.3545 -0.0167823 0.614121 0.3545 -0.0161979 0.613269 0.355 -0.017941 0.61736 0.354762 -0.0184976 0.618113 0.3545 -0.0186577 0.617797 0.3545 -0.0182582 0.616838 0.355 -0.0174467 0.61629 0.355 -0.0183714 0.618462 0.3545 -0.0167823 0.614121 0.349213 -0.0167823 0.614121 0.349213 -0.0161979 0.613269 0.349213 -0.0155672 0.612444 0.3545 -0.0155672 0.612444 0.3545 -0.0161979 0.613269 0.349213 -0.0178125 0.615906 0.3545 -0.0182582 0.616838 0.349213 -0.0182582 0.616838 0.3545 -0.0178125 0.615906 0.349213 -0.0173205 0.615 0.3545 -0.0173205 0.615 0.349213 -0.0186577 0.617797 0.3545 -0.0186577 0.617797 0.34848 -0.0109826 0.608058 0.34848 -0.0118429 0.608648 0.34827 -0.0110602 0.607938 0.348698 -0.00730109 0.606283 0.348959 -0.00817112 0.606722 0.348713 -0.00819732 0.606663 0.34895 -0.00722911 0.606327 0.348959 -0.0117436 0.608785 0.349213 -0.0117309 0.608802 0.349213 -0.0125564 0.609433 0.348959 -0.00910432 0.607168 0.349213 -0.00909449 0.607188 0.349213 -0.01 0.607679 0.348959 -0.0108906 0.6082 0.349213 -0.0108788 0.608218 0.348978 -0.0125564 0.609409 0.348959 -0.0100108 0.607661 0.349213 -0.0072034 0.606342 0.349213 -0.00816229 0.606742 0.348713 -0.00913352 0.607111 0.348752 -0.012558 0.609341 0.348542 -0.0125635 0.609235 0.348713 -0.0117813 0.608733 0.34835 -0.0125761 0.609099 0.34827 -0.0119266 0.608532 0.348179 -0.0125991 0.608939 0.348086 -0.01203 0.608389 0.348086 -0.0111561 0.60779 0.347935 -0.0112676 0.607618 0.347746 -0.0101211 0.606388 0.34782 -0.00952291 0.606348 0.34782 -0.0104711 0.606864 0.348086 -0.0102549 0.607238 0.347746 -0.00816467 0.605451 0.34782 -0.0085468 0.605882 0.347746 -0.00915683 0.605896 0.347935 -0.0103573 0.607061 0.34803 -0.0126353 0.60876 0.347935 -0.0121501 0.608223 0.347907 -0.0126878 0.608566 0.34782 -0.0122836 0.608039 0.347811 -0.0127582 0.608362 0.347746 -0.0128475 0.608154 0.348713 -0.0109255 0.608146 0.347935 -0.00941947 0.606551 0.348086 -0.00932632 0.606733 0.34782 -0.0113913 0.607427 0.347746 -0.0119664 0.607518 0.34827 -0.0101668 0.607391 0.34848 -0.0100954 0.607514 0.348713 -0.0100429 0.607605 0.347746 -0.0110576 0.606929 0.34848 -0.00918126 0.607018 0.34848 -0.00824016 0.606568 0.34827 -0.00924614 0.60689 0.34827 -0.0082984 0.606437 0.348086 -0.00837036 0.606276 0.347935 -0.00845396 0.606089 0.347935 -0.00785261 0.605833 0.348468 -0.00740992 0.60621 0.348261 -0.00754459 0.606111 0.348083 -0.00769444 0.605985 0.347822 -0.0080116 0.605654 0.355 -0.0076397 0.607059 0.3545 -0.0072034 0.606342 0.354762 -0.00688661 0.606502 0.355 -0.00653764 0.606629 0.355 -0.00974808 0.608112 0.3545 -0.0108788 0.608218 0.3545 -0.01 0.607679 0.355 -0.00870985 0.607553 0.3545 -0.00909449 0.607188 0.3545 -0.00816229 0.606742 0.355 -0.0117176 0.609413 0.354762 -0.0125761 0.609787 0.3545 -0.0125564 0.609433 0.3545 -0.0117309 0.608802 0.355 -0.0107544 0.608734 0.355 -0.0126413 0.610153 0.3545 -0.00909449 0.607188 0.349213 -0.00909449 0.607188 0.349213 -0.00816229 0.606742 0.349213 -0.0072034 0.606342 0.3545 -0.0072034 0.606342 0.3545 -0.00816229 0.606742 0.349213 -0.0108788 0.608218 0.3545 -0.0117309 0.608802 0.349213 -0.0117309 0.608802 0.3545 -0.0108788 0.608218 0.349213 -0.01 0.607679 0.3545 -0.01 0.607679 0.349213 -0.0125564 0.609433 0.3545 -0.0125564 0.609433 0.34848 -0.00104001 0.604836 0.34848 -0.00208001 0.604917 0.34827 -0.00104736 0.604694 0.348698 0.00303572 0.60514 0.348959 0.00206258 0.605085 0.348713 0.0020692 0.605021 0.34895 0.00307575 0.605214 0.348959 -0.00206258 0.605085 0.349213 -0.00206036 0.605107 0.349213 -0.00309054 0.60524 0.349213 0.00103018 0.605027 0.349213 -5.94836e-17 0.605 0.348959 0.00103129 0.605005 0.348959 -0.00103129 0.605005 0.349213 -0.00103018 0.605027 0.348978 -0.00307858 0.60522 0.348959 -7.50244e-17 0.604978 0.349213 0.00309054 0.60524 0.349213 0.00206036 0.605107 0.348713 0.0010346 0.604941 0.348752 -0.00304602 0.60516 0.348542 -0.00299796 0.605066 0.348713 -0.0020692 0.605021 0.34835 -0.00294097 0.604942 0.34827 -0.00209471 0.604775 0.348179 -0.0028806 0.604791 0.348086 -0.00211288 0.6046 0.348086 -0.00105644 0.604518 0.347935 -0.00106699 0.604313 0.347746 0.000540762 0.603821 0.34782 0.00107871 0.604086 0.34782 -7.83512e-17 0.604058 0.348086 -7.67888e-17 0.60449 0.347746 0.00270351 0.603988 0.34782 0.00215742 0.60417 0.347746 0.00162217 0.603877 0.347935 -7.75291e-17 0.604285 0.34803 -0.00282229 0.604618 0.347935 -0.00213398 0.604396 0.347907 -0.0027707 0.604423 0.34782 -0.00215742 0.60417 0.347811 -0.00272979 0.604212 0.347746 -0.00270346 0.603988 0.348713 -0.0010346 0.604941 0.347935 0.00106699 0.604313 0.348086 0.00105644 0.604518 0.34782 -0.00107871 0.604086 0.347746 -0.00162205 0.603877 0.34827 -7.61516e-17 0.604667 0.34848 -7.56359e-17 0.604809 0.348713 -7.52565e-17 0.604914 0.347746 -0.000540646 0.603821 0.34848 0.00104001 0.604836 0.34848 0.00208001 0.604917 0.34827 0.00104736 0.604694 0.34827 0.00209471 0.604775 0.348086 0.00211288 0.6046 0.347935 0.00213398 0.604396 0.347935 0.00278306 0.604474 0.348468 0.00297769 0.605023 0.348261 0.00291077 0.604869 0.348083 0.00284386 0.604685 0.347822 0.00273463 0.60424 0.355 0.00235435 0.605643 0.3545 0.00309054 0.60524 0.354762 0.00328483 0.605537 0.355 0.00352395 0.605821 0.355 2.16276e-06 0.6055 0.3545 -0.00103018 0.605027 0.3545 -5.94836e-17 0.605 0.355 0.00118042 0.605536 0.3545 0.00103018 0.605027 0.3545 0.00206036 0.605107 0.355 -0.00235435 0.605643 0.354762 -0.00328483 0.605537 0.3545 -0.00309054 0.60524 0.3545 -0.00206036 0.605107 0.355 -0.00118042 0.605536 0.355 -0.00352395 0.605821 0.3545 0.00103018 0.605027 0.349213 0.00103018 0.605027 0.349213 0.00206036 0.605107 0.349213 0.00309054 0.60524 0.3545 0.00309054 0.60524 0.3545 0.00206036 0.605107 0.349213 -0.00103018 0.605027 0.3545 -0.00206036 0.605107 0.349213 -0.00206036 0.605107 0.3545 -0.00103018 0.605027 0.349213 -5.94836e-17 0.605 0.3545 -5.94836e-17 0.605 0.349213 -0.00309054 0.60524 0.3545 -0.00309054 0.60524 0.34848 0.00918126 0.607018 0.34848 0.00824016 0.606568 0.34827 0.00924614 0.60689 0.348698 0.0125591 0.609318 0.348959 0.0117436 0.608785 0.348713 0.0117813 0.608733 0.34895 0.0125565 0.609403 0.348959 0.00817112 0.606722 0.349213 0.00816229 0.606742 0.349213 0.0072034 0.606342 0.348959 0.0100108 0.607661 0.349213 0.01 0.607679 0.349213 0.00909449 0.607188 0.348959 0.00910432 0.607168 0.348978 0.0072241 0.60633 0.348959 0.0108906 0.6082 0.349213 0.0125564 0.609433 0.349213 0.0117309 0.608802 0.348713 0.0109255 0.608146 0.348752 0.00728209 0.606295 0.348542 0.00737086 0.606237 0.348713 0.00819732 0.606663 0.34835 0.00748223 0.606158 0.34827 0.0082984 0.606437 0.348179 0.00760975 0.606058 0.348086 0.00837036 0.606276 0.348086 0.00932632 0.606733 0.347935 0.00941947 0.606551 0.347746 0.0110577 0.606929 0.34782 0.0113913 0.607427 0.34782 0.0104711 0.606864 0.348086 0.0102549 0.607238 0.347746 0.0128473 0.608155 0.34782 0.0122836 0.608039 0.347746 0.0119665 0.607518 0.347935 0.0103573 0.607061 0.34803 0.00774694 0.605937 0.347935 0.00845396 0.606089 0.347907 0.00788878 0.605795 0.34782 0.0085468 0.605882 0.347811 0.00803009 0.605632 0.347746 0.00816499 0.605451 0.348713 0.00913352 0.607111 0.347935 0.0112676 0.607618 0.348086 0.0111561 0.60779 0.34782 0.00952291 0.606348 0.347746 0.00915694 0.605896 0.349213 0.0108788 0.608218 0.34827 0.0101668 0.607391 0.34848 0.0100954 0.607514 0.348713 0.0100429 0.607605 0.347746 0.0101212 0.606388 0.34848 0.0109826 0.608058 0.34848 0.0118429 0.608648 0.34827 0.0110602 0.607938 0.34827 0.0119266 0.608532 0.348086 0.01203 0.608389 0.347935 0.0121501 0.608223 0.347935 0.012673 0.608616 0.348468 0.0125674 0.609188 0.348261 0.0125862 0.609022 0.348083 0.0126202 0.608829 0.347822 0.0127481 0.608389 0.355 0.0117176 0.609413 0.3545 0.0125564 0.609433 0.354762 0.0125761 0.609787 0.355 0.0126413 0.610153 0.355 0.00975182 0.608114 0.3545 0.00909449 0.607188 0.3545 0.01 0.607679 0.355 0.0107544 0.608734 0.3545 0.0108788 0.608218 0.3545 0.0117309 0.608802 0.355 0.0076397 0.607059 0.354762 0.00688661 0.606502 0.3545 0.0072034 0.606342 0.3545 0.00816229 0.606742 0.355 0.00870985 0.607553 0.355 0.00653764 0.606629 0.3545 0.0108788 0.608218 0.349213 0.0108788 0.608218 0.349213 0.0117309 0.608802 0.349213 0.0125564 0.609433 0.3545 0.0125564 0.609433 0.3545 0.0117309 0.608802 0.349213 0.00909449 0.607188 0.3545 0.00816229 0.606742 0.349213 0.00816229 0.606742 0.3545 0.00909449 0.607188 0.349213 0.01 0.607679 0.3545 0.01 0.607679 0.349213 0.0072034 0.606342 0.3545 0.0072034 0.606342 0.34848 0.0169424 0.614017 0.34848 0.0163524 0.613157 0.34827 0.0170621 0.61394 0.348698 0.0187173 0.617699 0.348959 0.018278 0.616829 0.348713 0.0183366 0.616803 0.34895 0.0186727 0.617771 0.348959 0.0162154 0.613256 0.349213 0.0161979 0.613269 0.349213 0.0155672 0.612444 0.348959 0.0178317 0.615896 0.349213 0.0178125 0.615906 0.349213 0.0173205 0.615 0.348959 0.0168004 0.614109 0.349213 0.0167823 0.614121 0.348978 0.0155911 0.612444 0.348959 0.0173392 0.614989 0.349213 0.0186577 0.617797 0.349213 0.0182582 0.616838 0.348713 0.0178889 0.615866 0.348752 0.015659 0.612442 0.348542 0.0157647 0.612437 0.348713 0.0162674 0.613219 0.34835 0.0159006 0.612424 0.34827 0.016468 0.613073 0.348179 0.0160611 0.612401 0.348086 0.0166108 0.61297 0.348086 0.0172101 0.613844 0.347935 0.017382 0.613732 0.347746 0.0186117 0.614879 0.34782 0.0186516 0.615477 0.34782 0.0181364 0.614529 0.348086 0.017762 0.614745 0.347746 0.0195486 0.616835 0.34782 0.0191183 0.616453 0.347746 0.0191044 0.615843 0.347935 0.0179394 0.614643 0.34803 0.0162404 0.612365 0.347935 0.0167767 0.61285 0.347907 0.0164345 0.612312 0.34782 0.0169609 0.612716 0.347811 0.0166383 0.612242 0.347746 0.0168456 0.612152 0.348713 0.0168543 0.614075 0.347935 0.018449 0.61558 0.348086 0.0182665 0.615674 0.34782 0.0175729 0.613609 0.347746 0.0174823 0.613034 0.34827 0.0176093 0.614833 0.34848 0.0174857 0.614905 0.348713 0.0173948 0.614957 0.347746 0.018071 0.613942 0.34848 0.0179824 0.615819 0.34848 0.0184324 0.61676 0.34827 0.0181095 0.615754 0.34827 0.0185627 0.616702 0.348086 0.0187236 0.61663 0.347935 0.0189107 0.616546 0.347935 0.0191672 0.617147 0.348468 0.0187897 0.61759 0.348261 0.0188891 0.617455 0.348083 0.0190149 0.617306 0.347822 0.0193458 0.616988 0.355 0.017941 0.61736 0.3545 0.0186577 0.617797 0.354762 0.0184976 0.618113 0.355 0.0183714 0.618462 0.355 0.0168885 0.615252 0.3545 0.0167823 0.614121 0.3545 0.0173205 0.615 0.355 0.0174467 0.61629 0.3545 0.0178125 0.615906 0.3545 0.0182582 0.616838 0.355 0.0155867 0.613282 0.354762 0.0152128 0.612424 0.3545 0.0155672 0.612444 0.3545 0.0161979 0.613269 0.355 0.0162663 0.614246 0.355 0.0148475 0.612359 0.3545 0.0178125 0.615906 0.349213 0.0178125 0.615906 0.349213 0.0182582 0.616838 0.349213 0.0186577 0.617797 0.3545 0.0186577 0.617797 0.3545 0.0182582 0.616838 0.349213 0.0167823 0.614121 0.3545 0.0161979 0.613269 0.349213 0.0161979 0.613269 0.3545 0.0167823 0.614121 0.349213 0.0173205 0.615 0.3545 0.0173205 0.615 0.349213 0.0155672 0.612444 0.3545 0.0155672 0.612444 0.34848 0.0201639 0.62396 0.34848 0.020083 0.62292 0.34827 0.0203064 0.623953 0.348698 0.0198602 0.628036 0.348959 0.0199147 0.627063 0.348713 0.0199786 0.627069 0.34895 0.0197856 0.628076 0.348959 0.0199147 0.622937 0.349213 0.0198932 0.62294 0.349213 0.0197598 0.621909 0.349213 0.0199733 0.62603 0.349213 0.02 0.625 0.348959 0.0199949 0.626031 0.348959 0.0199949 0.623969 0.349213 0.0199733 0.62397 0.348978 0.0197804 0.621921 0.348959 0.0200216 0.625 0.349213 0.0197598 0.628091 0.349213 0.0198932 0.62706 0.348713 0.020059 0.626035 0.348752 0.0198401 0.621954 0.348542 0.0199343 0.622002 0.348713 0.0199786 0.622931 0.34835 0.0200584 0.622059 0.34827 0.020225 0.622905 0.348179 0.0202088 0.622119 0.348086 0.0204003 0.622887 0.348086 0.0204824 0.623944 0.347935 0.020687 0.623933 0.347746 0.0211788 0.625541 0.34782 0.0209142 0.626079 0.34782 0.0209421 0.625 0.348086 0.0205098 0.625 0.347746 0.021012 0.627703 0.34782 0.0208303 0.627157 0.347746 0.0211233 0.626622 0.347935 0.0207147 0.625 0.34803 0.0203822 0.622178 0.347935 0.0206041 0.622866 0.347907 0.0205765 0.622229 0.34782 0.0208303 0.622843 0.347811 0.0207883 0.62227 0.347746 0.0210125 0.622297 0.348713 0.020059 0.623965 0.347935 0.020687 0.626067 0.348086 0.0204824 0.626056 0.34782 0.0209142 0.623921 0.347746 0.0211234 0.623378 0.34827 0.0203335 0.625 0.34848 0.0201908 0.625 0.348713 0.0200858 0.625 0.347746 0.0211788 0.624459 0.34848 0.0201639 0.62604 0.34848 0.020083 0.62708 0.34827 0.0203064 0.626047 0.34827 0.020225 0.627095 0.348086 0.0204003 0.627113 0.347935 0.0206041 0.627134 0.347935 0.0205256 0.627783 0.348468 0.0199774 0.627978 0.348261 0.0201308 0.627911 0.348083 0.0203146 0.627844 0.347822 0.0207597 0.627735 0.355 0.0193573 0.627354 0.3545 0.0197598 0.628091 0.354762 0.0194627 0.628285 0.355 0.0191789 0.628524 0.355 0.0194999 0.625002 0.3545 0.0199733 0.62397 0.3545 0.02 0.625 0.355 0.0194642 0.62618 0.3545 0.0199733 0.62603 0.3545 0.0198932 0.62706 0.355 0.0193573 0.622646 0.354762 0.0194627 0.621715 0.3545 0.0197598 0.621909 0.3545 0.0198932 0.62294 0.355 0.0194642 0.62382 0.355 0.0191789 0.621476 0.3545 0.0199733 0.62603 0.349213 0.0199733 0.62603 0.349213 0.0198932 0.62706 0.349213 0.0197598 0.628091 0.3545 0.0197598 0.628091 0.3545 0.0198932 0.62706 0.349213 0.0199733 0.62397 0.3545 0.0198932 0.62294 0.349213 0.0198932 0.62294 0.3545 0.0199733 0.62397 0.349213 0.02 0.625 0.3545 0.02 0.625 0.349213 0.0197598 0.621909 0.3545 0.0197598 0.621909 0.348752 0.018705 0.632282 0.348959 0.018278 0.633171 0.348978 0.0186697 0.632224 0.34782 0.0191183 0.633547 0.347935 0.0189107 0.633454 0.347907 0.0192052 0.632889 0.347811 0.0193681 0.63303 0.348086 0.0187236 0.63337 0.348179 0.0189417 0.63261 0.34803 0.0190627 0.632747 0.34782 0.0175729 0.636391 0.34782 0.0181364 0.635471 0.347746 0.018071 0.636058 0.347935 0.0179394 0.635357 0.347746 0.0195491 0.633165 0.34827 0.0181095 0.634246 0.348086 0.0182665 0.634326 0.348086 0.017762 0.635255 0.347746 0.0168451 0.637847 0.34782 0.0169609 0.637284 0.347746 0.0174823 0.636966 0.34827 0.0185627 0.633298 0.34835 0.0188415 0.632482 0.347935 0.018449 0.63442 0.348542 0.0187626 0.632371 0.34848 0.0184324 0.63324 0.348713 0.0183366 0.633197 0.349213 0.0182582 0.633162 0.348959 0.0178317 0.634104 0.349213 0.0178125 0.634094 0.349213 0.0186577 0.632203 0.348959 0.0173392 0.635011 0.348713 0.0162674 0.636781 0.348959 0.0162154 0.636744 0.348959 0.0168004 0.635891 0.34848 0.0179824 0.634181 0.348698 0.0156816 0.637559 0.348713 0.0168543 0.635925 0.349213 0.0155672 0.637556 0.349213 0.0161979 0.636731 0.34895 0.0155969 0.637556 0.349213 0.0173205 0.635 0.348713 0.0178889 0.634134 0.347935 0.017382 0.636268 0.348086 0.0172101 0.636156 0.34782 0.0186516 0.634523 0.347746 0.0191044 0.634157 0.349213 0.0167823 0.635879 0.34827 0.0176093 0.635167 0.34848 0.0174857 0.635095 0.348713 0.0173948 0.635043 0.347746 0.0186117 0.635121 0.34848 0.0169424 0.635983 0.34848 0.0163524 0.636843 0.34827 0.0170621 0.63606 0.34827 0.016468 0.636927 0.348086 0.0166108 0.63703 0.347935 0.0167767 0.63715 0.347935 0.0163842 0.637673 0.348468 0.0158121 0.637567 0.348261 0.0159784 0.637586 0.348083 0.016171 0.63762 0.347822 0.0166111 0.637748 0.3545 0.0182582 0.633162 0.355 0.0174467 0.63371 0.355 0.017941 0.63264 0.3545 0.0186577 0.632203 0.3545 0.0178125 0.634094 0.355 0.0168863 0.634752 0.3545 0.0155672 0.637556 0.355 0.0155867 0.636718 0.3545 0.0161979 0.636731 0.355 0.0162663 0.635754 0.3545 0.0167823 0.635879 0.354762 0.0152128 0.637576 0.355 0.0148475 0.637641 0.3545 0.0173205 0.635 0.354762 0.0184976 0.631887 0.355 0.0183714 0.631538 0.349213 0.0182582 0.633162 0.3545 0.0186577 0.632203 0.349213 0.0186577 0.632203 0.349213 0.0167823 0.635879 0.3545 0.0173205 0.635 0.349213 0.0173205 0.635 0.349213 0.0178125 0.634094 0.3545 0.0178125 0.634094 0.3545 0.0182582 0.633162 0.349213 0.0155672 0.637556 0.3545 0.0161979 0.636731 0.349213 0.0161979 0.636731 0.3545 0.0167823 0.635879 0.3545 0.0155672 0.637556 0.339 0.0245541 0.615033 0.3395 0.0247063 0.614111 0.339 0.0239681 0.613697 0.3395 0.026479 0.619722 0.339 0.0261386 0.620638 0.3395 0.0267261 0.621167 0.339 0.0258597 0.619211 0.3395 0.0261496 0.61828 0.339 0.0255015 0.617796 0.3395 0.0268949 0.622628 0.339 0.0263383 0.622079 0.339 0.0264587 0.623533 0.3395 0.0257446 0.616864 0.3395 0.0252652 0.615478 0.339 0.0250642 0.616395 0.339 0.0225787 0.611128 0.3395 0.0226036 0.610234 0.339 0.0217808 0.609906 0.3395 0.0233764 0.611489 0.339 0.0233061 0.612387 0.3395 0.0240755 0.612779 0.3395 0.0208629 0.607861 0.339 0.0199875 0.607601 0.339 0.0209122 0.608723 0.3395 0.0217633 0.609021 0.3395 0.01887 0.60569 0.3395 0.0177921 0.604692 0.339 0.017948 0.605503 0.3395 0.0198979 0.60675 0.339 0.0189994 0.606527 0.3395 0.014246 0.602064 0.339 0.0144941 0.602815 0.3395 0.0154729 0.602874 0.339 0.0156998 0.603652 0.339 0.0168511 0.604548 0.3395 0.0166613 0.603754 0.339 0.0106449 0.600732 0.339 0.0119719 0.601359 0.3395 0.0116629 0.60065 0.339 0.013255 0.602053 0.3395 0.0129805 0.601325 0.339 0.00791748 0.599711 0.3395 0.00754168 0.599075 0.339 0.00650537 0.599311 0.3395 0.0103194 0.60005 0.3395 0.00894997 0.599527 0.339 0.00929734 0.600185 0.3395 0.00321941 0.598193 0.339 0.00218835 0.59859 0.339 0.00364707 0.598753 0.3395 0.00468028 0.598409 0.339 0.00508608 0.598993 0.3395 0.00611721 0.598702 0.339 -0.00218835 0.59859 0.339 -0.000722818 0.598511 0.3395 -0.00118851 0.598027 0.339 0.000736083 0.598511 0.3395 0.00175183 0.598057 0.3395 0.000285581 0.598002 0.339 -0.00507299 0.598991 0.3395 -0.00556443 0.59858 0.339 -0.00650537 0.599311 0.3395 -0.00266013 0.598132 0.3395 -0.00411667 0.598316 0.339 -0.00363399 0.598751 0.3395 -0.00979161 0.599838 0.339 -0.0106449 0.600732 0.339 -0.00928479 0.60018 0.3395 -0.00840884 0.599343 0.339 -0.00790494 0.599707 0.3395 -0.00700082 0.598924 0.339 -0.0144941 0.602815 0.339 -0.0132433 0.602047 0.3395 -0.0137573 0.601768 0.339 -0.0119603 0.601353 0.3395 -0.0111543 0.600413 0.3395 -0.0124762 0.601056 0.339 -0.0168406 0.60454 0.3395 -0.0173585 0.60432 0.339 -0.017948 0.605503 0.3395 -0.0150097 0.602557 0.3395 -0.0162101 0.603408 0.339 -0.0156893 0.603644 0.339 -0.0189904 0.606518 0.3395 -0.0195108 0.606337 0.339 -0.0199785 0.607591 0.3395 -0.0184642 0.605301 0.339 -0.0209122 0.608723 0.3395 -0.0204958 0.607424 0.3395 -0.0214255 0.608571 0.339 -0.0217735 0.609895 0.3395 -0.0222902 0.609765 0.339 -0.0225715 0.611117 0.339 -0.0233061 0.612387 0.3395 -0.0230854 0.610998 0.3395 -0.0238148 0.612279 0.339 -0.0239627 0.613685 0.3395 -0.0244741 0.613599 0.339 -0.0245488 0.615021 0.339 -0.0250642 0.616395 0.3395 -0.0250581 0.614946 0.3395 -0.0255683 0.616326 0.339 -0.0254983 0.617784 0.3395 -0.0260042 0.617737 0.339 -0.0258564 0.619198 0.339 -0.0261386 0.620638 0.3395 -0.0263612 0.619162 0.3395 -0.0266393 0.620601 0.339 -0.0263383 0.622079 0.3395 -0.0268384 0.622054 0.339 -0.0264587 0.623533 0.339 -0.0265 0.625 0.3395 -0.0269587 0.62352 0.3395 -0.027 0.625 0.339027 0.0265268 0.6249 0.3395 0.0269852 0.624106 0.339016 0.0265157 0.624922 0.339007 0.0265072 0.624947 0.339 0.0265 0.625 0.339002 0.0265018 0.624973 0.346 -0.00118851 0.651973 0.346605 -0.000759039 0.6515 0.346 0.000285581 0.651998 0.346 -0.00266013 0.651868 0.346605 -0.00221158 0.651418 0.346605 -0.00366402 0.651256 0.346 -0.00411667 0.651684 0.346 -0.00556443 0.65142 0.346605 -0.00510824 0.651014 0.346 -0.00700082 0.651076 0.346605 -0.00652685 0.650695 0.346605 -0.00793145 0.650296 0.346 -0.00840884 0.650657 0.346 -0.00979161 0.650162 0.346605 -0.00931829 0.649819 0.346 -0.0111543 0.649587 0.346605 -0.0106645 0.649271 0.346605 -0.0119832 0.648647 0.346 -0.0124762 0.648944 0.346 -0.0137573 0.648232 0.346605 -0.0132744 0.647948 0.346 -0.0150097 0.647443 0.346605 -0.0145118 0.647186 0.346605 -0.015709 0.646355 0.346 -0.0162101 0.646592 0.346 -0.0173585 0.64568 0.346605 -0.016866 0.645454 0.346 -0.0184642 0.644699 0.346605 -0.0179638 0.644497 0.346605 -0.0190072 0.643481 0.346 -0.0195108 0.643663 0.346 -0.0204958 0.642576 0.346605 -0.0199989 0.642403 0.346 -0.0214255 0.641429 0.346605 -0.0209265 0.641276 0.346605 -0.0217879 0.640103 0.346 -0.0222902 0.640235 0.346 -0.0230854 0.639002 0.346605 -0.0225878 0.638878 0.346 -0.0238148 0.637721 0.346605 -0.023319 0.637612 0.346605 -0.0239753 0.636314 0.346 -0.0244741 0.636401 0.346 -0.0250581 0.635054 0.346605 -0.0245621 0.634975 0.346 -0.0255683 0.633674 0.346605 -0.0250761 0.633604 0.346605 -0.0255097 0.632216 0.346 -0.0260042 0.632263 0.346 -0.0263612 0.630838 0.346605 -0.025868 0.6308 0.346 -0.0266393 0.629399 0.346605 -0.0261499 0.629361 0.346605 -0.0263493 0.627922 0.346 -0.0268384 0.627946 0.346 -0.0269587 0.62648 0.346605 -0.0264697 0.626468 0.346 -0.027 0.625 0.346605 -0.0265111 0.625 0.346 0.00175183 0.651943 0.346605 0.000702877 0.651501 0.346605 0.00216373 0.651422 0.346 0.00321941 0.651807 0.346605 0.00361077 0.651264 0.346 0.00468028 0.651591 0.346 0.00611721 0.651298 0.346605 0.00505036 0.651025 0.346605 0.00647988 0.650706 0.346 0.00754168 0.650925 0.346605 0.00788209 0.650312 0.346 0.00894997 0.650473 0.346 0.0103194 0.64995 0.346605 0.00926014 0.649841 0.346605 0.0106193 0.649291 0.346 0.0116629 0.64935 0.346605 0.0119385 0.648671 0.346 0.0129805 0.648675 0.346 0.014246 0.647936 0.346605 0.0132177 0.647981 0.346605 0.0144694 0.647213 0.346 0.0154729 0.647126 0.346605 0.0156696 0.646384 0.346 0.0166613 0.646246 0.346 0.0177921 0.645308 0.346605 0.0168183 0.645493 0.346605 0.0179252 0.644532 0.346 0.01887 0.64431 0.346605 0.0189736 0.643515 0.346 0.0198979 0.64325 0.346 0.0208629 0.642139 0.346605 0.0199605 0.642447 0.346605 0.0208929 0.641318 0.346 0.0217633 0.640979 0.346605 0.0217606 0.640142 0.346 0.0226036 0.639766 0.346 0.0233764 0.638511 0.346605 0.0225588 0.638926 0.346605 0.0232917 0.637661 0.346 0.0240755 0.637221 0.346605 0.0239547 0.636357 0.346 0.0247063 0.635889 0.346 0.0252652 0.634522 0.346605 0.0245424 0.635025 0.346605 0.0250565 0.633659 0.346 0.0257446 0.633136 0.346605 0.0254963 0.632262 0.346 0.0261496 0.63172 0.346 0.026479 0.630278 0.346605 0.0258571 0.630851 0.346605 0.026139 0.629426 0.346 0.0267261 0.628833 0.346605 0.026342 0.627987 0.346 0.0268949 0.627372 0.346 0.0269852 0.625894 0.346605 0.026466 0.626533 0.346585 0.0265268 0.6251 0.346605 0.026511 0.625066 0.34693 0.0240987 0.631618 0.346605 0.0254963 0.632262 0.346942 0.0239178 0.632051 0.347746 0.0211788 0.624459 0.347746 0.0211234 0.623378 0.346605 0.026466 0.623467 0.347645 0.00270384 0.646489 0.347746 0.00162207 0.646123 0.347746 0.00270346 0.646012 0.347097 0.0185563 0.640556 0.34717 0.0185168 0.640072 0.346605 0.0208929 0.641318 0.347335 0.0228832 0.628177 0.346605 0.026342 0.627987 0.346605 0.026139 0.629426 0.34716 0.0236099 0.628842 0.347243 0.023273 0.628478 0.346605 0.0144694 0.647213 0.347746 0.0119664 0.642482 0.346605 0.0156696 0.646384 0.346605 -0.000759039 0.6515 0.346605 -0.00221158 0.651418 0.347746 -0.00054072 0.646179 0.347746 0.000540675 0.646179 0.347746 -0.00162211 0.646123 0.347592 -0.00273303 0.646731 0.346605 -0.00366402 0.651256 0.347489 -0.00284855 0.647201 0.347696 -0.00269402 0.64625 0.347208 -0.00361976 0.648418 0.347295 -0.00329748 0.648055 0.34739 -0.00303797 0.647645 0.346605 -0.00652685 0.650695 0.346967 -0.00536569 0.649232 0.346605 -0.00510824 0.651014 0.34713 -0.00399877 0.648725 0.346605 -0.00793145 0.650296 0.346986 -0.00765794 0.648518 0.346952 -0.0072595 0.648809 0.346933 -0.0068197 0.649031 0.346929 -0.00634745 0.649178 0.34725 -0.00863162 0.646858 0.346605 -0.00931829 0.649819 0.346605 -0.0106645 0.649271 0.346605 -0.0119832 0.648647 0.347746 -0.00915693 0.644104 0.34754 -0.0085767 0.64542 0.347643 -0.00840568 0.644968 0.346605 -0.0145118 0.647186 0.347746 -0.0110577 0.643071 0.346605 -0.0132744 0.647948 0.347746 -0.0101212 0.643612 0.346605 -0.015709 0.646355 0.347746 -0.0119665 0.642482 0.347645 -0.0130852 0.642257 0.347543 -0.0133868 0.642628 0.346605 -0.016866 0.645454 0.347346 -0.0141458 0.643204 0.347442 -0.0137424 0.642946 0.347039 -0.016015 0.643521 0.346605 -0.0179638 0.644497 0.34699 -0.0164873 0.643408 0.347173 -0.0150516 0.643513 0.347255 -0.0145853 0.643395 0.346938 -0.0180249 0.642261 0.346929 -0.0177155 0.642639 0.346605 -0.0190072 0.643481 0.346955 -0.0169361 0.64322 0.346934 -0.0173496 0.642961 0.346962 -0.0182681 0.641839 0.346605 -0.0199989 0.642403 0.347 -0.0184401 0.641383 0.347647 -0.0172475 0.638079 0.347746 -0.0174823 0.636966 0.347746 -0.0168456 0.637848 0.347746 -0.018071 0.636058 0.346605 -0.0225878 0.638878 0.346605 -0.0217879 0.640103 0.346605 -0.0239753 0.636314 0.347746 -0.0186117 0.635121 0.346605 -0.023319 0.637612 0.347746 -0.0195489 0.633165 0.347746 -0.0191044 0.634157 0.347646 -0.0199568 0.633401 0.346605 -0.0245621 0.634975 0.347544 -0.0203989 0.63357 0.347259 -0.0218065 0.633642 0.347177 -0.0222667 0.633516 0.347349 -0.0213349 0.633693 0.347445 -0.0208609 0.633669 0.346994 -0.0234548 0.632729 0.347043 -0.0231017 0.633054 0.346605 -0.0250761 0.633604 0.347105 -0.0227016 0.63332 0.346605 -0.0255097 0.632216 0.346931 -0.0241374 0.631469 0.346938 -0.0239756 0.631923 0.34696 -0.0237434 0.632344 0.346958 -0.0242446 0.630513 0.346938 -0.0242245 0.630995 0.346605 -0.025868 0.6308 0.347645 -0.0214853 0.627703 0.347544 -0.0219521 0.627777 0.346605 -0.0263493 0.627922 0.346605 -0.0264697 0.626468 0.347746 -0.0211087 0.626805 0.347259 -0.0232067 0.62842 0.347349 -0.0228235 0.62814 0.347746 -0.0211664 0.625904 0.346605 -0.0265111 0.625 0.346605 0.000702877 0.651501 0.347746 -0.0211857 0.625 0.346605 0.00216373 0.651422 0.346929 0.00652144 0.649134 0.346605 0.00647988 0.650706 0.346935 0.00604264 0.64923 0.34699 0.00507313 0.649185 0.346605 0.00505036 0.651025 0.347039 0.0046089 0.649047 0.347746 -0.0210125 0.627703 0.347445 -0.0224015 0.627924 0.347105 -0.0238204 0.629147 0.346605 -0.0261499 0.629361 0.347177 -0.0235421 0.628758 0.346994 -0.024177 0.630035 0.347043 -0.024034 0.629576 0.3471 -0.0155321 0.643556 0.346605 0.00788209 0.650312 0.346938 0.00697703 0.648962 0.346605 0.00926014 0.649841 0.347051 0.00809636 0.648047 0.347115 0.00835363 0.647638 0.347 0.00777525 0.648411 0.347366 0.00869402 0.64625 0.346605 0.0106193 0.649291 0.347274 0.00865574 0.646728 0.34719 0.0085415 0.647194 0.347746 0.00915688 0.644104 0.347553 0.00855817 0.645359 0.34765 0.00839164 0.644938 0.34745 -0.0179217 0.638711 0.346605 -0.0209265 0.641276 0.347548 -0.0176096 0.638369 0.347186 -0.0184989 0.639973 0.347267 -0.0183723 0.639522 0.347356 -0.0181788 0.6391 0.347052 -0.0185357 0.640908 0.347114 -0.0185539 0.640437 0.347746 -0.0128474 0.641845 0.347341 -0.00869129 0.646377 0.347438 -0.00867241 0.645893 0.347063 -0.00442279 0.648968 0.347008 -0.00488351 0.649139 0.346605 0.0119385 0.648671 0.346605 0.0132177 0.647981 0.347746 0.0101211 0.643612 0.347746 0.0110576 0.643071 0.347351 0.0141191 0.643189 0.347262 0.0145495 0.643382 0.347746 -0.00816499 0.644549 0.347095 -0.00828309 0.647766 0.347167 -0.0084944 0.647326 0.347033 -0.00800126 0.648168 0.346941 -0.00585936 0.649246 0.347746 -0.00270348 0.646012 0.347458 0.00865984 0.645799 0.347746 0.018071 0.636058 0.346605 0.0217606 0.640142 0.347746 0.0174823 0.636966 0.34696 0.0168662 0.643255 0.346939 0.0172748 0.643003 0.346605 0.0179252 0.644532 0.346605 0.0189736 0.643515 0.346956 0.018214 0.641934 0.346605 0.0199605 0.642447 0.346936 0.0179596 0.642339 0.34693 0.0176434 0.642699 0.347343 0.0182102 0.639158 0.34744 0.0179519 0.63875 0.347037 0.0185183 0.641032 0.347644 0.0172599 0.638087 0.347541 0.0176328 0.638391 0.347442 0.00292882 0.647413 0.346605 0.00361077 0.651264 0.347542 0.00277934 0.646961 0.347173 0.00377863 0.648559 0.347255 0.00343386 0.648223 0.347345 0.00314894 0.647838 0.3471 0.00417256 0.648836 0.346955 0.00555649 0.649247 0.346962 0.00739937 0.648718 0.347746 0.00816486 0.644549 0.347646 0.0130822 0.642252 0.347546 0.0133767 0.642617 0.347252 0.0184003 0.639602 0.347746 0.0168451 0.637847 0.346605 0.0250565 0.633659 0.347004 0.0233747 0.632812 0.346966 0.0236784 0.632456 0.346605 0.0232917 0.637661 0.346605 0.0225588 0.638926 0.347746 0.0186117 0.635121 0.347746 0.0191044 0.634157 0.346605 0.0239547 0.636357 0.347648 0.0199471 0.633396 0.347746 0.0128475 0.641846 0.347447 0.013725 0.642932 0.347108 0.0154783 0.643555 0.346605 0.0168183 0.645493 0.34718 0.0150063 0.643505 0.346996 0.0164207 0.643429 0.347046 0.0159535 0.64353 0.34699 0.0184056 0.641495 0.347746 0.0195491 0.633165 0.346606 0.0265044 0.62504 0.346605 0.026511 0.625066 0.346932 0.0242108 0.631162 0.346948 0.0242504 0.630694 0.346605 0.0258571 0.630851 0.347027 0.0240846 0.629711 0.347087 0.0238829 0.629255 0.34698 0.0242084 0.630195 0.347434 0.0224495 0.627944 0.347537 0.0219855 0.627786 0.347642 0.0215009 0.627705 0.347746 0.021012 0.627703 0.347746 0.0211233 0.626622 0.347453 0.0208239 0.633663 0.346605 0.0245424 0.635025 0.34755 0.020375 0.633563 0.34719 0.0221938 0.633542 0.347271 0.0217441 0.633653 0.347359 0.021284 0.633694 0.347055 0.0230191 0.633117 0.347117 0.0226226 0.633362 0.347746 0.0211788 0.625541 0.346605 0.026466 0.626533 0.34755 0.0203746 0.616437 0.347649 0.0199453 0.616605 0.347746 0.0191044 0.615843 0.346607 0.0265004 0.625013 0.346607 0.0265011 0.624987 0.346606 0.0265044 0.62496 0.347746 0.0210125 0.622297 0.347642 0.0215028 0.622295 0.346605 0.026511 0.624934 0.346605 0.026342 0.622013 0.347537 0.0219867 0.622214 0.347434 0.0224505 0.622055 0.347243 0.0232734 0.621521 0.346605 0.026139 0.620574 0.347335 0.0228841 0.621822 0.347027 0.0240849 0.620288 0.347087 0.0238829 0.620744 0.34716 0.0236104 0.621158 0.346948 0.0242504 0.619306 0.346605 0.0258571 0.619149 0.34698 0.0242083 0.619805 0.346932 0.0242106 0.618838 0.346605 0.0254963 0.617738 0.346968 0.0236714 0.617549 0.346605 0.0250565 0.616341 0.34693 0.0240986 0.618381 0.34699 0.0184054 0.608505 0.346605 0.0199605 0.607553 0.347037 0.0185182 0.608968 0.347359 0.0212843 0.616306 0.347453 0.0208234 0.616337 0.346605 0.0245424 0.614975 0.346605 0.0208929 0.608682 0.347343 0.0182109 0.610841 0.347252 0.0184003 0.610398 0.347097 0.0185563 0.609444 0.346605 0.0217606 0.609858 0.34744 0.0179524 0.611248 0.346605 0.0225588 0.611074 0.346605 0.0232917 0.612339 0.347746 0.018071 0.613942 0.347644 0.0172613 0.611912 0.347746 0.0174823 0.613034 0.347746 0.0186117 0.614879 0.346605 0.0239547 0.613643 0.347546 0.0133762 0.607383 0.347647 0.0130808 0.607749 0.347746 0.0119665 0.607518 0.347746 0.0195486 0.616835 0.347541 0.0176339 0.611608 0.347746 0.0168456 0.612152 0.347169 0.018517 0.609927 0.346955 0.0182194 0.608063 0.346605 0.0189736 0.606485 0.346936 0.0179587 0.60766 0.34693 0.0176423 0.6073 0.346962 0.0168611 0.606754 0.346605 0.0179252 0.605468 0.346939 0.0172735 0.606996 0.346605 0.00647988 0.599294 0.346605 0.00788209 0.599688 0.346931 0.0065166 0.600876 0.34718 0.0150064 0.606495 0.346605 0.0168183 0.604507 0.347108 0.015478 0.606445 0.346605 0.0119385 0.601329 0.346605 0.0132177 0.602019 0.347746 0.0101212 0.606388 0.34694 0.0069718 0.601047 0.347366 0.00869402 0.60375 0.346605 0.0106193 0.600709 0.347458 0.00865962 0.604201 0.347274 0.00865578 0.603273 0.34719 0.00854144 0.602806 0.346605 0.00926014 0.600159 0.347746 0.00915694 0.605896 0.347553 0.00855854 0.604641 0.347746 0.0110577 0.606929 0.346605 0.0156696 0.603616 0.346605 0.0144694 0.602787 0.347645 0.00270349 0.603513 0.347746 0.00162217 0.603877 0.347543 0.00277919 0.603041 0.347746 0.0128473 0.608155 0.34765 0.00839198 0.605061 0.347746 0.00816499 0.605451 0.347115 0.00835386 0.602363 0.347051 0.00809613 0.601953 0.347 0.0077754 0.601589 0.346962 0.00739894 0.601282 0.346937 0.00604024 0.600781 0.346605 0.00505036 0.598975 0.346992 0.00507432 0.600825 0.347039 0.00460795 0.600953 0.3471 0.00417187 0.601164 0.346605 -0.00793145 0.599704 0.346605 -0.00652685 0.599305 0.346933 -0.00682185 0.60097 0.346605 0.00216373 0.598578 0.346605 0.00361077 0.598736 0.347063 -0.00442494 0.601032 0.346605 -0.00510824 0.598986 0.34713 -0.00399963 0.601274 0.347746 0.000540762 0.603821 0.346605 0.000702877 0.598499 0.346605 -0.00366402 0.598744 0.347489 -0.00284861 0.602799 0.347389 -0.00303879 0.602354 0.346605 -0.000759039 0.5985 0.347746 -0.00162205 0.603877 0.346605 -0.00221158 0.598582 0.347208 -0.00362125 0.601581 0.347696 -0.00269402 0.60375 0.347592 -0.00273323 0.603267 0.347746 -0.000540646 0.603821 0.347746 0.00270351 0.603988 0.347644 -0.00840492 0.605034 0.347746 -0.00915683 0.605896 0.34754 -0.00857601 0.604582 0.347295 -0.00329774 0.601945 0.347746 -0.00270346 0.603988 0.347008 -0.00488513 0.600861 0.346967 -0.00536832 0.600768 0.346941 -0.00586149 0.600754 0.346605 -0.00931829 0.600181 0.347034 -0.00800295 0.601835 0.346929 -0.00635021 0.600823 0.34745 -0.0179216 0.611289 0.346605 -0.0209265 0.608724 0.347356 -0.0181783 0.610901 0.34725 -0.00863217 0.603144 0.347167 -0.00849519 0.602676 0.346938 -0.0180248 0.607739 0.346605 -0.0190072 0.606519 0.346929 -0.0177163 0.607362 0.346605 -0.016866 0.604546 0.34699 -0.0164878 0.606592 0.346605 -0.0179638 0.605503 0.346962 -0.0182684 0.608162 0.346605 -0.015709 0.603645 0.347345 -0.014147 0.606795 0.347255 -0.0145861 0.606605 0.3471 -0.0155328 0.606444 0.347173 -0.0150531 0.606486 0.347542 -0.0133876 0.607371 0.347442 -0.0137435 0.607054 0.347746 -0.0101211 0.606388 0.347746 -0.0110576 0.606929 0.346605 -0.0132744 0.602052 0.346605 -0.0145118 0.602814 0.347746 -0.0119664 0.607518 0.346605 -0.0106645 0.600729 0.346605 -0.0119832 0.601353 0.347746 -0.00816467 0.605451 0.347548 -0.0176087 0.611631 0.347648 -0.0172464 0.611922 0.347746 -0.0174823 0.613034 0.347645 -0.0130864 0.607741 0.347746 -0.0128475 0.608154 0.347039 -0.0160165 0.606479 0.346955 -0.0169373 0.606781 0.346934 -0.0173498 0.607039 0.347186 -0.0184988 0.610028 0.347267 -0.0183726 0.610477 0.346605 -0.025868 0.6192 0.34696 -0.0242344 0.619488 0.346994 -0.0241769 0.619966 0.346938 -0.0239767 0.61808 0.346931 -0.0241381 0.618534 0.346605 -0.0255097 0.617784 0.347105 -0.0227025 0.616681 0.347043 -0.0231021 0.616946 0.346605 -0.0250761 0.616396 0.346994 -0.0234556 0.617272 0.346958 -0.0237527 0.617652 0.347349 -0.0213356 0.616307 0.347259 -0.0218076 0.616358 0.346605 -0.0245621 0.615025 0.346605 -0.0239753 0.613686 0.347445 -0.0208622 0.616331 0.346605 -0.023319 0.612388 0.346605 -0.0225878 0.611122 0.347746 -0.0186117 0.614879 0.347645 -0.0199586 0.616599 0.347746 -0.0191044 0.615843 0.347746 -0.018071 0.613942 0.346605 -0.0217879 0.609897 0.347646 -0.0214835 0.622297 0.347746 -0.0211087 0.623195 0.347544 -0.0219512 0.622223 0.347746 -0.0168454 0.612153 0.347544 -0.0203998 0.616429 0.347746 -0.0195491 0.616835 0.347177 -0.0222673 0.616484 0.346938 -0.0242248 0.619007 0.347043 -0.0240339 0.620424 0.346605 -0.0261499 0.620639 0.347105 -0.02382 0.620854 0.347177 -0.0235417 0.621242 0.347259 -0.023206 0.621581 0.347445 -0.0224004 0.622077 0.346605 -0.0263493 0.622078 0.347349 -0.0228229 0.621861 0.347746 -0.0211664 0.624096 0.346605 -0.0264697 0.623532 0.347746 -0.0210123 0.622297 0.346605 -0.0199989 0.607597 0.347113 -0.018554 0.609562 0.347052 -0.0185357 0.609092 0.347 -0.0184399 0.608616 0.347341 -0.00869123 0.603625 0.347439 -0.00867236 0.604109 0.347095 -0.00828424 0.602236 0.346952 -0.00726192 0.601192 0.346986 -0.00765968 0.601483 0.347442 0.00292813 0.602588 0.347346 0.00314837 0.602163 0.347255 0.00343311 0.601778 0.347173 0.00377777 0.601442 0.346957 0.00555506 0.600764 0.347352 0.014119 0.606811 0.347447 0.0137241 0.607068 0.347262 0.0145489 0.606618 0.347046 0.015954 0.60647 0.346996 0.0164205 0.606571 0.347271 0.0217442 0.616347 0.34719 0.0221946 0.616459 0.347117 0.022623 0.616638 0.347004 0.023375 0.617188 0.347055 0.0230201 0.616884 0.346942 0.0239175 0.617949 0.346 -0.027 0.625 0.3395 -0.027 0.625 0.3395 -0.0269587 0.62352 0.3395 -0.0268384 0.622054 0.346 -0.0269587 0.62352 0.3395 -0.0266393 0.620601 0.346 -0.0268384 0.622054 0.346 -0.0266393 0.620601 0.3395 -0.0263612 0.619162 0.3395 -0.0260042 0.617737 0.346 -0.0263612 0.619162 0.3395 -0.0255683 0.616326 0.346 -0.0260042 0.617737 0.346 -0.0255683 0.616326 0.3395 -0.0250581 0.614946 0.3395 -0.0244741 0.613599 0.346 -0.0250581 0.614946 0.3395 -0.0238148 0.612279 0.346 -0.0244741 0.613599 0.346 -0.0238148 0.612279 0.3395 -0.0230854 0.610998 0.3395 -0.0222902 0.609765 0.346 -0.0230854 0.610998 0.3395 -0.0214255 0.608571 0.346 -0.0222902 0.609765 0.346 -0.0214255 0.608571 0.3395 -0.0204958 0.607424 0.3395 -0.0195108 0.606337 0.346 -0.0204958 0.607424 0.3395 -0.0184642 0.605301 0.346 -0.0195108 0.606337 0.346 -0.0184642 0.605301 0.3395 -0.0173585 0.60432 0.3395 -0.0162101 0.603408 0.346 -0.0173585 0.60432 0.3395 -0.0150097 0.602557 0.346 -0.0162101 0.603408 0.346 -0.0150097 0.602557 0.3395 -0.0137573 0.601768 0.3395 -0.0124762 0.601056 0.346 -0.0137573 0.601768 0.3395 -0.0111543 0.600413 0.346 -0.0124762 0.601056 0.346 -0.0111543 0.600413 0.3395 -0.00979161 0.599838 0.3395 -0.00840884 0.599343 0.346 -0.00979161 0.599838 0.3395 -0.00700082 0.598924 0.346 -0.00840884 0.599343 0.346 -0.00700082 0.598924 0.3395 -0.00556443 0.59858 0.3395 -0.00411667 0.598316 0.346 -0.00556443 0.59858 0.3395 -0.00266013 0.598132 0.346 -0.00411667 0.598316 0.346 -0.00266013 0.598132 0.3395 -0.00118851 0.598027 0.346 -0.00118851 0.598027 0.3395 0.000285581 0.598002 0.346 0.000285581 0.598002 0.3395 0.00175183 0.598057 0.346 0.00175183 0.598057 0.346 0.00321941 0.598193 0.3395 0.00321941 0.598193 0.3395 0.00468028 0.598409 0.346 0.00468028 0.598409 0.3395 0.00611721 0.598702 0.346 0.00611721 0.598702 0.346 0.00754168 0.599075 0.3395 0.00754168 0.599075 0.3395 0.00894997 0.599527 0.346 0.00894997 0.599527 0.3395 0.0103194 0.60005 0.346 0.0103194 0.60005 0.346 0.0116629 0.60065 0.3395 0.0116629 0.60065 0.3395 0.0129805 0.601325 0.346 0.0129805 0.601325 0.3395 0.014246 0.602064 0.346 0.014246 0.602064 0.346 0.0154729 0.602874 0.3395 0.0154729 0.602874 0.3395 0.0166613 0.603754 0.346 0.0166613 0.603754 0.3395 0.0177921 0.604692 0.346 0.0177921 0.604692 0.346 0.01887 0.60569 0.3395 0.01887 0.60569 0.3395 0.0198979 0.60675 0.346 0.0198979 0.60675 0.3395 0.0208629 0.607861 0.346 0.0208629 0.607861 0.346 0.0217633 0.609021 0.3395 0.0217633 0.609021 0.3395 0.0226036 0.610234 0.346 0.0226036 0.610234 0.3395 0.0233764 0.611489 0.346 0.0233764 0.611489 0.346 0.0240755 0.612779 0.3395 0.0240755 0.612779 0.3395 0.0247063 0.614111 0.346 0.0247063 0.614111 0.3395 0.0252652 0.615478 0.346 0.0252652 0.615478 0.346 0.0257446 0.616864 0.3395 0.0257446 0.616864 0.3395 0.0261496 0.61828 0.346 0.0261496 0.61828 0.3395 0.026479 0.619722 0.346 0.026479 0.619722 0.346 0.0267261 0.621167 0.3395 0.0267261 0.621167 0.3395 0.0268949 0.622628 0.346 0.0268949 0.622628 0.3395 0.0269852 0.624106 0.346 0.0269852 0.624106 0.346 -0.0269587 0.62648 0.346 -0.0268384 0.627946 0.3395 -0.0269587 0.62648 0.3395 -0.0268384 0.627946 0.346 -0.0266393 0.629399 0.346 -0.0263612 0.630838 0.3395 -0.0266393 0.629399 0.346 -0.0260042 0.632263 0.3395 -0.0263612 0.630838 0.3395 -0.0260042 0.632263 0.346 -0.0255683 0.633674 0.346 -0.0250581 0.635054 0.3395 -0.0255683 0.633674 0.346 -0.0244741 0.636401 0.3395 -0.0250581 0.635054 0.3395 -0.0244741 0.636401 0.346 -0.0238148 0.637721 0.346 -0.0230854 0.639002 0.3395 -0.0238148 0.637721 0.346 -0.0222902 0.640235 0.3395 -0.0230854 0.639002 0.3395 -0.0222902 0.640235 0.346 -0.0214255 0.641429 0.346 -0.0204958 0.642576 0.3395 -0.0214255 0.641429 0.346 -0.0195108 0.643663 0.3395 -0.0204958 0.642576 0.3395 -0.0195108 0.643663 0.346 -0.0184642 0.644699 0.346 -0.0173585 0.64568 0.3395 -0.0184642 0.644699 0.346 -0.0162101 0.646592 0.3395 -0.0173585 0.64568 0.3395 -0.0162101 0.646592 0.346 -0.0150097 0.647443 0.346 -0.0137573 0.648232 0.3395 -0.0150097 0.647443 0.346 -0.0124762 0.648944 0.3395 -0.0137573 0.648232 0.3395 -0.0124762 0.648944 0.346 -0.0111543 0.649587 0.346 -0.00979161 0.650162 0.3395 -0.0111543 0.649587 0.346 -0.00840884 0.650657 0.3395 -0.00979161 0.650162 0.3395 -0.00840884 0.650657 0.346 -0.00700082 0.651076 0.346 -0.00556443 0.65142 0.3395 -0.00700082 0.651076 0.346 -0.00411667 0.651684 0.3395 -0.00556443 0.65142 0.3395 -0.00411667 0.651684 0.346 -0.00266013 0.651868 0.346 -0.00118851 0.651973 0.3395 -0.00266013 0.651868 0.3395 -0.00118851 0.651973 0.346 0.000285581 0.651998 0.3395 0.000285581 0.651998 0.3395 0.00175183 0.651943 0.346 0.00175183 0.651943 0.346 0.00321941 0.651807 0.3395 0.00321941 0.651807 0.346 0.00468028 0.651591 0.3395 0.00468028 0.651591 0.3395 0.00611721 0.651298 0.346 0.00611721 0.651298 0.346 0.00754168 0.650925 0.3395 0.00754168 0.650925 0.346 0.00894997 0.650473 0.3395 0.00894997 0.650473 0.3395 0.0103194 0.64995 0.346 0.0103194 0.64995 0.346 0.0116629 0.64935 0.3395 0.0116629 0.64935 0.346 0.0129805 0.648675 0.3395 0.0129805 0.648675 0.3395 0.014246 0.647936 0.346 0.014246 0.647936 0.346 0.0154729 0.647126 0.3395 0.0154729 0.647126 0.346 0.0166613 0.646246 0.3395 0.0166613 0.646246 0.3395 0.0177921 0.645308 0.346 0.0177921 0.645308 0.346 0.01887 0.64431 0.3395 0.01887 0.64431 0.346 0.0198979 0.64325 0.3395 0.0198979 0.64325 0.3395 0.0208629 0.642139 0.346 0.0208629 0.642139 0.346 0.0217633 0.640979 0.3395 0.0217633 0.640979 0.346 0.0226036 0.639766 0.3395 0.0226036 0.639766 0.3395 0.0233764 0.638511 0.346 0.0233764 0.638511 0.346 0.0240755 0.637221 0.3395 0.0240755 0.637221 0.346 0.0247063 0.635889 0.3395 0.0247063 0.635889 0.3395 0.0252652 0.634522 0.346 0.0252652 0.634522 0.346 0.0257446 0.633136 0.3395 0.0257446 0.633136 0.346 0.0261496 0.63172 0.3395 0.0261496 0.63172 0.3395 0.026479 0.630278 0.346 0.026479 0.630278 0.346 0.0267261 0.628833 0.3395 0.0267261 0.628833 0.346 0.0268949 0.627372 0.3395 0.0268949 0.627372 0.346 0.0269852 0.625894 0.3395 0.0269852 0.625894 0.339 -0.0132433 0.602047 0.339 -0.0131077 0.603712 0.339 -0.0118875 0.603007 0.339 0.0159744 0.60577 0.339 0.017948 0.605503 0.339 0.0168511 0.604548 0.339 0.0106449 0.600732 0.339 0.00996699 0.602073 0.339 0.0112551 0.602677 0.339 0.0225787 0.611128 0.339 0.0214683 0.61219 0.339 0.0233061 0.612387 0.339 0.0209122 0.608723 0.339 0.0199875 0.607601 0.339 0.0189945 0.608746 0.339 0.0189994 0.606527 0.339 0.0180489 0.607702 0.339 0.00732057 0.601096 0.339 0.00650537 0.599311 0.339 0.00594901 0.600719 0.339 0.0124946 0.603347 0.339 0.0119719 0.601359 0.339 0.0156998 0.603652 0.339 0.0148658 0.6049 0.339 0.00865548 0.601546 0.339 0.00791748 0.599711 0.339 0.0144941 0.602815 0.339 0.013255 0.602053 0.339 0.0045673 0.600421 0.339 0.00508608 0.598993 0.339 0.00929734 0.600185 0.339 0.0136982 0.604088 0.339 0.00364707 0.598753 0.339 0.00317545 0.600203 0.339 0.000347737 0.600003 0.339 0.0017599 0.600063 0.339 0.000736083 0.598511 0.339 -0.000722818 0.598511 0.339 -0.00106103 0.600022 0.339 0.0170354 0.606704 0.339 0.00218835 0.59859 0.339 -0.00247985 0.600124 0.339 -0.00218835 0.59859 0.339 -0.00363399 0.598751 0.339 -0.00388183 0.600303 0.339 -0.00507299 0.598991 0.339 -0.00526698 0.600561 0.339 0.0198825 0.609846 0.339 0.0217808 0.609906 0.339 -0.00664825 0.600901 0.339 -0.00790494 0.599707 0.339 -0.00799973 0.601315 0.339 0.0207127 0.611001 0.339 0.0239681 0.613697 0.339 0.0221576 0.613424 0.339 -0.00650537 0.599311 0.339 0.0227807 0.614702 0.339 0.0245541 0.615033 0.339 -0.00932141 0.601803 0.339 -0.00928479 0.60018 0.339 0.0250642 0.616395 0.339 0.0237953 0.617335 0.339 0.0255015 0.617796 0.339 0.0233244 0.616002 0.339 -0.0106254 0.602371 0.339 -0.0119603 0.601353 0.339 -0.0106449 0.600732 0.339 -0.0156893 0.603644 0.339 -0.0154333 0.605333 0.339 -0.0142969 0.604492 0.339 0.0241933 0.618701 0.339 0.0258597 0.619211 0.339 -0.0165169 0.606233 0.339 -0.0168406 0.60454 0.339 -0.017948 0.605503 0.339 -0.0199785 0.607591 0.339 -0.0209122 0.608723 0.339 -0.0194509 0.609294 0.339 -0.0185351 0.608224 0.339 -0.0189904 0.606518 0.339 0.0237998 0.632652 0.339 0.0233289 0.633985 0.339 0.0250642 0.633605 0.339 0.0258597 0.630789 0.339 0.0245118 0.629913 0.339 0.0241933 0.631299 0.339 0.0227807 0.635298 0.339 0.0245541 0.634967 0.339 -0.0254983 0.617784 0.339 -0.0258564 0.619198 0.339 -0.024363 0.619394 0.339 -0.0235719 0.616672 0.339 -0.0245488 0.615021 0.339 -0.0250642 0.616395 0.339 0.0180489 0.642298 0.339 0.0199875 0.642399 0.339 0.0190031 0.641244 0.339 -0.0261386 0.620638 0.339 -0.0246404 0.620775 0.339 -0.0249589 0.623578 0.339 -0.0264587 0.623533 0.339 -0.025 0.625 0.339 -0.0263383 0.622079 0.339 -0.0258564 0.630802 0.339 -0.0246404 0.629225 0.339 -0.0261386 0.629362 0.339 -0.0263383 0.627921 0.339 -0.024839 0.62783 0.339 -0.0249589 0.626422 0.339 0.00508608 0.651007 0.339 0.00650537 0.650689 0.339 0.00596226 0.649278 0.339 -0.0235719 0.633328 0.339 -0.0250642 0.633605 0.339 -0.0245488 0.634979 0.339 0.00218835 0.65141 0.339 0.00364707 0.651247 0.339 0.00317545 0.649797 0.339 0.00177344 0.649937 0.339 0.000736083 0.651489 0.339 -0.0265 0.625 0.339 -0.0264587 0.626467 0.339 -0.00363399 0.651249 0.339 -0.00218835 0.65141 0.339 -0.00246641 0.649878 0.339 -0.0165169 0.643767 0.339 -0.0168406 0.64546 0.339 -0.0154224 0.644675 0.339 -0.00526698 0.649439 0.339 -0.00650537 0.650689 0.339 -0.00507299 0.651009 0.339 -0.0194509 0.640706 0.339 -0.0199785 0.642409 0.339 -0.0185257 0.641786 0.339 -0.00928479 0.64982 0.339 -0.00932141 0.648197 0.339 -0.0106449 0.649268 0.339 -0.0225715 0.638883 0.339 -0.0218254 0.637192 0.339 -0.0233061 0.637613 0.339 -0.0189904 0.643482 0.339 -0.0175477 0.642806 0.339 -0.0156893 0.646356 0.339 -0.014286 0.645516 0.339 -0.00663529 0.649103 0.339 -0.00790494 0.650293 0.339 -0.0118754 0.646999 0.339 -0.0131077 0.646288 0.339 -0.0132433 0.647953 0.339 -0.0119603 0.648647 0.339 -0.0106133 0.647635 0.339 -0.00798677 0.648689 0.339 -0.0144941 0.647185 0.339 -0.00386839 0.649698 0.339 -0.00106103 0.649978 0.339 -0.000722818 0.651489 0.339 0.000361279 0.649997 0.339 -0.017948 0.644497 0.339 0.00458055 0.649576 0.339 -0.0209122 0.641277 0.339 -0.0203046 0.639585 0.339 0.00791748 0.650289 0.339 0.00732057 0.648904 0.339 -0.0217735 0.640105 0.339 -0.021096 0.638414 0.339 0.00929734 0.649815 0.339 0.00866805 0.648448 0.339 -0.0230595 0.634655 0.339 -0.0239627 0.636315 0.339 -0.0224773 0.635943 0.339 0.00997956 0.647922 0.339 0.0106449 0.649268 0.339 -0.0240034 0.631987 0.339 -0.0243596 0.630619 0.339 -0.0254983 0.632216 0.339 0.0112551 0.647323 0.339 0.013255 0.647947 0.339 0.0125062 0.646646 0.339 0.0119719 0.648641 0.339 0.0159845 0.644221 0.339 0.0148658 0.6451 0.339 0.0168511 0.645452 0.339 0.0137098 0.645905 0.339 0.0156998 0.646348 0.339 -0.024839 0.62217 0.339 0.017948 0.644497 0.339 0.0170456 0.643288 0.339 0.0189994 0.643473 0.339 0.019891 0.640144 0.339 0.0209122 0.641277 0.339 0.0207127 0.638999 0.339 0.0225787 0.638872 0.339 0.0214749 0.637798 0.339 0.0217808 0.640094 0.339 0.0221642 0.636564 0.339 0.0233061 0.637613 0.339 -0.0240069 0.618026 0.339 -0.0230651 0.615357 0.339 -0.0239627 0.613685 0.339 0.0239681 0.636303 0.339 -0.0218254 0.612808 0.339 -0.0225715 0.611117 0.339 -0.0233061 0.612387 0.339 -0.0224829 0.614069 0.339 -0.0211036 0.611598 0.339 -0.0217735 0.609895 0.339 0.0255015 0.632204 0.339 0.0261386 0.629362 0.339 0.0247507 0.62852 0.339 -0.0203121 0.610427 0.339 0.0249099 0.62712 0.339 0.0264587 0.626467 0.339 0.0249896 0.6257 0.339 0.0263383 0.627921 0.339 0.0265 0.625 0.339 0.0249896 0.624286 0.339 -0.0175571 0.607203 0.339 0.0263383 0.622079 0.339 0.0247484 0.621467 0.339 0.0249099 0.62288 0.339 0.0264587 0.623533 0.339 -0.0144941 0.602815 0.339 0.0261386 0.620638 0.339 0.0245095 0.620073 0.339 0.0144941 0.647185 0.3395 0.00321941 0.651807 0.339 0.00364707 0.651247 0.339 0.00218835 0.65141 0.3395 0.00468028 0.651591 0.339 0.00508608 0.651007 0.339 0.00650537 0.650689 0.3395 0.00611721 0.651298 0.3395 0.00754168 0.650925 0.339 0.00791748 0.650289 0.3395 0.00894997 0.650473 0.339 0.00929734 0.649815 0.339 0.0106449 0.649268 0.3395 0.0103194 0.64995 0.3395 0.0116629 0.64935 0.339 0.0119719 0.648641 0.3395 0.0129805 0.648675 0.339 0.013255 0.647947 0.339 0.0144941 0.647185 0.3395 0.014246 0.647936 0.3395 0.0154729 0.647126 0.339 0.0156998 0.646348 0.3395 0.0166613 0.646246 0.339 0.0168511 0.645452 0.339 0.017948 0.644497 0.3395 0.0177921 0.645308 0.3395 0.01887 0.64431 0.339 0.0189994 0.643473 0.3395 0.0198979 0.64325 0.339 0.0199875 0.642399 0.339 0.0209122 0.641277 0.3395 0.0208629 0.642139 0.3395 0.0217633 0.640979 0.339 0.0217808 0.640094 0.3395 0.0226036 0.639766 0.339 0.0225787 0.638872 0.339 0.0233061 0.637613 0.3395 0.0233764 0.638511 0.3395 0.0240755 0.637221 0.339 0.0239681 0.636303 0.3395 0.0247063 0.635889 0.339 0.0245541 0.634967 0.339 0.0250642 0.633605 0.3395 0.0252652 0.634522 0.3395 0.0257446 0.633136 0.339 0.0255015 0.632204 0.3395 0.0261496 0.63172 0.339 0.0258597 0.630789 0.3395 0.026479 0.630278 0.339 0.0265 0.625 0.339 0.0264587 0.626467 0.339002 0.0265019 0.625027 0.3395 0.0267261 0.628833 0.339 0.0261386 0.629362 0.3395 0.0268949 0.627372 0.339 0.0263383 0.627921 0.339007 0.0265072 0.625053 0.3395 0.0269852 0.625894 0.339016 0.0265157 0.625078 0.339027 0.0265268 0.6251 0.339 -0.000722818 0.651489 0.3395 0.000285581 0.651998 0.339 0.000736083 0.651489 0.3395 0.00175183 0.651943 0.3395 -0.00118851 0.651973 0.3395 -0.00266013 0.651868 0.339 -0.00218835 0.65141 0.339 -0.00363399 0.651249 0.3395 -0.00411667 0.651684 0.339 -0.00507299 0.651009 0.3395 -0.00556443 0.65142 0.3395 -0.00700082 0.651076 0.339 -0.00650537 0.650689 0.339 -0.00790494 0.650293 0.3395 -0.00840884 0.650657 0.339 -0.00928479 0.64982 0.3395 -0.00979161 0.650162 0.3395 -0.0111543 0.649587 0.339 -0.0106449 0.649268 0.339 -0.0119603 0.648647 0.3395 -0.0124762 0.648944 0.339 -0.0132433 0.647953 0.3395 -0.0137573 0.648232 0.3395 -0.0150097 0.647443 0.339 -0.0144941 0.647185 0.339 -0.0156893 0.646356 0.3395 -0.0162101 0.646592 0.339 -0.0168406 0.64546 0.3395 -0.0173585 0.64568 0.3395 -0.0184642 0.644699 0.339 -0.017948 0.644497 0.339 -0.0189904 0.643482 0.3395 -0.0195108 0.643663 0.339 -0.0199785 0.642409 0.3395 -0.0204958 0.642576 0.3395 -0.0214255 0.641429 0.339 -0.0209122 0.641277 0.339 -0.0217735 0.640105 0.3395 -0.0222902 0.640235 0.339 -0.0225715 0.638883 0.3395 -0.0230854 0.639002 0.3395 -0.0238148 0.637721 0.339 -0.0233061 0.637613 0.339 -0.0239627 0.636315 0.3395 -0.0244741 0.636401 0.339 -0.0245488 0.634979 0.3395 -0.0250581 0.635054 0.3395 -0.0255683 0.633674 0.339 -0.0250642 0.633605 0.339 -0.0254983 0.632216 0.3395 -0.0260042 0.632263 0.339 -0.0258564 0.630802 0.3395 -0.0263612 0.630838 0.3395 -0.0266393 0.629399 0.339 -0.0261386 0.629362 0.339 -0.0263383 0.627921 0.3395 -0.0268384 0.627946 0.3395 -0.0269587 0.62648 0.339 -0.0264587 0.626467 0.3395 -0.027 0.625 0.339 -0.0265 0.625 0.346605 0.000702877 0.598499 0.346 0.000285581 0.598002 0.346 0.00175183 0.598057 0.346 0.00321941 0.598193 0.346605 0.00216373 0.598578 0.346 0.00468028 0.598409 0.346605 0.00361077 0.598736 0.346605 0.00505036 0.598975 0.346 0.00611721 0.598702 0.346 0.00754168 0.599075 0.346605 0.00647988 0.599294 0.346 0.00894997 0.599527 0.346605 0.00788209 0.599688 0.346605 0.00926014 0.600159 0.346 0.0103194 0.60005 0.346 0.0116629 0.60065 0.346605 0.0106193 0.600709 0.346 0.0129805 0.601325 0.346605 0.0119385 0.601329 0.346605 0.0132177 0.602019 0.346 0.014246 0.602064 0.346 0.0154729 0.602874 0.346605 0.0144694 0.602787 0.346 0.0166613 0.603754 0.346605 0.0156696 0.603616 0.346605 0.0168183 0.604507 0.346 0.0177921 0.604692 0.346 0.01887 0.60569 0.346605 0.0179252 0.605468 0.346 0.0198979 0.60675 0.346605 0.0189736 0.606485 0.346605 0.0199605 0.607553 0.346 0.0208629 0.607861 0.346 0.0217633 0.609021 0.346605 0.0208929 0.608682 0.346 0.0226036 0.610234 0.346605 0.0217606 0.609858 0.346605 0.0225588 0.611074 0.346 0.0233764 0.611489 0.346 0.0240755 0.612779 0.346605 0.0232917 0.612339 0.346 0.0247063 0.614111 0.346605 0.0239547 0.613643 0.346605 0.0245424 0.614975 0.346 0.0252652 0.615478 0.346 0.0257446 0.616864 0.346605 0.0250565 0.616341 0.346 0.0261496 0.61828 0.346605 0.0254963 0.617738 0.346605 0.0258571 0.619149 0.346 0.026479 0.619722 0.346 0.0267261 0.621167 0.346605 0.026139 0.620574 0.346 0.0268949 0.622628 0.346605 0.026342 0.622013 0.346 0.0269852 0.624106 0.346605 0.026466 0.623467 0.346585 0.0265268 0.6249 0.346605 0.026511 0.624934 0.346605 -0.000759039 0.5985 0.346 -0.00118851 0.598027 0.346 -0.00266013 0.598132 0.346605 -0.00221158 0.598582 0.346605 -0.00366402 0.598744 0.346 -0.00411667 0.598316 0.346605 -0.00510824 0.598986 0.346 -0.00556443 0.59858 0.346 -0.00700082 0.598924 0.346605 -0.00652685 0.599305 0.346605 -0.00793145 0.599704 0.346 -0.00840884 0.599343 0.346605 -0.00931829 0.600181 0.346 -0.00979161 0.599838 0.346 -0.0111543 0.600413 0.346605 -0.0106645 0.600729 0.346605 -0.0119832 0.601353 0.346 -0.0124762 0.601056 0.346605 -0.0132744 0.602052 0.346 -0.0137573 0.601768 0.346 -0.0150097 0.602557 0.346605 -0.0145118 0.602814 0.346605 -0.015709 0.603645 0.346 -0.0162101 0.603408 0.346605 -0.016866 0.604546 0.346 -0.0173585 0.60432 0.346 -0.0184642 0.605301 0.346605 -0.0179638 0.605503 0.346605 -0.0190072 0.606519 0.346 -0.0195108 0.606337 0.346605 -0.0199989 0.607597 0.346 -0.0204958 0.607424 0.346 -0.0214255 0.608571 0.346605 -0.0209265 0.608724 0.346605 -0.0217879 0.609897 0.346 -0.0222902 0.609765 0.346605 -0.0225878 0.611122 0.346 -0.0230854 0.610998 0.346 -0.0238148 0.612279 0.346605 -0.023319 0.612388 0.346605 -0.0239753 0.613686 0.346 -0.0244741 0.613599 0.346605 -0.0245621 0.615025 0.346 -0.0250581 0.614946 0.346 -0.0255683 0.616326 0.346605 -0.0250761 0.616396 0.346605 -0.0255097 0.617784 0.346 -0.0260042 0.617737 0.346605 -0.025868 0.6192 0.346 -0.0263612 0.619162 0.346605 -0.0261499 0.620639 0.346 -0.0266393 0.620601 0.346605 -0.0263493 0.622078 0.346 -0.0268384 0.622054 0.346 -0.0269587 0.62352 0.346605 -0.0264697 0.623532 0.346 -0.027 0.625 0.346605 -0.0265111 0.625</float_array>
          <technique_common>
            <accessor count="8056" source="#ID6" stride="3">
              <param name="X" type="float"/>
              <param name="Y" type="float"/>
              <param name="Z" type="float"/>
            </accessor>
          </technique_common>
        </source>
        <source id="ID7">
          <float_array count="24168" id="ID8">5.11105e-17 -0.305083 0.952326 5.11105e-17 -0.45767 0.889122 5.11105e-17 -0.45767 0.889122 4.48353e-24 0.92388 0.382684 4.48353e-24 0.92388 0.382684 -8.44134e-18 0.974267 0.225399 4.97163e-17 -0.597772 0.801666 4.97163e-17 -0.597773 0.801666 4.6966e-17 -0.721569 0.692342 4.6966e-17 -0.721569 0.692342 4.29346e-17 -0.825684 0.564133 4.29346e-17 -0.825684 0.564133 3.77321e-17 -0.907276 0.420536 3.77321e-17 -0.907276 0.420536 3.15003e-17 -0.96412 0.265468 3.15003e-17 -0.96412 0.265467 2.44093e-17 -0.994665 0.103158 2.44092e-17 -0.994665 0.103158 1.66524e-17 -0.998078 -0.0619658 1.66524e-17 -0.998078 -0.0619653 8.44133e-18 -0.974267 -0.225399 8.44133e-18 -0.974267 -0.225399 -8.96706e-24 -0.923879 -0.382684 1.54878e-23 -0.92388 -0.382683 5.11105e-17 -0.305083 0.952326 4.97163e-17 -0.144174 0.989552 4.97163e-17 -0.144174 0.989552 4.6966e-17 0.0206667 0.999786 4.6966e-17 0.0206667 0.999786 4.29346e-17 0.184944 0.982749 4.29346e-17 0.184944 0.982749 3.77321e-17 0.344177 0.938905 3.77321e-17 0.344177 0.938905 3.15003e-17 0.494022 0.86945 3.15003e-17 0.494022 0.86945 2.44093e-17 0.630391 0.776278 2.44093e-17 0.630391 0.776278 1.66524e-17 0.749564 0.661932 1.66524e-17 0.749564 0.661932 8.44135e-18 0.848291 0.52953 8.44135e-18 0.848291 0.52953 -1.66524e-17 0.998078 0.0619652 -8.44134e-18 0.974267 0.225399 -1.66524e-17 0.998078 0.0619655 -3.77321e-17 0.907276 -0.420536 -3.15003e-17 0.96412 -0.265467 -3.77321e-17 0.907276 -0.420536 -2.44093e-17 0.994665 -0.103158 -2.44093e-17 0.994665 -0.103158 -3.15003e-17 0.96412 -0.265468 -4.6966e-17 0.721569 -0.692342 -4.97163e-17 0.597772 -0.801666 -4.97163e-17 0.597772 -0.801666 -4.29346e-17 0.825684 -0.564133 -4.6966e-17 0.721569 -0.692342 -4.29346e-17 0.825684 -0.564133 -4.97163e-17 0.144174 -0.989552 -4.97163e-17 0.144174 -0.989552 -5.11105e-17 0.305083 -0.952326 -5.11105e-17 0.305083 -0.952326 -5.11105e-17 0.45767 -0.889122 -5.11105e-17 0.45767 -0.889122 -3.77321e-17 -0.344177 -0.938905 -4.29346e-17 -0.184944 -0.982749 -3.77321e-17 -0.344177 -0.938905 -4.6966e-17 -0.0206669 -0.999786 -4.6966e-17 -0.0206669 -0.999786 -4.29346e-17 -0.184944 -0.982749 -2.44093e-17 -0.630391 -0.776278 -3.15003e-17 -0.494022 -0.86945 -3.15003e-17 -0.494022 -0.86945 -1.66524e-17 -0.749564 -0.661932 -2.44093e-17 -0.630391 -0.776278 -1.66524e-17 -0.749564 -0.661932 -8.44134e-18 -0.848291 -0.52953 -8.44134e-18 -0.848291 -0.52953 1 -6.19876e-20 -5.5982e-17 1 -6.19876e-20 -5.5982e-17 1 -6.19876e-20 -5.5982e-17 1 -6.19876e-20 -5.5982e-17 1 -6.19876e-20 -5.5982e-17 1 -6.19876e-20 -5.5982e-17 1 -6.19876e-20 -5.5982e-17 1 -6.19876e-20 -5.5982e-17 1 -6.19876e-20 -5.5982e-17 1 -6.19876e-20 -5.5982e-17 1 -6.19876e-20 -5.5982e-17 1 -6.19876e-20 -5.5982e-17 1 -6.19876e-20 -5.5982e-17 1 -6.19876e-20 -5.5982e-17 1 -6.19876e-20 -5.5982e-17 1 -6.19876e-20 -5.5982e-17 1 -6.19876e-20 -5.5982e-17 1 -6.19876e-20 -5.5982e-17 1 -6.19876e-20 -5.5982e-17 1 -6.19876e-20 -5.5982e-17 1 -6.19876e-20 -5.5982e-17 1 -6.19876e-20 -5.5982e-17 1 -6.19876e-20 -5.5982e-17 1 -6.19876e-20 -5.5982e-17 1 -6.19876e-20 -5.5982e-17 1 -6.19876e-20 -5.5982e-17 1 -6.19876e-20 -5.5982e-17 1 -6.19876e-20 -5.5982e-17 1 -6.19876e-20 -5.5982e-17 1 -6.19876e-20 -5.5982e-17 1 -6.19876e-20 -5.5982e-17 1 -6.19876e-20 -5.5982e-17 1 -6.19876e-20 -5.5982e-17 1 -6.19876e-20 -5.5982e-17 1 -6.19876e-20 -5.5982e-17 1 -6.19876e-20 -5.5982e-17 1 -6.19876e-20 -5.5982e-17 1 -6.19876e-20 -5.5982e-17 5.48483e-17 0.211953 0.97728 5.48483e-17 0.0482074 0.998837 5.48483e-17 0.0482074 0.998837 4.81142e-24 0.991445 -0.130526 4.81142e-24 0.991445 -0.130526 -9.05867e-18 0.956439 -0.291932 5.33522e-17 -0.116853 0.993149 5.33521e-17 -0.116853 0.993149 5.04007e-17 -0.278726 0.960371 5.04007e-17 -0.278726 0.960371 4.60745e-17 -0.432997 0.901395 4.60745e-17 -0.432997 0.901395 4.04915e-17 -0.575456 0.817833 4.04915e-17 -0.575456 0.817833 3.3804e-17 -0.702218 0.711962 3.3804e-17 -0.702219 0.711961 2.61944e-17 -0.809826 0.58667 2.61943e-17 -0.809826 0.58667 1.78702e-17 -0.895344 0.445375 1.78702e-17 -0.895344 0.445376 9.05866e-18 -0.956439 0.291932 9.05866e-18 -0.956439 0.291932 -9.62284e-24 -0.991445 0.130526 1.66205e-23 -0.991445 0.130526 5.48483e-17 0.211953 0.97728 5.33522e-17 0.369918 0.929065 5.33522e-17 0.369918 0.929065 5.04007e-17 0.517791 0.855507 5.04007e-17 0.517791 0.855507 4.60745e-17 0.651541 0.758613 4.60745e-17 0.651541 0.758613 4.04915e-17 0.767519 0.641027 4.04915e-17 0.767519 0.641027 3.3804e-17 0.86256 0.505955 3.3804e-17 0.86256 0.505955 2.61944e-17 0.934073 0.357081 2.61944e-17 0.934073 0.357081 1.78702e-17 0.980107 0.198468 1.78702e-17 0.980107 0.198468 9.05868e-18 0.999407 0.0344407 9.05868e-18 0.999407 0.0344407 -1.78702e-17 0.895344 -0.445376 -9.05867e-18 0.956439 -0.291932 -1.78702e-17 0.895344 -0.445375 -4.04915e-17 0.575456 -0.817833 -3.3804e-17 0.702219 -0.711961 -4.04915e-17 0.575456 -0.817833 -2.61944e-17 0.809826 -0.58667 -2.61944e-17 0.809826 -0.58667 -3.3804e-17 0.702218 -0.711962 -5.04007e-17 0.278726 -0.960371 -5.33522e-17 0.116853 -0.993149 -5.33522e-17 0.116853 -0.993149 -4.60745e-17 0.432997 -0.901395 -5.04007e-17 0.278726 -0.960371 -4.60745e-17 0.432997 -0.901395 -5.33522e-17 -0.369917 -0.929065 -5.33522e-17 -0.369917 -0.929065 -5.48483e-17 -0.211953 -0.97728 -5.48483e-17 -0.211953 -0.97728 -5.48483e-17 -0.0482074 -0.998837 -5.48483e-17 -0.0482076 -0.998837 -4.04915e-17 -0.767519 -0.641027 -4.60745e-17 -0.651541 -0.758613 -4.04915e-17 -0.767519 -0.641027 -5.04007e-17 -0.517791 -0.855507 -5.04007e-17 -0.517791 -0.855507 -4.60745e-17 -0.651541 -0.758613 -2.61944e-17 -0.934073 -0.357081 -3.3804e-17 -0.86256 -0.505955 -3.3804e-17 -0.86256 -0.505955 -1.78702e-17 -0.980107 -0.198468 -2.61944e-17 -0.934073 -0.357081 -1.78702e-17 -0.980107 -0.198468 -9.05867e-18 -0.999407 -0.0344405 -9.05867e-18 -0.999407 -0.0344405 1 -6.19876e-20 -5.5982e-17 1 -6.19876e-20 -5.5982e-17 1 -6.19876e-20 -5.5982e-17 1 -6.19876e-20 -5.5982e-17 1 -6.19876e-20 -5.5982e-17 1 -6.19876e-20 -5.5982e-17 1 -6.19876e-20 -5.5982e-17 1 -6.19876e-20 -5.5982e-17 1 -6.19876e-20 -5.5982e-17 1 -6.19876e-20 -5.5982e-17 1 -6.19876e-20 -5.5982e-17 1 -6.19876e-20 -5.5982e-17 1 -6.19876e-20 -5.5982e-17 1 -6.19876e-20 -5.5982e-17 1 -6.19876e-20 -5.5982e-17 1 -6.19876e-20 -5.5982e-17 1 -6.19876e-20 -5.5982e-17 1 -6.19876e-20 -5.5982e-17 1 -6.19876e-20 -5.5982e-17 1 -6.19876e-20 -5.5982e-17 1 -6.19876e-20 -5.5982e-17 1 -6.19876e-20 -5.5982e-17 1 -6.19876e-20 -5.5982e-17 1 -6.19876e-20 -5.5982e-17 1 -6.19876e-20 -5.5982e-17 1 -6.19876e-20 -5.5982e-17 1 -6.19876e-20 -5.5982e-17 1 -6.19876e-20 -5.5982e-17 1 -6.19876e-20 -5.5982e-17 1 -6.19876e-20 -5.5982e-17 1 -6.19876e-20 -5.5982e-17 1 -6.19876e-20 -5.5982e-17 1 -6.19876e-20 -5.5982e-17 1 -6.19876e-20 -5.5982e-17 1 -6.19876e-20 -5.5982e-17 1 -6.19876e-20 -5.5982e-17 1 -6.19876e-20 -5.5982e-17 1 -6.19876e-20 -5.5982e-17 4.38895e-17 0.672197 0.740372 4.38895e-17 0.541168 0.840915 4.38895e-17 0.541168 0.840915 3.8501e-24 0.793353 -0.608761 3.8501e-24 0.793353 -0.608761 -7.24874e-18 0.682334 -0.73104 4.26923e-17 0.395377 0.918519 4.26923e-17 0.395377 0.918519 4.03306e-17 0.238801 0.971068 4.03306e-17 0.238801 0.971068 3.68688e-17 0.0757116 0.99713 3.68688e-17 0.0757116 0.99713 3.24012e-17 -0.0894433 0.995992 3.24012e-17 -0.0894433 0.995992 2.70499e-17 -0.252158 0.967686 2.70499e-17 -0.252158 0.967686 2.09607e-17 -0.407995 0.912984 2.09607e-17 -0.407995 0.912984 1.42997e-17 -0.552703 0.833378 1.42998e-17 -0.552703 0.833378 7.24874e-18 -0.682334 0.73104 7.24874e-18 -0.682334 0.73104 -7.70019e-24 -0.793353 0.608761 1.32997e-23 -0.793353 0.608762 4.38895e-17 0.672197 0.740372 4.26923e-17 0.78489 0.619635 4.26923e-17 0.78489 0.619635 4.03306e-17 0.876174 0.481995 4.03306e-17 0.876174 0.481995 3.68688e-17 0.943558 0.331208 3.68688e-17 0.943558 0.331208 3.24012e-17 0.985204 0.171386 3.24012e-17 0.985204 0.171386 2.70499e-17 0.999976 0.00688948 2.70499e-17 0.999976 0.00688948 2.09607e-17 0.987472 -0.157795 2.09607e-17 0.987472 -0.157795 1.42997e-17 0.948032 -0.318176 1.42997e-17 0.948032 -0.318176 7.24875e-18 0.882732 -0.469877 7.24875e-18 0.882732 -0.469877 -1.42998e-17 0.552703 -0.833379 -7.24874e-18 0.682334 -0.73104 -1.42997e-17 0.552703 -0.833378 -3.24013e-17 0.0894432 -0.995992 -2.70499e-17 0.252158 -0.967686 -3.24013e-17 0.0894432 -0.995992 -2.09607e-17 0.407995 -0.912984 -2.09607e-17 0.407995 -0.912984 -2.70499e-17 0.252158 -0.967686 -4.03306e-17 -0.238801 -0.971069 -4.26923e-17 -0.395377 -0.918519 -4.26923e-17 -0.395377 -0.918519 -3.68688e-17 -0.0757114 -0.99713 -4.03306e-17 -0.238801 -0.971069 -3.68688e-17 -0.0757114 -0.99713 -4.26923e-17 -0.78489 -0.619635 -4.26923e-17 -0.78489 -0.619635 -4.38895e-17 -0.672197 -0.740372 -4.38895e-17 -0.672197 -0.740372 -4.38895e-17 -0.541167 -0.840915 -4.38895e-17 -0.541168 -0.840915 -3.24013e-17 -0.985204 -0.171386 -3.68688e-17 -0.943558 -0.331208 -3.24013e-17 -0.985204 -0.171386 -4.03306e-17 -0.876174 -0.481995 -4.03306e-17 -0.876174 -0.481995 -3.68688e-17 -0.943558 -0.331208 -2.09607e-17 -0.987472 0.157795 -2.70499e-17 -0.999976 -0.0068894 -2.70499e-17 -0.999976 -0.0068894 -1.42998e-17 -0.948032 0.318176 -2.09607e-17 -0.987472 0.157795 -1.42998e-17 -0.948032 0.318176 -7.24874e-18 -0.882732 0.469877 -7.24874e-18 -0.882732 0.469877 1 -6.19876e-20 -5.5982e-17 1 -6.19876e-20 -5.5982e-17 1 -6.19876e-20 -5.5982e-17 1 -6.19876e-20 -5.5982e-17 1 -6.19876e-20 -5.5982e-17 1 -6.19876e-20 -5.5982e-17 1 -6.19876e-20 -5.5982e-17 1 -6.19876e-20 -5.5982e-17 1 -6.19876e-20 -5.5982e-17 1 -6.19876e-20 -5.5982e-17 1 -6.19876e-20 -5.5982e-17 1 -6.19876e-20 -5.5982e-17 1 -6.19876e-20 -5.5982e-17 1 -6.19876e-20 -5.5982e-17 1 -6.19876e-20 -5.5982e-17 1 -6.19876e-20 -5.5982e-17 1 -6.19876e-20 -5.5982e-17 1 -6.19876e-20 -5.5982e-17 1 -6.19876e-20 -5.5982e-17 1 -6.19876e-20 -5.5982e-17 1 -6.19876e-20 -5.5982e-17 1 -6.19876e-20 -5.5982e-17 1 -6.19876e-20 -5.5982e-17 1 -6.19876e-20 -5.5982e-17 1 -6.19876e-20 -5.5982e-17 1 -6.19876e-20 -5.5982e-17 1 -6.19876e-20 -5.5982e-17 1 -6.19876e-20 -5.5982e-17 1 -6.19876e-20 -5.5982e-17 1 -6.19876e-20 -5.5982e-17 1 -6.19876e-20 -5.5982e-17 1 -6.19876e-20 -5.5982e-17 1 -6.19876e-20 -5.5982e-17 1 -6.19876e-20 -5.5982e-17 1 -6.19876e-20 -5.5982e-17 1 -6.19876e-20 -5.5982e-17 1 -6.19876e-20 -5.5982e-17 1 -6.19876e-20 -5.5982e-17 2.11706e-17 0.952326 0.305083 2.11706e-17 0.889122 0.45767 2.11706e-17 0.889122 0.45767 1.85714e-24 0.382684 -0.92388 1.85714e-24 0.382684 -0.92388 -3.49652e-18 0.225399 -0.974267 2.05932e-17 0.801666 0.597772 2.05932e-17 0.801666 0.597773 1.9454e-17 0.692342 0.721569 1.9454e-17 0.692342 0.721569 1.77841e-17 0.564133 0.825684 1.77841e-17 0.564133 0.825684 1.56291e-17 0.420536 0.907276 1.56291e-17 0.420536 0.907276 1.30478e-17 0.265468 0.96412 1.30478e-17 0.265467 0.96412 1.01106e-17 0.103158 0.994665 1.01106e-17 0.103158 0.994665 6.89765e-18 -0.0619658 0.998078 6.89766e-18 -0.0619653 0.998078 3.49651e-18 -0.225399 0.974267 3.49651e-18 -0.225399 0.974267 -3.71428e-24 -0.382684 0.923879 6.41527e-24 -0.382683 0.92388 2.11706e-17 0.952326 0.305083 2.05932e-17 0.989552 0.144174 2.05932e-17 0.989552 0.144174 1.9454e-17 0.999786 -0.0206667 1.9454e-17 0.999786 -0.0206667 1.77841e-17 0.982749 -0.184944 1.77841e-17 0.982749 -0.184944 1.56291e-17 0.938905 -0.344177 1.56291e-17 0.938905 -0.344177 1.30478e-17 0.86945 -0.494022 1.30478e-17 0.86945 -0.494022 1.01106e-17 0.776278 -0.630391 1.01106e-17 0.776278 -0.630391 6.89765e-18 0.661932 -0.749564 6.89765e-18 0.661932 -0.749564 3.49652e-18 0.52953 -0.848291 3.49652e-18 0.52953 -0.848291 -6.89766e-18 0.0619652 -0.998078 -3.49652e-18 0.225399 -0.974267 -6.89765e-18 0.0619655 -0.998078 -1.56291e-17 -0.420536 -0.907276 -1.30478e-17 -0.265467 -0.96412 -1.56291e-17 -0.420536 -0.907276 -1.01106e-17 -0.103158 -0.994665 -1.01106e-17 -0.103158 -0.994665 -1.30478e-17 -0.265468 -0.96412 -1.9454e-17 -0.692342 -0.721569 -2.05932e-17 -0.801666 -0.597772 -2.05932e-17 -0.801666 -0.597772 -1.77841e-17 -0.564133 -0.825684 -1.9454e-17 -0.692342 -0.721569 -1.77841e-17 -0.564133 -0.825684 -2.05932e-17 -0.989552 -0.144174 -2.05932e-17 -0.989552 -0.144174 -2.11706e-17 -0.952326 -0.305083 -2.11706e-17 -0.952326 -0.305083 -2.11706e-17 -0.889122 -0.45767 -2.11706e-17 -0.889122 -0.45767 -1.56291e-17 -0.938905 0.344177 -1.77841e-17 -0.982749 0.184944 -1.56291e-17 -0.938905 0.344177 -1.9454e-17 -0.999786 0.0206669 -1.9454e-17 -0.999786 0.0206669 -1.77841e-17 -0.982749 0.184944 -1.01106e-17 -0.776278 0.630391 -1.30478e-17 -0.86945 0.494022 -1.30478e-17 -0.86945 0.494022 -6.89765e-18 -0.661932 0.749564 -1.01106e-17 -0.776278 0.630391 -6.89765e-18 -0.661932 0.749564 -3.49652e-18 -0.52953 0.848291 -3.49652e-18 -0.52953 0.848291 1 -6.19876e-20 -5.5982e-17 1 -6.19876e-20 -5.5982e-17 1 -6.19876e-20 -5.5982e-17 1 -6.19876e-20 -5.5982e-17 1 -6.19876e-20 -5.5982e-17 1 -6.19876e-20 -5.5982e-17 1 -6.19876e-20 -5.5982e-17 1 -6.19876e-20 -5.5982e-17 1 -6.19876e-20 -5.5982e-17 1 -6.19876e-20 -5.5982e-17 1 -6.19876e-20 -5.5982e-17 1 -6.19876e-20 -5.5982e-17 1 -6.19876e-20 -5.5982e-17 1 -6.19876e-20 -5.5982e-17 1 -6.19876e-20 -5.5982e-17 1 -6.19876e-20 -5.5982e-17 1 -6.19876e-20 -5.5982e-17 1 -6.19876e-20 -5.5982e-17 1 -6.19876e-20 -5.5982e-17 1 -6.19876e-20 -5.5982e-17 1 -6.19876e-20 -5.5982e-17 1 -6.19876e-20 -5.5982e-17 1 -6.19876e-20 -5.5982e-17 1 -6.19876e-20 -5.5982e-17 1 -6.19876e-20 -5.5982e-17 1 -6.19876e-20 -5.5982e-17 1 -6.19876e-20 -5.5982e-17 1 -6.19876e-20 -5.5982e-17 1 -6.19876e-20 -5.5982e-17 1 -6.19876e-20 -5.5982e-17 1 -6.19876e-20 -5.5982e-17 1 -6.19876e-20 -5.5982e-17 1 -6.19876e-20 -5.5982e-17 1 -6.19876e-20 -5.5982e-17 1 -6.19876e-20 -5.5982e-17 1 -6.19876e-20 -5.5982e-17 1 -6.19876e-20 -5.5982e-17 1 -6.19876e-20 -5.5982e-17 -7.22091e-18 0.97728 -0.211953 -7.22091e-18 0.998837 -0.0482074 -7.22091e-18 0.998837 -0.0482074 -6.33436e-25 -0.130526 -0.991445 -6.33436e-25 -0.130526 -0.991445 1.1926e-18 -0.291932 -0.956439 -7.02394e-18 0.993149 0.116853 -7.02394e-18 0.993149 0.116853 -6.63538e-18 0.960371 0.278726 -6.63538e-18 0.960371 0.278726 -6.06582e-18 0.901395 0.432997 -6.06582e-18 0.901395 0.432997 -5.3308e-18 0.817833 0.575456 -5.3308e-18 0.817833 0.575456 -4.45038e-18 0.711962 0.702218 -4.45037e-18 0.711961 0.702219 -3.44855e-18 0.58667 0.809826 -3.44855e-18 0.58667 0.809826 -2.35266e-18 0.445375 0.895344 -2.35266e-18 0.445376 0.895344 -1.1926e-18 0.291932 0.956439 -1.1926e-18 0.291932 0.956439 1.26687e-24 0.130526 0.991445 -2.18813e-24 0.130526 0.991445 -7.22091e-18 0.97728 -0.211953 -7.02394e-18 0.929065 -0.369918 -7.02394e-18 0.929065 -0.369918 -6.63538e-18 0.855507 -0.517791 -6.63538e-18 0.855507 -0.517791 -6.06582e-18 0.758613 -0.651541 -6.06582e-18 0.758613 -0.651541 -5.3308e-18 0.641027 -0.767519 -5.3308e-18 0.641027 -0.767519 -4.45038e-18 0.505955 -0.86256 -4.45038e-18 0.505955 -0.86256 -3.44855e-18 0.357081 -0.934073 -3.44855e-18 0.357081 -0.934073 -2.35266e-18 0.198468 -0.980107 -2.35266e-18 0.198468 -0.980107 -1.1926e-18 0.0344407 -0.999407 -1.1926e-18 0.0344407 -0.999407 2.35266e-18 -0.445376 -0.895344 1.1926e-18 -0.291932 -0.956439 2.35266e-18 -0.445375 -0.895344 5.3308e-18 -0.817833 -0.575456 4.45038e-18 -0.711961 -0.702219 5.3308e-18 -0.817833 -0.575456 3.44855e-18 -0.58667 -0.809826 3.44855e-18 -0.58667 -0.809826 4.45038e-18 -0.711962 -0.702218 6.63538e-18 -0.960371 -0.278726 7.02394e-18 -0.993149 -0.116853 7.02394e-18 -0.993149 -0.116853 6.06582e-18 -0.901395 -0.432997 6.63538e-18 -0.960371 -0.278726 6.06582e-18 -0.901395 -0.432997 7.02394e-18 -0.929065 0.369917 7.02394e-18 -0.929065 0.369917 7.22091e-18 -0.97728 0.211953 7.22091e-18 -0.97728 0.211953 7.22091e-18 -0.998837 0.0482074 7.22091e-18 -0.998837 0.0482076 5.33081e-18 -0.641027 0.767519 6.06582e-18 -0.758613 0.651541 5.3308e-18 -0.641027 0.767519 6.63538e-18 -0.855507 0.517791 6.63538e-18 -0.855507 0.517791 6.06582e-18 -0.758613 0.651541 3.44855e-18 -0.357081 0.934073 4.45038e-18 -0.505955 0.86256 4.45038e-18 -0.505955 0.86256 2.35266e-18 -0.198468 0.980107 3.44855e-18 -0.357081 0.934073 2.35266e-18 -0.198468 0.980107 1.1926e-18 -0.0344405 0.999407 1.1926e-18 -0.0344405 0.999407 1 -6.19876e-20 -5.5982e-17 1 -6.19876e-20 -5.5982e-17 1 -6.19876e-20 -5.5982e-17 1 -6.19876e-20 -5.5982e-17 1 -6.19876e-20 -5.5982e-17 1 -6.19876e-20 -5.5982e-17 1 -6.19876e-20 -5.5982e-17 1 -6.19876e-20 -5.5982e-17 1 -6.19876e-20 -5.5982e-17 1 -6.19876e-20 -5.5982e-17 1 -6.19876e-20 -5.5982e-17 1 -6.19876e-20 -5.5982e-17 1 -6.19876e-20 -5.5982e-17 1 -6.19876e-20 -5.5982e-17 1 -6.19876e-20 -5.5982e-17 1 -6.19876e-20 -5.5982e-17 1 -6.19876e-20 -5.5982e-17 1 -6.19876e-20 -5.5982e-17 1 -6.19876e-20 -5.5982e-17 1 -6.19876e-20 -5.5982e-17 1 -6.19876e-20 -5.5982e-17 1 -6.19876e-20 -5.5982e-17 1 -6.19876e-20 -5.5982e-17 1 -6.19876e-20 -5.5982e-17 1 -6.19876e-20 -5.5982e-17 1 -6.19876e-20 -5.5982e-17 1 -6.19876e-20 -5.5982e-17 1 -6.19876e-20 -5.5982e-17 1 -6.19876e-20 -5.5982e-17 1 -6.19876e-20 -5.5982e-17 1 -6.19876e-20 -5.5982e-17 1 -6.19876e-20 -5.5982e-17 1 -6.19876e-20 -5.5982e-17 1 -6.19876e-20 -5.5982e-17 1 -6.19876e-20 -5.5982e-17 1 -6.19876e-20 -5.5982e-17 1 -6.19876e-20 -5.5982e-17 1 -6.19876e-20 -5.5982e-17 -3.36776e-17 0.740372 -0.672197 -3.36776e-17 0.840915 -0.541168 -3.36776e-17 0.840915 -0.541168 -2.95428e-24 -0.608761 -0.793353 -2.95428e-24 -0.608761 -0.793353 5.56215e-18 -0.73104 -0.682334 -3.2759e-17 0.918519 -0.395377 -3.2759e-17 0.918519 -0.395377 -3.09468e-17 0.971068 -0.238801 -3.09468e-17 0.971068 -0.238801 -2.82904e-17 0.99713 -0.0757116 -2.82904e-17 0.99713 -0.0757116 -2.48624e-17 0.995992 0.0894433 -2.48624e-17 0.995992 0.0894433 -2.07561e-17 0.967686 0.252158 -2.07561e-17 0.967686 0.252158 -1.60837e-17 0.912984 0.407995 -1.60837e-17 0.912984 0.407995 -1.09726e-17 0.833378 0.552703 -1.09726e-17 0.833378 0.552703 -5.56215e-18 0.73104 0.682334 -5.56215e-18 0.73104 0.682334 5.90856e-24 0.608761 0.793353 -1.02052e-23 0.608762 0.793353 -3.36776e-17 0.740372 -0.672197 -3.2759e-17 0.619635 -0.78489 -3.2759e-17 0.619635 -0.78489 -3.09468e-17 0.481995 -0.876174 -3.09468e-17 0.481995 -0.876174 -2.82904e-17 0.331208 -0.943558 -2.82904e-17 0.331208 -0.943558 -2.48624e-17 0.171386 -0.985204 -2.48624e-17 0.171386 -0.985204 -2.07561e-17 0.00688948 -0.999976 -2.07561e-17 0.00688948 -0.999976 -1.60837e-17 -0.157795 -0.987472 -1.60837e-17 -0.157795 -0.987472 -1.09726e-17 -0.318176 -0.948032 -1.09726e-17 -0.318176 -0.948032 -5.56216e-18 -0.469877 -0.882732 -5.56216e-18 -0.469877 -0.882732 1.09726e-17 -0.833379 -0.552703 5.56215e-18 -0.73104 -0.682334 1.09726e-17 -0.833378 -0.552703 2.48624e-17 -0.995992 -0.0894432 2.07561e-17 -0.967686 -0.252158 2.48624e-17 -0.995992 -0.0894432 1.60837e-17 -0.912984 -0.407995 1.60837e-17 -0.912984 -0.407995 2.07561e-17 -0.967686 -0.252158 3.09468e-17 -0.971069 0.238801 3.2759e-17 -0.918519 0.395377 3.2759e-17 -0.918519 0.395377 2.82904e-17 -0.99713 0.0757114 3.09468e-17 -0.971069 0.238801 2.82904e-17 -0.99713 0.0757114 3.2759e-17 -0.619635 0.78489 3.2759e-17 -0.619635 0.78489 3.36776e-17 -0.740372 0.672197 3.36776e-17 -0.740372 0.672197 3.36776e-17 -0.840915 0.541167 3.36776e-17 -0.840915 0.541168 2.48624e-17 -0.171386 0.985204 2.82904e-17 -0.331208 0.943558 2.48624e-17 -0.171386 0.985204 3.09468e-17 -0.481995 0.876174 3.09468e-17 -0.481995 0.876174 2.82904e-17 -0.331208 0.943558 1.60837e-17 0.157795 0.987472 2.07561e-17 -0.0068894 0.999976 2.07561e-17 -0.0068894 0.999976 1.09726e-17 0.318176 0.948032 1.60837e-17 0.157795 0.987472 1.09726e-17 0.318176 0.948032 5.56215e-18 0.469877 0.882732 5.56215e-18 0.469877 0.882732 1 -6.19876e-20 -5.5982e-17 1 -6.19876e-20 -5.5982e-17 1 -6.19876e-20 -5.5982e-17 1 -6.19876e-20 -5.5982e-17 1 -6.19876e-20 -5.5982e-17 1 -6.19876e-20 -5.5982e-17 1 -6.19876e-20 -5.5982e-17 1 -6.19876e-20 -5.5982e-17 1 -6.19876e-20 -5.5982e-17 1 -6.19876e-20 -5.5982e-17 1 -6.19876e-20 -5.5982e-17 1 -6.19876e-20 -5.5982e-17 1 -6.19876e-20 -5.5982e-17 1 -6.19876e-20 -5.5982e-17 1 -6.19876e-20 -5.5982e-17 1 -6.19876e-20 -5.5982e-17 1 -6.19876e-20 -5.5982e-17 1 -6.19876e-20 -5.5982e-17 1 -6.19876e-20 -5.5982e-17 1 -6.19876e-20 -5.5982e-17 1 -6.19876e-20 -5.5982e-17 1 -6.19876e-20 -5.5982e-17 1 -6.19876e-20 -5.5982e-17 1 -6.19876e-20 -5.5982e-17 1 -6.19876e-20 -5.5982e-17 1 -6.19876e-20 -5.5982e-17 1 -6.19876e-20 -5.5982e-17 1 -6.19876e-20 -5.5982e-17 1 -6.19876e-20 -5.5982e-17 1 -6.19876e-20 -5.5982e-17 1 -6.19876e-20 -5.5982e-17 1 -6.19876e-20 -5.5982e-17 1 -6.19876e-20 -5.5982e-17 1 -6.19876e-20 -5.5982e-17 1 -6.19876e-20 -5.5982e-17 1 -6.19876e-20 -5.5982e-17 1 -6.19876e-20 -5.5982e-17 1 -6.19876e-20 -5.5982e-17 -5.11105e-17 0.305083 -0.952326 -5.11105e-17 0.45767 -0.889122 -5.11105e-17 0.45767 -0.889122 -4.48353e-24 -0.92388 -0.382684 -4.48353e-24 -0.92388 -0.382684 8.44134e-18 -0.974267 -0.225399 -4.97163e-17 0.597772 -0.801666 -4.97163e-17 0.597773 -0.801666 -4.6966e-17 0.721569 -0.692342 -4.6966e-17 0.721569 -0.692342 -4.29346e-17 0.825684 -0.564133 -4.29346e-17 0.825684 -0.564133 -3.77321e-17 0.907276 -0.420536 -3.77321e-17 0.907276 -0.420536 -3.15003e-17 0.96412 -0.265468 -3.15003e-17 0.96412 -0.265467 -2.44093e-17 0.994665 -0.103158 -2.44092e-17 0.994665 -0.103158 -1.66524e-17 0.998078 0.0619658 -1.66524e-17 0.998078 0.0619653 -8.44133e-18 0.974267 0.225399 -8.44133e-18 0.974267 0.225399 8.96706e-24 0.923879 0.382684 -1.54878e-23 0.92388 0.382683 -5.11105e-17 0.305083 -0.952326 -4.97163e-17 0.144174 -0.989552 -4.97163e-17 0.144174 -0.989552 -4.6966e-17 -0.0206667 -0.999786 -4.6966e-17 -0.0206667 -0.999786 -4.29346e-17 -0.184944 -0.982749 -4.29346e-17 -0.184944 -0.982749 -3.77321e-17 -0.344177 -0.938905 -3.77321e-17 -0.344177 -0.938905 -3.15003e-17 -0.494022 -0.86945 -3.15003e-17 -0.494022 -0.86945 -2.44093e-17 -0.630391 -0.776278 -2.44093e-17 -0.630391 -0.776278 -1.66524e-17 -0.749564 -0.661932 -1.66524e-17 -0.749564 -0.661932 -8.44135e-18 -0.848291 -0.52953 -8.44135e-18 -0.848291 -0.52953 1.66524e-17 -0.998078 -0.0619652 8.44134e-18 -0.974267 -0.225399 1.66524e-17 -0.998078 -0.0619655 3.77321e-17 -0.907276 0.420536 3.15003e-17 -0.96412 0.265467 3.77321e-17 -0.907276 0.420536 2.44093e-17 -0.994665 0.103158 2.44093e-17 -0.994665 0.103158 3.15003e-17 -0.96412 0.265468 4.6966e-17 -0.721569 0.692342 4.97163e-17 -0.597772 0.801666 4.97163e-17 -0.597772 0.801666 4.29346e-17 -0.825684 0.564133 4.6966e-17 -0.721569 0.692342 4.29346e-17 -0.825684 0.564133 4.97163e-17 -0.144174 0.989552 4.97163e-17 -0.144174 0.989552 5.11105e-17 -0.305083 0.952326 5.11105e-17 -0.305083 0.952326 5.11105e-17 -0.45767 0.889122 5.11105e-17 -0.45767 0.889122 3.77321e-17 0.344177 0.938905 4.29346e-17 0.184944 0.982749 3.77321e-17 0.344177 0.938905 4.6966e-17 0.0206669 0.999786 4.6966e-17 0.0206669 0.999786 4.29346e-17 0.184944 0.982749 2.44093e-17 0.630391 0.776278 3.15003e-17 0.494022 0.86945 3.15003e-17 0.494022 0.86945 1.66524e-17 0.749564 0.661932 2.44093e-17 0.630391 0.776278 1.66524e-17 0.749564 0.661932 8.44134e-18 0.848291 0.52953 8.44134e-18 0.848291 0.52953 1 -6.19876e-20 -5.5982e-17 1 -6.19876e-20 -5.5982e-17 1 -6.19876e-20 -5.5982e-17 1 -6.19876e-20 -5.5982e-17 1 -6.19876e-20 -5.5982e-17 1 -6.19876e-20 -5.5982e-17 1 -6.19876e-20 -5.5982e-17 1 -6.19876e-20 -5.5982e-17 1 -6.19876e-20 -5.5982e-17 1 -6.19876e-20 -5.5982e-17 1 -6.19876e-20 -5.5982e-17 1 -6.19876e-20 -5.5982e-17 1 -6.19876e-20 -5.5982e-17 1 -6.19876e-20 -5.5982e-17 1 -6.19876e-20 -5.5982e-17 1 -6.19876e-20 -5.5982e-17 1 -6.19876e-20 -5.5982e-17 1 -6.19876e-20 -5.5982e-17 1 -6.19876e-20 -5.5982e-17 1 -6.19876e-20 -5.5982e-17 1 -6.19876e-20 -5.5982e-17 1 -6.19876e-20 -5.5982e-17 1 -6.19876e-20 -5.5982e-17 1 -6.19876e-20 -5.5982e-17 1 -6.19876e-20 -5.5982e-17 1 -6.19876e-20 -5.5982e-17 1 -6.19876e-20 -5.5982e-17 1 -6.19876e-20 -5.5982e-17 1 -6.19876e-20 -5.5982e-17 1 -6.19876e-20 -5.5982e-17 1 -6.19876e-20 -5.5982e-17 1 -6.19876e-20 -5.5982e-17 1 -6.19876e-20 -5.5982e-17 1 -6.19876e-20 -5.5982e-17 1 -6.19876e-20 -5.5982e-17 1 -6.19876e-20 -5.5982e-17 1 -6.19876e-20 -5.5982e-17 1 -6.19876e-20 -5.5982e-17 -5.48483e-17 -0.211953 -0.97728 -5.48483e-17 -0.0482074 -0.998837 -5.48483e-17 -0.0482074 -0.998837 -4.81142e-24 -0.991445 0.130526 -4.81142e-24 -0.991445 0.130526 9.05867e-18 -0.956439 0.291932 -5.33522e-17 0.116853 -0.993149 -5.33521e-17 0.116853 -0.993149 -5.04007e-17 0.278726 -0.960371 -5.04007e-17 0.278726 -0.960371 -4.60745e-17 0.432997 -0.901395 -4.60745e-17 0.432997 -0.901395 -4.04915e-17 0.575456 -0.817833 -4.04915e-17 0.575456 -0.817833 -3.3804e-17 0.702218 -0.711962 -3.3804e-17 0.702219 -0.711961 -2.61944e-17 0.809826 -0.58667 -2.61943e-17 0.809826 -0.58667 -1.78702e-17 0.895344 -0.445375 -1.78702e-17 0.895344 -0.445376 -9.05866e-18 0.956439 -0.291932 -9.05866e-18 0.956439 -0.291932 9.62284e-24 0.991445 -0.130526 -1.66205e-23 0.991445 -0.130526 -5.48483e-17 -0.211953 -0.97728 -5.33522e-17 -0.369918 -0.929065 -5.33522e-17 -0.369918 -0.929065 -5.04007e-17 -0.517791 -0.855507 -5.04007e-17 -0.517791 -0.855507 -4.60745e-17 -0.651541 -0.758613 -4.60745e-17 -0.651541 -0.758613 -4.04915e-17 -0.767519 -0.641027 -4.04915e-17 -0.767519 -0.641027 -3.3804e-17 -0.86256 -0.505955 -3.3804e-17 -0.86256 -0.505955 -2.61944e-17 -0.934073 -0.357081 -2.61944e-17 -0.934073 -0.357081 -1.78702e-17 -0.980107 -0.198468 -1.78702e-17 -0.980107 -0.198468 -9.05868e-18 -0.999407 -0.0344407 -9.05868e-18 -0.999407 -0.0344407 1.78702e-17 -0.895344 0.445376 9.05867e-18 -0.956439 0.291932 1.78702e-17 -0.895344 0.445375 4.04915e-17 -0.575456 0.817833 3.3804e-17 -0.702219 0.711961 4.04915e-17 -0.575456 0.817833 2.61944e-17 -0.809826 0.58667 2.61944e-17 -0.809826 0.58667 3.3804e-17 -0.702218 0.711962 5.04007e-17 -0.278726 0.960371 5.33522e-17 -0.116853 0.993149 5.33522e-17 -0.116853 0.993149 4.60745e-17 -0.432997 0.901395 5.04007e-17 -0.278726 0.960371 4.60745e-17 -0.432997 0.901395 5.33522e-17 0.369917 0.929065 5.33522e-17 0.369917 0.929065 5.48483e-17 0.211953 0.97728 5.48483e-17 0.211953 0.97728 5.48483e-17 0.0482074 0.998837 5.48483e-17 0.0482076 0.998837 4.04915e-17 0.767519 0.641027 4.60745e-17 0.651541 0.758613 4.04915e-17 0.767519 0.641027 5.04007e-17 0.517791 0.855507 5.04007e-17 0.517791 0.855507 4.60745e-17 0.651541 0.758613 2.61944e-17 0.934073 0.357081 3.3804e-17 0.86256 0.505955 3.3804e-17 0.86256 0.505955 1.78702e-17 0.980107 0.198468 2.61944e-17 0.934073 0.357081 1.78702e-17 0.980107 0.198468 9.05867e-18 0.999407 0.0344405 9.05867e-18 0.999407 0.0344405 1 -6.19876e-20 -5.5982e-17 1 -6.19876e-20 -5.5982e-17 1 -6.19876e-20 -5.5982e-17 1 -6.19876e-20 -5.5982e-17 1 -6.19876e-20 -5.5982e-17 1 -6.19876e-20 -5.5982e-17 1 -6.19876e-20 -5.5982e-17 1 -6.19876e-20 -5.5982e-17 1 -6.19876e-20 -5.5982e-17 1 -6.19876e-20 -5.5982e-17 1 -6.19876e-20 -5.5982e-17 1 -6.19876e-20 -5.5982e-17 1 -6.19876e-20 -5.5982e-17 1 -6.19876e-20 -5.5982e-17 1 -6.19876e-20 -5.5982e-17 1 -6.19876e-20 -5.5982e-17 1 -6.19876e-20 -5.5982e-17 1 -6.19876e-20 -5.5982e-17 1 -6.19876e-20 -5.5982e-17 1 -6.19876e-20 -5.5982e-17 1 -6.19876e-20 -5.5982e-17 1 -6.19876e-20 -5.5982e-17 1 -6.19876e-20 -5.5982e-17 1 -6.19876e-20 -5.5982e-17 1 -6.19876e-20 -5.5982e-17 1 -6.19876e-20 -5.5982e-17 1 -6.19876e-20 -5.5982e-17 1 -6.19876e-20 -5.5982e-17 1 -6.19876e-20 -5.5982e-17 1 -6.19876e-20 -5.5982e-17 1 -6.19876e-20 -5.5982e-17 1 -6.19876e-20 -5.5982e-17 1 -6.19876e-20 -5.5982e-17 1 -6.19876e-20 -5.5982e-17 1 -6.19876e-20 -5.5982e-17 1 -6.19876e-20 -5.5982e-17 1 -6.19876e-20 -5.5982e-17 1 -6.19876e-20 -5.5982e-17 -4.38895e-17 -0.672197 -0.740372 -4.38895e-17 -0.541168 -0.840915 -4.38895e-17 -0.541168 -0.840915 -3.8501e-24 -0.793353 0.608761 -3.8501e-24 -0.793353 0.608761 7.24874e-18 -0.682334 0.73104 -4.26923e-17 -0.395377 -0.918519 -4.26923e-17 -0.395377 -0.918519 -4.03306e-17 -0.238801 -0.971068 -4.03306e-17 -0.238801 -0.971068 -3.68688e-17 -0.0757116 -0.99713 -3.68688e-17 -0.0757116 -0.99713 -3.24012e-17 0.0894433 -0.995992 -3.24012e-17 0.0894433 -0.995992 -2.70499e-17 0.252158 -0.967686 -2.70499e-17 0.252158 -0.967686 -2.09607e-17 0.407995 -0.912984 -2.09607e-17 0.407995 -0.912984 -1.42997e-17 0.552703 -0.833378 -1.42998e-17 0.552703 -0.833378 -7.24874e-18 0.682334 -0.73104 -7.24874e-18 0.682334 -0.73104 7.70019e-24 0.793353 -0.608761 -1.32997e-23 0.793353 -0.608762 -4.38895e-17 -0.672197 -0.740372 -4.26923e-17 -0.78489 -0.619635 -4.26923e-17 -0.78489 -0.619635 -4.03306e-17 -0.876174 -0.481995 -4.03306e-17 -0.876174 -0.481995 -3.68688e-17 -0.943558 -0.331208 -3.68688e-17 -0.943558 -0.331208 -3.24012e-17 -0.985204 -0.171386 -3.24012e-17 -0.985204 -0.171386 -2.70499e-17 -0.999976 -0.00688948 -2.70499e-17 -0.999976 -0.00688948 -2.09607e-17 -0.987472 0.157795 -2.09607e-17 -0.987472 0.157795 -1.42997e-17 -0.948032 0.318176 -1.42997e-17 -0.948032 0.318176 -7.24875e-18 -0.882732 0.469877 -7.24875e-18 -0.882732 0.469877 1.42998e-17 -0.552703 0.833379 7.24874e-18 -0.682334 0.73104 1.42997e-17 -0.552703 0.833378 3.24013e-17 -0.0894432 0.995992 2.70499e-17 -0.252158 0.967686 3.24013e-17 -0.0894432 0.995992 2.09607e-17 -0.407995 0.912984 2.09607e-17 -0.407995 0.912984 2.70499e-17 -0.252158 0.967686 4.03306e-17 0.238801 0.971069 4.26923e-17 0.395377 0.918519 4.26923e-17 0.395377 0.918519 3.68688e-17 0.0757114 0.99713 4.03306e-17 0.238801 0.971069 3.68688e-17 0.0757114 0.99713 4.26923e-17 0.78489 0.619635 4.26923e-17 0.78489 0.619635 4.38895e-17 0.672197 0.740372 4.38895e-17 0.672197 0.740372 4.38895e-17 0.541167 0.840915 4.38895e-17 0.541168 0.840915 3.24013e-17 0.985204 0.171386 3.68688e-17 0.943558 0.331208 3.24013e-17 0.985204 0.171386 4.03306e-17 0.876174 0.481995 4.03306e-17 0.876174 0.481995 3.68688e-17 0.943558 0.331208 2.09607e-17 0.987472 -0.157795 2.70499e-17 0.999976 0.0068894 2.70499e-17 0.999976 0.0068894 1.42998e-17 0.948032 -0.318176 2.09607e-17 0.987472 -0.157795 1.42998e-17 0.948032 -0.318176 7.24874e-18 0.882732 -0.469877 7.24874e-18 0.882732 -0.469877 1 -6.19876e-20 -5.5982e-17 1 -6.19876e-20 -5.5982e-17 1 -6.19876e-20 -5.5982e-17 1 -6.19876e-20 -5.5982e-17 1 -6.19876e-20 -5.5982e-17 1 -6.19876e-20 -5.5982e-17 1 -6.19876e-20 -5.5982e-17 1 -6.19876e-20 -5.5982e-17 1 -6.19876e-20 -5.5982e-17 1 -6.19876e-20 -5.5982e-17 1 -6.19876e-20 -5.5982e-17 1 -6.19876e-20 -5.5982e-17 1 -6.19876e-20 -5.5982e-17 1 -6.19876e-20 -5.5982e-17 1 -6.19876e-20 -5.5982e-17 1 -6.19876e-20 -5.5982e-17 1 -6.19876e-20 -5.5982e-17 1 -6.19876e-20 -5.5982e-17 1 -6.19876e-20 -5.5982e-17 1 -6.19876e-20 -5.5982e-17 1 -6.19876e-20 -5.5982e-17 1 -6.19876e-20 -5.5982e-17 1 -6.19876e-20 -5.5982e-17 1 -6.19876e-20 -5.5982e-17 1 -6.19876e-20 -5.5982e-17 1 -6.19876e-20 -5.5982e-17 1 -6.19876e-20 -5.5982e-17 1 -6.19876e-20 -5.5982e-17 1 -6.19876e-20 -5.5982e-17 1 -6.19876e-20 -5.5982e-17 1 -6.19876e-20 -5.5982e-17 1 -6.19876e-20 -5.5982e-17 1 -6.19876e-20 -5.5982e-17 1 -6.19876e-20 -5.5982e-17 1 -6.19876e-20 -5.5982e-17 1 -6.19876e-20 -5.5982e-17 1 -6.19876e-20 -5.5982e-17 1 -6.19876e-20 -5.5982e-17 3.36776e-17 -0.740372 0.672197 3.36776e-17 -0.840915 0.541168 3.36776e-17 -0.840915 0.541168 2.95428e-24 0.608761 0.793353 2.95428e-24 0.608761 0.793353 -5.56215e-18 0.73104 0.682334 3.2759e-17 -0.918519 0.395377 3.2759e-17 -0.918519 0.395377 3.09468e-17 -0.971068 0.238801 3.09468e-17 -0.971068 0.238801 2.82904e-17 -0.99713 0.0757116 2.82904e-17 -0.99713 0.0757116 2.48624e-17 -0.995992 -0.0894433 2.48624e-17 -0.995992 -0.0894433 2.07561e-17 -0.967686 -0.252158 2.07561e-17 -0.967686 -0.252158 1.60837e-17 -0.912984 -0.407995 1.60837e-17 -0.912984 -0.407995 1.09726e-17 -0.833378 -0.552703 1.09726e-17 -0.833378 -0.552703 5.56215e-18 -0.73104 -0.682334 5.56215e-18 -0.73104 -0.682334 -5.90856e-24 -0.608761 -0.793353 1.02052e-23 -0.608762 -0.793353 3.36776e-17 -0.740372 0.672197 3.2759e-17 -0.619635 0.78489 3.2759e-17 -0.619635 0.78489 3.09468e-17 -0.481995 0.876174 3.09468e-17 -0.481995 0.876174 2.82904e-17 -0.331208 0.943558 2.82904e-17 -0.331208 0.943558 2.48624e-17 -0.171386 0.985204 2.48624e-17 -0.171386 0.985204 2.07561e-17 -0.00688948 0.999976 2.07561e-17 -0.00688948 0.999976 1.60837e-17 0.157795 0.987472 1.60837e-17 0.157795 0.987472 1.09726e-17 0.318176 0.948032 1.09726e-17 0.318176 0.948032 5.56216e-18 0.469877 0.882732 5.56216e-18 0.469877 0.882732 -1.09726e-17 0.833379 0.552703 -5.56215e-18 0.73104 0.682334 -1.09726e-17 0.833378 0.552703 -2.48624e-17 0.995992 0.0894432 -2.07561e-17 0.967686 0.252158 -2.48624e-17 0.995992 0.0894432 -1.60837e-17 0.912984 0.407995 -1.60837e-17 0.912984 0.407995 -2.07561e-17 0.967686 0.252158 -3.09468e-17 0.971069 -0.238801 -3.2759e-17 0.918519 -0.395377 -3.2759e-17 0.918519 -0.395377 -2.82904e-17 0.99713 -0.0757114 -3.09468e-17 0.971069 -0.238801 -2.82904e-17 0.99713 -0.0757114 -3.2759e-17 0.619635 -0.78489 -3.2759e-17 0.619635 -0.78489 -3.36776e-17 0.740372 -0.672197 -3.36776e-17 0.740372 -0.672197 -3.36776e-17 0.840915 -0.541167 -3.36776e-17 0.840915 -0.541168 -2.48624e-17 0.171386 -0.985204 -2.82904e-17 0.331208 -0.943558 -2.48624e-17 0.171386 -0.985204 -3.09468e-17 0.481995 -0.876174 -3.09468e-17 0.481995 -0.876174 -2.82904e-17 0.331208 -0.943558 -1.60837e-17 -0.157795 -0.987472 -2.07561e-17 0.0068894 -0.999976 -2.07561e-17 0.0068894 -0.999976 -1.09726e-17 -0.318176 -0.948032 -1.60837e-17 -0.157795 -0.987472 -1.09726e-17 -0.318176 -0.948032 -5.56215e-18 -0.469877 -0.882732 -5.56215e-18 -0.469877 -0.882732 1 -6.19876e-20 -5.5982e-17 1 -6.19876e-20 -5.5982e-17 1 -6.19876e-20 -5.5982e-17 1 -6.19876e-20 -5.5982e-17 1 -6.19876e-20 -5.5982e-17 1 -6.19876e-20 -5.5982e-17 1 -6.19876e-20 -5.5982e-17 1 -6.19876e-20 -5.5982e-17 1 -6.19876e-20 -5.5982e-17 1 -6.19876e-20 -5.5982e-17 1 -6.19876e-20 -5.5982e-17 1 -6.19876e-20 -5.5982e-17 1 -6.19876e-20 -5.5982e-17 1 -6.19876e-20 -5.5982e-17 1 -6.19876e-20 -5.5982e-17 1 -6.19876e-20 -5.5982e-17 1 -6.19876e-20 -5.5982e-17 1 -6.19876e-20 -5.5982e-17 1 -6.19876e-20 -5.5982e-17 1 -6.19876e-20 -5.5982e-17 1 -6.19876e-20 -5.5982e-17 1 -6.19876e-20 -5.5982e-17 1 -6.19876e-20 -5.5982e-17 1 -6.19876e-20 -5.5982e-17 1 -6.19876e-20 -5.5982e-17 1 -6.19876e-20 -5.5982e-17 1 -6.19876e-20 -5.5982e-17 1 -6.19876e-20 -5.5982e-17 1 -6.19876e-20 -5.5982e-17 1 -6.19876e-20 -5.5982e-17 1 -6.19876e-20 -5.5982e-17 1 -6.19876e-20 -5.5982e-17 1 -6.19876e-20 -5.5982e-17 1 -6.19876e-20 -5.5982e-17 1 -6.19876e-20 -5.5982e-17 1 -6.19876e-20 -5.5982e-17 1 -6.19876e-20 -5.5982e-17 1 -6.19876e-20 -5.5982e-17 7.22091e-18 -0.97728 0.211953 7.22091e-18 -0.998837 0.0482074 7.22091e-18 -0.998837 0.0482074 6.33436e-25 0.130526 0.991445 6.33436e-25 0.130526 0.991445 -1.1926e-18 0.291932 0.956439 7.02394e-18 -0.993149 -0.116853 7.02394e-18 -0.993149 -0.116853 6.63538e-18 -0.960371 -0.278726 6.63538e-18 -0.960371 -0.278726 6.06582e-18 -0.901395 -0.432997 6.06582e-18 -0.901395 -0.432997 5.3308e-18 -0.817833 -0.575456 5.3308e-18 -0.817833 -0.575456 4.45038e-18 -0.711962 -0.702218 4.45037e-18 -0.711961 -0.702219 3.44855e-18 -0.58667 -0.809826 3.44855e-18 -0.58667 -0.809826 2.35266e-18 -0.445375 -0.895344 2.35266e-18 -0.445376 -0.895344 1.1926e-18 -0.291932 -0.956439 1.1926e-18 -0.291932 -0.956439 -1.26687e-24 -0.130526 -0.991445 2.18813e-24 -0.130526 -0.991445 7.22091e-18 -0.97728 0.211953 7.02394e-18 -0.929065 0.369918 7.02394e-18 -0.929065 0.369918 6.63538e-18 -0.855507 0.517791 6.63538e-18 -0.855507 0.517791 6.06582e-18 -0.758613 0.651541 6.06582e-18 -0.758613 0.651541 5.3308e-18 -0.641027 0.767519 5.3308e-18 -0.641027 0.767519 4.45038e-18 -0.505955 0.86256 4.45038e-18 -0.505955 0.86256 3.44855e-18 -0.357081 0.934073 3.44855e-18 -0.357081 0.934073 2.35266e-18 -0.198468 0.980107 2.35266e-18 -0.198468 0.980107 1.1926e-18 -0.0344407 0.999407 1.1926e-18 -0.0344407 0.999407 -2.35266e-18 0.445376 0.895344 -1.1926e-18 0.291932 0.956439 -2.35266e-18 0.445375 0.895344 -5.3308e-18 0.817833 0.575456 -4.45038e-18 0.711961 0.702219 -5.3308e-18 0.817833 0.575456 -3.44855e-18 0.58667 0.809826 -3.44855e-18 0.58667 0.809826 -4.45038e-18 0.711962 0.702218 -6.63538e-18 0.960371 0.278726 -7.02394e-18 0.993149 0.116853 -7.02394e-18 0.993149 0.116853 -6.06582e-18 0.901395 0.432997 -6.63538e-18 0.960371 0.278726 -6.06582e-18 0.901395 0.432997 -7.02394e-18 0.929065 -0.369917 -7.02394e-18 0.929065 -0.369917 -7.22091e-18 0.97728 -0.211953 -7.22091e-18 0.97728 -0.211953 -7.22091e-18 0.998837 -0.0482074 -7.22091e-18 0.998837 -0.0482076 -5.33081e-18 0.641027 -0.767519 -6.06582e-18 0.758613 -0.651541 -5.3308e-18 0.641027 -0.767519 -6.63538e-18 0.855507 -0.517791 -6.63538e-18 0.855507 -0.517791 -6.06582e-18 0.758613 -0.651541 -3.44855e-18 0.357081 -0.934073 -4.45038e-18 0.505955 -0.86256 -4.45038e-18 0.505955 -0.86256 -2.35266e-18 0.198468 -0.980107 -3.44855e-18 0.357081 -0.934073 -2.35266e-18 0.198468 -0.980107 -1.1926e-18 0.0344405 -0.999407 -1.1926e-18 0.0344405 -0.999407 1 -6.19876e-20 -5.5982e-17 1 -6.19876e-20 -5.5982e-17 1 -6.19876e-20 -5.5982e-17 1 -6.19876e-20 -5.5982e-17 1 -6.19876e-20 -5.5982e-17 1 -6.19876e-20 -5.5982e-17 1 -6.19876e-20 -5.5982e-17 1 -6.19876e-20 -5.5982e-17 1 -6.19876e-20 -5.5982e-17 1 -6.19876e-20 -5.5982e-17 1 -6.19876e-20 -5.5982e-17 1 -6.19876e-20 -5.5982e-17 1 -6.19876e-20 -5.5982e-17 1 -6.19876e-20 -5.5982e-17 1 -6.19876e-20 -5.5982e-17 1 -6.19876e-20 -5.5982e-17 1 -6.19876e-20 -5.5982e-17 1 -6.19876e-20 -5.5982e-17 1 -6.19876e-20 -5.5982e-17 1 -6.19876e-20 -5.5982e-17 1 -6.19876e-20 -5.5982e-17 1 -6.19876e-20 -5.5982e-17 1 -6.19876e-20 -5.5982e-17 1 -6.19876e-20 -5.5982e-17 1 -6.19876e-20 -5.5982e-17 1 -6.19876e-20 -5.5982e-17 1 -6.19876e-20 -5.5982e-17 1 -6.19876e-20 -5.5982e-17 1 -6.19876e-20 -5.5982e-17 1 -6.19876e-20 -5.5982e-17 1 -6.19876e-20 -5.5982e-17 1 -6.19876e-20 -5.5982e-17 1 -6.19876e-20 -5.5982e-17 1 -6.19876e-20 -5.5982e-17 1 -6.19876e-20 -5.5982e-17 1 -6.19876e-20 -5.5982e-17 1 -6.19876e-20 -5.5982e-17 1 -6.19876e-20 -5.5982e-17 -2.11706e-17 -0.952326 -0.305083 -2.11706e-17 -0.889122 -0.45767 -2.11706e-17 -0.889122 -0.45767 -1.85714e-24 -0.382684 0.92388 -1.85714e-24 -0.382684 0.92388 3.49652e-18 -0.225399 0.974267 -2.05932e-17 -0.801666 -0.597772 -2.05932e-17 -0.801666 -0.597773 -1.9454e-17 -0.692342 -0.721569 -1.9454e-17 -0.692342 -0.721569 -1.77841e-17 -0.564133 -0.825684 -1.77841e-17 -0.564133 -0.825684 -1.56291e-17 -0.420536 -0.907276 -1.56291e-17 -0.420536 -0.907276 -1.30478e-17 -0.265468 -0.96412 -1.30478e-17 -0.265467 -0.96412 -1.01106e-17 -0.103158 -0.994665 -1.01106e-17 -0.103158 -0.994665 -6.89765e-18 0.0619658 -0.998078 -6.89766e-18 0.0619653 -0.998078 -3.49651e-18 0.225399 -0.974267 -3.49651e-18 0.225399 -0.974267 3.71428e-24 0.382684 -0.923879 -6.41527e-24 0.382683 -0.92388 -2.11706e-17 -0.952326 -0.305083 -2.05932e-17 -0.989552 -0.144174 -2.05932e-17 -0.989552 -0.144174 -1.9454e-17 -0.999786 0.0206667 -1.9454e-17 -0.999786 0.0206667 -1.77841e-17 -0.982749 0.184944 -1.77841e-17 -0.982749 0.184944 -1.56291e-17 -0.938905 0.344177 -1.56291e-17 -0.938905 0.344177 -1.30478e-17 -0.86945 0.494022 -1.30478e-17 -0.86945 0.494022 -1.01106e-17 -0.776278 0.630391 -1.01106e-17 -0.776278 0.630391 -6.89765e-18 -0.661932 0.749564 -6.89765e-18 -0.661932 0.749564 -3.49652e-18 -0.52953 0.848291 -3.49652e-18 -0.52953 0.848291 6.89766e-18 -0.0619652 0.998078 3.49652e-18 -0.225399 0.974267 6.89765e-18 -0.0619655 0.998078 1.56291e-17 0.420536 0.907276 1.30478e-17 0.265467 0.96412 1.56291e-17 0.420536 0.907276 1.01106e-17 0.103158 0.994665 1.01106e-17 0.103158 0.994665 1.30478e-17 0.265468 0.96412 1.9454e-17 0.692342 0.721569 2.05932e-17 0.801666 0.597772 2.05932e-17 0.801666 0.597772 1.77841e-17 0.564133 0.825684 1.9454e-17 0.692342 0.721569 1.77841e-17 0.564133 0.825684 2.05932e-17 0.989552 0.144174 2.05932e-17 0.989552 0.144174 2.11706e-17 0.952326 0.305083 2.11706e-17 0.952326 0.305083 2.11706e-17 0.889122 0.45767 2.11706e-17 0.889122 0.45767 1.56291e-17 0.938905 -0.344177 1.77841e-17 0.982749 -0.184944 1.56291e-17 0.938905 -0.344177 1.9454e-17 0.999786 -0.0206669 1.9454e-17 0.999786 -0.0206669 1.77841e-17 0.982749 -0.184944 1.01106e-17 0.776278 -0.630391 1.30478e-17 0.86945 -0.494022 1.30478e-17 0.86945 -0.494022 6.89765e-18 0.661932 -0.749564 1.01106e-17 0.776278 -0.630391 6.89765e-18 0.661932 -0.749564 3.49652e-18 0.52953 -0.848291 3.49652e-18 0.52953 -0.848291 1 -6.19876e-20 -5.5982e-17 1 -6.19876e-20 -5.5982e-17 1 -6.19876e-20 -5.5982e-17 1 -6.19876e-20 -5.5982e-17 1 -6.19876e-20 -5.5982e-17 1 -6.19876e-20 -5.5982e-17 1 -6.19876e-20 -5.5982e-17 1 -6.19876e-20 -5.5982e-17 1 -6.19876e-20 -5.5982e-17 1 -6.19876e-20 -5.5982e-17 1 -6.19876e-20 -5.5982e-17 1 -6.19876e-20 -5.5982e-17 1 -6.19876e-20 -5.5982e-17 1 -6.19876e-20 -5.5982e-17 1 -6.19876e-20 -5.5982e-17 1 -6.19876e-20 -5.5982e-17 1 -6.19876e-20 -5.5982e-17 1 -6.19876e-20 -5.5982e-17 1 -6.19876e-20 -5.5982e-17 1 -6.19876e-20 -5.5982e-17 1 -6.19876e-20 -5.5982e-17 1 -6.19876e-20 -5.5982e-17 1 -6.19876e-20 -5.5982e-17 1 -6.19876e-20 -5.5982e-17 1 -6.19876e-20 -5.5982e-17 1 -6.19876e-20 -5.5982e-17 1 -6.19876e-20 -5.5982e-17 1 -6.19876e-20 -5.5982e-17 1 -6.19876e-20 -5.5982e-17 1 -6.19876e-20 -5.5982e-17 1 -6.19876e-20 -5.5982e-17 1 -6.19876e-20 -5.5982e-17 1 -6.19876e-20 -5.5982e-17 1 -6.19876e-20 -5.5982e-17 1 -6.19876e-20 -5.5982e-17 1 -6.19876e-20 -5.5982e-17 1 -6.19876e-20 -5.5982e-17 1 -6.19876e-20 -5.5982e-17 -2.77556e-17 0.866025 -0.5 -2.77556e-17 0.866025 -0.5 -2.77556e-17 0.866025 -0.5 -2.77556e-17 0.866025 -0.5 -2.77556e-17 0.866025 -0.5 -2.15745e-17 0.921385 -0.388652 -2.77556e-17 0.866025 -0.5 -1.47897e-17 0.963855 -0.266428 -1.81704e-17 0.94491 -0.32733 4.85294e-24 1 8.74228e-08 -3.70423e-18 0.997771 -0.0667294 3.70153e-18 0.997774 0.0666808 -1.10389e-17 0.980028 -0.198859 -7.53566e-18 0.990743 -0.13575 2.15698e-17 0.921421 0.388567 1.47896e-17 0.963855 0.266426 1.81704e-17 0.94491 0.32733 1.1038e-17 0.980031 0.198843 7.52326e-18 0.990774 0.135527 2.77556e-17 0.866025 0.5 2.77556e-17 0.866025 0.5 2.77556e-17 0.866025 0.5 2.77556e-17 0.866025 0.5 2.77556e-17 0.866025 0.5 2.77556e-17 0.866025 0.5 0 0.0825794 -0.996584 -0 -0.0825794 -0.996584 -0 -0.0825794 -0.996584 0 1 -8.74228e-08 0 0.986361 0.164595 0 1 -8.74228e-08 -0 -0.245485 -0.9694 -0 -0.245486 -0.9694 -0 -0.401695 -0.915773 -0 -0.401695 -0.915773 -0 -0.546948 -0.837166 -0 -0.546948 -0.837166 -0 -0.677282 -0.735724 -0 -0.677282 -0.735724 -0 -0.78914 -0.614213 -0 -0.789141 -0.614213 -0 -0.879474 -0.475947 -0 -0.879474 -0.475948 -0 -0.945817 -0.324699 -0 -0.945817 -0.3247 -0 -0.986361 -0.164595 -0 -0.986361 -0.164595 0 -1 1.74846e-07 -0 -1 -3.01992e-07 0 0.0825794 -0.996584 0 0.245486 -0.9694 0 0.245486 -0.9694 0 0.401695 -0.915773 0 0.401695 -0.915773 0 0.546948 -0.837167 0 0.546948 -0.837167 0 0.677282 -0.735724 0 0.677282 -0.735724 0 0.78914 -0.614213 0 0.78914 -0.614213 0 0.879474 -0.475947 0 0.879474 -0.475947 0 0.945817 -0.324699 0 0.945817 -0.324699 0 0.986361 -0.164595 0 0.986361 -0.164595 0 0.945817 0.3247 0 0.945817 0.324699 0 0.986361 0.164595 0 0.677282 0.735724 0 0.677282 0.735724 0 0.789141 0.614213 0 0.879474 0.475947 0 0.78914 0.614213 0 0.879474 0.475947 0 0.401695 0.915773 0 0.245485 0.9694 0 0.245485 0.9694 0 0.546948 0.837166 0 0.546948 0.837166 0 0.401695 0.915773 0 -0.245485 0.9694 0 -0.0825794 0.996584 0 -0.245485 0.9694 0 -0.0825794 0.996584 0 0.0825792 0.996584 0 0.0825794 0.996584 0 -0.677282 0.735724 0 -0.677282 0.735724 0 -0.546948 0.837166 0 -0.401695 0.915773 0 -0.546948 0.837166 0 -0.401695 0.915773 0 -0.879474 0.475947 0 -0.789141 0.614213 0 -0.789141 0.614213 0 -0.879474 0.475947 0 -0.945817 0.324699 0 -0.945817 0.324699 0 -0.986361 0.164595 0 -0.986361 0.164595 1 -6.19876e-20 -5.5982e-17 1 -6.19876e-20 -5.5982e-17 1 -6.19876e-20 -5.5982e-17 1 -6.19876e-20 -5.5982e-17 1 -6.19876e-20 -5.5982e-17 1 -6.19876e-20 -5.5982e-17 1 -6.19876e-20 -5.5982e-17 1 -6.19876e-20 -5.5982e-17 1 -6.19876e-20 -5.5982e-17 1 -6.19876e-20 -5.5982e-17 1 -6.19876e-20 -5.5982e-17 1 -6.19876e-20 -5.5982e-17 1 -6.19876e-20 -5.5982e-17 1 -6.19876e-20 -5.5982e-17 1 -6.19876e-20 -5.5982e-17 1 -6.19876e-20 -5.5982e-17 1 -6.19876e-20 -5.5982e-17 1 -6.19876e-20 -5.5982e-17 1 -6.19876e-20 -5.5982e-17 1 -6.19876e-20 -5.5982e-17 1 -6.19876e-20 -5.5982e-17 1 -6.19876e-20 -5.5982e-17 1 -6.19876e-20 -5.5982e-17 1 -6.19876e-20 -5.5982e-17 1 -6.19876e-20 -5.5982e-17 1 -6.19876e-20 -5.5982e-17 1 -6.19876e-20 -5.5982e-17 1 -6.19876e-20 -5.5982e-17 1 -6.19876e-20 -5.5982e-17 1 -6.19876e-20 -5.5982e-17 1 -6.19876e-20 -5.5982e-17 1 -6.19876e-20 -5.5982e-17 1 -6.19876e-20 -5.5982e-17 1 -6.19876e-20 -5.5982e-17 1 -6.19876e-20 -5.5982e-17 1 -6.19876e-20 -5.5982e-17 1 -6.19876e-20 -5.5982e-17 1 -6.19876e-20 -5.5982e-17 0 0.0825794 -0.996584 -0 -0.0825794 -0.996584 -0 -0.0825794 -0.996584 0 1 -8.74228e-08 0 0.986361 0.164595 0 1 -8.74228e-08 -0 -0.245485 -0.9694 -0 -0.245486 -0.9694 -0 -0.401695 -0.915773 -0 -0.401695 -0.915773 -0 -0.546948 -0.837166 -0 -0.546948 -0.837166 -0 -0.677282 -0.735724 -0 -0.677282 -0.735724 -0 -0.78914 -0.614213 -0 -0.789141 -0.614213 -0 -0.879474 -0.475947 -0 -0.879474 -0.475948 -0 -0.945817 -0.324699 -0 -0.945817 -0.3247 -0 -0.986361 -0.164595 -0 -0.986361 -0.164595 0 -1 1.74846e-07 -0 -1 -3.01992e-07 0 0.0825794 -0.996584 0 0.245486 -0.9694 0 0.245486 -0.9694 0 0.401695 -0.915773 0 0.401695 -0.915773 0 0.546948 -0.837167 0 0.546948 -0.837167 0 0.677282 -0.735724 0 0.677282 -0.735724 0 0.78914 -0.614213 0 0.78914 -0.614213 0 0.879474 -0.475947 0 0.879474 -0.475947 0 0.945817 -0.324699 0 0.945817 -0.324699 0 0.986361 -0.164595 0 0.986361 -0.164595 0 0.945817 0.3247 0 0.945817 0.324699 0 0.986361 0.164595 0 0.677282 0.735724 0 0.677282 0.735724 0 0.789141 0.614213 0 0.879474 0.475947 0 0.78914 0.614213 0 0.879474 0.475947 0 0.401695 0.915773 0 0.245485 0.9694 0 0.245485 0.9694 0 0.546948 0.837166 0 0.546948 0.837166 0 0.401695 0.915773 0 -0.245485 0.9694 0 -0.0825794 0.996584 0 -0.245485 0.9694 0 -0.0825794 0.996584 0 0.0825792 0.996584 0 0.0825794 0.996584 0 -0.677282 0.735724 0 -0.677282 0.735724 0 -0.546948 0.837166 0 -0.401695 0.915773 0 -0.546948 0.837166 0 -0.401695 0.915773 0 -0.879474 0.475947 0 -0.789141 0.614213 0 -0.789141 0.614213 0 -0.879474 0.475947 0 -0.945817 0.324699 0 -0.945817 0.324699 0 -0.986361 0.164595 0 -0.986361 0.164595 1 0 0 1 0 0 1 0 0 1 0 0 1 0 0 1 0 0 1 0 0 1 0 0 1 0 0 1 0 0 1 0 0 1 0 0 1 0 0 1 0 0 1 0 0 1 0 0 1 0 0 1 0 0 1 0 0 1 0 0 1 0 0 1 0 0 1 0 0 1 0 0 1 0 0 1 0 0 1 0 0 1 0 0 1 0 0 1 0 0 1 0 0 1 0 0 1 0 0 1 0 0 1 0 0 1 0 0 1 0 0 1 0 0 0 0.0825794 -0.996584 -0 -0.0825794 -0.996584 -0 -0.0825794 -0.996584 0 1 -8.74228e-08 0 0.986361 0.164595 0 1 -8.74228e-08 -0 -0.245485 -0.9694 -0 -0.245486 -0.9694 -0 -0.401695 -0.915773 -0 -0.401695 -0.915773 -0 -0.546948 -0.837166 -0 -0.546948 -0.837166 -0 -0.677282 -0.735724 -0 -0.677282 -0.735724 -0 -0.78914 -0.614213 -0 -0.789141 -0.614213 -0 -0.879474 -0.475947 -0 -0.879474 -0.475948 -0 -0.945817 -0.324699 -0 -0.945817 -0.3247 -0 -0.986361 -0.164595 -0 -0.986361 -0.164595 0 -1 1.74846e-07 -0 -1 -3.01992e-07 0 0.0825794 -0.996584 0 0.245486 -0.9694 0 0.245486 -0.9694 0 0.401695 -0.915773 0 0.401695 -0.915773 0 0.546948 -0.837167 0 0.546948 -0.837167 0 0.677282 -0.735724 0 0.677282 -0.735724 0 0.78914 -0.614213 0 0.78914 -0.614213 0 0.879474 -0.475947 0 0.879474 -0.475947 0 0.945817 -0.324699 0 0.945817 -0.324699 0 0.986361 -0.164595 0 0.986361 -0.164595 0 0.945817 0.3247 0 0.945817 0.324699 0 0.986361 0.164595 0 0.677282 0.735724 0 0.677282 0.735724 0 0.789141 0.614213 0 0.879474 0.475947 0 0.78914 0.614213 0 0.879474 0.475947 0 0.401695 0.915773 0 0.245485 0.9694 0 0.245485 0.9694 0 0.546948 0.837166 0 0.546948 0.837166 0 0.401695 0.915773 0 -0.245485 0.9694 0 -0.0825794 0.996584 0 -0.245485 0.9694 0 -0.0825794 0.996584 0 0.0825792 0.996584 0 0.0825794 0.996584 0 -0.677282 0.735724 0 -0.677282 0.735724 0 -0.546948 0.837166 0 -0.401695 0.915773 0 -0.546948 0.837166 0 -0.401695 0.915773 0 -0.879474 0.475947 0 -0.789141 0.614213 0 -0.789141 0.614213 0 -0.879474 0.475947 0 -0.945817 0.324699 0 -0.945817 0.324699 0 -0.986361 0.164595 0 -0.986361 0.164595 1 0 0 1 0 0 1 0 0 1 0 0 1 0 0 1 0 0 1 0 0 1 0 0 1 0 0 1 0 0 1 0 0 1 0 0 1 0 0 1 0 0 1 0 0 1 0 0 1 0 0 1 0 0 1 0 0 1 0 0 1 0 0 1 0 0 1 0 0 1 0 0 1 0 0 1 0 0 1 0 0 1 0 0 1 0 0 1 0 0 1 0 0 1 0 0 1 0 0 1 0 0 1 0 0 1 0 0 1 0 0 1 0 0 0 0.0825794 -0.996584 -0 -0.0825794 -0.996584 -0 -0.0825794 -0.996584 0 1 -8.74228e-08 0 0.986361 0.164595 0 1 -8.74228e-08 -0 -0.245485 -0.9694 -0 -0.245486 -0.9694 -0 -0.401695 -0.915773 -0 -0.401695 -0.915773 -0 -0.546948 -0.837166 -0 -0.546948 -0.837166 -0 -0.677282 -0.735724 -0 -0.677282 -0.735724 -0 -0.78914 -0.614213 -0 -0.789141 -0.614213 -0 -0.879474 -0.475947 -0 -0.879474 -0.475948 -0 -0.945817 -0.324699 -0 -0.945817 -0.3247 -0 -0.986361 -0.164595 -0 -0.986361 -0.164595 0 -1 1.74846e-07 -0 -1 -3.01992e-07 0 0.0825794 -0.996584 0 0.245486 -0.9694 0 0.245486 -0.9694 0 0.401695 -0.915773 0 0.401695 -0.915773 0 0.546948 -0.837167 0 0.546948 -0.837167 0 0.677282 -0.735724 0 0.677282 -0.735724 0 0.78914 -0.614213 0 0.78914 -0.614213 0 0.879474 -0.475947 0 0.879474 -0.475947 0 0.945817 -0.324699 0 0.945817 -0.324699 0 0.986361 -0.164595 0 0.986361 -0.164595 0 0.945817 0.3247 0 0.945817 0.324699 0 0.986361 0.164595 0 0.677282 0.735724 0 0.677282 0.735724 0 0.789141 0.614213 0 0.879474 0.475947 0 0.78914 0.614213 0 0.879474 0.475947 0 0.401695 0.915773 0 0.245485 0.9694 0 0.245485 0.9694 0 0.546948 0.837166 0 0.546948 0.837166 0 0.401695 0.915773 0 -0.245485 0.9694 0 -0.0825794 0.996584 0 -0.245485 0.9694 0 -0.0825794 0.996584 0 0.0825792 0.996584 0 0.0825794 0.996584 0 -0.677282 0.735724 0 -0.677282 0.735724 0 -0.546948 0.837166 0 -0.401695 0.915773 0 -0.546948 0.837166 0 -0.401695 0.915773 0 -0.879474 0.475947 0 -0.789141 0.614213 0 -0.789141 0.614213 0 -0.879474 0.475947 0 -0.945817 0.324699 0 -0.945817 0.324699 0 -0.986361 0.164595 0 -0.986361 0.164595 1 0 0 1 0 0 1 0 0 1 0 0 1 0 0 1 0 0 1 0 0 1 0 0 1 0 0 1 0 0 1 0 0 1 0 0 1 0 0 1 0 0 1 0 0 1 0 0 1 0 0 1 0 0 1 0 0 1 0 0 1 0 0 1 0 0 1 0 0 1 0 0 1 0 0 1 0 0 1 0 0 1 0 0 1 0 0 1 0 0 1 0 0 1 0 0 1 0 0 1 0 0 1 0 0 1 0 0 1 0 0 1 0 0 0 0.0825794 -0.996584 -0 -0.0825794 -0.996584 -0 -0.0825794 -0.996584 0 1 -8.74228e-08 0 0.986361 0.164595 0 1 -8.74228e-08 -0 -0.245485 -0.9694 -0 -0.245486 -0.9694 -0 -0.401695 -0.915773 -0 -0.401695 -0.915773 -0 -0.546948 -0.837166 -0 -0.546948 -0.837166 -0 -0.677282 -0.735724 -0 -0.677282 -0.735724 -0 -0.78914 -0.614213 -0 -0.789141 -0.614213 -0 -0.879474 -0.475947 -0 -0.879474 -0.475948 -0 -0.945817 -0.324699 -0 -0.945817 -0.3247 -0 -0.986361 -0.164595 -0 -0.986361 -0.164595 0 -1 1.74846e-07 -0 -1 -3.01992e-07 0 0.0825794 -0.996584 0 0.245486 -0.9694 0 0.245486 -0.9694 0 0.401695 -0.915773 0 0.401695 -0.915773 0 0.546948 -0.837167 0 0.546948 -0.837167 0 0.677282 -0.735724 0 0.677282 -0.735724 0 0.78914 -0.614213 0 0.78914 -0.614213 0 0.879474 -0.475947 0 0.879474 -0.475947 0 0.945817 -0.324699 0 0.945817 -0.324699 0 0.986361 -0.164595 0 0.986361 -0.164595 0 0.945817 0.3247 0 0.945817 0.324699 0 0.986361 0.164595 0 0.677282 0.735724 0 0.677282 0.735724 0 0.789141 0.614213 0 0.879474 0.475947 0 0.78914 0.614213 0 0.879474 0.475947 0 0.401695 0.915773 0 0.245485 0.9694 0 0.245485 0.9694 0 0.546948 0.837166 0 0.546948 0.837166 0 0.401695 0.915773 0 -0.245485 0.9694 0 -0.0825794 0.996584 0 -0.245485 0.9694 0 -0.0825794 0.996584 0 0.0825792 0.996584 0 0.0825794 0.996584 0 -0.677282 0.735724 0 -0.677282 0.735724 0 -0.546948 0.837166 0 -0.401695 0.915773 0 -0.546948 0.837166 0 -0.401695 0.915773 0 -0.879474 0.475947 0 -0.789141 0.614213 0 -0.789141 0.614213 0 -0.879474 0.475947 0 -0.945817 0.324699 0 -0.945817 0.324699 0 -0.986361 0.164595 0 -0.986361 0.164595 1 0 0 1 0 0 1 0 0 1 0 0 1 0 0 1 0 0 1 0 0 1 0 0 1 0 0 1 0 0 1 0 0 1 0 0 1 0 0 1 0 0 1 0 0 1 0 0 1 0 0 1 0 0 1 0 0 1 0 0 1 0 0 1 0 0 1 0 0 1 0 0 1 0 0 1 0 0 1 0 0 1 0 0 1 0 0 1 0 0 1 0 0 1 0 0 1 0 0 1 0 0 1 0 0 1 0 0 1 0 0 1 0 0 0 0.0825794 -0.996584 -0 -0.0825794 -0.996584 -0 -0.0825794 -0.996584 0 1 -8.74228e-08 0 0.986361 0.164595 0 1 -8.74228e-08 -0 -0.245485 -0.9694 -0 -0.245486 -0.9694 -0 -0.401695 -0.915773 -0 -0.401695 -0.915773 -0 -0.546948 -0.837166 -0 -0.546948 -0.837166 -0 -0.677282 -0.735724 -0 -0.677282 -0.735724 -0 -0.78914 -0.614213 -0 -0.789141 -0.614213 -0 -0.879474 -0.475947 -0 -0.879474 -0.475948 -0 -0.945817 -0.324699 -0 -0.945817 -0.3247 -0 -0.986361 -0.164595 -0 -0.986361 -0.164595 0 -1 1.74846e-07 -0 -1 -3.01992e-07 0 0.0825794 -0.996584 0 0.245486 -0.9694 0 0.245486 -0.9694 0 0.401695 -0.915773 0 0.401695 -0.915773 0 0.546948 -0.837167 0 0.546948 -0.837167 0 0.677282 -0.735724 0 0.677282 -0.735724 0 0.78914 -0.614213 0 0.78914 -0.614213 0 0.879474 -0.475947 0 0.879474 -0.475947 0 0.945817 -0.324699 0 0.945817 -0.324699 0 0.986361 -0.164595 0 0.986361 -0.164595 0 0.945817 0.3247 0 0.945817 0.324699 0 0.986361 0.164595 0 0.677282 0.735724 0 0.677282 0.735724 0 0.789141 0.614213 0 0.879474 0.475947 0 0.78914 0.614213 0 0.879474 0.475947 0 0.401695 0.915773 0 0.245485 0.9694 0 0.245485 0.9694 0 0.546948 0.837166 0 0.546948 0.837166 0 0.401695 0.915773 0 -0.245485 0.9694 0 -0.0825794 0.996584 0 -0.245485 0.9694 0 -0.0825794 0.996584 0 0.0825792 0.996584 0 0.0825794 0.996584 0 -0.677282 0.735724 0 -0.677282 0.735724 0 -0.546948 0.837166 0 -0.401695 0.915773 0 -0.546948 0.837166 0 -0.401695 0.915773 0 -0.879474 0.475947 0 -0.789141 0.614213 0 -0.789141 0.614213 0 -0.879474 0.475947 0 -0.945817 0.324699 0 -0.945817 0.324699 0 -0.986361 0.164595 0 -0.986361 0.164595 1 0 0 1 0 0 1 0 0 1 0 0 1 0 0 1 0 0 1 0 0 1 0 0 1 0 0 1 0 0 1 0 0 1 0 0 1 0 0 1 0 0 1 0 0 1 0 0 1 0 0 1 0 0 1 0 0 1 0 0 1 0 0 1 0 0 1 0 0 1 0 0 1 0 0 1 0 0 1 0 0 1 0 0 1 0 0 1 0 0 1 0 0 1 0 0 1 0 0 1 0 0 1 0 0 1 0 0 1 0 0 1 0 0 0 0.0825794 -0.996584 -0 -0.0825794 -0.996584 -0 -0.0825794 -0.996584 0 1 -8.74228e-08 0 0.986361 0.164595 0 1 -8.74228e-08 -0 -0.245485 -0.9694 -0 -0.245486 -0.9694 -0 -0.401695 -0.915773 -0 -0.401695 -0.915773 -0 -0.546948 -0.837166 -0 -0.546948 -0.837166 -0 -0.677282 -0.735724 -0 -0.677282 -0.735724 -0 -0.78914 -0.614213 -0 -0.789141 -0.614213 -0 -0.879474 -0.475947 -0 -0.879474 -0.475948 -0 -0.945817 -0.324699 -0 -0.945817 -0.3247 -0 -0.986361 -0.164595 -0 -0.986361 -0.164595 0 -1 1.74846e-07 -0 -1 -3.01992e-07 0 0.0825794 -0.996584 0 0.245486 -0.9694 0 0.245486 -0.9694 0 0.401695 -0.915773 0 0.401695 -0.915773 0 0.546948 -0.837167 0 0.546948 -0.837167 0 0.677282 -0.735724 0 0.677282 -0.735724 0 0.78914 -0.614213 0 0.78914 -0.614213 0 0.879474 -0.475947 0 0.879474 -0.475947 0 0.945817 -0.324699 0 0.945817 -0.324699 0 0.986361 -0.164595 0 0.986361 -0.164595 0 0.945817 0.3247 0 0.945817 0.324699 0 0.986361 0.164595 0 0.677282 0.735724 0 0.677282 0.735724 0 0.789141 0.614213 0 0.879474 0.475947 0 0.78914 0.614213 0 0.879474 0.475947 0 0.401695 0.915773 0 0.245485 0.9694 0 0.245485 0.9694 0 0.546948 0.837166 0 0.546948 0.837166 0 0.401695 0.915773 0 -0.245485 0.9694 0 -0.0825794 0.996584 0 -0.245485 0.9694 0 -0.0825794 0.996584 0 0.0825792 0.996584 0 0.0825794 0.996584 0 -0.677282 0.735724 0 -0.677282 0.735724 0 -0.546948 0.837166 0 -0.401695 0.915773 0 -0.546948 0.837166 0 -0.401695 0.915773 0 -0.879474 0.475947 0 -0.789141 0.614213 0 -0.789141 0.614213 0 -0.879474 0.475947 0 -0.945817 0.324699 0 -0.945817 0.324699 0 -0.986361 0.164595 0 -0.986361 0.164595 1 0 0 1 0 0 1 0 0 1 0 0 1 0 0 1 0 0 1 0 0 1 0 0 1 0 0 1 0 0 1 0 0 1 0 0 1 0 0 1 0 0 1 0 0 1 0 0 1 0 0 1 0 0 1 0 0 1 0 0 1 0 0 1 0 0 1 0 0 1 0 0 1 0 0 1 0 0 1 0 0 1 0 0 1 0 0 1 0 0 1 0 0 1 0 0 1 0 0 1 0 0 1 0 0 1 0 0 1 0 0 1 0 0 0 0.0825794 -0.996584 -0 -0.0825794 -0.996584 -0 -0.0825794 -0.996584 0 1 -8.74228e-08 0 0.986361 0.164595 0 1 -8.74228e-08 -0 -0.245485 -0.9694 -0 -0.245486 -0.9694 -0 -0.401695 -0.915773 -0 -0.401695 -0.915773 -0 -0.546948 -0.837166 -0 -0.546948 -0.837166 -0 -0.677282 -0.735724 -0 -0.677282 -0.735724 -0 -0.78914 -0.614213 -0 -0.789141 -0.614213 -0 -0.879474 -0.475947 -0 -0.879474 -0.475948 -0 -0.945817 -0.324699 -0 -0.945817 -0.3247 -0 -0.986361 -0.164595 -0 -0.986361 -0.164595 0 -1 1.74846e-07 -0 -1 -3.01992e-07 0 0.0825794 -0.996584 0 0.245486 -0.9694 0 0.245486 -0.9694 0 0.401695 -0.915773 0 0.401695 -0.915773 0 0.546948 -0.837167 0 0.546948 -0.837167 0 0.677282 -0.735724 0 0.677282 -0.735724 0 0.78914 -0.614213 0 0.78914 -0.614213 0 0.879474 -0.475947 0 0.879474 -0.475947 0 0.945817 -0.324699 0 0.945817 -0.324699 0 0.986361 -0.164595 0 0.986361 -0.164595 0 0.945817 0.3247 0 0.945817 0.324699 0 0.986361 0.164595 0 0.677282 0.735724 0 0.677282 0.735724 0 0.789141 0.614213 0 0.879474 0.475947 0 0.78914 0.614213 0 0.879474 0.475947 0 0.401695 0.915773 0 0.245485 0.9694 0 0.245485 0.9694 0 0.546948 0.837166 0 0.546948 0.837166 0 0.401695 0.915773 0 -0.245485 0.9694 0 -0.0825794 0.996584 0 -0.245485 0.9694 0 -0.0825794 0.996584 0 0.0825792 0.996584 0 0.0825794 0.996584 0 -0.677282 0.735724 0 -0.677282 0.735724 0 -0.546948 0.837166 0 -0.401695 0.915773 0 -0.546948 0.837166 0 -0.401695 0.915773 0 -0.879474 0.475947 0 -0.789141 0.614213 0 -0.789141 0.614213 0 -0.879474 0.475947 0 -0.945817 0.324699 0 -0.945817 0.324699 0 -0.986361 0.164595 0 -0.986361 0.164595 1 0 0 1 0 0 1 0 0 1 0 0 1 0 0 1 0 0 1 0 0 1 0 0 1 0 0 1 0 0 1 0 0 1 0 0 1 0 0 1 0 0 1 0 0 1 0 0 1 0 0 1 0 0 1 0 0 1 0 0 1 0 0 1 0 0 1 0 0 1 0 0 1 0 0 1 0 0 1 0 0 1 0 0 1 0 0 1 0 0 1 0 0 1 0 0 1 0 0 1 0 0 1 0 0 1 0 0 1 0 0 1 0 0 0 -0.0825794 0.996584 0 0.0794731 0.996837 0 -0.083528 0.996505 0 0.991716 -0.128452 0 0.999624 0.0274315 0 1 -8.74228e-08 0 -0.245082 0.969502 0 -0.245485 0.9694 0 -0.401695 0.915773 0 -0.39971 0.916642 0 -0.544313 0.838882 0 -0.546948 0.837166 0 -0.674228 0.738523 0 -0.677282 0.735724 0 -0.789141 0.614213 0 -0.786556 0.617519 0 -0.87751 0.479559 0 -0.879474 0.475947 0 -0.944819 0.327594 0 -0.945817 0.324699 0 -0.986361 0.164595 0 -0.986039 0.166512 0 -1 1.55435e-11 -0 -1 -1.37149e-11 0 0.0825792 0.996584 0 0.163411 0.986558 0 0.245485 0.9694 0 0.24155 0.970388 0 0.31184 0.950135 0 0.401695 0.915773 0 0.373199 0.927751 0 0.463242 0.886232 0 0.424197 0.90557 0 0.488074 0.872802 0 0.546948 0.837166 0 0.496865 0.867828 0 0.496865 0.867828 0 0.595864 0.803086 0 0.677282 0.735724 0 0.78914 0.614213 0 0.690476 0.723355 0 0.879474 0.475947 0 0.794625 0.6071 0 0.879415 0.476055 0 0.942781 0.333413 0 0.945817 0.324699 0 0.986361 0.164595 0 0.983179 0.182647 0 0.959647 -0.281206 0 0.986361 -0.164595 0 0.945817 -0.324699 0 0.864212 -0.503128 0 0.879474 -0.475947 0 0.864212 -0.503128 0 0.917576 -0.397561 0 0.860202 -0.509953 0 0.829306 -0.558795 0 0.78914 -0.614213 0 0.848484 -0.529221 0 0.729258 -0.684238 0 0.769627 -0.638493 0 0.802969 -0.596021 0 0.546948 -0.837167 0 0.627462 -0.778647 0 0.677282 -0.735724 0 0.681817 -0.731523 0 0.401695 -0.915773 0 0.291625 -0.956533 0 0.434484 -0.900679 0 0.567091 -0.823655 0 0.0825794 -0.996584 -0 -0.0114682 -0.999934 0 0.141916 -0.989879 0 0.245486 -0.9694 -0 -0.245485 -0.9694 -0 -0.314791 -0.949161 -0 -0.164884 -0.986313 -0 -0.0825794 -0.996584 -0 -0.546948 -0.837166 -0 -0.589865 -0.807502 -0 -0.457712 -0.8891 -0 -0.401695 -0.915773 -0 -0.789141 -0.614213 -0 -0.879474 -0.475947 -0 -0.809533 -0.587075 -0 -0.677282 -0.735724 -0 -0.708318 -0.705893 -0 -0.945817 -0.324699 -0 -0.951166 -0.308681 -0 -0.891351 -0.453313 -0 -0.98776 -0.15598 -0 -0.986361 -0.164595 1 0 0 1 0 0 1 0 0 1 0 0 1 0 0 1 0 0 1 0 0 1 0 0 1 0 0 1 0 0 1 0 0 1 0 0 1 0 0 1 0 0 1 0 0 1 0 0 1 0 0 1 0 0 1 0 0 1 0 0 1 0 0 1 0 0 1 0 0 1 0 0 1 0 0 1 0 0 1 0 0 1 0 0 1 0 0 1 0 0 1 0 0 1 0 0 1 0 0 1 0 0 1 0 0 1 0 0 1 0 0 1 0 0 1 0 0 1 0 0 1 0 0 1 0 0 1 0 0 1 0 0 1 0 0 1 0 0 1 0 0 1 0 0 1 0 0 1 0 0 1 0 0 1 0 0 1 0 0 1 0 0 1 0 0 1 0 0 1 0 0 1 0 0 1 0 0 1 0 0 1 0 0 1 0 0 1 0 0 1 0 0 1 0 0 1 0 0 1 0 0 1 0 0 1 0 0 1 0 0 1 0 0 1 0 0 1 0 0 1 0 0 1 0 0 1 0 0 0 -0.0825794 0.996584 0 -0.0111147 0.999938 0 -0.164394 0.986395 0 0.999624 -0.0274315 0 0.986361 -0.164595 0 0.983179 -0.182647 0 -0.314529 0.949248 0 -0.245485 0.9694 0 -0.457301 0.889312 0 -0.401695 0.915773 0 -0.546948 0.837166 0 -0.589705 0.807619 0 -0.708034 0.706178 0 -0.677282 0.735724 0 -0.809455 0.587182 0 -0.789141 0.614213 0 -0.879474 0.475947 0 -0.891225 0.453561 0 -0.951143 0.30875 0 -0.945817 0.324699 0 -0.987755 0.156015 0 -0.986361 0.164595 -0 -1 -1.37149e-11 0 -1 1.55435e-11 0 0.0825792 0.996584 0 0.142477 0.989798 0 0.245485 0.9694 0 0.401695 0.915773 0 0.292035 0.956408 0 0.546948 0.837166 0 0.43509 0.900387 0 0.634797 0.772679 0 0.567244 0.82355 0 0.677282 0.735724 0 0.694383 0.719606 0 0.78914 0.614213 0 0.745129 0.666921 0 0.82015 0.572149 0 0.787076 0.616857 0 0.879474 0.475947 0 0.844295 0.535878 0 0.864212 0.503128 0 0.859085 0.511832 0 0.917576 0.397561 0 0.864212 0.503128 0 0.959647 0.281206 0 0.945817 0.324699 0 0.986361 0.164595 0 1 -8.74228e-08 0 0.991716 0.128452 0 0.879474 -0.475947 0 0.942781 -0.333412 0 0.945817 -0.324699 0 0.690476 -0.723355 0 0.677282 -0.735724 0 0.595864 -0.803086 0 0.78914 -0.614213 0 0.794625 -0.6071 0 0.546948 -0.837167 0 0.496865 -0.867828 0 0.496865 -0.867828 0 0.48998 -0.871733 0 0.401695 -0.915773 0 0.470199 -0.88256 0 0.34727 -0.937765 0 0.397381 -0.917654 0 0.438803 -0.898583 0 0.245486 -0.9694 0 0.154074 -0.988059 0 0.22471 -0.974426 0 0.289437 -0.957197 -0 -0.0825794 -0.996584 0 0.0792872 -0.996852 0 0.0825794 -0.996584 -0 -0.0841793 -0.996451 -0 -0.245485 -0.9694 -0 -0.245456 -0.969408 -0 -0.401695 -0.915773 -0 -0.546948 -0.837166 -0 -0.544568 -0.838717 -0 -0.400102 -0.916471 -0 -0.677282 -0.735724 -0 -0.789141 -0.614213 -0 -0.786703 -0.617331 -0 -0.674415 -0.738353 -0 -0.879474 -0.475947 -0 -0.945817 -0.324699 -0 -0.944866 -0.327457 -0 -0.877569 -0.47945 -0 -0.986361 -0.164595 -0 -0.98604 -0.166509 0 0.879415 -0.476055 1 0 0 1 0 0 1 0 0 1 0 0 1 0 0 1 0 0 1 0 0 1 0 0 1 0 0 1 0 0 1 0 0 1 0 0 1 0 0 1 0 0 1 0 0 1 0 0 1 0 0 1 0 0 1 0 0 1 0 0 1 0 0 1 0 0 1 0 0 1 0 0 1 0 0 1 0 0 1 0 0 1 0 0 1 0 0 1 0 0 1 0 0 1 0 0 1 0 0 1 0 0 1 0 0 1 0 0 1 0 0 1 0 0 1 0 0 1 0 0 1 0 0 1 0 0 1 0 0 1 0 0 1 0 0 1 0 0 1 0 0 1 0 0 1 0 0 1 0 0 1 0 0 1 0 0 1 0 0 1 0 0 1 0 0 1 0 0 1 0 0 1 0 0 1 0 0 1 0 0 1 0 0 1 0 0 1 0 0 1 0 0 1 0 0 1 0 0 1 0 0 1 0 0 1 0 0 1 0 0 1 0 0 1 0 0 1 0 0 1 0 0 1 0 0 1 0 0 0 0.18354 0.983012 0 0.0825792 0.996584 0 0.245485 0.9694 0 0.993424 -0.11449 0 0.999993 0.00361576 0 1 -8.74228e-08 0 -0.0825794 0.996584 0 0.0263899 0.999652 0 -0.132272 0.991214 0 -0.287754 0.957704 0 -0.245485 0.9694 0 -0.436542 0.899684 0 -0.401695 0.915773 0 -0.546948 0.837166 0 -0.574284 0.818656 0 -0.677282 0.735724 0 -0.802947 0.596051 0 -0.789141 0.614213 0 -0.697549 0.716537 0 -0.879474 0.475947 0 -0.887665 0.46049 0 -0.949687 0.313201 0 -0.945817 0.324699 0 -0.987333 0.158661 0 -0.986361 0.164595 -0 -1 -1.37149e-11 -0 -1 -2.82344e-22 0 0.4793 0.877651 0 0.335994 0.941864 0 0.401695 0.915773 0 0.610845 0.79175 0 0.546948 0.837166 0 0.677282 0.735724 0 0.726805 0.686843 0 0.78914 0.614213 0 0.825223 0.564807 0 0.903023 0.429593 0 0.879474 0.475947 0 0.945817 0.324699 0 0.93609 0.351761 0 0.986361 0.164595 0 0.961156 0.276005 0 0.990056 0.140676 0 0.978761 0.205006 0 0.996345 0.08542 0 0.999906 0.0137171 0 0.99912 0.0419366 0 0.999993 0.00361576 0 0.971682 -0.236292 0 0.986361 -0.164595 0 0.945817 -0.324699 0 0.760134 -0.649766 0 0.851984 -0.523568 0 0.78914 -0.614213 0 0.879474 -0.475947 0 0.923077 -0.384615 0 0.401695 -0.915773 0 0.384615 -0.923077 0 0.523568 -0.851984 0 0.677282 -0.735724 0 0.546948 -0.837167 0 0.649766 -0.760134 -0 -0.0115316 -0.999933 0 0.0825794 -0.996584 -0 -0.0825794 -0.996584 -0 -0.00361586 -0.999993 -0 -0.00361586 -0.999993 0 0.11449 -0.993424 0 0.245486 -0.9694 0 0.236292 -0.971682 -0 -0.0340758 -0.999419 -0 -0.245485 -0.9694 -0 -0.168138 -0.985764 -0 -0.114685 -0.993402 -0 -0.0692776 -0.997597 -0 -0.360597 -0.932721 -0 -0.292608 -0.956232 -0 -0.227939 -0.973675 -0 -0.546948 -0.837166 -0 -0.568394 -0.822757 -0 -0.429761 -0.902943 -0 -0.401695 -0.915773 -0 -0.692517 -0.721402 -0 -0.677282 -0.735724 -0 -0.789141 -0.614213 -0 -0.879474 -0.475947 -0 -0.945817 -0.324699 -0 -0.884851 -0.465874 -0 -0.798762 -0.601647 -0 -0.986361 -0.164595 -0 -0.948046 -0.318132 -0 -0.986932 -0.161136 1 0 0 1 0 0 1 0 0 1 0 0 1 0 0 1 0 0 1 0 0 1 0 0 1 0 0 1 0 0 1 0 0 1 0 0 1 0 0 1 0 0 1 0 0 1 0 0 1 0 0 1 0 0 1 0 0 1 0 0 1 0 0 1 0 0 1 0 0 1 0 0 1 0 0 1 0 0 1 0 0 1 0 0 1 0 0 1 0 0 1 0 0 1 0 0 1 0 0 1 0 0 1 0 0 1 0 0 1 0 0 1 0 0 1 0 0 1 0 0 1 0 0 1 0 0 1 0 0 1 0 0 1 0 0 1 0 0 1 0 0 1 0 0 1 0 0 1 0 0 1 0 0 1 0 0 1 0 0 1 0 0 1 0 0 1 0 0 1 0 0 1 0 0 1 0 0 1 0 0 1 0 0 1 0 0 1 0 0 1 0 0 1 0 0 1 0 0 1 0 0 1 0 0 1 0 0 1 0 0 1 0 0 1 0 0 1 0 0 1 0 0 1 0 0 1 0 0 0 0.362294 0.932064 0 0.401695 0.915773 0 0.507601 0.861592 0 0.996837 -0.0794731 0 0.996875 0.0790007 0 1 -8.74228e-08 0 0.207447 0.978246 0 0.0825792 0.996584 0 0.245485 0.9694 0 0.0464397 0.998921 0 -0.115775 0.993275 0 -0.0825794 0.996584 0 -0.401695 0.915773 0 -0.245485 0.9694 0 -0.275305 0.961357 0 -0.427384 0.90407 0 -0.568124 0.822943 0 -0.546948 0.837166 0 -0.800646 0.599138 0 -0.789141 0.614213 0 -0.693647 0.720315 0 -0.677282 0.735724 0 -0.879474 0.475947 0 -0.886576 0.462583 0 -0.949175 0.31475 0 -0.945817 0.324699 0 -0.987295 0.158899 0 -0.986361 0.164595 -0 -1 -1.37153e-11 -0 -1 -1.64583e-11 0 0.677282 0.735724 0 0.753764 0.657145 0 0.638945 0.769252 0 0.546948 0.837166 0 0.78914 0.614213 0 0.848675 0.528915 0 0.922021 0.387141 0 0.879474 0.475947 0 0.945817 0.324699 0 0.971691 0.236257 0 0.986361 0.164595 0 0.970388 -0.24155 0 0.986361 -0.164595 0 0.945817 -0.324699 0 0.986558 -0.163412 0 0.867828 -0.496865 0 0.872802 -0.488074 0 0.879474 -0.475947 0 0.927751 -0.373199 -0 -0.128452 -0.991716 -0 -0.245485 -0.9694 -0 -0.281206 -0.959647 0 0.0274314 -0.999624 0 0.0825794 -0.996584 -0 -0.0825794 -0.996584 -0 -0.503128 -0.864212 -0 -0.401695 -0.915773 -0 -0.546948 -0.837166 0 0.803086 -0.595864 0 0.867828 -0.496866 0 0.476055 -0.879415 0 0.607101 -0.794625 0 0.546948 -0.837167 0 0.723355 -0.690476 0 0.78914 -0.614213 0 0.677282 -0.735724 0 0.245486 -0.9694 0 0.333413 -0.942781 0 0.401695 -0.915773 -0 -0.397561 -0.917576 0 0.182647 -0.983179 -0 -0.503128 -0.864212 -0 -0.509953 -0.860202 -0 -0.558794 -0.829306 -0 -0.52922 -0.848484 -0 -0.596021 -0.802969 -0 -0.638493 -0.769628 -0 -0.677282 -0.735724 -0 -0.789141 -0.614213 -0 -0.731523 -0.681817 -0 -0.684238 -0.729259 -0 -0.879474 -0.475947 -0 -0.945817 -0.324699 -0 -0.899409 -0.437108 -0 -0.778648 -0.627461 -0 -0.823655 -0.567091 -0 -0.954859 -0.297061 -0 -0.988592 -0.150621 -0 -0.986361 -0.164595 0 0.90557 -0.424197 0 0.886232 -0.463242 0 0.950135 -0.31184 1 0 0 1 0 0 1 0 0 1 0 0 1 0 0 1 0 0 1 0 0 1 0 0 1 0 0 1 0 0 1 0 0 1 0 0 1 0 0 1 0 0 1 0 0 1 0 0 1 0 0 1 0 0 1 0 0 1 0 0 1 0 0 1 0 0 1 0 0 1 0 0 1 0 0 1 0 0 1 0 0 1 0 0 1 0 0 1 0 0 1 0 0 1 0 0 1 0 0 1 0 0 1 0 0 1 0 0 1 0 0 1 0 0 1 0 0 1 0 0 1 0 0 1 0 0 1 0 0 1 0 0 1 0 0 1 0 0 1 0 0 1 0 0 1 0 0 1 0 0 1 0 0 1 0 0 1 0 0 1 0 0 1 0 0 1 0 0 1 0 0 1 0 0 1 0 0 1 0 0 1 0 0 1 0 0 1 0 0 1 0 0 1 0 0 1 0 0 1 0 0 1 0 0 1 0 0 1 0 0 1 0 0 1 0 0 1 0 0 1 0 0 1 0 0 1 0 0 0 0.522663 0.852539 0 0.546948 0.837166 0 0.655218 0.75544 0 0.992793 -0.119841 0 0.999135 0.0415936 0 1 -8.74228e-08 0 0.401695 0.915773 0 0.37594 0.926644 0 0.245485 0.9694 0 0.0558183 0.998441 0 0.0825792 0.996584 0 0.218743 0.975783 0 -0.401695 0.915773 0 -0.245485 0.9694 0 -0.269635 0.962963 0 -0.0825794 0.996584 0 -0.108572 0.994089 0 -0.564804 0.825225 0 -0.690968 0.722885 0 -0.677282 0.735724 0 -0.546948 0.837166 0 -0.798771 0.601636 0 -0.789141 0.614213 0 -0.879474 0.475947 0 -0.885135 0.465333 0 -0.948495 0.316793 0 -0.945817 0.324699 0 -0.986997 0.160742 0 -0.986361 0.164595 -0 -1 -1.37153e-11 0 -1 1.64574e-11 0 0.863408 0.504507 0 0.78914 0.614213 0 0.879474 0.475947 0 0.677282 0.735724 0 -0.423053 0.906105 0 0.769689 0.638419 0 0.933778 0.357853 0 0.945817 0.324699 0 0.986361 0.164595 0 0.97939 0.201978 0 0.82355 -0.567244 0 0.903663 -0.428244 0 0.879474 -0.475947 0 0.960735 -0.277468 0 0.986361 -0.164595 0 0.945817 -0.324699 0 0.719606 -0.694383 0 0.78914 -0.614213 0 0.677282 -0.735724 -0 -0.401695 -0.915773 -0 -0.333413 -0.942781 -0 -0.245485 -0.9694 0 0.546948 -0.837167 0 0.572148 -0.82015 0 0.616856 -0.787076 -0 -0.945817 -0.324699 -0 -0.937765 -0.34727 -0 -0.917654 -0.397381 -0 -0.879474 -0.475947 -0 -0.898583 -0.438803 -0 -0.867828 -0.496865 -0 -0.803086 -0.595864 -0 -0.789141 -0.614213 -0 -0.88256 -0.470199 -0 -0.546948 -0.837166 -0 -0.677282 -0.735724 -0 -0.607101 -0.794625 0 0.401695 -0.915773 0 0.397561 -0.917576 0 0.503128 -0.864212 -0 -0.0274314 -0.999624 0 0.128452 -0.991716 0 0.0825794 -0.996584 0 0.281206 -0.959647 0 0.245486 -0.9694 -0 -0.182647 -0.983179 -0 -0.0825794 -0.996584 -0 -0.723355 -0.690476 -0 -0.476055 -0.879415 -0 -0.871733 -0.489981 -0 -0.867828 -0.496865 -0 -0.957197 -0.289437 -0 -0.974426 -0.22471 -0 -0.986361 -0.164595 -0 -0.988059 -0.154074 -0 -0.996852 -0.079287 0 0.503128 -0.864212 0 0.511832 -0.859085 0 0.535879 -0.844295 0 0.666921 -0.745129 0 0.772679 -0.634797 1 0 0 1 0 0 1 0 0 1 0 0 1 0 0 1 0 0 1 0 0 1 0 0 1 0 0 1 0 0 1 0 0 1 0 0 1 0 0 1 0 0 1 0 0 1 0 0 1 0 0 1 0 0 1 0 0 1 0 0 1 0 0 1 0 0 1 0 0 1 0 0 1 0 0 1 0 0 1 0 0 1 0 0 1 0 0 1 0 0 1 0 0 1 0 0 1 0 0 1 0 0 1 0 0 1 0 0 1 0 0 1 0 0 1 0 0 1 0 0 1 0 0 1 0 0 1 0 0 1 0 0 1 0 0 1 0 0 1 0 0 1 0 0 1 0 0 1 0 0 1 0 0 1 0 0 1 0 0 1 0 0 1 0 0 1 0 0 1 0 0 1 0 0 1 0 0 1 0 0 1 0 0 1 0 0 1 0 0 1 0 0 1 0 0 1 0 0 1 0 0 1 0 0 1 0 0 1 0 0 1 0 0 1 0 0 1 0 0 1 0 0 1 0 0 1 0 0 0 1 8.61393e-10 0 0.993109 0.117196 0 0.993109 0.117196 0 0.986865 -0.161545 0 0.980875 -0.194638 0 0.999227 -0.0393119 0 0.688572 -0.725168 0 0.788418 -0.61514 0 0.796675 -0.604408 0 0.88385 -0.467771 0 0.938755 -0.344586 0 0.947807 -0.318846 0 0.269381 -0.963034 0 0.205062 -0.978749 0 0.276078 -0.961135 0 0.429695 -0.902974 0 0.563359 -0.826212 0 0.56238 -0.826879 -0 -0.212387 -0.977186 -0 -0.236292 -0.971682 -0 -0.11449 -0.993424 0 0.11027 -0.993902 -0 -0.0517382 -0.998661 0 0.0419494 -0.99912 0 -0.985764 0.168138 0 -0.993402 0.114685 0 -0.994646 0.103338 0 -0.973675 0.227939 0 -0.964888 0.26266 0 -0.997597 0.0692772 0 -0.999419 0.0340762 0 -0.998276 -0.0586991 -0 -0.927456 -0.373932 -0 -0.971682 -0.236292 -0 -0.923077 -0.384615 0 -0.993424 -0.11449 -0 -0.975681 -0.219195 0 0.00361572 -0.999993 -0 -0.384615 -0.923077 -0 -0.367457 -0.930041 -0 -0.512873 -0.858464 -0 -0.759823 -0.65013 -0 -0.649766 -0.760134 -0 -0.644817 -0.764337 -0 -0.523568 -0.851984 -0 -0.851984 -0.523568 -0 -0.854868 -0.518846 0 -0.999993 0.00361554 0 -0.999934 0.0115313 0 -0.999993 0.00361554 0 -0.956232 0.292608 0 -0.932721 0.360598 0 -0.909784 0.415083 0 -0.902943 0.429761 0 -0.729951 0.683499 0 -0.823385 0.567483 0 -0.830779 0.556602 0 -0.604298 0.796758 0 -0.722925 0.690926 0 -0.609948 0.792441 0 -0.473921 0.880567 0 -0.469786 0.88278 0 -0.325446 0.945561 0 -0.323402 0.946262 0 -0.00783259 0.999969 0 -0.168421 0.985715 0 -0.00697145 0.999976 0 -0.167733 0.985832 0 0.310504 0.950572 0 0.15466 0.987968 0 0.312231 0.950006 0 0.153408 0.988163 0 0.597841 0.801615 0 0.461598 0.887089 0 0.59884 0.800869 0 0.460365 0.88773 0 0.822836 0.568279 0 0.72035 0.693611 0 0.822938 0.568131 0 0.72003 0.693942 0 0.903908 0.427728 0 0.904068 0.427389 0 0.961132 0.276089 0 0.961188 0.275894 -0 -0.760134 -0.649766 0 0.00361584 -0.999993 0 0.0137209 -0.999906 0 0.085445 -0.996343 0 0.140716 -0.99005 0 0.351849 -0.936057 0 0.421416 -0.906868 0 0.684184 -0.72931 0 0.874055 -0.485827 1 0 0 1 0 0 1 0 0 1 0 0 1 0 0 1 0 0 1 0 0 1 0 0 1 0 0 1 0 0 1 0 0 1 0 0 1 0 0 1 0 0 1 0 0 1 0 0 1 0 0 1 0 0 1 0 0 1 0 0 1 0 0 1 0 0 1 0 0 1 0 0 1 0 0 1 0 0 1 0 0 1 0 0 1 0 0 1 0 0 1 0 0 1 0 0 1 0 0 1 0 0 1 0 0 1 0 0 1 0 0 1 0 0 1 0 0 1 0 0 1 0 0 1 0 0 1 0 0 1 0 0 1 0 0 1 0 0 1 0 0 1 0 0 1 0 0 1 0 0 1 0 0 1 0 0 1 0 0 1 0 0 1 0 0 1 0 0 1 0 0 1 0 0 1 0 0 1 0 0 1 0 0 1 0 0 1 0 0 1 0 0 1 0 0 1 0 0 1 0 0 1 0 0 1 0 0 1 0 0 1 0 0 1 0 0 1 0 0 1 0 0 1 0 0 1 0 0 1 0 0 0 0.546948 0.837166 0 0.617549 0.786532 0 0.484334 0.874883 0 0.99814 -0.0609686 0 0.995007 0.0998012 0 1 -8.74228e-08 0 0.245485 0.9694 0 0.339253 0.940695 0 0.185976 0.982554 0 0.401695 0.915773 0 0.0825792 0.996584 0 0.0286167 0.99959 0 -0.0825794 0.996584 0 -0.245485 0.9694 0 -0.283443 0.958989 0 -0.401695 0.915773 0 -0.129237 0.991614 0 -0.567091 0.823655 0 -0.627462 0.778647 0 -0.546948 0.837166 0 -0.430638 0.902525 0 -0.829306 0.558795 0 -0.789141 0.614213 0 -0.802969 0.596021 0 -0.677282 0.735724 0 -0.681817 0.731523 0 -0.729258 0.684238 0 -0.879474 0.475947 0 -0.864212 0.503128 0 -0.917576 0.397561 0 -0.848484 0.52922 0 -0.959647 0.281206 0 -0.945817 0.324699 0 -0.98986 0.142043 0 -0.986361 0.164595 -0 -1 -1.37149e-11 -0 -1 -3.29909e-28 0 0.677282 0.735724 0 0.73533 0.677709 0 0.879474 0.475947 0 0.912036 0.41011 0 0.834356 0.551227 0 0.78914 0.614213 0 0.986361 0.164595 0 0.945817 0.324699 0 0.966028 0.258438 0 -0.864212 0.503128 0 -0.860202 0.509953 0 -0.769627 0.638493 0 0.856441 -0.516245 0 0.92781 -0.373054 0 0.879474 -0.475947 0 0.986361 -0.164595 0 0.975453 -0.220209 0 0.5241 -0.851657 0 0.401695 -0.915773 0 0.38327 -0.923636 0 0.78914 -0.614213 0 0.677282 -0.735724 0 0.763729 -0.645537 -0 -0.401695 -0.915773 -0 -0.311786 -0.950152 -0 -0.245485 -0.9694 0 0.0776823 -0.996978 -0 -0.0825794 -0.996584 -0 -0.0793599 -0.996846 -0 -0.424174 -0.905581 -0 -0.373161 -0.927767 -0 -0.463231 -0.886238 -0 -0.546948 -0.837166 -0 -0.163318 -0.986574 -0 -0.241477 -0.970407 -0 -0.496865 -0.867828 -0 -0.48807 -0.872804 -0 -0.677282 -0.735724 -0 -0.595864 -0.803086 -0 -0.496865 -0.867828 -0 -0.797944 -0.602731 -0 -0.690476 -0.723355 -0 -0.789141 -0.614213 -0 -0.98695 -0.161026 -0 -0.986361 -0.164595 -0 -0.879474 -0.475947 -0 -0.948141 -0.317849 -0 -0.945817 -0.324699 -0 -0.884586 -0.466376 0 0.0825794 -0.996584 0 0.233568 -0.972341 0 0.245486 -0.9694 0 0.546948 -0.837167 0 0.651775 -0.758413 0 0.945817 -0.324699 1 0 0 1 0 0 1 0 0 1 0 0 1 0 0 1 0 0 1 0 0 1 0 0 1 0 0 1 0 0 1 0 0 1 0 0 1 0 0 1 0 0 1 0 0 1 0 0 1 0 0 1 0 0 1 0 0 1 0 0 1 0 0 1 0 0 1 0 0 1 0 0 1 0 0 1 0 0 1 0 0 1 0 0 1 0 0 1 0 0 1 0 0 1 0 0 1 0 0 1 0 0 1 0 0 1 0 0 1 0 0 1 0 0 1 0 0 1 0 0 1 0 0 1 0 0 1 0 0 1 0 0 1 0 0 1 0 0 1 0 0 1 0 0 1 0 0 1 0 0 1 0 0 1 0 0 1 0 0 1 0 0 1 0 0 1 0 0 1 0 0 1 0 0 1 0 0 1 0 0 1 0 0 1 0 0 1 0 0 1 0 0 1 0 0 1 0 0 1 0 0 1 0 0 1 0 0 1 0 0 1 0 0 1 0 0 1 0 0 1 0 0 1 0 0 1 0 0 0 0.245485 0.9694 0 0.234025 0.97223 0 0.0825792 0.996584 0 0.994901 -0.100852 0 0.998186 0.0601983 0 1 -8.74228e-08 0 -0.0825794 0.996584 0 -0.154074 0.988059 0 -0.245485 0.9694 0 0.0783195 0.996928 0 -0.438803 0.898583 0 -0.401695 0.915773 0 -0.397381 0.917654 0 -0.289437 0.957197 0 -0.34727 0.937765 0 -0.546948 0.837166 0 -0.496865 0.867828 0 -0.595864 0.803086 0 -0.470199 0.88256 0 -0.690476 0.723355 0 -0.677282 0.735724 0 -0.797944 0.602731 0 -0.789141 0.614213 0 -0.879474 0.475947 0 -0.884586 0.466376 0 -0.948141 0.317849 0 -0.945817 0.324699 0 -0.98695 0.161026 0 -0.986361 0.164595 -0 -1 -1.37149e-11 0 -1 3.33067e-16 0 0.401695 0.915773 0 0.383885 0.923381 0 0.546948 0.837166 0 0.652337 0.757929 0 0.524578 0.851362 0 0.677282 0.735724 0 0.76415 0.645039 0 0.879474 0.475947 0 0.928079 0.372383 0 0.856887 0.515504 0 0.78914 0.614213 0 0.986361 0.164595 0 0.945817 0.324699 0 0.975669 0.219248 0 -0.496865 0.867828 0 -0.48998 0.871733 0 -0.22471 0.974426 0 -0.0792871 0.996852 0 0.83393 -0.55187 0 0.911602 -0.411073 0 0.879474 -0.475947 0 0.965824 -0.2592 0 0.986361 -0.164595 0 0.945817 -0.324699 0 0.546948 -0.837167 0 0.401695 -0.915773 0 0.483577 -0.875302 0 0.78914 -0.614213 0 0.677282 -0.735724 0 0.734662 -0.678433 -0 -0.431214 -0.90225 -0 -0.401695 -0.915773 -0 -0.546948 -0.837166 0 0.0825794 -0.996584 -0 -0.0825794 -0.996584 0 0.0280548 -0.999606 -0 -0.567151 -0.823614 -0 -0.634724 -0.772739 -0 -0.283894 -0.958856 -0 -0.245485 -0.9694 -0 -0.694328 -0.719658 -0 -0.677282 -0.735724 -0 -0.745091 -0.666963 -0 -0.789141 -0.614213 -0 -0.78705 -0.616889 -0 -0.820136 -0.572169 -0 -0.844288 -0.535889 -0 -0.879474 -0.475947 -0 -0.859083 -0.511835 -0 -0.864212 -0.503128 -0 -0.864212 -0.503128 -0 -0.945817 -0.324699 -0 -0.917576 -0.397561 -0 -0.98986 -0.142043 -0 -0.986361 -0.164595 -0 -0.959647 -0.281206 -0 -0.129896 -0.991528 0 0.185247 -0.982692 0 0.33864 -0.940916 0 0.245486 -0.9694 0 0.61698 -0.786979 1 0 0 1 0 0 1 0 0 1 0 0 1 0 0 1 0 0 1 0 0 1 0 0 1 0 0 1 0 0 1 0 0 1 0 0 1 0 0 1 0 0 1 0 0 1 0 0 1 0 0 1 0 0 1 0 0 1 0 0 1 0 0 1 0 0 1 0 0 1 0 0 1 0 0 1 0 0 1 0 0 1 0 0 1 0 0 1 0 0 1 0 0 1 0 0 1 0 0 1 0 0 1 0 0 1 0 0 1 0 0 1 0 0 1 0 0 1 0 0 1 0 0 1 0 0 1 0 0 1 0 0 1 0 0 1 0 0 1 0 0 1 0 0 1 0 0 1 0 0 1 0 0 1 0 0 1 0 0 1 0 0 1 0 0 1 0 0 1 0 0 1 0 0 1 0 0 1 0 0 1 0 0 1 0 0 1 0 0 1 0 0 1 0 0 1 0 0 1 0 0 1 0 0 1 0 0 1 0 0 1 0 0 1 0 0 1 0 0 1 0 0 1 0 0 1 0 0 -0 -0.999906 -0.0137191 0 -0.998276 0.0586992 -0 -0.999993 -0.0036156 0 0.993109 -0.117196 0 0.999214 0.0396431 0 1 -3.32169e-07 -0 -0.99912 -0.0419436 -0 -0.994646 -0.103338 -0 -0.978754 -0.205036 -0 -0.990053 -0.140697 -0 -0.996344 -0.0854336 -0 -0.964888 -0.262661 -0 -0.961145 -0.276045 -0 -0.936072 -0.351808 -0 -0.909783 -0.415083 -0 -0.823738 -0.56697 -0 -0.830779 -0.556602 -0 -0.902997 -0.429648 -0 -0.729951 -0.683499 -0 -0.723238 -0.690599 -0 -0.609948 -0.792442 -0 -0.604653 -0.796489 -0 -0.325446 -0.945561 -0 -0.473922 -0.880567 -0 -0.470208 -0.882556 -0 -0.323696 -0.946161 -0 -0.168421 -0.985715 -0 -0.168228 -0.985748 -0 -0.00806689 -0.999967 0 0.152921 -0.988238 -0 -0.00697162 -0.999976 0 0.31223 -0.950006 0 0.154661 -0.987968 0 0.310333 -0.950628 0 0.459973 -0.887933 0 0.461598 -0.887089 0 0.719795 -0.694186 0 0.59884 -0.800869 0 0.597762 -0.801674 0 0.72035 -0.69361 0 0.822864 -0.568238 0 0.822938 -0.568131 0 0.903908 -0.427728 0 0.903987 -0.42756 0 0.961132 -0.276088 0 0.993109 -0.117196 0 0.961262 -0.275636 0 -0.993424 0.11449 -0 -0.999993 -0.0036156 0 -0.971682 0.236292 0 -0.975681 0.219195 0 -0.927456 0.373932 0 -0.923077 0.384615 0 -0.854868 0.518846 0 -0.851984 0.523568 0 -0.760134 0.649766 0 -0.759822 0.650131 0 -0.649766 0.760134 0 -0.644818 0.764337 0 -0.512874 0.858464 0 -0.523568 0.851984 0 -0.367457 0.930041 0 -0.384615 0.923077 0 -0.236292 0.971682 0 -0.212387 0.977186 0 -0.11449 0.993424 0 -0.0517379 0.998661 0 0.00361602 0.999993 0 0.114685 0.993402 0 0.0692772 0.997597 0 0.11027 0.993902 0 0.034076 0.999419 0 0.360598 0.932721 0 0.269381 0.963034 0 0.421416 0.906868 0 0.227939 0.973675 0 0.168138 0.985763 0 0.688572 0.725168 0 0.684422 0.729086 0 0.56238 0.826879 0 0.429761 0.902943 0 0.563772 0.82593 0 0.796675 0.604409 0 0.78852 0.615009 0 0.88385 0.467771 0 0.938707 0.344716 0 0.874177 0.485608 0 0.986865 0.161545 0 0.947807 0.318846 0 0.980903 0.194496 0 0.00361602 0.999993 0 0.0115313 0.999934 0 0.292608 0.956232 1 0 0 1 0 0 1 0 0 1 0 0 1 0 0 1 0 0 1 0 0 1 0 0 1 0 0 1 0 0 1 0 0 1 0 0 1 0 0 1 0 0 1 0 0 1 0 0 1 0 0 1 0 0 1 0 0 1 0 0 1 0 0 1 0 0 1 0 0 1 0 0 1 0 0 1 0 0 1 0 0 1 0 0 1 0 0 1 0 0 1 0 0 1 0 0 1 0 0 1 0 0 1 0 0 1 0 0 1 0 0 1 0 0 1 0 0 1 0 0 1 0 0 1 0 0 1 0 0 1 0 0 1 0 0 1 0 0 1 0 0 1 0 0 1 0 0 1 0 0 1 0 0 1 0 0 1 0 0 1 0 0 1 0 0 1 0 0 1 0 0 1 0 0 1 0 0 1 0 0 1 0 0 1 0 0 1 0 0 1 0 0 1 0 0 1 0 0 1 0 0 1 0 0 1 0 0 1 0 0 1 0 0 1 0 0 1 0 0 1 0 0 1 0 0 1 0 0 1 0 0 0 -0.677282 0.735724 0 -0.546948 0.837166 0 -0.607101 0.794625 0 0.999105 -0.0422913 0 0.992873 0.119179 0 1 -8.74228e-08 0 -0.723355 0.690476 0 -0.789141 0.614213 0 -0.803086 0.595864 0 -0.867828 0.496865 0 -0.879474 0.475947 0 -0.867828 0.496865 0 -0.886238 0.463231 0 -0.872804 0.48807 0 -0.905581 0.424174 0 -0.927766 0.373161 0 -0.950152 0.311786 0 -0.945817 0.324699 0 -0.970407 0.241477 0 -0.986361 0.164595 0 -0.996846 0.07936 0 -0.986574 0.163318 -0 -1 -1.37149e-11 0 -1 1.64578e-11 0 -0.476055 0.879415 0 -0.333412 0.942781 0 -0.401695 0.915773 0 -0.245485 0.9694 0 -0.182647 0.983179 0 -0.0825794 0.996584 0 -0.0274316 0.999624 0 0.0825792 0.996584 0 0.245485 0.9694 0 0.128452 0.991716 0 0.281206 0.959647 0 0.401695 0.915773 0 0.397561 0.917576 0 0.546948 0.837166 0 0.509953 0.860202 0 0.503128 0.864212 0 0.503128 0.864212 0 0.684239 0.729258 0 0.638493 0.769627 0 0.677282 0.735724 0 0.558794 0.829306 0 0.52922 0.848484 0 0.778648 0.627462 0 0.731523 0.681817 0 0.78914 0.614213 0 0.960898 0.276904 0 0.903978 0.427579 0 0.945817 0.324699 0 0.823655 0.567091 0 0.879474 0.475947 0 0.986361 0.164595 0 0.596021 0.802969 0 0.933485 -0.358616 0 0.945817 -0.324699 0 0.879474 -0.475947 0 0.986361 -0.164595 0 0.979259 -0.202612 0 0.654663 -0.755921 0 0.769109 -0.639118 0 0.677282 -0.735724 0 0.78914 -0.614213 0 0.863063 -0.505096 0 0.245486 -0.9694 0 0.37524 -0.926928 0 0.401695 -0.915773 0 0.546948 -0.837167 0 0.521851 -0.853036 -0 -0.109443 -0.993993 -0 -0.245485 -0.9694 -0 -0.270174 -0.962812 0 0.217825 -0.975988 0 0.0825794 -0.996584 0 0.0551168 -0.99848 -0 -0.789141 -0.614213 -0 -0.691447 -0.722427 -0 -0.677282 -0.735724 -0 -0.565093 -0.825027 -0 -0.423755 -0.905777 -0 -0.546948 -0.837166 -0 -0.798861 -0.601516 -0 -0.879474 -0.475947 -0 -0.885397 -0.464835 -0 -0.948505 -0.316762 -0 -0.945817 -0.324699 -0 -0.986361 -0.164595 -0 -0.987074 -0.160264 -0 -0.401695 -0.915773 -0 -0.0825794 -0.996584 1 0 0 1 0 0 1 0 0 1 0 0 1 0 0 1 0 0 1 0 0 1 0 0 1 0 0 1 0 0 1 0 0 1 0 0 1 0 0 1 0 0 1 0 0 1 0 0 1 0 0 1 0 0 1 0 0 1 0 0 1 0 0 1 0 0 1 0 0 1 0 0 1 0 0 1 0 0 1 0 0 1 0 0 1 0 0 1 0 0 1 0 0 1 0 0 1 0 0 1 0 0 1 0 0 1 0 0 1 0 0 1 0 0 1 0 0 1 0 0 1 0 0 1 0 0 1 0 0 1 0 0 1 0 0 1 0 0 1 0 0 1 0 0 1 0 0 1 0 0 1 0 0 1 0 0 1 0 0 1 0 0 1 0 0 1 0 0 1 0 0 1 0 0 1 0 0 1 0 0 1 0 0 1 0 0 1 0 0 1 0 0 1 0 0 1 0 0 1 0 0 1 0 0 1 0 0 1 0 0 1 0 0 1 0 0 1 0 0 1 0 0 1 0 0 1 0 0 0 -0.401695 0.915773 0 -0.503128 0.864212 0 -0.546948 0.837166 0 0.996818 -0.0797151 0 0.996852 0.0792871 0 1 -8.74228e-08 0 -0.535889 0.844288 0 -0.511836 0.859083 0 -0.572169 0.820136 0 -0.616889 0.78705 0 -0.666963 0.74509 0 -0.677282 0.735724 0 -0.719658 0.694328 0 -0.789141 0.614213 0 -0.823614 0.567151 0 -0.772739 0.634724 0 -0.879474 0.475947 0 -0.899227 0.437483 0 -0.954794 0.29727 0 -0.945817 0.324699 0 -0.988608 0.150515 0 -0.986361 0.164595 -0 -1 -1.37149e-11 -0 -1 -1.64578e-11 0 -0.503128 0.864212 0 -0.281206 0.959647 0 -0.397561 0.917576 0 -0.245485 0.9694 0 -0.128452 0.991716 0 -0.0825794 0.996584 0 0.0274317 0.999624 0 0.182647 0.983179 0 0.0825792 0.996584 0 0.245485 0.9694 0 0.333413 0.942781 0 0.401695 0.915773 0 0.476055 0.879415 0 0.546948 0.837166 0 0.607101 0.794625 0 0.677282 0.735724 0 0.78914 0.614213 0 0.723355 0.690476 0 0.803086 0.595864 0 0.867828 0.496865 0 0.867828 0.496866 0 0.917654 0.397381 0 0.945817 0.324699 0 0.937765 0.34727 0 0.879474 0.475947 0 0.88256 0.470199 0 0.871733 0.48998 0 0.974426 0.22471 0 0.986361 0.164595 0 0.898583 0.438803 0 0.957197 0.289437 0 0.988059 0.154074 0 0.92176 -0.38776 0 0.945817 -0.324699 0 0.879474 -0.475947 0 0.986361 -0.164595 0 0.971579 -0.236716 0 0.638581 -0.769554 0 0.753326 -0.657648 0 0.677282 -0.735724 0 0.78914 -0.614213 0 0.848427 -0.529312 0 0.245486 -0.9694 0 0.361858 -0.932233 0 0.401695 -0.915773 0 0.546948 -0.837167 0 0.507 -0.861946 -0 -0.0825794 -0.996584 -0 -0.116423 -0.9932 0 0.0459943 -0.998942 0 0.0825794 -0.996584 0 0.206756 -0.978393 -0 -0.42785 -0.90385 -0 -0.546948 -0.837166 -0 -0.568393 -0.822757 -0 -0.27569 -0.961247 -0 -0.245485 -0.9694 -0 -0.401695 -0.915773 -0 -0.800782 -0.598956 -0 -0.789141 -0.614213 -0 -0.879474 -0.475947 -0 -0.693861 -0.720109 -0 -0.677282 -0.735724 -0 -0.886588 -0.46256 -0 -0.949211 -0.314642 -0 -0.945817 -0.324699 -0 -0.986361 -0.164595 -0 -0.987251 -0.159172 1 0 0 1 0 0 1 0 0 1 0 0 1 0 0 1 0 0 1 0 0 1 0 0 1 0 0 1 0 0 1 0 0 1 0 0 1 0 0 1 0 0 1 0 0 1 0 0 1 0 0 1 0 0 1 0 0 1 0 0 1 0 0 1 0 0 1 0 0 1 0 0 1 0 0 1 0 0 1 0 0 1 0 0 1 0 0 1 0 0 1 0 0 1 0 0 1 0 0 1 0 0 1 0 0 1 0 0 1 0 0 1 0 0 1 0 0 1 0 0 1 0 0 1 0 0 1 0 0 1 0 0 1 0 0 1 0 0 1 0 0 1 0 0 1 0 0 1 0 0 1 0 0 1 0 0 1 0 0 1 0 0 1 0 0 1 0 0 1 0 0 1 0 0 1 0 0 1 0 0 1 0 0 1 0 0 1 0 0 1 0 0 1 0 0 1 0 0 1 0 0 1 0 0 1 0 0 1 0 0 1 0 0 1 0 0 1 0 0 1 0 0 1 0 0 1 0 0 0 -0.205006 0.978761 0 -0.245485 0.9694 0 -0.140676 0.990056 0 1 -8.74228e-08 0 0.999993 -0.0036157 0 0.999993 -0.0036157 0 -0.276006 0.961156 0 -0.351761 0.93609 0 -0.429593 0.903023 0 -0.401695 0.915773 0 -0.546948 0.837166 0 -0.567867 0.82312 0 -0.692221 0.721685 0 -0.677282 0.735724 0 -0.798534 0.601949 0 -0.789141 0.614213 0 -0.879474 0.475947 0 -0.884694 0.466172 0 -0.947994 0.318287 0 -0.945817 0.324699 0 -0.986889 0.161399 0 -0.986361 0.164595 -0 -1 -1.37149e-11 -0 -1 -0 0 -0.0825794 0.996584 0 -0.0419367 0.99912 0 -0.0854201 0.996345 0 0.0825792 0.996584 0 -0.0137172 0.999906 0 -0.0036158 0.999993 0 0.11449 0.993424 0 -0.00361569 0.999993 0 0.245485 0.9694 0 0.236292 0.971682 0 0.401695 0.915773 0 0.384615 0.923077 0 0.546948 0.837166 0 0.523568 0.851984 0 0.677282 0.735724 0 0.649766 0.760134 0 0.760134 0.649766 0 0.78914 0.614213 0 0.851984 0.523568 0 0.923077 0.384615 0 0.879474 0.475947 0 0.945817 0.324699 0 0.971682 0.236292 0 0.986361 0.164595 0 0.993424 0.11449 0 0.999933 -0.0115314 0 0.997597 -0.0692774 0 0.999419 -0.0340759 0 0.993402 -0.114685 0 0.986361 -0.164595 0 0.985764 -0.168138 0 0.973675 -0.227939 0 0.945817 -0.324699 0 0.956232 -0.292608 0 0.824822 -0.565393 0 0.902943 -0.429761 0 0.879474 -0.475947 0 0.932721 -0.360598 0 0.546948 -0.837167 0 0.61032 -0.792155 0 0.677282 -0.735724 0 0.78914 -0.614213 0 0.726476 -0.687192 0 0.245486 -0.9694 0 0.335378 -0.942084 0 0.401695 -0.915773 0 0.478887 -0.877876 -0 -0.0825794 -0.996584 -0 -0.132718 -0.991154 0 0.0257073 -0.999669 0 0.0825794 -0.996584 0 0.183085 -0.983097 -0 -0.401695 -0.915773 -0 -0.436931 -0.899495 -0 -0.288416 -0.957505 -0 -0.245485 -0.9694 -0 -0.677282 -0.735724 -0 -0.789141 -0.614213 -0 -0.697837 -0.716257 -0 -0.574805 -0.81829 -0 -0.546948 -0.837166 -0 -0.879474 -0.475947 -0 -0.945817 -0.324699 -0 -0.887826 -0.46018 -0 -0.803244 -0.59565 -0 -0.986361 -0.164595 -0 -0.949774 -0.312936 -0 -0.987382 -0.158358 1 0 0 1 0 0 1 0 0 1 0 0 1 0 0 1 0 0 1 0 0 1 0 0 1 0 0 1 0 0 1 0 0 1 0 0 1 0 0 1 0 0 1 0 0 1 0 0 1 0 0 1 0 0 1 0 0 1 0 0 1 0 0 1 0 0 1 0 0 1 0 0 1 0 0 1 0 0 1 0 0 1 0 0 1 0 0 1 0 0 1 0 0 1 0 0 1 0 0 1 0 0 1 0 0 1 0 0 1 0 0 1 0 0 1 0 0 1 0 0 1 0 0 1 0 0 1 0 0 1 0 0 1 0 0 1 0 0 1 0 0 1 0 0 1 0 0 1 0 0 1 0 0 1 0 0 1 0 0 1 0 0 1 0 0 1 0 0 1 0 0 1 0 0 1 0 0 1 0 0 1 0 0 1 0 0 1 0 0 1 0 0 1 0 0 1 0 0 1 0 0 1 0 0 1 0 0 1 0 0 1 0 0 1 0 0 1 0 0 1 0 0 1 0 0 1 0 0 0.48808 0.474889 0.732297 0.48808 0.512109 0.706769 0.628677 0.423127 0.652478 0.343177 0.341334 0.875055 0.169146 0.402035 0.899865 0.333417 0.384571 0.860777 0.175514 0.355432 0.918076 0.169146 0.578289 0.798105 -8.74228e-08 0.586743 0.809773 -8.74228e-08 0.627818 0.77836 0.169146 0.448014 0.87788 -8.74228e-08 0.454564 0.890714 -8.74228e-08 0.5 0.866025 0.169146 0.536259 0.826932 -8.74228e-08 0.544099 0.839021 0.156464 0.619509 0.769238 0.169146 0.492795 0.853547 -8.74228e-08 0.36017 0.932887 -8.74228e-08 0.407912 0.913021 0.333417 0.428554 0.839747 0.30691 0.595435 0.742471 0.447272 0.557419 0.699451 0.333417 0.553169 0.763437 0.575013 0.507531 0.641695 0.628677 0.45629 0.629733 0.689134 0.447248 0.570144 0.751158 0.387322 0.53455 0.751158 0.359172 0.553857 0.851991 0.284866 0.439274 0.977802 0.100087 0.184079 0.928272 0.169053 0.331258 0.928272 0.185951 0.322076 0.751158 0.330061 0.571683 0.977802 0.0807523 0.193343 0.928272 0.151703 0.339554 0.977802 0.0905381 0.188958 0.851991 0.261778 0.453413 0.788057 0.378016 0.485871 0.851991 0.307193 0.423961 0.87064 0.300612 0.389383 0.928272 0.21821 0.301156 0.934664 0.216341 0.282135 0.977802 0.127063 0.166605 0.333417 0.512965 0.791012 0.851991 0.23799 0.466339 0.751158 0.300068 0.587981 0.928272 0.202351 0.312033 0.977802 0.118373 0.172888 0.628677 0.388833 0.673479 0.48808 0.436399 0.755866 0.333417 0.47139 0.816471 0.977802 0.109373 0.178717 0.48808 0.396743 0.777414 0.48808 0.356026 0.796884 0.628677 0.353499 0.692678 0.628677 0.31722 0.710026 0.751158 0.269272 0.602706 0.851991 0.213565 0.478017 0.851639 0.198703 0.485003 0.49687 0.318374 0.807316 0.634183 0.286792 0.718026 0.752976 0.24684 0.609998 0.927556 0.142979 0.345249 0.707107 0.0616284 -0.704416 0.707107 0.0317242 -0.706395 0.707107 8.43216e-09 -0.707107 0.707107 -0.707107 1.0677e-07 0.707107 -0.704416 -0.0616285 0.707107 -0.707107 -6.18172e-08 0.707107 0.0949173 -0.700707 0.707107 0.122788 -0.696364 0.707107 0.183013 -0.683013 0.707107 0.157346 -0.689378 0.707107 0.241845 -0.664463 0.707107 0.218508 -0.672498 0.707107 0.27791 -0.650204 0.707107 0.298836 -0.640856 0.707107 0.353553 -0.612372 0.707107 0.335076 -0.622675 0.707107 0.40558 -0.579228 0.707107 0.389543 -0.590132 0.707107 0.440874 -0.552838 0.707107 0.454519 -0.541675 0.707107 0.5 -0.5 0.707107 0.488655 -0.511093 0.707107 0.541675 -0.454519 0.707107 0.532502 -0.465233 0.707107 0.572061 -0.415627 0.707107 0.579228 -0.40558 0.707107 0.612372 -0.353554 0.707107 0.607015 -0.362675 0.707107 0.640856 -0.298836 0.707107 0.637081 -0.306802 0.707107 0.662018 -0.24846 0.707107 0.664463 -0.241845 0.707107 0.683013 -0.183013 0.707107 0.681625 -0.188116 0.707107 0.696364 -0.122788 0.707107 0.695743 -0.126259 0.707107 0.70426 -0.0633848 0.707107 0.704416 -0.0616283 0.707107 0.707107 1.23634e-07 0.707107 0.707107 1.23634e-07 0.707107 -0.0317242 -0.706395 0.707107 -0.0949173 -0.700707 0.707107 -0.0616284 -0.704416 0.707107 -0.157346 -0.689378 0.707107 -0.122788 -0.696364 0.707107 -0.183013 -0.683013 0.707107 -0.218508 -0.672498 0.707107 -0.27791 -0.650204 0.707107 -0.241845 -0.664463 0.707107 -0.335076 -0.622675 0.707107 -0.298836 -0.640856 0.707107 -0.353554 -0.612372 0.707107 -0.389543 -0.590133 0.707107 -0.440874 -0.552838 0.707107 -0.40558 -0.579228 0.707107 -0.488655 -0.511093 0.707107 -0.454519 -0.541675 0.707107 -0.5 -0.5 0.707107 -0.532502 -0.465233 0.707107 -0.572061 -0.415627 0.707107 -0.541675 -0.454519 0.707107 -0.607015 -0.362675 0.707107 -0.579228 -0.40558 0.707107 -0.612372 -0.353553 0.707107 -0.637081 -0.306802 0.707107 -0.662018 -0.24846 0.707107 -0.640856 -0.298836 0.707107 -0.681625 -0.188117 0.707107 -0.664463 -0.241845 0.707107 -0.683013 -0.183013 0.707107 -0.695743 -0.126259 0.707107 -0.70426 -0.0633847 0.707107 -0.696364 -0.122788 0.707107 -0.696364 0.122788 0.707107 -0.70426 0.0633845 0.707107 -0.695743 0.126259 0.707107 -0.704416 0.0616283 0.707107 -0.637081 0.306802 0.707107 -0.640856 0.298836 0.707107 -0.662018 0.24846 0.707107 -0.681625 0.188116 0.707107 -0.664463 0.241845 0.707107 -0.683013 0.183013 0.707107 -0.572061 0.415627 0.707107 -0.532502 0.465233 0.707107 -0.541675 0.454519 0.707107 -0.612372 0.353553 0.707107 -0.607015 0.362675 0.707107 -0.579228 0.40558 0.707107 -0.40558 0.579228 0.707107 -0.440874 0.552838 0.707107 -0.389543 0.590132 0.707107 -0.454519 0.541675 0.707107 -0.5 0.5 0.707107 -0.488655 0.511093 0.707107 -0.218508 0.672499 0.707107 -0.241845 0.664463 0.707107 -0.277911 0.650204 0.707107 -0.335076 0.622675 0.707107 -0.298836 0.640856 0.707107 -0.353553 0.612372 0.707107 -0.0949173 0.700707 0.707107 -0.0317243 0.706395 0.707107 -0.0616284 0.704416 0.707107 -0.183013 0.683013 0.707107 -0.157346 0.689378 0.707107 -0.122788 0.696364 0.707107 0.122788 0.696364 0.707107 0.0949173 0.700707 0.707107 0.157346 0.689378 0.707107 0.0616285 0.704416 0.707107 -3.09086e-08 0.707107 0.707107 0.0317242 0.706395 0.707107 0.335076 0.622675 0.707107 0.298836 0.640856 0.707107 0.277911 0.650204 0.707107 0.218508 0.672499 0.707107 0.241845 0.664463 0.707107 0.183013 0.683013 0.707107 0.440874 0.552838 0.707107 0.488655 0.511093 0.707107 0.454519 0.541675 0.707107 0.353553 0.612372 0.707107 0.389543 0.590132 0.707107 0.40558 0.579228 0.707107 0.532502 0.465233 0.707107 0.541675 0.454519 0.707107 0.5 0.5 0.707107 0.579228 0.40558 0.707107 0.572061 0.415627 0.707107 0.607015 0.362675 0.707107 0.612372 0.353553 0.707107 0.637081 0.306802 0.707107 0.640856 0.298836 0.707107 0.664463 0.241845 0.707107 0.662018 0.24846 0.707107 0.681625 0.188116 0.707107 0.683013 0.183013 0.707107 0.695743 0.126259 0.707107 0.696364 0.122788 0.707107 0.704416 0.0616284 0.707107 0.70426 0.0633846 0.707107 0.276959 0.65061 0.707107 0.254679 0.65965 0.707107 0.246711 0.662672 0.707107 0.237067 0.666183 0.707107 0.353553 0.612372 0.707107 0.384736 0.593277 0.707107 0.353553 0.612372 0.707107 0.315835 0.632652 0.707107 0.321425 0.62983 0.707107 0.288438 0.645603 0.707107 0.424965 0.565159 0.707107 0.450535 0.544994 0.707107 0.443935 0.550383 0.707107 0.41489 0.572596 0.707107 0.389975 0.589847 0.707107 0.458397 0.538397 1 0 0 1 0 0 1 0 0 1 0 0 1 0 0 1 0 0 1 0 0 1 0 0 1 0 0 1 0 0 1 0 0 1 0 0 1 0 0 1 0 0 1 0 0 1 0 0 1 0 0 1 0 0 1 0 0 1 0 0 1 0 0 1 0 0 1 0 0 1 0 0 1 0 0 1 0 0 1 0 0 1 0 0 1 0 0 1 0 0 1 0 0 1 0 0 1 0 0 1 0 0 1 0 0 1 0 0 1 0 0 1 0 0 1 0 0 1 0 0 1 0 0 1 0 0 1 0 0 1 0 0 1 0 0 1 0 0 1 0 0 1 0 0 1 0 0 1 0 0 1 0 0 1 0 0 1 0 0 1 0 0 1 0 0 1 0 0 1 0 0 1 0 0 1 0 0 1 0 0 1 0 0 1 0 0 1 0 0 1 0 0 1 0 0 1 0 0 1 0 0 1 0 0 1 0 0 1 0 0 0 0.0448649 -0.998993 0 0.0448649 -0.998993 -0 -0.0448648 -0.998993 -0 -1 -8.74228e-08 0 -0.995974 0.0896393 -0 -1 -8.74228e-08 0 0.134233 -0.99095 0 0.134233 -0.99095 0 0.222521 -0.974928 0 0.222521 -0.974928 0 0.309017 -0.951056 0 0.309017 -0.951056 0 0.393025 -0.919528 0 0.393025 -0.919528 0 0.473869 -0.880595 0 0.473869 -0.880595 0 0.550897 -0.834573 0 0.550897 -0.834573 0 0.62349 -0.781831 0 0.62349 -0.781831 0 0.691063 -0.722795 0 0.691063 -0.722795 0 0.753071 -0.657939 0 0.753071 -0.657939 0 0.809017 -0.587785 0 0.809017 -0.587785 0 0.858449 -0.512899 0 0.858449 -0.512899 0 0.900969 -0.433884 0 0.900969 -0.433884 0 0.936235 -0.351375 0 0.936235 -0.351375 0 0.963963 -0.266037 0 0.963963 -0.266037 0 0.98393 -0.178557 0 0.98393 -0.178557 0 0.995974 -0.0896396 0 0.995974 -0.0896396 0 1 1.74846e-07 0 1 -3.01992e-07 -0 -0.0448648 -0.998993 -0 -0.134233 -0.99095 -0 -0.134233 -0.99095 -0 -0.222521 -0.974928 -0 -0.222521 -0.974928 -0 -0.309017 -0.951056 -0 -0.309017 -0.951056 -0 -0.393025 -0.919528 -0 -0.393025 -0.919528 -0 -0.473869 -0.880595 -0 -0.473869 -0.880595 -0 -0.550897 -0.834573 -0 -0.550897 -0.834573 -0 -0.62349 -0.781831 -0 -0.62349 -0.781832 -0 -0.691063 -0.722795 -0 -0.691063 -0.722795 -0 -0.753072 -0.657939 -0 -0.753072 -0.657939 -0 -0.809017 -0.587785 -0 -0.809017 -0.587785 -0 -0.858449 -0.512899 -0 -0.858449 -0.512899 -0 -0.900969 -0.433884 -0 -0.900969 -0.433884 -0 -0.936235 -0.351375 -0 -0.936235 -0.351375 -0 -0.963963 -0.266037 -0 -0.963963 -0.266037 -0 -0.98393 -0.178557 -0 -0.98393 -0.178557 -0 -0.995974 -0.0896394 -0 -0.995974 -0.0896392 0 -0.98393 0.178557 0 -0.98393 0.178557 0 -0.995974 0.0896393 0 -0.900969 0.433884 0 -0.900969 0.433884 0 -0.936235 0.351375 0 -0.963963 0.266037 0 -0.936235 0.351375 0 -0.963963 0.266037 0 -0.809017 0.587785 0 -0.753071 0.657939 0 -0.753071 0.657939 0 -0.858449 0.512899 0 -0.858449 0.512899 0 -0.809017 0.587785 0 -0.550897 0.834573 0 -0.62349 0.781832 0 -0.550897 0.834573 0 -0.62349 0.781832 0 -0.691063 0.722795 0 -0.691063 0.722795 0 -0.309017 0.951056 0 -0.309017 0.951057 0 -0.393025 0.919528 0 -0.473869 0.880595 0 -0.393025 0.919528 0 -0.473869 0.880596 0 -0.134233 0.99095 0 -0.0448649 0.998993 0 -0.0448648 0.998993 0 -0.222521 0.974928 0 -0.222521 0.974928 0 -0.134233 0.99095 0 0.222521 0.974928 0 0.134233 0.99095 0 0.222521 0.974928 0 0.134233 0.99095 0 0.0448649 0.998993 0 0.0448648 0.998993 0 0.473869 0.880596 0 0.473869 0.880596 0 0.393025 0.919528 0 0.309017 0.951057 0 0.393025 0.919528 0 0.309017 0.951056 0 0.62349 0.781832 0 0.691063 0.722795 0 0.691063 0.722795 0 0.550897 0.834573 0 0.550897 0.834573 0 0.62349 0.781832 0 0.753071 0.657939 0 0.809017 0.587785 0 0.753071 0.657939 0 0.858449 0.512899 0 0.809017 0.587785 0 0.858449 0.512899 0 0.900969 0.433884 0 0.900969 0.433884 0 0.936235 0.351375 0 0.963963 0.266037 0 0.936235 0.351375 0 0.963963 0.266037 0 0.98393 0.178557 0 0.98393 0.178557 0 0.995974 0.0896393 0 0.995974 0.0896393 1 0 0 1 0 0 1 0 0 1 0 0 1 0 0 1 0 0 1 0 0 1 0 0 1 0 0 1 0 0 1 0 0 1 0 0 1 0 0 1 0 0 1 0 0 1 0 0 1 0 0 1 0 0 1 0 0 1 0 0 1 0 0 1 0 0 1 0 0 1 0 0 1 0 0 1 0 0 1 0 0 1 0 0 1 0 0 1 0 0 1 0 0 1 0 0 1 0 0 1 0 0 1 0 0 1 0 0 1 0 0 1 0 0 1 0 0 1 0 0 1 0 0 1 0 0 1 0 0 1 0 0 1 0 0 1 0 0 1 0 0 1 0 0 1 0 0 1 0 0 1 0 0 1 0 0 1 0 0 1 0 0 1 0 0 1 0 0 1 0 0 1 0 0 1 0 0 1 0 0 1 0 0 1 0 0 1 0 0 1 0 0 1 0 0 1 0 0 1 0 0 1 0 0 1 0 0 1 0 0 1 0 0 1 0 0 1 0 0 1 0 0 1 0 0 1 0 0 1 0 0 1 0 0 1 0 0 1 0 0 1 0 0 1 0 0 1 0 0 1 0 0 1 0 0 1 0 0 1 0 0 1 0 0 1 0 0 1 0 0 1 0 0 1 0 0 1 0 0 1 0 0 1 0 0 1 0 0 1 0 0 1 0 0 1 0 0 1 0 0 1 0 0 1 0 0 1 0 0 1 0 0 1 0 0 1 0 0 1 0 0 1 0 0 1 0 0 1 0 0 1 0 0 1 0 0 1 0 0 1 0 0 1 0 0 1 0 0 1 0 0 1 0 0 1 0 0 1 0 0 1 0 0 1 0 0 1 0 0 1 0 0 1 0 0 1 0 0 1 0 0 1 0 0 1 0 0 1 0 0 1 0 0 1 0 0 1 0 0 1 0 0 1 0 0 1 0 0 1 0 0 1 0 0 1 0 0 1 0 0 1 0 0 1 0 0 1 0 0 1 0 0 1 0 0 1 0 0 1 0 0 1 0 0 1 0 0 1 0 0 1 0 0 1 0 0 1 0 0 1 0 0 1 0 0 1 0 0 1 0 0 1 0 0 1 0 0 1 0 0 1 0 0 1 0 0 1 0 0 1 0 0 1 0 0 1 0 0 1 0 0 1 0 0 1 0 0 1 0 0 1 0 0 1 0 0 1 0 0 1 0 0 1 0 0 1 0 0 1 0 0 1 0 0 1 0 0 1 0 0 1 0 0 1 0 0 1 0 0 1 0 0 1 0 0 1 0 0 1 0 0 1 0 0 1 0 0 1 0 0 1 0 0 1 0 0 1 0 0 1 0 0 1 0 0 1 0 0 1 0 0 1 0 0 1 0 0 1 0 0 1 0 0 1 0 0 1 0 0 1 0 0 1 0 0 1 0 0 1 0 0 1 0 0 1 0 0 1 0 0 1 0 0 1 0 0 1 0 0 1 0 0 1 0 0 1 0 0 1 0 0 1 0 0 1 0 0 1 0 0 1 0 0 1 0 0 1 0 0 1 0 0 1 0 0 1 0 0 1 0 0 1 0 0 1 0 0 1 0 0 1 0 0 1 0 0 1 0 0 1 0 0 1 0 0 1 0 0 1 0 0 1 0 0 1 0 0 1 0 0 1 0 0 1 0 0 1 0 0 1 0 0 1 0 0 1 0 0 1 0 0 1 0 0 1 0 0 1 0 0 1 0 0 1 0 0 1 0 0 1 0 0 1 0 0 1 0 0 1 0 0 1 0 0 1 0 0 1 0 0 1 0 0 1 0 0 1 0 0 1 0 0 1 0 0 1 0 0 1 0 0 1 0 0 1 0 0 1 0 0 1 0 0 1 0 0 1 0 0 1 0 0 1 0 0 1 0 0 1 0 0 1 0 0 1 0 0 1 0 0 1 0 0 1 0 0 1 0 0 1 0 0 1 0 0 1 0 0 1 0 0 1 0 0 1 0 0 1 0 0 1 0 0 1 0 0 1 0 0 1 0 0 1 0 0 1 0 0 1 0 0 1 0 0 1 0 0 1 0 0 1 0 0 1 0 0 1 0 0 1 0 0 1 0 0 1 0 0 1 0 0 1 0 0 1 0 0 1 0 0 1 0 0 1 0 0 1 0 0 1 0 0 1 0 0 1 0 0 1 0 0 1 0 0 1 0 0 1 0 0 1 0 0 1 0 0 1 0 0 1 0 0 1 0 0 1 0 0 1 0 0 1 0 0 1 0 0 1 0 0 1 0 0 1 0 0 1 0 0 1 0 0 1 0 0 1 0 0 1 0 0 1 0 0 1 0 0 1 0 0 1 0 0 1 0 0 1 0 0 1 0 0 1 0 0 1 0 0 1 0 0 1 0 0 1 0 0 1 0 0 1 0 0 1 0 0 1 0 0 1 0 0 1 0 0 1 0 0 1 0 0 1 0 0 1 0 0 1 0 0 1 0 0 1 0 0 1 0 0 1 0 0 1 0 0 1 0 0 1 0 0 1 0 0 1 0 0 1 0 0 1 0 0 1 0 0 1 0 0 1 0 0 1 0 0 1 0 0 1 0 0 1 0 0 1 0 0 1 0 0 1 0 0 1 0 0 1 0 0 1 0 0 1 0 0 1 0 0 1 0 0 1 0 0 1 0 0 1 0 0 1 0 0 1 0 0 1 0 0 1 0 0 1 0 0 1 0 0 1 0 0 1 0 0 1 0 0 1 0 0 1 0 0 1 0 0 1 0 0 1 0 0 1 0 0 1 0 0 1 0 0 1 0 0 1 0 0 1 0 0 1 0 0 1 0 0 1 0 0 1 0 0 1 0 0 1 0 0 1 0 0 1 0 0 1 0 0 1 0 0 1 0 0 1 0 0 1 0 0 1 0 0 1 0 0 1 0 0 1 0 0 1 0 0 1 0 0 1 0 0 1 0 0 1 0 0 1 0 0 1 0 0 1 0 0 1 0 0 1 0 0 1 0 0 1 0 0 1 0 0 1 0 0 1 0 0 1 0 0 1 0 0 1 0 0 1 0 0 1 0 0 1 0 0 1 0 0 1 0 0 1 0 0 1 0 0 1 0 0 1 0 0 1 0 0 1 0 0 1 0 0 1 0 0 1 0 0 1 0 0 1 0 0 1 0 0 1 0 0 1 0 0 1 0 0 1 0 0 1 0 0 1 0 0 1 0 0 1 0 0 1 0 0 1 0 0 1 0 0 1 0 0 1 0 0 1 0 0 1 0 0 1 0 0 1 0 0 1 0 0 1 0 0 1 0 0 1 0 0 1 0 0 1 0 0 1 0 0 1 0 0 1 0 0 1 0 0 1 0 0 1 0 0 1 0 0 1 0 0 1 0 0 1 0 0 1 0 0 1 0 0 1 0 0 1 0 0 1 0 0 1 0 0 1 0 0 1 0 0 1 0 0 1 0 0 1 0 0 1 0 0 1 0 0 1 0 0 1 0 0 1 0 0 1 0 0 1 0 0 1 0 0 1 0 0 1 0 0 1 0 0 1 0 0 1 0 0 1 0 0 1 0 0 1 0 0 1 0 0 1 0 0 1 0 0 1 0 0 1 0 0 1 0 0 1 0 0 1 0 0 1 0 0 1 0 0 0 0.454564 0.890714 0 0.454564 0.890714 0 0.407912 0.913021 0 0.36017 0.932887 0 0.36017 0.932887 0 0.407912 0.913021 0 0.544099 0.839021 0 0.586743 0.809773 0 0.586743 0.809773 0 0.544099 0.839021 0 0.5 0.866025 0 0.5 0.866025 0 0.627818 0.77836 0 0.627818 0.77836 0 0.993599 -0.112969 0 0.998398 -0.0565749 0 0.993599 -0.112969 0 1 1.74846e-07 0 0.998398 -0.0565749 0 1 -3.01992e-07 0 0.974476 -0.224491 0 0.960215 -0.279263 0 0.960215 -0.279263 0 0.974476 -0.224491 0 0.985616 -0.169001 0 0.985616 -0.169001 0 0.899207 -0.437523 0 0.92252 -0.38595 0 0.899207 -0.437523 0 0.92252 -0.38595 0 0.942877 -0.33314 0 0.942877 -0.33314 0 0.812331 -0.583196 0 0.812331 -0.583196 0 0.844024 -0.536305 0 0.873014 -0.487695 0 0.844024 -0.536305 0 0.873014 -0.487695 0 0.741248 -0.671231 0 0.702086 -0.712092 0 0.702086 -0.712092 0 0.778036 -0.62822 0 0.778036 -0.62822 0 0.741248 -0.671231 0 0.571643 -0.820503 0 0.617147 -0.786848 0 0.571643 -0.820503 0 0.617147 -0.786848 0 0.660675 -0.750672 0 0.660675 -0.750672 0 0.424755 -0.905309 0 0.424755 -0.905309 0 0.475292 -0.879828 0 0.524307 -0.851529 0 0.475292 -0.879828 0 0.524307 -0.851529 0 0.319764 -0.947497 0 0.265647 -0.96407 0 0.265647 -0.96407 0 0.372857 -0.927889 0 0.372856 -0.927889 0 0.319764 -0.947497 0 0.0988977 -0.995098 0 0.155037 -0.987909 0 0.0988977 -0.995098 0 0.155037 -0.987909 0 0.210679 -0.977555 0 0.210679 -0.977555 -0 -0.0706979 -0.997498 -0 -0.0706979 -0.997498 -0 -0.0141511 -0.9999 0 0.0424415 -0.999099 -0 -0.0141511 -0.9999 0 0.042441 -0.999099 -0 -0.182931 -0.983126 -0 -0.238259 -0.971202 -0 -0.238259 -0.971202 -0 -0.127018 -0.9919 -0 -0.127018 -0.9919 -0 -0.182931 -0.983126 -0 -0.398965 -0.916966 -0 -0.346449 -0.938069 -0 -0.398965 -0.916966 -0 -0.346449 -0.938069 -0 -0.292823 -0.956167 -0 -0.292823 -0.956167 -0 -0.548195 -0.836351 -0 -0.548195 -0.836351 -0 -0.5 -0.866025 -0 -0.450204 -0.892926 -0 -0.5 -0.866025 -0 -0.450204 -0.892926 -0 -0.639167 -0.769068 -0 -0.681653 -0.731675 -0 -0.681653 -0.731675 -0 -0.594633 -0.803997 -0 -0.594633 -0.803997 -0 -0.639167 -0.769068 -0 -0.795502 -0.605951 -0 -0.759946 -0.649986 -0 -0.795502 -0.605951 -0 -0.759946 -0.649986 -0 -0.721956 -0.691939 -0 -0.721956 -0.691939 -0 -0.886466 -0.462794 -0 -0.886466 -0.462794 -0 -0.858863 -0.512205 -0 -0.82851 -0.559975 -0 -0.858863 -0.512205 -0 -0.82851 -0.559975 -0 -0.933072 -0.359689 -0 -0.951927 -0.306324 -0 -0.951927 -0.306324 -0 -0.911228 -0.411901 -0 -0.911228 -0.411901 -0 -0.933072 -0.359689 -0 -0.990004 -0.141041 -0 -0.980439 -0.196825 -0 -0.990004 -0.141041 -0 -0.980439 -0.196825 -0 -0.967733 -0.251978 -0 -0.967733 -0.251978 0 -0.9996 0.0282988 0 -0.9996 0.0282988 -0 -0.9996 -0.0282987 -0 -0.996397 -0.0848059 -0 -0.9996 -0.028299 -0 -0.996397 -0.0848059 0 -0.990004 0.141041 0 -0.980439 0.196825 0 -0.980439 0.196825 0 -0.996397 0.0848059 0 -0.996397 0.0848059 0 -0.990004 0.141041 0 -0.933072 0.359689 0 -0.951927 0.306324 0 -0.933072 0.359689 0 -0.951927 0.306324 0 -0.967733 0.251978 0 -0.967733 0.251978 0 -0.858863 0.512205 0 -0.858863 0.512205 0 -0.886466 0.462794 0 -0.911229 0.411901 0 -0.886466 0.462794 0 -0.911228 0.411901 0 -0.795502 0.605951 0 -0.759946 0.649986 0 -0.759946 0.649986 0 -0.82851 0.559975 0 -0.82851 0.559975 0 -0.795502 0.605951 0 -0.639167 0.769068 0 -0.681653 0.731675 0 -0.639167 0.769068 0 -0.681653 0.731675 0 -0.721956 0.691939 0 -0.721956 0.691939 0 -0.5 0.866025 0 -0.5 0.866026 0 -0.548195 0.836351 0 -0.594633 0.803997 0 -0.548195 0.836351 0 -0.594633 0.803997 0 -0.398965 0.916966 0 -0.346449 0.938069 0 -0.346449 0.938069 0 -0.450204 0.892926 0 -0.450204 0.892926 0 -0.398965 0.916966 0 -0.182931 0.983126 0 -0.238259 0.971202 0 -0.182931 0.983126 0 -0.238259 0.971202 0 -0.292823 0.956167 0 -0.292823 0.956167 0 -0.0141508 0.9999 0 -0.0141509 0.9999 0 -0.0706976 0.997498 0 -0.127018 0.9919 0 -0.0706976 0.997498 0 -0.127018 0.9919 0 0.0988973 0.995098 0 0.0424412 0.999099 0 0.0424412 0.999099 0 0.0988974 0.995098 0 0.155036 0.987909 0 0.155037 0.987909 0 0.210679 0.977555 0 0.265647 0.96407 0 0.210679 0.977555 0 0.265647 0.96407 0 0.319764 0.947497 0 0.319764 0.947497 0 0.372857 0.927889 0 0.424755 0.905308 0 0.372856 0.927889 0 0.424755 0.905308 0 0.475292 0.879828 0 0.475292 0.879828 0 0.524307 0.851529 0 0.571643 0.820503 0 0.524307 0.851529 0 0.571643 0.820503 0 0.617147 0.786848 0 0.617147 0.786848 0 0.660675 0.750672 0 0.702086 0.712092 0 0.660675 0.750672 0 0.702086 0.712092 0 0.741248 0.671231 0 0.741248 0.671231 0 0.778036 0.62822 0 0.812331 0.583196 0 0.778036 0.62822 0 0.812331 0.583196 0 0.844024 0.536305 0 0.844024 0.536305 0 0.873014 0.487695 0 0.899207 0.437523 0 0.873014 0.487695 0 0.899207 0.437523 0 0.92252 0.38595 0 0.92252 0.38595 0 0.942877 0.33314 0 0.960215 0.279263 0 0.942877 0.33314 0 0.960215 0.279263 0 0.974476 0.224491 0 0.974476 0.224491 0 0.985616 0.169001 0 0.993599 0.112969 0 0.985616 0.169001 0 0.993599 0.112969 0 0.998398 0.056575 0 0.998398 0.0565751 -1 0 0 -1 0 0 -1 0 0 -1 0 0 -1 0 0 -1 0 0 -1 0 0 -1 0 0 -1 0 0 -1 0 0 -1 0 0 -1 0 0 -1 0 0 -1 0 0 -1 0 0 -1 0 0 -1 0 0 -1 0 0 -1 0 0 -1 0 0 -1 0 0 -1 0 0 -1 0 0 -1 0 0 -1 0 0 -1 0 0 -1 0 0 -1 0 0 -1 0 0 -1 0 0 -1 0 0 -1 0 0 -1 0 0 -1 0 0 -1 0 0 -1 0 0 -1 0 0 -1 0 0 -1 0 0 -1 0 0 -1 0 0 -1 0 0 -1 0 0 -1 0 0 -1 0 0 -1 0 0 -1 0 0 -1 0 0 -1 0 0 -1 0 0 -1 0 0 -1 0 0 -1 0 0 -1 0 0 -1 0 0 -1 0 0 -1 0 0 -1 0 0 -1 0 0 -1 0 0 -1 0 0 -1 0 0 -1 0 0 -1 0 0 -1 0 0 -1 0 0 -1 0 0 -1 0 0 -1 0 0 -1 0 0 -1 0 0 -1 0 0 -1 0 0 -1 0 0 -1 0 0 -1 0 0 -1 0 0 -1 0 0 -1 0 0 -1 0 0 -1 0 0 -1 0 0 -1 0 0 -1 0 0 -1 0 0 -1 0 0 -1 0 0 -1 0 0 -1 0 0 -1 0 0 -1 0 0 -1 0 0 -1 0 0 -1 0 0 -1 0 0 -1 0 0 -1 0 0 -1 0 0 -1 0 0 -1 0 0 -1 0 0 -1 0 0 -1 0 0 -1 0 0 -1 0 0 -1 0 0 -1 0 0 -1 0 0 -1 0 0 -1 0 0 -1 0 0 0.48808 0.0451178 0.871632 0.48808 0.0901147 0.868134 0.628677 0.0402 0.776626 0.343177 -0.141923 0.928487 0.169146 -0.10176 0.980324 0.333417 -0.09734 0.937741 0.175514 -0.151225 0.972793 0.169146 0.10176 0.980324 -8.74228e-08 0.103248 0.994656 -8.74228e-08 0.154527 0.987989 -8.74228e-08 -0.0516931 0.998663 -8.74228e-08 -8.74228e-08 1 0.169146 -0.0509483 0.984273 0.169146 0.0509483 0.984273 -8.74228e-08 0.0516932 0.998663 0.156464 0.151891 0.975935 0.169146 -8.61631e-08 0.985591 -8.74228e-08 -0.154527 0.987989 -8.74228e-08 -0.103248 0.994656 0.333417 -0.0487352 0.941519 0.30691 0.144426 0.940717 0.447272 0.133014 0.884452 0.333417 0.0973401 0.937741 0.575013 0.118687 0.80949 0.628677 0.0802925 0.77351 0.689134 0.102257 0.717383 0.751158 0.0681563 0.656595 0.751158 0.0341238 0.65924 0.851991 0.0270643 0.522856 0.977802 -0.00536182 0.20946 0.928272 -0.0192247 0.371404 0.928272 -3.25126e-08 0.371901 0.751158 -5.77098e-08 0.660123 0.977802 -0.026738 0.207816 0.928272 -0.038398 0.369914 0.977802 -0.016071 0.208912 0.851991 -4.57707e-08 0.523556 0.788057 0.0844356 0.609785 0.851991 0.0540561 0.520758 0.87064 0.0656464 0.487521 0.928272 0.038398 0.369914 0.934664 0.0462891 0.352506 0.977802 0.0267376 0.207816 0.333417 0.0487353 0.941519 0.851991 -0.0270642 0.522856 0.751158 -0.0341238 0.65924 0.928272 0.0192248 0.371404 0.977802 0.0160705 0.208912 0.628677 -6.79857e-08 0.777666 0.48808 -7.63025e-08 0.872799 0.333417 -8.24204e-08 0.942779 0.977802 0.00536138 0.20946 0.48808 -0.0451177 0.871632 0.48808 -0.0901147 0.868134 0.628677 -0.0402 0.776626 0.628677 -0.0802924 0.77351 0.751158 -0.0681563 0.656595 0.851991 -0.0540561 0.520758 0.851639 -0.0704199 0.519376 0.49687 -0.127938 0.858343 0.634183 -0.110644 0.765225 0.752976 -0.0912292 0.651694 0.927556 -0.0488015 0.370484 0.707107 -0.0854513 0.701925 0.707107 -0.109267 0.698613 0.707107 -0.117678 0.697246 0.707107 -0.127785 0.695465 0.707107 6.18172e-08 0.707107 0.707107 0.0365526 0.706161 0.707107 6.18172e-08 0.707107 0.707107 -0.0428042 0.70581 0.707107 -0.0365526 0.706161 0.707107 -0.0730074 0.703328 0.707107 0.0854515 0.701925 0.707107 0.117678 0.697246 0.707107 0.109267 0.698613 0.707107 0.0730073 0.703328 0.707107 0.0428042 0.70581 0.707107 0.127785 0.695465 0 -0.0516931 0.998663 0 -0.0516931 0.998663 0 -0.103248 0.994656 0 -0.154527 0.987989 0 -0.154527 0.987989 0 -0.103248 0.994656 0 0.0516932 0.998663 0 0.103248 0.994656 0 0.103248 0.994656 0 0.0516932 0.998663 0 -8.74228e-08 1 0 -8.74228e-08 1 0 0.154527 0.987989 0 0.154527 0.987989 0.48808 -0.396743 0.777414 0.48808 -0.356026 0.796884 0.628677 -0.353499 0.692678 0.343151 -0.587159 0.733138 0.169146 -0.578289 0.798105 0.333417 -0.553169 0.763437 0.175501 -0.617362 0.766853 0.169146 -0.402035 0.899865 -8.74228e-08 -0.407912 0.913021 -8.74228e-08 -0.36017 0.932887 0.169146 -0.492796 0.853547 -8.74228e-08 -0.5 0.866025 -8.74228e-08 -0.454564 0.890714 0.169146 -0.448014 0.87788 0.156464 -0.356425 0.92113 0.169146 -0.536259 0.826932 -8.74228e-08 -0.627819 0.77836 -8.74228e-08 -0.586743 0.809773 0.333417 -0.512965 0.791012 0.30691 -0.345281 0.886898 0.447272 -0.327033 0.832465 0.333417 -0.384571 0.860777 0.575013 -0.301958 0.760382 0.628677 -0.31722 0.710026 0.689134 -0.270135 0.6724 0.751158 -0.269272 0.602706 0.751158 -0.300068 0.587981 0.851991 -0.23799 0.466339 0.977802 -0.109374 0.178717 0.928272 -0.202351 0.312033 0.928272 -0.185951 0.322076 0.751158 -0.330061 0.571683 0.977802 -0.127064 0.166605 0.928272 -0.21821 0.301156 0.977802 -0.118374 0.172887 0.851991 -0.261778 0.453413 0.788057 -0.231769 0.570307 0.851991 -0.213565 0.478017 0.87064 -0.186909 0.455029 0.928272 -0.151703 0.339554 0.934664 -0.136166 0.328424 0.977802 -0.0807527 0.193343 0.333417 -0.428553 0.839747 0.851991 -0.284866 0.439274 0.751158 -0.359172 0.553857 0.928272 -0.169053 0.331258 0.977802 -0.0905386 0.188958 -8.74228e-08 -0.544099 0.839021 0.628677 -0.388833 0.673479 0.48808 -0.4364 0.755866 0.333417 -0.47139 0.816471 0.977802 -0.100087 0.184079 0.48808 -0.474889 0.732297 0.48808 -0.512109 0.706769 0.628677 -0.423127 0.652478 0.628677 -0.45629 0.629733 0.751158 -0.387322 0.53455 0.851991 -0.307193 0.423961 0.851599 -0.320714 0.414634 0.496836 -0.539982 0.679392 0.634143 -0.478454 0.607408 0.752934 -0.404884 0.518806 0.927522 -0.227557 0.296514 0.707107 -0.424965 0.565159 0.707107 -0.443935 0.550384 0.707107 -0.450535 0.544994 0.707107 -0.458398 0.538397 0.707107 -0.353553 0.612372 0.707107 -0.321425 0.62983 0.707107 -0.353553 0.612372 0.707107 -0.389975 0.589847 0.707107 -0.384736 0.593277 0.707107 -0.41489 0.572596 0.707107 -0.276959 0.65061 0.707107 -0.246711 0.662672 0.707107 -0.254679 0.659651 0.707107 -0.288438 0.645603 0.707107 -0.315836 0.632652 0.707107 -0.237067 0.666183 0 -0.544099 0.839021 0 -0.544099 0.839021 0 -0.586743 0.809773 0 -0.627819 0.77836 0 -0.627819 0.77836 0 -0.586743 0.809773 0 -0.454564 0.890714 0 -0.407912 0.913021 0 -0.407912 0.913021 0 -0.454564 0.890714 0 -0.5 0.866025 0 -0.5 0.866025 0 -0.36017 0.932887 0 -0.36017 0.932887 0.48808 -0.732297 0.474889 0.48808 -0.706769 0.512109 0.628677 -0.652478 0.423127 0.343177 -0.875055 0.341334 0.169146 -0.899865 0.402035 0.333417 -0.860777 0.384571 0.175514 -0.918076 0.355432 0.169146 -0.798105 0.578289 -8.74228e-08 -0.809773 0.586743 -8.74228e-08 -0.77836 0.627818 0.169146 -0.87788 0.448014 -8.74228e-08 -0.890714 0.454564 -8.74228e-08 -0.866025 0.5 0.169146 -0.826932 0.536259 -8.74228e-08 -0.839021 0.544099 0.156464 -0.769238 0.619509 0.169146 -0.853547 0.492795 -8.74228e-08 -0.932887 0.36017 -8.74228e-08 -0.913021 0.407912 0.333417 -0.839747 0.428554 0.30691 -0.742471 0.595435 0.447272 -0.699451 0.557419 0.333417 -0.763437 0.553169 0.575013 -0.641695 0.507531 0.628677 -0.629733 0.45629 0.689134 -0.570144 0.447248 0.751158 -0.53455 0.387322 0.751158 -0.553857 0.359172 0.851991 -0.439274 0.284866 0.977802 -0.184079 0.100087 0.928272 -0.331258 0.169053 0.928272 -0.322076 0.185951 0.751158 -0.571683 0.330061 0.977802 -0.193343 0.0807523 0.928272 -0.339554 0.151703 0.977802 -0.188958 0.0905381 0.851991 -0.453413 0.261778 0.788057 -0.485871 0.378016 0.851991 -0.423961 0.307193 0.87064 -0.389383 0.300612 0.928272 -0.301156 0.21821 0.934664 -0.282135 0.216341 0.977802 -0.166605 0.127063 0.333417 -0.791012 0.512965 0.851991 -0.466339 0.23799 0.751158 -0.587981 0.300068 0.928272 -0.312033 0.202351 0.977802 -0.172888 0.118373 0.628677 -0.673479 0.388833 0.48808 -0.755866 0.436399 0.333417 -0.816471 0.47139 0.977802 -0.178717 0.109373 0.48808 -0.777414 0.396743 0.48808 -0.796884 0.356026 0.628677 -0.692678 0.353499 0.628677 -0.710026 0.31722 0.751158 -0.602706 0.269272 0.851991 -0.478017 0.213565 0.851639 -0.485003 0.198703 0.49687 -0.807316 0.318374 0.634183 -0.718026 0.286792 0.752976 -0.609998 0.24684 0.927556 -0.345249 0.142979 0.707107 -0.65061 0.276959 0.707107 -0.65965 0.254679 0.707107 -0.662672 0.246711 0.707107 -0.666183 0.237067 0.707107 -0.612372 0.353553 0.707107 -0.593277 0.384736 0.707107 -0.612372 0.353553 0.707107 -0.632652 0.315835 0.707107 -0.62983 0.321425 0.707107 -0.645603 0.288438 0.707107 -0.565159 0.424965 0.707107 -0.544994 0.450535 0.707107 -0.550383 0.443935 0.707107 -0.572596 0.41489 0.707107 -0.589847 0.389975 0.707107 -0.538397 0.458397 0 -0.890714 0.454564 0 -0.890714 0.454564 0 -0.913021 0.407912 0 -0.932887 0.36017 0 -0.932887 0.36017 0 -0.913021 0.407912 0 -0.839021 0.544099 0 -0.809773 0.586743 0 -0.809773 0.586743 0 -0.839021 0.544099 0 -0.866025 0.5 0 -0.866025 0.5 0 -0.77836 0.627818 0 -0.77836 0.627818 0.48808 -0.871632 0.0451178 0.48808 -0.868134 0.0901147 0.628677 -0.776626 0.0402 0.343177 -0.928487 -0.141923 0.169146 -0.980324 -0.10176 0.333417 -0.937741 -0.09734 0.175514 -0.972793 -0.151225 0.169146 -0.980324 0.10176 -8.74228e-08 -0.994656 0.103248 -8.74228e-08 -0.987989 0.154527 -8.74228e-08 -0.998663 -0.0516931 -8.74228e-08 -1 -8.74227e-08 0.169146 -0.984273 -0.0509483 0.169146 -0.984273 0.0509483 -8.74228e-08 -0.998663 0.0516932 0.156464 -0.975935 0.151891 0.169146 -0.985591 -8.61631e-08 -8.74228e-08 -0.987989 -0.154527 -8.74228e-08 -0.994656 -0.103248 0.333417 -0.941519 -0.0487352 0.30691 -0.940717 0.144426 0.447272 -0.884452 0.133014 0.333417 -0.937741 0.0973401 0.575013 -0.80949 0.118687 0.628677 -0.77351 0.0802925 0.689134 -0.717383 0.102257 0.751158 -0.656595 0.0681563 0.751158 -0.65924 0.0341238 0.851991 -0.522856 0.0270643 0.928272 -0.371901 -3.25126e-08 0.928272 -0.371404 -0.0192247 0.851991 -0.523556 -4.57707e-08 0.977802 -0.209339 0.00893418 0.977802 -0.209529 -1.83176e-08 0.977802 -0.207816 -0.026738 0.928272 -0.369914 -0.038398 0.977802 -0.208767 -0.0178524 0.977802 -0.209339 -0.00893432 0.788057 -0.609785 0.0844356 0.851991 -0.520758 0.0540561 0.87064 -0.487521 0.0656464 0.934664 -0.352506 0.0462891 0.928272 -0.369914 0.038398 0.977802 -0.207816 0.0267376 0.333417 -0.941519 0.0487353 0.751158 -0.660123 -5.77097e-08 0.851991 -0.522856 -0.0270642 0.751158 -0.65924 -0.0341238 0.977802 -0.208767 0.0178521 0.928272 -0.371404 0.0192248 0.628677 -0.777666 -6.79857e-08 0.48808 -0.872799 -7.63025e-08 0.333417 -0.942779 -8.24204e-08 0.48808 -0.871632 -0.0451177 0.48808 -0.868134 -0.0901147 0.628677 -0.776626 -0.0402 0.628677 -0.77351 -0.0802924 0.751158 -0.656595 -0.0681563 0.851991 -0.520758 -0.0540561 0.851639 -0.519376 -0.0704199 0.49687 -0.858343 -0.127938 0.634183 -0.765225 -0.110644 0.752976 -0.651694 -0.0912292 0.927556 -0.370484 -0.0488015 0.707107 -0.701925 -0.0854513 0.707107 -0.698613 -0.109267 0.707107 -0.697246 -0.117678 0.707107 -0.695465 -0.127785 0.707107 -0.707107 6.18172e-08 0.707107 -0.706161 0.0365526 0.707107 -0.707107 6.18172e-08 0.707107 -0.70581 -0.0428042 0.707107 -0.706161 -0.0365526 0.707107 -0.703328 -0.0730074 0.707107 -0.701925 0.0854515 0.707107 -0.697246 0.117678 0.707107 -0.698613 0.109267 0.707107 -0.703328 0.0730073 0.707107 -0.70581 0.0428042 0.707107 -0.695465 0.127785 0 -0.998663 -0.0516931 0 -0.998663 -0.0516931 0 -0.994656 -0.103248 0 -0.987989 -0.154527 0 -0.987989 -0.154527 0 -0.994656 -0.103248 0 -0.998663 0.0516932 0 -0.994656 0.103248 0 -0.994656 0.103248 0 -0.998663 0.0516932 0 -1 -8.74227e-08 0 -1 -8.74227e-08 0 -0.987989 0.154527 0 -0.987989 0.154527 0.48808 -0.777414 -0.396743 0.48808 -0.796884 -0.356026 0.628677 -0.692678 -0.353499 0.343177 -0.733131 -0.587152 0.169146 -0.798105 -0.578289 0.333417 -0.763437 -0.553169 0.175514 -0.766851 -0.617361 0.169146 -0.899865 -0.402035 -8.74228e-08 -0.913021 -0.407912 -8.74228e-08 -0.932887 -0.36017 0.169146 -0.853547 -0.492796 -8.74228e-08 -0.866025 -0.5 -8.74228e-08 -0.890714 -0.454564 0.169146 -0.87788 -0.448014 0.156464 -0.92113 -0.356425 0.169146 -0.826932 -0.536259 -8.74228e-08 -0.77836 -0.627819 -8.74228e-08 -0.809773 -0.586743 0.333417 -0.791012 -0.512965 0.30691 -0.886898 -0.345281 0.447272 -0.832465 -0.327033 0.333417 -0.860777 -0.384571 0.575013 -0.760382 -0.301958 0.628677 -0.710026 -0.31722 0.689134 -0.6724 -0.270135 0.751158 -0.602706 -0.269272 0.751158 -0.587981 -0.300068 0.851991 -0.466339 -0.23799 0.977802 -0.178717 -0.109374 0.928272 -0.312033 -0.202351 0.928272 -0.322076 -0.185951 0.751158 -0.571683 -0.330061 0.977802 -0.166605 -0.127064 0.928272 -0.301156 -0.21821 0.977802 -0.172887 -0.118374 0.851991 -0.453413 -0.261778 0.788057 -0.570307 -0.231769 0.851991 -0.478017 -0.213565 0.87064 -0.455029 -0.186909 0.928272 -0.339554 -0.151703 0.934664 -0.328424 -0.136166 0.977802 -0.193343 -0.0807527 0.333417 -0.839747 -0.428553 0.851991 -0.439274 -0.284866 0.751158 -0.553857 -0.359172 0.928272 -0.331258 -0.169053 0.977802 -0.188958 -0.0905385 -8.74228e-08 -0.839021 -0.544099 0.628677 -0.673479 -0.388833 0.48808 -0.755866 -0.4364 0.333417 -0.816471 -0.47139 0.977802 -0.184079 -0.100087 0.48808 -0.732297 -0.474889 0.48808 -0.706769 -0.512109 0.628677 -0.652478 -0.423127 0.628677 -0.629733 -0.45629 0.751158 -0.53455 -0.387322 0.851991 -0.423961 -0.307193 0.851639 -0.414583 -0.320674 0.49687 -0.679378 -0.539969 0.634183 -0.607383 -0.478433 0.752976 -0.518769 -0.404854 0.927556 -0.296448 -0.227505 0.707107 -0.565159 -0.424965 0.707107 -0.550384 -0.443935 0.707107 -0.544994 -0.450535 0.707107 -0.538397 -0.458398 0.707107 -0.612372 -0.353553 0.707107 -0.62983 -0.321425 0.707107 -0.612372 -0.353553 0.707107 -0.589847 -0.389975 0.707107 -0.593277 -0.384736 0.707107 -0.572596 -0.41489 0.707107 -0.65061 -0.276959 0.707107 -0.662672 -0.246711 0.707107 -0.659651 -0.254679 0.707107 -0.645603 -0.288438 0.707107 -0.632652 -0.315836 0.707107 -0.666183 -0.237067 0 -0.839021 -0.544099 0 -0.839021 -0.544099 0 -0.809773 -0.586743 0 -0.77836 -0.627819 0 -0.77836 -0.627819 0 -0.809773 -0.586743 0 -0.890714 -0.454564 0 -0.913021 -0.407912 0 -0.913021 -0.407912 0 -0.890714 -0.454564 0 -0.866025 -0.5 0 -0.866025 -0.5 0 -0.932887 -0.36017 0 -0.932887 -0.36017 0.48808 -0.474889 -0.732297 0.48808 -0.512109 -0.706769 0.628677 -0.423127 -0.652478 0.343121 -0.341341 -0.875074 0.169146 -0.402035 -0.899865 0.333417 -0.384571 -0.860777 0.175485 -0.355434 -0.918081 0.169146 -0.578289 -0.798105 -8.74228e-08 -0.586743 -0.809773 -8.74228e-08 -0.627818 -0.77836 0.169146 -0.448014 -0.87788 -8.74228e-08 -0.454564 -0.890714 -8.74228e-08 -0.5 -0.866025 0.169146 -0.536259 -0.826932 -8.74228e-08 -0.544099 -0.839021 0.156464 -0.619509 -0.769238 0.169146 -0.492795 -0.853547 -8.74228e-08 -0.36017 -0.932887 -8.74228e-08 -0.407912 -0.913021 0.333417 -0.428554 -0.839747 0.30691 -0.595435 -0.742471 0.447272 -0.557419 -0.699451 0.333417 -0.553169 -0.763437 0.575013 -0.507531 -0.641695 0.628677 -0.45629 -0.629733 0.689134 -0.447248 -0.570144 0.751158 -0.387322 -0.53455 0.751158 -0.359172 -0.553857 0.851991 -0.284866 -0.439274 0.977802 -0.100086 -0.184079 0.928272 -0.169053 -0.331258 0.928272 -0.185951 -0.322076 0.751158 -0.330061 -0.571683 0.977802 -0.0807516 -0.193343 0.928272 -0.151703 -0.339554 0.977802 -0.0905376 -0.188959 0.851991 -0.261778 -0.453413 0.788057 -0.378016 -0.485871 0.851991 -0.307193 -0.423961 0.87064 -0.300612 -0.389383 0.928272 -0.21821 -0.301156 0.934664 -0.216341 -0.282135 0.977802 -0.127063 -0.166605 0.333417 -0.512965 -0.791012 0.851991 -0.23799 -0.466339 0.751158 -0.300068 -0.587981 0.928272 -0.202351 -0.312033 0.977802 -0.118373 -0.172888 0.628677 -0.388833 -0.673479 0.48808 -0.436399 -0.755866 0.333417 -0.47139 -0.816471 0.977802 -0.109373 -0.178718 0.48808 -0.396743 -0.777414 0.48808 -0.356026 -0.796884 0.628677 -0.353499 -0.692678 0.628677 -0.31722 -0.710026 0.751158 -0.269272 -0.602706 0.851991 -0.213565 -0.478017 0.851552 -0.198754 -0.485134 0.496796 -0.318388 -0.807355 0.634097 -0.286816 -0.718093 0.752885 -0.246877 -0.610095 0.927483 -0.143047 -0.345417 0.707107 -0.276959 -0.65061 0.707107 -0.254679 -0.65965 0.707107 -0.246711 -0.662672 0.707107 -0.237067 -0.666183 0.707107 -0.353553 -0.612372 0.707107 -0.384736 -0.593277 0.707107 -0.353553 -0.612372 0.707107 -0.315835 -0.632652 0.707107 -0.321425 -0.62983 0.707107 -0.288438 -0.645603 0.707107 -0.424965 -0.565159 0.707107 -0.450535 -0.544994 0.707107 -0.443935 -0.550383 0.707107 -0.41489 -0.572596 0.707107 -0.389975 -0.589847 0.707107 -0.458397 -0.538397 0 -0.454564 -0.890714 0 -0.454564 -0.890714 0 -0.407912 -0.913021 0 -0.36017 -0.932887 0 -0.36017 -0.932887 0 -0.407912 -0.913021 0 -0.544099 -0.839021 0 -0.586743 -0.809773 0 -0.586743 -0.809773 0 -0.544099 -0.839021 0 -0.5 -0.866025 0 -0.5 -0.866025 0 -0.627818 -0.77836 0 -0.627818 -0.77836 0.48808 -0.0451178 -0.871632 0.48808 -0.0901147 -0.868134 0.628677 -0.0402 -0.776626 0.343121 0.141927 -0.928507 0.169146 0.10176 -0.980324 0.333417 0.09734 -0.937741 0.175485 0.151226 -0.972798 0.169146 -0.10176 -0.980324 -8.74228e-08 -0.103248 -0.994656 -8.74228e-08 -0.154527 -0.987989 -8.74228e-08 0.0516931 -0.998663 -8.74228e-08 8.74228e-08 -1 0.169146 0.0509483 -0.984273 0.169146 -0.0509483 -0.984273 -8.74228e-08 -0.0516932 -0.998663 0.156464 -0.151891 -0.975935 0.169146 8.61631e-08 -0.985591 -8.74228e-08 0.154527 -0.987989 -8.74228e-08 0.103248 -0.994656 0.333417 0.0487352 -0.941519 0.30691 -0.144426 -0.940717 0.447272 -0.133014 -0.884452 0.333417 -0.0973401 -0.937741 0.575013 -0.118687 -0.80949 0.628677 -0.0802925 -0.77351 0.689134 -0.102257 -0.717383 0.751158 -0.0681563 -0.656595 0.751158 -0.0341238 -0.65924 0.851991 -0.0270643 -0.522856 0.977802 0.00536222 -0.20946 0.928272 0.0192247 -0.371404 0.928272 3.25126e-08 -0.371901 0.751158 5.77098e-08 -0.660123 0.977802 0.0267387 -0.207816 0.928272 0.038398 -0.369914 0.977802 0.0160715 -0.208912 0.851991 4.57707e-08 -0.523556 0.788057 -0.0844356 -0.609785 0.851991 -0.0540561 -0.520758 0.87064 -0.0656464 -0.487521 0.928272 -0.038398 -0.369914 0.934664 -0.0462891 -0.352506 0.977802 -0.0267376 -0.207816 0.333417 -0.0487353 -0.941519 0.851991 0.0270642 -0.522856 0.751158 0.0341238 -0.65924 0.928272 -0.0192248 -0.371404 0.977802 -0.0160704 -0.208912 0.628677 6.79857e-08 -0.777666 0.48808 7.63025e-08 -0.872799 0.333417 8.24204e-08 -0.942779 0.977802 -0.00536108 -0.209461 0.48808 0.0451177 -0.871632 0.48808 0.0901147 -0.868134 0.628677 0.0402 -0.776626 0.628677 0.0802924 -0.77351 0.751158 0.0681563 -0.656595 0.851991 0.0540561 -0.520758 0.851552 0.070441 -0.519516 0.496796 0.127946 -0.858384 0.634097 0.110656 -0.765295 0.752885 0.091246 -0.651796 0.927483 0.0488267 -0.370664 0.707107 0.0854513 -0.701925 0.707107 0.109267 -0.698613 0.707107 0.117678 -0.697246 0.707107 0.127785 -0.695465 0.707107 -6.18172e-08 -0.707107 0.707107 -0.0365526 -0.706161 0.707107 -6.18172e-08 -0.707107 0.707107 0.0428042 -0.70581 0.707107 0.0365526 -0.706161 0.707107 0.0730074 -0.703328 0.707107 -0.0854515 -0.701925 0.707107 -0.117678 -0.697246 0.707107 -0.109267 -0.698613 0.707107 -0.0730073 -0.703328 0.707107 -0.0428042 -0.70581 0.707107 -0.127785 -0.695465 0 0.0516931 -0.998663 0 0.0516931 -0.998663 0 0.103248 -0.994656 0 0.154527 -0.987989 0 0.154527 -0.987989 0 0.103248 -0.994656 0 -0.0516932 -0.998663 0 -0.103248 -0.994656 0 -0.103248 -0.994656 0 -0.0516932 -0.998663 0 8.74228e-08 -1 0 8.74228e-08 -1 0 -0.154527 -0.987989 0 -0.154527 -0.987989 0.48808 0.396743 -0.777414 0.48808 0.356026 -0.796884 0.628677 0.353499 -0.692678 0.343121 0.587166 -0.733147 0.169146 0.578289 -0.798105 0.333417 0.553169 -0.763437 0.175485 0.617364 -0.766855 0.169146 0.402035 -0.899865 -8.74228e-08 0.407912 -0.913021 -8.74228e-08 0.36017 -0.932887 0.169146 0.492796 -0.853547 -8.74228e-08 0.5 -0.866025 -8.74228e-08 0.454564 -0.890714 0.169146 0.448014 -0.87788 0.156464 0.356425 -0.92113 0.169146 0.536259 -0.826932 -8.74228e-08 0.627819 -0.77836 -8.74228e-08 0.586743 -0.809773 0.333417 0.512965 -0.791012 0.30691 0.345281 -0.886898 0.447272 0.327033 -0.832465 0.333417 0.384571 -0.860777 0.575013 0.301958 -0.760382 0.628677 0.31722 -0.710026 0.689134 0.270135 -0.6724 0.751158 0.269272 -0.602706 0.751158 0.300068 -0.587981 0.851991 0.23799 -0.466339 0.977802 0.109374 -0.178717 0.928272 0.202351 -0.312033 0.928272 0.185951 -0.322076 0.751158 0.330061 -0.571683 0.977802 0.127064 -0.166605 0.928272 0.21821 -0.301156 0.977802 0.118374 -0.172887 0.851991 0.261778 -0.453413 0.788057 0.231769 -0.570307 0.851991 0.213565 -0.478017 0.87064 0.186909 -0.455029 0.928272 0.151703 -0.339554 0.934664 0.136166 -0.328424 0.977802 0.0807527 -0.193343 0.333417 0.428553 -0.839747 0.851991 0.284866 -0.439274 0.751158 0.359172 -0.553857 0.928272 0.169053 -0.331258 0.977802 0.0905386 -0.188958 -8.74228e-08 0.544099 -0.839021 0.628677 0.388833 -0.673479 0.48808 0.4364 -0.755866 0.333417 0.47139 -0.816471 0.977802 0.100087 -0.184079 0.48808 0.474889 -0.732297 0.48808 0.512109 -0.706769 0.628677 0.423127 -0.652478 0.628677 0.45629 -0.629733 0.751158 0.387322 -0.53455 0.851991 0.307193 -0.423961 0.851552 0.320761 -0.414693 0.496796 0.539997 -0.67941 0.634097 0.478478 -0.607437 0.752885 0.404919 -0.518849 0.927483 0.227617 -0.296591 0.707107 0.424965 -0.565159 0.707107 0.443935 -0.550384 0.707107 0.450535 -0.544994 0.707107 0.458398 -0.538397 0.707107 0.353553 -0.612372 0.707107 0.321425 -0.62983 0.707107 0.353553 -0.612372 0.707107 0.389975 -0.589847 0.707107 0.384736 -0.593277 0.707107 0.41489 -0.572596 0.707107 0.276959 -0.65061 0.707107 0.246711 -0.662672 0.707107 0.254679 -0.659651 0.707107 0.288438 -0.645603 0.707107 0.315836 -0.632652 0.707107 0.237067 -0.666183 0 0.544099 -0.839021 0 0.544099 -0.839021 0 0.586743 -0.809773 0 0.627819 -0.77836 0 0.627819 -0.77836 0 0.586743 -0.809773 0 0.454564 -0.890714 0 0.407912 -0.913021 0 0.407912 -0.913021 0 0.454564 -0.890714 0 0.5 -0.866025 0 0.5 -0.866025 0 0.36017 -0.932887 0 0.36017 -0.932887 0.48808 0.732297 -0.474889 0.48808 0.706769 -0.512109 0.628677 0.652478 -0.423127 0.343121 0.875074 -0.341341 0.169146 0.899865 -0.402035 0.333417 0.860777 -0.384571 0.175485 0.918081 -0.355434 0.169146 0.798105 -0.578289 -8.74228e-08 0.809773 -0.586743 -8.74228e-08 0.77836 -0.627818 0.169146 0.87788 -0.448014 -8.74228e-08 0.890714 -0.454564 -8.74228e-08 0.866025 -0.5 0.169146 0.826932 -0.536259 -8.74228e-08 0.839021 -0.544099 0.156464 0.769238 -0.619509 0.169146 0.853547 -0.492795 -8.74228e-08 0.932887 -0.36017 -8.74228e-08 0.913021 -0.407912 0.333417 0.839747 -0.428554 0.30691 0.742471 -0.595435 0.447272 0.699451 -0.557419 0.333417 0.763437 -0.553169 0.575013 0.641695 -0.507531 0.628677 0.629733 -0.45629 0.689134 0.570144 -0.447248 0.751158 0.53455 -0.387322 0.751158 0.553857 -0.359172 0.851991 0.439274 -0.284866 0.977802 0.184079 -0.100086 0.928272 0.331258 -0.169053 0.928272 0.322076 -0.185951 0.751158 0.571683 -0.330061 0.977802 0.193343 -0.0807516 0.928272 0.339554 -0.151703 0.977802 0.188959 -0.0905376 0.851991 0.453413 -0.261778 0.788057 0.485871 -0.378016 0.851991 0.423961 -0.307193 0.87064 0.389383 -0.300612 0.928272 0.301156 -0.21821 0.934664 0.282135 -0.216341 0.977802 0.166605 -0.127063 0.333417 0.791012 -0.512965 0.851991 0.466339 -0.23799 0.751158 0.587981 -0.300068 0.928272 0.312033 -0.202351 0.977802 0.172888 -0.118373 0.628677 0.673479 -0.388833 0.48808 0.755866 -0.436399 0.333417 0.816471 -0.47139 0.977802 0.178718 -0.109373 0.48808 0.777414 -0.396743 0.48808 0.796884 -0.356026 0.628677 0.692678 -0.353499 0.628677 0.710026 -0.31722 0.751158 0.602706 -0.269272 0.851991 0.478017 -0.213565 0.851552 0.485134 -0.198754 0.496796 0.807355 -0.318388 0.634097 0.718093 -0.286816 0.752885 0.610095 -0.246877 0.927483 0.345417 -0.143047 0.707107 0.65061 -0.276959 0.707107 0.65965 -0.254679 0.707107 0.662672 -0.246711 0.707107 0.666183 -0.237067 0.707107 0.612372 -0.353553 0.707107 0.593277 -0.384736 0.707107 0.612372 -0.353553 0.707107 0.632652 -0.315835 0.707107 0.62983 -0.321425 0.707107 0.645603 -0.288438 0.707107 0.565159 -0.424965 0.707107 0.544994 -0.450535 0.707107 0.550383 -0.443935 0.707107 0.572596 -0.41489 0.707107 0.589847 -0.389975 0.707107 0.538397 -0.458397 0 0.890714 -0.454564 0 0.890714 -0.454564 0 0.913021 -0.407912 0 0.932887 -0.36017 0 0.932887 -0.36017 0 0.913021 -0.407912 0 0.839021 -0.544099 0 0.809773 -0.586743 0 0.809773 -0.586743 0 0.839021 -0.544099 0 0.866025 -0.5 0 0.866025 -0.5 0 0.77836 -0.627818 0 0.77836 -0.627818 0.48808 0.871632 -0.0451178 0.48808 0.868134 -0.0901147 0.628677 0.776626 -0.0402 0.343121 0.928507 0.141927 0.169146 0.980324 0.10176 0.333417 0.937741 0.09734 0.175485 0.972798 0.151226 0.169146 0.980324 -0.10176 -8.74228e-08 0.994656 -0.103248 -8.74228e-08 0.987989 -0.154527 -8.74228e-08 0.998663 0.0516931 -8.74228e-08 1 8.74228e-08 0.169146 0.984273 0.0509483 0.169146 0.984273 -0.0509483 -8.74228e-08 0.998663 -0.0516932 0.156464 0.975935 -0.151891 0.169146 0.985591 8.61631e-08 -8.74228e-08 0.987989 0.154527 -8.74228e-08 0.994656 0.103248 0.333417 0.941519 0.0487352 0.30691 0.940717 -0.144426 0.447272 0.884452 -0.133014 0.333417 0.937741 -0.0973401 0.575013 0.80949 -0.118687 0.628677 0.77351 -0.0802925 0.689134 0.717383 -0.102257 0.751158 0.656595 -0.0681563 0.751158 0.65924 -0.0341238 0.851991 0.522856 -0.0270643 0.977802 0.20946 0.00536222 0.928272 0.371404 0.0192247 0.928272 0.371901 3.25126e-08 0.751158 0.660123 5.77098e-08 0.977802 0.207816 0.0267387 0.928272 0.369914 0.038398 0.977802 0.208912 0.0160715 0.851991 0.523556 4.57707e-08 0.788057 0.609785 -0.0844356 0.851991 0.520758 -0.0540561 0.87064 0.487521 -0.0656464 0.928272 0.369914 -0.038398 0.934664 0.352506 -0.0462891 0.977802 0.207816 -0.0267376 0.333417 0.941519 -0.0487353 0.851991 0.522856 0.0270642 0.751158 0.65924 0.0341238 0.928272 0.371404 -0.0192248 0.977802 0.208912 -0.0160704 0.628677 0.777666 6.79857e-08 0.48808 0.872799 7.63025e-08 0.333417 0.942779 8.24204e-08 0.977802 0.209461 -0.00536108 0.48808 0.871632 0.0451177 0.48808 0.868134 0.0901147 0.628677 0.776626 0.0402 0.628677 0.77351 0.0802924 0.751158 0.656595 0.0681563 0.851991 0.520758 0.0540561 0.851552 0.519516 0.070441 0.496796 0.858384 0.127946 0.634097 0.765295 0.110656 0.752885 0.651796 0.091246 0.927483 0.370664 0.0488267 0.707107 0.701925 0.0854513 0.707107 0.698613 0.109267 0.707107 0.697246 0.117678 0.707107 0.695465 0.127785 0.707107 0.707107 -6.18172e-08 0.707107 0.706161 -0.0365526 0.707107 0.707107 -6.18172e-08 0.707107 0.70581 0.0428042 0.707107 0.706161 0.0365526 0.707107 0.703328 0.0730074 0.707107 0.701925 -0.0854515 0.707107 0.697246 -0.117678 0.707107 0.698613 -0.109267 0.707107 0.703328 -0.0730073 0.707107 0.70581 -0.0428042 0.707107 0.695465 -0.127785 0 0.998663 0.0516931 0 0.998663 0.0516931 0 0.994656 0.103248 0 0.987989 0.154527 0 0.987989 0.154527 0 0.994656 0.103248 0 0.998663 -0.0516932 0 0.994656 -0.103248 0 0.994656 -0.103248 0 0.998663 -0.0516932 0 1 8.74228e-08 0 1 8.74228e-08 0 0.987989 -0.154527 0 0.987989 -0.154527 0.30691 0.886898 0.345281 0.169146 0.899865 0.402035 0.156464 0.92113 0.356425 0.928272 0.339554 0.151703 0.851991 0.478017 0.213565 0.87064 0.455029 0.186909 0.934664 0.328424 0.136166 0.751158 0.602706 0.269272 0.689134 0.6724 0.270135 0.788057 0.570307 0.231769 0.928272 0.312033 0.202351 0.928272 0.322076 0.185951 0.977802 0.178717 0.109374 0.851991 0.453413 0.261778 0.977802 0.193343 0.0807527 0.628677 0.692678 0.353499 0.751158 0.587981 0.300068 0.751158 0.571683 0.330061 0.977802 0.166605 0.127064 0.928272 0.301156 0.21821 0.977802 0.172887 0.118374 0.628677 0.710026 0.31722 0.575013 0.760382 0.301958 0.851991 0.466339 0.23799 0.447272 0.832465 0.327033 0.48808 0.796884 0.356026 0.333417 0.860777 0.384571 -8.74228e-08 0.913021 0.407912 0.169146 0.87788 0.448014 -8.74228e-08 0.890714 0.454564 -8.74228e-08 0.932887 0.36017 0.169146 0.853547 0.492796 0.333417 0.763437 0.553169 0.169146 0.798105 0.578289 0.169146 0.826932 0.536259 0.48808 0.777414 0.396743 0.343121 0.733147 0.587166 0.333417 0.791012 0.512965 -8.74228e-08 0.77836 0.627819 -8.74228e-08 0.809773 0.586743 0.175485 0.766855 0.617364 -8.74228e-08 0.866025 0.5 0.333417 0.839747 0.428553 0.851991 0.439274 0.284866 0.751158 0.553857 0.359172 0.928272 0.331258 0.169053 0.977802 0.188958 0.0905386 -8.74228e-08 0.839021 0.544099 0.628677 0.673479 0.388833 0.48808 0.755866 0.4364 0.333417 0.816471 0.47139 0.977802 0.184079 0.100087 0.48808 0.732297 0.474889 0.48808 0.706769 0.512109 0.628677 0.652478 0.423127 0.628677 0.629733 0.45629 0.751158 0.53455 0.387322 0.851991 0.423961 0.307193 0.851552 0.414693 0.320761 0.496796 0.67941 0.539997 0.634097 0.607437 0.478478 0.752885 0.518849 0.404919 0.927483 0.296591 0.227617 0.707107 0.645603 0.288438 0.707107 0.632652 0.315836 0.707107 0.65061 0.276959 0.707107 0.659651 0.254679 0.707107 0.62983 0.321425 0.707107 0.612372 0.353553 0.707107 0.550384 0.443935 0.707107 0.565159 0.424965 0.707107 0.572596 0.41489 0.707107 0.589847 0.389975 0.707107 0.593277 0.384736 0.707107 0.544994 0.450535 0.707107 0.538397 0.458398 0.707107 0.612372 0.353553 0.707107 0.662672 0.246711 0.707107 0.666183 0.237067 0 0.913021 0.407912 0 0.932887 0.36017 0 0.932887 0.36017 0 0.839021 0.544099 0 0.866025 0.5 0 0.866025 0.5 0 0.890714 0.454564 0 0.890714 0.454564 0 0.913021 0.407912 0 0.77836 0.627819 0 0.809773 0.586743 0 0.809773 0.586743 0 0.839021 0.544099 0 0.77836 0.627819 -0.707107 0.65513 -0.266091 -0.707107 0.647125 -0.285007 -0.707107 0.639477 -0.301776 -0.707107 0.693469 -0.138207 -0.707107 0.697463 -0.116386 -0.707107 0.699971 -0.100202 -0.707107 0.689992 -0.154631 -0.707107 0.684904 -0.175801 -0.707107 0.680426 -0.192406 -0.707107 0.704392 -0.0618992 -0.707107 0.702815 -0.0777876 -0.707107 0.706033 -0.0389529 -0.707107 0.674304 -0.212872 -0.707107 0.661698 -0.24931 -0.707107 0.668794 -0.229597 -0.707107 0.602398 -0.370293 -0.707107 0.592063 -0.386602 -0.707107 0.581085 -0.402915 -0.707107 0.612256 -0.353755 -0.707107 0.621882 -0.336546 -0.707107 0.630628 -0.319857 -0.707107 0.546462 -0.448753 -0.707107 0.533234 -0.464394 -0.707107 0.558007 -0.434314 -0.707107 0.57011 -0.418299 -0.707107 0.494367 -0.50557 -0.707107 0.466075 -0.531765 -0.707107 0.47891 -0.520235 -0.707107 0.521189 -0.477872 -0.707107 0.506842 -0.493063 -0.707107 0.37324 -0.600577 -0.707107 0.386751 -0.591966 -0.707107 0.405421 -0.579339 -0.707107 0.418774 -0.569762 -0.707107 0.449525 -0.545828 -0.707107 0.436396 -0.556379 -0.707107 0.284042 -0.64755 -0.707107 0.319282 -0.630919 -0.707107 0.305647 -0.637636 -0.707107 0.353553 -0.612372 -0.707107 0.339949 -0.620028 -0.707107 0.211082 -0.674866 -0.707107 0.197711 -0.678904 -0.707107 0.173584 -0.68547 -0.707107 0.270437 -0.653348 -0.707107 0.234422 -0.667118 -0.707107 0.247938 -0.662213 -0.707107 0.0844939 -0.70204 -0.707107 0.0583925 -0.704692 -0.707107 0.0971236 -0.700405 -0.707107 0.122635 -0.696391 -0.707107 0.13556 -0.693991 -0.707107 0.160411 -0.688671 -0.707107 -0.0583924 -0.704692 -0.707107 -0.0194838 -0.706838 -0.707107 -0.0309794 -0.706428 -0.707107 0.0194839 -0.706838 -0.707107 0.0461017 -0.705602 -0.707107 0.00757241 -0.707066 -0.707107 -0.13556 -0.693991 -0.707107 -0.145625 -0.691949 -0.707107 -0.173584 -0.68547 -0.707107 -0.069439 -0.703689 -0.707107 -0.107692 -0.698858 -0.707107 -0.0971237 -0.700405 -0.707107 -0.256382 -0.65899 -0.707107 -0.284042 -0.64755 -0.707107 -0.247938 -0.662213 -0.707107 -0.220081 -0.671985 -0.707107 -0.211082 -0.674866 -0.707107 -0.183125 -0.682983 -0.707107 -0.386751 -0.591966 -0.707107 -0.353553 -0.612372 -0.707107 -0.360292 -0.608432 -0.707107 -0.319282 -0.630919 -0.707107 -0.291921 -0.644036 -0.707107 -0.326592 -0.627167 -0.707107 -0.449525 -0.545828 -0.707107 -0.454579 -0.541625 -0.707107 -0.47891 -0.520235 -0.707107 -0.39292 -0.587889 -0.707107 -0.42438 -0.565598 -0.707107 -0.418774 -0.569762 -0.707107 -0.506842 -0.493063 -0.707107 -0.510835 -0.488924 -0.707107 -0.533234 -0.464394 -0.707107 -0.483426 -0.516042 -0.707107 -0.558007 -0.434314 -0.707107 -0.536726 -0.460353 -0.707107 -0.561021 -0.430413 -0.707107 -0.581085 -0.402915 -0.707107 -0.583648 -0.399193 -0.707107 -0.602398 -0.370293 -0.707107 -0.621882 -0.336546 -0.707107 -0.604539 -0.366787 -0.707107 -0.623633 -0.333289 -0.707107 -0.639477 -0.301777 -0.707107 -0.640873 -0.298801 -0.707107 -0.65513 -0.266091 -0.707107 -0.668794 -0.229597 -0.707107 -0.656207 -0.263424 -0.707107 -0.66959 -0.227264 -0.707107 -0.680426 -0.192406 -0.707107 -0.680982 -0.190429 -0.707107 -0.689992 -0.154631 -0.707107 -0.697463 -0.116386 -0.707107 -0.69035 -0.153027 -0.707107 -0.697665 -0.11517 -0.707107 -0.702815 -0.0777876 -0.707107 -0.702905 -0.0769709 -0.707107 -0.706033 -0.0389529 -0.707107 -0.707107 -1.31876e-23 -0.707107 -0.706056 -0.0385427 -0.707107 -0.707107 2.27671e-11 -0.707107 0.707102 -0.00266564 -0.707107 0.706719 -0.0234124 -0.707107 0.707104 -0.00207221 -0.707107 0.707105 -0.00141809 -0.707107 0.707107 6.18172e-08 -0.707107 0.707106 -0.000721998 0.628678 -0.0340707 0.776919 0.628678 -0.0223711 0.777344 0.628678 0.00832812 0.777622 0.628678 -0.0763681 0.773907 0.628678 -0.0651256 0.774934 0.628678 -0.107683 0.770175 0.628678 -0.118438 0.768594 0.628678 -0.160157 0.760996 0.628678 -0.149913 0.76308 0.628678 -0.201399 0.751135 0.628678 -0.191689 0.753671 0.628678 -0.232884 0.741977 0.628678 -0.242042 0.73904 0.628678 -0.281965 0.724748 0.628678 -0.273373 0.728033 0.628678 -0.32105 0.708302 0.628678 -0.313033 0.711881 0.628678 -0.351743 0.693571 0.628678 -0.359181 0.689749 0.628678 -0.396244 0.669145 0.628678 -0.389387 0.673158 0.628678 -0.432128 0.646552 0.628678 -0.425851 0.650704 0.628678 -0.461023 0.626277 0.628678 -0.466728 0.622037 0.628678 -0.49994 0.595672 0.628678 -0.494797 0.599951 0.628678 -0.531665 0.567536 0.628678 -0.527071 0.571805 0.628678 -0.557746 0.541926 0.628678 -0.56181 0.537712 0.628678 -0.590284 0.50629 0.628678 -0.586731 0.510403 0.628678 -0.617003 0.473362 0.628678 -0.613936 0.477333 0.628678 -0.63928 0.442816 0.628678 -0.641888 0.439027 0.628678 -0.664864 0.403387 0.628678 -0.662685 0.406956 0.628678 -0.685863 0.366547 0.628678 -0.684081 0.369861 0.628678 -0.703403 0.331646 0.628678 -0.704823 0.328617 0.628678 -0.721687 0.28971 0.628678 -0.720592 0.292425 0.628678 -0.736406 0.249942 0.628678 -0.735596 0.252317 0.628678 -0.748369 0.211444 0.628678 -0.748935 0.209431 0.628678 -0.759237 0.168297 0.628678 -0.758873 0.169929 0.628678 -0.767282 0.126662 0.628678 -0.767076 0.1279 0.628678 -0.772954 0.0854827 0.628678 -0.773045 0.0846515 0.628678 -0.77651 0.0423888 0.628678 -0.776487 0.0428062 0.628678 -0.777666 -4.81653e-11 0.628678 -0.777666 -1.46001e-14 0.628678 0.050702 0.776012 0.628678 0.0204515 0.777397 0.628678 0.0632119 0.775093 0.628678 0.0929252 0.772094 0.628678 0.105781 0.770438 0.628678 0.134872 0.765881 0.628678 0.176418 0.757391 0.628678 0.148029 0.763448 0.628678 0.189828 0.754142 0.628678 0.217439 0.746649 0.628678 0.231051 0.74255 0.628678 0.257814 0.733687 0.628678 0.297422 0.718543 0.628678 0.271574 0.728706 0.628678 0.311274 0.712652 0.628678 0.336146 0.701263 0.628678 0.35003 0.694438 0.628678 0.373871 0.681898 0.628678 0.410484 0.660506 0.628678 0.387724 0.674118 0.628678 0.424242 0.651754 0.628678 0.445876 0.637149 0.628678 0.459475 0.627413 0.628678 0.479943 0.611898 0.628678 0.512582 0.584828 0.628678 0.493314 0.601171 0.628678 0.525657 0.573105 0.628678 0.543698 0.556019 0.628678 0.556406 0.543302 0.628678 0.573197 0.525557 0.628678 0.600992 0.493532 0.628678 0.585468 0.511851 0.628678 0.612755 0.478848 0.628678 0.626999 0.460039 0.628678 0.638184 0.444393 0.628678 0.651143 0.425179 0.628678 0.67335 0.389055 0.628678 0.661678 0.408591 0.628678 0.683166 0.37155 0.628678 0.693556 0.351774 0.628678 0.702582 0.333382 0.628678 0.711699 0.313447 0.628678 0.727726 0.274188 0.628678 0.719867 0.294203 0.628678 0.73497 0.254132 0.628678 0.74159 0.234113 0.628678 0.747845 0.213291 0.628678 0.753248 0.193343 0.628678 0.762667 0.151998 0.628678 0.758451 0.171803 0.628678 0.766758 0.129794 0.628678 0.769818 0.110201 0.628678 0.77274 0.0873912 0.628678 0.774681 0.0680759 0.628678 0.77724 0.0257487 0.628678 0.776379 0.0447236 0.628678 0.777661 0.00293163 0.628678 0.777664 0.00192041 0.977802 0.202048 0.0554906 0.977802 0.201494 0.0574676 0.977802 0.200977 0.05925 0.977802 0.20946 -0.00536112 0.977802 0.208912 -0.0160703 0.977802 0.209182 -0.01205 0.977802 0.0261571 0.20789 0.977802 0.0160705 0.208912 0.977802 0.0267376 0.207816 0.977802 0.160569 0.13461 0.977802 0.162501 0.132271 0.977802 0.165097 0.129018 0.977802 0.207538 0.0288183 0.977802 0.208202 0.0235461 0.977802 0.20659 0.0349707 0.977802 0.206809 0.0336499 0.977802 0.207227 0.030973 0.977802 0.114305 0.175604 0.977802 0.118373 0.172888 0.977802 0.123798 0.169046 0.977802 -0.0060275 0.209442 0.977802 -0.017547 0.208793 0.977802 -0.00536182 0.20946 0.977802 0.00536136 0.20946 0.977802 -0.016071 0.208912 0.977802 -0.0261456 0.207891 0.977802 -0.0290133 0.207511 0.977802 -0.0266659 0.207825 0.977802 -0.0263522 0.207865 0.977802 -0.0320078 0.20707 0.977802 -0.0296665 0.207418 0.977802 -0.0278603 0.207669 0.977802 -0.0516475 0.203064 0.977802 -0.0452984 0.204574 0.977802 -0.0403916 0.205599 0.977802 -0.0348237 0.206615 0.977802 -0.0627468 0.199913 0.977802 -0.0648742 0.199233 0.977802 -0.0611083 0.20042 0.977802 -0.0572028 0.20157 0.977802 -0.0532044 0.202662 0.977802 -0.0769584 0.194884 0.977802 -0.0736557 0.196156 0.977802 -0.0843414 0.191804 0.977802 -0.0947713 0.186871 0.977802 -0.0905386 0.188958 0.977802 -0.08114 0.193181 0.977802 -0.0812946 0.193116 0.977802 -0.114738 0.175321 0.977802 -0.109374 0.178717 0.977802 -0.104914 0.181371 0.977802 -0.100087 0.184079 0.977802 -0.124215 0.16874 0.977802 -0.118374 0.172887 0.977802 -0.126597 0.16696 0.977802 -0.12672 0.166867 0.977802 -0.133315 0.161647 0.977802 -0.128566 0.165448 0.977802 -0.12739 0.166355 0.977802 -0.137049 0.158493 0.977802 -0.14201 0.154063 0.977802 -0.139792 0.156079 0.977802 -0.132178 0.162578 0.977802 -0.13018 0.164182 0.977802 -0.151331 0.144918 0.977802 -0.148481 0.147837 0.977802 -0.150275 0.146013 0.977802 -0.142654 0.153468 0.977802 -0.145571 0.150704 0.977802 -0.154063 0.14201 0.977802 -0.158085 0.13752 0.977802 -0.156637 0.139166 0.977802 -0.166956 0.126603 0.977802 -0.172888 0.118373 0.977802 -0.166605 0.127063 0.977802 -0.178717 0.109373 0.977802 -0.178549 0.109647 0.977802 -0.172243 0.119309 0.977802 -0.18952 0.0893564 0.977802 -0.184079 0.100087 0.977802 -0.184314 0.099653 0.977802 -0.193343 0.0807522 0.977802 -0.188958 0.0905381 0.977802 -0.193117 0.0812912 0.977802 -0.194151 0.0787889 0.977802 -0.193173 0.0811591 0.977802 -0.19479 0.0771955 0.977802 -0.195703 0.0748513 0.977802 -0.194041 0.0790592 0.977802 -0.193489 0.0804019 0.977802 -0.199003 0.0655763 0.977802 -0.197849 0.0689809 0.977802 -0.198194 0.0679825 0.977802 -0.196734 0.0720988 0.977802 -0.201635 0.0569699 0.977802 -0.202386 0.0542416 0.977802 -0.201305 0.0581272 0.977802 -0.200171 0.0619193 0.977802 -0.204314 0.0464572 0.977802 -0.203393 0.0503355 0.977802 -0.204466 0.0457846 0.977802 -0.20789 0.0261593 0.977802 -0.207872 0.0262983 0.977802 -0.208259 0.0230319 0.977802 -0.209211 0.0115334 0.977802 -0.208767 0.0178521 0.977802 -0.20729 0.0305468 0.977802 -0.207574 0.028554 0.977802 -0.209339 0.00893418 0.977802 -0.209529 -3.01823e-11 0.977802 0.00551028 0.209457 0.977802 -0.209529 -8.4734e-15 0.977802 0.0170314 0.208836 0.977802 0.0546586 0.202274 0.977802 0.0511459 0.203191 0.977802 0.050701 0.203302 0.977802 0.0430148 0.205066 0.977802 0.0398838 0.205698 0.977802 0.0394408 0.205784 0.977802 -0.207816 0.0267376 0.977802 -0.207767 0.0271166 0.977802 -0.206424 0.0359364 0.977802 -0.206676 0.0344605 0.977802 -0.206909 0.0330323 0.977802 -0.205127 0.042724 0.977802 -0.205831 0.0391919 0.977802 -0.134487 0.160672 0.977802 0.0622529 0.200068 0.977802 0.0585759 0.201175 0.977802 0.0731711 0.196338 0.977802 0.0694467 0.197686 0.977802 0.0725363 0.196573 0.977802 0.0660417 0.198849 0.977802 0.0793383 0.193927 0.977802 0.0838675 0.192012 0.977802 0.0775432 0.194652 0.977802 0.0752573 0.195547 0.977802 0.0905381 0.188958 0.977802 0.0811973 0.193156 0.977802 0.0812822 0.193121 0.977802 -0.166412 0.127317 0.977802 -0.165415 0.128609 0.977802 -0.166884 0.126697 0.977802 -0.162866 0.131823 0.977802 -0.164378 0.129931 0.977802 -0.165566 0.128414 0.977802 -0.159 0.13646 0.977802 -0.161068 0.134013 0.977802 -0.127064 0.166605 0.977802 -0.0789148 0.1941 0.977802 -0.0803282 0.19352 0.977802 -0.038023 0.20605 0.977802 -0.0415482 0.205368 0.977802 0.0943096 0.187105 0.977802 0.104466 0.18163 0.977802 0.100087 0.184079 0.977802 0.109373 0.178717 0.977802 0.128477 0.165518 0.977802 0.130037 0.164295 0.977802 -0.0807526 0.193343 0.977802 -0.0716411 0.196901 0.977802 -0.0745085 0.195834 0.977802 -0.0683994 0.19805 0.977802 -0.0492192 0.203666 0.977802 -0.026738 0.207816 0.977802 0.0805379 0.193432 0.977802 0.178717 0.109374 0.977802 0.171948 0.119734 0.977802 0.172887 0.118374 0.977802 0.142191 0.153896 0.977802 0.145068 0.151188 0.977802 0.141629 0.154414 0.977802 0.149914 0.146384 0.977802 0.153455 0.142667 0.977802 0.157745 0.13791 0.977802 0.150743 0.14553 0.977802 0.147928 0.14839 0.977802 0.165417 0.128607 0.977802 0.16634 0.12741 0.977802 0.158414 0.13714 0.977802 0.166961 0.126596 0.977802 0.166863 0.126725 0.977802 0.0271491 0.207763 0.977802 0.0285008 0.207582 0.977802 0.0263081 0.207871 0.977802 0.0331821 0.206885 0.977802 0.0306489 0.207275 0.977802 0.0286188 0.207565 0.977802 0.0361296 0.206391 0.977802 0.0468028 0.204235 0.977802 0.0624006 0.200022 0.977802 0.0807522 0.193343 0.977802 0.126601 0.166957 0.977802 0.126705 0.166878 0.977802 0.16413 0.130245 0.977802 0.166605 0.127064 0.977802 0.198025 0.0684717 0.977802 0.198725 0.0664153 0.977802 0.199856 0.0629274 0.977802 0.184068 0.100108 0.977802 0.178278 0.110088 0.977802 0.184079 0.100087 0.977802 0.188958 0.0905386 0.977802 0.189299 0.0898241 0.977802 0.19312 0.0812844 0.977802 0.127063 0.166605 0.977802 0.127348 0.166388 0.977802 0.134217 0.160898 0.977802 0.132915 0.161975 0.977802 0.131972 0.162745 0.977802 0.139391 0.156437 0.977802 0.136711 0.158785 0.977802 0.156035 0.139841 0.977802 0.193343 0.0807526 0.977802 0.209529 0.000313553 0.977802 0.209528 0.000517422 0.977802 0.203056 0.0516775 0.977802 0.203982 0.0478956 0.977802 0.204352 0.0462894 0.977802 0.205632 0.0402244 0.977802 0.20628 0.0367542 0.977802 0.204866 0.0439589 0.977802 0.20775 0.0272454 0.977802 0.207867 0.0263381 0.977802 0.207891 0.0261505 0.977802 0.207816 0.0267387 0.977802 0.208912 0.0160715 0.977802 0.193454 0.0804851 0.977802 0.193956 0.0792681 0.977802 0.193162 0.0811852 0.977802 0.195547 0.075259 0.977802 0.19468 0.0774734 0.977802 0.193971 0.0792313 0.977802 0.197605 0.0696768 0.977802 0.196534 0.0726414 0.977802 0.20946 0.00536223 0.977802 0.209182 0.01205 0.977802 0.193163 -0.0811821 0.977802 0.193119 -0.0812854 0.977802 0.188959 -0.0905375 0.977802 0.209529 0.000105138 0.977802 0.209529 -0.000104975 0.977802 0.209529 -0.00031349 0.977802 0.207816 -0.0267376 0.977802 0.207891 -0.0261516 0.977802 0.209528 -0.000517358 0.977802 0.208202 -0.0235461 0.977802 0.207867 -0.0263376 0.977802 0.20775 -0.0272501 0.977802 0.207226 -0.0309777 0.977802 0.20659 -0.0349707 0.977802 0.207537 -0.0288206 0.977802 0.205631 -0.0402272 0.977802 0.20628 -0.0367573 0.977802 0.206809 -0.0336534 0.977802 0.203982 -0.0478954 0.977802 0.204352 -0.0462894 0.977802 0.204866 -0.0439591 0.977802 0.203056 -0.0516784 0.977802 0.201494 -0.0574677 0.977802 0.199861 -0.0629119 0.977802 0.198025 -0.0684717 0.977802 0.202047 -0.0554942 0.977802 0.156033 -0.139843 0.977802 0.157745 -0.13791 0.977802 0.158409 -0.137146 0.977802 0.193973 -0.0792276 0.977802 0.193455 -0.0804842 0.977802 0.193956 -0.079268 0.977802 0.165097 -0.129018 0.977802 0.165415 -0.128609 0.977802 0.164128 -0.130248 0.977802 0.160569 -0.134611 0.977802 0.171948 -0.119734 0.977802 0.166337 -0.127414 0.977802 0.178278 -0.110088 0.977802 0.184068 -0.100108 0.977802 0.178718 -0.109373 0.977802 0.16696 -0.126597 0.977802 0.172888 -0.118373 0.977802 0.184079 -0.100086 0.977802 0.189299 -0.0898241 0.977802 0.126708 -0.166876 0.977802 0.1266 -0.166958 0.977802 0.118374 -0.172887 0.977802 0.193343 -0.0807516 0.977802 0.166863 -0.126725 0.977802 0.166605 -0.127063 0.977802 0.162499 -0.132275 0.977802 0.15346 -0.142662 0.977802 0.149914 -0.146383 0.977802 0.150736 -0.145538 0.977802 0.147919 -0.1484 0.977802 0.1422 -0.153888 0.977802 0.141629 -0.154414 0.977802 0.145058 -0.151197 0.977802 0.051146 -0.203191 0.977802 0.0622529 -0.200068 0.977802 0.0546416 -0.202279 0.977802 0.131973 -0.162744 0.977802 0.132915 -0.161975 0.977802 0.134215 -0.1609 0.977802 0.0943096 -0.187105 0.977802 0.104466 -0.18163 0.977802 0.100087 -0.184079 0.977802 0.0585584 -0.20118 0.977802 0.0793389 -0.193927 0.977802 0.0838675 -0.192012 0.977802 0.0805372 -0.193433 0.977802 0.077546 -0.194651 0.977802 0.0752572 -0.195547 0.977802 0.0731711 -0.196338 0.977802 0.0905386 -0.188958 0.977802 0.0811983 -0.193156 0.977802 0.109374 -0.178717 0.977802 0.123798 -0.169046 0.977802 0.114305 -0.175604 0.977802 0.0261566 -0.20789 0.977802 0.0160715 -0.208912 0.977802 0.0263092 -0.207871 0.977802 0.127064 -0.166605 0.977802 0.0812808 -0.193121 0.977802 0.0807526 -0.193343 0.977802 0.0725403 -0.196571 0.977802 0.0694444 -0.197686 0.977802 0.0660427 -0.198849 0.977802 0.0623952 -0.200023 0.977802 0.0507005 -0.203302 0.977802 0.0398839 -0.205698 0.977802 0.0430347 -0.205062 0.977802 0.0394322 -0.205785 0.977802 0.0361237 -0.206392 0.977802 -0.0627467 -0.199913 0.977802 -0.0516475 -0.203064 0.977802 -0.0572212 -0.201564 0.977802 0.0170313 -0.208836 0.977802 0.0285009 -0.207582 0.977802 -0.0380395 -0.206047 0.977802 -0.0403917 -0.205599 0.977802 -0.03483 -0.206614 0.977802 0.00536225 -0.20946 0.977802 0.00551027 -0.209457 0.977802 -0.0290133 -0.207511 0.977802 -0.0266663 -0.207825 0.977802 -0.027866 -0.207668 0.977802 -0.00602752 -0.209442 0.977802 -0.0160703 -0.208912 0.977802 -0.017547 -0.208793 0.977802 -0.032019 -0.207068 0.977802 -0.0263535 -0.207865 0.977802 -0.0261458 -0.207891 0.977802 -0.00536115 -0.20946 0.977802 0.0267387 -0.207816 0.977802 -0.0812955 -0.193115 0.977802 -0.0905376 -0.188959 0.977802 -0.0811401 -0.193181 0.977802 -0.0296683 -0.207418 0.977802 -0.0267376 -0.207816 0.977802 -0.0415605 -0.205366 0.977802 -0.0453192 -0.204569 0.977802 -0.0492362 -0.203662 0.977802 -0.0736557 -0.196156 0.977802 -0.0684181 -0.198044 0.977802 -0.0532274 -0.202656 0.977802 -0.166413 -0.127315 0.977802 -0.165415 -0.128609 0.977802 -0.165567 -0.128413 0.977802 -0.0769682 -0.19488 0.977802 -0.0745215 -0.195829 0.977802 -0.15133 -0.144919 0.977802 -0.150275 -0.146013 0.977802 -0.148487 -0.147831 0.977802 -0.133315 -0.161647 0.977802 -0.139795 -0.156076 0.977802 -0.14201 -0.154063 0.977802 -0.154066 -0.142007 0.977802 -0.124215 -0.16874 0.977802 -0.12857 -0.165446 0.977802 -0.130184 -0.164178 0.977802 -0.134491 -0.160669 0.977802 -0.132184 -0.162572 0.977802 -0.126719 -0.166867 0.977802 -0.127394 -0.166352 0.977802 -0.100086 -0.184079 0.977802 -0.109373 -0.178718 0.977802 -0.104914 -0.181371 0.977802 -0.114738 -0.175321 0.977802 -0.118373 -0.172888 0.977802 -0.0843414 -0.191805 0.977802 -0.0947713 -0.186871 0.977802 -0.0807516 -0.193343 0.977802 -0.166883 -0.126698 0.977802 -0.166957 -0.126602 0.977802 -0.172888 -0.118374 0.977802 -0.126598 -0.16696 0.977802 -0.127063 -0.166605 0.977802 -0.137057 -0.158486 0.977802 -0.142662 -0.15346 0.977802 -0.145572 -0.150702 0.977802 -0.162867 -0.131821 0.977802 -0.164378 -0.129932 0.977802 -0.204466 -0.0457847 0.977802 -0.204313 -0.0464619 0.977802 -0.20513 -0.0427107 0.977802 -0.201311 -0.0581048 0.977802 -0.202393 -0.0542187 0.977802 -0.201635 -0.0569699 0.977802 -0.196737 -0.0720903 0.977802 -0.197851 -0.0689744 0.977802 -0.198194 -0.0679825 0.977802 -0.199007 -0.0655634 0.977802 -0.20017 -0.0619238 0.977802 -0.194042 -0.0790586 0.977802 -0.194792 -0.077191 0.977802 -0.194151 -0.0787889 0.977802 -0.18952 -0.0893564 0.977802 -0.19349 -0.0803999 0.977802 -0.184314 -0.099653 0.977802 -0.178549 -0.109647 0.977802 -0.184079 -0.100087 0.977802 -0.193117 -0.0812902 0.977802 -0.188958 -0.0905385 0.977802 -0.178717 -0.109374 0.977802 -0.172243 -0.119309 0.977802 -0.20789 -0.0261582 0.977802 -0.208767 -0.0178524 0.977802 -0.207872 -0.0263004 0.977802 -0.166605 -0.127064 0.977802 -0.193172 -0.0811611 0.977802 -0.193343 -0.0807527 0.977802 -0.195705 -0.0748477 0.977802 -0.203399 -0.0503128 0.977802 -0.205832 -0.0391851 0.977802 -0.206676 -0.0344605 0.977802 -0.206426 -0.0359275 0.977802 -0.20691 -0.0330284 0.977802 -0.207291 -0.030542 0.977802 -0.207767 -0.0271144 0.977802 -0.208259 -0.0230318 0.977802 -0.207574 -0.0285535 0.977802 -0.209339 -0.00893432 0.977802 -0.209211 -0.0115334 0.977802 -0.207816 -0.026738 0.977802 -0.158085 -0.13752 0.977802 -0.161064 -0.134018 0.977802 -0.159 -0.13646 0.977802 -0.156633 -0.139171 0.977802 -0.0789211 -0.194098 0.977802 -0.0803342 -0.193517 0.977802 -0.0716545 -0.196896 0.977802 -0.0611307 -0.200413 0.977802 -0.064891 -0.199228 0.977802 0.0271452 -0.207763 0.977802 0.028616 -0.207566 0.977802 0.0306438 -0.207276 0.977802 0.0331757 -0.206886 0.977802 0.046806 -0.204234 0.977802 0.128478 -0.165517 0.977802 0.127347 -0.166388 0.977802 0.130036 -0.164295 0.977802 0.136711 -0.158785 0.977802 0.139387 -0.156441 0.977802 0.194681 -0.0774718 0.977802 0.195548 -0.0752545 0.977802 0.196535 -0.0726402 0.977802 0.198725 -0.066415 0.977802 0.197606 -0.0696717 0.977802 0.200976 -0.0592546 0 -1 -8.74228e-08 0 -1 -8.74228e-08 0 -0.998513 -0.0545077 0 -0.994058 -0.108853 0 -0.998513 -0.0545077 0 -0.986647 -0.162875 0 -0.994058 -0.108853 0 -0.986647 -0.162875 0 -0.976302 -0.216413 0 -0.963054 -0.269307 0 -0.976302 -0.216413 0 -0.946943 -0.3214 0 -0.963054 -0.269307 0 -0.946943 -0.3214 0 -0.928017 -0.372538 0 -0.906331 -0.422568 0 -0.928017 -0.372538 0 -0.88195 -0.471342 0 -0.906331 -0.422569 0 -0.88195 -0.471342 0 -0.854947 -0.518715 0 -0.825403 -0.564544 0 -0.854947 -0.518715 0 -0.793403 -0.608696 0 -0.825403 -0.564544 0 -0.793403 -0.608696 0 -0.759045 -0.651038 0 -0.72243 -0.691444 0 -0.759045 -0.651038 0 -0.683668 -0.729794 0 -0.72243 -0.691444 0 -0.683668 -0.729794 0 -0.642872 -0.765974 0 -0.600165 -0.799877 0 -0.642872 -0.765974 0 -0.555673 -0.831401 0 -0.600165 -0.799877 0 -0.555673 -0.831401 0 -0.509529 -0.860453 0 -0.461871 -0.886947 0 -0.509529 -0.860453 0 -0.412838 -0.910804 0 -0.461871 -0.886947 0 -0.412838 -0.910804 0 -0.362579 -0.931953 0 -0.311241 -0.950331 0 -0.362579 -0.931953 0 -0.258978 -0.965883 0 -0.311241 -0.950331 0 -0.258978 -0.965883 0 -0.205945 -0.978564 0 -0.152299 -0.988334 0 -0.205945 -0.978564 0 -0.0982015 -0.995167 0 -0.152299 -0.988334 0 -0.0982015 -0.995167 0 -0.0438111 -0.99904 0 -0.0438111 -0.99904 0 0.0107091 -0.999943 0 0.0107091 -0.999943 0 0.0651975 -0.997872 0 0.0651975 -0.997872 0 0.119492 -0.992835 0 0.119492 -0.992835 0 0.173432 -0.984846 0 0.173432 -0.984846 0 0.226856 -0.973928 0 0.226856 -0.973928 0 0.279605 -0.960115 0 0.279605 -0.960115 0 0.331523 -0.943447 0 0.331523 -0.943447 0 0.382455 -0.923974 0 0.382455 -0.923974 0 0.43225 -0.901754 0 0.43225 -0.901754 0 0.48076 -0.876852 0 0.48076 -0.876852 0 0.527841 -0.849343 0 0.527841 -0.849343 0 0.573351 -0.81931 0 0.573351 -0.81931 0 0.617158 -0.786839 0 0.617158 -0.786839 0 0.659129 -0.75203 0 0.659129 -0.75203 0 0.699141 -0.714984 0 0.699141 -0.714984 0 0.737073 -0.675813 0 0.737073 -0.675813 0 0.772814 -0.634632 0 0.772814 -0.634632 0 0.806258 -0.591564 0 0.806258 -0.591564 0 0.837304 -0.546738 0 0.837304 -0.546738 0 0.865861 -0.500286 0 0.865861 -0.500286 0 0.891843 -0.452346 0 0.891843 -0.452346 0 0.915173 -0.403061 0 0.915173 -0.403061 0 0.935783 -0.352578 0 0.935783 -0.352578 0 0.953609 -0.301046 0 0.953609 -0.301046 0 0.968601 -0.24862 0 0.968601 -0.24862 0 0.980713 -0.195454 0 0.980713 -0.195454 0 0.989909 -0.141707 0 0.989909 -0.141707 0 0.996161 -0.0875389 0 0.996161 -0.0875389 0 0.999452 -0.0331101 0 0.999452 -0.0331101 0 -0.998513 0.0545076 0 -0.994058 0.108853 0 -0.998513 0.0545076 0 -0.994058 0.108853 0 -0.986647 0.162875 0 -0.976302 0.216413 0 -0.986647 0.162875 0 -0.963054 0.269307 0 -0.976302 0.216413 0 -0.963054 0.269307 0 -0.946943 0.321401 0 -0.928017 0.372538 0 -0.946943 0.321401 0 -0.906331 0.422569 0 -0.928017 0.372538 0 -0.906331 0.422568 0 -0.88195 0.471342 0 -0.854948 0.518714 0 -0.88195 0.471342 0 -0.825403 0.564544 0 -0.854948 0.518714 0 -0.825403 0.564544 0 -0.793404 0.608696 0 -0.759045 0.651038 0 -0.793404 0.608696 0 -0.72243 0.691444 0 -0.759045 0.651038 0 -0.72243 0.691444 0 -0.683667 0.729794 0 -0.642872 0.765974 0 -0.683667 0.729794 0 -0.600165 0.799876 0 -0.642872 0.765974 0 -0.600165 0.799876 0 -0.555673 0.831401 0 -0.509529 0.860453 0 -0.555673 0.831401 0 -0.46187 0.886947 0 -0.509529 0.860453 0 -0.46187 0.886947 0 -0.412838 0.910804 0 -0.362579 0.931953 0 -0.412838 0.910804 0 -0.311241 0.950331 0 -0.362579 0.931953 0 -0.311241 0.950331 0 -0.258978 0.965883 0 -0.205945 0.978564 0 -0.258978 0.965883 0 -0.1523 0.988334 0 -0.205945 0.978564 0 -0.1523 0.988334 0 -0.0982016 0.995167 0 -0.0438115 0.99904 0 -0.0982017 0.995167 0 -0.0438115 0.99904 0 0.010709 0.999943 0 0.010709 0.999943 0 0.0651976 0.997872 0 0.0651976 0.997872 0 0.119492 0.992835 0 0.119492 0.992835 0 0.173432 0.984846 0 0.173432 0.984846 0 0.226856 0.973928 0 0.226856 0.973928 0 0.279605 0.960115 0 0.279605 0.960115 0 0.331523 0.943447 0 0.331523 0.943447 0 0.382455 0.923974 0 0.382455 0.923974 0 0.43225 0.901754 0 0.43225 0.901754 0 0.48076 0.876852 0 0.48076 0.876852 0 0.52784 0.849344 0 0.52784 0.849344 0 0.573351 0.81931 0 0.573352 0.81931 0 0.617158 0.786839 0 0.617158 0.786839 0 0.659129 0.75203 0 0.659129 0.75203 0 0.69914 0.714984 0 0.69914 0.714984 0 0.737073 0.675813 0 0.737073 0.675813 0 0.772814 0.634632 0 0.772814 0.634632 0 0.806258 0.591564 0 0.806258 0.591564 0 0.837304 0.546738 0 0.837304 0.546738 0 0.865861 0.500285 0 0.865861 0.500285 0 0.891843 0.452346 0 0.891843 0.452346 0 0.915173 0.403061 0 0.915173 0.403061 0 0.935783 0.352578 0 0.935783 0.352578 0 0.95361 0.301046 0 0.95361 0.301046 0 0.968601 0.24862 0 0.968601 0.24862 0 0.980713 0.195454 0 0.980713 0.195454 0 0.989909 0.141707 0 0.989909 0.141707 0 0.996161 0.0875387 0 0.996161 0.0875387 0 0.999452 0.0331102 0 0.999452 0.0331102 -1 0 0 -1 0 0 -1 0 0 -1 0 0 -1 0 0 -1 0 0 -1 0 0 -1 0 0 -1 0 0 -1 0 0 -1 0 0 -1 0 0 -1 0 0 -1 0 0 -1 0 0 -1 0 0 -1 0 0 -1 0 0 -1 0 0 -1 0 0 -1 0 0 -1 0 0 -1 0 0 -1 0 0 -1 0 0 -1 0 0 -1 0 0 -1 0 0 -1 0 0 -1 0 0 -1 0 0 -1 0 0 -1 0 0 -1 0 0 -1 0 0 -1 0 0 -1 0 0 -1 0 0 -1 0 0 -1 0 0 -1 0 0 -1 0 0 -1 0 0 -1 0 0 -1 0 0 -1 0 0 -1 0 0 -1 0 0 -1 0 0 -1 0 0 -1 0 0 -1 0 0 -1 0 0 -1 0 0 -1 0 0 -1 0 0 -1 0 0 -1 0 0 -1 0 0 -1 0 0 -1 0 0 -1 0 0 -1 0 0 -1 0 0 -1 0 0 -1 0 0 -1 0 0 -1 0 0 -1 0 0 -1 0 0 -1 0 0 -1 0 0 -1 0 0 -1 0 0 -1 0 0 -1 0 0 -1 0 0 -1 0 0 -1 0 0 -1 0 0 -1 0 0 -1 0 0 -1 0 0 -1 0 0 -1 0 0 -1 0 0 -1 0 0 -1 0 0 -1 0 0 -1 0 0 -1 0 0 -1 0 0 -1 0 0 -1 0 0 -1 0 0 -1 0 0 -1 0 0 -1 0 0 -1 0 0 -1 0 0 -1 0 0 -1 0 0 -1 0 0 -1 0 0 -1 0 0 -1 0 0 -1 0 0 -1 0 0 -1 0 0 -1 0 0 -1 0 0 -1 0 0 -1 0 0 -1 0 0 -1 0 0 -1 0 0 -1 0 0 -1 0 0 -1 0 0 -1 0 0 -1 0 0 -1 0 0 -1 0 0 -1 0 0 -1 0 0 -1 0 0 -1 0 0 -1 0 0 -1 0 0 -1 0 0 -1 0 0 -1 0 0 -1 0 0 -1 0 0 -1 0 0 -1 0 0 -1 0 0 -1 0 0 -1 0 0 -1 0 0 -1 0 0 -1 0 0 -1 0 0 -1 0 0 -1 0 0 -1 0 0 -1 0 0 -1 0 0 -1 0 0 -1 0 0 -1 0 0 -1 0 0 -1 0 0 -1 0 0 -1 0 0 -1 0 0 -1 0 0 -1 0 0 -1 0 0 -1 0 0 -1 0 0 -1 0 0 -1 0 0 -1 0 0 -1 0 0 -1 0 0 -1 0 0 -1 0 0 -1 0 0 -1 0 0 -1 0 0 -1 0 0 -1 0 0 -1 0 0 -1 0 0 -1 0 0 -1 0 0 -1 0 0 -1 0 0 -1 0 0 -1 0 0 -1 0 0 -1 0 0 -1 0 0 -1 0 0 -1 0 0 -1 0 0 -1 0 0 -1 0 0 -1 0 0 -1 0 0 -1 0 0 -1 0 0 -1 0 0 -1 0 0 -1 0 0 -1 0 0 -1 0 0 -1 0 0 -1 0 0 -1 0 0 -1 0 0 -1 0 0 -1 0 0 -1 0 0 -1 0 0 -1 0 0 -1 0 0 -1 0 0 -1 0 0 -1 0 0 -1 0 0 -1 0 0 -1 0 0 -1 0 0 -1 0 0 -1 0 0 -1 0 0 -1 0 0 -1 0 0 -1 0 0 -1 0 0 -1 0 0 -1 0 0 -1 0 0 -0.707107 0.0844939 0.70204 -0.707107 0.0971237 0.700405 -0.707107 0.0583924 0.704692 -0.707107 0.122635 0.696391 -0.707107 0.13556 0.693991 -0.707107 0.173585 0.685469 -0.707107 0.160411 0.688671 -0.707107 0.19771 0.678904 -0.707107 0.211082 0.674866 -0.707107 0.234422 0.667118 -0.707107 0.247938 0.662213 -0.707107 0.284041 0.64755 -0.707107 0.270436 0.653348 -0.707107 0.305647 0.637636 -0.707107 0.319282 0.630919 -0.707107 0.339949 0.620028 -0.707107 0.353553 0.612372 -0.707107 0.386751 0.591966 -0.707107 0.37324 0.600577 -0.707107 0.405421 0.579339 -0.707107 0.418774 0.569762 -0.707107 0.436396 0.556379 -0.707107 0.449525 0.545828 -0.707107 0.47891 0.520235 -0.707107 0.466075 0.531765 -0.707107 0.494367 0.50557 -0.707107 0.506842 0.493063 -0.707107 0.52119 0.477872 -0.707107 0.533234 0.464394 -0.707107 0.558007 0.434314 -0.707107 0.546462 0.448753 -0.707107 0.57011 0.418299 -0.707107 0.581085 0.402915 -0.707107 0.592063 0.386602 -0.707107 0.602398 0.370293 -0.707107 0.621882 0.336546 -0.707107 0.612256 0.353755 -0.707107 0.630628 0.319857 -0.707107 0.639477 0.301776 -0.707107 0.647125 0.285007 -0.707107 0.65513 0.266091 -0.707107 0.668794 0.229597 -0.707107 0.661698 0.24931 -0.707107 0.674304 0.212872 -0.707107 0.680426 0.192406 -0.707107 0.684904 0.175801 -0.707107 0.689992 0.154631 -0.707107 0.693469 0.138207 -0.707107 0.707107 6.18172e-08 -0.707107 0.706033 0.0389528 -0.707107 0.707106 0.000722122 -0.707107 0.699971 0.100202 -0.707107 0.697463 0.116386 -0.707107 0.704392 0.0618992 -0.707107 0.702815 0.0777875 -0.707107 0.707105 0.0014226 -0.707107 0.706719 0.0234124 -0.707107 0.707104 0.00207318 -0.707107 0.707102 0.00266559 -0.707107 -0.0194839 0.706838 -0.707107 0.00757246 0.707066 -0.707107 0.0194839 0.706838 -0.707107 0.0461015 0.705602 -0.707107 -0.0309795 0.706428 -0.707107 -0.069439 0.703689 -0.707107 -0.0583925 0.704692 -0.707107 -0.0971237 0.700405 -0.707107 -0.107692 0.698858 -0.707107 -0.13556 0.693991 -0.707107 -0.145625 0.691949 -0.707107 -0.183125 0.682983 -0.707107 -0.173585 0.685469 -0.707107 -0.211082 0.674866 -0.707107 -0.220081 0.671985 -0.707107 -0.247938 0.662214 -0.707107 -0.256382 0.65899 -0.707107 -0.291921 0.644036 -0.707107 -0.284041 0.64755 -0.707107 -0.319282 0.630919 -0.707107 -0.326592 0.627167 -0.707107 -0.353553 0.612372 -0.707107 -0.360292 0.608432 -0.707107 -0.39292 0.587889 -0.707107 -0.386751 0.591966 -0.707107 -0.418774 0.569762 -0.707107 -0.42438 0.565598 -0.707107 -0.449525 0.545828 -0.707107 -0.454579 0.541625 -0.707107 -0.483426 0.516042 -0.707107 -0.47891 0.520235 -0.707107 -0.506842 0.493063 -0.707107 -0.510835 0.488925 -0.707107 -0.533234 0.464394 -0.707107 -0.536726 0.460353 -0.707107 -0.561021 0.430413 -0.707107 -0.558007 0.434314 -0.707107 -0.581085 0.402915 -0.707107 -0.583648 0.399193 -0.707107 -0.602398 0.370293 -0.707107 -0.604539 0.366786 -0.707107 -0.623633 0.333289 -0.707107 -0.621882 0.336546 -0.707107 -0.639477 0.301777 -0.707107 -0.640873 0.298801 -0.707107 -0.65513 0.266091 -0.707107 -0.656207 0.263424 -0.707107 -0.66959 0.227264 -0.707107 -0.668794 0.229597 -0.707107 -0.680426 0.192406 -0.707107 -0.680982 0.190429 -0.707107 -0.689992 0.154631 -0.707107 -0.69035 0.153027 -0.707107 -0.697665 0.11517 -0.707107 -0.697463 0.116386 -0.707107 -0.702815 0.0777875 -0.707107 -0.702905 0.0769707 -0.707107 -0.706056 0.0385428 -0.707107 -0.706033 0.0389528 -0.707107 -0.707107 -1.23634e-07 -0.707107 -0.707107 -1.23634e-07 0.628678 0.0204513 -0.777397 0.628678 0.00832808 -0.777622 0.628678 0.0507018 -0.776012 0.628678 0.0929252 -0.772094 0.628678 0.0632117 -0.775093 0.628678 0.134872 -0.765881 0.628678 0.10578 -0.770438 0.628678 0.148028 -0.763448 0.628678 0.176418 -0.757391 0.628678 0.217439 -0.746649 0.628678 0.189828 -0.754142 0.628678 0.257814 -0.733687 0.628678 0.231051 -0.74255 0.628678 0.271574 -0.728706 0.628678 0.297422 -0.718543 0.628678 0.336146 -0.701263 0.628678 0.311274 -0.712652 0.628678 0.373871 -0.681898 0.628678 0.35003 -0.694438 0.628678 0.387724 -0.674118 0.628678 0.410484 -0.660506 0.628678 0.445876 -0.637149 0.628678 0.424242 -0.651754 0.628678 0.479943 -0.611898 0.628678 0.459475 -0.627413 0.628678 0.493314 -0.601171 0.628678 0.512582 -0.584828 0.628678 0.543698 -0.556019 0.628678 0.525657 -0.573105 0.628678 0.573197 -0.525557 0.628678 0.556406 -0.543302 0.628678 0.585468 -0.511851 0.628678 0.600992 -0.493532 0.628678 0.626999 -0.460039 0.628678 0.612756 -0.478848 0.628678 0.651143 -0.425179 0.628678 0.638184 -0.444393 0.628678 0.661678 -0.408591 0.628678 0.67335 -0.389055 0.628678 0.693556 -0.351774 0.628678 0.683166 -0.37155 0.628678 0.711699 -0.313447 0.628678 0.702582 -0.333382 0.628678 0.719867 -0.294203 0.628678 0.727726 -0.274188 0.628678 0.74159 -0.234113 0.628678 0.73497 -0.254132 0.628678 0.753248 -0.193343 0.628678 0.747845 -0.213291 0.628678 0.758451 -0.171803 0.628678 0.762667 -0.151998 0.628678 0.769818 -0.110201 0.628678 0.766758 -0.129794 0.628678 0.774681 -0.0680759 0.628678 0.77274 -0.0873911 0.628678 0.77724 -0.0257486 0.628678 0.776379 -0.0447235 0.628678 0.777661 -0.00293158 0.628678 0.777664 -0.00192036 0.628678 -0.0223711 -0.777344 0.628678 -0.0340708 -0.776919 0.628678 -0.076368 -0.773907 0.628678 -0.0651257 -0.774934 0.628678 -0.107683 -0.770175 0.628678 -0.118439 -0.768594 0.628678 -0.149913 -0.76308 0.628678 -0.160157 -0.760996 0.628678 -0.201399 -0.751135 0.628678 -0.191689 -0.753671 0.628678 -0.232884 -0.741977 0.628678 -0.242042 -0.73904 0.628678 -0.273373 -0.728033 0.628678 -0.281965 -0.724748 0.628678 -0.32105 -0.708302 0.628678 -0.313033 -0.711881 0.628678 -0.351743 -0.693571 0.628678 -0.359181 -0.689749 0.628678 -0.389387 -0.673158 0.628678 -0.396244 -0.669145 0.628678 -0.432128 -0.646552 0.628678 -0.425851 -0.650704 0.628678 -0.461023 -0.626277 0.628678 -0.466728 -0.622037 0.628678 -0.494797 -0.59995 0.628678 -0.49994 -0.595672 0.628678 -0.531665 -0.567536 0.628678 -0.527071 -0.571805 0.628678 -0.557746 -0.541926 0.628678 -0.56181 -0.537712 0.628678 -0.586731 -0.510403 0.628678 -0.590284 -0.50629 0.628678 -0.617003 -0.473362 0.628678 -0.613936 -0.477333 0.628678 -0.63928 -0.442816 0.628678 -0.641888 -0.439027 0.628678 -0.662685 -0.406956 0.628678 -0.664864 -0.403387 0.628678 -0.685863 -0.366547 0.628678 -0.684081 -0.369861 0.628678 -0.703403 -0.331646 0.628678 -0.704823 -0.328617 0.628678 -0.720592 -0.292425 0.628678 -0.721687 -0.28971 0.628678 -0.736406 -0.249942 0.628678 -0.735596 -0.252317 0.628678 -0.748369 -0.211444 0.628678 -0.748935 -0.209431 0.628678 -0.758873 -0.169929 0.628678 -0.759237 -0.168297 0.628678 -0.767076 -0.1279 0.628678 -0.767282 -0.126663 0.628678 -0.772954 -0.0854825 0.628678 -0.773045 -0.0846513 0.628678 -0.77651 -0.0423888 0.628678 -0.776487 -0.0428061 0.628678 -0.777666 1.35971e-07 0.628678 -0.777666 1.35971e-07</float_array>
          <technique_common>
            <accessor count="8056" source="#ID8" stride="3">
              <param name="X" type="float"/>
              <param name="Y" type="float"/>
              <param name="Z" type="float"/>
            </accessor>
          </technique_common>
        </source>
        <vertices id="ID9">
          <input semantic="POSITION" source="#ID5"/>
          <input semantic="NORMAL" source="#ID7"/>
        </vertices>
        <triangles count="8360" material="ID10">
          <input offset="0" semantic="VERTEX" source="#ID9"/>
          <p>0 1 2 3 4 5 6 2 7 1 7 2 8 9 6 6 7 8 9 10 11 10 9 8 12 11 13 10 13 11 14 15 12 12 13 14 15 16 17 16 15 14 18 17 19 16 19 17 20 21 18 18 19 20 22 21 20 22 23 21 1 0 24 25 26 24 24 0 25 26 27 28 27 26 25 29 28 30 27 30 28 31 32 29 29 30 31 32 33 34 33 32 31 35 34 36 33 36 34 37 38 35 35 36 37 38 39 40 39 38 37 39 4 40 41 42 43 40 4 3 44 45 46 47 48 49 50 51 52 53 54 55 56 57 58 59 60 61 62 63 64 65 66 67 68 69 70 62 70 69 68 71 72 72 69 68 73 71 74 71 73 72 23 75 74 73 74 75 22 75 23 63 67 64 62 64 70 65 57 66 63 65 67 56 58 59 66 57 56 61 60 52 59 58 60 54 51 50 51 61 52 44 53 55 55 54 50 45 49 46 44 46 53 47 41 48 45 47 49 43 42 5 48 41 43 3 5 42 76 77 78 79 80 81 82 78 77 83 76 84 83 77 76 85 86 84 83 84 86 85 87 88 88 86 85 89 87 90 87 89 88 89 90 81 91 80 79 79 81 90 92 91 93 91 92 80 94 95 93 92 93 95 94 96 97 97 95 94 98 96 99 96 98 97 100 101 102 103 104 105 106 107 108 109 110 111 112 113 110 113 112 106 110 109 112 100 108 107 108 113 106 103 102 101 101 100 107 104 99 105 103 105 102 99 104 98 114 115 116 117 118 119 120 116 121 115 121 116 122 123 120 120 121 122 123 124 125 124 123 122 126 125 127 124 127 125 128 129 126 126 127 128 129 130 131 130 129 128 132 131 133 130 133 131 134 135 132 132 133 134 136 135 134 136 137 135 115 114 138 139 140 138 138 114 139 140 141 142 141 140 139 143 142 144 141 144 142 145 146 143 143 144 145 146 147 148 147 146 145 149 148 150 147 150 148 151 152 149 149 150 151 152 153 154 153 152 151 153 118 154 155 156 157 154 118 117 158 159 160 161 162 163 164 165 166 167 168 169 170 171 172 173 174 175 176 177 178 179 180 181 182 183 184 176 184 183 182 185 186 186 183 182 187 185 188 185 187 186 137 189 188 187 188 189 136 189 137 177 181 178 176 178 184 179 171 180 177 179 181 170 172 173 180 171 170 175 174 166 173 172 174 168 165 164 165 175 166 158 167 169 169 168 164 159 163 160 158 160 167 161 155 162 159 161 163 157 156 119 162 155 157 117 119 156 190 191 192 193 194 195 196 197 198 199 200 201 202 203 204 202 204 198 205 203 202 197 196 201 198 204 196 191 200 199 200 197 201 206 190 192 192 191 199 207 206 208 206 207 190 209 207 208 209 210 211 210 209 208 193 211 194 210 194 211 193 195 212 213 214 212 212 195 213 214 215 216 215 214 213 217 218 219 215 217 216 220 221 222 223 224 225 224 226 227 220 227 226 226 224 223 221 218 222 220 222 227 217 219 216 221 219 218 228 229 230 231 232 233 234 230 235 229 235 230 236 237 234 234 235 236 237 238 239 238 237 236 240 239 241 238 241 239 242 243 240 240 241 242 243 244 245 244 243 242 246 245 247 244 247 245 248 249 246 246 247 248 250 249 248 250 251 249 229 228 252 253 254 252 252 228 253 254 255 256 255 254 253 257 256 258 255 258 256 259 260 257 257 258 259 260 261 262 261 260 259 263 262 264 261 264 262 265 266 263 263 264 265 266 267 268 267 266 265 267 232 268 269 270 271 268 232 231 272 273 274 275 276 277 278 279 280 281 282 283 284 285 286 287 288 289 290 291 292 293 294 295 296 297 298 290 298 297 296 299 300 300 297 296 301 299 302 299 301 300 251 303 302 301 302 303 250 303 251 291 295 292 290 292 298 293 285 294 291 293 295 284 286 287 294 285 284 289 288 280 287 286 288 282 279 278 279 289 280 272 281 283 283 282 278 273 277 274 272 274 281 275 269 276 273 275 277 271 270 233 276 269 271 231 233 270 304 305 306 307 308 309 310 311 307 308 312 309 313 314 315 316 317 318 319 320 321 322 323 324 325 326 327 328 329 330 331 332 333 330 332 331 331 328 330 333 326 325 333 332 326 320 327 321 320 325 327 323 319 321 315 322 324 322 319 323 318 314 313 313 315 324 316 310 317 318 317 314 311 308 307 316 311 310 306 309 312 304 334 305 312 304 306 335 336 334 305 334 336 335 337 336 338 337 339 335 339 337 340 338 341 338 339 341 342 343 344 345 346 347 348 344 349 343 349 344 350 351 348 348 349 350 351 352 353 352 351 350 354 353 355 352 355 353 356 357 354 354 355 356 357 358 359 358 357 356 360 359 361 358 361 359 362 363 360 360 361 362 364 363 362 364 365 363 343 342 366 367 368 366 366 342 367 368 369 370 369 368 367 371 370 372 369 372 370 373 374 371 371 372 373 374 375 376 375 374 373 377 376 378 375 378 376 379 380 377 377 378 379 380 381 382 381 380 379 381 346 382 383 384 385 382 346 345 386 387 388 389 390 391 392 393 394 395 396 397 398 399 400 401 402 403 404 405 406 407 408 409 410 411 412 404 412 411 410 413 414 414 411 410 415 413 416 413 415 414 365 417 416 415 416 417 364 417 365 405 409 406 404 406 412 407 399 408 405 407 409 398 400 401 408 399 398 403 402 394 401 400 402 396 393 392 393 403 394 386 395 397 397 396 392 387 391 388 386 388 395 389 383 390 387 389 391 385 384 347 390 383 385 345 347 384 418 419 420 421 422 423 421 424 422 425 426 427 428 429 423 430 431 432 433 434 435 436 437 438 439 440 441 442 443 444 445 446 447 448 449 450 451 452 453 454 451 455 455 445 454 453 455 451 447 446 450 454 445 447 450 446 448 448 444 449 442 436 443 444 443 449 437 439 438 442 437 436 441 440 431 438 439 441 430 432 433 431 440 432 418 435 434 435 430 433 426 420 419 419 418 434 427 428 425 426 425 420 423 429 421 427 429 428 456 457 458 459 460 461 462 458 463 457 463 458 464 465 462 462 463 464 465 466 467 466 465 464 468 467 469 466 469 467 470 471 468 468 469 470 471 472 473 472 471 470 474 473 475 472 475 473 476 477 474 474 475 476 478 477 476 478 479 477 457 456 480 481 482 480 480 456 481 482 483 484 483 482 481 485 484 486 483 486 484 487 488 485 485 486 487 488 489 490 489 488 487 491 490 492 489 492 490 493 494 491 491 492 493 494 495 496 495 494 493 495 460 496 497 498 499 496 460 459 500 501 502 503 504 505 506 507 508 509 510 511 512 513 514 515 516 517 518 519 520 521 522 523 524 525 526 518 526 525 524 527 528 528 525 524 529 527 530 527 529 528 479 531 530 529 530 531 478 531 479 519 523 520 518 520 526 521 513 522 519 521 523 512 514 515 522 513 512 517 516 508 515 514 516 510 507 506 507 517 508 500 509 511 511 510 506 501 505 502 500 502 509 503 497 504 501 503 505 499 498 461 504 497 499 459 461 498 532 533 534 535 536 537 537 538 535 536 539 540 539 536 535 541 540 542 539 542 540 543 544 541 541 542 543 544 533 532 533 544 543 545 546 547 534 548 549 550 551 552 553 554 555 556 557 558 559 560 561 562 563 564 565 566 567 567 568 569 560 569 568 569 565 567 561 560 568 562 559 563 563 559 561 553 555 564 564 555 562 558 557 554 553 558 554 556 552 551 557 556 551 550 545 547 550 552 545 548 546 549 548 547 546 549 532 534 570 571 572 573 574 575 576 572 577 571 577 572 578 579 576 576 577 578 579 580 581 580 579 578 582 581 583 580 583 581 584 585 582 582 583 584 585 586 587 586 585 584 588 587 589 586 589 587 590 591 588 588 589 590 592 591 590 592 593 591 571 570 594 595 596 594 594 570 595 596 597 598 597 596 595 599 598 600 597 600 598 601 602 599 599 600 601 602 603 604 603 602 601 605 604 606 603 606 604 607 608 605 605 606 607 608 609 610 609 608 607 609 574 610 611 612 613 610 574 573 614 615 616 617 618 619 620 621 622 623 624 625 626 627 628 629 630 631 632 633 634 635 636 637 638 639 640 632 640 639 638 641 642 642 639 638 643 641 644 641 643 642 593 645 644 643 644 645 592 645 593 633 637 634 632 634 640 635 627 636 633 635 637 626 628 629 636 627 626 631 630 622 629 628 630 624 621 620 621 631 622 614 623 625 625 624 620 615 619 616 614 616 623 617 611 618 615 617 619 613 612 575 618 611 613 573 575 612 646 647 648 649 650 651 651 652 649 653 650 649 654 655 653 650 653 655 654 656 657 657 655 654 658 656 659 656 658 657 660 661 659 658 659 661 660 662 663 663 661 660 664 662 665 662 664 663 666 667 665 668 669 670 671 672 673 674 675 676 677 678 679 680 681 682 680 682 683 683 676 675 683 682 676 678 674 679 678 675 674 679 673 677 646 672 671 672 677 673 669 648 647 647 646 671 670 666 668 669 668 648 665 667 664 670 667 666 684 685 686 687 688 689 690 686 691 685 691 686 692 693 690 690 691 692 693 694 695 694 693 692 696 695 697 694 697 695 698 699 696 696 697 698 699 700 701 700 699 698 702 701 703 700 703 701 704 705 702 702 703 704 706 705 704 706 707 705 685 684 708 709 710 708 708 684 709 710 711 712 711 710 709 713 712 714 711 714 712 715 716 713 713 714 715 716 717 718 717 716 715 719 718 720 717 720 718 721 722 719 719 720 721 722 723 724 723 722 721 723 688 724 725 726 727 724 688 687 728 729 730 731 732 733 734 735 736 737 738 739 740 741 742 743 744 745 746 747 748 749 750 751 752 753 754 746 754 753 752 755 756 756 753 752 757 755 758 755 757 756 707 759 758 757 758 759 706 759 707 747 751 748 746 748 754 749 741 750 747 749 751 740 742 743 750 741 740 745 744 736 743 742 744 738 735 734 735 745 736 728 737 739 739 738 734 729 733 730 728 730 737 731 725 732 729 731 733 727 726 689 732 725 727 687 689 726 760 761 762 762 763 760 761 764 765 761 765 762 766 764 767 764 766 765 768 766 767 768 769 770 769 768 767 771 770 772 769 772 770 773 774 771 771 772 773 774 775 776 775 774 773 777 776 778 775 778 776 777 778 779 780 777 779 779 781 780 782 783 781 780 781 783 784 785 786 787 788 789 790 791 792 793 794 795 791 790 796 790 797 796 793 795 792 791 793 792 794 786 785 795 794 785 784 788 787 784 786 788 783 782 789 782 787 789 798 799 800 801 802 803 804 800 805 799 805 800 806 807 804 804 805 806 807 808 809 808 807 806 810 809 811 808 811 809 812 813 810 810 811 812 813 814 815 814 813 812 816 815 817 814 817 815 818 819 816 816 817 818 820 819 818 820 821 819 799 798 822 823 824 822 822 798 823 824 825 826 825 824 823 827 826 828 825 828 826 829 830 827 827 828 829 830 831 832 831 830 829 833 832 834 831 834 832 835 836 833 833 834 835 836 837 838 837 836 835 837 802 838 839 840 841 838 802 801 842 843 844 845 846 847 848 849 850 851 852 853 854 855 856 857 858 859 860 861 862 863 864 865 866 867 868 860 868 867 866 869 870 870 867 866 871 869 872 869 871 870 821 873 872 871 872 873 820 873 821 861 865 862 860 862 868 863 855 864 861 863 865 854 856 857 864 855 854 859 858 850 857 856 858 852 849 848 849 859 850 842 851 853 853 852 848 843 847 844 842 844 851 845 839 846 843 845 847 841 840 803 846 839 841 801 803 840 874 875 876 877 878 879 880 881 879 877 882 878 883 884 885 886 883 885 881 880 886 886 880 883 882 876 878 881 877 879 874 876 882 875 887 888 875 874 887 889 888 890 887 890 888 891 892 889 889 890 891 893 892 891 893 894 892 895 894 896 893 896 894 895 896 897 898 897 899 897 898 895 900 901 899 898 899 901 902 903 904 900 905 906 907 908 909 908 910 911 904 911 910 910 908 907 902 905 903 904 903 911 900 906 901 902 906 905 912 913 914 915 916 917 918 914 919 913 919 914 920 921 918 918 919 920 921 922 923 922 921 920 924 923 925 922 925 923 926 927 924 924 925 926 927 928 929 928 927 926 930 929 931 928 931 929 932 933 930 930 931 932 934 933 932 934 935 933 913 912 936 937 938 936 936 912 937 938 939 940 939 938 937 941 940 942 939 942 940 943 944 941 941 942 943 944 945 946 945 944 943 947 946 948 945 948 946 949 950 947 947 948 949 950 951 952 951 950 949 951 916 952 953 954 955 952 916 915 956 957 958 959 960 961 962 963 964 965 966 967 968 969 970 971 972 973 974 975 976 977 978 979 980 981 982 974 982 981 980 983 984 984 981 980 985 983 986 983 985 984 935 987 986 985 986 987 934 987 935 975 979 976 974 976 982 977 969 978 975 977 979 968 970 971 978 969 968 973 972 964 971 970 972 966 963 962 963 973 964 956 965 967 967 966 962 957 961 958 956 958 965 959 953 960 957 959 961 955 954 917 960 953 955 915 917 954 988 989 990 991 992 993 994 995 996 997 998 999 1000 1001 1002 1003 1004 1005 1006 1007 1008 988 990 1009 1010 989 1011 1012 1013 1014 1015 1016 1017 1014 1016 1015 1015 1012 1014 1009 1017 1016 988 1011 989 1017 1009 990 1005 1010 1003 1003 1010 1011 1006 1008 1004 1004 1008 1005 998 997 1007 1006 998 1007 999 1001 1000 997 999 1000 1002 1001 993 992 991 996 1002 993 992 995 994 1018 996 991 994 1018 1019 1020 1020 995 1018 1021 1019 1022 1019 1021 1020 1023 1024 1022 1021 1022 1024 1024 1023 1025 1026 1027 1028 1029 1030 1031 1032 1028 1033 1027 1033 1028 1034 1035 1032 1032 1033 1034 1035 1036 1037 1036 1035 1034 1038 1037 1039 1036 1039 1037 1040 1041 1038 1038 1039 1040 1041 1042 1043 1042 1041 1040 1044 1043 1045 1042 1045 1043 1046 1047 1044 1044 1045 1046 1048 1047 1046 1048 1049 1047 1027 1026 1050 1051 1052 1050 1050 1026 1051 1052 1053 1054 1053 1052 1051 1055 1054 1056 1053 1056 1054 1057 1058 1055 1055 1056 1057 1058 1059 1060 1059 1058 1057 1061 1060 1062 1059 1062 1060 1063 1064 1061 1061 1062 1063 1064 1065 1066 1065 1064 1063 1065 1030 1066 1067 1068 1069 1066 1030 1029 1070 1071 1072 1073 1074 1075 1076 1077 1078 1079 1080 1081 1082 1083 1084 1085 1086 1087 1088 1089 1090 1091 1092 1093 1094 1095 1096 1088 1096 1095 1094 1097 1098 1098 1095 1094 1099 1097 1100 1097 1099 1098 1049 1101 1100 1099 1100 1101 1048 1101 1049 1089 1093 1090 1088 1090 1096 1091 1083 1092 1089 1091 1093 1082 1084 1085 1092 1083 1082 1087 1086 1078 1085 1084 1086 1080 1077 1076 1077 1087 1078 1070 1079 1081 1081 1080 1076 1071 1075 1072 1070 1072 1079 1073 1067 1074 1071 1073 1075 1069 1068 1031 1074 1067 1069 1029 1031 1068 1102 1103 1104 1105 1106 1107 1105 1108 1106 1109 1107 1110 1106 1110 1107 1102 1104 1109 1109 1110 1102 1103 1111 1112 1104 1103 1112 1112 1111 1113 1114 1115 1113 1113 1111 1114 1115 1116 1117 1116 1115 1114 1118 1119 1120 1116 1118 1117 1121 1122 1123 1124 1125 1126 1127 1128 1129 1130 1131 1132 1133 1134 1135 1136 1137 1138 1138 1132 1136 1137 1139 1138 1131 1130 1134 1136 1132 1131 1133 1135 1129 1134 1130 1135 1121 1128 1127 1128 1133 1129 1124 1123 1122 1122 1121 1127 1125 1119 1126 1124 1126 1123 1118 1120 1117 1125 1120 1119 1140 1141 1142 1143 1144 1145 1146 1142 1147 1141 1147 1142 1148 1149 1146 1146 1147 1148 1149 1150 1151 1150 1149 1148 1152 1151 1153 1150 1153 1151 1154 1155 1152 1152 1153 1154 1155 1156 1157 1156 1155 1154 1158 1157 1159 1156 1159 1157 1160 1161 1158 1158 1159 1160 1162 1161 1160 1162 1163 1161 1141 1140 1164 1165 1166 1164 1164 1140 1165 1166 1167 1168 1167 1166 1165 1169 1168 1170 1167 1170 1168 1171 1172 1169 1169 1170 1171 1172 1173 1174 1173 1172 1171 1175 1174 1176 1173 1176 1174 1177 1178 1175 1175 1176 1177 1178 1179 1180 1179 1178 1177 1179 1144 1180 1181 1182 1183 1180 1144 1143 1184 1185 1186 1187 1188 1189 1190 1191 1192 1193 1194 1195 1196 1197 1198 1199 1200 1201 1202 1203 1204 1205 1206 1207 1208 1209 1210 1202 1210 1209 1208 1211 1212 1212 1209 1208 1213 1211 1214 1211 1213 1212 1163 1215 1214 1213 1214 1215 1162 1215 1163 1203 1207 1204 1202 1204 1210 1205 1197 1206 1203 1205 1207 1196 1198 1199 1206 1197 1196 1201 1200 1192 1199 1198 1200 1194 1191 1190 1191 1201 1192 1184 1193 1195 1195 1194 1190 1185 1189 1186 1184 1186 1193 1187 1181 1188 1185 1187 1189 1183 1182 1145 1188 1181 1183 1143 1145 1182 1216 1217 1218 1219 1220 1221 1222 1223 1218 1216 1218 1223 1222 1224 1225 1225 1223 1222 1225 1224 1226 1227 1228 1226 1226 1224 1227 1228 1229 1230 1229 1228 1227 1231 1232 1233 1229 1231 1230 1234 1235 1236 1237 1238 1239 1219 1221 1240 1241 1242 1220 1243 1244 1245 1246 1247 1248 1249 1250 1251 1252 1249 1253 1253 1244 1252 1249 1252 1250 1245 1247 1243 1253 1245 1244 1246 1248 1240 1243 1247 1246 1221 1220 1242 1240 1248 1219 1235 1234 1241 1241 1234 1242 1235 1237 1236 1238 1232 1239 1237 1239 1236 1231 1233 1230 1238 1233 1232 1254 1255 1256 1257 1258 1259 1260 1256 1261 1255 1261 1256 1262 1263 1260 1260 1261 1262 1263 1264 1265 1264 1263 1262 1266 1265 1267 1264 1267 1265 1268 1269 1266 1266 1267 1268 1269 1270 1271 1270 1269 1268 1272 1271 1273 1270 1273 1271 1274 1275 1272 1272 1273 1274 1276 1275 1274 1276 1277 1275 1255 1254 1278 1279 1280 1278 1278 1254 1279 1280 1281 1282 1281 1280 1279 1283 1282 1284 1281 1284 1282 1285 1286 1283 1283 1284 1285 1286 1287 1288 1287 1286 1285 1289 1288 1290 1287 1290 1288 1291 1292 1289 1289 1290 1291 1292 1293 1294 1293 1292 1291 1293 1258 1294 1295 1296 1297 1294 1258 1257 1298 1299 1300 1301 1302 1303 1304 1305 1306 1307 1308 1309 1310 1311 1312 1313 1314 1315 1316 1317 1318 1319 1320 1321 1322 1323 1324 1316 1324 1323 1322 1325 1326 1326 1323 1322 1327 1325 1328 1325 1327 1326 1277 1329 1328 1327 1328 1329 1276 1329 1277 1317 1321 1318 1316 1318 1324 1319 1311 1320 1317 1319 1321 1310 1312 1313 1320 1311 1310 1315 1314 1306 1313 1312 1314 1308 1305 1304 1305 1315 1306 1298 1307 1309 1309 1308 1304 1299 1303 1300 1298 1300 1307 1301 1295 1302 1299 1301 1303 1297 1296 1259 1302 1295 1297 1257 1259 1296 1330 1331 1332 1333 1334 1335 1336 1330 1332 1337 1338 1339 1340 1341 1336 1342 1343 1344 1345 1346 1347 1348 1349 1350 1351 1352 1353 1334 1333 1354 1355 1356 1357 1358 1359 1360 1361 1335 1362 1363 1364 1365 1366 1363 1367 1365 1367 1363 1358 1360 1366 1367 1358 1366 1359 1361 1362 1360 1359 1362 1334 1354 1355 1335 1361 1333 1350 1357 1356 1356 1355 1354 1348 1352 1349 1350 1349 1357 1353 1342 1351 1348 1353 1352 1344 1351 1342 1343 1345 1347 1344 1343 1347 1346 1338 1337 1346 1345 1338 1340 1339 1341 1340 1337 1339 1341 1330 1336 1368 1369 1370 1368 1370 1371 1372 1373 1374 1375 1373 1376 1372 1376 1373 1377 1378 1379 1375 1380 1381 1382 1383 1384 1385 1383 1386 1382 1387 1388 1387 1382 1384 1385 1384 1383 1386 1377 1379 1386 1379 1385 1381 1380 1378 1381 1378 1377 1380 1375 1376 1389 1390 1391 1389 1391 1392 1393 1394 1395 1396 1397 1398 1399 1400 1394 1395 1394 1400 1401 1399 1402 1399 1401 1400 1402 1403 1404 1404 1401 1402 1405 1406 1403 1404 1403 1406 1407 1405 1408 1405 1407 1406 1408 1409 1410 1410 1407 1408 1411 1412 1409 1410 1409 1412 1413 1411 1414 1411 1413 1412 1415 1413 1414 1415 1414 1416 1395 1417 1393 1418 1417 1419 1417 1418 1393 1419 1420 1421 1421 1418 1419 1422 1423 1420 1421 1420 1423 1424 1422 1425 1422 1424 1423 1425 1426 1427 1427 1424 1425 1428 1429 1426 1427 1426 1429 1430 1428 1431 1428 1430 1429 1431 1432 1433 1433 1430 1431 1433 1432 1398 1434 1435 1436 1432 1396 1398 1437 1438 1439 1440 1441 1442 1443 1444 1445 1446 1447 1448 1449 1450 1451 1452 1453 1454 1455 1456 1457 1458 1459 1460 1461 1462 1463 1455 1463 1462 1461 1464 1465 1464 1461 1463 1466 1467 1465 1465 1464 1466 1416 1467 1468 1466 1468 1467 1415 1416 1468 1457 1456 1459 1455 1462 1456 1458 1460 1451 1457 1459 1458 1449 1452 1450 1460 1449 1451 1453 1444 1454 1452 1454 1450 1448 1443 1445 1445 1444 1453 1437 1447 1446 1447 1443 1448 1439 1438 1441 1437 1446 1438 1440 1442 1434 1439 1441 1440 1435 1397 1436 1442 1435 1434 1396 1436 1397 1469 1470 1471 1472 1473 1474 1474 1475 1476 1477 1478 1479 1480 1481 1482 1473 1472 1482 1473 1475 1474 1480 1482 1472 1477 1476 1475 1471 1479 1478 1479 1476 1477 1483 1470 1469 1469 1471 1478 1484 1483 1485 1483 1484 1470 1486 1487 1485 1484 1485 1487 1488 1487 1486 1489 1488 1486 1490 1489 1491 1489 1490 1488 1492 1490 1491 1492 1493 1494 1493 1492 1491 1495 1494 1496 1493 1496 1494 1497 1498 1499 1495 1496 1500 1501 1502 1503 1504 1505 1506 1501 1505 1504 1504 1502 1501 1506 1499 1498 1506 1505 1499 1495 1500 1497 1500 1498 1497 1507 1508 1509 1510 1511 1512 1513 1514 1508 1509 1508 1514 1515 1513 1516 1513 1515 1514 1516 1517 1518 1518 1515 1516 1519 1520 1517 1518 1517 1520 1521 1519 1522 1519 1521 1520 1522 1523 1524 1524 1521 1522 1525 1526 1523 1524 1523 1526 1527 1525 1528 1525 1527 1526 1529 1527 1528 1529 1528 1530 1509 1531 1507 1532 1531 1533 1531 1532 1507 1533 1534 1535 1535 1532 1533 1536 1537 1534 1535 1534 1537 1538 1536 1539 1536 1538 1537 1539 1540 1541 1541 1538 1539 1542 1543 1540 1541 1540 1543 1544 1542 1545 1542 1544 1543 1545 1546 1547 1547 1544 1545 1547 1546 1512 1548 1549 1550 1546 1510 1512 1551 1552 1553 1554 1555 1556 1557 1558 1559 1560 1561 1562 1563 1564 1565 1566 1567 1568 1569 1570 1571 1572 1573 1574 1575 1576 1577 1569 1577 1576 1575 1578 1579 1578 1575 1577 1580 1581 1579 1579 1578 1580 1530 1581 1582 1580 1582 1581 1529 1530 1582 1571 1570 1573 1569 1576 1570 1572 1574 1565 1571 1573 1572 1563 1566 1564 1574 1563 1565 1567 1558 1568 1566 1568 1564 1562 1557 1559 1559 1558 1567 1551 1561 1560 1561 1557 1562 1553 1552 1555 1551 1560 1552 1554 1556 1548 1553 1555 1554 1549 1511 1550 1556 1549 1548 1510 1550 1511 1583 1584 1585 1586 1587 1588 1589 1584 1590 1583 1590 1584 1589 1591 1592 1591 1589 1590 1591 1593 1592 1594 1593 1595 1593 1594 1592 1595 1596 1597 1597 1594 1595 1598 1599 1600 1597 1596 1598 1601 1602 1603 1604 1605 1606 1586 1607 1587 1608 1588 1609 1610 1611 1612 1613 1614 1615 1616 1617 1618 1619 1620 1616 1620 1619 1612 1616 1618 1619 1611 1610 1615 1620 1612 1611 1613 1607 1614 1610 1613 1615 1587 1609 1588 1607 1586 1614 1603 1608 1601 1608 1609 1601 1603 1602 1604 1606 1605 1600 1604 1602 1605 1598 1596 1599 1606 1600 1599 1621 1622 1623 1624 1625 1626 1627 1628 1622 1623 1622 1628 1629 1627 1630 1627 1629 1628 1630 1631 1632 1632 1629 1630 1633 1634 1631 1632 1631 1634 1635 1633 1636 1633 1635 1634 1636 1637 1638 1638 1635 1636 1639 1640 1637 1638 1637 1640 1641 1639 1642 1639 1641 1640 1643 1641 1642 1643 1642 1644 1623 1645 1621 1646 1645 1647 1645 1646 1621 1647 1648 1649 1649 1646 1647 1650 1651 1648 1649 1648 1651 1652 1650 1653 1650 1652 1651 1653 1654 1655 1655 1652 1653 1656 1657 1654 1655 1654 1657 1658 1656 1659 1656 1658 1657 1659 1660 1661 1661 1658 1659 1661 1660 1626 1662 1663 1664 1660 1624 1626 1665 1666 1667 1668 1669 1670 1671 1672 1673 1674 1675 1676 1677 1678 1679 1680 1681 1682 1683 1684 1685 1686 1687 1688 1689 1690 1691 1683 1691 1690 1689 1692 1693 1692 1689 1691 1694 1695 1693 1693 1692 1694 1644 1695 1696 1694 1696 1695 1643 1644 1696 1685 1684 1687 1683 1690 1684 1686 1688 1679 1685 1687 1686 1677 1680 1678 1688 1677 1679 1681 1672 1682 1680 1682 1678 1676 1671 1673 1673 1672 1681 1665 1675 1674 1675 1671 1676 1667 1666 1669 1665 1674 1666 1668 1670 1662 1667 1669 1668 1663 1625 1664 1670 1663 1662 1624 1664 1625 1697 1698 1699 1700 1701 1702 1703 1698 1704 1697 1704 1698 1703 1705 1706 1705 1703 1704 1705 1707 1706 1708 1707 1709 1707 1708 1706 1709 1710 1711 1711 1708 1709 1712 1713 1714 1711 1710 1712 1715 1716 1717 1718 1719 1720 1700 1721 1701 1722 1702 1723 1724 1725 1726 1727 1728 1729 1730 1731 1732 1733 1734 1730 1734 1733 1726 1730 1732 1733 1725 1724 1729 1734 1726 1725 1727 1721 1728 1724 1727 1729 1701 1723 1702 1721 1700 1728 1717 1722 1715 1722 1723 1715 1717 1716 1718 1720 1719 1714 1718 1716 1719 1712 1710 1713 1720 1714 1713 1735 1736 1737 1738 1739 1740 1741 1742 1736 1737 1736 1742 1743 1741 1744 1741 1743 1742 1744 1745 1746 1746 1743 1744 1747 1748 1745 1746 1745 1748 1749 1747 1750 1747 1749 1748 1750 1751 1752 1752 1749 1750 1753 1754 1751 1752 1751 1754 1755 1753 1756 1753 1755 1754 1757 1755 1756 1757 1756 1758 1737 1759 1735 1760 1759 1761 1759 1760 1735 1761 1762 1763 1763 1760 1761 1764 1765 1762 1763 1762 1765 1766 1764 1767 1764 1766 1765 1767 1768 1769 1769 1766 1767 1770 1771 1768 1769 1768 1771 1772 1770 1773 1770 1772 1771 1773 1774 1775 1775 1772 1773 1775 1774 1740 1776 1777 1778 1774 1738 1740 1779 1780 1781 1782 1783 1784 1785 1786 1787 1788 1789 1790 1791 1792 1793 1794 1795 1796 1797 1798 1799 1800 1801 1802 1803 1804 1805 1797 1805 1804 1803 1806 1807 1806 1803 1805 1808 1809 1807 1807 1806 1808 1758 1809 1810 1808 1810 1809 1757 1758 1810 1799 1798 1801 1797 1804 1798 1800 1802 1793 1799 1801 1800 1791 1794 1792 1802 1791 1793 1795 1786 1796 1794 1796 1792 1790 1785 1787 1787 1786 1795 1779 1789 1788 1789 1785 1790 1781 1780 1783 1779 1788 1780 1782 1784 1776 1781 1783 1782 1777 1739 1778 1784 1777 1776 1738 1778 1739 1811 1812 1813 1814 1815 1816 1817 1812 1818 1811 1818 1812 1817 1819 1820 1819 1817 1818 1819 1821 1820 1822 1821 1823 1821 1822 1820 1823 1824 1825 1825 1822 1823 1826 1827 1828 1825 1824 1826 1829 1830 1831 1832 1833 1834 1814 1835 1815 1836 1816 1837 1838 1839 1840 1841 1842 1843 1844 1845 1846 1847 1848 1844 1848 1847 1840 1844 1846 1847 1839 1838 1843 1848 1840 1839 1841 1835 1842 1838 1841 1843 1815 1837 1816 1835 1814 1842 1831 1836 1829 1836 1837 1829 1831 1830 1832 1834 1833 1828 1832 1830 1833 1826 1824 1827 1834 1828 1827 1849 1850 1851 1852 1853 1854 1855 1856 1850 1851 1850 1856 1857 1855 1858 1855 1857 1856 1858 1859 1860 1860 1857 1858 1861 1862 1859 1860 1859 1862 1863 1861 1864 1861 1863 1862 1864 1865 1866 1866 1863 1864 1867 1868 1865 1866 1865 1868 1869 1867 1870 1867 1869 1868 1871 1869 1870 1871 1870 1872 1851 1873 1849 1874 1873 1875 1873 1874 1849 1875 1876 1877 1877 1874 1875 1878 1879 1876 1877 1876 1879 1880 1878 1881 1878 1880 1879 1881 1882 1883 1883 1880 1881 1884 1885 1882 1883 1882 1885 1886 1884 1887 1884 1886 1885 1887 1888 1889 1889 1886 1887 1889 1888 1854 1890 1891 1892 1888 1852 1854 1893 1894 1895 1896 1897 1898 1899 1900 1901 1902 1903 1904 1905 1906 1907 1908 1909 1910 1911 1912 1913 1914 1915 1916 1917 1918 1919 1911 1919 1918 1917 1920 1921 1920 1917 1919 1922 1923 1921 1921 1920 1922 1872 1923 1924 1922 1924 1923 1871 1872 1924 1913 1912 1915 1911 1918 1912 1914 1916 1907 1913 1915 1914 1905 1908 1906 1916 1905 1907 1909 1900 1910 1908 1910 1906 1904 1899 1901 1901 1900 1909 1893 1903 1902 1903 1899 1904 1895 1894 1897 1893 1902 1894 1896 1898 1890 1895 1897 1896 1891 1853 1892 1898 1891 1890 1852 1892 1853 1925 1926 1927 1928 1929 1930 1931 1926 1932 1925 1932 1926 1931 1933 1934 1933 1931 1932 1933 1935 1934 1936 1935 1937 1935 1936 1934 1937 1938 1939 1939 1936 1937 1940 1941 1942 1939 1938 1940 1943 1944 1945 1946 1947 1948 1928 1949 1929 1950 1930 1951 1952 1953 1954 1955 1956 1957 1958 1959 1960 1961 1962 1958 1962 1961 1954 1958 1960 1961 1953 1952 1957 1962 1954 1953 1955 1949 1956 1952 1955 1957 1929 1951 1930 1949 1928 1956 1945 1950 1943 1950 1951 1943 1945 1944 1946 1948 1947 1942 1946 1944 1947 1940 1938 1941 1948 1942 1941 1963 1964 1965 1966 1967 1968 1969 1970 1964 1965 1964 1970 1971 1969 1972 1969 1971 1970 1972 1973 1974 1974 1971 1972 1975 1976 1973 1974 1973 1976 1977 1975 1978 1975 1977 1976 1978 1979 1980 1980 1977 1978 1981 1982 1979 1980 1979 1982 1983 1981 1984 1981 1983 1982 1985 1983 1984 1985 1984 1986 1965 1987 1963 1988 1987 1989 1987 1988 1963 1989 1990 1991 1991 1988 1989 1992 1993 1990 1991 1990 1993 1994 1992 1995 1992 1994 1993 1995 1996 1997 1997 1994 1995 1998 1999 1996 1997 1996 1999 2000 1998 2001 1998 2000 1999 2001 2002 2003 2003 2000 2001 2003 2002 1968 2004 2005 2006 2002 1966 1968 2007 2008 2009 2010 2011 2012 2013 2014 2015 2016 2017 2018 2019 2020 2021 2022 2023 2024 2025 2026 2027 2028 2029 2030 2031 2032 2033 2025 2033 2032 2031 2034 2035 2034 2031 2033 2036 2037 2035 2035 2034 2036 1986 2037 2038 2036 2038 2037 1985 1986 2038 2027 2026 2029 2025 2032 2026 2028 2030 2021 2027 2029 2028 2019 2022 2020 2030 2019 2021 2023 2014 2024 2022 2024 2020 2018 2013 2015 2015 2014 2023 2007 2017 2016 2017 2013 2018 2009 2008 2011 2007 2016 2008 2010 2012 2004 2009 2011 2010 2005 1967 2006 2012 2005 2004 1966 2006 1967 2039 2040 2041 2042 2043 2044 2045 2040 2046 2039 2046 2040 2045 2047 2048 2047 2045 2046 2047 2049 2048 2050 2049 2051 2049 2050 2048 2051 2052 2053 2053 2050 2051 2054 2055 2056 2053 2052 2054 2057 2058 2059 2060 2061 2062 2042 2063 2043 2064 2044 2065 2066 2067 2068 2069 2070 2071 2072 2073 2074 2075 2076 2072 2076 2075 2068 2072 2074 2075 2067 2066 2071 2076 2068 2067 2069 2063 2070 2066 2069 2071 2043 2065 2044 2063 2042 2070 2059 2064 2057 2064 2065 2057 2059 2058 2060 2062 2061 2056 2060 2058 2061 2054 2052 2055 2062 2056 2055 2077 2078 2079 2080 2081 2082 2083 2084 2078 2079 2078 2084 2085 2083 2086 2083 2085 2084 2086 2087 2088 2088 2085 2086 2089 2090 2087 2088 2087 2090 2091 2089 2092 2089 2091 2090 2092 2093 2094 2094 2091 2092 2095 2096 2093 2094 2093 2096 2097 2095 2098 2095 2097 2096 2099 2097 2098 2099 2098 2100 2079 2101 2077 2102 2101 2103 2101 2102 2077 2103 2104 2105 2105 2102 2103 2106 2107 2104 2105 2104 2107 2108 2106 2109 2106 2108 2107 2109 2110 2111 2111 2108 2109 2112 2113 2110 2111 2110 2113 2114 2112 2115 2112 2114 2113 2115 2116 2117 2117 2114 2115 2117 2116 2082 2118 2119 2120 2116 2080 2082 2121 2122 2123 2124 2125 2126 2127 2128 2129 2130 2131 2132 2133 2134 2135 2136 2137 2138 2139 2140 2141 2142 2143 2144 2145 2146 2147 2139 2147 2146 2145 2148 2149 2148 2145 2147 2150 2151 2149 2149 2148 2150 2100 2151 2152 2150 2152 2151 2099 2100 2152 2141 2140 2143 2139 2146 2140 2142 2144 2135 2141 2143 2142 2133 2136 2134 2144 2133 2135 2137 2128 2138 2136 2138 2134 2132 2127 2129 2129 2128 2137 2121 2131 2130 2131 2127 2132 2123 2122 2125 2121 2130 2122 2124 2126 2118 2123 2125 2124 2119 2081 2120 2126 2119 2118 2080 2120 2081 2153 2154 2155 2156 2157 2158 2159 2154 2160 2153 2160 2154 2159 2161 2162 2161 2159 2160 2161 2163 2162 2164 2163 2165 2163 2164 2162 2165 2166 2167 2167 2164 2165 2168 2169 2170 2167 2166 2168 2171 2172 2173 2174 2175 2176 2156 2177 2157 2178 2158 2179 2180 2181 2182 2183 2184 2185 2186 2187 2188 2189 2190 2186 2190 2189 2182 2186 2188 2189 2181 2180 2185 2190 2182 2181 2183 2177 2184 2180 2183 2185 2157 2179 2158 2177 2156 2184 2173 2178 2171 2178 2179 2171 2173 2172 2174 2176 2175 2170 2174 2172 2175 2168 2166 2169 2176 2170 2169 2191 2192 2193 2194 2195 2196 2197 2198 2192 2193 2192 2198 2199 2197 2200 2197 2199 2198 2200 2201 2202 2202 2199 2200 2203 2204 2201 2202 2201 2204 2205 2203 2206 2203 2205 2204 2206 2207 2208 2208 2205 2206 2209 2210 2207 2208 2207 2210 2211 2209 2212 2209 2211 2210 2213 2211 2212 2213 2212 2214 2193 2215 2191 2216 2215 2217 2215 2216 2191 2217 2218 2219 2219 2216 2217 2220 2221 2218 2219 2218 2221 2222 2220 2223 2220 2222 2221 2223 2224 2225 2225 2222 2223 2226 2227 2224 2225 2224 2227 2228 2226 2229 2226 2228 2227 2229 2230 2231 2231 2228 2229 2231 2230 2196 2232 2233 2234 2230 2194 2196 2235 2236 2237 2238 2239 2240 2241 2242 2243 2244 2245 2246 2247 2248 2249 2250 2251 2252 2253 2254 2255 2256 2257 2258 2259 2260 2261 2253 2261 2260 2259 2262 2263 2262 2259 2261 2264 2265 2263 2263 2262 2264 2214 2265 2266 2264 2266 2265 2213 2214 2266 2255 2254 2257 2253 2260 2254 2256 2258 2249 2255 2257 2256 2247 2250 2248 2258 2247 2249 2251 2242 2252 2250 2252 2248 2246 2241 2243 2243 2242 2251 2235 2245 2244 2245 2241 2246 2237 2236 2239 2235 2244 2236 2238 2240 2232 2237 2239 2238 2233 2195 2234 2240 2233 2232 2194 2234 2195 2267 2268 2269 2270 2271 2272 2273 2268 2274 2267 2274 2268 2273 2275 2276 2275 2273 2274 2275 2277 2276 2278 2277 2279 2277 2278 2276 2279 2280 2281 2281 2278 2279 2282 2283 2284 2281 2280 2282 2285 2286 2287 2288 2289 2290 2270 2291 2271 2292 2272 2293 2294 2295 2296 2297 2298 2299 2300 2301 2302 2303 2304 2300 2304 2303 2296 2300 2302 2303 2295 2294 2299 2304 2296 2295 2297 2291 2298 2294 2297 2299 2271 2293 2272 2291 2270 2298 2287 2292 2285 2292 2293 2285 2287 2286 2288 2290 2289 2284 2288 2286 2289 2282 2280 2283 2290 2284 2283 2305 2306 2307 2308 2309 2310 2307 2311 2312 2312 2305 2307 2313 2312 2314 2311 2314 2312 2313 2315 2316 2315 2313 2314 2317 2318 2316 2316 2315 2317 2319 2318 2320 2317 2320 2318 2319 2321 2322 2321 2319 2320 2323 2324 2322 2322 2321 2323 2325 2324 2326 2323 2326 2324 2325 2327 2328 2327 2325 2326 2305 2329 2306 2330 2329 2331 2329 2330 2306 2332 2331 2333 2332 2330 2331 2334 2335 2333 2333 2331 2334 2334 2336 2337 2335 2334 2337 2338 2336 2339 2334 2339 2336 2340 2341 2339 2339 2341 2338 2342 2339 2343 2339 2342 2340 2343 2344 2345 2345 2342 2343 2344 2346 2347 2345 2344 2347 2346 2348 2347 2349 2346 2350 2346 2349 2348 2350 2351 2352 2352 2349 2350 2310 2309 2351 2352 2351 2309 2353 2354 2355 2356 2357 2358 2357 2356 2359 2357 2359 2355 2360 2358 2357 2361 2357 2362 2357 2361 2363 2364 2365 2362 2362 2365 2366 2367 2368 2369 2369 2370 2364 2371 2372 2373 2367 2374 2368 2375 2376 2377 2372 2378 2377 2379 2380 2381 2376 2382 2381 2383 2384 2385 2380 2386 2385 2387 2388 2389 2384 2390 2391 2392 2393 2394 2394 2388 2392 2395 2393 2396 2392 2396 2393 2395 2328 2327 2328 2395 2396 2389 2391 2387 2389 2388 2394 2383 2390 2384 2390 2387 2391 2380 2379 2386 2386 2383 2385 2376 2375 2382 2382 2379 2381 2372 2371 2378 2378 2375 2377 2367 2373 2374 2367 2371 2373 2364 2362 2369 2369 2368 2370 2363 2360 2357 2366 2361 2362 2308 2354 2353 2359 2353 2355 2310 2354 2308 2397 2398 2399 2400 2401 2402 2399 2403 2404 2398 2405 2406 2403 2407 2408 2409 2410 2406 2410 2411 2412 2413 2414 2412 2415 2416 2407 2414 2417 2418 2419 2420 2415 2421 2422 2423 2424 2419 2423 2425 2426 2427 2428 2429 2430 2431 2432 2433 2401 2434 2435 2436 2437 2438 2439 2440 2441 2442 2443 2444 2445 2444 2446 2447 2448 2438 2447 2443 2449 2450 2440 2451 2452 2446 2450 2453 2432 2454 2454 2437 2455 2456 2431 2457 2441 2400 2458 2435 2434 2428 2456 2459 2425 2429 2428 2434 2460 2461 2421 2462 2427 2463 2464 2465 2466 2467 2468 2469 2430 2470 2471 2465 2418 2466 2435 2402 2401 2402 2458 2400 2458 2439 2441 2439 2451 2440 2451 2452 2450 2452 2445 2446 2445 2442 2444 2442 2449 2443 2449 2448 2447 2448 2436 2438 2436 2455 2437 2455 2453 2454 2453 2433 2432 2433 2457 2431 2457 2459 2456 2459 2426 2425 2426 2463 2427 2463 2472 2462 2472 2461 2460 2462 2472 2460 2461 2422 2421 2422 2424 2423 2424 2420 2419 2420 2416 2415 2416 2408 2407 2408 2404 2403 2404 2397 2399 2397 2405 2398 2405 2409 2406 2409 2411 2410 2411 2413 2412 2413 2417 2414 2417 2466 2418 2465 2464 2469 2467 2471 2468 2464 2467 2469 2430 2429 2470 2471 2470 2468 2473 2474 2475 2476 2477 2478 2475 2479 2480 2480 2473 2475 2481 2482 2479 2480 2479 2482 2483 2481 2484 2481 2483 2482 2484 2485 2486 2486 2483 2484 2487 2488 2485 2486 2485 2488 2489 2487 2490 2487 2489 2488 2490 2491 2492 2492 2489 2490 2493 2494 2491 2492 2491 2494 2495 2493 2496 2493 2495 2494 2473 2497 2474 2498 2497 2499 2497 2498 2474 2499 2500 2501 2501 2498 2499 2502 2503 2500 2501 2500 2503 2504 2505 2502 2502 2505 2503 2504 2506 2507 2506 2504 2502 2506 2508 2509 2509 2507 2506 2508 2510 2511 2509 2508 2511 2512 2513 2508 2510 2508 2513 2514 2515 2512 2512 2515 2513 2516 2517 2512 2512 2517 2514 2518 2516 2519 2519 2516 2512 2518 2519 2520 2521 2522 2520 2518 2520 2522 2523 2524 2525 2521 2476 2522 2526 2527 2528 2523 2529 2530 2527 2531 2528 2532 2531 2533 2531 2532 2528 2534 2533 2531 2529 2527 2526 2535 2536 2531 2537 2538 2535 2535 2538 2539 2540 2541 2542 2540 2543 2537 2544 2545 2546 2540 2546 2541 2547 2548 2549 2550 2551 2552 2553 2548 2550 2554 2555 2556 2557 2551 2554 2558 2559 2560 2561 2555 2558 2562 2563 2559 2560 2559 2563 2496 2562 2495 2562 2496 2563 2556 2555 2561 2561 2558 2560 2557 2552 2551 2557 2554 2556 2553 2549 2548 2553 2550 2552 2544 2547 2545 2544 2548 2547 2542 2543 2540 2546 2545 2541 2536 2535 2539 2540 2537 2535 2530 2529 2526 2536 2534 2531 2564 2524 2523 2523 2530 2564 2478 2477 2525 2524 2478 2525 2476 2521 2477 2565 2566 2567 2568 2569 2570 2571 2567 2572 2566 2573 2574 2572 2575 2576 2577 2578 2574 2579 2580 2581 2582 2583 2584 2575 2585 2586 2587 2588 2589 2585 2590 2591 2592 2593 2594 2595 2596 2594 2597 2598 2599 2600 2601 2602 2603 2604 2605 2569 2606 2607 2608 2609 2610 2611 2612 2613 2614 2615 2616 2617 2616 2618 2619 2620 2610 2619 2615 2621 2622 2612 2623 2624 2618 2622 2625 2604 2626 2626 2609 2627 2628 2603 2629 2613 2568 2630 2631 2632 2606 2631 2602 2633 2592 2634 2635 2634 2599 2636 2588 2600 2589 2600 2588 2601 2587 2637 2638 2596 2639 2590 2579 2578 2580 2601 2633 2602 2633 2632 2631 2632 2607 2606 2607 2570 2569 2570 2630 2568 2630 2611 2613 2611 2623 2612 2623 2624 2622 2624 2617 2618 2617 2614 2616 2614 2621 2615 2621 2620 2619 2620 2608 2610 2608 2627 2609 2627 2625 2626 2625 2605 2604 2605 2629 2603 2629 2640 2628 2640 2598 2597 2628 2640 2597 2598 2636 2599 2636 2635 2634 2635 2593 2592 2593 2595 2594 2595 2639 2596 2639 2591 2590 2591 2586 2585 2586 2576 2575 2576 2571 2572 2571 2565 2567 2565 2573 2566 2573 2577 2574 2577 2580 2578 2579 2581 2583 2584 2638 2582 2581 2584 2583 2587 2589 2637 2638 2637 2582 2641 2642 2643 2644 2645 2646 2647 2642 2648 2641 2648 2642 2649 2650 2651 2647 2649 2651 2652 2653 2650 2651 2650 2653 2654 2655 2656 2654 2652 2655 2657 2658 2659 2659 2658 2656 2660 2657 2661 2657 2660 2658 2661 2662 2663 2663 2660 2661 2664 2665 2662 2663 2662 2665 2666 2664 2667 2664 2666 2665 2668 2669 2670 2643 2669 2641 2659 2656 2655 2652 2654 2653 2647 2648 2649 2669 2643 2670 2671 2668 2672 2670 2672 2668 2671 2673 2674 2673 2671 2672 2675 2676 2674 2674 2673 2675 2677 2676 2678 2675 2678 2676 2677 2679 2680 2679 2677 2678 2679 2681 2682 2682 2680 2679 2681 2683 2684 2682 2681 2684 2646 2685 2681 2683 2681 2685 2686 2687 2646 2646 2687 2685 2646 2645 2688 2646 2688 2686 2689 2690 2691 2692 2693 2694 2695 2696 2691 2697 2698 2699 2700 2701 2702 2703 2704 2705 2703 2706 2704 2704 2707 2708 2707 2704 2706 2704 2708 2709 2708 2710 2709 2709 2710 2698 2711 2703 2705 2712 2713 2705 2705 2714 2715 2712 2716 2717 2712 2718 2713 2719 2720 2721 2716 2722 2721 2723 2724 2725 2726 2727 2728 2729 2725 2726 2730 2731 2727 2728 2727 2731 2732 2730 2666 2730 2732 2731 2667 2732 2666 2729 2723 2725 2729 2726 2728 2719 2724 2720 2720 2724 2723 2716 2712 2722 2722 2719 2721 2713 2714 2705 2712 2717 2718 2709 2698 2697 2715 2711 2705 2701 2699 2702 2701 2697 2699 2700 2692 2694 2700 2702 2692 2693 2696 2695 2694 2693 2695 2690 2689 2644 2696 2689 2691 2646 2690 2644 2733 2734 2735 2736 2737 2738 2739 2740 2741 2742 2743 2744 2741 2745 2746 2747 2748 2749 2750 2747 2751 2751 2752 2753 2754 2755 2756 2757 2753 2752 2758 2759 2754 2760 2761 2762 2760 2763 2758 2764 2765 2766 2767 2768 2769 2770 2771 2772 2737 2773 2774 2775 2776 2777 2778 2779 2780 2781 2782 2783 2784 2783 2785 2786 2787 2777 2786 2782 2788 2789 2779 2790 2791 2785 2789 2792 2776 2793 2794 2772 2795 2780 2736 2796 2797 2798 2773 2794 2799 2766 2797 2769 2800 2761 2801 2802 2765 2803 2801 2757 2804 2805 2806 2767 2805 2807 2745 2756 2751 2753 2750 2733 2740 2734 2752 2804 2757 2804 2806 2805 2806 2768 2767 2768 2800 2769 2800 2798 2797 2798 2774 2773 2774 2738 2737 2738 2796 2736 2796 2778 2780 2778 2790 2779 2790 2791 2789 2791 2784 2785 2784 2781 2783 2781 2788 2782 2788 2787 2786 2787 2775 2777 2775 2793 2776 2793 2808 2792 2808 2771 2770 2792 2808 2770 2771 2795 2772 2795 2799 2794 2799 2764 2766 2764 2803 2765 2803 2802 2801 2802 2762 2761 2762 2763 2760 2763 2759 2758 2759 2755 2754 2755 2807 2756 2807 2746 2745 2746 2739 2741 2739 2734 2740 2733 2735 2744 2742 2749 2743 2735 2742 2744 2747 2750 2748 2749 2748 2743 2809 2810 2811 2812 2813 2814 2815 2816 2817 2809 2815 2817 2818 2819 2820 2815 2818 2816 2821 2822 2823 2822 2820 2819 2824 2825 2826 2823 2824 2821 2827 2828 2829 2829 2828 2830 2831 2827 2832 2827 2831 2828 2832 2833 2834 2834 2831 2832 2835 2836 2833 2834 2833 2836 2837 2835 2838 2835 2837 2836 2839 2840 2841 2811 2810 2842 2830 2826 2825 2829 2830 2825 2826 2821 2824 2823 2822 2819 2818 2820 2816 2810 2809 2817 2841 2842 2839 2842 2841 2811 2843 2844 2840 2840 2839 2843 2845 2844 2846 2843 2846 2844 2845 2847 2848 2847 2845 2846 2849 2813 2848 2848 2847 2849 2849 2814 2813 2850 2851 2852 2812 2851 2853 2854 2855 2856 2852 2856 2857 2858 2859 2860 2861 2862 2863 2859 2858 2863 2864 2865 2866 2867 2868 2854 2869 2870 2871 2872 2873 2874 2875 2876 2877 2877 2876 2869 2878 2860 2865 2879 2862 2861 2865 2880 2878 2866 2881 2864 2864 2880 2865 2866 2882 2883 2865 2860 2859 2881 2866 2883 2884 2882 2866 2866 2885 2884 2861 2863 2858 2885 2866 2886 2887 2888 2886 2889 2886 2888 2890 2891 2892 2893 2887 2894 2892 2891 2895 2896 2895 2897 2891 2897 2895 2896 2837 2838 2837 2896 2897 2887 2890 2894 2894 2890 2892 2889 2885 2886 2887 2893 2888 2879 2876 2875 2862 2879 2875 2870 2874 2871 2871 2877 2869 2867 2873 2872 2872 2874 2870 2854 2856 2873 2873 2867 2854 2898 2856 2899 2855 2899 2856 2852 2857 2900 2856 2898 2857 2850 2853 2851 2900 2850 2852 2812 2814 2851 2901 2902 2903 2904 2905 2906 2903 2907 2901 2908 2902 2901 2909 2910 2911 2912 2913 2914 2910 2915 2916 2917 2918 2916 2912 2919 2920 2921 2922 2918 2919 2923 2924 2925 2926 2927 2923 2926 2928 2929 2930 2931 2932 2933 2934 2935 2936 2937 2938 2906 2939 2940 2941 2942 2943 2944 2945 2946 2947 2948 2949 2947 2950 2942 2951 2952 2946 2953 2951 2954 2955 2945 2955 2956 2950 2957 2937 2958 2941 2959 2958 2936 2960 2961 2962 2943 2905 2939 2963 2964 2930 2961 2965 2966 2963 2932 2967 2927 2968 2929 2969 2968 2970 2922 2971 2970 2972 2933 2973 2974 2975 2913 2976 2914 2908 2909 2911 2902 2908 2911 2909 2915 2910 2915 2917 2916 2917 2921 2918 2921 2971 2922 2971 2972 2970 2972 2934 2933 2934 2966 2932 2966 2964 2963 2964 2938 2939 2938 2904 2906 2904 2962 2905 2962 2944 2943 2944 2954 2945 2954 2956 2955 2956 2949 2950 2949 2948 2947 2948 2953 2946 2953 2952 2951 2952 2940 2942 2940 2959 2941 2959 2957 2958 2957 2935 2937 2935 2960 2936 2960 2965 2961 2965 2931 2930 2931 2969 2929 2969 2967 2968 2967 2925 2927 2925 2928 2926 2928 2924 2923 2924 2920 2919 2920 2913 2912 2914 2976 2973 2974 2907 2975 2976 2974 2973 2903 2975 2907 2977 2978 2979 2980 2981 2982 2983 2984 2985 2983 2977 2984 2986 2987 2988 2988 2987 2985 2989 2990 2991 2992 2986 2993 2994 2995 2996 2997 2994 2996 2998 2999 2995 2996 2995 2999 3000 2998 3001 2998 3000 2999 3001 3002 3003 3003 3000 3001 3004 3005 3002 3003 3002 3005 3006 3004 3007 3004 3006 3005 3008 3009 3010 2978 3011 2979 2997 2989 3012 3012 2994 2997 3012 2989 2991 2990 2992 2993 2991 2990 2993 2992 2987 2986 2988 2985 2984 2977 2983 2978 3011 3009 3013 3013 2979 3011 3013 3009 3008 3014 3010 3015 3010 3014 3008 3015 3016 3017 3017 3014 3015 2982 2981 3016 3017 3016 2981 3018 3019 3020 3021 3022 3023 3024 3025 3026 3027 3028 3029 3030 3031 3032 3033 3034 3035 3036 3035 3037 3033 3035 3036 3038 3039 3040 3041 3036 3037 3042 3043 3044 3045 3046 3047 3048 3049 3050 3051 3045 3052 3029 3053 3054 3054 3053 3048 3055 3040 3039 3028 3027 3056 3036 3038 3040 3036 3057 3038 3058 3039 3038 3044 3043 3055 3040 3055 3043 3041 3057 3036 3044 3056 3042 3059 3033 3060 3060 3033 3061 3059 3034 3033 3061 3062 3060 3056 3027 3042 3063 3062 3061 3053 3029 3028 3006 3063 3061 3007 3063 3006 3052 3050 3049 3050 3054 3048 3046 3045 3051 3051 3052 3049 3064 3030 3045 3064 3045 3047 3030 3065 3066 3064 3065 3030 3030 3032 3026 3030 3066 3031 3026 3067 3024 3032 3067 3026 3025 3068 3018 3068 3025 3024 3020 3019 3023 3025 3018 3020 3021 2980 3022 3019 3021 3023 2982 3022 2980 3069 3070 3071 3072 3073 3074 3075 3076 3077 3071 3078 3079 3080 3081 3082 3083 3079 3084 3083 3085 3086 3087 3088 3086 3081 3080 3089 3090 3091 3092 3093 3092 3088 3094 3075 3095 3076 3096 3077 3097 3098 3099 3100 3101 3102 3103 3104 3105 3106 3074 3107 3108 3109 3110 3111 3112 3113 3114 3115 3116 3117 3115 3118 3119 3120 3109 3121 3119 3114 3112 3122 3123 3123 3124 3118 3125 3126 3103 3125 3108 3127 3105 3128 3129 3073 3130 3113 3107 3131 3132 3133 3097 3129 3134 3131 3100 3135 3095 3136 3099 3137 3136 3138 3091 3139 3138 3140 3101 3081 3089 3141 3142 3143 3144 3082 3070 3069 3080 3082 3069 3070 3078 3071 3078 3084 3079 3084 3085 3083 3085 3087 3086 3087 3093 3088 3093 3090 3092 3090 3139 3091 3139 3140 3138 3140 3102 3101 3102 3134 3100 3134 3132 3131 3132 3106 3107 3106 3072 3074 3072 3130 3073 3130 3111 3113 3111 3122 3112 3122 3124 3123 3124 3117 3118 3117 3116 3115 3116 3121 3114 3121 3120 3119 3120 3110 3109 3110 3127 3108 3127 3126 3125 3126 3104 3103 3104 3128 3105 3128 3133 3129 3133 3098 3097 3098 3137 3099 3137 3135 3136 3135 3094 3095 3094 3076 3075 3077 3096 3144 3142 3141 3143 3096 3142 3144 3089 3143 3141 3145 3146 3147 3148 3149 3150 3146 3145 3150 3151 3152 3153 3154 3155 3156 3157 3158 3159 3160 3161 3162 3163 3164 3165 3166 3167 3168 3169 3170 3171 3172 3169 3173 3174 3175 3171 3173 3169 3171 3171 3175 3176 3174 3171 3170 3177 3178 3179 3176 3180 3181 3167 3165 3182 3183 3184 3185 3164 3163 3184 3186 3187 3188 3188 3189 3185 3178 3181 3180 3190 3186 3191 3176 3192 3180 3176 3193 3194 3194 3192 3176 3181 3178 3177 3193 3176 3175 3191 3177 3179 3173 3195 3172 3173 3196 3195 3197 3198 3196 3197 3196 3173 3199 3200 3201 3198 3197 3201 3202 3203 3204 3203 3199 3204 3204 3205 3202 3206 3207 3208 3207 3206 3205 3209 3210 3211 3212 3208 3210 3213 3214 3215 3214 3216 3211 3217 3218 3219 3218 3220 3215 3221 3222 3223 3222 3221 3224 3225 3226 3221 3221 3223 3225 3219 3224 3217 3225 3227 3226 3227 3147 3228 3228 3226 3227 3228 3147 3146 3222 3224 3219 3215 3220 3213 3217 3220 3218 3211 3216 3209 3213 3216 3214 3210 3208 3207 3209 3212 3210 3200 3199 3203 3206 3202 3205 3190 3191 3179 3198 3201 3200 3187 3186 3229 3229 3186 3190 3189 3183 3185 3188 3187 3189 3163 3165 3167 3184 3183 3164 3167 3230 3231 3167 3182 3230 3166 3168 3232 3167 3231 3168 3166 3233 3158 3232 3233 3166 3157 3159 3234 3157 3166 3158 3160 3235 3234 3157 3234 3235 3236 3162 3161 3160 3162 3235 3236 3152 3151 3151 3162 3236 3153 3237 3154 3153 3152 3237 3155 3149 3156 3237 3155 3154 3150 3145 3148 3149 3148 3156 3238 3239 3240 3241 3242 3243 3238 3244 3245 3246 3247 3239 3245 3248 3249 3246 3250 3251 3252 3250 3253 3253 3254 3255 3249 3256 3257 3258 3259 3260 3257 3261 3262 3263 3264 3265 3266 3267 3268 3258 3242 3269 3270 3271 3272 3273 3274 3275 3276 3277 3278 3279 3280 3281 3282 3283 3284 3285 3286 3287 3288 3286 3289 3290 3279 3285 3291 3292 3281 3293 3289 3284 3294 3283 3295 3275 3292 3296 3243 3274 3297 3276 3294 3295 3277 3298 3299 3259 3300 3260 3298 3270 3301 3302 3303 3304 3305 3263 3268 3265 3306 3271 3307 3308 3309 3307 3309 3310 3266 3262 3311 3307 3310 3312 3312 3313 3314 3308 3255 3254 3309 3308 3254 3255 3252 3253 3252 3251 3250 3251 3247 3246 3247 3240 3239 3240 3244 3238 3244 3248 3245 3248 3256 3249 3256 3261 3257 3261 3311 3262 3311 3267 3266 3267 3305 3268 3305 3264 3263 3264 3306 3265 3306 3272 3271 3272 3301 3270 3301 3299 3298 3299 3278 3277 3278 3294 3276 3295 3283 3282 3282 3284 3289 3293 3288 3289 3288 3287 3286 3287 3290 3285 3290 3280 3279 3280 3291 3281 3291 3296 3292 3296 3273 3275 3273 3297 3274 3297 3241 3243 3241 3269 3242 3269 3259 3258 3260 3300 3303 3304 3314 3302 3300 3304 3303 3312 3310 3313 3314 3313 3302 3315 3316 3317 3318 3319 3320 3321 3322 3323 3322 3324 3317 3325 3326 3327 3326 3325 3323 3328 3329 3330 3328 3327 3331 3332 3333 3334 3334 3330 3335 3336 3337 3338 3339 3340 3341 3342 3343 3344 3345 3342 3336 3344 3346 3347 3347 3342 3344 3348 3349 3346 3347 3346 3349 3350 3348 3351 3348 3350 3349 3352 3353 3316 3354 3355 3356 3356 3353 3357 3358 3320 3319 3359 3360 3355 3342 3361 3343 3342 3345 3362 3342 3362 3361 3342 3337 3336 3337 3341 3363 3337 3363 3338 3340 3339 3333 3337 3339 3341 3339 3334 3333 3332 3334 3335 3329 3328 3331 3335 3330 3329 3331 3327 3326 3321 3323 3325 3322 3321 3324 3317 3324 3315 3316 3315 3352 3353 3352 3357 3356 3357 3354 3355 3354 3359 3360 3359 3358 3360 3358 3319 3364 3365 3366 3318 3367 3368 3369 3370 3371 3372 3373 3374 3375 3376 3377 3378 3379 3380 3381 3382 3375 3375 3382 3376 3383 3375 3384 3375 3383 3381 3385 3377 3386 3384 3387 3388 3383 3384 3388 3389 3390 3384 3391 3387 3384 3392 3393 3394 3390 3389 3393 3395 3396 3350 3384 3390 3391 3392 3394 3397 3393 3389 3394 3396 3398 3399 3399 3400 3397 3350 3351 3395 3396 3395 3398 3399 3398 3400 3392 3397 3400 3377 3376 3386 3379 3385 3380 3385 3379 3377 3401 3378 3402 3401 3379 3378 3371 3403 3402 3401 3402 3403 3369 3404 3370 3371 3370 3403 3404 3405 3373 3405 3404 3369 3372 3374 3364 3373 3405 3374 3366 3365 3406 3372 3364 3366 3367 3406 3368 3365 3368 3406 3318 3320 3367 3407 3408 3409 3410 3411 3412 3407 3413 3414 3409 3415 3416 3417 3413 3418 3419 3416 3420 3419 3421 3422 3423 3424 3422 3425 3426 3418 3427 3428 3424 3425 3429 3430 3431 3432 3433 3434 3429 3431 3435 3436 3437 3438 3439 3440 3441 3442 3443 3444 3410 3445 3446 3447 3448 3449 3450 3451 3452 3453 3454 3455 3453 3456 3448 3457 3458 3457 3452 3459 3460 3449 3461 3456 3460 3462 3463 3464 3465 3463 3447 3466 3467 3468 3469 3450 3412 3470 3471 3472 3473 3473 3474 3445 3475 3471 3438 3443 3442 3465 3437 3476 3435 3477 3428 3478 3477 3479 3439 3437 3436 3480 3480 3481 3482 3476 3433 3432 3435 3476 3432 3433 3434 3431 3434 3430 3429 3430 3426 3425 3426 3417 3418 3417 3414 3413 3414 3408 3407 3408 3415 3409 3415 3420 3416 3420 3421 3419 3421 3423 3422 3423 3427 3424 3427 3478 3428 3478 3479 3477 3479 3440 3439 3440 3475 3438 3475 3472 3471 3472 3474 3473 3474 3444 3445 3444 3411 3410 3411 3470 3412 3470 3451 3450 3451 3461 3449 3461 3462 3460 3462 3455 3456 3455 3454 3453 3454 3459 3452 3459 3458 3457 3458 3446 3448 3446 3466 3447 3466 3464 3463 3464 3443 3465 3442 3441 3467 3468 3482 3469 3441 3468 3467 3480 3436 3481 3482 3481 3469 3483 3484 3485 3486 3487 3488 3489 3490 3491 3489 3485 3492 3493 3494 3495 3496 3497 3491 3498 3499 3500 3498 3494 3501 3500 3502 3503 3503 3498 3500 3504 3505 3502 3503 3502 3505 3506 3504 3507 3504 3506 3505 3507 3508 3509 3509 3506 3507 3510 3511 3508 3509 3508 3511 3512 3510 3513 3510 3512 3511 3514 3515 3483 3516 3517 3518 3518 3515 3514 3519 3520 3517 3521 3522 3523 3523 3520 3524 3525 3488 3487 3526 3527 3522 3498 3528 3499 3498 3501 3529 3498 3529 3528 3494 3493 3501 3491 3497 3494 3494 3497 3495 3491 3490 3530 3491 3530 3496 3490 3489 3531 3531 3489 3492 3484 3483 3515 3492 3485 3484 3516 3518 3514 3517 3516 3519 3520 3519 3524 3523 3524 3521 3522 3521 3526 3527 3526 3525 3527 3525 3487 3532 3533 3534 3535 3536 3537 3538 3539 3540 3541 3542 3543 3544 3545 3546 3547 3548 3549 3550 3546 3551 3550 3544 3546 3552 3553 3545 3554 3551 3555 3546 3555 3551 3556 3557 3558 3555 3556 3554 3556 3555 3557 3559 3557 3560 3559 3558 3557 3561 3562 3560 3560 3557 3561 3563 3561 3564 3562 3561 3563 3561 3565 3566 3561 3566 3564 3567 3568 3512 3569 3565 3568 3567 3569 3568 3567 3512 3513 3565 3569 3566 3544 3552 3545 3553 3570 3548 3570 3553 3552 3547 3549 3571 3548 3570 3549 3572 3573 3571 3547 3571 3573 3539 3572 3540 3572 3539 3573 3542 3538 3574 3574 3538 3540 3541 3543 3532 3542 3574 3543 3534 3533 3537 3541 3532 3534 3535 3486 3536 3533 3535 3537 3488 3536 3486 3575 3576 3577 3578 3579 3580 3575 3581 3582 3577 3583 3584 3585 3581 3586 3587 3584 3588 3587 3589 3590 3591 3592 3590 3593 3594 3586 3595 3596 3592 3593 3597 3598 3599 3600 3601 3602 3597 3599 3603 3604 3605 3606 3607 3608 3609 3610 3611 3612 3613 3578 3614 3615 3616 3617 3618 3619 3620 3621 3622 3623 3624 3621 3625 3626 3627 3626 3620 3628 3629 3630 3618 3623 3630 3631 3632 3619 3633 3634 3635 3636 3637 3610 3609 3633 3580 3638 3639 3640 3612 3614 3616 3625 3641 3639 3606 3642 3600 3643 3643 3604 3644 3645 3596 3646 3645 3647 3607 3609 3611 3648 3648 3649 3650 3637 3603 3605 3610 3637 3605 3603 3644 3604 3644 3642 3643 3642 3601 3600 3601 3602 3599 3602 3598 3597 3598 3594 3593 3594 3585 3586 3585 3582 3581 3582 3576 3575 3576 3583 3577 3583 3588 3584 3588 3589 3587 3589 3591 3590 3591 3595 3592 3595 3646 3596 3646 3647 3645 3647 3608 3607 3608 3641 3606 3641 3640 3639 3640 3613 3612 3613 3579 3578 3579 3638 3580 3638 3632 3633 3632 3617 3619 3617 3629 3618 3629 3631 3630 3631 3624 3623 3624 3622 3621 3622 3628 3620 3628 3627 3626 3627 3614 3625 3616 3615 3634 3635 3650 3636 3615 3635 3634 3648 3611 3649 3650 3649 3636 3651 3652 3653 3654 3655 3656 3652 3657 3658 3657 3652 3651 3659 3658 3660 3658 3657 3661 3662 3659 3663 3659 3662 3658 3664 3665 3662 3662 3663 3664 3666 3667 3668 3664 3668 3665 3669 3666 3670 3666 3669 3667 3671 3670 3672 3671 3669 3670 3673 3674 3675 3674 3671 3672 3676 3677 3673 3673 3675 3676 3677 3678 3679 3676 3678 3677 3679 3680 3681 3681 3677 3679 3682 3683 3684 3684 3683 3680 3682 3685 3686 3685 3682 3684 3687 3688 3689 3689 3688 3686 3690 3687 3691 3687 3690 3688 3692 3691 3693 3692 3690 3691 3694 3695 3693 3693 3691 3694 3696 3695 3697 3694 3697 3695 3654 3696 3697 3652 3698 3699 3667 3665 3668 3689 3686 3685 3681 3680 3683 3674 3672 3675 3658 3661 3660 3653 3652 3699 3700 3698 3701 3652 3701 3698 3700 3702 3703 3702 3700 3701 3704 3705 3703 3703 3702 3704 3706 3705 3707 3704 3707 3705 3708 3707 3709 3707 3708 3706 3709 3710 3711 3711 3708 3709 3712 3713 3710 3711 3710 3713 3714 3712 3715 3712 3714 3713 3716 3715 3717 3716 3714 3715 3716 3717 3718 3719 3720 3721 3721 3722 3717 3723 3724 3725 3726 3727 3724 3728 3729 3730 3731 3730 3732 3733 3734 3728 3735 3736 3737 3737 3734 3733 3738 3656 3655 3739 3740 3736 3717 3741 3718 3717 3722 3742 3717 3742 3741 3721 3720 3722 3724 3727 3721 3721 3727 3719 3724 3723 3743 3724 3743 3726 3723 3725 3731 3725 3730 3731 3729 3728 3734 3732 3730 3729 3735 3737 3733 3736 3735 3739 3740 3739 3738 3740 3738 3655 3656 3696 3654 3744 3745 3746 3747 3748 3749 3750 3745 3751 3746 3752 3753 3754 3755 3756 3757 3752 3756 3750 3758 3759 3760 3754 3761 3759 3762 3763 3764 3765 3761 3763 3766 3767 3768 3769 3770 3764 3771 3772 3773 3774 3748 3775 3776 3777 3778 3779 3780 3781 3782 3783 3784 3785 3786 3787 3788 3789 3790 3791 3792 3787 3793 3788 3794 3795 3796 3797 3798 3799 3791 3797 3800 3801 3780 3802 3785 3801 3803 3804 3805 3781 3806 3804 3807 3808 3809 3783 3810 3778 3747 3811 3812 3773 3777 3809 3813 3814 3811 3768 3771 3815 3816 3776 3817 3815 3818 3767 3819 3818 3819 3769 3800 3797 3799 3784 3820 3789 3798 3806 3807 3799 3798 3807 3806 3805 3804 3805 3782 3781 3782 3808 3783 3808 3813 3809 3813 3775 3777 3775 3817 3776 3817 3816 3815 3816 3772 3771 3772 3765 3764 3765 3760 3761 3760 3755 3754 3755 3757 3756 3757 3753 3752 3753 3744 3746 3744 3751 3745 3751 3758 3750 3758 3762 3759 3762 3766 3763 3766 3819 3767 3818 3769 3768 3770 3814 3768 3814 3812 3811 3812 3774 3773 3774 3749 3748 3749 3810 3747 3810 3779 3778 3779 3802 3780 3802 3803 3801 3803 3786 3785 3786 3820 3784 3820 3787 3789 3788 3793 3794 3795 3790 3796 3793 3795 3794 3791 3800 3792 3790 3792 3796 3821 3822 3823 3824 3825 3826 3821 3827 3828 3827 3821 3823 3829 3830 3828 3828 3827 3829 3828 3830 3831 3832 3830 3829 3833 3831 3834 3831 3830 3834 3835 3836 3831 3835 3831 3833 3837 3838 3836 3831 3836 3838 3838 3839 3840 3839 3838 3837 3841 3840 3842 3840 3839 3842 3843 3841 3844 3841 3843 3840 3823 3822 3845 3846 3845 3847 3822 3847 3845 3846 3848 3849 3848 3846 3847 3850 3851 3849 3849 3848 3850 3850 3852 3851 3853 3854 3852 3852 3854 3851 3855 3854 3853 3856 3857 3855 3855 3853 3856 3858 3859 3860 3857 3856 3861 3862 3863 3864 3858 3865 3866 3867 3868 3869 3870 3871 3872 3873 3869 3874 3875 3826 3825 3875 3870 3872 3858 3860 3856 3856 3860 3861 3858 3866 3859 3858 3863 3876 3858 3876 3865 3862 3864 3868 3858 3864 3863 3867 3869 3873 3864 3869 3868 3873 3874 3871 3825 3870 3875 3874 3872 3871 3877 3878 3879 3824 3880 3881 3882 3883 3884 3885 3886 3879 3887 3888 3889 3890 3891 3882 3892 3893 3894 3895 3896 3897 3898 3899 3900 3901 3900 3899 3901 3902 3903 3898 3904 3899 3905 3906 3904 3904 3898 3905 3907 3906 3908 3905 3908 3906 3907 3909 3910 3909 3907 3908 3910 3909 3843 3910 3843 3844 3903 3900 3901 3894 3911 3902 3903 3902 3911 3892 3912 3893 3894 3893 3911 3912 3897 3896 3897 3912 3892 3887 3895 3888 3887 3896 3895 3889 3891 3890 3889 3888 3891 3885 3884 3883 3890 3882 3884 3886 3877 3879 3883 3886 3885 3881 3880 3878 3877 3881 3878 3824 3826 3880 3913 3914 3915 3916 3917 3918 3915 3919 3920 3921 3922 3919 3923 3924 3925 3924 3926 3927 3928 3927 3929 3921 3930 3931 3932 3933 3928 3934 3930 3935 3936 3937 3938 3937 3939 3935 3940 3941 3942 3943 3944 3945 3946 3947 3948 3918 3949 3950 3951 3952 3953 3954 3955 3956 3957 3958 3959 3959 3958 3960 3957 3961 3962 3959 3961 3957 3963 3964 3955 3965 3966 3967 3968 3947 3969 3969 3952 3970 3971 3946 3972 3917 3973 3956 3974 3949 3975 3971 3976 3940 3944 3977 3975 3978 3979 3938 3980 3978 3942 3981 3982 3933 3983 3945 3982 3953 3962 3984 3985 3986 3987 3964 3967 3966 3961 3984 3962 3984 3951 3953 3951 3970 3952 3970 3968 3969 3968 3948 3947 3948 3972 3946 3972 3976 3971 3976 3941 3940 3941 3980 3942 3980 3979 3978 3979 3936 3938 3936 3939 3937 3939 3934 3935 3934 3931 3930 3931 3922 3921 3922 3920 3919 3920 3913 3915 3913 3988 3914 3988 3923 3925 3914 3988 3925 3923 3926 3924 3926 3929 3927 3929 3932 3928 3932 3981 3933 3981 3983 3982 3983 3943 3945 3943 3977 3944 3977 3974 3975 3974 3950 3949 3950 3916 3918 3916 3973 3917 3973 3954 3956 3954 3963 3955 3963 3967 3964 3966 3965 3985 3986 3960 3987 3965 3986 3985 3958 3987 3960 3989 3990 3991 3992 3993 3994 3995 3991 3996 3991 3990 3996 3997 3998 3991 3997 3991 3995 3999 4000 3998 3991 3998 4000 4000 4001 4002 4001 4000 3999 4003 4002 4004 4002 4001 4004 4005 4003 4006 4003 4005 4002 4006 4007 4008 4008 4005 4006 4009 4010 4007 4008 4007 4010 4011 4009 4012 4009 4011 4010 3989 4013 3990 4014 4015 3989 3989 4015 4013 4014 4016 4017 4016 4014 3989 4018 4019 4017 4017 4016 4018 4020 4019 4021 4018 4021 4019 4020 4022 4023 4022 4020 4021 4023 4024 4025 4023 4022 4024 4024 4026 4025 4027 4026 4028 4026 4027 4025 4028 4029 4030 4030 4027 4028 4031 4032 4033 4030 4029 4031 4034 4035 4036 4037 4038 4039 4040 4035 4041 4037 4032 4029 4031 4029 4032 4037 4039 4032 4037 4034 4042 4037 4042 4038 4037 4035 4034 4035 4040 4043 4035 4043 4036 4041 3993 4044 4041 4044 4040 3993 4041 3994 4045 4046 4047 3992 4048 4049 4050 4051 4052 4053 4051 4054 4055 4056 4057 4058 4059 4050 4060 4061 4062 4055 4063 4064 4065 4066 4067 4068 4069 4070 4071 4072 4073 4072 4071 4074 4067 4075 4074 4076 4071 4073 4077 4076 4078 4073 4078 4076 4077 4079 4080 4079 4077 4078 4080 4079 4011 4080 4011 4012 4072 4074 4075 4065 4070 4066 4067 4066 4075 4061 4069 4068 4068 4070 4065 4063 4060 4062 4060 4069 4061 4055 4064 4056 4063 4062 4064 4057 4059 4058 4057 4056 4059 4053 4052 4051 4058 4050 4052 4054 4045 4047 4053 4054 4047 4049 4048 4046 4045 4049 4046 3992 3994 4048 4081 4082 4083 4084 4085 4086 4083 4087 4088 4089 4082 4090 4091 4089 4092 4093 4094 4091 4095 4096 4094 4097 4098 4099 4096 4100 4101 4099 4102 4103 4104 4105 4106 4102 4105 4107 4108 4109 4110 4111 4112 4113 4114 4115 4116 4086 4117 4118 4119 4120 4121 4122 4123 4124 4125 4126 4127 4128 4127 4129 4130 4131 4121 4130 4126 4132 4133 4134 4129 4129 4134 4128 4135 4115 4136 4137 4120 4138 4139 4114 4140 4141 4142 4143 4144 4117 4145 4139 4146 4108 4147 4145 4113 4148 4149 4106 4150 4148 4110 4101 4151 4152 4153 4111 4152 4137 4154 4136 4134 4133 4155 4085 4143 4142 4128 4125 4127 4125 4132 4126 4132 4131 4130 4131 4119 4121 4119 4138 4120 4138 4154 4137 4154 4135 4136 4135 4116 4115 4116 4140 4114 4140 4146 4139 4146 4109 4108 4109 4150 4110 4150 4149 4148 4149 4104 4106 4104 4107 4105 4107 4103 4102 4103 4097 4099 4097 4156 4098 4156 4088 4087 4098 4156 4087 4088 4081 4083 4081 4090 4082 4090 4092 4089 4092 4093 4091 4093 4095 4094 4095 4100 4096 4100 4151 4101 4151 4153 4152 4153 4112 4111 4112 4147 4113 4147 4144 4145 4144 4118 4117 4118 4084 4086 4084 4143 4085 4142 4141 4122 4123 4155 4124 4141 4123 4122 4133 4124 4155 4157 4158 4159 4160 4161 4162 4163 4164 4158 4163 4158 4157 4165 4166 4164 4158 4164 4166 4167 4165 4168 4165 4167 4166 4168 4169 4170 4170 4167 4168 4171 4172 4169 4170 4169 4172 4173 4171 4174 4171 4173 4172 4174 4175 4176 4176 4173 4174 4177 4178 4175 4176 4175 4178 4179 4177 4180 4177 4179 4178 4159 4158 4181 4181 4182 4183 4159 4181 4183 4184 4185 4181 4182 4181 4185 4184 4186 4185 4187 4188 4184 4184 4188 4186 4187 4189 4190 4189 4187 4184 4189 4191 4192 4192 4190 4189 4193 4194 4191 4192 4191 4194 4195 4196 4193 4193 4196 4194 4197 4196 4195 4198 4199 4197 4197 4195 4198 4200 4199 4201 4198 4201 4199 4200 4202 4203 4202 4200 4201 4203 4202 4204 4160 4205 4204 4203 4204 4205 4160 4162 4205 4161 4160 4206 4160 4207 4208 4206 4160 4208 4209 4210 4211 4209 4207 4210 4212 4213 4214 4213 4212 4210 4215 4216 4217 4213 4216 4218 4219 4220 4221 4222 4223 4215 4224 4225 4226 4219 4226 4227 4228 4229 4230 4224 4231 4232 4233 4234 4235 4229 4236 4235 4237 4238 4239 4240 4241 4237 4242 4243 4244 4244 4245 4242 4246 4247 4243 4244 4243 4247 4245 4239 4238 4246 4179 4248 4248 4247 4246 4248 4179 4180 4245 4238 4242 4240 4234 4241 4240 4237 4239 4236 4233 4235 4233 4241 4234 4230 4231 4228 4228 4236 4229 4224 4232 4225 4231 4230 4232 4220 4219 4227 4226 4225 4227 4221 4223 4222 4221 4220 4223 4213 4217 4216 4222 4215 4217 4211 4210 4212 4218 4214 4213 4210 4207 4160 4249 4250 4251 4252 4253 4254 4251 4255 4256 4257 4250 4258 4259 4260 4255 4257 4261 4262 4263 4262 4264 4265 4263 4266 4267 4259 4268 4269 4265 4270 4271 4268 4272 4273 4274 4275 4276 4277 4278 4279 4280 4281 4282 4283 4284 4285 4253 4252 4286 4287 4288 4289 4290 4254 4291 4292 4293 4294 4293 4295 4296 4297 4288 4296 4292 4298 4299 4290 4300 4301 4295 4299 4302 4283 4303 4303 4287 4304 4305 4282 4306 4253 4289 4254 4307 4308 4309 4310 4311 4276 4312 4313 4281 4314 4275 4315 4316 4315 4278 4317 4269 4318 4279 4317 4319 4320 4321 4322 4305 4323 4310 4313 4308 4307 4289 4300 4290 4300 4301 4299 4301 4294 4295 4294 4291 4293 4291 4298 4292 4298 4297 4296 4297 4286 4288 4286 4304 4287 4304 4302 4303 4302 4284 4283 4284 4306 4282 4306 4323 4305 4323 4311 4310 4311 4277 4276 4277 4316 4278 4316 4314 4315 4314 4273 4275 4273 4324 4274 4324 4271 4272 4274 4324 4272 4271 4267 4268 4267 4260 4259 4260 4256 4255 4256 4249 4251 4249 4258 4250 4258 4261 4257 4261 4264 4262 4264 4266 4263 4266 4270 4265 4270 4318 4269 4318 4319 4317 4319 4280 4279 4280 4312 4281 4312 4308 4313 4307 4309 4322 4320 4285 4321 4309 4320 4322 4252 4321 4285 4325 4326 4327 4328 4329 4330 4331 4329 4328 4332 4333 4334 4335 4336 4337 4338 4339 4333 4334 4340 4332 4335 4330 4329 4341 4339 4338 4331 4342 4343 4341 4344 4335 4333 4332 4338 4345 4346 4347 4326 4346 4348 4349 4350 4351 4352 4351 4353 4350 4349 4348 4354 4355 4356 4357 4327 4352 4358 4359 4360 4361 4356 4355 4350 4362 4351 4351 4362 4363 4363 4364 4365 4364 4366 4365 4366 4367 4365 4345 4347 4332 4332 4340 4345 4326 4348 4349 4347 4346 4326 4332 4347 4368 4349 4352 4327 4347 4326 4325 4357 4369 4370 4349 4327 4326 4351 4352 4349 4371 4365 4372 4362 4364 4363 4363 4371 4353 4367 4372 4365 4338 4332 4368 4337 4339 4341 4325 4373 4374 4368 4347 4325 4338 4368 4375 4327 4357 4373 4368 4325 4374 4352 4361 4357 4373 4325 4327 4376 4356 4371 4363 4365 4371 4351 4363 4353 4353 4356 4361 4372 4376 4371 4375 4341 4338 4377 4378 4344 4377 4375 4374 4375 4368 4374 4375 4377 4344 4379 4374 4373 4374 4379 4377 4370 4373 4357 4373 4370 4379 4361 4369 4357 4353 4371 4356 4352 4353 4361 4369 4361 4355 4376 4354 4356 4337 4341 4335 4336 4329 4343 4377 4379 4380 4341 4375 4344 4344 4378 4330 4379 4370 4381 4377 4380 4378 4381 4382 4383 4379 4381 4380 4382 4381 4370 4369 4382 4370 4355 4359 4369 4369 4359 4382 4354 4360 4355 4336 4335 4329 4343 4329 4331 4384 4328 4330 4335 4344 4330 4330 4378 4384 4385 4384 4378 4378 4380 4385 4386 4385 4380 4380 4381 4386 4383 4386 4381 4383 4382 4387 4382 4359 4387 4358 4387 4359 4360 4359 4355 4388 4389 4390 4391 4392 4393 4394 4388 4395 4388 4394 4389 4395 4396 4397 4397 4394 4395 4398 4399 4396 4397 4396 4399 4400 4398 4401 4398 4400 4399 4401 4402 4403 4403 4400 4401 4404 4405 4402 4403 4402 4405 4406 4404 4407 4404 4406 4405 4407 4408 4409 4409 4406 4407 4410 4411 4408 4409 4408 4411 4412 4410 4413 4410 4412 4411 4413 4414 4415 4415 4412 4413 4416 4417 4414 4415 4414 4417 4418 4416 4419 4416 4418 4417 4419 4420 4421 4421 4418 4419 4422 4423 4420 4421 4420 4423 4424 4422 4425 4422 4424 4423 4424 4425 4426 4426 4427 4424 4428 4390 4389 4428 4429 4430 4430 4390 4428 4431 4432 4429 4430 4429 4432 4433 4431 4434 4431 4433 4432 4434 4435 4436 4436 4433 4434 4437 4438 4435 4436 4435 4438 4439 4437 4440 4437 4439 4438 4440 4441 4442 4442 4439 4440 4443 4444 4441 4442 4441 4444 4445 4443 4446 4443 4445 4444 4446 4447 4448 4448 4445 4446 4449 4450 4447 4448 4447 4450 4451 4449 4452 4449 4451 4450 4452 4453 4454 4454 4451 4452 4455 4456 4453 4454 4453 4456 4457 4455 4458 4455 4457 4456 4458 4459 4460 4460 4457 4458 4393 4392 4459 4460 4459 4392 4461 4462 4463 4391 4462 4464 4465 4466 4467 4468 4469 4470 4471 4472 4473 4474 4475 4476 4477 4478 4479 4480 4481 4482 4483 4484 4485 4486 4487 4488 4489 4490 4491 4492 4493 4494 4495 4496 4497 4498 4499 4500 4501 4502 4503 4504 4505 4506 4507 4508 4509 4510 4511 4512 4513 4514 4515 4515 4508 4513 4516 4514 4517 4513 4517 4514 4516 4518 4519 4518 4516 4517 4520 4521 4519 4519 4518 4520 4522 4521 4523 4520 4523 4521 4522 4524 4525 4524 4522 4523 4526 4527 4525 4525 4524 4526 4528 4527 4529 4526 4529 4527 4528 4427 4426 4427 4528 4529 4512 4507 4509 4509 4508 4515 4501 4511 4510 4511 4507 4512 4503 4502 4505 4501 4510 4502 4504 4506 4497 4503 4505 4504 4495 4498 4496 4506 4495 4497 4499 4490 4500 4498 4500 4496 4494 4489 4491 4491 4490 4499 4483 4493 4492 4493 4489 4494 4485 4484 4487 4483 4492 4484 4486 4488 4479 4485 4487 4486 4477 4480 4478 4488 4477 4479 4481 4472 4482 4480 4482 4478 4476 4471 4473 4473 4472 4481 4465 4475 4474 4475 4471 4476 4467 4466 4469 4465 4474 4466 4468 4470 4463 4467 4469 4468 4461 4464 4462 4470 4461 4463 4391 4393 4462 4530 4531 4532 4532 4533 4530 4534 4535 4536 4537 4538 4539 4540 4541 4542 4543 4544 4540 4545 4541 4540 4540 4542 4543 4543 4535 4544 4536 4538 4534 4544 4535 4534 4537 4539 4530 4534 4538 4537 4531 4530 4539 4546 4547 4548 4549 4550 4551 4552 4553 4554 4555 4554 4546 4546 4556 4547 4556 4554 4557 4546 4558 4555 4556 4546 4554 4555 4559 4560 4554 4555 4560 4552 4554 4560 4561 4562 4552 4552 4560 4561 4562 4563 4564 4563 4562 4561 4565 4564 4566 4563 4566 4564 4567 4568 4565 4565 4566 4567 4568 4569 4570 4569 4568 4567 4571 4572 4573 4569 4574 4570 4575 4576 4577 4578 4579 4580 4581 4582 4583 4584 4585 4586 4587 4588 4589 4590 4591 4592 4593 4550 4549 4594 4595 4551 4596 4597 4598 4599 4600 4601 4602 4603 4604 4605 4606 4607 4608 4609 4610 4609 4602 4611 4602 4604 4611 4612 4604 4605 4611 4610 4609 4613 4611 4604 4614 4603 4602 4615 4602 4609 4605 4603 4606 4605 4604 4603 4597 4607 4598 4598 4607 4606 4601 4600 4596 4596 4600 4597 4593 4549 4599 4601 4593 4599 4551 4550 4594 4588 4587 4595 4594 4588 4595 4589 4591 4590 4587 4589 4590 4592 4583 4582 4592 4591 4583 4585 4582 4581 4584 4586 4575 4585 4581 4586 4580 4577 4576 4577 4584 4575 4572 4579 4578 4578 4580 4576 4573 4574 4571 4572 4571 4579 4574 4573 4570 4616 4617 4618 4619 4620 4621 4622 4616 4623 4616 4622 4617 4623 4624 4625 4625 4622 4623 4626 4627 4624 4625 4624 4627 4628 4626 4629 4626 4628 4627 4629 4630 4631 4631 4628 4629 4632 4633 4630 4631 4630 4633 4634 4632 4635 4632 4634 4633 4635 4636 4637 4637 4634 4635 4638 4639 4636 4637 4636 4639 4640 4638 4641 4638 4640 4639 4641 4642 4643 4643 4640 4641 4644 4645 4642 4643 4642 4645 4646 4644 4647 4644 4646 4645 4647 4648 4649 4649 4646 4647 4650 4651 4648 4649 4648 4651 4652 4650 4653 4650 4652 4651 4654 4652 4653 4654 4653 4655 4617 4656 4618 4656 4657 4658 4658 4618 4656 4659 4660 4657 4658 4657 4660 4661 4659 4662 4659 4661 4660 4662 4663 4664 4664 4661 4662 4665 4666 4663 4664 4663 4666 4667 4665 4668 4665 4667 4666 4668 4669 4670 4670 4667 4668 4671 4672 4669 4670 4669 4672 4673 4671 4674 4671 4673 4672 4674 4675 4676 4676 4673 4674 4677 4678 4675 4676 4675 4678 4679 4677 4680 4677 4679 4678 4680 4681 4682 4682 4679 4680 4683 4684 4681 4682 4681 4684 4685 4683 4686 4683 4685 4684 4686 4687 4688 4688 4685 4686 4688 4687 4621 4689 4690 4691 4687 4619 4621 4692 4693 4694 4695 4696 4697 4698 4699 4700 4701 4702 4703 4704 4705 4706 4707 4708 4709 4710 4711 4712 4713 4714 4715 4716 4717 4718 4719 4720 4721 4722 4723 4724 4725 4726 4727 4728 4729 4730 4731 4732 4733 4734 4735 4736 4737 4738 4739 4740 4741 4742 4742 4735 4740 4743 4741 4744 4740 4744 4741 4743 4745 4746 4745 4743 4744 4747 4748 4746 4746 4745 4747 4749 4748 4750 4747 4750 4748 4749 4751 4752 4751 4749 4750 4753 4754 4752 4752 4751 4753 4655 4754 4755 4753 4755 4754 4654 4655 4755 4734 4736 4739 4736 4735 4742 4728 4738 4737 4738 4734 4739 4730 4729 4732 4728 4737 4729 4731 4733 4724 4730 4732 4731 4722 4725 4723 4733 4722 4724 4726 4717 4727 4725 4727 4723 4721 4716 4718 4718 4717 4726 4710 4720 4719 4720 4716 4721 4712 4711 4714 4710 4719 4711 4713 4715 4706 4712 4714 4713 4704 4707 4705 4715 4704 4706 4708 4699 4709 4707 4709 4705 4703 4698 4700 4700 4699 4708 4692 4702 4701 4702 4698 4703 4694 4693 4696 4692 4701 4693 4695 4697 4689 4694 4696 4695 4690 4620 4691 4697 4690 4689 4619 4691 4620 4756 4757 4758 4759 4760 4761 4762 4763 4764 4765 4766 4767 4768 4769 4770 4771 4772 4773 4774 4775 4776 4777 4778 4779 4780 4781 4779 4782 4773 4772 4771 4783 4784 4785 4774 4786 4784 4783 4787 4769 4776 4770 4788 4789 4790 4791 4792 4793 4766 4765 4794 4767 4795 4796 4797 4798 4799 4800 4799 4801 4802 4794 4789 4803 4804 4805 4806 4807 4808 4802 4789 4788 4790 4809 4788 4809 4790 4810 4795 4793 4792 4810 4811 4812 4757 4813 4814 4758 4815 4816 4817 4818 4819 4820 4815 4821 4822 4817 4819 4823 4824 4825 4823 4825 4826 4827 4818 4828 4822 4819 4829 4826 4830 4831 4823 4826 4831 4832 4833 4834 4803 4835 4804 4836 4837 4838 4839 4840 4841 4842 4843 4844 4845 4846 4847 4848 4849 4850 4839 4851 4840 4852 4853 4843 4850 4849 4854 4845 4855 4846 4856 4857 4858 4859 4860 4861 4862 4863 4864 4865 4866 4867 4868 4869 4870 4871 4872 4868 4873 4874 4875 4876 4874 4873 4877 4878 4870 4879 4871 4859 4878 4877 4880 4872 4871 4879 4859 4861 4879 4881 4882 4883 4884 4885 4886 4887 4888 4889 4890 4891 4892 4893 4894 4895 4882 4881 4896 4897 4898 4899 4892 4891 4900 4901 4902 4903 4904 4905 4906 4907 4908 4909 4910 4911 4907 4901 4903 4912 4913 4914 4915 4916 4917 4918 4919 4920 4921 4922 4923 4920 4923 4921 4920 4924 4925 4926 4908 4907 4911 4927 4925 4928 4929 4915 4930 4920 4926 4922 4926 4931 4922 4918 4932 4933 4934 4935 4936 4937 4938 4939 4940 4941 4942 4943 4944 4945 4946 4947 4948 4949 4946 4950 4943 4951 4944 4936 4944 4934 4952 4953 4954 4942 4955 4956 4957 4958 4959 4933 4960 4961 4962 4963 4964 4965 4966 4967 4968 4969 4970 4971 4972 4973 4974 4975 4976 4977 4978 4979 4980 4981 4982 4981 4983 4982 4984 4977 4985 4760 4984 4985 4986 4967 4966 4987 4988 4768 4989 4990 4991 4992 4993 4994 4995 4996 4997 4961 4960 4998 4999 4996 5000 4999 4759 5001 5002 5003 5004 5005 4761 5006 5007 5002 5008 4997 5009 5010 4989 5011 5003 5001 4759 5005 5012 5013 5014 4938 5015 5016 5017 5018 5019 5020 5021 4935 5014 5022 5023 5024 5025 5026 5015 5027 5028 5029 5030 5031 5016 5032 5033 5034 5026 5025 4807 4806 4796 5035 4939 5036 5037 4762 4782 5038 5039 5040 4780 5041 5042 5043 5044 5045 5013 5046 4917 5047 5048 5049 5050 5048 5039 5051 5031 5052 5042 5053 5054 4778 5041 4779 5055 5056 5057 5058 5059 5060 5061 5062 5063 5055 5054 5056 4829 5064 4822 5065 5064 4829 4820 4827 4828 4828 4818 4817 4820 4821 4827 5066 4816 4815 4820 5066 4815 5067 4756 4758 4816 5067 4758 4756 4813 4757 4830 4826 4757 4830 4757 4814 4811 4825 4812 4812 4825 4824 4810 4812 4809 4802 4766 4794 4795 4767 4793 5068 5069 5017 5070 4791 5068 5017 5069 5018 4835 5071 5072 4868 4872 4869 5073 4954 4953 5074 5040 5075 4944 4951 4934 5076 5077 5078 5079 5080 5081 5082 5083 5084 4959 4958 4951 4907 5085 4910 4850 4854 5086 5087 4842 4844 4840 4851 5088 4841 4853 5089 4845 5090 4855 5091 4838 4837 5086 5065 4850 5064 5065 5086 5092 5093 5094 5095 5096 5097 5098 5073 5099 5100 5101 5102 5103 4886 5104 5105 5101 5106 5107 5108 5109 5110 5111 5112 5060 5113 5110 5114 5029 5115 5035 5116 5024 5025 5024 5116 4938 5016 5033 5015 5028 5016 5027 5023 5022 5027 5022 5028 5014 5117 5012 5023 5117 5014 5046 5013 5012 4917 4916 5013 4917 4932 4918 4933 4961 4918 5007 4998 4960 5002 5004 5008 5007 5008 4998 5003 5011 5004 4990 5009 4991 4991 5011 4989 5010 5118 4997 4990 5010 5009 4995 5000 4996 5118 4995 4997 4999 5001 4996 4759 4761 5005 5119 5120 5121 4760 4759 5094 5122 5123 5078 5124 5125 5126 5122 5127 5123 5128 5129 5130 4963 5131 5132 5133 4975 5134 5135 4919 5136 5137 5138 5139 5136 5085 5135 5137 5140 5138 4905 5141 4906 5142 4910 5143 5144 5145 5146 5077 5076 5126 5094 5093 4760 5126 5076 5124 5147 5092 5121 5120 5119 5125 5148 5093 5092 5121 5120 5147 4760 4985 4761 4978 4977 4984 4978 4965 4979 4965 4967 4979 4974 4976 4986 4986 4966 4974 5149 5134 4975 4974 5149 4975 4973 5133 5150 5151 5150 5133 5134 5151 5133 4973 5152 4971 5150 5152 4973 4972 4980 4973 4980 5153 4981 4972 5153 4980 4982 4983 4993 4993 5080 4994 4993 4992 4982 5079 5081 5020 4994 5080 5079 4935 5021 4936 5020 5081 5021 5154 5082 5155 4919 4921 5136 4911 5142 4900 5085 4907 5135 5156 5157 5158 5159 5160 5161 5162 5163 5164 4897 4899 5165 5165 4899 4882 5166 5167 4898 5168 5169 5170 4847 4854 4849 5154 5155 5171 4962 5131 4963 5172 4941 5173 5172 4964 4941 4956 5174 4945 4941 4940 5173 4943 4945 5174 4958 4934 4951 4951 4949 4950 4951 4950 4959 4946 4948 4950 4952 4947 5175 4947 4952 4948 5175 4953 4952 5073 5098 4954 5099 5137 5139 5099 5139 5098 5176 5140 4914 5140 5176 5138 4913 4915 4929 5176 4914 4913 4929 4930 4928 4928 4925 4924 4928 4930 4927 4926 4925 4931 4896 5165 4882 5177 4881 4883 5159 5161 5178 5167 4899 4898 5168 5170 5179 4860 4859 5166 5166 4898 4860 4869 4832 4870 4870 4832 4834 5180 5181 5182 5160 5183 5184 5185 4875 4874 5186 5187 5188 5189 5190 5191 5192 5187 5186 4969 5193 5145 5194 5195 5196 5195 5197 5198 5199 5196 5200 5201 5202 5203 5204 5205 5156 4902 4893 4903 4895 5157 4893 5142 5143 5206 4893 4902 4894 5207 4912 5206 5206 5143 5207 5142 4911 4910 4900 4891 4911 4890 5208 4905 5208 4890 4892 5208 5141 4905 5209 5210 5211 5211 5210 4904 4904 4906 5211 5209 5212 5213 5211 5212 5209 5162 5164 5213 5209 5213 5164 5164 5163 4883 5177 4883 5163 4846 4854 4847 5185 4874 5214 5087 4844 5185 5087 5185 5214 4853 4852 5089 4852 4843 4842 4839 4841 5089 5088 4851 5215 5215 4837 4836 4836 5088 5215 5090 4845 4838 5090 4838 5091 5170 5216 5217 5086 5198 5197 5198 5086 4854 5195 5218 5197 5191 5219 5220 5199 5194 5196 5201 5221 5222 5222 5199 5200 5219 5223 5220 5203 5221 5201 5224 5203 5202 5129 5128 5224 5104 5225 5226 5144 5146 5227 5228 5229 5188 5180 4877 4834 5216 5170 5169 5179 5230 5168 5231 5232 4833 5231 5233 5234 5234 5230 5179 4833 4832 5231 4877 4870 4834 5181 5235 5182 5180 5182 4877 4865 5235 5236 5181 5236 5235 4865 4867 4873 4865 5236 4866 4876 4873 4867 4764 4763 5237 4806 4765 4796 4765 4767 4796 4796 4798 4797 4796 4797 4807 4799 4800 4797 4805 4801 5238 4801 4805 4800 5238 4803 4805 4835 5072 4804 5071 4764 5237 5071 5237 5072 4762 5037 4763 4783 4771 4773 4782 4772 5037 4787 4785 4784 4775 4774 4785 4786 4784 4785 4769 4774 4776 4768 4988 4769 4988 4987 4777 4779 5041 4780 4777 4987 4778 5059 5113 5060 5061 5063 5239 5240 5053 5041 5241 5242 5243 5244 5245 5246 4863 5247 5248 5097 5249 5250 5251 5252 5096 5253 5254 5241 5255 5256 5105 4862 4864 5257 5258 5259 5260 5261 4857 5262 5019 4858 5017 4856 5262 4857 5075 5263 5264 5102 5112 5265 5266 5050 5039 5240 5267 5053 5060 5109 5058 5268 5107 5267 5109 5108 5058 5267 5240 5268 5053 5042 5041 5054 5055 5042 5269 5239 5057 5269 5057 5056 5239 5063 5057 5264 5263 5062 5062 5061 5264 5270 5074 5075 5264 5270 5075 5271 5038 5040 5074 5271 5040 5038 5266 5039 5049 5048 5050 5052 5048 5047 5030 5052 5031 5051 5052 5047 5115 5029 5031 5034 5114 5115 5035 5036 5116 5034 5025 5114 4939 4938 5033 4939 5033 5036 5043 4937 4939 5272 5249 5045 5043 5273 4937 5097 5250 5095 5249 5272 5250 5097 5096 5252 5045 5273 5043 5045 5044 5272 5251 5274 5275 5251 5275 5252 5276 5275 5274 4885 4884 5277 5273 5227 5146 5045 5227 5273 5144 4969 5145 5084 5278 5082 4968 4970 5127 5193 4969 4968 5278 5148 5092 5127 4970 5123 5076 5078 5123 5278 5092 5147 5124 5120 5125 5148 5278 5084 5083 5082 5154 5155 4888 5171 5160 5184 4955 4888 4887 5279 5171 4888 5279 5132 4887 4889 4955 5174 4956 4942 4956 4940 4963 5132 4889 5172 4962 4964 5174 4955 5184 5183 5160 5159 5280 5178 5205 5161 5205 5178 5281 5223 5219 5282 5204 5156 5204 5280 5205 4912 5223 5206 5157 4895 5158 5156 5158 5282 4912 5207 4901 5206 5223 5281 5220 5189 5191 5187 5192 5189 5190 5189 5192 5232 5234 5277 5217 5228 5188 5229 5186 5188 5231 5234 5232 5230 5234 5233 5217 5216 5228 5232 5277 4884 4885 5104 4886 5248 5283 4863 5226 5225 5130 5103 5104 5226 5283 5218 5195 5130 5225 5128 5203 5224 5128 5283 5195 5194 5221 5199 5222 5218 5283 5248 5247 4863 4862 4864 5259 5257 5105 5256 5070 5259 5258 5284 5257 5259 5284 5261 5258 5260 5070 4792 4791 5068 4791 5069 4857 5261 5260 5019 4856 4858 4792 5070 5256 5255 5105 5106 5100 5102 5285 5106 5101 5100 5286 5265 5112 5265 5285 5102 5110 5113 5111 5112 5111 5286 5107 5268 5108 5246 5245 5267 5107 5246 5267 5287 5244 5246 5243 5287 5241 5287 5243 5244 5242 5241 5254 5254 5253 5276 5275 5276 5253 5288 5289 5290 5291 5292 5293 5294 5295 5296 5297 5298 5299 5300 5296 5301 5295 5301 5296 5298 5297 5294 5294 5297 5295 5299 5289 5288 5298 5289 5299 5293 5290 5291 5288 5290 5293 5302 5303 5304 5305 5306 5307 5308 5309 5310 5311 5312 5313 5314 5315 5316 5317 5318 5319 5320 5321 5322 5323 5324 5325 5326 5327 5328 5329 5330 5331 5332 5333 5334 5335 5336 5337 5338 5339 5340 5341 5342 5343 5344 5345 5346 5347 5348 5349 5350 5351 5352 5353 5354 5355 5356 5357 5358 5359 5360 5361 5362 5363 5364 5365 5366 5367 5368 5369 5370 5371 5372 5373 5374 5375 5376 5377 5378 5379 5380 5381 5382 5383 5384 5385 5386 5387 5388 5389 5390 5391 5392 5393 5394 5395 5396 5397 5398 5399 5400 5401 5402 5403 5404 5405 5406 5407 5408 5409 5410 5411 5412 5413 5414 5415 5416 5417 5418 5419 5420 5421 5422 5423 5424 5425 5426 5427 5428 5429 5430 5431 5432 5433 5434 5435 5436 5437 5438 5439 5440 5441 5442 5443 5444 5445 5446 5447 5448 5449 5450 5451 5452 5453 5454 5455 5456 5457 5458 5459 5460 5461 5462 5463 5464 5465 5466 5467 5468 5469 5470 5471 5472 5464 5472 5471 5470 5473 5474 5473 5470 5472 5475 5476 5474 5474 5473 5475 5477 5476 5478 5475 5478 5476 5477 5479 5480 5479 5477 5478 5481 5482 5480 5480 5479 5481 5483 5482 5484 5481 5484 5482 5483 5485 5486 5485 5483 5484 5487 5488 5486 5486 5485 5487 5489 5488 5490 5487 5490 5488 5489 5491 5492 5491 5489 5490 5493 5494 5492 5492 5491 5493 5495 5494 5496 5493 5496 5494 5495 5497 5498 5497 5495 5496 5499 5500 5498 5498 5497 5499 5501 5500 5502 5499 5502 5500 5501 5503 5504 5503 5501 5502 5505 5506 5504 5504 5503 5505 5507 5506 5508 5505 5508 5506 5507 5509 5510 5509 5507 5508 5511 5512 5510 5510 5509 5511 5513 5512 5514 5511 5514 5512 5513 5515 5516 5515 5513 5514 5517 5518 5516 5516 5515 5517 5519 5518 5520 5517 5520 5518 5519 5521 5522 5521 5519 5520 5523 5307 5522 5522 5521 5523 5468 5466 5465 5523 5305 5307 5471 5465 5464 5469 5460 5467 5468 5467 5466 5461 5459 5458 5458 5460 5469 5453 5463 5462 5463 5459 5461 5452 5454 5457 5453 5462 5454 5456 5455 5446 5452 5457 5456 5447 5450 5448 5455 5447 5446 5451 5442 5449 5450 5449 5448 5443 5441 5440 5440 5442 5451 5435 5445 5444 5445 5441 5443 5434 5436 5439 5435 5444 5436 5438 5437 5428 5434 5439 5438 5429 5432 5430 5437 5429 5428 5433 5424 5431 5432 5431 5430 5425 5423 5422 5422 5424 5433 5417 5427 5426 5427 5423 5425 5416 5418 5421 5417 5426 5418 5420 5419 5410 5416 5421 5420 5411 5414 5412 5419 5411 5410 5415 5406 5413 5414 5413 5412 5407 5405 5404 5404 5406 5415 5399 5409 5408 5409 5405 5407 5398 5400 5403 5399 5408 5400 5402 5401 5392 5398 5403 5402 5393 5396 5394 5401 5393 5392 5397 5388 5395 5396 5395 5394 5389 5387 5386 5386 5388 5397 5381 5391 5390 5391 5387 5389 5380 5382 5385 5381 5390 5382 5384 5383 5374 5380 5385 5384 5375 5378 5376 5383 5375 5374 5379 5370 5377 5378 5377 5376 5371 5369 5368 5368 5370 5379 5363 5373 5372 5373 5369 5371 5362 5364 5367 5363 5372 5364 5366 5365 5356 5362 5367 5366 5357 5360 5358 5365 5357 5356 5361 5352 5359 5360 5359 5358 5353 5351 5350 5350 5352 5361 5345 5355 5354 5355 5351 5353 5344 5346 5349 5345 5354 5346 5348 5347 5338 5344 5349 5348 5339 5342 5340 5347 5339 5338 5343 5334 5341 5342 5341 5340 5335 5333 5332 5332 5334 5343 5327 5337 5336 5337 5333 5335 5326 5328 5331 5327 5336 5328 5330 5329 5320 5326 5331 5330 5321 5324 5322 5329 5321 5320 5325 5316 5323 5324 5323 5322 5317 5315 5314 5314 5316 5325 5309 5319 5318 5319 5315 5317 5308 5310 5311 5309 5318 5310 5313 5312 5304 5308 5311 5313 5302 5306 5303 5312 5302 5304 5305 5303 5306 5524 5525 5526 5527 5528 5529 5530 5531 5532 5533 5531 5534 5535 5536 5537 5535 5538 5536 5539 5537 5540 5539 5532 5537 5531 5533 5532 5541 5530 5532 5537 5532 5533 5542 5534 5531 5543 5533 5544 5543 5525 5533 5535 5537 5525 5537 5533 5525 5525 5545 5526 5524 5546 5535 5524 5535 5525 5524 5547 5548 5548 5546 5524 5549 5548 5550 5549 5546 5548 5550 5551 5552 5549 5550 5552 5553 5551 5550 5553 5550 5554 5555 5551 5553 5555 5553 5556 5557 5558 5559 5560 5557 5559 5561 5562 5563 5564 5565 5566 5567 5568 5569 5562 5570 5563 5571 5572 5573 5574 5571 5573 5575 5576 5577 5578 5579 5580 5581 5582 5583 5576 5584 5577 5585 5529 5586 5587 5585 5586 5588 5589 5590 5528 5527 5591 5590 5592 5593 5589 5594 5590 5595 5596 5597 5596 5595 5598 5597 5599 5600 5601 5602 5599 5603 5604 5605 5606 5607 5608 5609 5610 5611 5595 5612 5613 5601 5596 5614 5605 5607 5610 5615 5616 5598 5601 5617 5610 5614 5596 5618 5609 5605 5610 5617 5601 5619 5607 5606 5602 5607 5605 5604 5602 5601 5610 5610 5607 5602 5599 5602 5620 5620 5602 5621 5599 5597 5596 5601 5599 5596 5598 5613 5615 5598 5595 5613 5622 5615 5592 5613 5592 5615 5594 5622 5590 5622 5592 5590 5623 5624 5588 5624 5589 5588 5528 5591 5624 5624 5623 5528 5585 5527 5529 5587 5625 5626 5626 5585 5587 5625 5583 5582 5583 5625 5587 5582 5577 5584 5582 5581 5577 5627 5575 5628 5576 5575 5627 5580 5627 5578 5628 5578 5627 5572 5571 5579 5578 5572 5579 5629 5571 5574 5630 5574 5569 5574 5630 5629 5567 5563 5568 5630 5569 5568 5561 5631 5562 5568 5563 5570 5564 5631 5632 5631 5561 5632 5558 5565 5564 5566 5631 5564 5557 5560 5633 5558 5557 5565 5556 5560 5555 5560 5556 5633 5555 5634 5551 5635 5636 5637 5638 5639 5640 5641 5639 5638 5642 5643 5644 5645 5646 5647 5648 5649 5643 5644 5650 5642 5647 5640 5639 5651 5649 5648 5641 5652 5653 5651 5654 5647 5643 5642 5648 5655 5656 5657 5636 5656 5658 5659 5660 5661 5662 5661 5663 5660 5659 5658 5664 5665 5666 5667 5637 5662 5668 5669 5670 5671 5666 5665 5660 5672 5661 5661 5672 5673 5673 5674 5675 5674 5676 5675 5676 5677 5675 5655 5657 5642 5642 5650 5655 5636 5658 5659 5657 5656 5636 5642 5657 5678 5659 5662 5637 5657 5636 5635 5667 5679 5680 5659 5637 5636 5661 5662 5659 5681 5675 5682 5672 5674 5673 5673 5681 5663 5677 5682 5675 5648 5642 5678 5646 5649 5651 5635 5683 5684 5678 5657 5635 5648 5678 5685 5637 5667 5683 5678 5635 5684 5662 5671 5667 5683 5635 5637 5686 5666 5681 5673 5675 5681 5661 5673 5663 5663 5666 5671 5682 5686 5681 5651 5648 5685 5687 5688 5654 5687 5685 5684 5685 5678 5684 5685 5687 5654 5689 5684 5683 5684 5689 5687 5680 5683 5667 5683 5680 5689 5671 5679 5667 5663 5681 5666 5662 5663 5671 5679 5671 5665 5686 5664 5666 5646 5651 5647 5645 5639 5653 5687 5689 5690 5651 5685 5654 5654 5688 5640 5689 5680 5691 5687 5690 5688 5691 5692 5693 5689 5691 5690 5692 5691 5680 5679 5692 5680 5665 5669 5679 5679 5669 5692 5664 5670 5665 5645 5647 5639 5653 5639 5641 5694 5638 5640 5647 5654 5640 5640 5688 5694 5695 5694 5688 5688 5690 5695 5696 5695 5690 5690 5691 5696 5693 5696 5691 5693 5692 5697 5692 5669 5697 5668 5697 5669 5670 5669 5665 5698 5699 5700 5700 5701 5698 5702 5703 5704 5705 5706 5707 5708 5709 5710 5711 5712 5708 5713 5709 5708 5708 5710 5711 5711 5703 5712 5704 5706 5702 5712 5703 5702 5705 5707 5698 5702 5706 5705 5699 5698 5707 5714 5715 5716 5717 5718 5719 5720 5721 5722 5723 5724 5725 5726 5722 5727 5721 5727 5722 5724 5723 5720 5720 5723 5721 5725 5715 5714 5724 5715 5725 5719 5716 5717 5714 5716 5719 5728 5729 5730 5731 5732 5733 5734 5732 5731 5735 5736 5737 5738 5739 5740 5741 5740 5736 5737 5742 5735 5743 5733 5732 5740 5741 5738 5734 5744 5745 5738 5746 5743 5736 5735 5741 5747 5748 5749 5729 5748 5750 5751 5752 5753 5754 5753 5755 5752 5751 5750 5756 5757 5758 5759 5730 5754 5760 5761 5762 5763 5758 5757 5752 5764 5753 5753 5764 5765 5765 5766 5767 5766 5768 5767 5768 5769 5767 5747 5749 5735 5735 5742 5747 5729 5750 5751 5749 5748 5729 5735 5749 5770 5751 5754 5730 5749 5729 5728 5759 5771 5772 5751 5730 5729 5753 5754 5751 5773 5767 5774 5764 5766 5765 5765 5773 5755 5769 5774 5767 5741 5735 5770 5739 5743 5775 5728 5776 5777 5770 5749 5728 5741 5770 5778 5730 5759 5776 5770 5728 5777 5754 5763 5759 5776 5728 5730 5779 5758 5773 5765 5767 5773 5753 5765 5755 5755 5758 5763 5774 5779 5773 5738 5741 5778 5780 5781 5746 5780 5778 5777 5778 5770 5777 5778 5780 5746 5782 5777 5776 5777 5782 5780 5772 5776 5759 5776 5772 5782 5763 5771 5759 5755 5773 5758 5754 5755 5763 5771 5763 5757 5779 5756 5758 5739 5738 5743 5775 5732 5745 5780 5782 5783 5738 5778 5746 5746 5781 5733 5782 5772 5784 5780 5783 5781 5784 5785 5786 5782 5784 5783 5785 5784 5772 5771 5785 5772 5757 5761 5771 5771 5761 5785 5756 5762 5757 5775 5743 5732 5745 5732 5734 5787 5731 5733 5743 5746 5733 5733 5781 5787 5788 5787 5781 5781 5783 5788 5789 5788 5783 5783 5784 5789 5786 5789 5784 5786 5785 5790 5785 5761 5790 5760 5790 5761 5762 5761 5757 5791 5792 5793 5793 5794 5791 5795 5796 5797 5798 5799 5800 5801 5802 5803 5804 5805 5801 5806 5802 5801 5801 5803 5804 5804 5796 5805 5797 5799 5795 5805 5796 5795 5798 5800 5791 5795 5799 5798 5792 5791 5800 5807 5808 5809 5810 5811 5812 5813 5814 5815 5816 5817 5818 5819 5815 5820 5814 5820 5815 5817 5816 5813 5813 5816 5814 5818 5808 5807 5817 5808 5818 5812 5809 5810 5807 5809 5812 5821 5822 5823 5824 5825 5826 5827 5825 5824 5828 5829 5830 5831 5832 5833 5834 5835 5829 5830 5836 5828 5831 5826 5825 5837 5835 5834 5827 5838 5839 5837 5840 5831 5829 5828 5834 5841 5842 5843 5822 5842 5844 5845 5846 5847 5848 5847 5849 5846 5845 5844 5850 5851 5852 5853 5823 5848 5854 5855 5856 5857 5852 5851 5846 5858 5847 5847 5858 5859 5859 5860 5861 5860 5862 5861 5862 5863 5861 5841 5843 5828 5828 5836 5841 5822 5844 5845 5843 5842 5822 5828 5843 5864 5845 5848 5823 5843 5822 5821 5853 5865 5866 5845 5823 5822 5847 5848 5845 5867 5861 5868 5858 5860 5859 5859 5867 5849 5863 5868 5861 5834 5828 5864 5833 5835 5837 5821 5869 5870 5864 5843 5821 5834 5864 5871 5823 5853 5869 5864 5821 5870 5848 5857 5853 5869 5821 5823 5872 5852 5867 5859 5861 5867 5847 5859 5849 5849 5852 5857 5868 5872 5867 5871 5837 5834 5873 5874 5840 5873 5871 5870 5871 5864 5870 5871 5873 5840 5875 5870 5869 5870 5875 5873 5866 5869 5853 5869 5866 5875 5857 5865 5853 5849 5867 5852 5848 5849 5857 5865 5857 5851 5872 5850 5852 5833 5837 5831 5832 5825 5839 5873 5875 5876 5837 5871 5840 5840 5874 5826 5875 5866 5877 5873 5876 5874 5877 5878 5879 5875 5877 5876 5878 5877 5866 5865 5878 5866 5851 5855 5865 5865 5855 5878 5850 5856 5851 5832 5831 5825 5839 5825 5827 5880 5824 5826 5831 5840 5826 5826 5874 5880 5881 5880 5874 5874 5876 5881 5882 5881 5876 5876 5877 5882 5879 5882 5877 5879 5878 5883 5878 5855 5883 5854 5883 5855 5856 5855 5851 5884 5885 5886 5886 5887 5884 5888 5889 5890 5891 5892 5893 5894 5895 5896 5897 5898 5894 5899 5895 5894 5894 5896 5897 5897 5889 5898 5890 5892 5888 5898 5889 5888 5891 5893 5884 5888 5892 5891 5885 5884 5893 5900 5901 5902 5903 5904 5905 5906 5907 5908 5909 5910 5911 5912 5908 5913 5907 5913 5908 5910 5909 5906 5906 5909 5907 5911 5901 5900 5910 5901 5911 5905 5902 5903 5900 5902 5905 5914 5915 5916 5917 5918 5919 5920 5918 5917 5921 5922 5923 5924 5925 5926 5927 5928 5922 5923 5929 5921 5926 5919 5918 5930 5928 5927 5920 5931 5932 5930 5933 5926 5922 5921 5927 5934 5935 5936 5915 5935 5937 5938 5939 5940 5941 5940 5942 5939 5938 5937 5943 5944 5945 5946 5947 5943 5948 5949 5950 5944 5943 5951 5939 5952 5940 5953 5940 5952 5941 5938 5940 5954 5955 5956 5956 5953 5954 5955 5957 5956 5934 5936 5921 5921 5929 5934 5915 5937 5938 5936 5935 5915 5921 5936 5958 5938 5941 5916 5936 5915 5914 5959 5960 5961 5916 5915 5938 5941 5959 5916 5962 5963 5956 5952 5954 5953 5953 5963 5942 5957 5962 5956 5927 5921 5958 5925 5928 5930 5914 5964 5965 5958 5936 5914 5927 5958 5966 5916 5959 5964 5958 5914 5965 5941 5945 5959 5916 5964 5914 5946 5943 5963 5953 5956 5963 5940 5953 5942 5945 5942 5943 5962 5946 5963 5930 5927 5966 5967 5968 5933 5967 5966 5965 5966 5958 5965 5966 5967 5933 5969 5965 5964 5965 5969 5967 5961 5964 5959 5964 5961 5969 5945 5960 5959 5943 5947 5951 5941 5942 5945 5960 5945 5944 5942 5963 5943 5925 5930 5926 5924 5918 5932 5967 5969 5970 5930 5966 5933 5933 5968 5919 5969 5961 5971 5967 5970 5968 5971 5972 5973 5969 5971 5970 5972 5971 5961 5960 5972 5961 5944 5949 5960 5960 5949 5972 5950 5944 5951 5924 5926 5918 5932 5918 5920 5974 5917 5919 5926 5933 5919 5919 5968 5974 5975 5974 5968 5968 5970 5975 5976 5975 5970 5970 5971 5976 5973 5976 5971 5973 5972 5977 5972 5949 5977 5948 5977 5949 5950 5949 5944 5978 5979 5980 5980 5981 5978 5982 5983 5984 5985 5986 5987 5988 5989 5990 5991 5992 5988 5993 5989 5988 5988 5990 5991 5991 5983 5992 5984 5986 5982 5992 5983 5982 5985 5987 5978 5982 5986 5985 5979 5978 5987 5994 5995 5996 5997 5998 5999 6000 6001 6002 6003 6004 6005 6006 6002 6007 6001 6007 6002 6004 6003 6000 6000 6003 6001 6005 5995 5994 6004 5995 6005 5999 5996 5997 5994 5996 5999 6008 6009 6010 6011 6012 6013 6014 6012 6011 6015 6016 6017 6018 6019 6020 6021 6020 6016 6017 6022 6015 6023 6013 6012 6020 6021 6018 6014 6024 6025 6018 6026 6023 6016 6015 6021 6027 6028 6029 6009 6028 6030 6031 6032 6033 6034 6033 6035 6032 6031 6030 6036 6037 6038 6039 6010 6034 6040 6041 6042 6043 6038 6037 6032 6044 6033 6033 6044 6045 6045 6046 6047 6046 6048 6047 6048 6049 6047 6027 6029 6015 6015 6022 6027 6009 6030 6031 6029 6028 6009 6015 6029 6050 6031 6034 6010 6029 6009 6008 6039 6051 6052 6031 6010 6009 6033 6034 6031 6053 6047 6054 6044 6046 6045 6045 6053 6035 6049 6054 6047 6021 6015 6050 6019 6023 6055 6008 6056 6057 6050 6029 6008 6021 6050 6058 6010 6039 6056 6050 6008 6057 6034 6043 6039 6056 6008 6010 6059 6038 6053 6045 6047 6053 6033 6045 6035 6035 6038 6043 6054 6059 6053 6018 6021 6058 6060 6061 6026 6060 6058 6057 6058 6050 6057 6058 6060 6026 6062 6057 6056 6057 6062 6060 6052 6056 6039 6056 6052 6062 6043 6051 6039 6035 6053 6038 6034 6035 6043 6051 6043 6037 6059 6036 6038 6019 6018 6023 6055 6012 6025 6060 6062 6063 6018 6058 6026 6026 6061 6013 6062 6052 6064 6060 6063 6061 6064 6065 6066 6062 6064 6063 6065 6064 6052 6051 6065 6052 6037 6041 6051 6051 6041 6065 6036 6042 6037 6055 6023 6012 6025 6012 6014 6067 6011 6013 6023 6026 6013 6013 6061 6067 6068 6067 6061 6061 6063 6068 6069 6068 6063 6063 6064 6069 6066 6069 6064 6066 6065 6070 6065 6041 6070 6040 6070 6041 6042 6041 6037 6071 6072 6073 6073 6074 6071 6075 6076 6077 6078 6079 6080 6081 6082 6083 6084 6085 6081 6086 6082 6081 6081 6083 6084 6084 6076 6085 6077 6079 6075 6085 6076 6075 6078 6080 6071 6075 6079 6078 6072 6071 6080 6087 6088 6089 6090 6091 6092 6093 6094 6095 6096 6097 6098 6099 6095 6100 6094 6100 6095 6097 6096 6093 6093 6096 6094 6098 6088 6087 6097 6088 6098 6092 6089 6090 6087 6089 6092 6101 6102 6103 6104 6105 6106 6107 6105 6104 6108 6109 6110 6111 6112 6113 6114 6115 6109 6110 6116 6108 6111 6106 6105 6117 6115 6114 6107 6118 6119 6117 6120 6111 6109 6108 6114 6121 6122 6123 6102 6122 6124 6125 6126 6127 6128 6127 6129 6126 6125 6124 6130 6131 6132 6133 6103 6128 6134 6135 6136 6137 6132 6131 6126 6138 6127 6127 6138 6139 6139 6140 6141 6140 6142 6141 6142 6143 6141 6121 6123 6108 6108 6116 6121 6102 6124 6125 6123 6122 6102 6108 6123 6144 6125 6128 6103 6123 6102 6101 6133 6145 6146 6125 6103 6102 6127 6128 6125 6147 6141 6148 6138 6140 6139 6139 6147 6129 6143 6148 6141 6114 6108 6144 6113 6115 6117 6101 6149 6150 6144 6123 6101 6114 6144 6151 6103 6133 6149 6144 6101 6150 6128 6137 6133 6149 6101 6103 6152 6132 6147 6139 6141 6147 6127 6139 6129 6129 6132 6137 6148 6152 6147 6151 6117 6114 6153 6154 6120 6153 6151 6150 6151 6144 6150 6151 6153 6120 6155 6150 6149 6150 6155 6153 6146 6149 6133 6149 6146 6155 6137 6145 6133 6129 6147 6132 6128 6129 6137 6145 6137 6131 6152 6130 6132 6113 6117 6111 6112 6105 6119 6153 6155 6156 6117 6151 6120 6120 6154 6106 6155 6146 6157 6153 6156 6154 6157 6158 6159 6155 6157 6156 6158 6157 6146 6145 6158 6146 6131 6135 6145 6145 6135 6158 6130 6136 6131 6112 6111 6105 6119 6105 6107 6160 6104 6106 6111 6120 6106 6106 6154 6160 6161 6160 6154 6154 6156 6161 6162 6161 6156 6156 6157 6162 6159 6162 6157 6159 6158 6163 6158 6135 6163 6134 6163 6135 6136 6135 6131 6164 6165 6166 6166 6167 6164 6168 6169 6170 6171 6172 6173 6174 6175 6176 6177 6178 6174 6179 6175 6174 6174 6176 6177 6177 6169 6178 6170 6172 6168 6178 6169 6168 6171 6173 6164 6168 6172 6171 6165 6164 6173 6180 6181 6182 6183 6184 6185 6186 6187 6188 6189 6190 6191 6192 6188 6193 6187 6193 6188 6190 6189 6186 6186 6189 6187 6191 6181 6180 6190 6181 6191 6185 6182 6183 6180 6182 6185 6194 6195 6196 6197 6198 6199 6200 6198 6197 6201 6202 6203 6204 6205 6206 6207 6208 6202 6203 6209 6201 6206 6199 6198 6210 6208 6207 6200 6211 6212 6210 6213 6206 6202 6201 6207 6214 6215 6216 6195 6215 6217 6218 6219 6220 6221 6220 6222 6219 6218 6217 6223 6224 6225 6226 6196 6221 6227 6228 6229 6230 6225 6224 6219 6231 6220 6220 6231 6232 6232 6233 6234 6233 6235 6234 6235 6236 6234 6214 6216 6201 6201 6209 6214 6195 6217 6218 6216 6215 6195 6201 6216 6237 6218 6221 6196 6216 6195 6194 6226 6238 6239 6218 6196 6195 6220 6221 6218 6240 6234 6241 6231 6233 6232 6232 6240 6222 6236 6241 6234 6207 6201 6237 6205 6208 6210 6194 6242 6243 6237 6216 6194 6207 6237 6244 6196 6226 6242 6237 6194 6243 6221 6230 6226 6242 6194 6196 6245 6225 6240 6232 6234 6240 6220 6232 6222 6222 6225 6230 6241 6245 6240 6210 6207 6244 6246 6247 6213 6246 6244 6243 6244 6237 6243 6244 6246 6213 6248 6243 6242 6243 6248 6246 6239 6242 6226 6242 6239 6248 6230 6238 6226 6222 6240 6225 6221 6222 6230 6238 6230 6224 6245 6223 6225 6205 6210 6206 6204 6198 6212 6246 6248 6249 6210 6244 6213 6213 6247 6199 6248 6239 6250 6246 6249 6247 6250 6251 6252 6248 6250 6249 6251 6250 6239 6238 6251 6239 6224 6228 6238 6238 6228 6251 6223 6229 6224 6204 6206 6198 6212 6198 6200 6253 6197 6199 6206 6213 6199 6199 6247 6253 6254 6253 6247 6247 6249 6254 6255 6254 6249 6249 6250 6255 6252 6255 6250 6252 6251 6256 6251 6228 6256 6227 6256 6228 6229 6228 6224 6257 6258 6259 6259 6260 6257 6261 6262 6263 6264 6265 6266 6267 6268 6269 6270 6271 6267 6272 6268 6267 6267 6269 6270 6270 6262 6271 6263 6265 6261 6271 6262 6261 6264 6266 6257 6261 6265 6264 6258 6257 6266 6273 6274 6275 6276 6277 6278 6279 6280 6281 6282 6283 6284 6285 6281 6286 6280 6286 6281 6283 6282 6279 6279 6282 6280 6284 6274 6273 6283 6274 6284 6278 6275 6276 6273 6275 6278 6287 6288 6289 6290 6291 6292 6293 6291 6290 6294 6295 6296 6297 6298 6299 6300 6299 6295 6296 6301 6294 6302 6292 6291 6299 6300 6297 6293 6303 6304 6297 6305 6302 6295 6294 6300 6306 6307 6308 6288 6307 6309 6310 6311 6312 6313 6312 6314 6311 6310 6309 6315 6316 6317 6318 6289 6313 6319 6320 6321 6322 6317 6316 6311 6323 6312 6312 6323 6324 6324 6325 6326 6325 6327 6326 6327 6328 6326 6306 6308 6294 6294 6301 6306 6288 6309 6310 6308 6307 6288 6294 6308 6329 6310 6313 6289 6308 6288 6287 6318 6330 6331 6310 6289 6288 6312 6313 6310 6332 6326 6333 6323 6325 6324 6324 6332 6314 6328 6333 6326 6300 6294 6329 6298 6302 6334 6287 6335 6336 6329 6308 6287 6300 6329 6337 6289 6318 6335 6329 6287 6336 6313 6322 6318 6335 6287 6289 6338 6317 6332 6324 6326 6332 6312 6324 6314 6314 6317 6322 6333 6338 6332 6297 6300 6337 6339 6340 6305 6339 6337 6336 6337 6329 6336 6337 6339 6305 6341 6336 6335 6336 6341 6339 6331 6335 6318 6335 6331 6341 6322 6330 6318 6314 6332 6317 6313 6314 6322 6330 6322 6316 6338 6315 6317 6298 6297 6302 6334 6291 6304 6339 6341 6342 6297 6337 6305 6305 6340 6292 6341 6331 6343 6339 6342 6340 6343 6344 6345 6341 6343 6342 6344 6343 6331 6330 6344 6331 6316 6320 6330 6330 6320 6344 6315 6321 6316 6334 6302 6291 6304 6291 6293 6346 6290 6292 6302 6305 6292 6292 6340 6346 6347 6346 6340 6340 6342 6347 6348 6347 6342 6342 6343 6348 6345 6348 6343 6345 6344 6349 6344 6320 6349 6319 6349 6320 6321 6320 6316 6350 6351 6352 6352 6353 6350 6354 6355 6356 6357 6358 6359 6360 6361 6362 6363 6364 6360 6365 6361 6360 6360 6362 6363 6363 6355 6364 6356 6358 6354 6364 6355 6354 6357 6359 6350 6354 6358 6357 6351 6350 6359 6366 6367 6368 6369 6370 6371 6372 6373 6374 6375 6376 6377 6378 6374 6379 6373 6379 6374 6376 6375 6372 6372 6375 6373 6377 6367 6366 6376 6367 6377 6371 6368 6369 6366 6368 6371 6380 6381 6382 6383 6384 6385 6386 6384 6383 6387 6388 6389 6390 6391 6392 6393 6394 6388 6389 6395 6387 6390 6385 6384 6396 6394 6393 6386 6397 6398 6396 6399 6390 6388 6387 6393 6400 6401 6402 6381 6401 6403 6404 6405 6406 6407 6406 6408 6405 6404 6403 6409 6410 6411 6412 6382 6407 6413 6414 6415 6416 6411 6410 6405 6417 6406 6406 6417 6418 6418 6419 6420 6419 6421 6420 6421 6422 6420 6400 6402 6387 6387 6395 6400 6381 6403 6404 6402 6401 6381 6387 6402 6423 6404 6407 6382 6402 6381 6380 6412 6424 6425 6404 6382 6381 6406 6407 6404 6426 6420 6427 6417 6419 6418 6418 6426 6408 6422 6427 6420 6393 6387 6423 6392 6394 6396 6380 6428 6429 6423 6402 6380 6393 6423 6430 6382 6412 6428 6423 6380 6429 6407 6416 6412 6428 6380 6382 6431 6411 6426 6418 6420 6426 6406 6418 6408 6408 6411 6416 6427 6431 6426 6430 6396 6393 6432 6433 6399 6432 6430 6429 6430 6423 6429 6430 6432 6399 6434 6429 6428 6429 6434 6432 6425 6428 6412 6428 6425 6434 6416 6424 6412 6408 6426 6411 6407 6408 6416 6424 6416 6410 6431 6409 6411 6392 6396 6390 6391 6384 6398 6432 6434 6435 6396 6430 6399 6399 6433 6385 6434 6425 6436 6432 6435 6433 6436 6437 6438 6434 6436 6435 6437 6436 6425 6424 6437 6425 6410 6414 6424 6424 6414 6437 6409 6415 6410 6391 6390 6384 6398 6384 6386 6439 6383 6385 6390 6399 6385 6385 6433 6439 6440 6439 6433 6433 6435 6440 6441 6440 6435 6435 6436 6441 6438 6441 6436 6438 6437 6442 6437 6414 6442 6413 6442 6414 6415 6414 6410 6443 6444 6445 6445 6446 6443 6447 6448 6449 6450 6451 6452 6453 6454 6455 6456 6457 6453 6458 6454 6453 6453 6455 6456 6456 6448 6457 6449 6451 6447 6457 6448 6447 6450 6452 6443 6447 6451 6450 6444 6443 6452 6459 6460 6461 6462 6463 6464 6465 6466 6467 6468 6469 6470 6471 6467 6472 6466 6472 6467 6469 6468 6465 6465 6468 6466 6470 6460 6459 6469 6460 6470 6464 6461 6462 6459 6461 6464 6473 6474 6475 6476 6477 6478 6479 6477 6476 6480 6481 6482 6483 6484 6485 6486 6487 6481 6482 6488 6480 6485 6478 6477 6489 6487 6486 6479 6490 6491 6489 6492 6485 6481 6480 6486 6493 6494 6495 6474 6494 6496 6497 6498 6499 6500 6499 6501 6498 6497 6496 6502 6503 6504 6505 6475 6500 6506 6507 6508 6509 6504 6503 6498 6510 6499 6499 6510 6511 6511 6512 6513 6512 6514 6513 6514 6515 6513 6493 6495 6480 6480 6488 6493 6474 6496 6497 6495 6494 6474 6480 6495 6516 6497 6500 6475 6495 6474 6473 6505 6517 6518 6497 6475 6474 6499 6500 6497 6519 6513 6520 6510 6512 6511 6511 6519 6501 6515 6520 6513 6486 6480 6516 6484 6487 6489 6473 6521 6522 6516 6495 6473 6486 6516 6523 6475 6505 6521 6516 6473 6522 6500 6509 6505 6521 6473 6475 6524 6504 6519 6511 6513 6519 6499 6511 6501 6501 6504 6509 6520 6524 6519 6489 6486 6523 6525 6526 6492 6525 6523 6522 6523 6516 6522 6523 6525 6492 6527 6522 6521 6522 6527 6525 6518 6521 6505 6521 6518 6527 6509 6517 6505 6501 6519 6504 6500 6501 6509 6517 6509 6503 6524 6502 6504 6484 6489 6485 6483 6477 6491 6525 6527 6528 6489 6523 6492 6492 6526 6478 6527 6518 6529 6525 6528 6526 6529 6530 6531 6527 6529 6528 6530 6529 6518 6517 6530 6518 6503 6507 6517 6517 6507 6530 6502 6508 6503 6483 6485 6477 6491 6477 6479 6532 6476 6478 6485 6492 6478 6478 6526 6532 6533 6532 6526 6526 6528 6533 6534 6533 6528 6528 6529 6534 6531 6534 6529 6531 6530 6535 6530 6507 6535 6506 6535 6507 6508 6507 6503 6536 6537 6538 6538 6539 6536 6540 6541 6542 6543 6544 6545 6546 6547 6548 6549 6550 6546 6551 6547 6546 6546 6548 6549 6549 6541 6550 6542 6544 6540 6550 6541 6540 6543 6545 6536 6540 6544 6543 6537 6536 6545 6552 6553 6554 6555 6556 6557 6558 6559 6560 6561 6562 6563 6564 6560 6565 6559 6565 6560 6562 6561 6558 6558 6561 6559 6563 6553 6552 6562 6553 6563 6557 6554 6555 6552 6554 6557 6566 6567 6568 6569 6570 6571 6572 6569 6571 6573 6574 6575 6575 6570 6573 6576 6577 6578 6576 6579 6577 6572 6580 6569 6581 6582 6583 6584 6585 6586 6574 6587 6588 6582 6573 6589 6587 6574 6573 6590 6591 6592 6591 6590 6588 6593 6594 6595 6566 6590 6592 6596 6568 6567 6593 6596 6567 6595 6594 6597 6598 6599 6600 6601 6591 6581 6599 6598 6602 6597 6603 6600 6604 6605 6606 6599 6602 6606 6595 6597 6607 6566 6592 6567 6594 6593 6567 6591 6588 6587 6567 6592 6608 6587 6582 6581 6592 6591 6601 6583 6609 6610 6587 6581 6591 6573 6582 6587 6611 6569 6612 6575 6571 6570 6570 6611 6589 6580 6612 6569 6594 6567 6608 6607 6600 6613 6601 6614 6615 6608 6592 6601 6594 6608 6616 6581 6583 6614 6608 6601 6615 6582 6579 6583 6614 6601 6581 6617 6577 6611 6570 6569 6611 6573 6570 6589 6589 6577 6579 6612 6617 6611 6597 6594 6616 6618 6619 6603 6618 6616 6615 6616 6608 6615 6616 6618 6603 6620 6615 6614 6615 6620 6618 6610 6614 6583 6614 6610 6620 6579 6609 6583 6589 6611 6577 6582 6589 6579 6609 6579 6576 6617 6578 6577 6607 6597 6600 6613 6599 6605 6618 6620 6621 6597 6616 6603 6603 6619 6598 6620 6610 6622 6618 6621 6619 6622 6623 6624 6620 6622 6621 6623 6622 6610 6609 6623 6610 6576 6585 6609 6609 6585 6623 6578 6586 6576 6613 6600 6599 6605 6599 6606 6625 6602 6598 6600 6603 6598 6598 6619 6625 6626 6625 6619 6619 6621 6626 6627 6626 6621 6621 6622 6627 6624 6627 6622 6624 6623 6628 6623 6585 6628 6584 6628 6585 6586 6585 6576 6629 6630 6631 6631 6632 6629 6630 6633 6634 6635 6636 6637 6638 6634 6639 6640 6636 6635 6636 6640 6641 6636 6638 6637 6639 6637 6638 6634 6642 6639 6633 6630 6629 6642 6634 6633 6631 6643 6632 6644 6643 6631 6645 6646 6647 6648 6649 6650 6651 6652 6653 6654 6655 6656 6657 6656 6655 6658 6655 6654 6657 6649 6648 6657 6648 6656 6650 6652 6651 6649 6652 6650 6645 6653 6646 6651 6653 6645 6659 6660 6661 6662 6663 6664 6665 6666 6667 6668 6664 6669 6669 6664 6663 6668 6669 6670 6671 6672 6673 6662 6666 6665 6674 6675 6676 6677 6678 6679 6680 6681 6682 6680 6682 6683 6684 6685 6686 6687 6688 6681 6689 6690 6691 6692 6693 6694 6695 6696 6697 6698 6699 6696 6700 6701 6702 6703 6704 6705 6706 6707 6708 6709 6710 6711 6712 6713 6714 6715 6716 6717 6718 6719 6720 6721 6722 6723 6724 6725 6726 6727 6728 6729 6730 6731 6732 6733 6734 6735 6736 6737 6738 6739 6740 6741 6742 6743 6744 6743 6742 6745 6746 6744 6747 6743 6747 6744 6748 6749 6746 6746 6747 6748 6749 6750 6751 6750 6749 6748 6752 6751 6753 6750 6753 6751 6754 6755 6752 6752 6753 6754 6755 6756 6757 6756 6755 6754 6758 6757 6759 6756 6759 6757 6760 6761 6758 6758 6759 6760 6761 6762 6763 6762 6761 6760 6764 6763 6765 6762 6765 6763 6766 6767 6764 6764 6765 6766 6767 6768 6769 6768 6767 6766 6770 6769 6771 6768 6771 6769 6742 6738 6745 6770 6771 6772 6736 6740 6737 6738 6737 6745 6741 6730 6739 6736 6741 6740 6732 6731 6735 6739 6730 6732 6734 6733 6725 6735 6731 6733 6727 6724 6726 6724 6734 6725 6720 6729 6728 6728 6727 6726 6718 6722 6719 6720 6719 6729 6723 6712 6721 6718 6723 6722 6714 6713 6717 6721 6712 6714 6716 6715 6707 6717 6713 6715 6709 6706 6708 6706 6716 6707 6702 6711 6710 6710 6709 6708 6700 6704 6701 6702 6701 6711 6705 6695 6703 6700 6705 6704 6697 6696 6699 6703 6695 6697 6689 6698 6690 6699 6698 6689 6694 6691 6692 6691 6690 6692 6686 6685 6693 6685 6694 6693 6688 6687 6684 6688 6684 6686 6682 6676 6683 6681 6680 6687 6674 6677 6675 6676 6675 6683 6678 6661 6679 6674 6678 6677 6660 6659 6672 6679 6661 6660 6671 6673 6667 6672 6659 6673 6662 6665 6663 6666 6671 6667 6773 6774 6670 6670 6774 6668 6775 6670 6776 6775 6773 6670 6777 6778 6670 6776 6670 6778 6779 6780 6781 6779 6782 6783 6783 6780 6779 6784 6782 6785 6782 6784 6783 6786 6787 6785 6784 6785 6787 6786 6788 6789 6789 6787 6786 6790 6788 6791 6788 6790 6789 6792 6793 6791 6790 6791 6793 6792 6794 6795 6795 6793 6792 6796 6794 6797 6794 6796 6795 6798 6799 6797 6796 6797 6799 6798 6800 6801 6801 6799 6798 6802 6800 6803 6800 6802 6801 6804 6805 6803 6802 6803 6805 6804 6806 6807 6807 6805 6804 6808 6806 6809 6806 6808 6807 6810 6811 6809 6808 6809 6811 6810 6812 6813 6813 6811 6810 6814 6812 6815 6812 6814 6813 6816 6817 6815 6814 6815 6817 6816 6818 6819 6819 6817 6816 6820 6818 6821 6818 6820 6819 6822 6823 6821 6820 6821 6823 6822 6824 6825 6825 6823 6822 6826 6824 6827 6824 6826 6825 6828 6829 6827 6826 6827 6829 6828 6830 6831 6831 6829 6828 6832 6830 6833 6830 6832 6831 6834 6835 6833 6832 6833 6835 6834 6836 6837 6837 6835 6834 6838 6781 6839 6780 6839 6781 6840 6841 6838 6838 6839 6840 6841 6842 6843 6842 6841 6840 6844 6843 6845 6842 6845 6843 6846 6847 6844 6844 6845 6846 6847 6848 6849 6848 6847 6846 6850 6849 6851 6848 6851 6849 6852 6853 6850 6850 6851 6852 6853 6854 6855 6854 6853 6852 6856 6855 6857 6854 6857 6855 6858 6859 6856 6856 6857 6858 6859 6860 6861 6860 6859 6858 6862 6861 6863 6860 6863 6861 6864 6865 6862 6862 6863 6864 6865 6866 6867 6866 6865 6864 6868 6867 6869 6866 6869 6867 6870 6871 6868 6868 6869 6870 6871 6872 6873 6872 6871 6870 6874 6873 6875 6872 6875 6873 6876 6877 6874 6874 6875 6876 6877 6878 6879 6878 6877 6876 6880 6879 6881 6878 6881 6879 6882 6883 6880 6880 6881 6882 6883 6884 6885 6884 6883 6882 6886 6885 6887 6884 6887 6885 6888 6889 6886 6886 6887 6888 6889 6890 6891 6890 6889 6888 6892 6891 6893 6890 6893 6891 6892 6893 6894 6893 6895 6894 6896 6897 6898 6899 6900 6901 6902 6903 6904 6905 6906 6907 6908 6909 6910 6910 6911 6912 6913 6914 6915 6916 6917 6918 6918 6919 6916 6920 6917 6921 6920 6918 6917 6917 6922 6923 6924 6920 6921 6925 6926 6922 6922 6927 6923 6928 6929 6930 6931 6922 6930 6932 6933 6934 6935 6936 6928 6937 6938 6939 6940 6941 6939 6942 6939 6943 6944 6945 6946 6947 6940 6946 6948 6949 6944 6949 6945 6944 6950 6949 6951 6951 6949 6948 6948 6952 6953 6953 6954 6948 6955 6956 6957 6952 6958 6959 6960 6961 6962 6963 6956 6964 6965 6966 6967 6968 6969 6970 6971 6969 6972 6973 6972 6969 6974 6975 6976 6971 6972 6976 6977 6978 6979 6975 6974 6978 6980 6981 6974 6978 6981 6979 6982 6980 6983 6984 6985 6980 6986 6987 6988 6980 6988 6989 6990 6991 6992 6993 6988 6990 6994 6995 6996 6997 6998 6999 6999 7000 7001 7002 6999 7003 7004 7000 7005 7000 7004 7001 6919 7006 6916 7004 7005 7007 6903 6902 7008 7009 7010 7011 7012 7013 7014 6999 7001 6997 7001 7015 6997 6999 7016 7003 6999 6998 7016 7017 7018 7019 7018 7002 7019 6999 7002 7018 6996 7018 7020 7021 7020 7018 7017 7021 7018 6995 6990 6996 7020 6994 6996 6993 6990 6992 6995 6991 6990 6986 6988 6993 6988 6987 6989 6980 6989 6983 6982 6984 6980 6981 6980 6985 6978 6974 6981 6975 6971 6976 6969 6968 6973 7022 6952 6955 6947 6941 6940 7023 7010 7024 7025 7026 7027 7028 7025 7023 7029 7030 7031 7032 7031 7025 7033 7030 7034 7034 7035 7033 6973 7036 7037 6973 7038 7036 6973 6968 7038 7039 7037 7040 7037 7041 7040 7037 7036 7041 7042 6966 7043 7037 7043 6966 7039 7043 7037 7042 6967 6966 6962 6965 6960 6965 6962 6966 6964 6962 6961 6957 6956 6963 6964 6956 6962 6952 6956 6955 6952 7022 6958 6959 6953 6952 6948 6954 6951 7044 6949 6950 6945 6947 6946 7045 6939 7046 7047 6930 7048 7008 7006 6903 7049 7030 7033 7050 7049 7051 7033 7051 7049 7052 6914 6913 6913 7050 7052 7053 7054 6915 6939 6941 6943 6941 7055 6943 6939 6942 7046 7056 6938 7057 7045 6937 6939 6938 6937 7057 6933 6932 7058 6938 7058 6932 7056 7058 6938 6935 6932 6934 7059 6928 6936 6935 6928 6932 7048 6930 6929 6929 6928 7059 6930 7047 6931 6922 6931 6925 6926 6927 6922 6917 6923 6921 7060 6920 6924 7006 6919 6903 7061 7030 7029 7062 7063 7064 7065 7066 7067 7068 7069 7070 7071 7068 7072 7073 7074 6907 7075 6905 7070 7076 7064 7077 6907 7077 7063 7008 7078 7079 7008 7080 7078 7008 6902 7080 7081 7079 7082 7079 7083 7082 7079 7078 7083 7014 7013 7084 7079 7084 7013 7081 7084 7079 7085 7013 7012 7010 7085 7011 7085 7010 7013 7024 7010 7009 7086 7023 7024 7026 7025 7028 7028 7023 7086 7025 7027 7032 7025 7031 7030 7030 7061 7034 7087 7033 7035 7051 7052 7050 7088 7089 6915 6906 7090 6907 7091 7064 7076 7092 7093 7094 7095 7096 7097 7062 7096 7063 7098 7099 7095 7095 7097 7098 7100 7099 7098 6915 6914 7088 6914 7101 7088 6915 7102 7053 6915 7089 7102 7103 7104 7105 7104 7054 7105 6915 7054 7104 7067 7104 7106 7107 7106 7104 7103 7107 7104 7066 7068 7067 7106 7065 7067 7069 7068 7071 7066 7072 7068 7108 7070 7069 6907 7070 6905 7075 7070 7108 7073 6907 7090 7077 6907 7074 7062 7097 7096 7077 7064 7063 7100 7098 7109 6899 7110 7111 7112 7113 7114 6910 7115 7116 7115 7114 7117 7118 7119 6909 6910 6912 6908 7120 7121 7122 7122 7119 7120 7099 7123 7124 7099 7125 7123 7099 7100 7125 7126 7124 7127 7124 7128 7127 7124 7123 7128 7129 7092 7130 7124 7130 7092 7126 7130 7124 7094 6897 7092 7129 7093 7092 7112 6897 6896 7094 6898 6897 7117 7114 7113 7112 7114 6897 6910 7114 7115 6909 6908 7118 6910 7116 6911 6909 7119 7122 7131 7132 7122 7122 7132 6909 6899 7111 7131 7111 7132 7131 7133 7134 7135 6899 7136 7110 7137 6899 7138 7137 7136 6899 7139 7140 6900 7138 6899 7141 7140 7142 6900 7143 7142 7140 7144 7142 7143 7145 7146 7142 7142 7147 7145 7148 7146 7149 7150 7146 7145 7151 7152 7153 7152 7146 7148 7152 7151 7154 7155 7156 7157 7155 7154 7158 7159 7160 7161 7162 7163 7164 7165 7166 7167 7168 7160 7165 7169 7170 7165 7165 7170 7166 7171 7172 7173 7174 7169 7175 7135 7176 7177 7173 7172 7176 7133 7135 7177 7178 7179 7180 7134 7181 7135 7169 7174 7182 7169 7171 7175 7182 7170 7169 7175 7183 7174 7173 7175 7171 7165 7167 7184 7184 7168 7165 7172 7177 7176 7161 7160 7168 7159 7185 7160 7160 7185 7186 7186 7185 7187 7186 7187 7188 7189 7190 7191 7190 7186 7191 7192 7193 7194 7195 7196 7197 7198 7199 7200 7194 7193 7201 7202 7203 7204 7205 7206 7207 7200 7208 7198 7209 7204 7203 7210 7200 7199 7203 7198 7208 7178 7180 7211 7180 7212 7211 7213 7214 7215 7179 7216 7180 7217 7209 7203 7210 7199 7212 7205 7203 7202 7208 7218 7217 7219 7207 7206 7207 7203 7205 7217 7203 7208 7207 7219 7220 7220 7221 7207 7221 7222 7193 7207 7221 7193 7192 7194 7223 7193 7222 7201 7224 7225 7226 7224 7226 7227 7228 7229 7230 7215 7231 7232 7233 7234 7235 7236 7237 7231 7238 7239 7240 7241 7242 7243 7235 7238 7244 7245 7246 7242 7236 7247 7237 7246 7243 7242 7215 7214 7231 7236 7231 7214 7213 7248 7214 7249 7250 7251 7246 7239 7243 7247 7241 7237 7240 7252 7238 7242 7253 7245 7241 7247 7242 7238 7243 7239 7238 7235 7234 7238 7252 7244 7234 7254 7255 7234 7233 7254 7255 7256 7229 7234 7255 7229 7257 7228 7258 7259 7230 7229 7260 7261 7262 7263 7257 7264 7265 7266 7267 7268 7269 7270 7271 7266 7265 7272 7273 7274 7275 7268 7276 7274 7268 7272 7277 7278 7272 7279 7280 7281 7272 7282 7283 7251 7250 7284 7250 7285 7284 7249 7286 7250 7287 7288 7289 7290 7277 7272 7281 7285 7279 7272 7278 7273 7283 7291 7290 7268 7274 7276 7272 7283 7290 7282 7280 7283 7280 7282 7281 7268 7275 7292 7269 7268 7292 7269 7293 7270 7270 7293 7294 7266 7270 7294 7260 7287 7261 7295 7296 7261 7297 7298 7299 7300 7301 7302 7303 7304 7305 7305 7306 7307 7308 7309 7310 7311 7312 7310 7310 7312 7308 7313 7314 7315 7316 7311 7317 7289 7318 7319 7315 7314 7318 7287 7289 7319 7320 7321 7322 7288 7323 7289 7311 7316 7324 7311 7313 7317 7324 7312 7311 7317 7325 7316 7315 7317 7313 7310 7309 7326 7326 7303 7310 7305 7304 7306 7305 7310 7303 7307 7302 7305 7318 7314 7319 7302 7301 7327 7302 7307 7300 7299 7328 7297 7297 7302 7327 7262 7261 7296 7297 7327 7298 7329 7328 7330 7328 7329 7297 7329 7331 7332 7330 7331 7329 7333 7322 7334 7335 7334 7329 7336 7007 7337 7007 7005 7337 7322 7321 7334 7321 7337 7334 7320 7338 7321 7335 7333 7334 7336 7337 7321 7332 7335 7329 7319 7261 7287 7339 7340 7261 7261 7340 7295 7341 7339 7342 7341 7340 7339 7266 7271 7339 7342 7339 7271 7285 7250 7279 7267 7266 7294 7343 7344 7284 7251 7284 7344 7257 7263 7343 7343 7284 7257 7258 7345 7257 7345 7264 7257 7228 7346 7347 7228 7347 7258 7256 7259 7229 7228 7230 7346 7348 7232 7349 7232 7348 7215 7350 7232 7351 7350 7349 7232 7227 7351 7224 7232 7224 7351 7224 7192 7352 7225 7224 7352 7212 7180 7210 7192 7223 7352 7211 7353 7354 7354 7178 7211 7353 7196 7355 7196 7353 7211 7356 7197 7196 7355 7196 7195 7356 7190 7357 7190 7356 7196 7186 7188 7191 7357 7190 7189 7164 7163 7133 7164 7133 7177 7358 7164 7359 7164 7358 7162 7164 7157 7360 7360 7359 7164 7361 7362 7157 7157 7362 7360 7363 7156 7155 7156 7361 7157 7155 7152 7154 7155 7158 7363 7149 7146 7150 7153 7152 7148 6900 7142 6901 7147 7142 7144 6899 6901 7141 7364 7365 7366 7367 7368 7366 7364 7366 7368 7367 7369 7370 7370 7368 7367 7371 7369 7372 7369 7371 7370 7373 7374 7372 7371 7372 7374 7373 7375 7376 7376 7374 7373 7377 7375 7378 7375 7377 7376 7379 7380 7378 7377 7378 7380 7379 7381 7382 7382 7380 7379 7383 7381 7384 7381 7383 7382 7385 7386 7384 7383 7384 7386 7385 7387 7388 7388 7386 7385 7389 7387 7390 7387 7389 7388 7391 7392 7390 7389 7390 7392 7391 7393 7394 7394 7392 7391 7395 7393 7396 7393 7395 7394 7397 7398 7396 7395 7396 7398 7397 7399 7400 7400 7398 7397 7401 7399 7402 7399 7401 7400 7403 7404 7402 7401 7402 7404 7403 7405 7406 7406 7404 7403 7407 7405 7408 7405 7407 7406 7409 7410 7408 7407 7408 7410 7409 7411 7412 7412 7410 7409 7413 7411 7414 7411 7413 7412 7415 7416 7414 7413 7414 7416 7415 7417 7418 7418 7416 7415 7419 7417 7420 7417 7419 7418 7419 7420 7421 7422 7423 7421 7421 7420 7422 7423 7424 7425 7424 7423 7422 7426 7425 7427 7424 7427 7425 7428 7429 7426 7426 7427 7428 7429 7430 7431 7430 7429 7428 7432 7431 7433 7430 7433 7431 7434 7435 7432 7432 7433 7434 7435 7436 7437 7436 7435 7434 7438 7437 7439 7436 7439 7437 7440 7441 7438 7438 7439 7440 7441 7442 7443 7442 7441 7440 7444 7443 7445 7442 7445 7443 7446 7447 7444 7444 7445 7446 7447 7448 7449 7448 7447 7446 7450 7449 7451 7448 7451 7449 7452 7453 7450 7450 7451 7452 7453 7454 7455 7454 7453 7452 7456 7455 7457 7454 7457 7455 7458 7459 7456 7456 7457 7458 7459 7460 7461 7460 7459 7458 7462 7461 7463 7460 7463 7461 7464 7465 7462 7462 7463 7464 7465 7466 7467 7466 7465 7464 7468 7467 7469 7466 7469 7467 7470 7471 7468 7468 7469 7470 7471 7472 7473 7472 7471 7470 7474 7473 7475 7472 7475 7473 7476 7477 7474 7474 7475 7476 7478 7477 7476 7478 7479 7477 7480 7365 7364 7480 7481 7482 7482 7365 7480 7483 7481 7484 7481 7483 7482 7485 7486 7484 7483 7484 7486 7485 7487 7488 7488 7486 7485 7489 7487 7490 7487 7489 7488 7491 7492 7490 7489 7490 7492 7491 7493 7494 7494 7492 7491 7495 7493 7496 7493 7495 7494 7497 7498 7496 7495 7496 7498 7497 7499 7500 7500 7498 7497 7501 7499 7502 7499 7501 7500 7503 7504 7502 7501 7502 7504 7503 7505 7506 7506 7504 7503 7507 7505 7508 7505 7507 7506 7509 7510 7508 7507 7508 7510 7509 7511 7512 7512 7510 7509 7513 7511 7514 7511 7513 7512 7515 7516 7514 7513 7514 7516 7515 7517 7518 7518 7516 7515 7519 7517 7520 7517 7519 7518 7521 7522 7520 7519 7520 7522 7521 7523 7524 7524 7522 7521 7525 7523 7526 7523 7525 7524 7527 7528 7526 7525 7526 7528 7527 7529 7530 7530 7528 7527 7531 7529 7532 7529 7531 7530 7533 7534 7532 7531 7532 7534 7535 7534 7533 7535 7536 7537 7536 7535 7533 7538 7537 7539 7536 7539 7537 7540 7541 7538 7538 7539 7540 7541 7542 7543 7542 7541 7540 7544 7543 7545 7542 7545 7543 7546 7547 7544 7544 7545 7546 7547 7548 7549 7548 7547 7546 7550 7549 7551 7548 7551 7549 7552 7553 7550 7550 7551 7552 7553 7554 7555 7554 7553 7552 7556 7555 7557 7554 7557 7555 7558 7559 7556 7556 7557 7558 7559 7560 7561 7560 7559 7558 7562 7561 7563 7560 7563 7561 7564 7565 7562 7562 7563 7564 7565 7566 7567 7566 7565 7564 7568 7567 7569 7566 7569 7567 7570 7571 7568 7568 7569 7570 7571 7572 7573 7572 7571 7570 7574 7573 7575 7572 7575 7573 7576 7577 7574 7574 7575 7576 7577 7578 7579 7578 7577 7576 7580 7579 7581 7578 7581 7579 7582 7583 7580 7580 7581 7582 7583 7584 7585 7584 7583 7582 7586 7585 7587 7584 7587 7585 7588 7589 7586 7586 7587 7588 7589 7590 7591 7590 7589 7588 7590 7592 7591 7591 7592 7593 7594 7595 7596 7597 7598 7599 7600 7601 7602 7603 7604 7605 7606 7607 7608 7609 7610 7607 7611 7612 7613 7602 7614 7615 7616 7617 7599 7611 7618 7619 7620 7621 7614 7622 7613 7623 7618 7601 7624 7616 7620 7625 7626 7627 7622 7628 7629 7630 7628 7631 7632 7598 7633 7609 7627 7634 7629 7635 7632 7636 7635 7637 7638 7638 7639 7640 7606 7641 7642 7643 7644 7645 7646 7603 7642 7647 7605 7648 7649 7643 7640 7650 7651 7647 7652 7645 7653 7654 7655 7656 7657 7654 7651 7596 7658 7659 7660 7658 7652 7661 7662 7663 7664 7665 7656 7666 7667 7668 7662 7661 7667 7669 7670 7671 7672 7673 7669 7674 7675 7676 7677 7678 7679 7680 7681 7675 7682 7683 7684 7685 7686 7687 7688 7689 7690 7683 7691 7692 7693 7694 7695 7694 7693 7696 7697 7698 7699 7700 7701 7702 7703 7704 7705 7706 7707 7708 7709 7710 7711 7709 7712 7713 7714 7715 7695 7716 7717 7718 7719 7720 7721 7722 7723 7724 7725 7726 7727 7728 7729 7730 7731 7732 7733 7727 7734 7735 7721 7736 7737 7723 7738 7739 7740 7741 7742 7743 7744 7740 7744 7730 7729 7728 7739 7745 7741 7737 7746 7747 7724 7716 7748 7717 7749 7713 7750 7749 7719 7735 7751 7703 7752 7710 7753 7725 7754 7755 7756 7704 7757 7754 7758 7759 7760 7755 7761 7762 7763 7764 7759 7765 7766 7767 7768 7769 7770 7771 7769 7765 7772 7773 7774 7775 7776 7777 7774 7693 7778 7696 7779 7780 7773 7691 7696 7778 7781 7688 7780 7782 7690 7783 7692 7691 7778 7784 7785 7786 7784 7782 7787 7788 7786 7789 7790 7687 7682 7791 7792 7686 7793 7680 7788 7794 7795 7796 7797 7796 7792 7795 7798 7799 7679 7674 7800 7801 7802 7678 7799 7803 7670 7804 7805 7806 7804 7802 7807 7806 7808 7809 7810 7668 7673 7811 7812 7813 7809 7814 7813 7663 7595 7815 7812 7811 7816 7816 7665 7817 7771 7818 7776 7714 7695 7694 7758 7732 7731 7684 7683 7692 7790 7682 7684 7685 7687 7790 7791 7686 7685 7797 7792 7791 7794 7796 7797 7798 7795 7794 7803 7799 7798 7671 7670 7803 7672 7669 7671 7810 7673 7672 7666 7668 7810 7662 7667 7666 7815 7661 7663 7594 7815 7595 7659 7594 7596 7660 7659 7658 7653 7660 7652 7644 7653 7645 7649 7644 7643 7639 7649 7640 7637 7639 7638 7636 7637 7635 7631 7636 7632 7630 7631 7628 7634 7630 7629 7626 7634 7627 7623 7626 7622 7612 7623 7613 7619 7612 7611 7624 7619 7618 7600 7624 7601 7615 7600 7602 7621 7615 7614 7625 7620 7614 7617 7616 7625 7597 7599 7617 7633 7598 7597 7610 7609 7633 7608 7607 7610 7641 7606 7608 7646 7642 7641 7604 7603 7646 7648 7605 7604 7650 7647 7648 7657 7651 7650 7655 7654 7657 7664 7656 7655 7817 7665 7664 7812 7816 7817 7814 7811 7813 7808 7814 7809 7805 7808 7806 7807 7805 7804 7801 7807 7802 7677 7801 7678 7800 7677 7679 7676 7800 7674 7681 7676 7675 7793 7681 7680 7789 7793 7788 7785 7789 7786 7787 7785 7784 7783 7787 7782 7689 7783 7690 7781 7689 7688 7779 7781 7780 7775 7779 7773 7777 7775 7774 7818 7777 7776 7770 7818 7771 7772 7770 7769 7764 7765 7769 7760 7759 7764 7756 7755 7760 7705 7704 7756 7752 7703 7705 7711 7710 7752 7712 7709 7711 7750 7713 7712 7748 7749 7750 7718 7717 7748 7747 7716 7718 7722 7724 7747 7738 7723 7722 7745 7739 7738 7729 7728 7745 7743 7730 7744 7742 7743 7740 7746 7742 7741 7736 7746 7737 7720 7736 7721 7751 7720 7719 7734 7751 7735 7726 7734 7727 7753 7726 7725 7757 7753 7754 7731 7757 7758 7733 7732 7763 7708 7762 7761 7762 7733 7763 7766 7707 7706 7706 7708 7761 7767 7697 7768 7766 7768 7707 7698 7701 7699 7767 7698 7697 7700 7702 7715 7699 7701 7700 7695 7715 7702 7819 7820 7821 7820 7822 7823 7822 7820 7819 7824 7823 7825 7822 7825 7823 7826 7827 7824 7824 7825 7826 7827 7828 7829 7828 7827 7826 7830 7829 7831 7828 7831 7829 7832 7833 7830 7830 7831 7832 7833 7834 7835 7834 7833 7832 7836 7835 7837 7834 7837 7835 7838 7839 7836 7836 7837 7838 7839 7840 7841 7840 7839 7838 7842 7841 7843 7840 7843 7841 7844 7845 7842 7842 7843 7844 7845 7846 7847 7846 7845 7844 7848 7847 7849 7846 7849 7847 7850 7851 7848 7848 7849 7850 7851 7852 7853 7852 7851 7850 7854 7853 7855 7852 7855 7853 7856 7857 7854 7854 7855 7856 7857 7858 7859 7858 7857 7856 7860 7859 7861 7858 7861 7859 7862 7863 7860 7860 7861 7862 7864 7865 7863 7864 7863 7862 7866 7865 7864 7867 7868 7869 7866 7870 7871 7871 7865 7866 7870 7872 7873 7870 7873 7871 7868 7873 7872 7874 7869 7868 7872 7875 7868 7868 7876 7874 7875 7877 7868 7876 7868 7877 7878 7879 7880 7819 7821 7881 7881 7880 7879 7821 7880 7881 7882 7879 7878 7883 7882 7884 7878 7884 7882 7885 7886 7883 7883 7884 7885 7886 7887 7888 7887 7886 7885 7889 7888 7890 7887 7890 7888 7891 7892 7889 7889 7890 7891 7892 7893 7894 7893 7892 7891 7895 7894 7896 7893 7896 7894 7897 7898 7895 7895 7896 7897 7898 7899 7900 7899 7898 7897 7901 7900 7902 7899 7902 7900 7903 7904 7901 7901 7902 7903 7904 7905 7906 7905 7904 7903 7907 7906 7908 7905 7908 7906 7909 7910 7907 7907 7908 7909 7910 7911 7912 7911 7910 7909 7913 7912 7914 7911 7914 7912 7915 7916 7913 7913 7914 7915 7916 7917 7918 7917 7916 7915 7919 7918 7920 7917 7920 7918 7921 7922 7919 7919 7920 7921 7922 7923 7924 7923 7922 7921 7925 7924 7926 7923 7926 7924 7927 7928 7925 7925 7926 7927 7928 7929 7930 7929 7928 7927 7931 7930 7932 7929 7932 7930 7932 7933 7934 7934 7931 7932 7935 7933 7936 7933 7935 7934 7935 7936 7937 7937 7936 7938 7939 7940 7941 7942 7943 7941 7939 7941 7943 7942 7944 7945 7945 7943 7942 7946 7944 7947 7944 7946 7945 7948 7949 7947 7946 7947 7949 7948 7950 7951 7951 7949 7948 7952 7950 7953 7950 7952 7951 7954 7955 7953 7952 7953 7955 7954 7956 7957 7957 7955 7954 7958 7956 7959 7956 7958 7957 7960 7961 7959 7958 7959 7961 7960 7962 7963 7963 7961 7960 7964 7962 7965 7962 7964 7963 7966 7967 7965 7964 7965 7967 7966 7968 7969 7969 7967 7966 7970 7968 7971 7968 7970 7969 7972 7973 7971 7970 7971 7973 7972 7974 7975 7975 7973 7972 7976 7974 7977 7974 7976 7975 7978 7979 7977 7976 7977 7979 7978 7980 7981 7981 7979 7978 7982 7980 7983 7980 7982 7981 7984 7985 7983 7982 7983 7985 7984 7986 7987 7987 7985 7984 7988 7986 7989 7986 7988 7987 7990 7991 7989 7988 7989 7991 7990 7992 7993 7993 7991 7990 7992 7994 7995 7992 7995 7993 7994 7996 7995 7997 7995 7996 7998 7940 7939 7998 7999 7940 8000 7999 8001 7998 8001 7999 8002 8003 8000 8000 8001 8002 8003 8004 8005 8004 8003 8002 8006 8005 8007 8004 8007 8005 8008 8009 8006 8006 8007 8008 8009 8010 8011 8010 8009 8008 8012 8011 8013 8010 8013 8011 8014 8015 8012 8012 8013 8014 8015 8016 8017 8016 8015 8014 8018 8017 8019 8016 8019 8017 8020 8021 8018 8018 8019 8020 8021 8022 8023 8022 8021 8020 8024 8023 8025 8022 8025 8023 8026 8027 8024 8024 8025 8026 8027 8028 8029 8028 8027 8026 8030 8029 8031 8028 8031 8029 8032 8033 8030 8030 8031 8032 8033 8034 8035 8034 8033 8032 8036 8035 8037 8034 8037 8035 8038 8039 8036 8036 8037 8038 8039 8040 8041 8040 8039 8038 8042 8041 8043 8040 8043 8041 8044 8045 8042 8042 8043 8044 8045 8046 8047 8046 8045 8044 8048 8049 8046 8047 8046 8049 8048 8050 8051 8051 8049 8048 8052 8050 8053 8050 8052 8051 8052 8053 8054 8054 8053 8055</p>
        </triangles>
      </mesh>
    </geometry>
  </library_geometries>

  <library_visual_scenes>
    <visual_scene id="ID1">
      <node id="ID2" name="link_6">
        <node>
          <matrix>1 0 0 -0.28 0 1 0 2.01132e-18 0 0 1 -0.625 0 0 0 1</matrix>
          <instance_node url="#ID3"/>
        </node>
      </node>
    </visual_scene>
  </library_visual_scenes>

  <scene>
    <instance_visual_scene url="#ID1"/>
  </scene>

  <library_nodes>
    <node id="ID3" name="bergE5F4F25F1bc4">
      <instance_geometry url="#ID4">
        <bind_material>
          <technique_common>
            <instance_material symbol="ID10" target="#ID10"/>
          </technique_common>
        </bind_material>
      </instance_geometry>
    </node>
  </library_nodes>

</COLLADA>
