<?xml version="1.0" encoding="UTF-8" standalone="no" ?>
<COLLADA version="1.4.1" xmlns="http://www.collada.org/2005/11/COLLADASchema">

  <asset>
    <contributor>
      <authoring_tool>ONSHAPE BY PTC INC, 1.195</authoring_tool>
    </contributor>
    <created>2025-03-20T18:37:15</created>
    <modified>2025-03-20T18:37:15</modified>
    <unit meter="1" name="meters"/>
    <up_axis>Z_UP</up_axis>
  </asset>

  <library_materials>
    <material id="ID10" name="ID10">
      <instance_effect url="#ID10-fx"/>
    </material>
  </library_materials>

  <library_effects>
    <effect id="ID10-fx" name="ID10">
      <profile_COMMON>
        <technique sid="COMMON">
          <lambert>
            <diffuse>
              <color sid="diffuse">0.8 0.8 0.8 1</color>
            </diffuse>
            <transparent opaque="A_ONE">
              <color sid="transparent">1 1 1 1</color>
            </transparent>
            <transparency>
              <float sid="transparency">1</float>
            </transparency>
          </lambert>
        </technique>
        <extra>
          <technique profile="OTHER">
            <double_sided>1</double_sided>
          </technique>
        </extra>
      </profile_COMMON>
    </effect>
  </library_effects>

  <library_geometries>
    <geometry id="ID4">
      <mesh>
        <source id="ID5">
          <float_array count="26757" id="ID6">0.0908244 0.0588474 0.991212 0.0944665 0.0588474 0.993315 0.0948879 0.0586704 0.993205 0.0940514 0.059 0.993381 0.0909752 0.059 0.991605 0.0953153 0.0584691 0.993049 0.0906308 0.0584691 0.990344 0.0907096 0.0586704 0.990792 0.0910583 0.0586704 0.990188 0.0952366 0.0586704 0.992601 0.0951218 0.0588474 0.99218 0.0906308 0.0584691 0.990344 0.0953153 0.0584691 0.993049 0.094971 0.059 0.991788 0.0918948 0.059 0.990012 0.0914796 0.0588474 0.990077 0.0949731 0.0574929 0.988232 0.0946721 0.057 0.988075 0.0943756 0.0574929 0.98795 0.0937399 0.0574929 0.987771 0.0940357 0.057 0.98784 0.0933687 0.057 0.987716 0.0930833 0.0574929 0.987698 0.0926903 0.057 0.987706 0.0924237 0.0574929 0.987734 0.091779 0.0574929 0.987879 0.09202 0.057 0.987812 0.0913772 0.057 0.988029 0.091167 0.0574929 0.988127 0.0907803 0.057 0.988351 0.0906041 0.0574929 0.988473 0.090106 0.0574929 0.988907 0.0902465 0.057 0.98877 0.0897911 0.057 0.989273 0.089686 0.0574929 0.989417 0.0894272 0.057 0.989845 0.0893557 0.0574929 0.989989 0.089124 0.0574929 0.990608 0.0891654 0.057 0.990471 0.0890131 0.057 0.991132 0.0889974 0.0574929 0.991256 0.0889747 0.057 0.99181 0.0889792 0.0574929 0.991917 0.0890699 0.0574929 0.992571 0.0890513 0.057 0.992484 0.0892408 0.057 0.993135 0.0892671 0.0574929 0.993202 0.0895376 0.057 0.993745 0.0895654 0.0574929 0.993791 0.0899567 0.0574929 0.994323 0.0899333 0.057 0.994296 0.0904164 0.057 0.994773 0.0904302 0.0574929 0.994784 0.0909731 0.057 0.99516 0.0909731 0.0574929 0.99516 0.0952597 0.057 0.988414 0.095516 0.0574929 0.988609 0.0957814 0.057 0.988848 0.0959895 0.0574929 0.989069 0.0962224 0.057 0.989364 0.0965699 0.057 0.989946 0.0963808 0.0574929 0.989602 0.0966791 0.0574929 0.990191 0.0968139 0.057 0.990579 0.0968763 0.0574929 0.990822 0.0969475 0.057 0.991244 0.0969667 0.057 0.991923 0.096967 0.0574929 0.991476 0.0969488 0.0574929 0.992136 0.096871 0.057 0.992594 0.0968222 0.0574929 0.992785 0.0966632 0.057 0.99324 0.0965905 0.0574929 0.993403 0.0962602 0.0574929 0.993976 0.0963492 0.057 0.993842 0.0958402 0.0574929 0.994486 0.0959381 0.057 0.994381 0.0954417 0.057 0.994844 0.095342 0.0574929 0.994919 0.0947792 0.0574929 0.995265 0.0948743 0.057 0.995216 0.0941671 0.0574929 0.995514 0.0942521 0.057 0.995486 0.0935932 0.057 0.995648 0.0935225 0.0574929 0.995658 0.0928629 0.0574929 0.995695 0.0929165 0.057 0.995696 0.0922062 0.0574929 0.995622 0.0922414 0.057 0.995629 0.0915873 0.057 0.995449 0.0915705 0.0574929 0.995442 0.0942303 0.059 0.990141 0.0936916 0.059 0.98983 0.0933926 0.059 0.989741 0.0918948 0.059 0.990012 0.094971 0.059 0.991788 0.0949609 0.059 0.991476 0.0946474 0.059 0.990602 0.0927715 0.059 0.989707 0.0947971 0.059 0.990876 0.0924645 0.059 0.989762 0.0921699 0.059 0.989865 0.0949025 0.059 0.99117 0.0939731 0.059 0.989964 0.0930834 0.059 0.989699 0.0944569 0.059 0.990355 0.0930833 0.0574929 0.987698 0.0927715 0.059 0.989707 0.0930834 0.059 0.989699 0.0906041 0.0574929 0.988473 0.0918948 0.059 0.990012 0.091167 0.0574929 0.988127 0.0933926 0.059 0.989741 0.0937399 0.0574929 0.987771 0.0936916 0.059 0.98983 0.0943756 0.0574929 0.98795 0.0949731 0.0574929 0.988232 0.0939731 0.059 0.989964 0.0924237 0.0574929 0.987734 0.091779 0.0574929 0.987879 0.0924645 0.059 0.989762 0.0921699 0.059 0.989865 0.089686 0.0574929 0.989417 0.0906308 0.0584691 0.990344 0.0910583 0.0586704 0.990188 0.090106 0.0574929 0.988907 0.0914796 0.0588474 0.990077 0.0909752 0.059 0.991605 0.0908244 0.0588474 0.991212 0.0889974 0.0574929 0.991256 0.0907096 0.0586704 0.990792 0.089124 0.0574929 0.990608 0.0910569 0.059 0.992269 0.0892671 0.0574929 0.993202 0.0911798 0.059 0.992582 0.0889792 0.0574929 0.991917 0.0890699 0.0574929 0.992571 0.090988 0.059 0.99194 0.0904302 0.0574929 0.994784 0.0918312 0.059 0.993338 0.0915725 0.059 0.993124 0.0899567 0.0574929 0.994323 0.0913533 0.059 0.992869 0.0895654 0.0574929 0.993791 0.092767 0.059 0.993686 0.092437 0.059 0.993623 0.0922062 0.0574929 0.995622 0.0921221 0.059 0.993506 0.0909731 0.0574929 0.99516 0.0915705 0.0574929 0.995442 0.0934351 0.059 0.993642 0.0931029 0.059 0.993692 0.0935225 0.0574929 0.995658 0.0928629 0.0574929 0.995695 0.0952366 0.0586704 0.992601 0.0953153 0.0584691 0.993049 0.0965905 0.0574929 0.993403 0.0948879 0.0586704 0.993205 0.0958402 0.0574929 0.994486 0.0962602 0.0574929 0.993976 0.094971 0.059 0.991788 0.0951218 0.0588474 0.99218 0.0969488 0.0574929 0.992136 0.0968222 0.0574929 0.992785 0.096967 0.0574929 0.991476 0.0949609 0.059 0.991476 0.0968763 0.0574929 0.990822 0.0949025 0.059 0.99117 0.0947971 0.059 0.990876 0.0966791 0.0574929 0.990191 0.0963808 0.0574929 0.989602 0.0946474 0.059 0.990602 0.0959895 0.0574929 0.989069 0.0944569 0.059 0.990355 0.0942303 0.059 0.990141 0.095516 0.0574929 0.988609 0.095342 0.0574929 0.994919 0.0944665 0.0588474 0.993315 0.0940514 0.059 0.993381 0.0941671 0.0574929 0.995514 0.0937542 0.059 0.993538 0.0947792 0.0574929 0.995265 0.0893557 0.0574929 0.989989 0.092437 0.059 0.993623 0.0918312 0.059 0.993338 0.0921221 0.059 0.993506 0.0937542 0.059 0.993538 0.0910569 0.059 0.992269 0.0934351 0.059 0.993642 0.092767 0.059 0.993686 0.0915725 0.059 0.993124 0.0931029 0.059 0.993692 0.0913533 0.059 0.992869 0.0911798 0.059 0.992582 0.090988 0.059 0.99194 0.0940514 0.059 0.993381 0.0909752 0.059 0.991605 0.126383 0.0535509 0.989985 0.125747 0.0583603 0.989994 0.125617 0.0535443 0.989985 0.124861 0.0535373 0.989868 0.124993 0.0583603 0.989898 0.124263 0.0583603 0.989688 0.124131 0.0535295 0.989637 0.123573 0.0583603 0.989371 0.123445 0.0535209 0.989298 0.122819 0.0535111 0.988857 0.122938 0.0583603 0.988953 0.122375 0.0583603 0.988444 0.122267 0.0534998 0.988326 0.121895 0.0583603 0.987855 0.121803 0.0534864 0.987717 0.121437 0.0534709 0.987044 0.12151 0.0583603 0.987201 0.121229 0.0583603 0.986496 0.121179 0.053453 0.986324 0.121058 0.0583603 0.985758 0.121033 0.0534327 0.985571 0.121004 0.0534105 0.984807 0.121 0.0583603 0.985 0.121062 0.0583603 0.984218 0.121092 0.0533866 0.984047 0.121245 0.0583603 0.983455 0.121295 0.0533619 0.983309 0.121608 0.0533371 0.982611 0.121545 0.0583603 0.98273 0.121955 0.0583603 0.982061 0.122024 0.0533133 0.981969 0.122464 0.0583603 0.981465 0.122533 0.0532916 0.981398 0.123061 0.0583603 0.980955 0.12373 0.0583603 0.980545 0.123124 0.0532731 0.98091 0.124455 0.0583603 0.980245 0.123782 0.053259 0.980519 0.124494 0.0532502 0.980233 0.125218 0.0583603 0.980062 0.126 0.0583603 0.98 0.125238 0.0532474 0.980058 0.126 0.053251 0.98 0.126505 0.0583603 0.989974 0.127139 0.0535569 0.989868 0.127252 0.0583603 0.989841 0.127971 0.0583603 0.989595 0.12787 0.0535621 0.989637 0.128556 0.0535659 0.989297 0.128643 0.0583603 0.989244 0.129183 0.0535678 0.988856 0.129256 0.0583603 0.988795 0.129793 0.0583603 0.988258 0.129734 0.0535671 0.988325 0.130198 0.0535631 0.987715 0.130243 0.0583603 0.987646 0.130563 0.0535552 0.987043 0.130594 0.0583603 0.986973 0.13084 0.0583603 0.986254 0.130821 0.0535428 0.986322 0.130967 0.053526 0.985571 0.130974 0.0583603 0.985506 0.130996 0.0535046 0.984807 0.130994 0.0583603 0.984747 0.130898 0.0583603 0.983994 0.130908 0.0534791 0.984046 0.130705 0.0534503 0.983308 0.130689 0.0583603 0.983265 0.130391 0.0534191 0.98261 0.130372 0.0583603 0.982575 0.129955 0.0583603 0.981941 0.129975 0.053387 0.981968 0.129466 0.0533553 0.981396 0.129446 0.0583603 0.981377 0.128875 0.0533255 0.98091 0.128857 0.0583603 0.980897 0.128203 0.0583603 0.980511 0.128217 0.0532991 0.980519 0.127508 0.0532773 0.980233 0.127498 0.0583603 0.98023 0.126764 0.0532611 0.980059 0.126758 0.0583603 0.980058 0.124529 0.0594489 0.983328 0.123586 0.0590084 0.982257 0.124267 0.0594489 0.983601 0.124637 0.0590084 0.981609 0.12525 0.0593871 0.982635 0.12525 0.0593002 0.982304 0.124056 0.0594489 0.983914 0.1239 0.0594489 0.984258 0.12525 0.0596482 0.984316 0.12281 0.0590084 0.983218 0.122554 0.0590084 0.983783 0.122398 0.0590084 0.984382 0.123053 0.0592558 0.985 0.123805 0.0594489 0.984624 0.124138 0.059525 0.985 0.12525 0.0596658 0.984657 0.121062 0.0583603 0.984218 0.121 0.0583603 0.985 0.122002 0.0588658 0.985 0.12525 0.0596718 0.985 0.123157 0.0590084 0.982704 0.124084 0.0590084 0.981888 0.12525 0.0595784 0.983638 0.124832 0.0594489 0.983104 0.12525 0.0592021 0.981976 0.12525 0.0594624 0.982967 0.12525 0.0590933 0.981653 0.12525 0.0589734 0.981334 0.12675 0.0587 0.980706 0.126758 0.0583603 0.980058 0.126 0.0587 0.980641 0.12525 0.0587 0.980706 0.126 0.0583603 0.98 0.12525 0.0588423 0.981018 0.124455 0.0583603 0.980245 0.125218 0.0583603 0.980062 0.127608 0.0594489 0.986541 0.128173 0.0590084 0.987938 0.128638 0.0590084 0.987529 0.127003 0.0594489 0.983011 0.12675 0.0594806 0.983057 0.12675 0.0595439 0.983408 0.12675 0.0594053 0.98271 0.127645 0.0590084 0.981737 0.128638 0.0590084 0.982472 0.127324 0.0594489 0.98321 0.127608 0.0594489 0.983459 0.12707 0.0590084 0.981506 0.12675 0.059318 0.982367 0.129028 0.0590084 0.982954 0.127845 0.0594489 0.983753 0.129536 0.0590084 0.984079 0.128029 0.0594489 0.984083 0.128155 0.0594489 0.984439 0.128173 0.0590084 0.982062 0.128155 0.0594489 0.985561 0.12675 0.0596576 0.985531 0.128029 0.0594489 0.985917 0.12675 0.0596701 0.984821 0.128219 0.0594489 0.984811 0.12707 0.0590084 0.988494 0.12675 0.0593185 0.98763 0.12675 0.0592185 0.987972 0.12675 0.0588477 0.988969 0.127252 0.0583603 0.989841 0.12675 0.0595441 0.986591 0.127645 0.0590084 0.988263 0.127324 0.0594489 0.98679 0.127971 0.0583603 0.989595 0.12675 0.059107 0.988308 0.12675 0.0594062 0.987286 0.12675 0.0587 0.989294 0.12675 0.0589834 0.988641 0.12675 0.0594814 0.986939 0.126505 0.0583603 0.989974 0.12675 0.0595945 0.986238 0.12525 0.0594615 0.987036 0.12525 0.0595257 0.9867 0.124832 0.0594489 0.986896 0.127845 0.0594489 0.986247 0.129028 0.0590084 0.987046 0.124056 0.0594489 0.986086 0.1239 0.0594489 0.985742 0.122554 0.0590084 0.986217 0.124084 0.0590084 0.988112 0.124637 0.0590084 0.988391 0.124529 0.0594489 0.986672 0.123586 0.0590084 0.987743 0.12525 0.0592998 0.987698 0.12525 0.0592021 0.988024 0.123157 0.0590084 0.987296 0.12281 0.0590084 0.986782 0.124267 0.0594489 0.986399 0.122398 0.0590084 0.985618 0.12525 0.0596658 0.985343 0.123805 0.0594489 0.985376 0.121058 0.0583603 0.985758 0.121229 0.0583603 0.986496 0.12151 0.0583603 0.987201 0.12525 0.0590933 0.988347 0.12525 0.0593862 0.987369 0.127498 0.0583603 0.98023 0.12525 0.0588423 0.988982 0.12525 0.0589734 0.988666 0.124263 0.0583603 0.989688 0.124993 0.0583603 0.989898 0.12525 0.0587 0.989294 0.125747 0.0583603 0.989994 0.126 0.0587 0.989359 0.12933 0.0590084 0.986505 0.129536 0.0590084 0.985921 0.130974 0.0583603 0.985506 0.130994 0.0583603 0.984747 0.129641 0.0590084 0.98531 0.128219 0.0594489 0.985189 0.129641 0.0590084 0.98469 0.12933 0.0590084 0.983495 0.12675 0.0592185 0.982028 0.12675 0.059107 0.981692 0.12675 0.0588477 0.981031 0.12675 0.0589834 0.981359 0.121895 0.0583603 0.987855 0.12525 0.0596482 0.985684 0.122375 0.0583603 0.988444 0.122938 0.0583603 0.988953 0.12525 0.0596191 0.986024 0.123573 0.0583603 0.989371 0.12525 0.0595784 0.986362 0.128643 0.0583603 0.989244 0.129256 0.0583603 0.988795 0.129793 0.0583603 0.988258 0.130243 0.0583603 0.987646 0.12675 0.0596324 0.985885 0.130594 0.0583603 0.986973 0.13084 0.0583603 0.986254 0.12675 0.0596703 0.985177 0.130898 0.0583603 0.983994 0.130689 0.0583603 0.983265 0.130372 0.0583603 0.982575 0.12675 0.0596574 0.984466 0.129955 0.0583603 0.981941 0.129446 0.0583603 0.981377 0.12675 0.0596321 0.984112 0.128857 0.0583603 0.980897 0.12675 0.0595944 0.983759 0.128203 0.0583603 0.980511 0.12373 0.0583603 0.980545 0.123061 0.0583603 0.980955 0.122464 0.0583603 0.981465 0.12525 0.0595262 0.983302 0.121955 0.0583603 0.982061 0.12525 0.0596191 0.983976 0.121545 0.0583603 0.98273 0.121245 0.0583603 0.983455 0.12525 0.0596658 0.984657 0.12525 0.0596718 0.985 0.12525 0.0596658 0.985343 0.12525 0.0592021 0.981976 0.12525 0.0592021 0.988024 0.12525 0.0590933 0.981653 0.12525 0.0596482 0.985684 0.12525 0.0596482 0.984316 0.12525 0.0596191 0.983976 0.12525 0.0596191 0.986024 0.12525 0.0595784 0.986362 0.12525 0.0595784 0.983638 0.12525 0.0595257 0.9867 0.12525 0.0595262 0.983302 0.12525 0.0594624 0.982967 0.12525 0.0594615 0.987036 0.12525 0.0593871 0.982635 0.12525 0.0593002 0.982304 0.12525 0.0593862 0.987369 0.12525 0.0592998 0.987698 0.12525 0.0590933 0.988347 0.12525 0.0589734 0.988666 0.12525 0.0589734 0.981334 0.12525 0.0588423 0.981018 0.12525 0.0588423 0.988982 0.12525 0.0587 0.989294 0.12525 0.0587 0.980706 0.126 0.0587 0.980641 0.12525 0.0587 0.980706 0.126 0.0587 0.989359 0.12675 0.0587 0.989294 0.12675 0.0587 0.980706 0.12525 0.0587 0.989294 0.12675 0.0596701 0.984821 0.12675 0.0596576 0.985531 0.12675 0.0596703 0.985177 0.12675 0.0596574 0.984466 0.12675 0.0596324 0.985885 0.12675 0.0595945 0.986238 0.12675 0.0596321 0.984112 0.12675 0.0595944 0.983759 0.12675 0.0595441 0.986591 0.12675 0.0595439 0.983408 0.12675 0.0594814 0.986939 0.12675 0.0594806 0.983057 0.12675 0.0594053 0.98271 0.12675 0.0594062 0.987286 0.12675 0.059318 0.982367 0.12675 0.0593185 0.98763 0.12675 0.0592185 0.987972 0.12675 0.0592185 0.982028 0.12675 0.059107 0.988308 0.12675 0.0589834 0.988641 0.12675 0.059107 0.981692 0.12675 0.0589834 0.981359 0.12675 0.0588477 0.988969 0.12675 0.0588477 0.981031 0.12675 0.0587 0.989294 0.12675 0.0587 0.980706 0.23 -0.00480318 1.03477 0.24 -0.00241129 1.03494 0.24 -0.00480318 1.03477 0.24 -1.22465e-17 1.035 0.23 -0.00241129 1.03494 0.23 -1.22465e-17 1.035 0.24 -0.00954212 1.03408 0.24 -0.0118911 1.03356 0.23 -0.0118911 1.03356 0.23 -0.00954212 1.03408 0.23 -0.00717568 1.03448 0.24 -0.00717568 1.03448 0.23 -0.0187301 1.03136 0.24 -0.0164744 1.03221 0.24 -0.0187301 1.03136 0.23 -0.0164744 1.03221 0.23 -0.0142019 1.03294 0.24 -0.0142019 1.03294 0.24 -0.0251788 1.0282 0.23 -0.0251788 1.0282 0.24 -0.0230787 1.02935 0.24 -0.0209324 1.03041 0.23 -0.0230787 1.02935 0.23 -0.0209324 1.03041 0.24 -0.0292043 1.02558 0.24 -0.0311089 1.02414 0.23 -0.0311089 1.02414 0.23 -0.0272276 1.02693 0.24 -0.0272276 1.02693 0.23 -0.0292043 1.02558 0.23 -0.0364043 1.01927 0.24 -0.0347239 1.02097 0.24 -0.0364043 1.01927 0.23 -0.0347239 1.02097 0.23 -0.0329574 1.0226 0.24 -0.0329574 1.0226 0.24 -0.0409452 1.0137 0.23 -0.0409452 1.0137 0.24 -0.0395236 1.01562 0.24 -0.0380042 1.01749 0.23 -0.0395236 1.01562 0.23 -0.0380042 1.01749 0.24 -0.0435047 1.00964 0.24 -0.0446377 1.00752 0.23 -0.0446377 1.00752 0.23 -0.0422692 1.01171 0.24 -0.0422692 1.01171 0.23 -0.0435047 1.00964 0.23 -0.047406 1.00089 0.24 -0.0465864 1.00316 0.24 -0.047406 1.00089 0.23 -0.0465864 1.00316 0.23 -0.0456643 1.00537 0.24 -0.0456643 1.00537 0.24 -0.0491943 0.993933 0.23 -0.0491943 0.993933 0.24 -0.0487088 0.996289 0.24 -0.0481135 0.998603 0.23 -0.0487088 0.996289 0.23 -0.0481135 0.998603 0.24 -0.0498245 0.989182 0.24 -0.0499674 0.986795 0.23 -0.0499674 0.986795 0.23 -0.0495667 0.99156 0.24 -0.0495667 0.99156 0.23 -0.0498245 0.989182 0.23 -0.0497086 0.97961 0.24 -0.0499087 0.981991 0.24 -0.0497086 0.97961 0.23 -0.0499087 0.981991 0.23 -0.0499949 0.984386 0.24 -0.0499949 0.984386 0.24 -0.0484203 0.972533 0.23 -0.0484203 0.972533 0.24 -0.0489606 0.974863 0.24 -0.0493911 0.977227 0.23 -0.0489606 0.974863 0.23 -0.0493911 0.977227 0.24 -0.0470012 0.967948 0.24 -0.0461303 0.965715 0.23 -0.0461303 0.965715 0.23 -0.0477697 0.970234 0.24 -0.0477697 0.970234 0.23 -0.0470012 0.967948 0.23 -0.042887 0.959298 0.24 -0.0440731 0.961389 0.24 -0.042887 0.959298 0.23 -0.0440731 0.961389 0.23 -0.0451569 0.963533 0.24 -0.0451569 0.963533 0.24 -0.0387593 0.953415 0.23 -0.0387593 0.953415 0.24 -0.0402382 0.95532 0.24 -0.0416087 0.957275 0.23 -0.0402382 0.95532 0.23 -0.0416087 0.957275 0.24 -0.0355621 0.949853 0.24 -0.0338342 0.948188 0.23 -0.0338342 0.948188 0.23 -0.0372004 0.951593 0.24 -0.0372004 0.951593 0.23 -0.0355621 0.949853 0.23 -0.0282121 0.94372 0.24 -0.0301504 0.945114 0.24 -0.0282121 0.94372 0.23 -0.0301504 0.945114 0.23 -0.0320245 0.946603 0.24 -0.0320245 0.946603 0.24 -0.0219958 0.940098 0.23 -0.0219958 0.940098 0.24 -0.0241163 0.941201 0.24 -0.0261895 0.942409 0.23 -0.0241163 0.941201 0.23 -0.0261895 0.942409 0.24 -0.0175859 0.938196 0.24 -0.0153251 0.937407 0.23 -0.0153251 0.937407 0.23 -0.0198177 0.939096 0.24 -0.0198177 0.939096 0.23 -0.0175859 0.938196 0.23 -0.00833913 0.935701 0.24 -0.0106955 0.936159 0.24 -0.00833913 0.935701 0.23 -0.0106955 0.936159 0.23 -0.0130353 0.936729 0.24 -0.0130353 0.936729 0.24 -0.00118361 0.935015 0.23 -0.00118361 0.935015 0.24 -0.00358862 0.93513 0.24 -0.00597304 0.935358 0.23 -0.00358862 0.93513 0.23 -0.00597304 0.935358 0.24 0.00359722 0.93513 0.24 0.00599272 0.935362 0.23 0.00599272 0.935362 0.23 0.00121167 0.935015 0.24 0.00121167 0.935015 0.23 0.00359722 0.93513 0.23 0.0130412 0.936731 0.24 0.0107167 0.936162 0.24 0.0130412 0.936731 0.23 0.0107167 0.936162 0.23 0.00836917 0.935706 0.24 0.00836917 0.935706 0.24 0.019828 0.9391 0.23 0.019828 0.9391 0.24 0.017613 0.938206 0.24 0.0153507 0.937416 0.23 0.017613 0.938206 0.23 0.0153507 0.937416 0.24 0.0241428 0.941216 0.24 0.0262096 0.94242 0.23 0.0262096 0.94242 0.23 0.0220117 0.940107 0.24 0.0220117 0.940107 0.23 0.0241428 0.941216 0.23 0.0320473 0.946622 0.24 0.0301708 0.94513 0.24 0.0320473 0.946622 0.23 0.0301708 0.94513 0.23 0.0282149 0.943722 0.24 0.0282149 0.943722 0.24 0.0372203 0.951615 0.23 0.0372203 0.951615 0.24 0.035573 0.949865 0.24 0.0338444 0.948196 0.23 0.035573 0.949865 0.23 0.0338444 0.948196 0.24 0.0402387 0.955321 0.24 0.0416219 0.957296 0.23 0.0416219 0.957296 0.23 0.0387754 0.953434 0.24 0.0387754 0.953434 0.23 0.0402387 0.955321 0.23 0.0451623 0.963546 0.24 0.044081 0.961402 0.24 0.0451623 0.963546 0.23 0.044081 0.961402 0.23 0.0429027 0.959324 0.24 0.0429027 0.959324 0.24 0.0477704 0.970236 0.23 0.0477704 0.970236 0.24 0.0470107 0.967972 0.24 0.0461414 0.965742 0.23 0.0470107 0.967972 0.23 0.0461414 0.965742 0.24 0.0489669 0.974893 0.24 0.0493947 0.977244 0.23 0.0493947 0.977244 0.23 0.0484254 0.972556 0.24 0.0484254 0.972556 0.23 0.0489669 0.974893 0.23 0.0499961 0.984412 0.24 0.0499099 0.98202 0.24 0.0499961 0.984412 0.23 0.0499099 0.98202 0.23 0.0497091 0.979622 0.24 0.0497091 0.979622 0.23 0.0499676 0.9868 0.24 0.0499676 0.9868 0.23 0.0498216 0.989205 0.24 0.0498216 0.989205 0.23 0.0495628 0.99159 0.23 0.0491919 0.993952 0.24 0.0495628 0.99159 0.24 0.0491919 0.993952 0.23 0.0487058 0.996299 0.24 0.0487058 0.996299 0.23 0.0481051 0.99863 0.23 0.047398 1.00092 0.24 0.0481051 0.99863 0.24 0.047398 1.00092 0.23 0.0465844 1.00316 0.24 0.0465844 1.00316 0.23 0.0456548 1.00538 0.23 0.044624 1.00755 0.24 0.0456548 1.00538 0.24 0.044624 1.00755 0.23 0.0434954 1.00966 0.24 0.0434954 1.00966 0.23 0.0422645 1.01171 0.23 0.0409287 1.01372 0.24 0.0422645 1.01171 0.24 0.0409287 1.01372 0.23 0.0395067 1.01565 0.24 0.0395067 1.01565 0.23 0.0379986 1.0175 0.23 0.0363903 1.01929 0.24 0.0379986 1.0175 0.24 0.0363903 1.01929 0.23 0.0347019 1.021 0.24 0.0347019 1.021 0.23 0.0329415 1.02261 0.23 0.0311045 1.02415 0.24 0.0329415 1.02261 0.24 0.0311045 1.02415 0.23 0.029182 1.0256 0.24 0.029182 1.0256 0.23 0.0272035 1.02695 0.23 0.0251691 1.0282 0.24 0.0272035 1.02695 0.24 0.0251691 1.0282 0.23 0.0230626 1.02936 0.24 0.0230626 1.02936 0.23 0.0209048 1.03042 0.23 0.0187087 1.03137 0.24 0.0209048 1.03042 0.24 0.0187087 1.03137 0.23 0.0164718 1.03221 0.24 0.0164718 1.03221 0.23 0.0141768 1.03295 0.23 0.0118625 1.03357 0.24 0.0141768 1.03295 0.24 0.0118625 1.03357 0.23 0.00952879 1.03408 0.24 0.00952879 1.03408 0.23 0.00717568 1.03448 0.23 0.00480318 1.03477 0.24 0.00717568 1.03448 0.24 0.00480318 1.03477 0.23 0.00241129 1.03494 0.24 0.00241129 1.03494 0.23 0.0461414 0.965742 0.23 -0.0209324 1.03041 0.23 0.0451623 0.963546 0.23 0.0422645 1.01171 0.23 0.0409287 1.01372 0.23 0.044624 1.00755 0.23 0.0481051 0.99863 0.23 0.047398 1.00092 0.23 0.0456548 1.00538 0.23 0.0363903 1.01929 0.23 0.0347019 1.021 0.23 0.029182 1.0256 0.23 0.0311045 1.02415 0.23 0.0329415 1.02261 0.23 0.0209048 1.03042 0.23 0.0187087 1.03137 0.23 0.0141768 1.03295 0.23 0.0164718 1.03221 0.23 0.0272035 1.02695 0.23 0.0230626 1.02936 0.23 0.0251691 1.0282 0.23 0.0395067 1.01565 0.23 0.0379986 1.0175 0.23 0.0434954 1.00966 0.23 0.0465844 1.00316 0.23 0.0118625 1.03357 0.23 0.0487058 0.996299 0.23 0.0491919 0.993952 0.23 0.0495628 0.99159 0.23 0.00952879 1.03408 0.23 0.00717568 1.03448 0.23 0.0498216 0.989205 0.23 0.00480318 1.03477 0.23 0.0499676 0.9868 0.23 0.0499961 0.984412 0.23 0.00241129 1.03494 0.23 0.0499099 0.98202 0.23 -0.00241129 1.03494 0.23 -0.00954212 1.03408 0.23 -0.00480318 1.03477 0.23 -0.00717568 1.03448 0.23 -0.0118911 1.03356 0.23 0.0484254 0.972556 0.23 0.0489669 0.974893 0.23 -0.0230787 1.02935 0.23 0.0477704 0.970236 0.23 -0.0142019 1.03294 0.23 0.0470107 0.967972 0.23 -0.0292043 1.02558 0.23 0.0402387 0.955321 0.23 0.0416219 0.957296 0.23 -0.0251788 1.0282 0.23 0.0429027 0.959324 0.23 0.044081 0.961402 0.23 -0.0329574 1.0226 0.23 -0.0347239 1.02097 0.23 0.0372203 0.951615 0.23 0.0387754 0.953434 0.23 -0.0409452 1.0137 0.23 0.0301708 0.94513 0.23 -0.0395236 1.01562 0.23 0.0338444 0.948196 0.23 0.035573 0.949865 0.23 -0.0364043 1.01927 0.23 -0.0435047 1.00964 0.23 0.0262096 0.94242 0.23 -0.0422692 1.01171 0.23 0.0282149 0.943722 0.23 -0.0446377 1.00752 0.23 -0.0456643 1.00537 0.23 0.0220117 0.940107 0.23 -0.047406 1.00089 0.23 0.0153507 0.937416 0.23 0.017613 0.938206 0.23 -0.0465864 1.00316 0.23 -0.0495667 0.99156 0.23 0.00599272 0.935362 0.23 -0.0491943 0.993933 0.23 0.0107167 0.936162 0.23 0.0130412 0.936731 0.23 -0.0481135 0.998603 0.23 -0.0499949 0.984386 0.23 0.00121167 0.935015 0.23 -0.0499674 0.986795 0.23 -0.0498245 0.989182 0.23 -0.00118361 0.935015 0.23 -0.0497086 0.97961 0.23 -0.0493911 0.977227 0.23 -0.0499087 0.981991 0.23 -0.0175859 0.938196 0.23 -0.0106955 0.936159 0.23 -0.0470012 0.967948 0.23 -0.0489606 0.974863 0.23 -0.0440731 0.961389 0.23 -0.0261895 0.942409 0.23 -0.0387593 0.953415 0.23 -0.0416087 0.957275 0.23 -0.0402382 0.95532 0.23 -0.0301504 0.945114 0.23 -0.0320245 0.946603 0.23 -0.042887 0.959298 0.23 0.00359722 0.93513 0.23 -0.00358862 0.93513 0.23 -0.00833913 0.935701 0.23 -0.00597304 0.935358 0.23 -0.0241163 0.941201 0.23 -0.0198177 0.939096 0.23 -0.0153251 0.937407 0.23 -0.0372004 0.951593 0.23 -0.0338342 0.948188 0.23 -0.0219958 0.940098 0.23 -0.0130353 0.936729 0.23 -0.0282121 0.94372 0.23 -0.0355621 0.949853 0.23 -0.0461303 0.965715 0.23 -0.0451569 0.963533 0.23 -0.0484203 0.972533 0.23 -0.0477697 0.970234 0.23 0.00836917 0.935706 0.23 -0.0487088 0.996289 0.23 0.019828 0.9391 0.23 0.0241428 0.941216 0.23 0.0320473 0.946622 0.23 -0.0380042 1.01749 0.23 -0.0311089 1.02414 0.23 -0.0272276 1.02693 0.23 -0.0187301 1.03136 0.23 -0.0164744 1.03221 0.23 0.0493947 0.977244 0.23 0.0497091 0.979622 0.23 -1.22465e-17 1.035 -0.0249847 -0.0755 0.958816 -0.0249847 -0.0755 0.961212 -0.0249847 -0.0655 0.958816 -0.0248704 -0.0655 0.956411 -0.0248704 -0.0755 0.956411 -0.0246417 -0.0655 0.954027 -0.0246417 -0.0755 0.954027 -0.0242987 -0.0755 0.951661 -0.0242987 -0.0655 0.951661 -0.0238414 -0.0655 0.949305 -0.0238414 -0.0755 0.949305 -0.0232709 -0.0655 0.946965 -0.0232709 -0.0755 0.946965 -0.022593 -0.0755 0.944675 -0.022593 -0.0655 0.944675 -0.021804 -0.0655 0.942414 -0.021804 -0.0755 0.942414 -0.020904 -0.0655 0.940182 -0.020904 -0.0755 0.940182 -0.0199018 -0.0755 0.938004 -0.0199018 -0.0655 0.938004 -0.0187986 -0.0655 0.935884 -0.0187986 -0.0755 0.935884 -0.0175909 -0.0655 0.93381 -0.0175909 -0.0755 0.93381 -0.0162804 -0.0755 0.931788 -0.0162804 -0.0655 0.931788 -0.0148862 -0.0655 0.92985 -0.0148862 -0.0755 0.92985 -0.0133968 -0.0655 0.927976 -0.0133968 -0.0755 0.927976 -0.0118124 -0.0755 0.926166 -0.0118124 -0.0655 0.926166 -0.0101472 -0.0655 0.924438 -0.0101472 -0.0755 0.924438 -0.00840731 -0.0655 0.9228 -0.00840731 -0.0755 0.9228 -0.00658461 -0.0755 0.921241 -0.00658461 -0.0655 0.921241 -0.00467977 -0.0655 0.919762 -0.00467977 -0.0755 0.919762 -0.00272495 -0.0655 0.918391 -0.00272495 -0.0755 0.918391 -0.000701895 -0.0755 0.917113 -0.000701895 -0.0655 0.917113 0.00138939 -0.0655 0.915927 0.00138939 -0.0755 0.915927 0.00353268 -0.0655 0.914843 0.00353268 -0.0755 0.914843 0.00571475 -0.0755 0.91387 0.00571475 -0.0655 0.91387 0.00794847 -0.0655 0.912999 0.00794847 -0.0755 0.912999 0.0102339 -0.0655 0.91223 0.0102339 -0.0755 0.91223 0.0125326 -0.0755 0.91158 0.0125326 -0.0655 0.91158 0.0148632 -0.0655 0.911039 0.0148632 -0.0755 0.911039 0.0172274 -0.0655 0.910609 0.0172274 -0.0755 0.910609 0.01961 -0.0755 0.910291 0.01961 -0.0655 0.910291 0.0219906 -0.0655 0.910091 0.0219906 -0.0755 0.910091 0.0243856 -0.0655 0.910005 0.0243856 -0.0755 0.910005 0.0267953 -0.0755 0.910033 0.0267953 -0.0655 0.910033 0.0291825 -0.0655 0.910176 0.0291825 -0.0755 0.910176 0.0315604 -0.0655 0.910433 0.0315604 -0.0755 0.910433 0.0339334 -0.0755 0.910806 0.0339334 -0.0655 0.910806 0.0362894 -0.0655 0.911291 0.0362894 -0.0755 0.911291 0.0386025 -0.0655 0.911886 0.0386025 -0.0755 0.911886 0.0408915 -0.0755 0.912594 0.0408915 -0.0655 0.912594 0.0431563 -0.0655 0.913414 0.0431563 -0.0755 0.913414 0.0453654 -0.0655 0.914336 0.0453654 -0.0755 0.914336 0.047525 -0.0755 0.915362 0.047525 -0.0655 0.915362 0.0496419 -0.0655 0.916495 0.0496419 -0.0755 0.916495 0.0517079 -0.0655 0.917731 0.0517079 -0.0755 0.917731 0.0536955 -0.0755 0.919055 0.0536955 -0.0655 0.919055 0.0556229 -0.0655 0.920476 0.0556229 -0.0755 0.920476 0.0574902 -0.0655 0.921996 0.0574902 -0.0755 0.921996 0.059274 -0.0755 0.923596 0.059274 -0.0655 0.923596 0.0609744 -0.0655 0.925276 0.0609744 -0.0755 0.925276 0.062599 -0.0655 0.927043 0.062599 -0.0755 0.927043 0.0641438 -0.0755 0.928891 0.0641438 -0.0655 0.928891 0.065584 -0.0655 0.930796 0.065584 -0.0755 0.930796 0.0669349 -0.0655 0.932772 0.0669349 -0.0755 0.932772 0.0681966 -0.0755 0.934821 0.0681966 -0.0655 0.934821 0.0693549 -0.0655 0.936921 0.0693549 -0.0755 0.936921 0.0704065 -0.0655 0.939068 0.0704065 -0.0755 0.939068 0.0713579 -0.0755 0.94127 0.0713579 -0.0655 0.94127 0.072208 -0.0655 0.943526 0.072208 -0.0755 0.943526 0.0729402 -0.0655 0.945798 0.0729402 -0.0755 0.945798 0.0735642 -0.0755 0.948109 0.0735642 -0.0655 0.948109 0.0740801 -0.0655 0.950458 0.0740801 -0.0755 0.950458 0.0744823 -0.0655 0.952824 0.0744823 -0.0755 0.952824 0.074768 -0.0755 0.955197 0.074768 -0.0655 0.955197 0.0749405 -0.0655 0.957589 0.0749405 -0.0755 0.957589 0.075 -0.0655 0.96 0.075 -0.0755 0.96 -0.0249847 -0.0655 0.961212 -0.0248704 -0.0755 0.963597 -0.0248704 -0.0655 0.963597 -0.0246384 -0.0655 0.965993 -0.0246384 -0.0755 0.965993 -0.0242936 -0.0755 0.968369 -0.0242936 -0.0655 0.968369 -0.0238378 -0.0755 0.970717 -0.0238378 -0.0655 0.970717 -0.0232688 -0.0655 0.973041 -0.0232688 -0.0755 0.973041 -0.0225839 -0.0755 0.975351 -0.0225839 -0.0655 0.975351 -0.0217944 -0.0755 0.977613 -0.0217944 -0.0655 0.977613 -0.0209004 -0.0655 0.979828 -0.0209004 -0.0755 0.979828 -0.0198929 -0.0755 0.982012 -0.0198929 -0.0655 0.982012 -0.0187838 -0.0755 0.984143 -0.0187838 -0.0655 0.984143 -0.0175797 -0.0655 0.98621 -0.0175797 -0.0755 0.98621 -0.0162782 -0.0755 0.988215 -0.0162782 -0.0655 0.988215 -0.0148697 -0.0755 0.990171 -0.0148697 -0.0655 0.990171 -0.0133784 -0.0655 0.992047 -0.0133784 -0.0755 0.992047 -0.0118042 -0.0755 0.993844 -0.0118042 -0.0655 0.993844 -0.0101348 -0.0755 0.995573 -0.0101348 -0.0655 0.995573 -0.00838472 -0.0655 0.99722 -0.00838472 -0.0755 0.99722 -0.00656636 -0.0755 0.998775 -0.00656636 -0.0655 0.998775 -0.00467899 -0.0755 1.00024 -0.00467899 -0.0655 1.00024 -0.00270356 -0.0655 1.00162 -0.00270356 -0.0755 1.00162 -0.000676473 -0.0755 1.0029 -0.000676473 -0.0655 1.0029 0.00140227 -0.0755 1.00408 0.00140227 -0.0655 1.00408 0.00354609 -0.0655 1.00516 0.00354609 -0.0755 1.00516 0.00574231 -0.0755 1.00614 0.00574231 -0.0655 1.00614 0.00797214 -0.0755 1.00701 0.00797214 -0.0655 1.00701 0.0102356 -0.0655 1.00777 0.0102356 -0.0755 1.00777 0.0125559 -0.0755 1.00843 0.0125559 -0.0655 1.00843 0.0148927 -0.0755 1.00897 0.0148927 -0.0655 1.00897 0.0172441 -0.0655 1.00939 0.0172441 -0.0755 1.00939 0.0196224 -0.0755 1.00971 0.0196224 -0.0655 1.00971 0.0220197 -0.0755 1.00991 0.0220197 -0.0655 1.00991 0.0244122 -0.0655 1.01 0.0244122 -0.0755 1.01 0.0267998 -0.0755 1.00997 0.0267998 -0.0655 1.00997 0.0292048 -0.0755 1.00982 0.0292048 -0.0655 1.00982 0.0315905 -0.0655 1.00956 0.0315905 -0.0755 1.00956 0.033952 -0.0755 1.00919 0.033952 -0.0655 1.00919 0.0362991 -0.0755 1.00871 0.0362991 -0.0655 1.00871 0.0386298 -0.0655 1.00811 0.0386298 -0.0755 1.00811 0.0409178 -0.0755 1.0074 0.0409178 -0.0655 1.0074 0.043163 -0.0755 1.00658 0.043163 -0.0655 1.00658 0.0453842 -0.0655 1.00565 0.0453842 -0.0755 1.00565 0.0475523 -0.0755 1.00462 0.0475523 -0.0655 1.00462 0.0496602 -0.0755 1.0035 0.0496602 -0.0655 1.0035 0.0517142 -0.0655 1.00226 0.0517142 -0.0755 1.00226 0.0537179 -0.0755 1.00093 0.0537179 -0.0655 1.00093 0.0556457 -0.0755 0.999507 0.0556457 -0.0655 0.999507 0.0574978 -0.0655 0.997999 0.0574978 -0.0755 0.997999 0.0592874 -0.0755 0.99639 0.0592874 -0.0655 0.99639 0.0609955 -0.0755 0.994702 0.0609955 -0.0655 0.994702 0.0626142 -0.0655 0.992941 0.0626142 -0.0755 0.992941 0.0641467 -0.0755 0.991104 0.0641467 -0.0655 0.991104 0.065599 -0.0755 0.989182 0.065599 -0.0655 0.989182 0.0669512 -0.0655 0.987204 0.0669512 -0.0755 0.987204 0.0682031 -0.0755 0.985169 0.0682031 -0.0655 0.985169 0.0693622 -0.0755 0.983063 0.0693622 -0.0655 0.983063 0.070419 -0.0655 0.980905 0.070419 -0.0755 0.980905 0.0713676 -0.0755 0.978709 0.0713676 -0.0655 0.978709 0.0722087 -0.0755 0.976472 0.0722087 -0.0655 0.976472 0.0729467 -0.0655 0.974177 0.0729467 -0.0755 0.974177 0.0735717 -0.0755 0.971862 0.0735717 -0.0655 0.971862 0.0740835 -0.0755 0.969529 0.0740835 -0.0655 0.969529 0.0744823 -0.0655 0.967176 0.0744823 -0.0755 0.967176 0.074768 -0.0755 0.964803 0.074768 -0.0655 0.964803 0.0749405 -0.0755 0.962411 0.0749405 -0.0655 0.962411 0.0592874 -0.0755 0.99639 -0.0101472 -0.0755 0.924438 0.0609955 -0.0755 0.994702 -0.00840731 -0.0755 0.9228 0.0537179 -0.0755 1.00093 -0.0175909 -0.0755 0.93381 -0.0162804 -0.0755 0.931788 -0.0133968 -0.0755 0.927976 0.0574978 -0.0755 0.997999 0.0386298 -0.0755 1.00811 0.0362991 -0.0755 1.00871 -0.0238414 -0.0755 0.949305 0.0475523 -0.0755 1.00462 -0.0199018 -0.0755 0.938004 -0.0187986 -0.0755 0.935884 -0.021804 -0.0755 0.942414 -0.020904 -0.0755 0.940182 0.0453842 -0.0755 1.00565 -0.0148862 -0.0755 0.92985 0.0556457 -0.0755 0.999507 0.0292048 -0.0755 1.00982 -0.0249847 -0.0755 0.958816 -0.0248704 -0.0755 0.956411 -0.0242987 -0.0755 0.951661 0.0315905 -0.0755 1.00956 0.0220197 -0.0755 1.00991 -0.0246384 -0.0755 0.965993 -0.0249847 -0.0755 0.961212 0.0517142 -0.0755 1.00226 0.0196224 -0.0755 1.00971 -0.0242936 -0.0755 0.968369 0.0148927 -0.0755 1.00897 0.0125559 -0.0755 1.00843 -0.0148697 -0.0755 0.990171 -0.00838472 -0.0755 0.99722 -0.0101348 -0.0755 0.995573 -0.00270356 -0.0755 1.00162 -0.0198929 -0.0755 0.982012 0.00354609 -0.0755 1.00516 -0.0187838 -0.0755 0.984143 0.033952 -0.0755 1.00919 0.00574231 -0.0755 1.00614 -0.0225839 -0.0755 0.975351 0.0172441 -0.0755 1.00939 -0.0162782 -0.0755 0.988215 -0.0175797 -0.0755 0.98621 -0.00656636 -0.0755 0.998775 0.0244122 -0.0755 1.01 -0.000676473 -0.0755 1.0029 0.0267998 -0.0755 1.00997 -0.00467899 -0.0755 1.00024 0.00797214 -0.0755 1.00701 0.0102356 -0.0755 1.00777 -0.0133784 -0.0755 0.992047 0.00140227 -0.0755 1.00408 -0.0118042 -0.0755 0.993844 -0.0209004 -0.0755 0.979828 -0.0217944 -0.0755 0.977613 -0.0232688 -0.0755 0.973041 -0.0238378 -0.0755 0.970717 -0.0248704 -0.0755 0.963597 -0.0246417 -0.0755 0.954027 -0.0232709 -0.0755 0.946965 -0.022593 -0.0755 0.944675 0.0409178 -0.0755 1.0074 0.043163 -0.0755 1.00658 0.0496602 -0.0755 1.0035 -0.0118124 -0.0755 0.926166 0.0626142 -0.0755 0.992941 0.0641467 -0.0755 0.991104 -0.00658461 -0.0755 0.921241 -0.00467977 -0.0755 0.919762 0.065599 -0.0755 0.989182 -0.00272495 -0.0755 0.918391 0.0669512 -0.0755 0.987204 0.0682031 -0.0755 0.985169 -0.000701895 -0.0755 0.917113 0.00138939 -0.0755 0.915927 0.0693622 -0.0755 0.983063 0.070419 -0.0755 0.980905 0.00353268 -0.0755 0.914843 0.00571475 -0.0755 0.91387 0.00794847 -0.0755 0.912999 0.0722087 -0.0755 0.976472 0.0713676 -0.0755 0.978709 0.0729467 -0.0755 0.974177 0.0102339 -0.0755 0.91223 0.0125326 -0.0755 0.91158 0.0148632 -0.0755 0.911039 0.0740835 -0.0755 0.969529 0.0735717 -0.0755 0.971862 0.0172274 -0.0755 0.910609 0.0744823 -0.0755 0.967176 0.0219906 -0.0755 0.910091 0.01961 -0.0755 0.910291 0.074768 -0.0755 0.964803 0.0749405 -0.0755 0.962411 0.0243856 -0.0755 0.910005 0.0749405 -0.0755 0.957589 0.0291825 -0.0755 0.910176 0.0267953 -0.0755 0.910033 0.0315604 -0.0755 0.910433 0.074768 -0.0755 0.955197 0.0386025 -0.0755 0.911886 0.0339334 -0.0755 0.910806 0.0362894 -0.0755 0.911291 0.0735642 -0.0755 0.948109 0.0740801 -0.0755 0.950458 0.047525 -0.0755 0.915362 0.0713579 -0.0755 0.94127 0.0408915 -0.0755 0.912594 0.0431563 -0.0755 0.913414 0.0453654 -0.0755 0.914336 0.0669349 -0.0755 0.932772 0.062599 -0.0755 0.927043 0.065584 -0.0755 0.930796 0.0556229 -0.0755 0.920476 0.0496419 -0.0755 0.916495 0.0536955 -0.0755 0.919055 0.0517079 -0.0755 0.917731 0.0609744 -0.0755 0.925276 0.0574902 -0.0755 0.921996 0.059274 -0.0755 0.923596 0.0641438 -0.0755 0.928891 0.0681966 -0.0755 0.934821 0.0704065 -0.0755 0.939068 0.0693549 -0.0755 0.936921 0.072208 -0.0755 0.943526 0.0729402 -0.0755 0.945798 0.0744823 -0.0755 0.952824 0.075 -0.0755 0.96 -0.00862249 0.0565 0.997007 -0.00979356 0.0665 0.995907 -0.0103553 0.0565 0.995355 0.0290117 0.0665 0.910162 0.0297634 0.0565 0.910228 0.0273906 0.0565 0.910058 -0.00680809 0.0565 0.998576 -0.00802703 0.0665 0.997538 -0.00617449 0.0665 0.999092 -0.00491213 0.0565 1.00006 -0.00294943 0.0565 1.00146 -0.00426765 0.0665 1.00054 -0.000931089 0.0565 1.00275 -0.0022889 0.0665 1.0019 -0.000238242 0.0665 1.00316 0.00115399 0.0565 1.00395 0.00330581 0.0565 1.00505 0.00186821 0.0665 1.00433 0.0054868 0.0565 1.00603 0.00401836 0.0665 1.00538 0.00622431 0.0665 1.00634 0.00771784 0.0565 1.00692 0.00999892 0.0565 1.0077 0.00848605 0.0665 1.00719 0.0123119 0.0565 1.00836 0.0107638 0.0665 1.00793 0.0130796 0.0665 1.00856 0.0146433 0.0565 1.00891 0.0170066 0.0565 1.00936 0.0154335 0.0665 1.00908 0.0194018 0.0565 1.00969 0.0178067 0.0665 1.00948 0.0201851 0.0665 1.00977 0.0217861 0.0565 1.0099 0.0241834 0.0565 1.00999 0.0225829 0.0665 1.00994 0.0265936 0.0565 1.00997 0.025 0.0665 1.01 0.0273906 0.0665 1.00994 0.0289973 0.0565 1.00984 0.03138 0.0565 1.00959 0.0297634 0.0665 1.00977 0.0337563 0.0565 1.00923 0.0321186 0.0665 1.00949 0.0344561 0.0665 1.0091 0.036126 0.0565 1.00875 0.0384462 0.0565 1.00816 0.0367759 0.0665 1.00859 0.0407406 0.0565 1.00746 0.0390781 0.0665 1.00798 0.0413497 0.0665 1.00725 0.0430094 0.0565 1.00664 0.0452341 0.0565 1.00572 0.0435725 0.0665 1.00642 0.0474007 0.0565 1.0047 0.0457603 0.0665 1.00549 0.0479105 0.0665 1.00444 0.0495232 0.0565 1.00357 0.0516016 0.0565 1.00234 0.0499915 0.0665 1.00331 0.0535971 0.0565 1.00101 0.0520213 0.0665 1.00207 0.0539997 0.0665 1.00073 0.0555312 0.0565 0.999595 0.057404 0.0565 0.998077 0.055902 0.0665 0.999307 0.0591999 0.0565 0.996474 0.0577332 0.0665 0.997795 0.0594979 0.0665 0.996191 0.0609073 0.0565 0.994794 0.0625379 0.0565 0.993027 0.0611833 0.0665 0.994507 0.0640916 0.0565 0.991175 0.0627794 0.0665 0.992751 0.0642955 0.0665 0.990916 0.0655385 0.0565 0.989268 0.0668952 0.0565 0.987289 0.0657277 0.0665 0.989004 0.0681617 0.0565 0.985238 0.0670568 0.0665 0.98704 0.0682945 0.0665 0.98501 0.0693273 0.0565 0.983132 0.0703839 0.0565 0.980982 0.0694407 0.0665 0.982913 0.0713395 0.0565 0.978776 0.070478 0.0665 0.980778 0.071413 0.0665 0.978594 0.0721942 0.0565 0.976514 0.0729301 0.0565 0.974236 0.0722473 0.0665 0.976359 0.0735571 0.0565 0.97192 0.0729729 0.0665 0.974092 0.0735871 0.0665 0.971799 0.0740753 0.0565 0.969567 0.0744798 0.0565 0.967193 0.0740937 0.0665 0.969472 0.0747669 0.0565 0.964815 0.0744906 0.0665 0.967119 0.0747721 0.0665 0.964763 0.0749403 0.0565 0.962417 0.075 0.0565 0.96 0.0749419 0.0665 0.962391 0.075 0.0665 0.96 -0.0114741 0.0665 0.9942 -0.0130774 0.0665 0.992404 -0.0120223 0.0565 0.993604 -0.0145946 0.0665 0.990531 -0.0135951 0.0565 0.991786 -0.0150739 0.0565 0.989901 -0.0160143 0.0665 0.988597 -0.0173362 0.0665 0.986602 -0.016466 0.0565 0.987937 -0.0185716 0.0665 0.984523 -0.0177641 0.0565 0.985906 -0.0189582 0.0565 0.983825 -0.0197005 0.0665 0.982401 -0.0207228 0.0665 0.980234 -0.0200484 0.0565 0.981694 -0.0216429 0.0665 0.978009 -0.0210434 0.0565 0.979491 -0.0219275 0.0565 0.977255 -0.0224565 0.0665 0.975741 -0.0231577 0.0665 0.973446 -0.0227008 0.0565 0.974988 -0.0237464 0.0665 0.971126 -0.0233661 0.0565 0.972674 -0.0239205 0.0565 0.970328 -0.024226 0.0665 0.968756 -0.0245905 0.0665 0.96638 -0.0243604 0.0565 0.96797 -0.0248399 0.0665 0.963997 -0.0246856 0.0565 0.965598 -0.0248969 0.0565 0.96319 -0.0249736 0.0665 0.961594 -0.024993 0.0565 0.960788 -0.0249922 0.0665 0.959183 -0.024974 0.0565 0.958392 -0.0248962 0.0665 0.956786 -0.0248378 0.0565 0.955988 -0.0245865 0.0565 0.953591 -0.0246856 0.0665 0.954402 -0.0243556 0.0665 0.952007 -0.0242227 0.0565 0.95122 -0.0239149 0.0665 0.949643 -0.0237464 0.0565 0.948874 -0.0231503 0.0565 0.946531 -0.0233632 0.0665 0.947312 -0.0226956 0.0665 0.944999 -0.0224477 0.0565 0.944232 -0.0219171 0.0665 0.942718 -0.0216385 0.0565 0.941977 -0.0207161 0.0565 0.939753 -0.0210347 0.0665 0.940487 -0.0200484 0.0665 0.938306 -0.0196871 0.0565 0.937573 -0.0189459 0.0665 0.936154 -0.0185605 0.0565 0.935455 -0.0173362 0.0565 0.933398 -0.0177493 0.0665 0.934069 -0.0164587 0.0665 0.932051 -0.0159997 0.0565 0.931384 -0.0150645 0.0665 0.930088 -0.0145772 0.0565 0.929446 -0.0130686 0.0565 0.927584 -0.0135764 0.0665 0.928192 -0.0120066 0.0665 0.926377 -0.0114635 0.0565 0.92579 -0.0103553 0.0665 0.924645 -0.00977243 0.0565 0.924073 -0.00800942 0.0565 0.922445 -0.00860398 0.0665 0.922978 -0.00678587 0.0665 0.921405 -0.00617449 0.0565 0.920908 -0.00490102 0.0665 0.919926 -0.0042475 0.0565 0.919448 -0.00226472 0.0565 0.918089 -0.0029369 0.0665 0.918534 -0.00090604 0.0665 0.917236 -0.000226152 0.0565 0.91683 0.00117486 0.0665 0.916042 0.00188148 0.0565 0.915667 0.00404491 0.0565 0.914604 0.00330581 0.0665 0.914952 0.00550945 0.0665 0.913957 0.00624643 0.0565 0.913651 0.00774501 0.0665 0.913073 0.00848605 0.0565 0.912806 0.0107872 0.0565 0.912064 0.0100125 0.0665 0.912299 0.0123262 0.0665 0.911634 0.0131077 0.0565 0.911436 0.0146718 0.0665 0.911079 0.0154475 0.0565 0.910921 0.0178067 0.0565 0.91052 0.0170303 0.0665 0.91064 0.0194018 0.0665 0.910314 0.0201851 0.0565 0.910233 0.0218104 0.0665 0.910103 0.0225829 0.0565 0.91006 0.025 0.0565 0.91 0.0242125 0.0665 0.910007 0.0321186 0.0565 0.910509 0.0314088 0.0665 0.910414 0.0337803 0.0665 0.910777 0.0266081 0.0665 0.910026 0.039092 0.0565 0.912027 0.0384693 0.0665 0.91185 0.0407683 0.0665 0.912552 0.0344718 0.0565 0.910906 0.036126 0.0665 0.911254 0.0367994 0.0565 0.911413 0.045247 0.0665 0.914284 0.0474265 0.0665 0.915313 0.045778 0.0565 0.914522 0.0430233 0.0665 0.913361 0.0435943 0.0565 0.913587 0.0413592 0.0565 0.912753 0.0536165 0.0665 0.919 0.0520404 0.0565 0.917943 0.0516016 0.0665 0.917664 0.0500098 0.0565 0.916705 0.0479129 0.0565 0.915559 0.0495448 0.0665 0.91644 0.0577514 0.0565 0.922221 0.0574156 0.0665 0.921931 0.0592099 0.0665 0.923536 0.0540044 0.0565 0.919272 0.0555544 0.0665 0.920423 0.0559155 0.0565 0.920704 0.0625545 0.0665 0.926991 0.0640916 0.0665 0.928825 0.062795 0.0565 0.927267 0.0609273 0.0665 0.925228 0.0611914 0.0565 0.925502 0.0595073 0.0565 0.923817 0.0681698 0.0665 0.934774 0.0670685 0.0565 0.932979 0.0669113 0.0665 0.932735 0.0657305 0.0565 0.931 0.064307 0.0565 0.929098 0.0655519 0.0665 0.930753 0.0704853 0.0565 0.93924 0.0703958 0.0665 0.939045 0.0713494 0.0665 0.941246 0.0683057 0.0565 0.935008 0.0693333 0.0665 0.936881 0.0694422 0.0565 0.93709 0.0722513 0.0565 0.94365 0.071422 0.0565 0.941427 0.0721942 0.0665 0.943486 0.0729361 0.0665 0.945787 0.0729763 0.0565 0.945922 0.0735644 0.0665 0.948108 0.0735927 0.0565 0.948224 0.0740975 0.0565 0.950544 0.0740789 0.0665 0.950447 0.0744798 0.0665 0.952807 0.0744906 0.0565 0.952881 0.0747669 0.0665 0.955185 0.0747721 0.0565 0.955237 0.0749419 0.0565 0.957609 0.0749403 0.0665 0.957583 0.00622431 0.0665 1.00634 0.0721942 0.0665 0.943486 0.0713494 0.0665 0.941246 0.0682945 0.0665 0.98501 0.0642955 0.0665 0.990916 0.0670568 0.0665 0.98704 0.0657277 0.0665 0.989004 0.0499915 0.0665 1.00331 0.0520213 0.0665 1.00207 0.0457603 0.0665 1.00549 0.0694407 0.0665 0.982913 0.070478 0.0665 0.980778 0.0539997 0.0665 1.00073 0.0577332 0.0665 0.997795 0.0435725 0.0665 1.00642 0.0390781 0.0665 1.00798 0.0413497 0.0665 1.00725 0.055902 0.0665 0.999307 0.0479105 0.0665 1.00444 0.0594979 0.0665 0.996191 0.0627794 0.0665 0.992751 0.0611833 0.0665 0.994507 0.071413 0.0665 0.978594 0.0722473 0.0665 0.976359 0.0729729 0.0665 0.974092 0.0735871 0.0665 0.971799 0.0367759 0.0665 1.00859 0.0740937 0.0665 0.969472 0.0344561 0.0665 1.0091 0.0297634 0.0665 1.00977 0.0321186 0.0665 1.00949 0.0747721 0.0665 0.964763 0.0744906 0.0665 0.967119 0.0749419 0.0665 0.962391 0.0273906 0.0665 1.00994 0.0749403 0.0665 0.957583 0.075 0.0665 0.96 0.0225829 0.0665 1.00994 0.0740789 0.0665 0.950447 0.0154335 0.0665 1.00908 0.0744798 0.0665 0.952807 0.0201851 0.0665 1.00977 0.0747669 0.0665 0.955185 0.00848605 0.0665 1.00719 0.0107638 0.0665 1.00793 0.0729361 0.0665 0.945787 0.0735644 0.0665 0.948108 0.0130796 0.0665 1.00856 0.0681698 0.0665 0.934774 -0.000238242 0.0665 1.00316 0.0693333 0.0665 0.936881 0.00186821 0.0665 1.00433 -0.00617449 0.0665 0.999092 0.0655519 0.0665 0.930753 0.0640916 0.0665 0.928825 0.0669113 0.0665 0.932735 -0.0022889 0.0665 1.0019 0.0592099 0.0665 0.923536 -0.0114741 0.0665 0.9942 -0.00979356 0.0665 0.995907 -0.00802703 0.0665 0.997538 0.0609273 0.0665 0.925228 -0.0185716 0.0665 0.984523 -0.0173362 0.0665 0.986602 0.0536165 0.0665 0.919 -0.0130774 0.0665 0.992404 0.0574156 0.0665 0.921931 0.0555544 0.0665 0.920423 0.0516016 0.0665 0.917664 -0.0216429 0.0665 0.978009 -0.0207228 0.0665 0.980234 0.045247 0.0665 0.914284 0.0474265 0.0665 0.915313 -0.0197005 0.0665 0.982401 -0.0231577 0.0665 0.973446 0.0384693 0.0665 0.91185 -0.0237464 0.0665 0.971126 -0.0224565 0.0665 0.975741 0.0407683 0.0665 0.912552 -0.0245905 0.0665 0.96638 -0.0249736 0.0665 0.961594 -0.0248399 0.0665 0.963997 0.0337803 0.0665 0.910777 -0.024226 0.0665 0.968756 0.036126 0.0665 0.911254 0.0218104 0.0665 0.910103 -0.0248962 0.0665 0.956786 -0.0249922 0.0665 0.959183 0.0242125 0.0665 0.910007 0.0170303 0.0665 0.91064 -0.0243556 0.0665 0.952007 -0.0239149 0.0665 0.949643 0.0146718 0.0665 0.911079 -0.0219171 0.0665 0.942718 0.00550945 0.0665 0.913957 -0.0189459 0.0665 0.936154 -0.0226956 0.0665 0.944999 -0.00860398 0.0665 0.922978 -0.0135764 0.0665 0.928192 0.0290117 0.0665 0.910162 0.0100125 0.0665 0.912299 0.00774501 0.0665 0.913073 0.0123262 0.0665 0.911634 -0.0120066 0.0665 0.926377 0.00330581 0.0665 0.914952 0.00117486 0.0665 0.916042 0.0266081 0.0665 0.910026 0.0194018 0.0665 0.910314 -0.0210347 0.0665 0.940487 -0.0029369 0.0665 0.918534 -0.00678587 0.0665 0.921405 -0.00090604 0.0665 0.917236 -0.0150645 0.0665 0.930088 -0.00490102 0.0665 0.919926 -0.0177493 0.0665 0.934069 -0.0103553 0.0665 0.924645 -0.0164587 0.0665 0.932051 -0.0200484 0.0665 0.938306 -0.0233632 0.0665 0.947312 -0.0246856 0.0665 0.954402 0.0314088 0.0665 0.910414 0.0430233 0.0665 0.913361 0.0495448 0.0665 0.91644 -0.0160143 0.0665 0.988597 -0.0145946 0.0665 0.990531 0.0625545 0.0665 0.926991 -0.00426765 0.0665 1.00054 0.00401836 0.0665 1.00538 0.0703958 0.0665 0.939045 0.0178067 0.0665 1.00948 0.025 0.0665 1.01 0.236 0.0518158 0.980097 0.236 0.051818 0.980591 0.236 0.0517964 0.980344 0.236 0.0518755 0.979857 0.236 0.0518799 0.980831 0.236 0.0519805 0.981057 0.236 0.0519739 0.979629 0.236 0.0521085 0.979421 0.236 0.0522754 0.979238 0.236 0.052117 0.981264 0.236 0.0522856 0.981445 0.236 0.0524702 0.979085 0.236 0.0526876 0.978966 0.236 0.0524818 0.981597 0.236 0.0529215 0.978885 0.236 0.0527002 0.981714 0.236 0.0529349 0.981793 0.236 0.0531657 0.978843 0.236 0.0531794 0.981833 0.236 0.0534272 0.981831 0.236 0.0543462 0.97874 0.236 0.0544563 0.981741 0.23712 0.0544579 0.981741 0.238361 0.0543039 0.981755 0.236 0.0534272 0.981831 0.238954 0.0541142 0.981771 0.237746 0.0544195 0.981745 0.239522 0.0538514 0.981794 0.24 0.053592 0.981817 0.24 0.0534272 0.981831 0.236 0.0544563 0.981741 0.236 0.0531794 0.981833 0.236 0.0534272 0.981831 0.24 0.0534272 0.981831 0.236 0.0524818 0.981597 0.236 0.0527002 0.981714 0.24 0.0527002 0.981714 0.236 0.0529349 0.981793 0.24 0.0531794 0.981833 0.24 0.0529349 0.981793 0.24 0.052117 0.981264 0.236 0.0519805 0.981057 0.236 0.052117 0.981264 0.24 0.0524818 0.981597 0.24 0.0522856 0.981445 0.236 0.0522856 0.981445 0.236 0.051818 0.980591 0.24 0.051818 0.980591 0.236 0.0517964 0.980344 0.236 0.0518799 0.980831 0.24 0.0519805 0.981057 0.24 0.0518799 0.980831 0.236 0.0519739 0.979629 0.236 0.0518755 0.979857 0.24 0.0518755 0.979857 0.24 0.0518158 0.980097 0.236 0.0518158 0.980097 0.24 0.0517964 0.980344 0.24 0.0522754 0.979238 0.236 0.0522754 0.979238 0.24 0.0521085 0.979421 0.24 0.0519739 0.979629 0.236 0.0521085 0.979421 0.236 0.0524702 0.979085 0.24 0.0524702 0.979085 0.24 0.0526876 0.978966 0.236 0.0526876 0.978966 0.24 0.0529215 0.978885 0.236 0.0529215 0.978885 0.236 0.0531657 0.978843 0.24 0.0531657 0.978843 0.24 0.0533306 0.978828 0.236 0.0531657 0.978843 0.24 0.0531657 0.978843 0.239246 0.0537392 0.978793 0.238671 0.0540033 0.97877 0.23807 0.0541942 0.978753 0.237452 0.0543092 0.978743 0.236822 0.0543474 0.97874 0.236 0.0543462 0.97874 0.0916994 0.057 1.00024 0.0848579 0.0565 0.996291 0.0848579 0.057 0.996291 0.0917389 0.0565 1.00026 0.0939203 0.0565 0.998059 0.0938814 0.057 0.998037 0.0863579 0.057 0.993693 0.0863579 0.0565 0.993693 0.0781142 -0.0131663 1.0385 0.0780288 -0.012838 1.0445 0.0781142 -0.0131663 1.0445 0.078 -0.0125 1.0445 0.0780288 -0.012838 1.0385 0.078 -0.0125 1.0385 0.0784439 -0.0137564 1.0445 0.0786787 -0.0140013 1.0445 0.0786787 -0.0140013 1.0385 0.0784439 -0.0137564 1.0385 0.078254 -0.0134754 1.0385 0.078254 -0.0134754 1.0445 0.0795786 -0.0144551 1.0385 0.0792543 -0.0143558 1.0445 0.0795786 -0.0144551 1.0445 0.0792543 -0.0143558 1.0385 0.0789514 -0.0142031 1.0385 0.0789514 -0.0142031 1.0445 0.0805857 -0.0144123 1.0445 0.0805857 -0.0144123 1.0385 0.080254 -0.0144838 1.0445 0.0799151 -0.0144982 1.0445 0.080254 -0.0144838 1.0385 0.0799151 -0.0144982 1.0385 0.0811893 -0.014108 1.0445 0.0814439 -0.0138839 1.0445 0.0814439 -0.0138839 1.0385 0.0809004 -0.0142859 1.0385 0.0809004 -0.0142859 1.0445 0.0811893 -0.014108 1.0385 0.0819355 -0.013004 1.0385 0.0818225 -0.0133238 1.0445 0.0819355 -0.013004 1.0445 0.0818225 -0.0133238 1.0385 0.081657 -0.0136199 1.0385 0.081657 -0.0136199 1.0445 0.0819355 -0.011996 1.0445 0.0819355 -0.011996 1.0385 0.0819928 -0.0123304 1.0445 0.0819928 -0.0126696 1.0445 0.0819928 -0.0123304 1.0385 0.0819928 -0.0126696 1.0385 0.081657 -0.0113801 1.0445 0.0814439 -0.0111161 1.0445 0.0814439 -0.0111161 1.0385 0.0818225 -0.0116762 1.0385 0.0818225 -0.0116762 1.0445 0.081657 -0.0113801 1.0385 0.0805857 -0.0105877 1.0385 0.0809004 -0.0107141 1.0445 0.0805857 -0.0105877 1.0445 0.0809004 -0.0107141 1.0385 0.0811893 -0.010892 1.0385 0.0811893 -0.010892 1.0445 0.0795786 -0.0105449 1.0385 0.0799151 -0.0105018 1.0385 0.0799151 -0.0105018 1.0445 0.080254 -0.0105162 1.0445 0.080254 -0.0105162 1.0385 0.0795786 -0.0105449 1.0445 0.0792543 -0.0106442 1.0385 0.0792543 -0.0106442 1.0445 0.0789514 -0.0107969 1.0385 0.0786787 -0.0109987 1.0385 0.0789514 -0.0107969 1.0445 0.0786787 -0.0109987 1.0445 0.0784439 -0.0112436 1.0385 0.0784439 -0.0112436 1.0445 0.078254 -0.0115246 1.0385 0.0781142 -0.0118337 1.0385 0.078254 -0.0115246 1.0445 0.0781142 -0.0118337 1.0445 0.0780288 -0.012162 1.0385 0.0780288 -0.012162 1.0445 0.0781142 0.0118337 1.0385 0.0780288 0.012162 1.0445 0.0781142 0.0118337 1.0445 0.078 0.0125 1.0445 0.0780288 0.012162 1.0385 0.078 0.0125 1.0385 0.0784439 0.0112436 1.0445 0.0786787 0.0109987 1.0445 0.0786787 0.0109987 1.0385 0.0784439 0.0112436 1.0385 0.078254 0.0115246 1.0385 0.078254 0.0115246 1.0445 0.0795786 0.0105449 1.0385 0.0792543 0.0106442 1.0445 0.0795786 0.0105449 1.0445 0.0792543 0.0106442 1.0385 0.0789514 0.0107969 1.0385 0.0789514 0.0107969 1.0445 0.0805857 0.0105877 1.0445 0.0805857 0.0105877 1.0385 0.080254 0.0105162 1.0445 0.0799151 0.0105018 1.0445 0.080254 0.0105162 1.0385 0.0799151 0.0105018 1.0385 0.0811893 0.010892 1.0445 0.0814439 0.0111161 1.0445 0.0814439 0.0111161 1.0385 0.0809004 0.0107141 1.0385 0.0809004 0.0107141 1.0445 0.0811893 0.010892 1.0385 0.0819355 0.011996 1.0385 0.0818225 0.0116762 1.0445 0.0819355 0.011996 1.0445 0.0818225 0.0116762 1.0385 0.081657 0.0113801 1.0385 0.081657 0.0113801 1.0445 0.0819355 0.013004 1.0445 0.0819355 0.013004 1.0385 0.0819928 0.0126696 1.0445 0.0819928 0.0123304 1.0445 0.0819928 0.0126696 1.0385 0.0819928 0.0123304 1.0385 0.081657 0.0136199 1.0445 0.0814439 0.0138839 1.0445 0.0814439 0.0138839 1.0385 0.0818225 0.0133238 1.0385 0.0818225 0.0133238 1.0445 0.081657 0.0136199 1.0385 0.0805857 0.0144123 1.0385 0.0809004 0.0142859 1.0445 0.0805857 0.0144123 1.0445 0.0809004 0.0142859 1.0385 0.0811893 0.014108 1.0385 0.0811893 0.014108 1.0445 0.0795786 0.0144551 1.0385 0.0799151 0.0144982 1.0385 0.0799151 0.0144982 1.0445 0.080254 0.0144838 1.0445 0.080254 0.0144838 1.0385 0.0795786 0.0144551 1.0445 0.0792543 0.0143558 1.0385 0.0792543 0.0143558 1.0445 0.0789514 0.0142031 1.0385 0.0786787 0.0140013 1.0385 0.0789514 0.0142031 1.0445 0.0786787 0.0140013 1.0445 0.0784439 0.0137564 1.0385 0.0784439 0.0137564 1.0445 0.078254 0.0134754 1.0385 0.0781142 0.0131663 1.0385 0.078254 0.0134754 1.0445 0.0781142 0.0131663 1.0445 0.0780288 0.012838 1.0385 0.0780288 0.012838 1.0445 0.0727647 -0.0198698 1.0445 0.078 -0.0125 1.0445 0.0724368 -0.0191734 1.0445 0.0781142 0.0118337 1.0445 0.0691603 0.00499589 1.0445 0.0691037 0.00422854 1.0445 0.0734942 -0.0212247 1.0445 0.0780288 -0.012838 1.0445 0.0731167 -0.0205541 1.0445 0.0748055 -0.0231237 1.0445 0.0781142 -0.0131663 1.0445 0.0743363 -0.0225122 1.0445 0.0738994 -0.0218794 1.0445 0.0721293 -0.0184682 1.0445 0.0718428 -0.0177539 1.0445 0.0715741 -0.017033 1.0445 0.0713233 -0.0163055 1.0445 0.0780288 -0.012162 1.0445 0.0710887 -0.0155727 1.0445 0.0708695 -0.0148351 1.0445 0.0706652 -0.0140932 1.0445 0.0702972 -0.0125991 1.0445 0.0701324 -0.0118475 1.0445 0.0753132 -0.0237005 1.0445 0.078254 -0.0134754 1.0445 0.0704744 -0.0133479 1.0445 0.0781142 -0.0118337 1.0445 0.0699801 -0.0110933 1.0445 0.0758594 -0.0242457 1.0445 0.0698396 -0.0103368 1.0445 0.0697105 -0.00957835 1.0445 0.0694855 -0.0080561 1.0445 0.0695927 -0.00881798 1.0445 0.0692266 -0.0057625 1.0445 0.0693028 -0.00652817 1.0445 0.0693891 -0.00729271 1.0445 0.0819928 0.0126696 1.0445 0.0872353 0.0198698 1.0445 0.0868833 0.0205541 1.0445 0.0881572 0.0177539 1.0445 0.0878707 0.0184682 1.0445 0.0819928 0.0123304 1.0445 0.0865058 0.0212247 1.0445 0.0689908 -0.00192327 1.0445 0.078254 -0.0115246 1.0445 0.068972 -0.00115411 1.0445 0.0693029 0.00652805 1.0445 0.0693892 0.00729263 1.0445 0.0689908 0.00192321 1.0445 0.078254 0.0115246 1.0445 0.0690189 0.00269208 1.0445 0.0698397 0.0103367 1.0445 0.0697107 0.00957816 1.0445 0.0695927 0.0088179 1.0445 0.0694857 0.00805592 1.0445 0.0780288 0.012162 1.0445 0.0699803 0.0110931 1.0445 0.0706653 0.0140931 1.0445 0.0704748 0.0133476 1.0445 0.0851945 0.0231237 1.0445 0.0846868 0.0237005 1.0445 0.0818225 0.0133238 1.0445 0.0841406 0.0242457 1.0445 0.081657 0.0136199 1.0445 0.0814439 0.0138839 1.0445 0.0835498 0.0247396 1.0445 0.0829149 0.0251751 1.0445 0.078 0.0125 1.0445 0.0710891 0.0155724 1.0445 0.078254 0.0134754 1.0445 0.0758612 0.0242381 1.0445 0.0753134 0.0236997 1.0445 0.0718431 0.0177536 1.0445 0.0721304 0.0184672 1.0445 0.0715748 0.0170324 1.0445 0.0792282 0.0259756 1.0445 0.0795786 0.0144551 1.0445 0.0799151 0.0144982 1.0445 0.0784439 0.0112436 1.0445 0.0784439 -0.0112436 1.0445 0.0786787 0.0109987 1.0445 0.0784439 0.0137564 1.0445 0.0786787 0.0140013 1.0445 0.0770845 0.0251672 1.0445 0.0780288 0.012838 1.0445 0.0731177 0.0205529 1.0445 0.0727661 0.0198684 1.0445 0.0689626 -0.000384734 1.0445 0.0789514 0.0142031 1.0445 0.077762 0.02553 1.0445 0.0734956 0.0212229 1.0445 0.07645 0.024734 1.0445 0.0748077 0.023119 1.0445 0.0781142 0.0131663 1.0445 0.0809004 0.0142859 1.0445 0.082233 0.0255379 1.0445 0.0815157 0.0258094 1.0445 0.0743372 0.0225108 1.0445 0.0811893 0.014108 1.0445 0.072437 0.0191731 1.0445 0.0713238 0.0163051 1.0445 0.07087 0.0148347 1.0445 0.0689626 0.000384666 1.0445 0.0701327 0.0118473 1.0445 0.0702973 0.012599 1.0445 0.068972 0.00115401 1.0445 0.0819355 0.013004 1.0445 0.0856637 0.0225122 1.0445 0.0692267 0.00576243 1.0445 0.0861006 0.0218794 1.0445 0.0690565 0.00346061 1.0445 0.0690189 -0.0026922 1.0445 0.0691036 -0.00422865 1.0445 0.0691602 -0.00499597 1.0445 0.0690565 -0.00346066 1.0445 0.081657 0.0113801 1.0445 0.0814439 0.0111161 1.0445 0.0814439 -0.0111161 1.0445 0.0819355 0.011996 1.0445 0.0895256 0.0133479 1.0445 0.0891305 0.0148351 1.0445 0.0889113 0.0155727 1.0445 0.0886767 0.0163055 1.0445 0.0904073 0.00881798 1.0445 0.0902895 0.00957835 1.0445 0.0893348 0.0140932 1.0445 0.0898676 0.0118475 1.0445 0.0897028 0.0125991 1.0445 0.0792543 0.0106442 1.0445 0.0789514 -0.0107969 1.0445 0.0792543 -0.0106442 1.0445 0.0900199 0.0110933 1.0445 0.0905145 0.0080561 1.0445 0.0906109 0.00729271 1.0445 0.0818225 0.0116762 1.0445 0.0908398 0.00499597 1.0445 0.0907734 0.0057625 1.0445 0.0795786 0.0105449 1.0445 0.0906972 0.00652817 1.0445 0.0795786 -0.0105449 1.0445 0.0799151 -0.0105018 1.0445 0.0799151 0.0105018 1.0445 0.0884259 0.017033 1.0445 0.080254 0.0105162 1.0445 0.080254 -0.0105162 1.0445 0.0805857 -0.0105877 1.0445 0.0809004 0.0107141 1.0445 0.0805857 0.0105877 1.0445 0.0789514 0.0107969 1.0445 0.0811893 0.010892 1.0445 0.0809004 -0.0107141 1.0445 0.0811893 -0.010892 1.0445 0.081657 -0.0113801 1.0445 0.0910374 -0.000384666 1.0445 0.0910374 0.000384734 1.0445 0.091028 -0.00115401 1.0445 0.0818225 -0.0116762 1.0445 0.0910092 -0.00192321 1.0445 0.0909435 -0.00346061 1.0445 0.0909811 -0.00269208 1.0445 0.0908397 -0.00499589 1.0445 0.0908963 -0.00422854 1.0445 0.0907733 -0.00576243 1.0445 0.0770851 -0.0251751 1.0445 0.0786787 -0.0140013 1.0445 0.0784439 -0.0137564 1.0445 0.0906108 -0.00729263 1.0445 0.0819355 -0.011996 1.0445 0.0906971 -0.00652805 1.0445 0.0902893 -0.00957816 1.0445 0.0904073 -0.0088179 1.0445 0.0905143 -0.00805592 1.0445 0.077767 -0.0255379 1.0445 0.0789514 -0.0142031 1.0445 0.0901603 -0.0103367 1.0445 0.0900197 -0.0110931 1.0445 0.0895252 -0.0133476 1.0445 0.0819928 -0.0123304 1.0445 0.0893347 -0.0140931 1.0445 0.0897027 -0.012599 1.0445 0.0898673 -0.0118473 1.0445 0.08913 -0.0148347 1.0445 0.0889109 -0.0155724 1.0445 0.0784843 -0.0258094 1.0445 0.0792543 -0.0143558 1.0445 0.0881569 -0.0177536 1.0445 0.0884252 -0.0170324 1.0445 0.0795786 -0.0144551 1.0445 0.087563 -0.0191731 1.0445 0.0819928 -0.0126696 1.0445 0.0872339 -0.0198684 1.0445 0.0878696 -0.0184672 1.0445 0.0860989 -0.0218767 1.0445 0.0819355 -0.013004 1.0445 0.0856628 -0.0225108 1.0445 0.0792287 -0.0259763 1.0445 0.0865044 -0.0212229 1.0445 0.0868823 -0.0205529 1.0445 0.0799151 -0.0144982 1.0445 0.08 -0.0260386 1.0445 0.080254 -0.0144838 1.0445 0.0846866 -0.0236997 1.0445 0.0851924 -0.023119 1.0445 0.0818225 -0.0133238 1.0445 0.0807718 -0.0259756 1.0445 0.0809004 -0.0142859 1.0445 0.0805857 -0.0144123 1.0445 0.0815189 -0.0258043 1.0445 0.082238 -0.02553 1.0445 0.0829155 -0.0251672 1.0445 0.0811893 -0.014108 1.0445 0.0841388 -0.0242381 1.0445 0.0814439 -0.0138839 1.0445 0.08355 -0.024734 1.0445 0.081657 -0.0136199 1.0445 0.0886762 -0.0163051 1.0445 0.0764502 -0.0247396 1.0445 0.0901604 0.0103368 1.0445 0.0875632 0.0191734 1.0445 0.0786787 -0.0109987 1.0445 0.0805857 0.0144123 1.0445 0.0807612 0.0259807 1.0445 0.080254 0.0144838 1.0445 0.0739011 0.0218767 1.0445 0.078481 0.0258043 1.0445 0.0792543 0.0143558 1.0445 0.0908964 0.00422865 1.0445 0.0909811 0.0026922 1.0445 0.0909435 0.00346066 1.0445 0.0910092 0.00192327 1.0445 0.091028 0.00115411 1.0445 0.08 0.0260386 1.0445 0.0220197 -0.0655 1.00991 0.0222026 -0.0655 1.02633 0.0194248 -0.0655 1.02615 0.0722087 -0.0655 0.976472 0.0729467 -0.0655 0.974177 0.0881305 -0.0655 0.980531 0.0537179 -0.0655 1.00093 0.0640043 -0.0655 1.01372 0.0617207 -0.0655 1.0153 0.0778664 -0.0655 1.00015 0.065599 -0.0655 0.989182 0.0795003 -0.0655 0.997903 0.0713676 -0.0655 0.978709 0.0872196 -0.0655 0.983148 0.0861947 -0.0655 0.985733 0.0662311 -0.0655 1.01203 0.0574978 -0.0655 0.997999 0.0683703 -0.0655 1.01026 0.0724162 -0.0655 1.00646 0.0592874 -0.0655 0.99639 0.0609955 -0.0655 0.994702 0.0641467 -0.0655 0.991104 0.0761453 -0.0655 1.00232 0.0626142 -0.0655 0.992941 0.0704298 -0.0655 1.00841 0.0824876 -0.0655 0.993201 0.0810469 -0.0655 0.995577 0.0682031 -0.0655 0.985169 0.0850579 -0.0655 0.988283 0.0693622 -0.0655 0.983063 0.070419 -0.0655 0.980905 0.0838222 -0.0655 0.990772 0.0669512 -0.0655 0.987204 0.0889336 -0.0655 0.977872 0.0735717 -0.0655 0.971862 0.0743297 -0.0655 1.00443 0.0896289 -0.0655 0.975169 0.0906706 -0.0655 0.969715 0.0902088 -0.0655 0.972447 0.0740835 -0.0655 0.969529 0.0744823 -0.0655 0.967176 0.0910187 -0.0655 0.966959 0.0556457 -0.0655 0.999507 0.0593805 -0.0655 1.01679 0.0517142 -0.0655 1.00226 0.074768 -0.0655 0.964803 0.0496602 -0.0655 1.0035 0.0912533 -0.0655 0.964179 0.0475523 -0.0655 1.00462 0.056978 -0.0655 1.01818 0.0749405 -0.0655 0.962411 0.0913714 -0.0655 0.961397 0.0453842 -0.0655 1.00565 0.0545 -0.0655 1.01947 0.075 -0.0655 0.96 0.0913712 -0.0655 0.958627 0.0468295 -0.0655 1.02269 0.0441695 -0.0655 1.02356 0.0409178 -0.0655 1.0074 0.0912549 -0.0655 0.955852 0.0749405 -0.0655 0.957589 0.0740801 -0.0655 0.950458 0.0735642 -0.0655 0.948109 0.0896354 -0.0655 0.944861 0.0902127 -0.0655 0.947577 0.0744823 -0.0655 0.952824 0.0305752 -0.0655 1.02615 0.0277974 -0.0655 1.02633 0.0292048 -0.0655 1.00982 0.0315905 -0.0655 1.00956 0.0333333 -0.0655 1.02586 0.0724404 -0.0655 0.913564 0.0609744 -0.0655 0.925276 0.059274 -0.0655 0.923596 0.0838338 -0.0655 0.929248 0.0850724 -0.0655 0.931747 0.0693549 -0.0655 0.936921 0.00579932 -0.0655 1.02355 0.0125559 -0.0655 1.00843 0.00847093 -0.0655 1.02429 0.0172441 -0.0655 1.00939 0.0139281 -0.0655 1.02546 0.0148927 -0.0655 1.00897 0.00574231 -0.0655 1.00614 0.000546929 -0.0655 1.02172 -0.00201995 -0.0655 1.02064 0.047525 -0.0655 0.915362 0.0545314 -0.0655 0.900546 0.0569992 -0.0655 0.901837 0.00140227 -0.0655 1.00408 -0.00698368 -0.0655 1.01817 -0.000676473 -0.0655 1.0029 -0.00453015 -0.0655 1.01946 0.00354609 -0.0655 1.00516 0.0388155 -0.0655 0.895068 0.0339334 -0.0655 0.910806 0.036091 -0.0655 0.894548 0.0415106 -0.0655 0.8957 0.0362894 -0.0655 0.911291 -0.0162379 -0.0655 1.01202 -0.0183886 -0.0655 1.01024 -0.00656636 -0.0655 0.998775 -0.0133784 -0.0655 0.992047 -0.0118042 -0.0655 0.993844 -0.0243369 -0.0655 1.00442 -0.0101348 -0.0655 0.995573 -0.00838472 -0.0655 0.99722 -0.0204586 -0.0655 1.00838 -0.0324977 -0.0655 0.99318 -0.0175797 -0.0655 0.98621 -0.031054 -0.0655 0.995568 0.0194457 -0.0655 0.893847 0.0222379 -0.0655 0.893673 0.0219906 -0.0655 0.910091 -0.0148697 -0.0655 0.990171 -0.0278899 -0.0655 1.00012 -0.0295214 -0.0655 0.997874 0.0125326 -0.0655 0.91158 0.00849251 -0.0655 0.895699 0.0112157 -0.0655 0.895062 0.000579609 -0.0655 0.89827 0.00571475 -0.0655 0.91387 -0.00199842 -0.0655 0.899352 0.00794847 -0.0655 0.912999 0.0291825 -0.0655 0.910176 0.0267953 -0.0655 0.910033 0.0277928 -0.0655 0.893673 -0.000701895 -0.0655 0.917113 -0.00937265 -0.0655 0.903207 -0.00696408 -0.0655 0.901817 -0.0413706 -0.0655 0.961379 -0.0249847 -0.0655 0.958816 -0.0249847 -0.0655 0.961212 -0.0248704 -0.0655 0.963597 -0.0246384 -0.0655 0.965993 -0.0410235 -0.0655 0.966922 0.0166918 -0.0655 0.894136 0.01961 -0.0655 0.910291 -0.0246417 -0.0655 0.954027 -0.0410217 -0.0655 0.953054 -0.0406714 -0.0655 0.950292 -0.0338271 -0.0655 0.929237 -0.0199018 -0.0655 0.938004 -0.0350643 -0.0655 0.931727 -0.0381332 -0.0655 0.939477 -0.021804 -0.0655 0.942414 -0.022593 -0.0655 0.944675 0.0102339 -0.0655 0.91223 0.00582351 -0.0655 0.896444 -0.0310409 -0.0655 0.924413 -0.0162804 -0.0655 0.931788 -0.0175909 -0.0655 0.93381 -0.0238414 -0.0655 0.949305 -0.0242987 -0.0655 0.951661 -0.0402049 -0.0655 0.947541 -0.0413696 -0.0655 0.958589 -0.0412532 -0.0655 0.955814 0.00353268 -0.0655 0.914843 -0.00450764 -0.0655 0.900532 -0.0148862 -0.0655 0.92985 -0.0295076 -0.0655 0.922105 -0.0162198 -0.0655 0.907962 -0.00467977 -0.0655 0.919762 -0.00658461 -0.0655 0.921241 0.00138939 -0.0655 0.915927 -0.0243211 -0.0655 0.915566 -0.0224241 -0.0655 0.913545 -0.0118124 -0.0655 0.926166 -0.00272495 -0.0655 0.918391 -0.0140123 -0.0655 0.906287 -0.0133968 -0.0655 0.927976 -0.0261376 -0.0655 0.91767 -0.0204397 -0.0655 0.911603 -0.0101472 -0.0655 0.924438 -0.037214 -0.0655 0.936841 -0.036191 -0.0655 0.934258 -0.0324807 -0.0655 0.92679 -0.0187986 -0.0655 0.935884 -0.020904 -0.0655 0.940182 -0.0232709 -0.0655 0.946965 -0.0389385 -0.0655 0.94214 -0.0396272 -0.0655 0.944823 -0.0248704 -0.0655 0.956411 -0.0278737 -0.0655 0.919858 -0.0183623 -0.0655 0.909735 -0.00840731 -0.0655 0.9228 -0.0412555 -0.0655 0.964162 -0.0242936 -0.0655 0.968369 -0.0406754 -0.0655 0.969677 -0.0402113 -0.0655 0.972427 -0.0117334 -0.0655 0.904703 -0.0238378 -0.0655 0.970717 -0.0396334 -0.0655 0.975154 -0.0232688 -0.0655 0.973041 -0.0389445 -0.0655 0.977836 -0.0372258 -0.0655 0.983128 -0.0225839 -0.0655 0.975351 -0.0217944 -0.0655 0.977613 -0.0381419 -0.0655 0.980494 -0.0209004 -0.0655 0.979828 -0.0198929 -0.0655 0.982012 -0.0350743 -0.0655 0.988251 0.00318692 -0.0655 0.897301 -0.0338399 -0.0655 0.990737 -0.0187838 -0.0655 0.984143 -0.0362009 -0.0655 0.985721 0.0139488 -0.0655 0.894541 0.0148632 -0.0655 0.911039 0.0172274 -0.0655 0.910609 -0.0162782 -0.0655 0.988215 0.0243856 -0.0655 0.910005 -0.0261595 -0.0655 1.0023 0.0250202 -0.0655 0.893615 -0.0224414 -0.0655 1.00644 0.0333373 -0.0655 0.894141 0.0305554 -0.0655 0.893847 -0.00467899 -0.0655 1.00024 -0.0140324 -0.0655 1.0137 0.0315604 -0.0655 0.910433 0.0442033 -0.0655 0.896454 0.0386025 -0.0655 0.911886 -0.011754 -0.0655 1.01528 -0.00270356 -0.0655 1.00162 0.0408915 -0.0655 0.912594 -0.00940255 -0.0655 1.01677 0.0431563 -0.0655 0.913414 0.0468512 -0.0655 0.897314 0.0453654 -0.0655 0.914336 0.0520033 -0.0655 0.899354 0.0494512 -0.0655 0.898281 0.0102356 -0.0655 1.00777 0.00316643 -0.0655 1.02269 0.00797214 -0.0655 1.00701 0.0536955 -0.0655 0.919055 0.0617396 -0.0655 0.904707 0.0640324 -0.0655 0.906303 0.059402 -0.0655 0.903224 0.0517079 -0.0655 0.917731 0.0496419 -0.0655 0.916495 0.0111812 -0.0655 1.02493 0.0556229 -0.0655 0.920476 0.066251 -0.0655 0.907988 0.0166667 -0.0655 1.02586 0.0196224 -0.0655 1.00971 0.0574902 -0.0655 0.921996 0.0683891 -0.0655 0.909756 0.0743473 -0.0655 0.915595 0.0761608 -0.0655 0.917696 0.062599 -0.0655 0.927043 0.0669349 -0.0655 0.932772 0.065584 -0.0655 0.930796 0.0795198 -0.0655 0.922125 0.0778809 -0.0655 0.919866 0.0641438 -0.0655 0.928891 0.0244122 -0.0655 1.01 0.025 -0.0655 1.02639 0.0267998 -0.0655 1.00997 0.0862056 -0.0655 0.934294 0.0704065 -0.0655 0.939068 0.0810615 -0.0655 0.924447 0.0824995 -0.0655 0.926821 0.0681966 -0.0655 0.934821 0.0387907 -0.0655 1.02494 0.0362991 -0.0655 1.00871 0.04149 -0.0655 1.0243 0.072208 -0.0655 0.943526 0.0713579 -0.0655 0.94127 0.0872276 -0.0655 0.936875 0.0386298 -0.0655 1.00811 0.033952 -0.0655 1.00919 0.0494277 -0.0655 1.02173 0.0519832 -0.0655 1.02065 0.0910225 -0.0655 0.953072 0.074768 -0.0655 0.955197 0.043163 -0.0655 1.00658 0.0360719 -0.0655 1.02546 0.0889427 -0.0655 0.94216 0.0729402 -0.0655 0.945798 0.0881386 -0.0655 0.939491 0.0704468 -0.0655 0.911609 0.0906748 -0.0655 0.950308 -0.0380774 0.0565 0.980781 -0.0219275 0.0565 0.977255 -0.0227008 0.0565 0.974988 -0.00226472 0.0565 0.918089 -0.0120303 0.0565 0.904871 -0.0042475 0.0565 0.919448 0.0890736 0.0565 0.977463 0.0735571 0.0565 0.97192 0.0729301 0.0565 0.974236 -0.0135951 0.0565 0.991786 -0.0150739 0.0565 0.989901 -0.0277396 0.0565 1.00036 0.00340878 0.0565 1.0228 0.00999892 0.0565 1.0077 0.00771784 0.0565 1.00692 -0.00178261 0.0565 1.02077 0.00330581 0.0565 1.00505 -0.00429249 0.0565 1.0196 0.00605309 0.0565 1.02365 0.0123119 0.0565 1.00836 0.00115399 0.0565 1.00395 -0.00675756 0.0565 1.01833 -0.0202728 0.0565 1.00859 -0.0103553 0.0565 0.995355 -0.0222581 0.0565 1.00666 0.0169288 0.0565 1.02592 0.0196847 0.0565 1.0262 0.0194018 0.0565 1.00969 0.000790366 0.0565 1.02184 0.0054868 0.0565 1.00603 0.0087233 0.0565 1.02439 0.0146433 0.0565 1.00891 -0.00491213 0.0565 1.00006 -0.0138184 0.0565 1.01389 -0.00294943 0.0565 1.00146 -0.00680809 0.0565 0.998576 -0.0160354 0.0565 1.01222 -0.000931089 0.0565 1.00275 -0.00917781 0.0565 1.01694 -0.011539 0.0565 1.01546 -0.01819 0.0565 1.01045 -0.00862249 0.0565 0.997007 -0.0120223 0.0565 0.993604 -0.0241652 0.0565 1.00465 -0.0259941 0.0565 1.00254 -0.0293753 0.0565 0.99813 -0.016466 0.0565 0.987937 -0.0323717 0.0565 0.99345 -0.0309193 0.0565 0.995825 -0.0177641 0.0565 0.985906 0.0170066 0.0565 1.00936 0.0141791 0.0565 1.02552 0.0114357 0.0565 1.02501 -0.0349708 0.0565 0.988532 -0.0337303 0.0565 0.991006 -0.0200484 0.0565 0.981694 0.0224603 0.0565 1.02636 0.0217861 0.0565 1.0099 -0.0361088 0.0565 0.986003 -0.0210434 0.0565 0.979491 -0.0189582 0.0565 0.983825 0.0241834 0.0565 1.00999 0.0252521 0.0565 1.02641 -0.0371443 0.0565 0.983419 0.0280303 0.0565 1.02634 0.0289973 0.0565 1.00984 0.0265936 0.0565 1.00997 0.03138 0.0565 1.00959 0.0307948 0.0565 1.02616 -0.0233661 0.0565 0.972674 -0.038888 0.0565 0.978135 0.0363179 0.0565 1.02544 0.0335559 0.0565 1.02586 -0.0395884 0.0565 0.975453 -0.0239205 0.0565 0.970328 -0.0401785 0.0565 0.972734 -0.0406583 0.0565 0.969979 -0.0243604 0.0565 0.96797 0.0390469 0.0565 1.02491 0.0337563 0.0565 1.00923 0.0417427 0.0565 1.02427 0.036126 0.0565 1.00875 -0.0410173 0.0565 0.967231 -0.0246856 0.0565 0.965598 -0.0413892 0.0565 0.961692 -0.0248969 0.0565 0.96319 -0.024993 0.0565 0.960788 -0.0412607 0.0565 0.96447 -0.0248378 0.0565 0.955988 -0.0412991 0.0565 0.956125 -0.024974 0.0565 0.958392 -0.0414028 0.0565 0.958897 -0.0410788 0.0565 0.953362 -0.0245865 0.0565 0.953591 -0.0407425 0.0565 0.950603 -0.0237464 0.0565 0.948874 -0.0397253 0.0565 0.945126 -0.0402901 0.0565 0.947846 -0.0242227 0.0565 0.95122 -0.0340005 0.0565 0.929515 -0.0352246 0.0565 0.932009 -0.0196871 0.0565 0.937573 -0.0224477 0.0565 0.944232 -0.0216385 0.0565 0.941977 -0.0373511 0.0565 0.937135 -0.0159997 0.0565 0.931384 -0.0145772 0.0565 0.929446 -0.0280938 0.0565 0.920107 0.079015 0.0565 1.00452 0.0640916 0.0565 0.991175 0.0625379 0.0565 0.993027 0.0681617 0.0565 0.985238 0.0863579 0.0565 0.993693 0.0693273 0.0565 0.983132 -0.0130686 0.0565 0.927584 -0.026372 0.0565 0.917912 0.0713395 0.0565 0.978776 0.0882828 0.0565 0.980147 0.0721942 0.0565 0.976514 0.0703839 0.0565 0.980982 0.088478 0.0565 0.989505 0.0897494 0.0565 0.974763 0.0740753 0.0565 0.969567 -0.0143019 0.0565 0.906466 -0.0164995 0.0565 0.90815 0.0913043 0.0565 0.963763 0.0747669 0.0565 0.964815 0.0910881 0.0565 0.966539 0.0907559 0.0565 0.969316 0.0744798 0.0565 0.967193 0.0913887 0.0565 0.958223 0.0912536 0.0565 0.955433 0.0749419 0.0565 0.957609 0.00624643 0.0565 0.913651 0.000239497 0.0565 0.898378 -0.00232297 0.0565 0.89947 0.0901635 0.0565 0.947181 0.0735927 0.0565 0.948224 0.0740975 0.0565 0.950544 0.0747721 0.0565 0.955237 0.0154475 0.0565 0.910921 0.0136001 0.0565 0.894573 0.0108566 0.0565 0.895113 0.0131077 0.0565 0.911436 0.00814903 0.0565 0.895762 0.0808695 0.0565 0.924097 0.0657305 0.0565 0.931 0.0670685 0.0565 0.932979 0.071422 0.0565 0.941427 0.0860718 0.0565 0.933911 0.0704853 0.0565 0.93924 0.0218695 0.0565 0.893663 0.025 0.0565 0.91 0.0246667 0.0565 0.893588 0.0776676 0.0565 0.919545 0.064307 0.0565 0.929098 0.0741044 0.0565 0.915287 0.062795 0.0565 0.927267 0.0759356 0.0565 0.917383 0.035739 0.0565 0.894462 0.0344718 0.0565 0.910906 0.0384635 0.0565 0.894967 0.0274339 0.0565 0.893633 0.0329701 0.0565 0.894069 0.0321186 0.0565 0.910509 0.0190927 0.0565 0.893852 0.0163362 0.0565 0.894156 0.0201851 0.0565 0.910233 0.0413592 0.0565 0.912753 0.046511 0.0565 0.897168 0.039092 0.0565 0.912027 0.045778 0.0565 0.914522 0.0541983 0.0565 0.900352 0.0516766 0.0565 0.899182 0.0435943 0.0565 0.913587 0.0491165 0.0565 0.898121 0.0225829 0.0565 0.91006 0.0178067 0.0565 0.91052 0.0297634 0.0565 0.910228 0.0302017 0.0565 0.893793 0.0273906 0.0565 0.910058 0.0540044 0.0565 0.919272 0.0659658 0.0565 0.907729 0.063732 0.0565 0.906054 0.0411653 0.0565 0.895586 0.0367994 0.0565 0.911413 0.0500098 0.0565 0.916705 0.0566815 0.0565 0.901632 0.0479129 0.0565 0.915559 0.0590945 0.0565 0.903007 0.0520404 0.0565 0.917943 0.0614415 0.0565 0.90448 0.0577514 0.0565 0.922221 0.0595073 0.0565 0.923817 0.0701868 0.0565 0.911331 0.0611914 0.0565 0.925502 0.0721821 0.0565 0.913264 0.0559155 0.0565 0.920704 0.0681184 0.0565 0.909489 0.0683057 0.0565 0.935008 0.0823273 0.0565 0.926471 0.0836746 0.0565 0.92889 0.0694422 0.0565 0.93709 0.0849228 0.0565 0.93137 0.0871146 0.0565 0.936497 0.0729763 0.0565 0.945922 0.0888567 0.0565 0.941759 0.0880396 0.0565 0.939107 0.0722513 0.0565 0.94365 0.0107872 0.0565 0.912064 0.00848605 0.0565 0.912806 0.00548101 0.0565 0.896521 0.0744906 0.0565 0.952881 0.0906406 0.0565 0.949908 0.00285255 0.0565 0.897389 0.091004 0.0565 0.952658 0.0749403 0.0565 0.962417 0.0914046 0.0565 0.960991 0.075 0.0565 0.96 -0.00727514 0.0565 0.901958 0.00188148 0.0565 0.915667 -0.00482785 0.0565 0.900663 0.00404491 0.0565 0.914604 0.0903102 0.0565 0.972047 -0.00968484 0.0565 0.903366 -0.000226152 0.0565 0.91683 -0.0207015 0.0565 0.911815 -0.00800942 0.0565 0.922445 -0.0186388 0.0565 0.909939 -0.00617449 0.0565 0.920908 -0.022676 0.0565 0.913767 -0.00977243 0.0565 0.924073 0.0874538 0.0565 0.991615 -0.0245625 0.0565 0.915794 -0.0114635 0.0565 0.92579 0.0655385 0.0565 0.989268 0.0820769 0.0565 1.00052 0.0835025 0.0565 0.998436 0.0848579 0.0565 0.996291 0.0668952 0.0565 0.987289 -0.0312383 0.0565 0.924675 -0.0297159 0.0565 0.922361 0.0805811 0.0565 1.00255 0.0444121 0.0565 1.02351 0.047067 0.0565 1.02264 0.0407406 0.0565 1.00746 -0.0173362 0.0565 0.933398 -0.0326681 0.0565 0.927063 -0.0207161 0.0565 0.939753 -0.0363402 0.0565 0.934545 -0.0185605 0.0565 0.935455 -0.0231503 0.0565 0.946531 -0.0382564 0.0565 0.939776 0.0384462 0.0565 1.00816 -0.0390478 0.0565 0.94244 0.0894302 0.0565 0.987363 0.0903106 0.0565 0.985189 0.0911192 0.0565 0.982984 0.0694663 0.0565 1.01256 0.0738956 0.0565 1.01009 0.0591999 0.0565 0.996474 0.0773788 0.0565 1.00644 0.052222 0.0565 1.02058 0.0547222 0.0565 1.01939 0.0452341 0.0565 1.00572 0.064207 0.0565 1.0136 0.0535971 0.0565 1.00101 0.0619132 0.0565 1.01521 0.0474007 0.0565 1.0047 0.0917389 0.0565 1.00026 0.0939203 0.0565 0.998059 0.0571708 0.0565 1.0181 0.0595678 0.0565 1.01671 0.0495232 0.0565 1.00357 0.0516016 0.0565 1.00234 0.057404 0.0565 0.998077 0.0555312 0.0565 0.999595 0.0720487 0.0565 1.01183 0.0895658 0.0565 0.944454 0.0496703 0.0565 1.02166 0.0430094 0.0565 1.00664 0.0668525 0.0565 1.01315 0.0609073 0.0565 0.994794 0.0756723 0.0565 1.00829 0.0793122 0.0565 0.921782 0.0438478 0.0565 0.89632 0.208222 0.051992 0.970356 0.206188 0.0519737 0.970356 0.211595 0.0522448 0.972476 0.208222 0.0515641 0.966977 0.206188 0.051546 0.966977 0.211594 0.052021 0.970356 0.202805 0.0519417 0.970356 0.202805 0.0521656 0.972476 0.206187 0.0521974 0.972476 0.208222 0.0522158 0.972476 0.208223 0.0525014 0.975856 0.206187 0.0524834 0.975856 0.206188 0.0519737 0.970356 0.206083 0.053045 0.966872 0.206083 0.0534706 0.970251 0.206188 0.051546 0.966977 0.206188 0.0519737 0.970356 0.206083 0.0534706 0.970251 0.2027 0.0534385 0.970251 0.202805 0.0519417 0.970356 0.202805 0.0521656 0.972476 0.2027 0.0534385 0.970251 0.2027 0.0536819 0.972582 0.202805 0.0519417 0.970356 0.202805 0.0521656 0.972476 0.206082 0.0537137 0.972582 0.206187 0.0521974 0.972476 0.2027 0.0536819 0.972582 0.206187 0.0524834 0.975856 0.206082 0.0537137 0.972582 0.206083 0.0539938 0.975961 0.206187 0.0521974 0.972476 0.208223 0.0525014 0.975856 0.206083 0.0539938 0.975961 0.208328 0.0540136 0.975961 0.206187 0.0524834 0.975856 0.208223 0.0525014 0.975856 0.208328 0.0540136 0.975961 0.208327 0.053734 0.972583 0.208222 0.0522158 0.972476 0.211595 0.0522448 0.972476 0.208327 0.053734 0.972583 0.2117 0.0537629 0.972582 0.208222 0.0522158 0.972476 0.211595 0.0522448 0.972476 0.2117 0.0537629 0.972582 0.2117 0.0535197 0.970251 0.211594 0.052021 0.970356 0.211594 0.052021 0.970356 0.2117 0.0535197 0.970251 0.208328 0.0534908 0.970251 0.208222 0.051992 0.970356 0.208222 0.051992 0.970356 0.208328 0.053065 0.966872 0.208222 0.0515641 0.966977 0.208328 0.0534908 0.970251 0.208222 0.0515641 0.966977 0.208328 0.053065 0.966872 0.206083 0.053045 0.966872 0.206188 0.051546 0.966977 0.208255 0.0543212 0.987527 0.206817 0.0543111 0.987527 0.206817 0.0542562 0.989749 0.209692 0.0543508 0.985306 0.206817 0.0543292 0.985306 0.206712 0.0528079 0.987653 0.204598 0.0527732 0.987951 0.206712 0.0527423 0.990104 0.203045 0.0527997 0.985201 0.204598 0.0528118 0.985201 0.204598 0.0527942 0.983222 0.209885 0.0528519 0.985201 0.211835 0.0528511 0.983222 0.206712 0.0528113 0.983222 0.204598 0.0527255 0.980605 0.206712 0.0527435 0.980605 0.206712 0.0528281 0.985201 0.203045 0.0527814 0.983222 0.206453 0.052578 0.993449 0.208247 0.0527147 0.990723 0.21004 0.0528108 0.987996 0.211835 0.0528662 0.985268 0.204598 0.0526919 0.9907 0.204598 0.052568 0.993449 0.208298 0.052819 0.987653 0.209885 0.0528519 0.985201 0.209692 0.0543508 0.985306 0.208255 0.0543212 0.987527 0.206712 0.0527423 0.990104 0.208298 0.052819 0.987653 0.206817 0.0542562 0.989749 0.204598 0.0527255 0.980605 0.204493 0.0542919 0.983117 0.204598 0.0527942 0.983222 0.204493 0.0542218 0.9805 0.203045 0.0527814 0.983222 0.204493 0.0542919 0.983117 0.20294 0.0542791 0.983117 0.204598 0.0527942 0.983222 0.203045 0.0527997 0.985201 0.20294 0.0542791 0.983117 0.20294 0.0542993 0.985306 0.203045 0.0527814 0.983222 0.203045 0.0527997 0.985201 0.204493 0.0543113 0.985306 0.204598 0.0528118 0.985201 0.20294 0.0542993 0.985306 0.204493 0.0543113 0.985306 0.204493 0.0542508 0.989431 0.204598 0.0527732 0.987951 0.204598 0.052568 0.993449 0.204598 0.0526919 0.9907 0.204493 0.0540638 0.993553 0.204598 0.0528118 0.985201 0.204598 0.052568 0.993449 0.20651 0.0540747 0.993553 0.206453 0.052578 0.993449 0.204493 0.0540638 0.993553 0.21194 0.0543671 0.985299 0.211835 0.0528662 0.985268 0.21004 0.0528108 0.987996 0.209245 0.0542834 0.989395 0.208247 0.0527147 0.990723 0.20651 0.0540747 0.993553 0.206453 0.052578 0.993449 0.211835 0.0528662 0.985268 0.21194 0.0543671 0.985299 0.21194 0.0543506 0.983117 0.211835 0.0528511 0.983222 0.211835 0.0528511 0.983222 0.21194 0.0543506 0.983117 0.206817 0.0543107 0.983117 0.206712 0.0528113 0.983222 0.206712 0.0528113 0.983222 0.206817 0.0543107 0.983117 0.206817 0.0542416 0.9805 0.206712 0.0527435 0.980605 0.206712 0.0527435 0.980605 0.204493 0.0542218 0.9805 0.204598 0.0527255 0.980605 0.206817 0.0542416 0.9805 0.206817 0.0542562 0.989749 0.206817 0.0543111 0.987527 0.206712 0.0528079 0.987653 0.206817 0.0543292 0.985306 0.206712 0.0528281 0.985201 0.206712 0.0527423 0.990104 0.206712 0.0528281 0.985201 0.209692 0.0543508 0.985306 0.209885 0.0528519 0.985201 0.206817 0.0543292 0.985306 0.211094 0.0518582 1.00144 0.211094 0.0520797 0.999541 0.203305 0.0520541 0.999541 0.203306 0.0518388 1.00144 0.203305 0.0520541 0.999541 0.2032 0.0533368 1.00154 0.203306 0.0518388 1.00144 0.2032 0.0535733 0.999435 0.211094 0.0518582 1.00144 0.2032 0.0533368 1.00154 0.2112 0.053357 1.00154 0.203306 0.0518388 1.00144 0.211094 0.0520797 0.999541 0.2112 0.053357 1.00154 0.2112 0.0536004 0.999435 0.211094 0.0518582 1.00144 0.211094 0.0520797 0.999541 0.2112 0.0536004 0.999435 0.2032 0.0535733 0.999435 0.203305 0.0520541 0.999541 0.212681 -0.046208 0.939574 0.212682 -0.0459804 0.93928 0.212695 -0.0461335 0.939469 0.212694 -0.0458507 0.939142 0.212695 -0.0463665 0.939834 0.212689 -0.0465459 0.940231 0.212681 -0.0463967 0.939891 0.212682 -0.0457189 0.939018 0.212682 -0.0454272 0.93879 0.212693 -0.0455239 0.938859 0.212692 -0.0451612 0.938627 0.212682 -0.045109 0.938599 0.212682 -0.0447694 0.938449 0.212695 -0.0463665 0.939834 0.212695 -0.0461335 0.939469 0.213659 -0.0460046 0.939394 0.213265 -0.0464287 0.939999 0.212689 -0.0465459 0.940231 0.213655 -0.0461764 0.939624 0.212694 -0.0458507 0.939142 0.21366 -0.0458109 0.939181 0.212693 -0.0455239 0.938859 0.213658 -0.0455979 0.938987 0.213413 -0.0450483 0.938602 0.214119 -0.0452661 0.938825 0.213653 -0.0453685 0.938815 0.212692 -0.0451612 0.938627 0.212682 -0.0447694 0.938449 0.214583 -0.0458901 0.939503 0.214584 -0.0457965 0.939395 0.214809 -0.0454218 0.939115 0.214582 -0.0454872 0.939099 0.215482 -0.0455192 0.939468 0.214584 -0.0455947 0.939193 0.213829 -0.0462669 0.939809 0.214585 -0.0456979 0.939292 0.214938 -0.0458111 0.939544 0.214388 -0.0460603 0.939658 0.213382 -0.0459214 1.03085 0.214303 -0.0459007 1.03063 0.214303 -0.0458025 1.03074 0.213125 -0.0451611 1.03143 0.212404 -0.0448869 1.03158 0.212401 -0.0452274 1.03143 0.213378 -0.045709 1.03104 0.213372 -0.0454804 1.03121 0.212404 -0.0455447 1.03124 0.212407 -0.0458377 1.03101 0.212409 -0.0460995 1.03075 0.21338 -0.0462856 1.0304 0.212412 -0.0465161 1.03014 0.213138 -0.046502 1.03008 0.212411 -0.0463266 1.03046 0.212417 -0.0466655 1.02979 0.21384 -0.0462726 1.0303 0.214302 -0.045994 1.03053 0.214528 -0.0459771 1.03046 0.213382 -0.0461144 1.03063 0.214301 -0.0456996 1.03084 0.215198 -0.0456206 1.03056 0.213832 -0.045373 1.0312 0.214299 -0.0455924 1.03093 0.214523 -0.0455258 1.03091 0.212704 0.0451467 0.938626 0.212705 0.0455145 0.938861 0.213678 0.0455874 0.938988 0.213277 0.0449779 0.938562 0.212687 0.044749 0.938448 0.213672 0.0453558 0.938815 0.212706 0.0458444 0.939146 0.21368 0.0458024 0.939184 0.212707 0.0461294 0.939477 0.213679 0.0459977 0.939399 0.213434 0.0463859 0.939956 0.214145 0.0461597 0.939733 0.213675 0.0461708 0.939631 0.212708 0.0463635 0.939845 0.212709 0.046542 0.940243 0.214609 0.0454754 0.939101 0.214611 0.0455839 0.939195 0.21484 0.0458649 0.939573 0.214611 0.0458818 0.939508 0.215517 0.0455072 0.939473 0.214612 0.0457875 0.939399 0.213847 0.045168 0.938723 0.214612 0.045688 0.939295 0.214968 0.0454324 0.93918 0.214411 0.0453193 0.93893 0.212686 0.0458484 0.93915 0.212686 0.0460705 0.9394 0.212706 0.0458444 0.939146 0.212707 0.0461294 0.939477 0.212685 0.0462621 0.939671 0.212686 0.0456009 0.938928 0.212685 0.0464207 0.939956 0.212708 0.0463635 0.939845 0.212685 0.0465455 0.940253 0.212709 0.046542 0.940243 0.212705 0.0455145 0.938861 0.212686 0.0453315 0.938734 0.212704 0.0451467 0.938626 0.212686 0.0450455 0.938574 0.212687 0.044749 0.938448 0.213525 0.0461447 1.03053 0.212561 0.0465174 1.03008 0.212558 0.0462841 1.03045 0.213523 0.0463175 1.03029 0.213524 0.0459492 1.03074 0.212551 0.0466943 1.02968 0.212553 0.0459991 1.03078 0.212549 0.0456687 1.03107 0.213519 0.0457338 1.03094 0.213108 0.0451265 1.03137 0.213682 0.0453133 1.03121 0.213512 0.0455016 1.03112 0.21425 0.045461 1.03101 0.212528 0.0449005 1.03149 0.212544 0.0452998 1.03131 0.214458 0.0459278 1.03053 0.214811 0.0455705 1.03076 0.214453 0.0456154 1.03083 0.214456 0.0457241 1.03074 0.215365 0.0456422 1.03046 0.214458 0.0460222 1.03042 0.214458 0.0458283 1.03064 0.213287 0.046533 1.02997 0.213996 0.046301 1.03019 0.214689 0.0460035 1.03036 0.212541 0.0462173 1.03053 0.212553 0.0459991 1.03078 0.212558 0.0462841 1.03045 0.212561 0.0465174 1.03008 0.212548 0.0465676 1.02998 0.212545 0.0464078 1.03027 0.212551 0.0466943 1.02968 0.212537 0.0459991 1.03078 0.212532 0.0457547 1.031 0.212549 0.0456687 1.03107 0.212528 0.0454872 1.03119 0.212544 0.0452998 1.03131 0.212528 0.0449005 1.03149 0.212523 0.0452023 1.03136 0.0897403 -0.0121276 1.04073 0.0897027 -0.012599 1.0445 0.089574 -0.012862 1.0407 0.0900197 -0.0110931 1.0445 0.0898673 -0.0118473 1.0445 0.0898946 -0.0113905 1.04075 0.0902893 -0.00957816 1.0445 0.090169 -0.00990939 1.0408 0.0902897 -0.00916586 1.04082 0.0900374 -0.010651 1.04078 0.0901603 -0.0103367 1.0445 0.0904997 -0.00767386 1.04085 0.0905895 -0.0069258 1.04086 0.0906108 -0.00729263 1.0445 0.0903999 -0.0084206 1.04083 0.0905143 -0.00805592 1.0445 0.0904073 -0.0088179 1.0445 0.0908011 -0.00467541 1.04087 0.0908397 -0.00499589 1.0445 0.09074 -0.00542643 1.04087 0.0907733 -0.00576243 1.0445 0.0906971 -0.00652805 1.0445 0.0906696 -0.00617661 1.04086 0.0909811 -0.00269208 1.0445 0.0909435 -0.00346061 1.0445 0.0908953 -0.00317139 1.04087 0.0908963 -0.00422854 1.0445 0.0908528 -0.00392369 1.04087 0.091028 -0.00115401 1.0445 0.0909682 -0.000912297 1.04085 0.0910374 -0.000384666 1.0445 0.0909286 -0.00241864 1.04086 0.0909529 -0.00166557 1.04086 0.0910092 -0.00192321 1.0445 0.0909385 0.00210048 1.04078 0.0910092 0.00192327 1.0445 0.0909595 0.00134757 1.0408 0.0909715 0.000594382 1.04082 0.0910374 0.000384734 1.0445 0.0909744 -0.000158946 1.04083 0.0908964 0.00422865 1.0445 0.0908694 0.00360506 1.04073 0.0908211 0.00435648 1.0407 0.0909811 0.0026922 1.0445 0.0909085 0.00285302 1.04075 0.0909435 0.00346066 1.0445 0.0906204 0.00660571 1.0406 0.0906109 0.00729271 1.0445 0.0906972 0.00652817 1.0445 0.0907636 0.00510715 1.04067 0.0907734 0.0057625 1.0445 0.0908398 0.00499597 1.0445 0.0900199 0.0110933 1.0445 0.0901604 0.0103368 1.0445 0.0899509 0.0110675 1.04034 0.0904385 0.00809957 1.04052 0.0903324 0.00884437 1.04048 0.0904073 0.00881798 1.0445 0.0865511 0.0209705 1.03949 0.0868833 0.0205541 1.0445 0.0869125 0.0203127 1.03956 0.0892808 0.0139976 1.04012 0.0890825 0.0147213 1.04006 0.0893348 0.0140932 1.0445 0.0748077 0.023119 1.0445 0.075136 0.0233767 1.03958 0.0746585 0.0227999 1.03966 0.0767995 0.0248799 1.03933 0.076203 0.0244263 1.03941 0.07645 0.024734 1.0445 0.0731177 0.0205529 1.0445 0.0734173 0.0209301 1.03992 0.0730579 0.0202737 1.04001 0.0727232 0.0196049 1.04009 0.0727661 0.0198684 1.0445 0.072437 0.0191731 1.0445 0.072409 0.0189244 1.04017 0.0721134 0.0182341 1.04025 0.0721304 0.0184672 1.0445 0.0693247 -0.0062101 1.04138 0.0693028 -0.00652817 1.0445 0.0692266 -0.0057625 1.0445 0.0718431 0.0177536 1.0445 0.0698396 -0.0103368 1.0445 0.0699602 -0.010683 1.04125 0.0699801 -0.0110933 1.0445 0.069828 -0.00994174 1.04128 0.0694053 -0.00695915 1.04137 0.0695961 -0.00845353 1.04133 0.0695927 -0.00881798 1.0445 0.0694855 -0.0080561 1.0445 0.0690971 -0.00320514 1.04141 0.0691401 -0.00395741 1.04141 0.0690565 -0.00346066 1.0445 0.0691602 -0.00499597 1.0445 0.0691923 -0.00470908 1.0414 0.0692538 -0.00546002 1.04139 0.0690384 -0.00169932 1.0414 0.068972 -0.00115411 1.0445 0.0690227 -0.000946012 1.0414 0.0689908 -0.00192327 1.0445 0.0690632 -0.00245241 1.04141 0.0689908 0.00192321 1.0445 0.0690299 0.00131408 1.04136 0.068972 0.00115401 1.0445 0.0690184 0.000560812 1.04138 0.0689626 0.000384666 1.0445 0.0690504 0.00206709 1.04134 0.0690189 0.00269208 1.0445 0.06908 0.00281972 1.04132 0.0691603 0.00499589 1.0445 0.0692236 0.00507413 1.04124 0.0691666 0.00432336 1.04127 0.0691187 0.00357185 1.0413 0.0691037 0.00422854 1.0445 0.06929 0.00582402 1.04121 0.0692267 0.00576243 1.0445 0.0693029 0.00652805 1.0445 0.0694515 0.00732056 1.04114 0.0693892 0.00729263 1.0445 0.0694857 0.00805592 1.0445 0.0693659 0.00657288 1.04118 0.0697685 0.00955478 1.04101 0.0696525 0.00881169 1.04106 0.0695927 0.0088179 1.0445 0.069547 0.00806689 1.0411 0.0700328 0.011035 1.04091 0.0698397 0.0103367 1.0445 0.0699803 0.0110931 1.0445 0.0698951 0.0102959 1.04096 0.070515 0.0132365 1.04074 0.0703422 0.0125056 1.0408 0.0702973 0.012599 1.0445 0.0701327 0.0118473 1.0445 0.0701817 0.0117716 1.04085 0.0707003 0.0139642 1.04068 0.0706653 0.0140931 1.0445 0.0708986 0.0146882 1.04061 0.0704748 0.0133476 1.0445 0.0713369 0.0161233 1.04047 0.0710891 0.0155724 1.0445 0.0713238 0.0163051 1.0445 0.0711104 0.0154079 1.04054 0.07087 0.0148347 1.0445 0.0715787 0.0168333 1.0404 0.0715748 0.0170324 1.0445 0.0697107 0.00957816 1.0445 0.0690565 0.00346061 1.0445 0.069016 -0.000192591 1.04139 0.0689626 -0.000384734 1.0445 0.0690189 -0.0026922 1.0445 0.0691036 -0.00422865 1.0445 0.0693891 -0.00729271 1.0445 0.0694956 -0.00770702 1.04135 0.0697105 -0.00957835 1.0445 0.0697067 -0.00919851 1.04131 0.0701035 -0.0114221 1.04122 0.0701324 -0.0118475 1.0445 0.0702584 -0.0121587 1.04119 0.0704253 -0.0128926 1.04115 0.0702972 -0.0125991 1.0445 0.0704744 -0.0133479 1.0445 0.0706045 -0.0136234 1.04111 0.0706652 -0.0140932 1.0445 0.0707967 -0.0143507 1.04107 0.0708695 -0.0148351 1.0445 0.0710024 -0.0150742 1.04102 0.0710887 -0.0155727 1.0445 0.0718377 0.0175371 1.04033 0.0712225 -0.0157933 1.04098 0.0713233 -0.0163055 1.0445 0.0714575 -0.0165074 1.04093 0.0715741 -0.017033 1.0445 0.0718428 -0.0177539 1.0445 0.0717084 -0.017216 1.04087 0.0719761 -0.0179182 1.04082 0.0721293 -0.0184682 1.0445 0.0722614 -0.0186122 1.04076 0.0724368 -0.0191734 1.0445 0.0727647 -0.0198698 1.0445 0.0725705 -0.0192975 1.0407 0.0728961 -0.0199747 1.04064 0.0731167 -0.0205541 1.0445 0.0732424 -0.0206407 1.04058 0.0734942 -0.0212247 1.0445 0.0738994 -0.0218794 1.0445 0.0736167 -0.0212915 1.04051 0.0740176 -0.0219261 1.04045 0.0748055 -0.0231237 1.0445 0.0744489 -0.022541 1.04038 0.0749111 -0.0231316 1.04031 0.0743363 -0.0225122 1.0445 0.0758594 -0.0242457 1.0445 0.0759459 -0.0242176 1.04018 0.0764502 -0.0247396 1.0445 0.0754089 -0.0236935 1.04025 0.0753132 -0.0237005 1.0445 0.077146 -0.0251167 1.04006 0.0778105 -0.0254678 1.04 0.077767 -0.0255379 1.0445 0.0765245 -0.0246955 1.04012 0.0770851 -0.0251751 1.0445 0.0792484 -0.0259006 1.03992 0.08 -0.0259582 1.0399 0.08 -0.0260386 1.0445 0.0792287 -0.0259763 1.0445 0.0784843 -0.0258094 1.0445 0.078514 -0.0257336 1.03996 0.0734956 0.0212229 1.0445 0.0739011 0.0218767 1.0445 0.0738018 0.0215727 1.03984 0.0743372 0.0225108 1.0445 0.0742145 0.022197 1.03975 0.0753134 0.0236997 1.0445 0.0758612 0.0242381 1.0445 0.0756496 0.0239216 1.03949 0.0770845 0.0251672 1.0445 0.0774395 0.0252704 1.03926 0.0781215 0.0255856 1.03919 0.077762 0.02553 1.0445 0.078481 0.0258043 1.0445 0.0788402 0.0258079 1.03913 0.0792282 0.0259756 1.0445 0.0795839 0.0259265 1.03909 0.080337 0.0259314 1.03907 0.08 0.0260386 1.0445 0.0807612 0.0259807 1.0445 0.0810823 0.0258226 1.03905 0.0815157 0.0258094 1.0445 0.0818044 0.025609 1.03906 0.082492 0.0253027 1.03908 0.082233 0.0255379 1.0445 0.0829149 0.0251751 1.0445 0.0831378 0.0249154 1.03911 0.0835498 0.0247396 1.0445 0.0837402 0.0244646 1.03915 0.0842996 0.0239621 1.03919 0.0841406 0.0242457 1.0445 0.0846868 0.0237005 1.0445 0.0848184 0.0234183 1.03925 0.0851945 0.0231237 1.0445 0.0852999 0.0228418 1.0393 0.0857471 0.0222378 1.03936 0.0856637 0.0225122 1.0445 0.0861006 0.0218794 1.0445 0.0861632 0.0216125 1.03943 0.0865058 0.0212247 1.0445 0.0872353 0.0198698 1.0445 0.0875632 0.0191734 1.0445 0.0872502 0.0196422 1.03962 0.0878707 0.0184682 1.0445 0.0875656 0.0189598 1.03969 0.0878617 0.0182703 1.03975 0.0881572 0.0177539 1.0445 0.0884259 0.017033 1.0445 0.0881395 0.0175726 1.03982 0.0886767 0.0163055 1.0445 0.0883983 0.0168673 1.03988 0.0886398 0.0161568 1.03994 0.0889113 0.0155727 1.0445 0.0891305 0.0148351 1.0445 0.0888682 0.0154425 1.04 0.0895256 0.0133479 1.0445 0.0894666 0.0132698 1.04018 0.0896399 0.0125387 1.04023 0.0897028 0.0125991 1.0445 0.0898676 0.0118475 1.0445 0.0898013 0.0118043 1.04029 0.090216 0.00958748 1.04043 0.0900888 0.0103287 1.04039 0.0902895 0.00957835 1.0445 0.0905145 0.0080561 1.0445 0.0905344 0.0073533 1.04056 0.0906967 0.00585693 1.04064 0.091028 0.00115411 1.0445 0.0895252 -0.0133476 1.0445 0.0893952 -0.0135932 1.04067 0.0892036 -0.0143213 1.04064 0.0893347 -0.0140931 1.0445 0.08913 -0.0148347 1.0445 0.0889987 -0.0150455 1.0406 0.0889109 -0.0155724 1.0445 0.0887794 -0.0157654 1.04057 0.0885454 -0.0164805 1.04053 0.0886762 -0.0163051 1.0445 0.0884252 -0.0170324 1.0445 0.0882951 -0.01719 1.04049 0.0881569 -0.0177536 1.0445 0.0880275 -0.0178934 1.04044 0.0877414 -0.0185892 1.0404 0.0878696 -0.0184672 1.0445 0.087563 -0.0191731 1.0445 0.0874316 -0.0192746 1.04035 0.0872339 -0.0198684 1.0445 0.0871096 -0.0199541 1.04031 0.0867619 -0.0206211 1.04026 0.0868823 -0.0205529 1.0445 0.0865044 -0.0212229 1.0445 0.0863886 -0.0212739 1.04021 0.0860989 -0.0218767 1.0445 0.0859881 -0.0219104 1.04016 0.0855575 -0.0225271 1.04012 0.0856628 -0.0225108 1.0445 0.0851924 -0.023119 1.0445 0.085094 -0.0231195 1.04007 0.0846866 -0.0236997 1.0445 0.0845954 -0.0236828 1.04003 0.0840586 -0.0242101 1.03999 0.0841388 -0.0242381 1.0445 0.08355 -0.024734 1.0445 0.0834794 -0.0246913 1.03995 0.0829155 -0.0251672 1.0445 0.0828565 -0.0251152 1.03992 0.0821902 -0.0254676 1.0399 0.082238 -0.02553 1.0445 0.0815189 -0.0258043 1.0445 0.0814851 -0.0257338 1.03988 0.0807718 -0.0259756 1.0445 0.0807519 -0.0259001 1.03988 0.0886067 0.0532432 0.980068 0.0882828 0.0565 0.980147 0.0911192 0.0565 0.982984 0.0963716 0.057 0.988298 0.0965953 0.0533841 0.988074 0.0911033 0.057 0.98303 0.0970788 0.0533906 0.988635 0.0963716 0.057 0.988298 0.0968716 0.057 0.988886 0.0977305 0.057 0.991013 0.0979839 0.0534065 0.990644 0.09756 0.057 0.990261 0.0972712 0.057 0.989546 0.0977803 0.0534023 0.989932 0.0974765 0.0533968 0.989258 0.0979617 0.0534083 0.99285 0.0977026 0.057 0.992551 0.0975049 0.057 0.993297 0.0980834 0.053409 0.991378 0.0977785 0.057 0.991783 0.0980755 0.0534096 0.992118 0.0974253 0.0534005 0.994227 0.0977435 0.0534052 0.993556 0.0971903 0.057 0.994002 0.0967671 0.057 0.994647 0.0970161 0.0533948 0.99484 0.0965953 0.0533841 0.988074 0.140118 0.0447688 0.936858 0.137813 0.0447945 0.936596 0.1355 0.0451651 0.936445 0.155611 0.046574 0.939991 0.160976 0.0464317 0.939833 0.152397 0.0464778 0.939516 0.169584 0.0455693 0.938878 0.169582 0.0458283 0.939115 0.178185 0.045828 0.939165 0.153139 0.0465891 0.939886 0.130946 0.0448975 0.935631 0.133225 0.0448582 0.935986 0.142427 0.0447463 0.937096 0.14396 0.0450654 0.937374 0.152472 0.0450101 0.937979 0.161017 0.0449872 0.938333 0.156357 0.0446765 0.938031 0.143836 0.0465606 0.938953 0.148198 0.0466285 0.939613 0.161012 0.0452931 0.938503 0.161007 0.0455809 0.938711 0.152443 0.0458849 0.938613 0.152429 0.0461206 0.938892 0.160993 0.0460761 0.939226 0.128675 0.0449411 0.935246 0.127148 0.0453241 0.935108 0.135393 0.0463303 0.937407 0.143889 0.0462017 0.938311 0.135428 0.0460857 0.937111 0.161 0.0458439 0.938954 0.186806 0.0458344 0.939162 0.178186 0.0455721 0.938932 0.169589 0.044986 0.938506 0.165691 0.0446714 0.938311 0.147059 0.0447125 0.93749 0.14938 0.0446997 0.937655 0.108871 0.0456234 0.929924 0.106753 0.0457387 0.929083 0.110976 0.0458854 0.930848 0.143932 0.0456877 0.937768 0.152455 0.0456169 0.938365 0.143948 0.0453864 0.937551 0.152465 0.0453229 0.938152 0.178188 0.0449966 0.938565 0.172715 0.0446797 0.938404 0.169571 0.0464121 0.939975 0.160985 0.046273 0.939521 0.169587 0.0452864 0.938674 0.172946 0.0465299 0.940316 0.170466 0.0465315 0.940301 0.186806 0.0455809 0.938932 0.195432 0.0458402 0.939156 0.154029 0.0446818 0.937925 0.158687 0.0446726 0.938123 0.178182 0.0464088 0.94001 0.178184 0.0460553 0.939426 0.169578 0.0460577 0.939381 0.178187 0.0452929 0.938731 0.182106 0.0446984 0.938439 0.186807 0.0450117 0.93857 0.186805 0.0464127 0.939995 0.178183 0.0462499 0.93971 0.163355 0.0446705 0.938261 0.204059 0.0458447 0.939153 0.195433 0.0455888 0.938929 0.16803 0.0446731 0.938353 0.182874 0.0465325 0.940315 0.195433 0.045025 0.93857 0.191513 0.0447174 0.938442 0.186806 0.0453047 0.938734 0.212687 0.044749 0.938448 0.210334 0.0447462 0.938447 0.212686 0.0450455 0.938574 0.17506 0.0446838 0.93842 0.212686 0.0456009 0.938928 0.212686 0.0453315 0.938734 0.20406 0.0453237 0.938734 0.204059 0.0455951 0.938928 0.207981 0.0447433 0.938446 0.179756 0.0446932 0.938437 0.205629 0.0447402 0.938446 0.20406 0.045036 0.938572 0.184456 0.0447034 0.938441 0.186807 0.0447082 0.938442 0.203276 0.0447368 0.938445 0.200923 0.0447334 0.938445 0.196218 0.0447258 0.938443 0.198571 0.0447297 0.938444 0.18916 0.0447129 0.938442 0.187841 0.046536 0.940299 0.190326 0.0465373 0.940293 0.212686 0.0458484 0.93915 0.195433 0.0453152 0.938733 0.195432 0.0464163 0.939979 0.204059 0.0460676 0.939405 0.212686 0.0460705 0.9394 0.195432 0.0460644 0.939411 0.186805 0.04606 0.93942 0.212685 0.0462621 0.939671 0.204059 0.0464188 0.939967 0.195432 0.0462573 0.939687 0.200264 0.0465419 0.940272 0.205232 0.0465435 0.940264 0.207717 0.0465442 0.94026 0.204059 0.0462599 0.939678 0.212685 0.0464207 0.939956 0.212685 0.0465455 0.940253 0.210201 0.0465449 0.940257 0.16551 0.0465382 0.940247 0.143864 0.0464024 0.938623 0.13531 0.0466907 0.938068 0.138337 0.0467495 0.938779 0.1408 0.0467137 0.939025 0.121942 0.0451069 0.933864 0.124172 0.0450456 0.934364 0.13588 0.0467901 0.938499 0.135482 0.0454952 0.936625 0.135458 0.045805 0.936848 0.126871 0.0468801 0.936774 0.130995 0.0468871 0.937827 0.118964 0.0455581 0.933278 0.117522 0.0452483 0.932744 0.115335 0.0453307 0.932111 0.143912 0.0459618 0.938024 0.113164 0.0454202 0.931433 0.127122 0.0456638 0.935291 0.127087 0.0459822 0.93552 0.126933 0.0467235 0.936426 0.121328 0.0471464 0.936023 0.123735 0.0470724 0.936539 0.118575 0.0471414 0.934977 0.104652 0.0458623 0.92819 0.103221 0.0463243 0.927702 0.118928 0.045907 0.933463 0.118878 0.0462335 0.933696 0.11893 0.0472271 0.93546 0.100556 0.0461343 0.926239 0.0985659 0.0462826 0.925182 0.114177 0.0474129 0.934157 0.110449 0.0474897 0.932562 0.110927 0.0462422 0.931035 0.11086 0.0465756 0.931271 0.127043 0.0462699 0.93579 0.0959129 0.0468723 0.923824 0.0946906 0.0466019 0.922907 0.0928116 0.0467709 0.921691 0.110567 0.0473372 0.932205 0.0891033 0.0475129 0.919234 0.0909697 0.0469468 0.920422 0.107139 0.047752 0.931768 0.10253 0.047942 0.929404 0.104844 0.0478831 0.930842 0.102566 0.0480236 0.929848 0.118816 0.0465276 0.933972 0.0873785 0.0473139 0.917734 0.085621 0.0475026 0.916318 0.103157 0.0466869 0.927889 0.103069 0.0470254 0.928123 0.0826861 0.0482163 0.913978 0.0838926 0.0476959 0.914853 0.095047 0.0484979 0.925483 0.0981396 0.0483294 0.927673 0.095994 0.0484961 0.926487 0.110776 0.046875 0.931549 0.0958319 0.0472391 0.924009 0.0957212 0.0475811 0.924239 0.0804689 0.0480827 0.911815 0.0787683 0.0482748 0.910247 0.0880708 0.0491478 0.920828 0.0918263 0.0488523 0.923931 0.102685 0.0477921 0.929052 0.10283 0.0475863 0.928714 0.0954207 0.0481454 0.924815 0.0878499 0.0492377 0.921147 0.0898001 0.0490403 0.922567 0.102959 0.0473285 0.928401 0.0753632 0.0486519 0.907041 0.0736133 0.0488277 0.905447 0.076446 0.0489297 0.908227 0.089006 0.0478836 0.919413 0.0888734 0.0482291 0.919636 0.0699915 0.0495728 0.902362 0.071847 0.0489981 0.903845 0.0815169 0.0498683 0.915516 0.0839851 0.0496466 0.918131 0.0955829 0.0478865 0.92451 0.0887081 0.048537 0.919897 0.0817751 0.0497237 0.915205 0.0824249 0.0489435 0.914368 0.0691809 0.0512881 0.904904 0.0710106 0.0511168 0.906444 0.0687588 0.0512807 0.903999 0.0681728 0.0493063 0.900729 0.0662256 0.0494371 0.899267 0.0825755 0.0485928 0.914152 0.0642224 0.0495555 0.897845 0.0627932 0.0500472 0.897056 0.0751943 0.0506086 0.909762 0.0782085 0.050314 0.913025 0.0621524 0.0496587 0.896499 0.0599942 0.049741 0.895294 0.0728035 0.050932 0.908032 0.0695174 0.0506659 0.903038 0.0697162 0.0503395 0.902769 0.0625576 0.0508318 0.8975 0.0754698 0.0504662 0.909451 0.0577638 0.0498067 0.894181 0.0822372 0.0492556 0.914621 0.0885147 0.0487971 0.92019 0.0461014 0.0503497 0.890134 0.0460372 0.0507559 0.890346 0.0545518 0.0507003 0.893189 0.0626937 0.0504541 0.897249 0.0546277 0.0502908 0.892982 0.0820181 0.0495183 0.914903 0.0757299 0.0502598 0.90915 0.0554612 0.0498558 0.89316 0.0531527 0.049893 0.892231 0.0654811 0.0515993 0.901908 0.0617458 0.0517733 0.898888 0.0635142 0.0517274 0.900533 0.0508433 0.0499187 0.891392 0.0621906 0.0514365 0.898142 0.0692854 0.0509365 0.903341 0.0623879 0.0511637 0.897801 0.0485076 0.0499311 0.890645 0.0461455 0.0499302 0.889989 0.0619735 0.051641 0.898509 0.0541829 0.0516849 0.894159 0.0454837 0.0520592 0.892176 0.0453556 0.0521162 0.8926 0.047795 0.0521248 0.893284 0.0538648 0.0520165 0.894978 0.0570859 0.0519971 0.896901 0.0548331 0.0520534 0.895865 0.0525338 0.0520934 0.894916 0.0501877 0.0521173 0.894056 0.193865 0.0447217 0.938443 0.177407 0.0446882 0.938433 0.19281 0.0465387 0.940287 0.197779 0.046541 0.940276 0.202748 0.0465427 0.940268 0.170372 0.0446759 0.938384 0.186805 0.0462537 0.939699 0.195295 0.0465399 0.940281 0.16102 0.0446703 0.938202 0.175426 0.0465299 0.94032 0.18039 0.0465311 0.940321 0.185358 0.0465347 0.940305 0.151703 0.0446892 0.937802 0.169575 0.0462533 0.93967 0.177908 0.0465304 0.940321 0.144741 0.0447276 0.937306 0.158084 0.0465621 0.940074 0.163034 0.0465438 0.940206 0.167987 0.0465345 0.940276 0.135512 0.0448234 0.93631 0.152414 0.0463193 0.939195 0.160558 0.0465518 0.940148 0.126415 0.0449899 0.934827 0.145728 0.0466526 0.939447 0.150669 0.0466075 0.939758 0.119724 0.0451738 0.933328 0.126991 0.046519 0.936094 0.135353 0.0465331 0.937729 0.143262 0.0466811 0.939251 0.111007 0.0455167 0.930711 0.118744 0.0467808 0.934283 0.128566 0.0469422 0.937446 0.133433 0.0468361 0.938181 0.10258 0.0459943 0.927242 0.110677 0.0471311 0.931864 0.118663 0.0469865 0.934622 0.126146 0.047004 0.937017 0.0966088 0.0464391 0.924071 0.111805 0.0475172 0.933425 0.116546 0.0473159 0.934838 0.089165 0.0471297 0.9191 0.109458 0.0476301 0.932629 0.0821824 0.0478911 0.913346 0.0882998 0.0490019 0.920504 0.09524 0.0483504 0.925143 0.100332 0.0481724 0.928792 0.0770805 0.0484674 0.908643 0.093891 0.0486709 0.925238 0.0700642 0.049163 0.902233 0.0759648 0.0499932 0.908867 0.082054 0.0498633 0.916496 0.0859135 0.04944 0.919668 0.0761662 0.0496745 0.908615 0.0763277 0.0493155 0.908399 0.0763354 0.0505263 0.911337 0.0801147 0.0500931 0.914744 0.0698754 0.0499702 0.902542 0.0690292 0.0511427 0.903665 0.0745596 0.050734 0.909667 0.054027 0.0518874 0.894562 0.0592919 0.0519246 0.898026 0.0673687 0.0514527 0.903366 0.0544504 0.0510798 0.893459 0.054326 0.0514126 0.893787 0.0614513 0.0518358 0.899239 0.0459533 0.051132 0.890623 0.045852 0.0514616 0.890958 0.0457368 0.0517311 0.891339 0.0456124 0.0519315 0.891751 0.0451452 0.0517238 0.89115 0.0457368 0.0517311 0.891339 0.045852 0.0514616 0.890958 0.0450269 0.0519233 0.891554 0.0456124 0.0519315 0.891751 0.0454837 0.0520592 0.892176 0.0449014 0.0520551 0.891983 0.0447717 0.0521161 0.892427 0.0453556 0.0521162 0.8926 0.0452534 0.0514615 0.89078 0.0459533 0.051132 0.890623 0.0460372 0.0507559 0.890346 0.0453488 0.0511428 0.890454 0.0461014 0.0503497 0.890134 0.0454293 0.0507752 0.890179 0.0454927 0.0503677 0.889962 0.0461455 0.0499302 0.889989 0.0455377 0.0499301 0.889808 -0.0172974 0.0521161 1.01628 -0.0195281 0.0521161 1.01454 -0.0226938 0.0520551 1.01242 -0.0126108 0.0521161 1.01952 -0.0149898 0.0521161 1.01795 -0.0132575 0.0520551 1.01965 -0.00771024 0.0521161 1.02235 -0.00274386 0.0520544 1.02521 -0.0101914 0.0521161 1.02098 -0.00516747 0.0521161 1.02361 -0.00256306 0.0521161 1.02479 -0.0237743 0.0521161 1.01077 -0.0257864 0.0521161 1.00876 -0.021682 0.0521161 1.01271 -0.0134988 0.0519233 1.02003 -0.00291878 0.0519221 1.02562 -0.0307872 0.0520551 1.00371 -0.0277087 0.0521161 1.00668 -0.0329571 0.0521161 0.999973 -0.0312931 0.0521161 1.00228 -0.029541 0.0521161 1.00452 -0.0345207 0.0521161 0.997606 -0.0359839 0.0521161 0.995186 -0.0373098 0.0520551 0.993762 -0.0137262 0.0517238 1.02039 -0.0433722 0.0521161 0.976797 -0.043993 0.0521161 0.974035 -0.0449571 0.0520551 0.971329 -0.0420778 0.0520551 0.982867 -0.0386235 0.0521161 0.990148 -0.0397874 0.0521161 0.987559 -0.0457931 0.04993 0.978354 -0.0450103 0.04993 0.981147 -0.0440711 0.0503677 0.983547 -0.0384118 0.0514615 0.994359 -0.0432642 0.0514615 0.983272 -0.043586 0.0511428 0.983382 -0.0314707 0.0517238 1.00424 -0.0380731 0.0517238 0.994175 -0.0461944 0.0514615 0.97153 -0.04653 0.0511428 0.971584 -0.0428996 0.0517238 0.983148 -0.0458141 0.0517238 0.971468 -0.0458666 0.0520551 0.959472 -0.0451821 0.0521161 0.965599 -0.0456077 0.04993 0.940947 -0.0437128 0.0503677 0.935427 -0.0447926 0.04993 0.93815 -0.04712 0.0514615 0.959463 -0.0474599 0.0511428 0.95946 -0.0463495 0.0511428 0.947352 -0.0460148 0.0514615 0.947411 -0.0467348 0.0517238 0.959466 -0.0432301 0.0511428 0.9356 -0.0434999 0.0507752 0.935503 -0.0416955 0.04993 0.929996 -0.0386365 0.0503677 0.924283 -0.0404483 0.04993 0.927366 -0.0256867 0.0521161 0.911135 -0.0236822 0.0521161 0.909137 -0.0219078 0.0520551 0.906877 -0.0276157 0.0521161 0.91322 -0.0301301 0.0520551 0.915469 -0.0171816 0.0521161 0.90363 -0.0194219 0.0521161 0.905378 -0.04291 0.0514615 0.935714 -0.0456355 0.0517238 0.947478 -0.0425473 0.0517238 0.935844 -0.0269486 0.04993 0.908524 -0.0233018 0.0503677 0.905299 -0.0248541 0.04993 0.906493 -0.0317684 0.0503677 0.914146 -0.0132049 0.0511428 0.898428 -0.0229625 0.0511428 0.905683 -0.0227375 0.0514615 0.905938 -0.00758194 0.0521161 0.897588 -0.0123648 0.0520551 0.899782 -0.0100758 0.0521161 0.898955 0.00286315 0.0521161 0.893166 -0.00176959 0.0520551 0.894382 0.000179941 0.0521161 0.894115 0.00530368 0.04993 0.889569 -0.00256508 0.0503677 0.892432 0.00912111 0.0503677 0.888774 -0.0130256 0.0514615 0.898717 -0.00237146 0.0511428 0.892907 0.0454927 0.0503677 0.889962 0.0455377 0.0499301 0.889808 0.0427111 0.04993 0.889044 -0.00560828 0.04993 0.89358 -0.00822836 0.04993 0.894851 -0.0133559 0.0507752 0.898185 0.0398711 0.04993 0.888395 -0.00247968 0.0507752 0.892641 0.0334932 0.0503677 0.887521 0.0370176 0.04993 0.88786 0.0341507 0.04993 0.88744 0.0312444 0.04993 0.887134 0.0283344 0.04993 0.886943 0.0212544 0.0503677 0.887122 0.0225323 0.04993 0.886907 0.0254304 0.04993 0.886867 0.0091703 0.0507752 0.888995 0.00923264 0.0511428 0.889274 0.021266 0.0507752 0.887347 0.0138326 0.04993 0.887724 0.0109764 0.04993 0.888223 0.00557121 0.0521161 0.892328 0.00957935 0.0520551 0.89083 0.00830412 0.0521161 0.891602 0.0110793 0.0521161 0.890985 0.0138824 0.0521161 0.890478 0.0166915 0.0521161 0.890086 0.0213625 0.0520551 0.889225 -0.00209754 0.0517238 0.893578 -0.00224305 0.0514615 0.893221 -0.0128225 0.0517238 0.899044 0.0195064 0.0521161 0.889808 0.0332481 0.0520551 0.889613 0.0333001 0.0519233 0.889169 0.0213396 0.0519233 0.888778 0.0213179 0.0517238 0.888358 0.0333491 0.0517238 0.888751 0.0251899 0.0521161 0.889595 0.0223394 0.0521161 0.889645 0.0449014 0.0520551 0.891983 0.0450269 0.0519233 0.891554 0.0280272 0.0521161 0.88966 0.0308511 0.0521161 0.889837 0.0364592 0.0521161 0.890533 0.0336618 0.0521161 0.890128 0.0392433 0.0521161 0.891051 0.0420141 0.0521161 0.891682 0.0447717 0.0521161 0.892427 0.016714 0.04993 0.887338 0.0025177 0.04993 0.890408 -0.000224642 0.04993 0.891353 0.0212807 0.0511428 0.887634 -0.0311051 0.0514615 0.914681 -0.0224825 0.0517238 0.906227 -0.0308055 0.0517238 0.914923 -0.0313696 0.0511428 0.914468 -0.0231521 0.0507752 0.905468 -0.0375571 0.0517238 0.924889 -0.00504489 0.0521161 0.896327 -0.0157462 0.04993 0.89927 -0.0181339 0.04993 0.900941 -0.0134751 0.0503677 0.897992 -0.0204451 0.04993 0.9027 -0.0226799 0.04993 0.904544 -0.037893 0.0514615 0.924701 -0.0368 0.0520551 0.925314 -0.0344444 0.0521161 0.922275 -0.0381895 0.0511428 0.924534 -0.0148812 0.0521161 0.901978 -0.0417298 0.0520551 0.936136 -0.0397307 0.0521161 0.932309 -0.0308681 0.04993 0.912804 -0.0289533 0.04993 0.910628 -0.0384393 0.0507752 0.924394 -0.0360969 0.04993 0.919804 -0.0376432 0.04993 0.922258 -0.0344499 0.04993 0.917407 -0.0447806 0.0520551 0.94763 -0.0433373 0.0521161 0.943063 -0.0328763 0.0521161 0.919909 -0.0312193 0.0521161 0.917616 -0.0451703 0.0521161 0.954256 -0.0372969 0.0521161 0.927195 -0.0385636 0.0521161 0.929724 -0.0466316 0.0507752 0.947302 -0.0407983 0.0521161 0.93495 -0.0463092 0.04993 0.943764 -0.0468969 0.04993 0.946601 -0.0468542 0.0503677 0.947262 -0.0426009 0.0521161 0.940326 -0.0473732 0.04993 0.949484 -0.0477349 0.04993 0.952378 -0.0479811 0.04993 0.955273 -0.0481117 0.04993 0.958168 -0.0479725 0.0503677 0.959457 -0.0439662 0.0521161 0.945839 -0.0448833 0.0521161 0.951438 -0.0481254 0.04993 0.961084 -0.0480234 0.04993 0.964002 -0.0478075 0.04993 0.966901 -0.0474775 0.04993 0.969781 -0.047036 0.0503677 0.971666 -0.0438571 0.0507752 0.983474 -0.0387107 0.0511428 0.994521 -0.0453449 0.0521161 0.957095 -0.0464664 0.04993 0.975523 -0.0453514 0.0521161 0.962773 -0.0448987 0.0521161 0.968427 -0.0317739 0.0514615 1.00448 -0.0232781 0.0517238 1.01306 -0.0419889 0.04993 0.989343 -0.0431035 0.04993 0.986652 -0.0320415 0.0511428 1.00469 -0.0389626 0.0507752 0.994657 -0.0235374 0.0514615 1.01335 -0.0426387 0.0521161 0.979541 -0.032267 0.0507752 1.00486 -0.0237662 0.0511428 1.0136 -0.0391614 0.0503677 0.994765 -0.0380199 0.04993 0.997107 -0.0364914 0.04993 0.999589 -0.0408432 0.0521161 0.984934 -0.0139342 0.0514615 1.02071 -0.00308375 0.0517232 1.02601 -0.0331615 0.04993 1.00434 -0.032445 0.0503677 1.005 -0.0348719 0.04993 1.002 -0.0313446 0.04993 1.00662 -0.0294398 0.04993 1.00883 -0.00323466 0.0514615 1.02637 -0.0141177 0.0511428 1.021 -0.0241111 0.0503677 1.01398 -0.0143944 0.0503677 1.02143 -0.0142723 0.0507752 1.02124 -0.0253972 0.04993 1.013 -0.0274574 0.04993 1.01096 -0.00336754 0.0511424 1.02668 -0.0210127 0.04993 1.01684 -0.00347952 0.0507745 1.02694 -0.0187167 0.04993 1.01863 -0.0163583 0.04993 1.02032 -0.0139376 0.04993 1.02191 -0.0114545 0.04993 1.0234 -0.0035682 0.0503673 1.02715 -0.00890912 0.04993 1.0248 -0.00363118 0.04993 1.0273 -0.00630133 0.04993 1.0261 -0.0373515 0.0521161 0.992699 -0.0229947 0.0519233 1.01275 -0.023959 0.0507752 1.01381 -0.0232463 0.04993 1.01496 -0.0417925 0.0521161 0.982266 -0.0311391 0.0519233 1.00398 -0.039455 0.04993 0.994558 -0.0407727 0.04993 0.991978 -0.044501 0.0521161 0.971255 -0.0377028 0.0519233 0.993975 -0.0441165 0.04993 0.983907 -0.0454065 0.0521161 0.959947 -0.0425009 0.0519233 0.983012 -0.0444838 0.0521161 0.948639 -0.0453984 0.0519233 0.971401 -0.0468128 0.0507752 0.97163 -0.0470305 0.04993 0.972656 -0.041757 0.0521161 0.937627 -0.0463136 0.0519233 0.959469 -0.0477464 0.0507752 0.959458 -0.0359237 0.0521161 0.924712 -0.0452207 0.0519233 0.947552 -0.0438636 0.04993 0.935373 -0.0294691 0.0521161 0.915389 -0.0421507 0.0519233 0.935986 -0.021602 0.0521161 0.907224 -0.0371898 0.0519233 0.925095 -0.0390923 0.04993 0.924775 -0.042834 0.04993 0.932665 -0.0125205 0.0521161 0.900424 -0.0304778 0.0519233 0.915188 -0.0315925 0.0507752 0.914288 -0.0327021 0.04993 0.915067 -0.00246471 0.0521161 0.895171 -0.0222037 0.0519233 0.906542 -0.0132858 0.04993 0.897687 -0.0107875 0.04993 0.89622 -0.0126004 0.0519233 0.899402 -0.0029273 0.04993 0.892408 -0.00193844 0.0519233 0.893968 0.0196205 0.04993 0.887065 0.00939044 0.0517238 0.889982 0.00930662 0.0514615 0.889606 0.00948209 0.0519233 0.890393 0.00813329 0.04993 0.888838 0.0212982 0.0514615 0.887973 0.033394 0.0514615 0.888368 0.0334335 0.0511428 0.888031 0.0334669 0.0507752 0.887746 0.0451452 0.0517238 0.89115 0.0452534 0.0514615 0.89078 0.0453488 0.0511428 0.890454 0.0454293 0.0507752 0.890179 -0.00251048 0.0517232 1.02625 -0.00323466 0.0514615 1.02637 -0.00265829 0.0514615 1.02661 -0.00234891 0.0519221 1.02586 -0.00291878 0.0519221 1.02562 -0.00308375 0.0517232 1.02601 -0.00217757 0.0520544 1.02545 -0.00274386 0.0520544 1.02521 -0.00200049 0.0521161 1.02502 -0.00256306 0.0521161 1.02479 -0.00336754 0.0511424 1.02668 -0.00347952 0.0507745 1.02694 -0.00278843 0.0511424 1.02692 -0.0035682 0.0503673 1.02715 -0.00289809 0.0507745 1.02719 -0.00298493 0.0503673 1.02739 -0.00363118 0.04993 1.0273 -0.00304455 0.0499309 1.02754 0.0983146 0.048377 1.03384 0.105249 0.0485617 1.03337 0.0873421 0.0490906 1.0342 0.0153197 0.0514368 1.03178 0.0333884 0.0509684 1.03425 0.0334128 0.0513067 1.03391 0.105233 0.0501007 1.03189 0.0873048 0.0508346 1.03223 0.0873192 0.0506842 1.03264 0.101506 0.0504735 1.03123 0.105221 0.050255 1.03149 0.105089 0.0503531 1.03109 0.136387 0.0471432 1.03226 0.139845 0.0470214 1.03214 0.141011 0.0473312 1.03197 0.105253 0.0489418 1.03317 0.105253 0.0492975 1.03292 0.087344 0.0498592 1.03373 0.146762 0.0467792 1.03194 0.143303 0.0469001 1.03204 0.112261 0.0500988 1.03082 0.123128 0.0495965 1.03082 0.115847 0.0499688 1.03069 0.15022 0.0466579 1.03186 0.119432 0.0498369 1.03056 0.123138 0.0479672 1.0326 0.115629 0.0478444 1.03305 0.0873393 0.0501901 1.03341 0.0694025 0.0506735 1.0341 0.12314 0.0494394 1.0312 0.123016 0.049703 1.03044 0.123152 0.0486643 1.03217 0.123147 0.0483271 1.03241 0.105243 0.0498864 1.03227 0.123148 0.0492286 1.03156 0.141022 0.0488919 1.0303 0.133768 0.0492853 1.03012 0.130184 0.0494249 1.03022 0.212551 0.0466943 1.02968 0.208972 0.0467541 1.02965 0.212548 0.0465676 1.02998 0.140934 0.0490049 1.02994 0.137351 0.0491453 1.03003 0.158905 0.0481796 1.02996 0.151682 0.0485757 1.02972 0.148099 0.0487173 1.02979 0.10525 0.049616 1.03262 0.123152 0.048968 1.03188 0.205392 0.0468213 1.02962 0.201813 0.046896 1.0296 0.141032 0.0485273 1.03098 0.155264 0.0484357 1.02967 0.17317 0.0477524 1.02952 0.169589 0.047882 1.02954 0.176788 0.0475065 1.02983 0.198233 0.0469781 1.02958 0.194669 0.0469448 1.02987 0.194653 0.0470676 1.02956 0.187493 0.0472691 1.02953 0.191073 0.0471647 1.02954 0.176751 0.0476272 1.02951 0.183912 0.047381 1.02952 0.194664 0.0467862 1.03016 0.176785 0.0473478 1.03014 0.166008 0.048016 1.02956 0.141029 0.0487334 1.03065 0.158905 0.0480208 1.03029 0.153679 0.046536 1.03178 0.157137 0.0464137 1.0317 0.158876 0.0466842 1.03154 0.164054 0.0461747 1.03158 0.160595 0.0462929 1.03164 0.167513 0.0460574 1.03154 0.170973 0.045941 1.0315 0.176749 0.0460651 1.03133 0.132928 0.0472635 1.03237 0.174432 0.0458256 1.03147 0.177892 0.0457134 1.03145 0.181352 0.0456086 1.03143 0.184813 0.0455072 1.03142 0.158893 0.0473058 1.03114 0.176767 0.046657 1.03095 0.158898 0.0475797 1.03089 0.194638 0.0458366 1.03113 0.194629 0.0455431 1.0313 0.212523 0.0452023 1.03136 0.188275 0.0454094 1.03142 0.191736 0.045315 1.03142 0.195198 0.0452253 1.03143 0.176758 0.04637 1.03116 0.202125 0.0450749 1.03144 0.198661 0.045147 1.03143 0.212528 0.0454872 1.03119 0.205589 0.0450091 1.03145 0.209053 0.0449495 1.03147 0.212528 0.0449005 1.03149 0.129469 0.0473822 1.0325 0.0514327 0.0510502 1.03441 0.0694054 0.0503346 1.03443 0.126009 0.0474994 1.03263 0.097924 0.0505906 1.03137 0.12255 0.0476154 1.03276 0.11909 0.047731 1.03291 0.0943425 0.0507045 1.03151 0.0693883 0.0511715 1.0333 0.0693777 0.0513172 1.03287 0.0873449 0.0494879 1.034 0.0836007 0.051025 1.03194 0.0871821 0.0509227 1.03181 0.0514275 0.0507088 1.03475 0.0694024 0.0495433 1.03491 0.0775048 0.0489343 1.03477 0.0800194 0.0511235 1.03207 0.112167 0.0479554 1.0332 0.0764382 0.0512181 1.03219 0.108705 0.048064 1.03335 0.0694053 0.0499525 1.0347 0.105242 0.0481704 1.03351 0.0656948 0.0514768 1.03252 0.0692757 0.0513957 1.03243 0.0514417 0.0516863 1.03315 0.0514399 0.0515458 1.03359 0.0948491 0.0484763 1.034 0.0514148 0.0499078 1.03524 0.0601224 0.0493203 1.03532 0.0913823 0.048573 1.03415 0.0621139 0.0515535 1.03258 0.0879142 0.048667 1.03431 0.0585332 0.0516257 1.03264 0.0426815 0.0496235 1.03535 0.0333509 0.0501707 1.03475 0.0514214 0.0503224 1.03503 0.0477936 0.0518137 1.03267 0.0513721 0.0517566 1.03271 -0.00265829 0.0514615 1.02661 0.0152559 0.0511046 1.03212 0.0334684 0.0517934 1.03308 0.0334974 0.0519284 1.03264 -0.00278843 0.0511424 1.02692 0.0442158 0.0518659 1.03259 0.0406388 0.051913 1.03249 0.0333676 0.0505841 1.03454 0.0809764 0.0488482 1.03463 0.015551 0.0520419 1.03052 0.0154703 0.0519119 1.03096 0.0740313 0.0490173 1.0349 0.033487 0.0519921 1.03219 0.0299133 0.052024 1.0319 0.0705559 0.0490972 1.03501 -0.00234891 0.0519221 1.02586 -0.00251048 0.0517232 1.02625 0.0153921 0.051709 1.03138 0.0263407 0.0520508 1.03154 0.015203 0.050726 1.0324 0.0227692 0.0520726 1.03112 -0.00289809 0.0507745 1.02719 0.0636029 0.0492494 1.03524 -0.00217757 0.0520544 1.02545 0.0566388 0.0493877 1.03537 0.0531523 0.0494514 1.03538 0.0120854 0.0521113 1.02931 0.0156296 0.0521008 1.03009 0.0461758 0.0495701 1.03541 0.0496652 0.0495124 1.0354 0.0151624 0.0503175 1.03262 0.00855027 0.0521181 1.02842 0.00502425 0.0521211 1.0274 0.0391821 0.0496728 1.03523 -0.00298493 0.0503673 1.02739 0.00150733 0.0521203 1.02627 0.0286382 0.0497954 1.03464 0.0321633 0.0497587 1.03485 -0.00200049 0.0521161 1.02502 0.0251141 0.0498279 1.03432 0.0145475 0.0498991 1.03264 0.0180688 0.0498797 1.03332 0.021591 0.049856 1.03387 0.00750784 0.0499249 1.03095 0.0110272 0.0499142 1.03185 0.000471969 0.0499332 1.02879 0.00398943 0.0499312 1.02993 -0.00304455 0.0499309 1.02754 0.0356776 0.0497178 1.03505 0.0670804 0.0491748 1.03513 0.0334398 0.0515848 1.03351 0.0191988 0.0520892 1.03064 0.0844461 0.048759 1.03447 0.0514369 0.0513324 1.03402 0.0370625 0.051955 1.03236 0.101779 0.048275 1.03367 0.0693967 0.0509556 1.03372 0.0549526 0.0516934 1.03268 0.087331 0.050468 1.03304 0.0728569 0.0513088 1.03232 0.0907619 0.0508152 1.03166 0.158845 0.0482972 1.02962 0.108675 0.0502269 1.03095 0.141028 0.047989 1.03156 0.141021 0.0476706 1.03179 0.141032 0.0482772 1.03129 0.126601 0.0495642 1.03033 0.158885 0.0470047 1.03136 0.158903 0.0478198 1.0306 0.144517 0.0488603 1.02986 0.176774 0.0469193 1.03071 0.17678 0.0471511 1.03044 0.212545 0.0464078 1.03027 0.162427 0.0481543 1.02959 0.194645 0.0461132 1.03093 0.194652 0.046367 1.0307 0.194659 0.0465927 1.03044 0.212537 0.0459991 1.03078 0.212541 0.0462173 1.03053 0.180332 0.0475004 1.02952 0.212532 0.0457547 1.031 0.0440124 -0.0597367 0.893174 0.0446568 -0.0594275 0.892973 0.0445509 -0.0597403 0.893334 0.0441986 -0.0590727 0.892519 0.0447464 -0.0590602 0.892668 0.0441128 -0.0594318 0.892821 0.0448169 -0.0586548 0.892427 0.0442678 -0.0586684 0.892276 0.0448672 -0.0582291 0.892256 0.0443186 -0.0582291 0.892097 0.0439002 -0.0599797 0.893568 0.0444329 -0.0599864 0.893737 0.0437788 -0.0601545 0.893995 0.0443078 -0.0601589 0.894163 0.0436513 -0.0602569 0.894443 0.0441809 -0.0602569 0.894596 -0.0151521 -0.0602569 0.904925 -0.0173842 -0.0602569 0.906623 -0.0205503 -0.0601545 0.908673 -0.0179474 -0.0582291 1.01603 -0.0134035 -0.0586684 1.01902 -0.0156304 -0.0582291 1.01773 -0.022688 -0.0586684 1.0118 -0.0225168 -0.0590727 1.01162 -0.0304432 -0.0590727 1.00299 -0.0301953 -0.0594318 1.0028 -0.00830723 -0.0582291 1.02224 -0.00305099 -0.0586549 1.02459 -0.00574645 -0.0582291 1.02355 -0.0108045 -0.0582291 1.02084 -0.0132382 -0.0582291 1.01934 -0.0223447 -0.0582291 1.01237 -0.0201855 -0.0582291 1.01424 -0.00312215 -0.0582291 1.02475 -0.0264537 -0.0582291 1.00833 -0.030643 -0.0586684 1.00315 -0.030201 -0.0582291 1.00401 -0.0283733 -0.0582291 1.00621 -0.0223043 -0.0594318 1.01139 -0.0319487 -0.0582291 1.00172 -0.0336017 -0.0582291 0.999365 -0.0365474 -0.0594318 0.993019 -0.0368238 -0.0590727 0.993167 -0.0411835 -0.0594318 0.982318 -0.0392026 -0.0582291 0.989356 -0.0370466 -0.0586684 0.993287 -0.0379524 -0.0582291 0.991949 -0.040836 -0.0597367 0.9822 -0.0436122 -0.0597367 0.970936 -0.0439743 -0.0594318 0.970994 -0.0442841 -0.0590727 0.971043 -0.0448421 -0.0594318 0.959364 -0.041372 -0.0582291 0.984056 -0.0417203 -0.0586684 0.982499 -0.0403425 -0.0582291 0.986725 -0.0400268 -0.0601545 0.981928 -0.040962 -0.0602569 0.97716 -0.0402023 -0.0602569 0.979855 -0.039329 -0.0602569 0.982523 -0.0383407 -0.0602569 0.985166 -0.040766 -0.0594318 0.936481 -0.0437627 -0.0594318 0.947752 -0.0440715 -0.0590727 0.947697 -0.0416122 -0.0602569 0.974428 -0.0427689 -0.0601545 0.970802 -0.042153 -0.0602569 0.97166 -0.0430771 -0.0602569 0.9633 -0.0436215 -0.0601545 0.959375 -0.0431559 -0.0602569 0.960481 -0.042577 -0.0602569 0.968883 -0.0428841 -0.0602569 0.966101 -0.0356159 -0.0597367 0.926045 -0.0359358 -0.0594318 0.925866 -0.029121 -0.0597367 0.916432 -0.0410614 -0.0590727 0.936375 -0.0404208 -0.0597367 0.936604 -0.0284558 -0.0601545 0.916968 -0.0308226 -0.0602569 0.920895 -0.0348708 -0.0601545 0.926462 -0.0396397 -0.0602569 0.938387 -0.0404777 -0.0602569 0.941078 -0.0396167 -0.0601545 0.936892 -0.0393136 -0.0582291 0.930888 -0.0412995 -0.0586684 0.93629 -0.0404447 -0.0582291 0.933529 -0.0118276 -0.0597367 0.901085 -0.0211172 -0.0597367 0.908034 -0.0213606 -0.0594318 0.90776 -0.0236471 -0.0602569 0.912263 -0.0323853 -0.0602569 0.923225 -0.0338471 -0.0602569 0.925611 -0.036484 -0.0602569 0.930587 -0.0376432 -0.0602569 0.933143 -0.00151115 -0.0597367 0.895778 -0.0120219 -0.0594318 0.900774 -0.029848 -0.0586684 0.915847 -0.0321147 -0.0582291 0.918505 -0.0303885 -0.0582291 0.916227 -0.0204 -0.0582291 0.905939 -0.0181589 -0.0582291 0.904134 -0.0217366 -0.0586684 0.907336 -0.0255707 -0.0602569 0.914304 -0.0274042 -0.0602569 0.916418 0.00973438 -0.0601545 0.893095 0.00484539 -0.0602569 0.894891 -0.00118529 -0.0601545 0.896568 -0.0216335 -0.0602569 0.910294 -0.00186725 -0.0586684 0.894916 -0.00599279 -0.0582291 0.896571 -0.00339855 -0.0582291 0.895367 0.0210309 -0.0597367 0.890635 0.0095444 -0.0597367 0.892263 0.00946284 -0.0594318 0.891905 -0.0113749 -0.0601545 0.901809 -0.00556793 -0.0602569 0.899082 -0.00804807 -0.0602569 0.90039 0.00939305 -0.0590727 0.891599 0.0210099 -0.0594318 0.890269 0.032628 -0.0597367 0.890942 -0.00302654 -0.0602569 0.897872 0.0439002 -0.0599797 0.893568 0.0325829 -0.0599797 0.891349 0.0093368 -0.0586684 0.891353 0.00468855 -0.0582291 0.892389 0.00744407 -0.0582291 0.891621 0.00218462 -0.0602569 0.895774 0.0409169 -0.0602569 0.893728 0.0437788 -0.0601545 0.893995 0.0436513 -0.0602569 0.894443 0.0158054 -0.0602569 0.892466 0.0130362 -0.0602569 0.8929 0.0325342 -0.0601545 0.89179 0.0381698 -0.0602569 0.893127 0.03541 -0.0602569 0.892641 0.0326375 -0.0602569 0.892271 0.0242124 -0.0602569 0.891846 0.0214165 -0.0602569 0.891936 0.0210797 -0.0601545 0.891488 0.029824 -0.0602569 0.892014 0.0270149 -0.0602569 0.891873 0.0326683 -0.0594318 0.890577 0.020992 -0.0590727 0.889956 0.00755025 -0.0602569 0.894115 0.0209776 -0.0586684 0.889703 0.0130685 -0.0582291 0.89042 0.0440124 -0.0597367 0.893174 0.015906 -0.0582291 0.889992 0.0187502 -0.0582291 0.88968 0.0441128 -0.0594318 0.892821 0.0327305 -0.0586684 0.890014 0.0327027 -0.0590727 0.890265 0.0244928 -0.0582291 0.889406 0.0273634 -0.0582291 0.889444 0.0330663 -0.0582291 0.889865 0.0358985 -0.0582291 0.89025 0.0441986 -0.0590727 0.892519 0.038718 -0.0582291 0.89075 0.0442678 -0.0586684 0.892276 0.0415247 -0.0582291 0.891366 0.0443186 -0.0582291 0.892097 -0.000432072 -0.0602569 0.896764 0.0102927 -0.0602569 0.893447 0.00195894 -0.0582291 0.89327 -0.0128432 -0.0602569 0.903314 -0.010467 -0.0602569 0.901796 -0.011048 -0.0582291 0.899301 -0.00854259 -0.0582291 0.897882 -0.0123222 -0.0586684 0.900294 -0.0195397 -0.0602569 0.908407 -0.0134914 -0.0582291 0.900819 -0.015856 -0.0582291 0.902427 -0.0246406 -0.0582291 0.909804 -0.0225679 -0.0582291 0.907834 -0.00165106 -0.0594318 0.89544 -0.0380809 -0.0582291 0.928303 -0.0367466 -0.0582291 0.925775 -0.0364301 -0.0586684 0.925589 -0.0294066 -0.0594318 0.916202 -0.0291592 -0.0602569 0.918621 -0.0285541 -0.0582291 0.914003 -0.026636 -0.0582291 0.91186 -0.035216 -0.0602569 0.928071 -0.0337502 -0.0582291 0.920857 -0.035295 -0.0582291 0.923282 -0.0386937 -0.0602569 0.935737 -0.0425609 -0.0601545 0.947966 -0.0418124 -0.0602569 0.946521 -0.0412019 -0.0602569 0.943789 -0.0426954 -0.0602569 0.952081 -0.0423105 -0.0602569 0.949288 -0.0362095 -0.0590727 0.925712 -0.0438673 -0.0582291 0.944475 -0.0431793 -0.0582291 0.941687 -0.0443204 -0.0586684 0.947652 -0.0429648 -0.0602569 0.954875 -0.0431186 -0.0602569 0.957671 -0.0434017 -0.0597367 0.947816 -0.0188029 -0.0602569 1.01222 -0.0214776 -0.0601545 1.01049 -0.0209297 -0.0602569 1.01036 -0.0452451 -0.0582291 0.95297 -0.0454087 -0.0586684 0.959359 -0.0454723 -0.0582291 0.955832 -0.0452172 -0.0582291 0.967298 -0.0445338 -0.0586684 0.971083 -0.0455793 -0.0582291 0.96158 -0.0454565 -0.0582291 0.964438 -0.0444755 -0.0597367 0.959367 -0.0451558 -0.0590727 0.959361 -0.0438078 -0.0582291 0.97579 -0.0443917 -0.0582291 0.972989 -0.0431088 -0.0582291 0.978572 -0.0354717 -0.0601545 0.992442 -0.0372506 -0.0602569 0.987755 -0.0360587 -0.0602569 0.990288 -0.0347605 -0.0602569 0.992775 -0.0333513 -0.0602569 0.995221 -0.0318507 -0.0602569 0.997596 -0.0292307 -0.0601545 1.00205 -0.0302589 -0.0602569 0.9999 -0.0365997 -0.0582291 0.994488 -0.035152 -0.0582291 0.996954 -0.0267793 -0.0602569 1.00432 -0.0285715 -0.0602569 1.00214 -0.0249088 -0.0602569 1.00642 -0.0362243 -0.0597367 0.992846 -0.02296 -0.0602569 1.00843 -0.0124287 -0.0601545 1.01752 -0.0126706 -0.0599797 1.01789 -0.0217781 -0.0599797 1.01082 -0.0166131 -0.0602569 1.01398 -0.0143602 -0.0602569 1.01564 -0.022056 -0.0597367 1.01112 -0.0128945 -0.0597367 1.01823 -0.00722355 -0.0602569 1.02006 -0.00966545 -0.0602569 1.01868 -0.00233046 -0.0601589 1.02293 -0.00250745 -0.0599864 1.02334 -0.0120443 -0.0602569 1.01721 -0.0021507 -0.0602569 1.02252 -0.00471863 -0.0602569 1.02134 0.0186003 -0.0602569 0.892144 0.0210543 -0.0599797 0.891045 0.0216094 -0.0582291 0.889485 0.0302212 -0.0582291 0.889597 0.00963568 -0.0599797 0.892663 0.0102376 -0.0582291 0.890964 -0.00177077 -0.0590727 0.89515 -0.00135458 -0.0599797 0.896158 -0.000744769 -0.0582291 0.894266 -0.0121882 -0.0590727 0.900508 -0.01161 -0.0599797 0.901433 -0.0215688 -0.0590727 0.907525 -0.0208448 -0.0599797 0.908341 -0.029651 -0.0590727 0.916005 -0.0288014 -0.0599797 0.916689 -0.0414743 -0.0582291 0.936228 -0.0423816 -0.0582291 0.938938 -0.0352579 -0.0599797 0.926245 -0.0444457 -0.0582291 0.947303 -0.0400344 -0.0599797 0.936742 -0.0429977 -0.0599797 0.947888 -0.0440651 -0.0599797 0.959371 -0.0455848 -0.0582291 0.958714 -0.0449033 -0.0582291 0.950128 -0.043207 -0.0599797 0.970872 -0.0448616 -0.0582291 0.970159 -0.0414807 -0.0590727 0.982418 -0.0404472 -0.0599797 0.982069 -0.0422949 -0.0582291 0.981335 -0.024442 -0.0582291 1.01039 -0.0358627 -0.0599797 0.992652 -0.0299055 -0.0597367 1.00257 -0.0295813 -0.0599797 1.00232 -0.0130944 -0.0594318 1.01854 -0.0132655 -0.0590727 1.0188 -0.00267442 -0.0597403 1.02372 -0.00282429 -0.0594275 1.02407 -0.00295114 -0.0590603 1.02436 -0.00215819 -0.0597403 1.02395 -0.00282429 -0.0594275 1.02407 -0.00267442 -0.0597403 1.02372 -0.00295114 -0.0590603 1.02436 -0.00230521 -0.0594275 1.02429 -0.00242965 -0.0590603 1.02458 -0.00305099 -0.0586549 1.02459 -0.00252759 -0.0586549 1.02482 -0.00312215 -0.0582291 1.02475 -0.00259737 -0.0582292 1.02498 -0.00199439 -0.0599864 1.02356 -0.00250745 -0.0599864 1.02334 -0.00182074 -0.0601589 1.02315 -0.00233046 -0.0601589 1.02293 -0.0016444 -0.0602569 1.02273 -0.0021507 -0.0602569 1.02252 0.0429641 -0.060446 0.895692 0.0402535 -0.060446 0.894998 0.0409169 -0.0602569 0.893728 0.03541 -0.0602569 0.892641 0.0381698 -0.0602569 0.893127 0.0375308 -0.060446 0.894418 0.0270149 -0.0602569 0.891873 0.029824 -0.0602569 0.892014 0.0292604 -0.060446 0.893368 0.0326375 -0.0602569 0.892271 0.0347958 -0.060446 0.893953 0.0320486 -0.060446 0.893603 0.0214165 -0.0602569 0.891936 0.0209378 -0.060446 0.893354 0.0186003 -0.0602569 0.892144 0.0264792 -0.060446 0.893248 0.023705 -0.060446 0.893243 0.0242124 -0.0602569 0.891846 0.0126501 -0.060446 0.894383 0.0102927 -0.0602569 0.893447 0.0130362 -0.0602569 0.8929 0.0153866 -0.060446 0.893927 0.0158054 -0.0602569 0.892466 0.0181492 -0.060446 0.893584 0.00218462 -0.0602569 0.895774 0.00484539 -0.0602569 0.894891 0.00456034 -0.060446 0.896437 0.00755025 -0.0602569 0.894115 0.00993962 -0.060446 0.894951 0.00722778 -0.060446 0.895641 -0.00302654 -0.0602569 0.897872 -0.00320124 -0.060446 0.89948 -0.00556793 -0.0602569 0.899082 0.00193729 -0.060446 0.89734 -0.000641357 -0.060446 0.89835 -0.000432072 -0.0602569 0.896764 -0.010512 -0.060446 0.903457 -0.0128432 -0.0602569 0.903314 -0.010467 -0.0602569 0.901796 -0.00813655 -0.060446 0.902034 -0.00804807 -0.0602569 0.90039 -0.00569964 -0.060446 0.900708 -0.0195397 -0.0602569 0.908407 -0.0173842 -0.0602569 0.906623 -0.0172924 -0.060446 0.908333 -0.0151521 -0.0602569 0.904925 -0.012849 -0.060446 0.904996 -0.0151091 -0.060446 0.906621 -0.0236471 -0.0602569 0.912263 -0.0234074 -0.060446 0.914014 -0.0255707 -0.0602569 0.914304 -0.0193987 -0.060446 0.910131 -0.0214481 -0.060446 0.912036 -0.0216335 -0.0602569 0.910294 -0.0287604 -0.060446 0.920405 -0.0308226 -0.0602569 0.920895 -0.0291592 -0.0602569 0.918621 -0.0270555 -0.060446 0.918186 -0.0274042 -0.0602569 0.916418 -0.0252765 -0.060446 0.916064 -0.035216 -0.0602569 0.928071 -0.0338471 -0.0602569 0.925611 -0.03327 -0.060446 0.9274 -0.0323853 -0.0602569 0.923225 -0.0303645 -0.060446 0.92268 -0.0318677 -0.060446 0.925011 -0.0376432 -0.0602569 0.933143 -0.0368835 -0.060446 0.934929 -0.0386937 -0.0602569 0.935737 -0.0345834 -0.060446 0.92987 -0.0357879 -0.060446 0.93238 -0.036484 -0.0602569 0.930587 -0.0395271 -0.060446 0.942846 -0.0412019 -0.0602569 0.943789 -0.0404777 -0.0602569 0.941078 -0.0387556 -0.060446 0.940171 -0.0396397 -0.0602569 0.938387 -0.0378703 -0.060446 0.937516 -0.0426954 -0.0602569 0.952081 -0.0423105 -0.0602569 0.949288 -0.0411615 -0.060446 0.95102 -0.0418124 -0.0602569 0.946521 -0.0401848 -0.060446 0.945541 -0.0407287 -0.060446 0.948256 -0.0431186 -0.0602569 0.957671 -0.0417662 -0.060446 0.959321 -0.0431559 -0.0602569 0.960481 -0.0414787 -0.060446 0.953786 -0.0416802 -0.060446 0.956553 -0.0429648 -0.0602569 0.954875 -0.0409539 -0.060446 0.970405 -0.042577 -0.0602569 0.968883 -0.0413283 -0.060446 0.967661 -0.0428841 -0.0602569 0.966101 -0.0430771 -0.0602569 0.9633 -0.0415885 -0.060446 0.964899 -0.040962 -0.0602569 0.97716 -0.0398535 -0.060446 0.975876 -0.0391388 -0.060446 0.978557 -0.042153 -0.0602569 0.97166 -0.0404585 -0.060446 0.973159 -0.0416122 -0.0602569 0.974428 -0.0373692 -0.060446 0.983834 -0.0363218 -0.060446 0.986413 -0.0383407 -0.0602569 0.985166 -0.0383145 -0.060446 0.9812 -0.039329 -0.0602569 0.982523 -0.0402023 -0.0602569 0.979855 -0.0372506 -0.0602569 0.987755 -0.0351724 -0.060446 0.988938 -0.0360587 -0.0602569 0.990288 -0.0347605 -0.0602569 0.992775 -0.033921 -0.060446 0.991409 -0.0325519 -0.060446 0.993849 -0.0333513 -0.0602569 0.995221 -0.0310912 -0.060446 0.996219 -0.0318507 -0.0602569 0.997596 -0.0302589 -0.0602569 0.9999 -0.0295389 -0.060446 0.998518 -0.0278951 -0.060446 1.00075 -0.0285715 -0.0602569 1.00214 -0.0261402 -0.060446 1.00293 -0.0267793 -0.0602569 1.00432 -0.0249088 -0.0602569 1.00642 -0.0243066 -0.060446 1.00502 -0.0223945 -0.060446 1.00703 -0.02296 -0.0602569 1.00843 -0.0204037 -0.060446 1.00896 -0.0209297 -0.0602569 1.01036 -0.0188029 -0.0602569 1.01222 -0.0183116 -0.060446 1.01081 -0.0161561 -0.060446 1.01258 -0.0166131 -0.0602569 1.01398 -0.013937 -0.060446 1.01424 -0.0143602 -0.0602569 1.01564 -0.0120443 -0.0602569 1.01721 -0.0116545 -0.060446 1.01581 -0.00930855 -0.060446 1.01728 -0.00966545 -0.0602569 1.01868 -0.00689911 -0.060446 1.01866 -0.00722355 -0.0602569 1.02006 -0.00471863 -0.0602569 1.02134 -0.0044262 -0.060446 1.01993 -0.00188962 -0.060446 1.02112 -0.0021507 -0.0602569 1.02252 -0.0417344 -0.060446 0.962119 0.0436513 -0.0602569 0.894443 0.0330663 -0.0582291 0.889865 0.035958 -0.0316317 0.883505 0.0358985 -0.0582291 0.89025 0.0138326 0.04993 0.887724 0.016714 0.04993 0.887338 0.00938324 0.0230488 0.883009 0.00468855 -0.0582291 0.892389 0.00963827 -0.0316317 0.884267 0.00744407 -0.0582291 0.891621 0.015906 -0.0582291 0.889992 0.0130685 -0.0582291 0.89042 0.0227284 0.0230488 0.881474 0.0494147 -0.0135449 0.884318 0.0492158 -0.0180182 0.884657 0.0363371 -0.00433913 0.880859 0.03614 0.0230488 0.882235 0.0244928 -0.0582291 0.889406 0.0227655 -0.0316317 0.882757 0.0273634 -0.0582291 0.889444 0.0302212 -0.0582291 0.889597 0.04896 -0.0224904 0.885097 0.0482779 -0.0314316 0.88628 0.0486474 -0.0269615 0.885638 0.0448672 -0.0582291 0.892256 0.0443186 -0.0582291 0.892097 0.0455778 -0.0537655 0.891007 0.038718 -0.0582291 0.89075 0.0462315 -0.0493009 0.88986 0.0415247 -0.0582291 0.891366 0.0468284 -0.0448352 0.888813 0.0473684 -0.0403684 0.887868 0.0478516 -0.0359005 0.887023 0.00195894 -0.0582291 0.89327 -0.00303978 -0.0316317 0.887991 0.0109764 0.04993 0.888223 -0.000224642 0.04993 0.891353 0.0025177 0.04993 0.890408 -0.00350527 0.0230488 0.886795 -0.000744769 -0.0582291 0.894266 -0.00339855 -0.0582291 0.895367 -0.00599279 -0.0582291 0.896571 0.00530368 0.04993 0.889569 -0.014898 -0.0316317 0.893821 -0.00854259 -0.0582291 0.897882 0.00910682 -0.00433913 0.881647 -0.0029273 0.04993 0.892408 -0.00560828 0.04993 0.89358 -0.0155603 0.0230488 0.892722 -0.0107875 0.04993 0.89622 -0.00822836 0.04993 0.894851 -0.011048 -0.0582291 0.899301 -0.015856 -0.0582291 0.902427 -0.0134914 -0.0582291 0.900819 -0.0157462 0.04993 0.89927 -0.0132858 0.04993 0.897687 -0.00400983 -0.00433913 0.8855 -0.0264294 0.0230488 0.900616 -0.0162783 -0.00433913 0.891531 -0.0181339 0.04993 0.900941 -0.0204451 0.04993 0.9027 -0.0269486 0.04993 0.908524 -0.0357947 0.0230488 0.910246 -0.026636 -0.0582291 0.91186 -0.0285541 -0.0582291 0.914003 -0.0348019 -0.0316317 0.911059 -0.0337502 -0.0582291 0.920857 -0.035295 -0.0582291 0.923282 -0.0422658 -0.0316317 0.921962 -0.0308681 0.04993 0.912804 -0.0289533 0.04993 0.910628 -0.0380809 -0.0582291 0.928303 -0.0393136 -0.0582291 0.930888 -0.0433825 0.0230488 0.921331 -0.0360969 0.04993 0.919804 -0.0445929 -0.00433913 0.920647 -0.0489707 0.0230488 0.933547 -0.0477628 -0.0316317 0.933979 -0.0523961 0.0230488 0.946536 -0.0456077 0.04993 0.940947 -0.0438673 -0.0582291 0.944475 -0.0511323 -0.0316317 0.946755 -0.0431793 -0.0582291 0.941687 -0.0522757 -0.0316317 0.95992 -0.0452451 -0.0582291 0.95297 -0.0449033 -0.0582291 0.950128 -0.0535585 0.0230488 0.959918 -0.0537661 -0.00433913 0.946297 -0.0481117 0.04993 0.958168 -0.0479811 0.04993 0.955273 -0.0524239 0.0230488 0.973304 -0.0478075 0.04993 0.966901 -0.0448616 -0.0582291 0.970159 -0.0511596 -0.0316317 0.973086 -0.0452172 -0.0582291 0.967298 -0.0431088 -0.0582291 0.978572 -0.0478167 -0.0316317 0.98587 -0.0438078 -0.0582291 0.97579 -0.0450103 0.04993 0.981147 -0.0490255 0.0230488 0.9863 -0.0441165 0.04993 0.983907 -0.0457931 0.04993 0.978354 -0.0503358 -0.00433913 0.986765 -0.0434626 0.0230488 0.998527 -0.0419889 0.04993 0.989343 -0.0348719 0.04993 1.002 -0.035898 0.0230488 1.00963 -0.0319487 -0.0582291 1.00172 -0.030201 -0.0582291 1.00401 -0.0349035 -0.0316317 1.00882 -0.0264537 -0.0582291 1.00833 -0.0257108 -0.0316317 1.01831 -0.024442 -0.0582291 1.01039 -0.00411744 0.0127917 1.03407 -0.0157 0.0230488 1.02719 -0.00415621 0.00850071 1.03432 -0.0265527 0.0230488 1.01928 -0.0274574 0.04993 1.01096 -0.00339529 0.0419148 1.02964 -0.00322892 0.0459391 1.02864 -0.00630133 0.04993 1.0261 -0.00363118 0.04993 1.0273 -0.00354573 0.0378571 1.03055 -0.00890912 0.04993 1.0248 -0.00379879 0.0296414 1.03208 -0.00368023 0.0337659 1.03136 -0.0187167 0.04993 1.01863 -0.0163583 0.04993 1.02032 -0.0114545 0.04993 1.0234 -0.0139376 0.04993 1.02191 -0.0210127 0.04993 1.01684 -0.0274652 -0.00433913 1.02033 -0.0150354 -0.0316317 1.0261 -0.0164204 -0.00433913 1.02838 -0.00406194 0.017053 1.03372 -0.00398972 0.0212846 1.03326 -0.00405446 -0.018018 1.03361 -0.00415651 -0.00907044 1.03428 -0.00417721 -0.00459505 1.03444 -0.0041156 -0.0135448 1.034 -0.00397312 -0.0224902 1.03311 -0.00387155 -0.0269613 1.03249 -0.0132382 -0.0582291 1.01934 -0.0108045 -0.0582291 1.02084 -0.00830723 -0.0582291 1.02224 -0.00374977 -0.0314314 1.03176 -0.00326314 -0.0448351 1.02889 -0.00360778 -0.0359003 1.03092 -0.00344556 -0.0403683 1.02996 -0.00306049 -0.0493008 1.0277 -0.00574645 -0.0582291 1.02355 -0.00283763 -0.0537655 1.0264 -0.00312215 -0.0582291 1.02475 -0.00259737 -0.0582292 1.02498 -0.0179474 -0.0582291 1.01603 -0.0201855 -0.0582291 1.01424 -0.0156304 -0.0582291 1.01773 -0.00390142 0.0254835 1.0327 -0.0253972 0.04993 1.013 -0.0232463 0.04993 1.01496 -0.0369759 -0.00433913 1.01051 -0.00304455 0.0499309 1.02754 -0.00417826 0.00417994 1.03446 -0.0223447 -0.0582291 1.01237 -0.0446745 -0.00433913 0.999209 -0.0294398 0.04993 1.00883 -0.0313446 0.04993 1.00662 -0.0331615 0.04993 1.00434 -0.0283733 -0.0582291 1.00621 -0.0364914 0.04993 0.999589 -0.0380199 0.04993 0.997107 -0.0423446 -0.0316317 0.997898 -0.0336017 -0.0582291 0.999365 -0.035152 -0.0582291 0.996954 -0.039455 0.04993 0.994558 -0.0407727 0.04993 0.991978 -0.0379524 -0.0582291 0.991949 -0.0365997 -0.0582291 0.994488 -0.0392026 -0.0582291 0.989356 -0.0403425 -0.0582291 0.986725 -0.0537944 -0.00433913 0.973539 -0.0422949 -0.0582291 0.981335 -0.041372 -0.0582291 0.984056 -0.0549491 -0.00433913 0.959917 -0.0464664 0.04993 0.975523 -0.0470305 0.04993 0.972656 -0.0443917 -0.0582291 0.972989 -0.0474775 0.04993 0.969781 -0.0480234 0.04993 0.964002 -0.0481254 0.04993 0.961084 -0.0454565 -0.0582291 0.964438 -0.0455793 -0.0582291 0.96158 -0.0477349 0.04993 0.952378 -0.0454723 -0.0582291 0.955832 -0.0455848 -0.0582291 0.958714 -0.05028 -0.00433913 0.933078 -0.0468969 0.04993 0.946601 -0.0463092 0.04993 0.943764 -0.0444457 -0.0582291 0.947303 -0.0438636 0.04993 0.935373 -0.042834 0.04993 0.932665 -0.0416955 0.04993 0.929996 -0.0423816 -0.0582291 0.938938 -0.0414743 -0.0582291 0.936228 -0.0404447 -0.0582291 0.933529 -0.0368708 -0.00433913 0.909365 -0.0404483 0.04993 0.927366 -0.0390923 0.04993 0.924775 -0.0367466 -0.0582291 0.925775 -0.0376432 0.04993 0.922258 -0.0344499 0.04993 0.917407 -0.0273397 -0.00433913 0.899565 -0.0321147 -0.0582291 0.918505 -0.0303885 -0.0582291 0.916227 -0.0226799 0.04993 0.904544 -0.0246406 -0.0582291 0.909804 -0.0255896 -0.0316317 0.901586 -0.0225679 -0.0582291 0.907834 -0.0181589 -0.0582291 0.904134 -0.0204 -0.0582291 0.905939 0.0226882 -0.00433913 0.880084 0.0102376 -0.0582291 0.890964 0.0187502 -0.0582291 0.88968 0.0225323 0.04993 0.886907 0.0196205 0.04993 0.887065 0.0216094 -0.0582291 0.889485 0.0283344 0.04993 0.886943 0.049642 -0.00459512 0.883943 0.0495568 -0.00907056 0.88408 0.0496747 -0.000170593 0.883893 0.0495844 0.0085007 0.884046 0.0496567 0.00417992 0.883923 0.0494578 0.0127918 0.884262 0.0312444 0.04993 0.887134 0.0341507 0.04993 0.88744 0.0487578 0.0254835 0.885456 0.0490417 0.0212847 0.88497 0.0492769 0.0170531 0.88457 0.0370176 0.04993 0.88786 0.0398711 0.04993 0.888395 0.0484409 0.0296415 0.886004 0.0480766 0.033766 0.886635 0.0476649 0.0378572 0.887349 0.0427111 0.04993 0.889044 0.0472058 0.0419149 0.888146 0.0466994 0.0459392 0.889026 0.0461455 0.0499302 0.889989 0.0455377 0.0499301 0.889808 0.0254304 0.04993 0.886867 0.00813329 0.04993 0.888838 -0.0248541 0.04993 0.906493 -0.0327021 0.04993 0.915067 -0.0447926 0.04993 0.93815 -0.0473732 0.04993 0.949484 -0.0431035 0.04993 0.986652 -0.00418359 -0.000170551 1.03449 -0.00758194 0.0521161 0.897588 -0.0100758 0.0521161 0.898955 -0.008115 0.0523053 0.902011 -0.00516747 0.0521161 1.02361 -0.001892 0.0523053 1.02113 -0.00442884 0.0523053 1.01994 -0.0069022 0.0523053 1.01867 -0.0101914 0.0521161 1.02098 -0.00771024 0.0521161 1.02235 -0.0149898 0.0521161 1.01795 -0.0139641 0.0523053 1.01423 -0.0172974 0.0521161 1.01628 -0.0116585 0.0523053 1.01582 -0.0126108 0.0521161 1.01952 -0.00931208 0.0523053 1.01729 -0.0204093 0.0523053 1.00896 -0.0237743 0.0521161 1.01077 -0.021682 0.0521161 1.01271 -0.0183396 0.0523053 1.0108 -0.0195281 0.0521161 1.01454 -0.0161912 0.0523053 1.01256 -0.0277087 0.0521161 1.00668 -0.0243389 0.0523053 1.005 -0.0261663 0.0523053 1.00291 -0.0257864 0.0521161 1.00876 -0.029541 0.0521161 1.00452 -0.0295619 0.0523053 0.9985 -0.0329571 0.0521161 0.999973 -0.0312931 0.0521161 1.00228 -0.0279021 0.0523053 1.00075 -0.0348747 0.0521861 0.994434 -0.0345207 0.0521161 0.997606 -0.0325754 0.0523053 0.993831 -0.0311197 0.0523053 0.996193 -0.0351922 0.0523053 0.988917 -0.0386235 0.0521161 0.990148 -0.0373515 0.0521161 0.992699 -0.0359839 0.0521161 0.995186 -0.0373894 0.0523053 0.983812 -0.0408432 0.0521161 0.984934 -0.0397874 0.0521161 0.987559 -0.0363457 0.0523053 0.986383 -0.0391549 0.0523053 0.978532 -0.0433722 0.0521161 0.976797 -0.0426387 0.0521161 0.979541 -0.0417925 0.0521161 0.982266 -0.0383236 0.0523053 0.981204 -0.043993 0.0521161 0.974035 -0.0404749 0.0523053 0.973133 -0.044501 0.0521161 0.971255 -0.039872 0.0523053 0.975842 -0.0448987 0.0521161 0.968427 -0.0413401 0.0523053 0.967634 -0.0451821 0.0521161 0.965599 -0.0409636 0.0523053 0.970407 -0.0453514 0.0521161 0.962773 -0.0417464 0.0523053 0.962091 -0.0454065 0.0521161 0.959947 -0.0416011 0.0523053 0.964862 -0.0453449 0.0521161 0.957095 -0.0416874 0.0523053 0.956524 -0.0451703 0.0521161 0.954256 -0.041776 0.0523053 0.959321 -0.0448833 0.0521161 0.951438 -0.0411686 0.0523053 0.950991 -0.0444838 0.0521161 0.948639 -0.0414849 0.0523053 0.953747 -0.0439662 0.0521161 0.945839 -0.040187 0.0523053 0.945511 -0.0433373 0.0521161 0.943063 -0.0407385 0.0523053 0.948254 -0.0426009 0.0521161 0.940326 -0.0387576 0.0523053 0.94014 -0.041757 0.0521161 0.937627 -0.0395268 0.0523053 0.942806 -0.0407983 0.0521161 0.93495 -0.0368807 0.0523053 0.934899 -0.0397307 0.0521161 0.932309 -0.0378795 0.0523053 0.937513 -0.0385636 0.0521161 0.929724 -0.0345802 0.0523053 0.929839 -0.0372969 0.0521161 0.927195 -0.0357809 0.0523053 0.932341 -0.0359237 0.0521161 0.924712 -0.0318598 0.0523053 0.924982 -0.0344444 0.0521161 0.922275 -0.0332785 0.0523053 0.927395 -0.0328763 0.0521161 0.919909 -0.028752 0.0523053 0.920375 -0.0312193 0.0521161 0.917616 -0.030351 0.0523053 0.922642 -0.0294691 0.0521161 0.915389 -0.0252637 0.0523053 0.916036 -0.0276157 0.0521161 0.91322 -0.0270629 0.0523053 0.918179 -0.0256867 0.0521161 0.911135 -0.0214347 0.0523053 0.912008 -0.0236822 0.0521161 0.909137 -0.0233876 0.0523053 0.913979 -0.0194048 0.0523053 0.910123 -0.021602 0.0521161 0.907224 -0.0148812 0.0521161 0.901978 -0.0128308 0.0523053 0.90497 -0.0125205 0.0521161 0.900424 -0.0150836 0.0523053 0.90659 -0.0105165 0.0523053 0.903448 -0.00317884 0.0523053 0.899457 -0.00246471 0.0521161 0.895171 -0.00504489 0.0521161 0.896327 -0.00566912 0.0523053 0.900681 0.00196243 0.0523053 0.897322 0.00286315 0.0521161 0.893166 0.000179941 0.0521161 0.894115 -0.000644151 0.0523053 0.898341 0.00725384 0.0523053 0.895622 0.00830412 0.0521161 0.891602 0.00557121 0.0521161 0.892328 0.00459509 0.0523053 0.896416 0.0126781 0.0523053 0.894369 0.0138824 0.0521161 0.890478 0.0110793 0.0521161 0.890985 0.00993866 0.0523053 0.894941 0.0181782 0.0523053 0.89357 0.0195064 0.0521161 0.889808 0.0166915 0.0521161 0.890086 0.0154246 0.0523053 0.893912 0.0237352 0.0523053 0.893234 0.0251899 0.0521161 0.889595 0.0223394 0.0521161 0.889645 0.0209388 0.0523053 0.893344 0.0292915 0.0523053 0.893359 0.0308511 0.0521161 0.889837 0.0280272 0.0521161 0.88966 0.0265195 0.0523053 0.893239 0.034799 0.0523053 0.893944 0.0364592 0.0521161 0.890533 0.0336618 0.0521161 0.890128 0.0320514 0.0523053 0.893594 0.0375344 0.0523053 0.894409 0.0392433 0.0521161 0.891051 0.0420141 0.0521161 0.891682 0.0402576 0.0523053 0.894988 0.042969 0.0523053 0.895684 0.0447717 0.0521161 0.892427 -0.0194219 0.0521161 0.905378 -0.017275 0.0523053 0.908307 -0.0339292 0.0523053 0.991414 -0.0224199 0.0523053 1.00702 -0.00256306 0.0521161 1.02479 -0.0171816 0.0521161 0.90363 -0.0373511 0.0565 0.937135 -0.0378795 0.0523053 0.937513 -0.0382564 0.0565 0.939776 -0.0363402 0.0565 0.934545 -0.0368807 0.0523053 0.934899 -0.0352246 0.0565 0.932009 -0.0345802 0.0523053 0.929839 -0.0357809 0.0523053 0.932341 -0.0340005 0.0565 0.929515 -0.0332785 0.0523053 0.927395 -0.0318598 0.0523053 0.924982 -0.0326681 0.0565 0.927063 -0.0297159 0.0565 0.922361 -0.030351 0.0523053 0.922642 -0.0312383 0.0565 0.924675 -0.0280938 0.0565 0.920107 -0.028752 0.0523053 0.920375 -0.0270629 0.0523053 0.918179 -0.026372 0.0565 0.917912 -0.0233876 0.0523053 0.913979 -0.0252637 0.0523053 0.916036 -0.0245625 0.0565 0.915794 -0.0214347 0.0523053 0.912008 -0.022676 0.0565 0.913767 -0.0194048 0.0523053 0.910123 -0.0207015 0.0565 0.911815 -0.0186388 0.0565 0.909939 -0.017275 0.0523053 0.908307 -0.0150836 0.0523053 0.90659 -0.0164995 0.0565 0.90815 -0.0143019 0.0565 0.906466 -0.0128308 0.0523053 0.90497 -0.0120303 0.0565 0.904871 -0.00482785 0.0565 0.900663 -0.00232297 0.0565 0.89947 -0.00317884 0.0523053 0.899457 -0.0391549 0.0523053 0.978532 -0.0380774 0.0565 0.980781 -0.038888 0.0565 0.978135 -0.000644151 0.0523053 0.898341 0.000239497 0.0565 0.898378 0.00285255 0.0565 0.897389 0.00196243 0.0523053 0.897322 0.00548101 0.0565 0.896521 0.00459509 0.0523053 0.896416 0.00725384 0.0523053 0.895622 0.00814903 0.0565 0.895762 0.0108566 0.0565 0.895113 0.00993866 0.0523053 0.894941 0.0136001 0.0565 0.894573 0.0126781 0.0523053 0.894369 0.0163362 0.0565 0.894156 0.0181782 0.0523053 0.89357 0.0154246 0.0523053 0.893912 0.0190927 0.0565 0.893852 0.0209388 0.0523053 0.893344 0.0218695 0.0565 0.893663 0.0237352 0.0523053 0.893234 0.0265195 0.0523053 0.893239 0.0246667 0.0565 0.893588 0.0274339 0.0565 0.893633 0.0292915 0.0523053 0.893359 0.035739 0.0565 0.894462 0.034799 0.0523053 0.893944 0.0329701 0.0565 0.894069 0.0438478 0.0565 0.89632 0.0455474 0.0523251 0.896463 0.042969 0.0523053 0.895684 0.0411653 0.0565 0.895586 0.046511 0.0565 0.897168 0.0480821 0.0523262 0.89734 0.0505728 0.0523087 0.898312 0.0491165 0.0565 0.898121 0.0516766 0.0565 0.899182 0.0530195 0.0522725 0.89938 0.0541983 0.0565 0.900352 0.0554222 0.0522177 0.900545 0.0577809 0.0521442 0.901805 0.0566815 0.0565 0.901632 0.0590945 0.0565 0.903007 0.0600955 0.0520521 0.903162 0.0614415 0.0565 0.90448 0.0623661 0.0519413 0.904614 0.0645542 0.0518047 0.906141 0.063732 0.0565 0.906054 0.0659658 0.0565 0.907729 0.0666829 0.0516467 0.907754 0.0681184 0.0565 0.909489 0.0687522 0.0514671 0.909454 0.070762 0.051266 0.911242 0.0701868 0.0565 0.911331 0.0721821 0.0565 0.913264 0.0726805 0.051094 0.913095 0.0741044 0.0565 0.915287 0.0745267 0.0509207 0.915028 0.0763007 0.0507462 0.917039 0.0759356 0.0565 0.917383 0.0776676 0.0565 0.919545 0.0780025 0.0505704 0.919129 0.0795987 0.050456 0.921271 0.0793122 0.0565 0.921782 0.0808695 0.0565 0.924097 0.0811093 0.0503653 0.923481 0.0823273 0.0565 0.926471 0.0825344 0.0502984 0.925759 0.0838739 0.0502553 0.928106 0.0836746 0.0565 0.92889 0.0849228 0.0565 0.93137 0.0850993 0.0502626 0.930482 0.0860718 0.0565 0.933911 0.0862276 0.0503044 0.93291 0.0872589 0.0503806 0.935392 0.0871146 0.0565 0.936497 0.0880396 0.0565 0.939107 0.0881932 0.0504913 0.937926 0.0888567 0.0565 0.941759 0.0890129 0.0506182 0.940467 0.0897286 0.0507724 0.943043 0.0895658 0.0565 0.944454 0.0901635 0.0565 0.947181 0.0903402 0.0509538 0.945654 0.0906406 0.0565 0.949908 0.0908477 0.0511623 0.948299 0.091245 0.0513564 0.950936 0.091004 0.0565 0.952658 0.0912536 0.0565 0.955433 0.0915357 0.051561 0.953591 0.0913887 0.0565 0.958223 0.09172 0.0517762 0.956263 0.0917977 0.0520018 0.958953 0.0914046 0.0565 0.960991 0.0913043 0.0565 0.963763 0.0917687 0.0521975 0.96162 0.0910881 0.0565 0.966539 0.0916331 0.0523875 0.964289 0.091391 0.0525718 0.966958 0.0907559 0.0565 0.969316 0.0903102 0.0565 0.972047 0.0910422 0.0527504 0.969629 0.0897494 0.0565 0.974763 0.0905908 0.0528976 0.972261 0.0893731 0.053144 0.977481 0.0900344 0.0530288 0.974878 0.0890736 0.0565 0.977463 0.0886067 0.0532432 0.980068 0.0882828 0.0565 0.980147 -0.0387576 0.0523053 0.94014 -0.0397253 0.0565 0.945126 -0.0390478 0.0565 0.94244 -0.0395268 0.0523053 0.942806 -0.0407385 0.0523053 0.948254 -0.0402901 0.0565 0.947846 -0.040187 0.0523053 0.945511 -0.0407425 0.0565 0.950603 -0.0411686 0.0523053 0.950991 -0.0410788 0.0565 0.953362 -0.0412991 0.0565 0.956125 -0.0414849 0.0523053 0.953747 -0.0416874 0.0523053 0.956524 -0.0414028 0.0565 0.958897 -0.0413892 0.0565 0.961692 -0.041776 0.0523053 0.959321 -0.0417464 0.0523053 0.962091 -0.0416011 0.0523053 0.964862 -0.0412607 0.0565 0.96447 -0.0413401 0.0523053 0.967634 -0.0410173 0.0565 0.967231 -0.0401785 0.0565 0.972734 -0.0406583 0.0565 0.969979 -0.0409636 0.0523053 0.970407 -0.0404749 0.0523053 0.973133 -0.0395884 0.0565 0.975453 -0.0293753 0.0565 0.99813 -0.0309193 0.0565 0.995825 -0.0311197 0.0523053 0.996193 -0.039872 0.0523053 0.975842 -0.0339292 0.0523053 0.991414 -0.0323717 0.0565 0.99345 -0.0337303 0.0565 0.991006 -0.00566912 0.0523053 0.900681 -0.00727514 0.0565 0.901958 0.0384635 0.0565 0.894967 0.0402576 0.0523053 0.894988 0.0375344 0.0523053 0.894409 0.0320514 0.0523053 0.893594 0.0302017 0.0565 0.893793 -0.008115 0.0523053 0.902011 -0.00968484 0.0565 0.903366 -0.0105165 0.0523053 0.903448 -0.0383236 0.0523053 0.981204 -0.0371443 0.0565 0.983419 -0.0373894 0.0523053 0.983812 -0.0361088 0.0565 0.986003 -0.0349708 0.0565 0.988532 -0.0363457 0.0523053 0.986383 -0.0351922 0.0523053 0.988917 -0.0325754 0.0523053 0.993831 -0.0295619 0.0523053 0.9985 -0.0277396 0.0565 1.00036 -0.0259941 0.0565 1.00254 -0.0279021 0.0523053 1.00075 -0.0261663 0.0523053 1.00291 -0.0241652 0.0565 1.00465 -0.0243389 0.0523053 1.005 -0.0222581 0.0565 1.00666 -0.0202728 0.0565 1.00859 -0.0224199 0.0523053 1.00702 -0.0204093 0.0523053 1.00896 -0.01819 0.0565 1.01045 -0.0183396 0.0523053 1.0108 -0.0160354 0.0565 1.01222 -0.0138184 0.0565 1.01389 -0.0161912 0.0523053 1.01256 -0.0139641 0.0523053 1.01423 -0.011539 0.0565 1.01546 -0.0116585 0.0523053 1.01582 -0.00917781 0.0565 1.01694 -0.00675756 0.0565 1.01833 -0.00931208 0.0523053 1.01729 -0.0069022 0.0523053 1.01867 -0.00429249 0.0565 1.0196 -0.00442884 0.0523053 1.01994 -0.00178261 0.0565 1.02077 0.000790366 0.0565 1.02184 -0.001892 0.0523053 1.02113 0.000697418 0.0523064 1.0222 0.00340878 0.0565 1.0228 0.00331698 0.0523078 1.02316 0.00605309 0.0565 1.02365 0.0087233 0.0565 1.02439 0.00596669 0.0523098 1.02401 0.00865782 0.052312 1.02475 0.0114357 0.0565 1.02501 0.0113822 0.0523146 1.02537 0.0141199 0.052318 1.02589 0.0141791 0.0565 1.02552 0.0168711 0.0523222 1.02628 0.0196555 0.0523257 1.02656 0.0169288 0.0565 1.02592 0.0224408 0.0523309 1.02673 0.0196847 0.0565 1.0262 0.0224603 0.0565 1.02636 0.0252225 0.0523381 1.02678 0.0280084 0.0523466 1.02671 0.0252521 0.0565 1.02641 0.0307997 0.0523562 1.02652 0.0280303 0.0565 1.02634 0.0307948 0.0565 1.02616 0.0335559 0.0565 1.02586 0.0335705 0.0523696 1.02622 0.0363207 0.0523868 1.02581 0.0363179 0.0565 1.02544 0.0390688 0.0524064 1.02527 0.0390469 0.0565 1.02491 0.0417427 0.0565 1.02427 0.0417882 0.0524304 1.02462 0.044469 0.0524594 1.02386 0.0444121 0.0565 1.02351 0.0471149 0.0524936 1.02299 0.047067 0.0565 1.02264 0.0496703 0.0565 1.02166 0.0497357 0.052533 1.02201 0.0523028 0.0525773 1.02092 0.052222 0.0565 1.02058 0.054816 0.0526266 1.01972 0.0547222 0.0565 1.01939 0.0571708 0.0565 1.0181 0.0572754 0.0526809 1.01842 0.0596809 0.05274 1.01702 0.0595678 0.0565 1.01671 0.0620326 0.0528042 1.01552 0.0619132 0.0565 1.01521 0.0643305 0.0528732 1.01391 0.064207 0.0565 1.0136 0.0617207 -0.0655 1.0153 0.0622084 -0.0606025 1.01543 0.0600032 -0.0605708 1.01685 0.0388155 -0.0655 0.895068 0.0375308 -0.060446 0.894418 0.0402535 -0.060446 0.894998 -0.0416802 -0.060446 0.956553 -0.0413696 -0.0655 0.958589 -0.0417662 -0.060446 0.959321 0.0640043 -0.0655 1.01372 0.0643672 -0.0606389 1.01391 0.0662311 -0.0655 1.01203 0.0664644 -0.060674 1.01231 0.0838222 -0.0655 0.990772 0.0846114 -0.060585 0.990051 0.0833724 -0.0606528 0.992383 0.0684905 -0.0607039 1.01064 0.0824876 -0.0655 0.993201 0.0850579 -0.0655 0.988283 0.085755 -0.0604987 0.987682 0.0872196 -0.0655 0.983148 0.0881305 -0.0655 0.980531 0.0877578 -0.0602693 0.982832 0.0910762 -0.059369 0.970142 0.0906706 -0.0655 0.969715 0.0914404 -0.0591446 0.967547 0.0902088 -0.0655 0.972447 0.0910187 -0.0655 0.966959 0.0912533 -0.0655 0.964179 0.0917026 -0.058914 0.964946 0.0913714 -0.0655 0.961397 0.0913712 -0.0655 0.958627 0.0919232 -0.0584034 0.959702 0.0906748 -0.0655 0.950308 0.0914826 -0.0576729 0.951859 0.0910225 -0.0655 0.953072 0.0918639 -0.0586609 0.962326 0.0912549 -0.0655 0.955852 0.0917327 -0.0579218 0.954477 0.0918795 -0.0581571 0.957085 0.0889427 -0.0655 0.94216 0.0881386 -0.0655 0.939491 0.0894485 -0.0569388 0.941562 0.0911296 -0.057445 0.949256 -0.0243066 -0.060446 1.00502 -0.0224414 -0.0655 1.00644 -0.0223945 -0.060446 1.00703 -0.00188962 -0.060446 1.02112 -0.00201995 -0.0655 1.02064 0.000546929 -0.0655 1.02172 -0.0044262 -0.060446 1.01993 0.0906102 -0.0595872 0.972731 0.0896289 -0.0655 0.975169 0.000676753 -0.0604477 1.02218 0.0900452 -0.0597868 0.975295 0.0893824 -0.0599636 0.977828 0.0886199 -0.0601244 0.980341 0.0889336 -0.0655 0.977872 0.0861947 -0.0655 0.985733 0.0868031 -0.0603938 0.985279 0.082051 -0.0607074 0.99465 0.0810469 -0.0655 0.995577 0.0778664 -0.0655 1.00015 0.0775559 -0.060777 1.00114 0.0761453 -0.0655 1.00232 0.0806416 -0.0607464 0.996864 0.0791429 -0.0607695 0.999029 0.0795003 -0.0655 0.997903 0.0723416 -0.0607553 1.00705 0.0724162 -0.0655 1.00646 0.0741608 -0.0607734 1.00514 0.0743297 -0.0655 1.00443 0.057739 -0.0605389 1.01818 0.0593805 -0.0655 1.01679 0.056978 -0.0655 1.01818 0.0683703 -0.0655 1.01026 0.055416 -0.0605067 1.01943 0.0545 -0.0655 1.01947 0.0704456 -0.0607287 1.00889 0.0704298 -0.0655 1.00841 0.0530495 -0.0604779 1.02059 0.0519832 -0.0655 1.02065 0.0506483 -0.0604543 1.02165 0.0494277 -0.0655 1.02173 0.025 -0.0655 1.02639 0.0276444 -0.0603959 1.02672 0.025 -0.0604047 1.02677 0.0482017 -0.0604336 1.02261 0.0387907 -0.0655 1.02494 0.038087 -0.0603879 1.02548 0.0360719 -0.0655 1.02546 0.0431944 -0.0604023 1.02425 0.0441695 -0.0655 1.02356 0.0457096 -0.0604158 1.02348 0.0354869 -0.0603864 1.02595 0.0406562 -0.0603932 1.02491 0.04149 -0.0655 1.0243 0.0333333 -0.0655 1.02586 0.0328856 -0.0603868 1.02631 0.0302729 -0.0603899 1.02656 0.0305752 -0.0655 1.02615 0.0277974 -0.0655 1.02633 0.0468295 -0.0655 1.02269 0.0758988 -0.0607807 1.00317 0.0906739 -0.05725 0.946676 0.0902127 -0.0655 0.947577 0.0896354 -0.0655 0.944861 0.0901154 -0.0570877 0.944119 0.0886824 -0.0568345 0.939042 0.0872276 -0.0655 0.936875 0.0868538 -0.0567692 0.934124 0.0878178 -0.0567777 0.936563 0.0862056 -0.0655 0.934294 0.0857793 -0.0568178 0.931705 0.0846159 -0.0569064 0.929344 0.0850724 -0.0655 0.931747 0.0838338 -0.0655 0.929248 0.0833639 -0.0570352 0.92704 0.0824995 -0.0655 0.926821 0.0820186 -0.0572157 0.92479 0.0805752 -0.0574616 0.922588 0.0810615 -0.0655 0.924447 0.0795198 -0.0655 0.922125 0.0790544 -0.0577171 0.920455 0.0778809 -0.0655 0.919866 0.0774564 -0.057982 0.918389 0.075775 -0.0582767 0.916387 0.0761608 -0.0655 0.917696 0.0743473 -0.0655 0.915595 0.0740124 -0.058594 0.914451 0.0724404 -0.0655 0.913564 0.0721821 -0.058889 0.912588 0.0702841 -0.0591618 0.910801 0.0704468 -0.0655 0.911609 0.0683891 -0.0655 0.909756 0.0683076 -0.0594211 0.909079 0.066251 -0.0655 0.907988 0.066263 -0.0596583 0.907431 0.064163 -0.0598632 0.905867 0.0640324 -0.0655 0.906303 0.0617396 -0.0655 0.904707 0.0620074 -0.0600358 0.904387 0.0597818 -0.0601619 0.902981 0.059402 -0.0655 0.903224 0.0569992 -0.0655 0.901837 0.0575052 -0.0602602 0.901662 0.0545314 -0.0655 0.900546 0.0551867 -0.0603392 0.900435 0.0528261 -0.060399 0.899301 0.0520033 -0.0655 0.899354 0.0494512 -0.0655 0.898281 0.0504236 -0.0604396 0.89826 0.0468512 -0.0655 0.897314 0.0479791 -0.060461 0.897311 0.0454926 -0.0604631 0.896455 0.0442033 -0.0655 0.896454 0.0415106 -0.0655 0.8957 0.0429641 -0.060446 0.895692 0.0347958 -0.060446 0.893953 0.036091 -0.0655 0.894548 0.0333373 -0.0655 0.894141 0.0264792 -0.060446 0.893248 0.0277928 -0.0655 0.893673 0.0250202 -0.0655 0.893615 0.0320486 -0.060446 0.893603 0.0305554 -0.0655 0.893847 0.0292604 -0.060446 0.893368 0.0194457 -0.0655 0.893847 0.0166918 -0.0655 0.894136 0.0181492 -0.060446 0.893584 0.0222379 -0.0655 0.893673 0.0209378 -0.060446 0.893354 0.023705 -0.060446 0.893243 0.00849251 -0.0655 0.895699 0.00993962 -0.060446 0.894951 0.0112157 -0.0655 0.895062 0.0126501 -0.060446 0.894383 0.0153866 -0.060446 0.893927 0.0139488 -0.0655 0.894541 0.00193729 -0.060446 0.89734 0.00318692 -0.0655 0.897301 0.000579609 -0.0655 0.89827 0.00722778 -0.060446 0.895641 0.00582351 -0.0655 0.896444 0.00456034 -0.060446 0.896437 -0.00450764 -0.0655 0.900532 -0.00696408 -0.0655 0.901817 -0.00569964 -0.060446 0.900708 -0.00199842 -0.0655 0.899352 -0.00320124 -0.060446 0.89948 -0.000641357 -0.060446 0.89835 -0.0140123 -0.0655 0.906287 -0.012849 -0.060446 0.904996 -0.0117334 -0.0655 0.904703 -0.010512 -0.060446 0.903457 -0.00813655 -0.060446 0.902034 -0.00937265 -0.0655 0.903207 -0.0193987 -0.060446 0.910131 -0.0183623 -0.0655 0.909735 -0.0204397 -0.0655 0.911603 -0.0151091 -0.060446 0.906621 -0.0162198 -0.0655 0.907962 -0.0172924 -0.060446 0.908333 -0.0243211 -0.0655 0.915566 -0.0261376 -0.0655 0.91767 -0.0252765 -0.060446 0.916064 -0.0224241 -0.0655 0.913545 -0.0234074 -0.060446 0.914014 -0.0214481 -0.060446 0.912036 -0.0310409 -0.0655 0.924413 -0.0303645 -0.060446 0.92268 -0.0295076 -0.0655 0.922105 -0.0287604 -0.060446 0.920405 -0.0270555 -0.060446 0.918186 -0.0278737 -0.0655 0.919858 -0.0345834 -0.060446 0.92987 -0.0338271 -0.0655 0.929237 -0.0350643 -0.0655 0.931727 -0.0318677 -0.060446 0.925011 -0.0324807 -0.0655 0.92679 -0.03327 -0.060446 0.9274 -0.037214 -0.0655 0.936841 -0.0381332 -0.0655 0.939477 -0.0378703 -0.060446 0.937516 -0.036191 -0.0655 0.934258 -0.0368835 -0.060446 0.934929 -0.0357879 -0.060446 0.93238 -0.0402049 -0.0655 0.947541 -0.0401848 -0.060446 0.945541 -0.0396272 -0.0655 0.944823 -0.0395271 -0.060446 0.942846 -0.0387556 -0.060446 0.940171 -0.0389385 -0.0655 0.94214 -0.0414787 -0.060446 0.953786 -0.0410217 -0.0655 0.953054 -0.0412532 -0.0655 0.955814 -0.0407287 -0.060446 0.948256 -0.0406714 -0.0655 0.950292 -0.0411615 -0.060446 0.95102 -0.0413283 -0.060446 0.967661 -0.0415885 -0.060446 0.964899 -0.0410235 -0.0655 0.966922 -0.0413706 -0.0655 0.961379 -0.0412555 -0.0655 0.964162 -0.0417344 -0.060446 0.962119 -0.0404585 -0.060446 0.973159 -0.0396334 -0.0655 0.975154 -0.0398535 -0.060446 0.975876 -0.0406754 -0.0655 0.969677 -0.0402113 -0.0655 0.972427 -0.0409539 -0.060446 0.970405 -0.0372258 -0.0655 0.983128 -0.0373692 -0.060446 0.983834 -0.0383145 -0.060446 0.9812 -0.0381419 -0.0655 0.980494 -0.0391388 -0.060446 0.978557 -0.0389445 -0.0655 0.977836 -0.033921 -0.060446 0.991409 -0.0351724 -0.060446 0.988938 -0.0338399 -0.0655 0.990737 -0.0363218 -0.060446 0.986413 -0.0362009 -0.0655 0.985721 -0.0350743 -0.0655 0.988251 -0.0310912 -0.060446 0.996219 -0.0295214 -0.0655 0.997874 -0.0295389 -0.060446 0.998518 -0.0324977 -0.0655 0.99318 -0.031054 -0.0655 0.995568 -0.0325519 -0.060446 0.993849 -0.0243369 -0.0655 1.00442 -0.0261402 -0.060446 1.00293 -0.0261595 -0.0655 1.0023 -0.0278951 -0.060446 1.00075 -0.0278899 -0.0655 1.00012 -0.0204586 -0.0655 1.00838 -0.0204037 -0.060446 1.00896 -0.0183886 -0.0655 1.01024 -0.0162379 -0.0655 1.01202 -0.0183116 -0.060446 1.01081 -0.0140324 -0.0655 1.0137 -0.0161561 -0.060446 1.01258 -0.013937 -0.060446 1.01424 -0.011754 -0.0655 1.01528 -0.00940255 -0.0655 1.01677 -0.0116545 -0.060446 1.01581 -0.00698368 -0.0655 1.01817 -0.00930855 -0.060446 1.01728 -0.00689911 -0.060446 1.01866 -0.00453015 -0.0655 1.01946 0.00316643 -0.0655 1.02269 0.00579932 -0.0655 1.02355 0.00327403 -0.060448 1.02314 0.005902 -0.060447 1.02398 0.00847093 -0.0655 1.02429 0.0111812 -0.0655 1.02493 0.00857329 -0.0604445 1.02472 0.0139281 -0.0655 1.02546 0.0112698 -0.0604407 1.02534 0.0139828 -0.0604358 1.02586 0.0166667 -0.0655 1.02586 0.0194248 -0.0655 1.02615 0.0167123 -0.0604297 1.02625 0.0222026 -0.0655 1.02633 0.0194583 -0.0604225 1.02654 0.0222209 -0.0604142 1.02671 0.159235 -0.0461202 0.939085 0.148637 -0.0463844 0.938697 0.148642 -0.0461218 0.938429 0.0553177 -0.0585945 0.896509 0.0598653 -0.058025 0.898762 0.064828 -0.0581722 0.902231 0.140207 -0.0455407 0.937282 0.142757 -0.0454127 0.937493 0.138118 -0.0459941 0.937236 0.123379 -0.048648 0.936927 0.120775 -0.0489439 0.936415 0.117451 -0.0492303 0.935321 0.159238 -0.0458589 0.93882 0.16988 -0.04601 0.939241 0.137663 -0.0456845 0.937043 0.13512 -0.0458417 0.936783 0.148644 -0.0455139 0.938005 0.148619 -0.0467964 0.939313 0.159227 -0.0465319 0.939694 0.152824 -0.0468159 0.939823 0.131298 -0.0479065 0.938158 0.128641 -0.0481293 0.937799 0.127639 -0.0480826 0.937303 0.133963 -0.0477033 0.938483 0.159238 -0.045568 0.938591 0.169881 -0.0457483 0.938976 0.125999 -0.0483753 0.937392 0.180563 -0.0459832 0.939279 0.138065 -0.0472902 0.938571 0.136636 -0.0475197 0.938773 0.153023 -0.045051 0.938066 0.159238 -0.0452547 0.938401 0.147412 -0.0469831 0.939581 0.144712 -0.0470937 0.939416 0.139322 -0.04736 0.939017 0.142015 -0.0472193 0.939229 0.169878 -0.0464226 0.939849 0.16368 -0.0466199 0.940102 0.155596 -0.0449905 0.938159 0.158174 -0.0449429 0.93823 0.169881 -0.0454571 0.938748 0.180563 -0.0457201 0.939014 0.150117 -0.0468926 0.939712 0.145316 -0.0453018 0.937671 0.147884 -0.0452082 0.937819 0.155534 -0.0467494 0.939918 0.158247 -0.0466931 0.939999 0.169881 -0.0451437 0.938558 0.163336 -0.0448669 0.938342 0.173691 -0.0447951 0.938438 0.176286 -0.0447866 0.938447 0.168509 -0.044822 0.938404 0.165921 -0.0448402 0.93838 0.180563 -0.0454274 0.938784 0.191268 -0.0457193 0.939013 0.191267 -0.0459838 0.939279 0.191267 -0.0464 0.939894 0.185502 -0.0465437 0.940223 0.180563 -0.0463976 0.93989 0.201975 -0.0459831 0.939282 0.166399 -0.0465931 0.94014 0.160962 -0.0466523 0.940056 0.201974 -0.0464007 0.939898 0.196403 -0.0465454 0.940229 0.174574 -0.0465527 0.940201 0.212681 -0.046208 0.939574 0.212681 -0.0463967 0.939891 0.201974 -0.0462123 0.939579 0.212689 -0.0465459 0.940231 0.209973 -0.0465468 0.940234 0.177302 -0.0465468 0.940212 0.188233 -0.0465443 0.940224 0.180031 -0.0465428 0.940219 0.207263 -0.0465465 0.940233 0.204551 -0.0465462 0.940232 0.201837 -0.0465459 0.940231 0.199121 -0.0465456 0.94023 0.171847 -0.0465604 0.940189 0.190961 -0.0465449 0.940226 0.169121 -0.0465717 0.940171 0.201975 -0.0457175 0.939015 0.212682 -0.0459804 0.93928 0.182767 -0.0465429 0.940222 0.212682 -0.0457189 0.939018 0.180563 -0.0451123 0.938595 0.184078 -0.0447777 0.938451 0.186678 -0.0447759 0.938451 0.19708 -0.0447732 0.938446 0.201975 -0.0451034 0.938594 0.191268 -0.0451078 0.938593 0.19448 -0.0447746 0.938446 0.191879 -0.0447761 0.938446 0.201975 -0.0454217 0.938784 0.191268 -0.0454248 0.938783 0.202281 -0.0447705 0.938447 0.204881 -0.0447695 0.938447 0.193683 -0.0465451 0.940227 0.212682 -0.0454272 0.93879 0.212682 -0.045109 0.938599 0.210082 -0.0447678 0.938448 0.207481 -0.0447686 0.938448 0.212682 -0.0447694 0.938449 0.118185 -0.049263 0.935856 0.127739 -0.0467674 0.935929 0.132593 -0.0460198 0.936481 0.130082 -0.0462187 0.936136 0.115599 -0.049611 0.935227 0.113009 -0.0499912 0.934515 0.127586 -0.0464383 0.935751 0.125102 -0.0466748 0.93534 0.107538 -0.0507745 0.9324 0.110425 -0.0503995 0.933736 0.127704 -0.0476667 0.936657 0.117596 -0.0485386 0.934367 0.127725 -0.0473969 0.936375 0.107845 -0.0508359 0.93289 0.138102 -0.0468764 0.937942 0.138113 -0.0466109 0.937669 0.120191 -0.047219 0.934355 0.122637 -0.0469351 0.934875 0.117626 -0.0478956 0.933906 0.102821 -0.0517726 0.93096 0.105307 -0.0512942 0.931966 0.117763 -0.0475267 0.93378 0.100367 -0.0522745 0.929877 0.0980371 -0.0526841 0.928352 0.11756 -0.0488128 0.934658 0.107769 -0.0500786 0.931431 0.0956076 -0.0533224 0.927513 0.0979446 -0.0527998 0.928719 0.107827 -0.0494244 0.930957 0.110578 -0.0485951 0.931745 0.112946 -0.048217 0.932487 0.0933607 -0.0538397 0.926261 0.108236 -0.0489951 0.930938 0.0911815 -0.0543628 0.924951 0.0891757 -0.05479 0.923198 0.0983754 -0.0519844 0.927392 0.107709 -0.0503562 0.931728 0.08907 -0.0548916 0.923584 0.0869144 -0.0554221 0.922122 0.103607 -0.049883 0.929128 0.0984757 -0.0513222 0.926913 0.101349 -0.0503458 0.928128 0.0847216 -0.0559545 0.920566 0.0991303 -0.0508197 0.927065 0.0825283 -0.0564901 0.91893 0.0807809 -0.0568584 0.917058 0.0982851 -0.0522648 0.927688 0.0896298 -0.0540833 0.922266 0.0984393 -0.0516669 0.927132 0.0927313 -0.0523367 0.923487 0.0948342 -0.0518313 0.924738 0.089783 -0.0534106 0.921794 0.0895047 -0.0543675 0.922556 0.081345 -0.0561397 0.91615 0.0803345 -0.0570289 0.917214 0.0782124 -0.0575081 0.915542 0.0761473 -0.0579402 0.91389 0.0815547 -0.0554462 0.915689 0.084641 -0.0543594 0.917863 0.0741219 -0.0583406 0.912227 0.0725032 -0.0585759 0.910311 0.0897231 -0.0537609 0.92201 0.0700599 -0.0590337 0.908909 0.072136 -0.0587093 0.910554 0.0679352 -0.0593178 0.907279 0.0665689 -0.0576118 0.903244 0.0686942 -0.0573898 0.904824 0.073408 -0.05712 0.908928 0.0767784 -0.0561357 0.911462 0.0657838 -0.0595638 0.905659 0.0639013 -0.0596622 0.903711 0.0787499 -0.0557305 0.913102 0.0806953 -0.0552886 0.914746 0.0636059 -0.0597716 0.904048 0.0613472 -0.0599383 0.902557 0.0545425 -0.060098 0.898133 0.0547359 -0.0599245 0.897735 0.081469 -0.0558076 0.9159 0.0590307 -0.0600652 0.90114 0.0641397 -0.0594845 0.903354 0.0549171 -0.059678 0.89736 0.0643595 -0.0592376 0.903015 0.0727772 -0.0568361 0.908156 0.0707636 -0.0571312 0.906462 0.0443078 -0.0601589 0.894163 0.0444329 -0.0599864 0.893737 0.0647096 -0.0585682 0.902444 0.0731496 -0.0578457 0.909386 0.0645519 -0.0589283 0.902708 0.0542416 -0.0602002 0.89849 0.0566622 -0.0601525 0.899784 0.05179 -0.0602471 0.897356 0.0732994 -0.057499 0.909136 0.0492965 -0.0602731 0.896332 0.062157 -0.0579179 0.900184 0.0643893 -0.05779 0.901703 0.0467601 -0.0602763 0.895411 0.0441809 -0.0602569 0.894596 0.0551036 -0.0581766 0.896207 0.0526336 -0.058221 0.895074 0.0575141 -0.0581112 0.897436 0.0501042 -0.0582446 0.894038 0.0448169 -0.0586548 0.892427 0.0475154 -0.0582473 0.893099 0.0448672 -0.0582291 0.892256 0.18148 -0.0447812 0.938449 0.191267 -0.0462122 0.939575 0.19968 -0.0447718 0.938447 0.180563 -0.0462104 0.939573 0.189278 -0.0447756 0.938449 0.169879 -0.0462362 0.939534 0.171099 -0.0448081 0.938421 0.178882 -0.0447828 0.93845 0.159232 -0.046346 0.939379 0.160754 -0.0449023 0.93829 0.148645 -0.0458292 0.938197 0.148629 -0.0466107 0.938994 0.150453 -0.0451244 0.937951 0.138118 -0.0463142 0.937432 0.138085 -0.0471043 0.938246 0.127737 -0.0470944 0.936131 0.127675 -0.0478968 0.936969 0.117618 -0.0482299 0.934115 0.117511 -0.049045 0.934979 0.107808 -0.0497648 0.931172 0.107632 -0.0505899 0.932054 0.115342 -0.0478608 0.933165 0.0981711 -0.0524998 0.928012 0.105904 -0.0494314 0.930065 0.0893515 -0.0546049 0.922869 0.0866342 -0.0538685 0.919345 0.090656 -0.0528385 0.922177 0.0969647 -0.0513225 0.925932 0.0811853 -0.0564311 0.916432 0.080995 -0.0566726 0.916738 0.0826526 -0.0548285 0.916342 0.0886321 -0.0533559 0.92079 0.0729623 -0.058147 0.909672 0.0727441 -0.0583925 0.909984 0.0747809 -0.0565042 0.909825 0.0550783 -0.0593654 0.897022 0.0552132 -0.0589989 0.896735 0.0445509 -0.0597403 0.893334 0.0446568 -0.0594275 0.892973 0.0447464 -0.0590602 0.892668 0.142285 -0.0484201 1.03267 0.138395 -0.0487558 1.03277 0.148153 -0.0483026 1.03236 0.0624848 -0.0570669 1.03363 0.0409756 -0.0587963 1.03249 0.062514 -0.057393 1.03327 0.105413 -0.0530756 1.03308 0.126826 -0.0509282 1.03248 0.126799 -0.050589 1.03275 0.0839989 -0.055519 1.03321 0.105435 -0.0533876 1.03274 0.190956 -0.0457303 1.03158 0.200689 -0.0450996 1.03164 0.196789 -0.0452046 1.03167 0.169575 -0.0474028 1.03144 0.16956 -0.0470957 1.03168 0.1482 -0.0489718 1.03189 0.161737 -0.0469135 1.03219 0.157846 -0.0471862 1.03227 0.169544 -0.0467639 1.03188 0.208493 -0.0449407 1.0316 0.212401 -0.0452274 1.03143 0.212404 -0.0448869 1.03158 0.204591 -0.0450116 1.03162 0.19289 -0.0453267 1.03171 0.126846 -0.0512267 1.03216 0.146176 -0.0480968 1.03256 0.105459 -0.0538361 1.03196 0.084029 -0.0559729 1.03239 0.0935006 -0.0551841 1.03183 0.126765 -0.0502208 1.03296 0.134504 -0.0491039 1.03288 0.130614 -0.0494644 1.033 0.139151 -0.050641 1.03073 0.143718 -0.0502249 1.03063 0.148232 -0.0496857 1.0309 0.105384 -0.0527183 1.03336 0.083974 -0.0551971 1.03356 0.118939 -0.0505745 1.03335 0.115046 -0.0509525 1.03346 0.122832 -0.0502028 1.03323 0.148179 -0.0486506 1.03215 0.166581 -0.0484376 1.03019 0.169601 -0.0480971 1.0305 0.162005 -0.0487566 1.03027 0.185096 -0.0456221 1.0318 0.1812 -0.0457954 1.03185 0.177306 -0.0459858 1.0319 0.173413 -0.0461932 1.03197 0.153955 -0.0474752 1.03237 0.150066 -0.0477808 1.03246 0.165629 -0.0466574 1.03211 0.148286 -0.0498192 1.03052 0.152857 -0.0494474 1.03043 0.15743 -0.0490932 1.03035 0.116332 -0.0528697 1.03129 0.126861 -0.0516668 1.03142 0.188992 -0.0454658 1.03175 0.134584 -0.0510651 1.03084 0.175737 -0.04788 1.03006 0.171158 -0.0481427 1.03012 0.190989 -0.0470366 1.03024 0.190985 -0.0468492 1.03057 0.19098 -0.0466194 1.03087 0.169587 -0.0476764 1.03115 0.169595 -0.0479094 1.03084 0.180318 -0.0476414 1.03001 0.212412 -0.0465161 1.03014 0.212411 -0.0463266 1.03046 0.1849 -0.0474268 1.02996 0.189484 -0.0472364 1.02992 0.198653 -0.0469327 1.02985 0.194069 -0.0470717 1.02988 0.203239 -0.0468186 1.02982 0.207826 -0.0467296 1.0298 0.212417 -0.0466655 1.02979 0.169521 -0.0464177 1.03204 0.130019 -0.0514973 1.03095 0.120894 -0.0524068 1.03117 0.125455 -0.051942 1.03106 0.0625586 -0.0578464 1.03244 0.0752405 -0.0569195 1.03208 0.0839435 -0.0548264 1.03385 0.0994668 -0.0524923 1.03389 0.105351 -0.0523294 1.03359 0.103364 -0.0521141 1.0338 0.0955689 -0.0528703 1.03399 0.111769 -0.0533307 1.0314 0.107205 -0.0537898 1.0315 0.0839088 -0.0544223 1.03408 0.0916701 -0.0532479 1.03407 0.0877702 -0.0536252 1.03416 0.098069 -0.054727 1.03174 0.102638 -0.0542578 1.03162 0.0409356 -0.0584725 1.03286 0.0624525 -0.0566897 1.03393 0.0410533 -0.0592407 1.03164 0.0523405 -0.0587037 1.03195 0.0760611 -0.0547004 1.03432 0.0721547 -0.0550382 1.03434 0.079966 -0.0543551 1.03428 0.0193916 -0.0595718 1.03 0.0889327 -0.0556291 1.03191 -0.00215819 -0.0597403 1.02395 -0.00199439 -0.0599864 1.02356 0.0843652 -0.056062 1.03197 0.0624184 -0.0562778 1.03417 0.0604256 -0.0559953 1.03429 0.0565105 -0.0562762 1.0342 0.0193217 -0.0592548 1.03037 0.0408969 -0.0580962 1.03316 0.0194677 -0.0598226 1.02959 0.0525932 -0.0565426 1.03408 0.0447519 -0.0570313 1.03376 0.040861 -0.0576838 1.0334 0.0486737 -0.0567943 1.03394 0.0798035 -0.0564995 1.03204 0.0368981 -0.0574435 1.03324 0.0408279 -0.0572537 1.03356 0.0706744 -0.0573166 1.03208 0.019261 -0.058884 1.03068 -0.00230521 -0.0594275 1.02429 0.032965 -0.0576132 1.03286 0.0661053 -0.0576909 1.03205 0.0615298 -0.0580447 1.032 0.0569295 -0.0583905 1.03203 0.0290286 -0.0577627 1.03242 -0.00182074 -0.0601589 1.02315 0.0192112 -0.0584758 1.03092 0.0477627 -0.0589843 1.03176 -0.00242965 -0.0590603 1.02458 0.0195469 -0.06 1.02916 0.0250889 -0.057892 1.03193 0.0211458 -0.0580012 1.03138 0.0340749 -0.0595946 1.0305 0.0386327 -0.0594343 1.03104 -0.00252759 -0.0586549 1.02482 0.00929279 -0.0582064 1.02876 0.0132477 -0.0581584 1.02978 0.0171988 -0.05809 1.03068 0.0295378 -0.0597377 1.02986 0.0053342 -0.0582341 1.02762 0.0071616 -0.0601945 1.02525 0.00137191 -0.0582416 1.02636 0.0250213 -0.0598636 1.02914 -0.00259737 -0.0582292 1.02498 0.0115956 -0.0601376 1.02637 0.0205255 -0.0599722 1.02831 0.0160502 -0.0600635 1.02739 0.00274822 -0.0602341 1.02404 -0.0016444 -0.0602569 1.02273 0.0431961 -0.0592322 1.03146 0.0643375 -0.0556909 1.03433 0.0682469 -0.0553683 1.03434 0.0410153 -0.0590549 1.03208 0.0838694 -0.0540021 1.03424 0.0625388 -0.0576553 1.03287 0.107259 -0.0517272 1.03369 0.111153 -0.0513367 1.03357 0.0840174 -0.05578 1.03281 0.126724 -0.0498374 1.03312 0.105451 -0.0536433 1.03236 0.126857 -0.0514749 1.0318 0.148216 -0.0492563 1.03159 0.148227 -0.0494961 1.03126 0.190974 -0.0463517 1.03115 0.190965 -0.0460528 1.03138 0.212409 -0.0460995 1.03075 0.212407 -0.0458377 1.03101 0.212404 -0.0455447 1.03124 0.0441809 -0.0602569 0.894596 0.0429641 -0.060446 0.895692 0.0436513 -0.0602569 0.894443 0.0467601 -0.0602763 0.895411 0.0492965 -0.0602731 0.896332 0.0479791 -0.060461 0.897311 0.225437 -0.050363 1.01753 0.223967 -0.0516169 1.01224 0.226798 -0.0508088 1.01574 0.0664644 -0.060674 1.01231 0.070505 -0.0573205 1.03207 0.0664465 -0.0576626 1.03209 0.0454926 -0.0604631 0.896455 0.0566622 -0.0601525 0.899784 0.0551867 -0.0603392 0.900435 0.0542416 -0.0602002 0.89849 0.05179 -0.0602471 0.897356 0.0528261 -0.060399 0.899301 0.0504236 -0.0604396 0.89826 0.0613472 -0.0599383 0.902557 0.0620074 -0.0600358 0.904387 0.0597818 -0.0601619 0.902981 0.0590307 -0.0600652 0.90114 0.0575052 -0.0602602 0.901662 0.066263 -0.0596583 0.907431 0.0679352 -0.0593178 0.907279 0.0683076 -0.0594211 0.909079 0.064163 -0.0598632 0.905867 0.0636059 -0.0597716 0.904048 0.0657838 -0.0595638 0.905659 0.0774564 -0.057982 0.918389 0.0782124 -0.0575081 0.915542 0.0803345 -0.0570289 0.917214 0.0721821 -0.058889 0.912588 0.0741219 -0.0583406 0.912227 0.0740124 -0.058594 0.914451 0.117136 -0.0539089 0.95478 0.124715 -0.0561942 0.974613 0.112331 -0.0571326 0.973653 0.0869144 -0.0554221 0.922122 0.08907 -0.0548916 0.923584 0.0846159 -0.0569064 0.929344 0.153027 -0.0519323 0.957235 0.141007 -0.052325 0.956861 0.150117 -0.0468926 0.939712 0.144868 -0.0541088 1.01258 0.151439 -0.0495996 1.03048 0.147377 -0.0499397 1.03056 0.162155 -0.0546376 0.975463 0.165061 -0.0517154 0.957381 0.149655 -0.054986 0.975381 0.137169 -0.0554915 0.975138 0.174662 -0.0544074 0.975478 0.1771 -0.0516106 0.95742 0.187176 -0.0542577 0.975498 0.174574 -0.0465527 0.940201 0.177302 -0.0465468 0.940212 0.224299 -0.054175 0.994051 0.23047 -0.052058 1.01003 0.229318 -0.0516612 1.01199 0.237108 -0.0544526 0.988454 0.236894 -0.0543732 0.990711 0.21958 -0.0485079 0.946 0.213233 -0.0515477 0.957539 0.217935 -0.048017 0.944476 0.224738 -0.0541551 0.975715 0.237113 -0.0544554 0.981639 0.237219 -0.0544948 0.983915 0.231596 -0.0524566 0.962054 0.232581 -0.0528067 0.964091 0.212215 -0.0541446 0.975621 0.201187 -0.0515403 0.957483 0.215988 -0.0475733 1.0271 0.210768 -0.0516873 1.0122 0.217697 -0.0480335 1.02566 0.214489 -0.0470403 0.941595 0.209973 -0.0465468 0.940234 0.2294 -0.0516905 0.958126 0.22528 -0.0515721 0.957609 0.22818 -0.0512701 0.956228 0.16368 -0.0466199 0.940102 0.166399 -0.0465931 0.94014 0.171847 -0.0465604 0.940189 0.147412 -0.0469831 0.939581 0.139266 -0.0506536 1.03074 0.131723 -0.0550364 1.01269 0.13522 -0.0510345 1.03084 0.136636 -0.0475197 0.938773 0.139322 -0.04736 0.939017 0.123088 -0.0521982 1.03112 0.119046 -0.0525932 1.03122 0.118595 -0.0560832 1.01271 0.105494 -0.0572278 1.01258 0.0988619 -0.0546506 1.03172 0.0924423 -0.0584432 1.01218 0.0957465 -0.0594195 0.992019 0.0877578 -0.0602693 0.982832 0.0886199 -0.0601244 0.980341 0.110976 -0.0534235 1.03144 0.11501 -0.0530029 1.03132 0.085755 -0.0604987 0.987682 0.0846114 -0.060585 0.990051 0.106941 -0.0538383 1.03154 0.0948187 -0.0550481 1.0318 0.102903 -0.0542473 1.03164 0.0867179 -0.0558561 1.03197 0.0794791 -0.0596873 1.01143 0.0806416 -0.0607464 0.996864 0.082051 -0.0607074 0.99465 0.0791429 -0.0607695 0.999029 0.09077 -0.0554532 1.03189 0.0741608 -0.0607734 1.00514 0.0758988 -0.0607807 1.00317 0.0745589 -0.0569765 1.03208 0.0786124 -0.0566178 1.03207 0.0723416 -0.0607553 1.00705 0.0684905 -0.0607039 1.01064 0.0704456 -0.0607287 1.00889 0.0622084 -0.0606025 1.01543 0.0623874 -0.0579902 1.03208 0.0643672 -0.0606389 1.01391 0.0600032 -0.0605708 1.01685 0.0583303 -0.0582957 1.03202 0.057739 -0.0605389 1.01818 0.055416 -0.0605067 1.01943 0.0542751 -0.0585791 1.03191 0.0530495 -0.0604779 1.02059 0.0506483 -0.0604543 1.02165 0.0502218 -0.0588404 1.03174 0.0482017 -0.0604336 1.02261 0.0457096 -0.0604158 1.02348 0.0461704 -0.0590796 1.03152 0.0431944 -0.0604023 1.02425 0.0420834 -0.0592949 1.03137 0.0380045 -0.0594884 1.03115 0.0406562 -0.0603932 1.02491 0.0339463 -0.0596607 1.03081 0.0354869 -0.0603864 1.02595 0.038087 -0.0603879 1.02548 0.0299088 -0.0598118 1.03037 0.0302729 -0.0603899 1.02656 0.0328856 -0.0603868 1.02631 0.0258921 -0.0599416 1.02981 0.025 -0.0604047 1.02677 0.0276444 -0.0603959 1.02672 0.0218961 -0.0600503 1.02913 0.0179208 -0.0601378 1.02835 0.0194583 -0.0604225 1.02654 0.0222209 -0.0604142 1.02671 0.0139663 -0.060204 1.02745 0.0167123 -0.0604297 1.02625 0.0112698 -0.0604407 1.02534 0.0100325 -0.060249 1.02644 0.00857329 -0.0604445 1.02472 0.0139828 -0.0604358 1.02586 0.005902 -0.060447 1.02398 0.00611948 -0.0602729 1.02532 0.00327403 -0.060448 1.02314 0.00222717 -0.0602755 1.02408 0.000676753 -0.0604477 1.02218 -0.00188962 -0.060446 1.02112 -0.0016444 -0.0602569 1.02273 -0.0021507 -0.0602569 1.02252 0.0826654 -0.0562443 1.03203 0.0775559 -0.060777 1.00114 0.0833724 -0.0606528 0.992383 0.0868031 -0.0603938 0.985279 0.0893824 -0.0599636 0.977828 0.143318 -0.0502892 1.03065 0.105446 -0.0552164 0.952655 0.100096 -0.0583313 0.972076 0.158026 -0.0533187 1.01244 0.167711 -0.0483589 1.03017 0.163646 -0.048636 1.03024 0.155504 -0.0492689 1.0304 0.160962 -0.0466523 0.940056 0.18438 -0.052196 1.01223 0.192082 -0.0471381 1.02989 0.188018 -0.0472922 1.02993 0.179897 -0.0476613 1.03001 0.171197 -0.0526794 1.01231 0.185502 -0.0465437 0.940223 0.188233 -0.0465443 0.940224 0.189142 -0.0515599 0.957443 0.212689 -0.0465459 0.940231 0.199694 -0.0541726 0.975546 0.224162 -0.0499373 0.950883 0.225569 -0.0503984 0.952612 0.236571 -0.0542539 0.992965 0.236132 -0.0540911 0.995234 0.233482 -0.0531299 0.966169 0.236159 -0.054103 0.974841 0.23658 -0.0542576 0.977075 0.211391 -0.0541995 0.99397 0.236899 -0.0543761 0.979357 0.231551 -0.0524389 1.00802 0.224013 -0.04991 1.01927 0.214228 -0.0471173 1.02848 0.219354 -0.0484978 1.02415 0.22096 -0.0489663 1.02259 0.208346 -0.0467205 1.0298 0.212417 -0.0466655 1.02979 0.234977 -0.0536692 0.999652 0.235601 -0.0538962 0.997463 0.235005 -0.0536801 0.970433 0.234289 -0.0534204 0.968282 0.226909 -0.0508427 0.954394 0.235634 -0.0539105 0.972627 0.230539 -0.0520863 0.960068 0.237217 -0.0544936 0.986188 0.221169 -0.0489935 0.947576 0.222695 -0.049469 0.949204 0.234254 -0.0534048 1.0018 0.21624 -0.04753 0.943009 0.199121 -0.0465456 0.94023 0.201837 -0.0465459 0.940231 0.228097 -0.0512473 1.01389 0.207263 -0.0465465 0.940233 0.222515 -0.049439 1.02096 0.197571 -0.0518693 1.01219 0.232545 -0.0527919 1.00598 0.196403 -0.0465454 0.940229 0.193683 -0.0465451 0.940227 0.204279 -0.0467953 1.02982 0.200212 -0.0468898 1.02984 0.182767 -0.0465429 0.940222 0.196147 -0.0470041 1.02986 0.175836 -0.0478746 1.03006 0.183958 -0.0474671 1.02996 0.171774 -0.0481072 1.03011 0.152824 -0.0468159 0.939823 0.155534 -0.0467494 0.939918 0.159573 -0.0489477 1.03032 0.142015 -0.0472193 0.939229 0.129025 -0.0529614 0.956106 0.127131 -0.0518068 1.03103 0.131298 -0.0479065 0.938158 0.128641 -0.0481293 0.937799 0.125999 -0.0483753 0.937392 0.0790544 -0.0577171 0.920455 0.131175 -0.0514188 1.03093 0.0900452 -0.0597868 0.975295 0.118185 -0.049263 0.935856 0.120775 -0.0489439 0.936415 0.0805752 -0.0574616 0.922588 0.0906102 -0.0595872 0.972731 0.0910762 -0.059369 0.970142 0.0914404 -0.0591446 0.967547 0.115599 -0.049611 0.935227 0.113009 -0.0499912 0.934515 0.0820186 -0.0572157 0.92479 0.0825283 -0.0564901 0.91893 0.107845 -0.0508359 0.93289 0.110425 -0.0503995 0.933736 0.0917026 -0.058914 0.964946 0.0919232 -0.0584034 0.959702 0.0941209 -0.0568747 0.949516 0.0918639 -0.0586609 0.962326 0.0847216 -0.0559545 0.920566 0.0833639 -0.0570352 0.92704 0.105307 -0.0512942 0.931966 0.102821 -0.0517726 0.93096 0.0917327 -0.0579218 0.954477 0.0914826 -0.0576729 0.951859 0.0918795 -0.0581571 0.957085 0.0911296 -0.057445 0.949256 0.100367 -0.0522745 0.929877 0.0906739 -0.05725 0.946676 0.0979446 -0.0527998 0.928719 0.0901154 -0.0570877 0.944119 0.0894485 -0.0569388 0.941562 0.0956076 -0.0533224 0.927513 0.0886824 -0.0568345 0.939042 0.0933607 -0.0538397 0.926261 0.0878178 -0.0567777 0.936563 0.0911815 -0.0543628 0.924951 0.0868538 -0.0567692 0.934124 0.0857793 -0.0568178 0.931705 0.075775 -0.0582767 0.916387 0.0761473 -0.0579402 0.91389 0.072136 -0.0587093 0.910554 0.0702841 -0.0591618 0.910801 0.0700599 -0.0590337 0.908909 0.108436 -0.0582528 0.993025 0.121226 -0.0572495 0.993595 0.123379 -0.048648 0.936927 0.134064 -0.0564106 0.993866 0.133963 -0.0477033 0.938483 0.146926 -0.055727 0.993952 0.144712 -0.0470937 0.939416 0.159802 -0.0551872 0.993942 0.158247 -0.0466931 0.939999 0.172688 -0.0547781 0.993905 0.169121 -0.0465717 0.940171 0.185583 -0.0544828 0.99389 0.180031 -0.0465428 0.940219 0.198485 -0.0542933 0.993913 0.190961 -0.0465449 0.940226 0.233442 -0.0531116 1.00391 0.204551 -0.0465462 0.940232 0.215965 0.0422356 1.03243 0.208909 0.0449494 1.03147 0.218634 0.026286 1.03679 0.0699602 -0.010683 1.04125 0.0695609 -0.0126779 1.04118 0.0701035 -0.0114221 1.04122 0.181443 0.026732 1.03667 0.200037 0.0264376 1.03672 0.187257 0.0454276 1.03142 0.199982 0.00760055 1.03925 0.218597 -0.0107156 1.03908 0.218607 0.00755529 1.03927 0.214268 0.0435912 1.03196 0.236758 0.00675883 1.03932 0.236381 0.00900755 1.03918 0.212528 0.0449005 1.03149 0.237019 0.00451734 1.03942 0.237178 0.00226138 1.03948 0.217612 0.0408263 1.03291 0.162734 0.00782293 1.0393 0.181358 0.00769171 1.03925 0.162851 0.0271362 1.0367 0.235904 0.0112372 1.03901 0.235338 0.0134258 1.0388 0.21921 0.0393633 1.03338 0.198082 0.0451581 1.03142 0.194474 0.0452412 1.03142 0.201691 0.0450818 1.03143 0.2053 0.0450122 1.03145 0.233924 0.0176804 1.03829 0.23468 0.0155735 1.03856 0.220759 0.0378466 1.03385 0.222259 0.0362763 1.03432 0.233089 0.019746 1.03799 0.232173 0.0217703 1.03766 0.223708 0.0346521 1.03478 0.199958 -0.0107919 1.03913 0.218612 -0.028196 1.03645 0.231163 0.0237646 1.0373 0.225098 0.0329721 1.03523 0.190865 0.045331 1.03141 0.23008 0.0257121 1.03692 0.227718 0.0294481 1.03611 0.228933 0.0276064 1.03653 0.237017 -0.00454414 1.03942 0.237178 -0.00227389 1.03948 0.237234 -9.03654e-06 1.0395 0.200591 -0.0451018 1.03164 0.204527 -0.0450132 1.03162 0.199984 -0.0284078 1.03655 0.215827 -0.0422674 1.0325 0.208464 -0.0449421 1.0316 0.214137 -0.0436064 1.03204 0.23005 -0.0257733 1.03693 0.231126 -0.0238381 1.0373 0.219088 -0.0394094 1.03343 0.217474 -0.0408697 1.03296 0.220657 -0.0378914 1.0339 0.223631 -0.0346942 1.03481 0.225044 -0.0330129 1.03526 0.228896 -0.0276601 1.03654 0.22639 -0.0312805 1.0357 0.227671 -0.0294971 1.03612 0.222171 -0.0363199 1.03435 0.212404 -0.0448869 1.03158 0.232134 -0.0218474 1.03765 0.234669 -0.0156093 1.03856 0.23534 -0.013454 1.0388 0.233917 -0.0177215 1.03829 0.180041 0.045641 1.03144 0.176433 0.0457579 1.03145 0.233072 -0.0198009 1.03799 0.162736 -0.0294846 1.037 0.173056 -0.046213 1.03197 0.181356 -0.0288359 1.03673 0.172826 0.0458725 1.03148 0.192721 -0.0453316 1.03171 0.196656 -0.045208 1.03167 0.169218 0.0459909 1.03152 0.188786 -0.0454732 1.03175 0.184852 -0.0456325 1.0318 0.144258 0.0276109 1.03688 0.14411 0.00798378 1.03944 0.158397 0.0463688 1.03168 0.162004 0.046239 1.03162 0.176987 -0.0460024 1.03191 0.180919 -0.045809 1.03185 0.14413 -0.0303198 1.03734 0.157341 -0.0472434 1.03229 0.154791 0.0464932 1.03175 0.151184 0.0466183 1.03184 0.169126 -0.0464407 1.03204 0.165196 -0.0466957 1.03212 0.125484 0.00816206 1.03969 0.125664 0.0281187 1.03721 0.137731 -0.0488612 1.03281 0.12554 -0.0312826 1.03775 0.143972 0.0468708 1.03203 0.140367 0.0469982 1.03215 0.161268 -0.0469633 1.03221 0.136767 0.0471222 1.03226 0.133169 0.0472456 1.03238 0.153416 -0.047536 1.03238 0.149492 -0.0478411 1.03248 0.107068 0.0286249 1.0377 0.106858 0.00834502 1.04007 0.0898013 0.0118043 1.04029 0.0899509 0.0110675 1.04034 0.0905344 0.0073533 1.04056 0.0904385 0.00809957 1.04052 0.0888682 0.0154425 1.04 0.0890825 0.0147213 1.04006 0.0892808 0.0139976 1.04012 0.100708 0.0483072 1.03371 0.0970961 0.0484133 1.03387 0.0886398 0.0161568 1.03994 0.0883983 0.0168673 1.03988 0.0884696 0.0290981 1.0383 0.0848184 0.0234183 1.03925 0.0852999 0.0228418 1.0393 0.0894666 0.0132698 1.04018 0.0826565 0.0488085 1.03452 0.0790545 0.0488989 1.03467 0.0896399 0.0125387 1.04023 0.0810823 0.0258226 1.03905 0.0818044 0.025609 1.03906 0.0795839 0.0259265 1.03909 0.080337 0.0259314 1.03907 0.0754551 0.0489861 1.03481 0.0698637 0.02951 1.0389 0.0906204 0.00660571 1.0406 0.0781215 0.0255856 1.03919 0.0788402 0.0258079 1.03913 0.106792 -0.0120772 1.0403 0.0909744 -0.000158946 1.04083 0.0767995 0.0248799 1.03933 0.0774395 0.0252704 1.03926 0.0906696 -0.00617661 1.04086 0.09074 -0.00542643 1.04087 0.0756496 0.0239216 1.03949 0.075136 0.0233767 1.03958 0.089574 -0.012862 1.0407 0.0893952 -0.0135932 1.04067 0.0738018 0.0215727 1.03984 0.0742145 0.022197 1.03975 0.0882951 -0.01719 1.04049 0.0880275 -0.0178934 1.04044 0.106964 -0.0323009 1.03822 0.072409 0.0189244 1.04017 0.0721134 0.0182341 1.04025 0.0867619 -0.0206211 1.04026 0.0863886 -0.0212739 1.04021 0.0883958 -0.0332985 1.03867 0.0713369 0.0161233 1.04047 0.051247 0.029834 1.03925 0.0711104 0.0154079 1.04054 0.0845954 -0.0236828 1.04003 0.085094 -0.0231195 1.04007 0.0323349 0.00888574 1.04101 0.0326311 0.0300489 1.03889 0.0141254 0.0301455 1.03693 0.0946305 -0.0529856 1.03404 0.0907101 -0.0533612 1.03413 0.0250166 0.0498279 1.0341 0.0214317 0.0498558 1.03365 0.0792484 -0.0259006 1.03992 0.0698305 -0.0342007 1.03899 0.0690299 0.00131408 1.04136 0.0690504 0.00206709 1.04134 0.0509672 0.00880058 1.04136 0.0828691 -0.0540894 1.03426 0.0690227 -0.000946012 1.0414 0.0690384 -0.00169932 1.0414 0.078514 -0.0257336 1.03996 0.0778105 -0.0254678 1.04 0.0512605 -0.0349405 1.03898 0.0323354 -0.013072 1.04088 0.0326988 -0.0354628 1.03824 0.0789508 -0.0544591 1.03433 -0.0041156 -0.0135448 1.034 0.013829 -0.0131562 1.0389 -0.00415651 -0.00907044 1.03428 0.077146 -0.0251167 1.04006 0.0694956 -0.00770702 1.04135 0.0509452 -0.0129096 1.04136 0.0695961 -0.00845353 1.04133 0.0750315 -0.0548135 1.03438 0.0436283 -0.0571087 1.03377 0.0475511 -0.0568842 1.03399 0.0765245 -0.0246955 1.04012 0.0759459 -0.0242176 1.04018 0.0714575 -0.0165074 1.04093 0.0732424 -0.0206407 1.04058 0.0736167 -0.0212915 1.04051 -0.00411744 0.0127917 1.03407 -0.00415621 0.00850071 1.03432 0.013805 0.00892659 1.03913 -0.00398972 0.0212846 1.03326 -0.00406194 0.017053 1.03372 -0.00390142 0.0254835 1.0327 0.0107616 0.0499129 1.03178 0.0142741 0.0498979 1.03256 -0.00379879 0.0296414 1.03208 -0.00368023 0.0337659 1.03136 0.00727329 0.0499237 1.03089 -0.00354573 0.0378571 1.03055 -0.00339529 0.0419148 1.02964 0.00380915 0.0499301 1.02989 -0.00322892 0.0459391 1.02864 0.0692538 -0.00546002 1.04139 0.0691923 -0.00470908 1.0414 0.00036918 0.0499323 1.02877 -0.00304455 0.0499309 1.02754 0.0725705 -0.0192975 1.0407 0.0728961 -0.0199747 1.04064 0.082492 0.0253027 1.03908 0.0831378 0.0249154 1.03911 0.0740176 -0.0219261 1.04045 0.0744489 -0.022541 1.04038 0.071111 -0.0551525 1.0344 0.0671895 -0.0554762 1.03438 0.0632669 -0.0557845 1.03434 0.0397084 -0.0573122 1.03349 0.0514771 -0.0566387 1.03416 0.055406 -0.0563721 1.03426 -0.00405446 -0.018018 1.03361 -0.00397312 -0.0224902 1.03311 0.0318067 -0.0576488 1.03295 0.0278908 -0.0577887 1.03251 0.0142519 -0.0357372 1.036 0.0239984 -0.0579098 1.03196 -0.00387155 -0.0269613 1.03249 0.0201293 -0.058012 1.0313 -0.00374977 -0.0314314 1.03176 0.0162835 -0.0580953 1.03053 -0.00360778 -0.0359003 1.03092 0.0124612 -0.0581598 1.02964 -0.00344556 -0.0403683 1.02996 0.0086622 -0.0582054 1.02864 -0.00326314 -0.0448351 1.02889 0.00488658 -0.0582321 1.02753 -0.00306049 -0.0493008 1.0277 0.00113434 -0.0582399 1.02631 -0.00259737 -0.0582292 1.02498 -0.00283763 -0.0537655 1.0264 0.0867896 -0.0537292 1.0342 0.0701817 0.0117716 1.04085 0.0700328 0.011035 1.04091 0.0749111 -0.0231316 1.04031 0.0754089 -0.0236935 1.04025 0.059338 -0.0560846 1.03431 0.0719761 -0.0179182 1.04082 0.0722614 -0.0186122 1.04076 0.0710024 -0.0150742 1.04102 0.0707967 -0.0143507 1.04107 0.0717084 -0.017216 1.04087 0.0712225 -0.0157933 1.04098 0.0706045 -0.0136234 1.04111 0.0704253 -0.0128926 1.04115 0.069828 -0.00994174 1.04128 0.0697067 -0.00919851 1.04131 0.0694053 -0.00695915 1.04137 0.0693247 -0.0062101 1.04138 0.0691401 -0.00395741 1.04141 -0.00417721 -0.00459505 1.03444 0.0690632 -0.00245241 1.04141 0.0690971 -0.00320514 1.04141 -0.00418359 -0.000170551 1.03449 0.0690184 0.000560812 1.04138 0.069016 -0.000192591 1.04139 -0.00417826 0.00417994 1.03446 0.0691187 0.00357185 1.0413 0.06908 0.00281972 1.04132 0.0691666 0.00432336 1.04127 0.0286057 0.0497952 1.03448 0.0692236 0.00507413 1.04124 0.06929 0.00582402 1.04121 0.0694515 0.00732056 1.04114 0.0693659 0.00657288 1.04118 0.069547 0.00806689 1.0411 0.0321988 0.049758 1.03479 0.0698951 0.0102959 1.04096 0.0358035 0.0497145 1.03498 0.0394085 0.0496672 1.03513 0.0703422 0.0125056 1.0408 0.0707003 0.0139642 1.04068 0.070515 0.0132365 1.04074 0.043014 0.0496161 1.03525 0.0708986 0.0146882 1.04061 0.0466199 0.0495611 1.03533 0.0715787 0.0168333 1.0404 0.0718377 0.0175371 1.04033 0.0502262 0.0495023 1.03538 0.0727232 0.0196049 1.04009 0.0730579 0.0202737 1.04001 0.0734173 0.0209301 1.03992 0.0574461 0.0493719 1.0353 0.0538369 0.0494388 1.03535 0.0746585 0.0227999 1.03966 0.0610536 0.0493016 1.03524 0.076203 0.0244263 1.03941 0.0646595 0.0492279 1.03517 0.0682638 0.0491509 1.03507 0.0718582 0.0490701 1.03494 0.0900888 0.0103287 1.04039 0.090216 0.00958748 1.04043 0.0837402 0.0244646 1.03915 0.0862609 0.0487148 1.03437 0.0898724 0.0486171 1.0342 0.0842996 0.0239621 1.03919 0.0934841 0.0485166 1.03404 0.104321 0.0481983 1.03355 0.0861632 0.0216125 1.03943 0.0865511 0.0209705 1.03949 0.0869125 0.0203127 1.03956 0.0872502 0.0196422 1.03962 0.0875656 0.0189598 1.03969 0.0881395 0.0175726 1.03982 0.0878617 0.0182703 1.03975 0.111558 0.0479672 1.03322 0.107941 0.0480833 1.03338 0.0903324 0.00884437 1.04048 0.0906967 0.00585693 1.04064 0.115171 0.0478499 1.03306 0.0907636 0.00510715 1.04067 0.118781 0.0477316 1.03291 0.0908694 0.00360506 1.04073 0.0908211 0.00435648 1.0407 0.0909085 0.00285302 1.04075 0.0909715 0.000594382 1.04082 0.0909595 0.00134757 1.0408 0.0909385 0.00210048 1.04078 0.118143 -0.0506907 1.03339 0.0909682 -0.000912297 1.04085 0.129573 0.0473684 1.0325 0.125979 0.0474906 1.03263 0.0909529 -0.00166557 1.04086 0.14557 -0.0481686 1.03259 0.0908953 -0.00317139 1.04087 0.0909286 -0.00241864 1.04086 0.0908528 -0.00392369 1.04087 0.14165 -0.0485126 1.0327 0.0908011 -0.00467541 1.04087 0.0905895 -0.0069258 1.04086 0.133812 -0.0492145 1.03292 0.0904997 -0.00767386 1.04085 0.0903999 -0.0084206 1.04083 0.0902897 -0.00916586 1.04082 0.129893 -0.0495725 1.03303 0.090169 -0.00990939 1.0408 0.0900374 -0.010651 1.04078 0.0897403 -0.0121276 1.04073 0.0898946 -0.0113905 1.04075 0.125975 -0.0499351 1.03314 0.122059 -0.0503129 1.03327 0.0889987 -0.0150455 1.0406 0.0892036 -0.0143213 1.04064 0.0887794 -0.0157654 1.04057 0.0885454 -0.0164805 1.04053 0.114226 -0.0510684 1.0335 0.0985508 -0.0526022 1.03395 0.0877414 -0.0185892 1.0404 0.0874316 -0.0192746 1.04035 0.110309 -0.0514462 1.03361 0.0871096 -0.0199541 1.04031 0.106391 -0.0518239 1.03372 0.0855575 -0.0225271 1.04012 0.0859881 -0.0219104 1.04016 0.102471 -0.0522111 1.03383 0.0840586 -0.0242101 1.03999 0.0834794 -0.0246913 1.03995 0.0828565 -0.0251152 1.03992 0.0814851 -0.0257338 1.03988 0.0821902 -0.0254676 1.0399 0.0807519 -0.0259001 1.03988 0.08 -0.0259582 1.0399 0.0357459 -0.0574899 1.03328 0.0178508 0.0498792 1.03314 0.0697685 0.00955478 1.04101 0.0702584 -0.0121587 1.04119 0.0696525 0.00881169 1.04106 0.0857471 0.0222378 1.03936 0.122387 0.0476121 1.03277 0.125414 -0.0117509 1.03991 0.144043 -0.0114383 1.0396 0.162678 -0.011162 1.03939 0.147578 0.0467442 1.03193 0.181317 -0.0109418 1.03923 0.165611 0.0461131 1.03157 0.236748 -0.00681981 1.03932 0.183649 0.045531 1.03143 0.23591 -0.0112727 1.03901 0.226435 0.0312375 1.03568 0.236379 -0.00906755 1.03918 0.237217 0.00113592 0.930507 0.23722 -0.00115646 0.930505 0.228511 0.00750447 0.930718 0.228439 0.0262352 0.933178 0.231576 0.0229702 0.93255 0.237111 -0.00343122 0.930545 0.236894 -0.00570448 0.930625 0.228507 -0.0107604 0.930945 0.237105 0.00342896 0.930548 0.236571 -0.00797138 0.930744 0.23615 -0.0101962 0.930899 0.219658 0.0262239 0.933183 0.219789 0.0075022 0.930721 0.235627 -0.0124 0.93109 0.236142 0.0101942 0.930904 0.236571 0.00795424 0.930745 0.235001 -0.0145827 0.93132 0.235618 0.0124036 0.931096 0.234289 -0.0167197 0.931577 0.234998 0.0145823 0.931322 0.22693 0.0305616 0.934152 0.233489 -0.0188154 0.931864 0.232596 -0.0208748 0.932183 0.231617 -0.0228969 0.93253 0.234264 0.0167518 0.931589 0.230561 -0.0248805 0.932898 0.233446 0.0188776 0.931884 0.22942 -0.0268265 0.933292 0.232551 0.0209516 0.932203 0.226918 -0.030576 0.934139 0.219626 -0.0282388 0.933594 0.228196 -0.0287335 0.933712 0.211067 0.00749984 0.930725 0.219783 -0.0107628 0.930941 0.211059 -0.0107654 0.930935 0.22419 0.034075 0.935052 0.225592 0.0323431 0.934597 0.230524 0.0249363 0.932921 0.224151 -0.0341105 0.935048 0.222678 -0.0357961 0.935517 0.2294 0.0268562 0.93331 0.221152 -0.0374252 0.935993 0.228205 0.0287303 0.933719 0.217926 -0.0405205 0.936969 0.219567 -0.0389997 0.936478 0.202335 -0.0107681 0.930927 0.202346 0.00749741 0.930731 0.210831 -0.0282498 0.933585 0.217959 0.0405018 0.936976 0.219601 0.0389765 0.93649 0.222719 0.0357618 0.935526 0.207115 -0.0447703 0.938448 0.209899 -0.0447698 0.938449 0.221188 0.0373966 0.936007 0.193611 -0.010771 0.930918 0.193624 0.00749492 0.930738 0.210876 0.0262118 0.933192 0.208011 0.044743 0.938446 0.210349 0.0447461 0.938447 0.202036 -0.0282615 0.933573 0.212682 -0.0447694 0.938449 0.196323 0.0447229 0.938442 0.202094 0.0261991 0.933204 0.193312 0.0261858 0.933218 0.195982 -0.0447738 0.938447 0.198765 -0.0447727 0.938447 0.205674 0.0447396 0.938446 0.198661 0.0447275 0.938443 0.184887 -0.010774 0.930907 0.184902 0.00749234 0.930746 0.186973 0.0447009 0.938439 0.189311 0.0447068 0.93844 0.191648 0.0447124 0.938441 0.175651 -0.0283041 0.933515 0.170933 -0.0448105 0.938415 0.166857 -0.0283427 0.933443 0.176163 -0.0107783 0.930889 0.167439 -0.0107894 0.93083 0.167458 0.00749219 0.930705 0.17061 0.0446571 0.938386 0.172947 0.044662 0.938408 0.175747 0.0261597 0.933245 0.158717 -0.0108136 0.930678 0.158737 0.00750128 0.930564 0.166965 0.0261572 0.933199 0.161261 0.0446486 0.938206 0.163597 0.0446484 0.938269 0.165935 0.0446501 0.938317 0.142594 0.0447306 0.937114 0.149411 0.0262212 0.932678 0.140654 0.0263085 0.932042 0.158064 -0.0284232 0.933273 0.151458 -0.0451087 0.937986 0.149276 -0.028568 0.932933 0.135624 0.0448137 0.93633 0.131936 0.0264478 0.931017 0.149585 0.0446799 0.937668 0.151918 0.0446685 0.937813 0.123296 0.0266513 0.929465 0.126393 0.0449868 0.934837 0.140268 0.0447547 0.936878 0.117282 0.0452585 0.932665 0.114807 0.0269297 0.92723 0.13331 0.0448505 0.936004 0.130999 0.044891 0.93565 0.115776 -0.0477953 0.933255 0.113128 -0.0481852 0.932503 0.114636 -0.0302545 0.927692 0.124104 0.0450449 0.934362 0.0997018 0.00809242 0.918013 0.107424 -0.0116311 0.922176 0.0996882 -0.0119209 0.918184 0.115042 0.0453445 0.932003 0.101996 0.046037 0.926963 0.104112 0.045896 0.927952 0.106587 0.0272901 0.924157 0.100319 -0.0505507 0.92763 0.0986342 -0.0319474 0.920761 0.106427 -0.0310374 0.924684 0.0958556 0.0465105 0.923616 0.0987792 0.0277301 0.920152 0.0938786 0.0466838 0.922378 0.0999155 0.0461857 0.925913 0.0914999 0.0282326 0.915256 0.0863557 0.0474334 0.916886 0.0881815 0.0472395 0.918333 0.0913429 -0.0329245 0.915984 0.0863116 -0.0538981 0.919192 0.0844939 -0.0338799 0.910573 0.0724697 -0.0130486 0.896465 0.0726183 0.00875565 0.896107 0.0791802 -0.0128305 0.902043 0.0798533 -0.0554561 0.914126 0.0778494 -0.0347144 0.904873 0.0710624 -0.035343 0.899301 0.0638366 -0.0357224 0.894286 0.0652906 -0.0131851 0.891506 0.0794304 0.0482245 0.91066 0.0782432 0.0292722 0.903784 0.0777217 0.0484127 0.909077 0.067188 0.0493854 0.899847 0.0690058 0.0492438 0.901326 0.0716304 0.0297012 0.898037 0.0647838 -0.0577628 0.902028 0.0653104 0.0495098 0.898464 0.0495844 0.0085007 0.884046 0.0577188 0.00887857 0.887149 0.0496567 0.00417992 0.883923 0.0550187 0.0498706 0.892997 0.0566477 0.0301152 0.889041 0.0528474 0.0499034 0.892136 0.0472058 0.0419149 0.888146 0.0506448 0.0499243 0.891348 0.0476649 0.0378572 0.887349 0.0490417 0.0212847 0.88497 0.0487578 0.0254835 0.885456 0.0480766 0.033766 0.886635 0.0571587 0.0498259 0.893929 0.0592673 0.0497693 0.894935 0.0484409 0.0296415 0.886004 0.0494578 0.0127918 0.884262 0.0492769 0.0170531 0.88457 0.0575697 -0.0132429 0.887443 0.049642 -0.00459512 0.883943 0.0496747 -0.000170593 0.883893 0.0577199 -0.0581409 0.897617 0.056072 -0.0358791 0.890147 0.04896 -0.0224904 0.885097 0.0492158 -0.0180182 0.884657 0.0494147 -0.0135449 0.884318 0.0495568 -0.00907056 0.88408 0.05273 -0.0582217 0.895144 0.0501605 -0.0582456 0.894079 0.0482779 -0.0314316 0.88628 0.0486474 -0.0269615 0.885638 0.0473684 -0.0403684 0.887868 0.0478516 -0.0359005 0.887023 0.0468284 -0.0448352 0.888813 0.0475395 -0.0582481 0.893116 0.0462315 -0.0493009 0.88986 0.0448672 -0.0582291 0.892256 0.0455778 -0.0537655 0.891007 0.0613447 0.0497007 0.896012 0.064473 0.029991 0.892987 0.0466994 0.0459392 0.889026 0.0484108 0.0499332 0.890632 0.0461455 0.0499302 0.889989 0.0707897 0.0490918 0.902847 0.072565 0.0489363 0.904355 0.0743073 0.0487707 0.905901 0.0760166 0.0485951 0.907487 0.0654608 0.00884252 0.891142 0.071372 -0.0570098 0.907122 0.0811278 0.0480286 0.912256 0.0847299 0.0287631 0.909681 0.0828138 0.0478252 0.913864 0.0845602 0.0476275 0.915403 0.141293 -0.0109299 0.929795 0.141319 0.00755702 0.929682 0.149998 -0.010858 0.930363 0.0777189 -0.0558961 0.912404 0.0978697 0.0463422 0.924802 0.0819757 -0.0549555 0.915862 0.0857249 -0.0125499 0.907805 0.0792719 0.00862083 0.901736 0.0919388 0.0468619 0.921089 0.0900376 0.0470457 0.919746 0.0885403 -0.0533561 0.920762 0.0924755 -0.0122362 0.91331 0.0857655 0.00845312 0.907556 0.0931114 -0.0522058 0.923746 0.0924913 0.00827101 0.913108 0.110603 0.0455349 0.930559 0.108418 0.0456442 0.92975 0.106258 0.0457637 0.928881 0.112812 0.0454356 0.931307 0.107896 -0.0490555 0.930797 0.110502 -0.0486053 0.931683 0.134829 -0.0458798 0.936731 0.131773 -0.0291447 0.931359 0.140505 -0.0288004 0.932334 0.137944 0.0447818 0.936622 0.119541 0.04518 0.933278 0.115587 -0.0113841 0.925213 0.107444 0.00793157 0.922023 0.121818 0.0451091 0.933842 0.123123 -0.029624 0.929866 0.118451 -0.0474388 0.93393 0.128691 0.0449356 0.935267 0.121151 -0.0471137 0.934534 0.124028 -0.0111864 0.927383 0.115613 0.00779683 0.925072 0.129324 -0.0462967 0.936012 0.126584 -0.0465401 0.935582 0.132623 -0.0110369 0.928851 0.124056 0.00769078 0.927253 0.144921 0.0447099 0.937326 0.147252 0.044693 0.93751 0.13265 0.00761201 0.928731 0.154252 0.0446598 0.937938 0.158185 0.0261743 0.933034 0.143129 -0.0454153 0.937502 0.158925 0.0446508 0.938128 0.156588 0.044654 0.938043 0.159801 -0.0449226 0.938265 0.15702 -0.0449741 0.938189 0.154239 -0.0450364 0.938096 0.150021 0.00752154 0.930253 0.162584 -0.0448856 0.938316 0.168272 0.0446535 0.938353 0.165367 -0.0448543 0.938358 0.177623 0.0446746 0.938429 0.17996 0.0446807 0.938437 0.175285 0.044668 0.938421 0.173716 -0.0448004 0.938426 0.18453 0.026172 0.933236 0.184635 0.0446943 0.93844 0.182298 0.0446873 0.938441 0.184446 -0.0282868 0.933541 0.179282 -0.0447854 0.938441 0.17618 0.00749042 0.930747 0.187632 -0.044778 0.938445 0.193241 -0.028274 0.933559 0.193986 0.0447178 0.938441 0.200999 0.0447319 0.938444 0.201549 -0.0447717 0.938448 0.204332 -0.0447709 0.938448 0.203336 0.0447359 0.938445 0.216235 -0.0419893 0.937458 0.21449 -0.0434049 0.937952 0.21451 0.043388 0.937955 0.216262 0.0419723 0.937464 0.212687 0.044749 0.938448 0.0633731 0.0496168 0.897177 0.060136 -0.0580572 0.898995 0.0552492 -0.0581827 0.896318 0.0670002 -0.0575509 0.903712 0.0624976 -0.0579318 0.900452 0.0734963 -0.0566758 0.908882 0.0691962 -0.0572998 0.90541 0.0755998 -0.0563027 0.910656 0.0841234 -0.0544312 0.917558 0.0954636 -0.0516475 0.925121 0.0908039 -0.052777 0.922292 0.10281 -0.0500267 0.928766 0.0978619 -0.0511008 0.926416 0.105334 -0.0495288 0.929823 0.123862 -0.0468142 0.935084 0.137589 -0.0457016 0.937034 0.132074 -0.0460782 0.936391 0.145903 -0.0452959 0.937694 0.140357 -0.0455498 0.937284 0.148679 -0.0451914 0.93786 0.16815 -0.0448285 0.938392 0.182066 -0.0447816 0.938444 0.176499 -0.0447921 0.938435 0.190416 -0.0447765 0.938446 0.184849 -0.0447798 0.938445 0.193199 -0.0447751 0.938446 0.225569 -0.0323684 0.934585 0.23689 0.005701 0.930627 0.222143 -0.0475292 0.945218 0.223695 -0.0480309 0.946805 0.219718 -0.0473197 0.943631 0.220545 -0.0470272 0.943691 0.218903 -0.0465248 0.942224 0.214938 -0.0458111 0.939544 0.215482 -0.0455192 0.939468 0.217215 -0.0460221 0.940816 0.225065 -0.0490305 0.949092 0.225202 -0.0485323 0.94845 0.224091 -0.0495949 0.949813 0.218837 -0.0479551 0.94443 0.224587 -0.0493523 0.949434 0.226656 -0.0490282 0.950151 0.23396 -0.0516715 0.961387 0.233571 -0.0520435 0.961846 0.232909 -0.0512737 0.959382 0.229708 -0.0506334 0.955162 0.228034 -0.0495045 0.951894 0.2294 -0.0516905 0.958126 0.228656 -0.0511254 0.955784 0.230539 -0.0520863 0.960068 0.232453 -0.0524662 0.962346 0.233482 -0.0531299 0.966169 0.235382 -0.0535367 0.969547 0.231596 -0.0524566 0.962054 0.235976 -0.053394 0.969364 0.238001 -0.0532415 0.972221 0.23853 -0.0534518 0.974507 0.23655 -0.053174 0.969196 0.237228 -0.0542261 0.977196 0.237837 -0.0541034 0.977102 0.236159 -0.054103 0.974841 0.235634 -0.0539105 0.972627 0.238465 -0.0543458 0.985013 0.237851 -0.0544615 0.985013 0.239059 -0.0541545 0.985013 0.239607 -0.0538872 0.986174 0.239498 -0.0538432 0.988522 0.23801 -0.0532481 0.997783 0.238414 -0.0538996 0.993066 0.238536 -0.053457 0.995516 0.238957 -0.0536252 0.993224 0.235601 -0.0538962 0.997463 0.236132 -0.0540911 0.995234 0.235378 -0.053535 1.00047 0.237216 -0.0542213 0.992883 0.237824 -0.0540985 0.992978 0.233442 -0.0531116 1.00391 0.232446 -0.0524648 1.00767 0.235971 -0.0533923 1.00065 0.229295 -0.0499695 1.01638 0.227953 -0.0495017 1.01819 0.229649 -0.0506206 1.01491 0.233014 -0.0522926 1.00793 0.228602 -0.0511134 1.01429 0.229318 -0.0516612 1.01199 0.23047 -0.052058 1.01003 0.233563 -0.052042 1.00817 0.231777 -0.0508645 1.0126 0.223565 -0.0480445 1.02328 0.224922 -0.0490133 1.02103 0.225079 -0.0485314 1.02165 0.229135 -0.0509065 1.01461 0.22396 -0.0495792 1.02031 0.224013 -0.04991 1.01927 0.225437 -0.050363 1.01753 0.214228 -0.0471173 1.02848 0.213138 -0.046502 1.03008 0.212417 -0.0466655 1.02979 0.226798 -0.0508088 1.01574 0.219114 -0.0477066 1.02606 0.218676 -0.0479861 1.02563 0.22445 -0.0493354 1.02069 0.219354 -0.0484978 1.02415 0.217697 -0.0480335 1.02566 0.215988 -0.0475733 1.0271 0.22096 -0.0489663 1.02259 0.221994 -0.0475517 1.02486 0.222515 -0.049439 1.02096 0.214528 -0.0459771 1.03046 0.219536 -0.0473502 1.02644 0.21384 -0.0462726 1.0303 0.216974 -0.0460972 1.02923 0.218698 -0.0465765 1.02783 0.22037 -0.0470588 1.02637 0.215198 -0.0456206 1.03056 0.226542 -0.0490171 1.01995 0.232545 -0.0527919 1.00598 0.230566 -0.0504205 1.01452 0.236545 -0.0531723 1.00082 0.235855 -0.0524034 1.00439 0.232911 -0.051284 1.01063 0.233964 -0.0516781 1.00861 0.234977 -0.0536692 0.999652 0.234951 -0.0520544 1.00653 0.236664 -0.0527174 1.00223 0.236894 -0.0543732 0.990711 0.237108 -0.0544526 0.988454 0.237382 -0.0529984 1.00002 0.239281 -0.0537556 0.990874 0.237219 -0.0544948 0.983915 0.237113 -0.0544554 0.981639 0.236899 -0.0543761 0.979357 0.239498 -0.053842 0.981481 0.239607 -0.0538863 0.983825 0.238426 -0.0539046 0.977015 0.239285 -0.0537562 0.979151 0.238964 -0.0536274 0.976831 0.235827 -0.0523872 0.96557 0.234289 -0.0534204 0.968282 0.236644 -0.0527059 0.967747 0.237379 -0.0529963 0.969973 0.234934 -0.0520439 0.963449 0.233021 -0.0522941 0.962084 0.229191 -0.050919 0.955457 0.225569 -0.0503984 0.952612 0.231791 -0.050859 0.95743 0.230607 -0.0504266 0.955531 0.226909 -0.0508427 0.954394 0.229351 -0.0499706 0.953687 0.214388 -0.0460603 0.939658 0.219286 -0.0476766 0.944009 0.221169 -0.0489935 0.947576 0.217935 -0.048017 0.944476 0.21624 -0.04753 0.943009 0.213265 -0.0464287 0.939999 0.213829 -0.0462669 0.939809 0.214489 -0.0470403 0.941595 0.212689 -0.0465459 0.940231 0.222695 -0.049469 0.949204 0.21958 -0.0485079 0.946 0.224162 -0.0499373 0.950883 0.22818 -0.0512701 0.956228 0.232581 -0.0528067 0.964091 0.235005 -0.0536801 0.970433 0.23658 -0.0542576 0.977075 0.237217 -0.0544936 0.986188 0.236571 -0.0542539 0.992965 0.234254 -0.0534048 1.0018 0.231551 -0.0524389 1.00802 0.228097 -0.0512473 1.01389 0.222179 0.0397441 0.937458 0.223728 0.0381588 0.936957 0.219739 0.041349 0.937674 0.220584 0.0412715 0.937961 0.218942 0.0427411 0.938464 0.214968 0.0454324 0.93918 0.215517 0.0455072 0.939473 0.217253 0.0441529 0.938968 0.225073 0.0358939 0.935964 0.225229 0.0365157 0.936456 0.2241 0.0351743 0.9354 0.223147 0.0352855 0.935386 0.221785 0.0367747 0.935816 0.226677 0.0348185 0.935961 0.228052 0.0330771 0.935485 0.233975 0.0235683 0.933319 0.233574 0.0231344 0.932952 0.232921 0.0255816 0.933717 0.225727 0.0321747 0.934549 0.228655 0.0292128 0.933871 0.226942 0.0305532 0.934144 0.232458 0.0226352 0.93253 0.233025 0.0228966 0.932702 0.230243 0.025441 0.933015 0.23538 0.0154582 0.931463 0.235972 0.0156419 0.931606 0.238001 0.0127814 0.931757 0.236546 0.0158099 0.931826 0.237382 0.0150105 0.932001 0.238412 0.00807173 0.931101 0.238525 0.0105177 0.931549 0.238956 0.00821942 0.931375 0.234479 0.0161674 0.93151 0.233772 0.0180878 0.931765 0.239491 0.00356289 0.931161 0.239604 0.00119737 0.931115 0.23906 2.97582e-05 0.930845 0.237215 0.00788845 0.930779 0.235667 0.0122368 0.931078 0.238465 2.95398e-05 0.930654 0.237852 2.92895e-05 0.930539 0.236811 -0.00617625 0.930658 0.237055 -0.00413191 0.930567 0.237233 -0.00777153 0.930771 0.235403 -0.0153905 0.931454 0.235643 -0.0122458 0.931087 0.236119 -0.0102452 0.930912 0.236568 -0.015741 0.931816 0.23843 -0.00795201 0.931093 0.238022 -0.0127166 0.931745 0.233757 -0.0181017 0.931771 0.232516 -0.0225181 0.932505 0.232985 -0.0199944 0.932046 0.235082 -0.0142209 0.931292 0.233632 -0.0230154 0.932926 0.231838 -0.0274821 0.934106 0.229735 -0.0297713 0.934342 0.230628 -0.0294087 0.934549 0.22507 -0.0358724 0.935946 0.228041 -0.0330775 0.935466 0.226648 -0.0348308 0.93595 0.228686 -0.0291515 0.933851 0.230214 -0.0254475 0.933021 0.225205 -0.0365249 0.936439 0.223713 -0.0381601 0.936933 0.225701 -0.0321762 0.934544 0.226911 -0.0305553 0.934144 0.221758 -0.0367774 0.935807 0.223122 -0.0352896 0.935378 0.2241 -0.0351546 0.935383 0.214297 -0.0435509 0.938007 0.213413 -0.0450483 0.938602 0.212682 -0.0447694 0.938449 0.224594 -0.0355324 0.935625 0.21933 -0.0409311 0.937291 0.218882 -0.0405122 0.937014 0.218895 -0.0396221 0.936681 0.217399 -0.0409784 0.937124 0.215866 -0.042288 0.937566 0.22035 -0.038221 0.936241 0.222166 -0.0397377 0.937435 0.224435 -0.0337556 0.934957 0.214809 -0.0454218 0.939115 0.219762 -0.0413062 0.937646 0.217228 -0.0441529 0.938956 0.218923 -0.0427334 0.938448 0.214119 -0.0452661 0.938825 0.215482 -0.0455192 0.939468 0.22922 -0.0294768 0.934057 0.229368 -0.0312702 0.934999 0.229169 -0.0271887 0.93338 0.232124 -0.02185 0.932352 0.232968 -0.02551 0.933688 0.233084 -0.0227784 0.932677 0.23588 -0.0193283 0.932582 0.23499 -0.0214331 0.932925 0.234016 -0.0234939 0.933296 0.235995 -0.0155735 0.931597 0.237842 -0.00786562 0.930894 0.23668 -0.01718 0.932273 0.238547 -0.0104388 0.931536 0.237392 -0.0149788 0.931995 0.239502 -0.0034973 0.931154 0.237223 -0.002078 0.930504 0.239289 -0.00582534 0.93124 0.238968 -0.00814535 0.931369 0.237055 0.00412538 0.930567 0.237194 0.00206267 0.930515 0.236537 0.00821768 0.930758 0.236144 0.0102365 0.930903 0.239608 -0.00116379 0.931112 0.239276 0.00590288 0.931247 0.237824 0.007984 0.930902 0.232989 0.0199791 0.932046 0.235839 0.0193889 0.932605 0.236653 0.0172224 0.932289 0.231224 0.0236568 0.932672 0.234949 0.0215036 0.932947 0.229202 0.0271854 0.933376 0.22919 0.0295389 0.934078 0.229707 0.0298339 0.934363 0.231803 0.0275396 0.934132 0.230619 0.0294421 0.934564 0.218856 0.0405504 0.937039 0.224595 0.0355531 0.935642 0.229366 0.031285 0.93502 0.214411 0.0453193 0.93893 0.219306 0.0409718 0.937317 0.220376 0.038219 0.936251 0.218922 0.0396179 0.936691 0.213847 0.045168 0.938723 0.213277 0.0449779 0.938562 0.215891 0.0422772 0.937572 0.217428 0.0409706 0.937131 0.214316 0.0435364 0.938011 0.212687 0.044749 0.938448 0.224463 0.0337517 0.934962 0.228099 0.0288906 0.933754 0.23214 0.0218353 0.932348 0.235113 0.0142132 0.93128 0.23684 0.00617907 0.930646 0.237262 -1.29181e-05 0.93049 0.236504 -0.00821929 0.930771 0.234452 -0.0161714 0.93152 0.2312 -0.0236675 0.932677 0.228068 -0.0288916 0.933755 0.220568 -0.0412604 0.937942 0.221928 -0.0399025 1.03254 0.223498 -0.0383203 1.03303 0.21947 -0.0415014 1.03233 0.214523 -0.0455258 1.03091 0.216948 -0.0442828 1.03106 0.218654 -0.0428838 1.03155 0.220313 -0.0414236 1.03204 0.215198 -0.0456206 1.03056 0.227895 -0.033225 1.0345 0.224874 -0.0360591 1.03402 0.226495 -0.0349759 1.03402 0.225023 -0.0366771 1.03353 0.233924 -0.0236496 1.03667 0.23353 -0.0232077 1.03704 0.232857 -0.0256734 1.03627 0.225044 -0.0330129 1.03526 0.228559 -0.0293292 1.03611 0.22639 -0.0312805 1.0357 0.232418 -0.0227067 1.03746 0.23005 -0.0257733 1.03693 0.223915 -0.0353383 1.03458 0.22909 -0.0296562 1.03591 0.233072 -0.0198009 1.03799 0.235365 -0.0155018 1.03853 0.232984 -0.0229689 1.03729 0.238409 -0.00808294 1.0389 0.238516 -0.0105541 1.03845 0.23895 -0.00824678 1.03862 0.237988 -0.0128263 1.03824 0.236529 -0.0158547 1.03817 0.23949 -0.0035754 1.03884 0.239603 -0.00120323 1.03889 0.23906 -1.11474e-05 1.03915 0.23591 -0.0112727 1.03901 0.23534 -0.013454 1.0388 0.239288 0.00583775 1.03876 0.238424 0.00799553 1.0389 0.239502 0.0035039 1.03885 0.238014 0.0127497 1.03825 0.238543 0.0104642 1.03846 0.237227 0.00781396 1.03923 0.235379 0.015463 1.03854 0.235904 0.0112372 1.03901 0.236758 0.00675883 1.03932 0.237019 0.00451734 1.03942 0.233924 0.0176804 1.03829 0.232471 0.0226182 1.03747 0.233089 0.019746 1.03799 0.235972 0.0156467 1.03839 0.229323 0.0313677 1.03496 0.227991 0.0331806 1.03449 0.229668 0.0298978 1.03562 0.233039 0.0228794 1.0373 0.22498 0.0360168 1.03399 0.226593 0.0349389 1.034 0.228616 0.0292755 1.03611 0.23008 0.0257121 1.03692 0.229151 0.0296023 1.0359 0.226435 0.0312375 1.03568 0.224005 0.035295 1.03456 0.225098 0.0329721 1.03523 0.21964 0.0414619 1.03228 0.224502 0.0356751 1.03432 0.212528 0.0449005 1.03149 0.214268 0.0435912 1.03196 0.213108 0.0451265 1.03137 0.215965 0.0422356 1.03243 0.222259 0.0362763 1.03432 0.220759 0.0378466 1.03385 0.217612 0.0408263 1.03291 0.21921 0.0393633 1.03338 0.218757 0.0406608 1.03291 0.219206 0.0410836 1.03263 0.222093 0.039859 1.0325 0.223646 0.0382774 1.03301 0.223708 0.0346521 1.03478 0.21425 0.045461 1.03101 0.217124 0.0442778 1.03097 0.218831 0.0428587 1.03148 0.220486 0.0413848 1.03199 0.215365 0.0456422 1.03046 0.214811 0.0455705 1.03076 0.225145 0.0366378 1.03351 0.233588 0.023117 1.03705 0.231802 0.027567 1.03587 0.228933 0.0276064 1.03653 0.232173 0.0217703 1.03766 0.232936 0.0255881 1.03629 0.230587 0.0295004 1.03542 0.233989 0.0235649 1.03669 0.235862 0.0193849 1.03741 0.236546 0.0158148 1.03817 0.234967 0.021497 1.03706 0.235338 0.0134258 1.0388 0.236665 0.0172291 1.03772 0.237381 0.0150202 1.038 0.237178 0.00226138 1.03948 0.237852 -1.06798e-05 1.03946 0.237835 0.00790862 1.0391 0.238966 0.0081635 1.03863 0.237017 -0.00454414 1.03942 0.237213 -0.00789949 1.03922 0.238465 -1.09174e-05 1.03935 0.237178 -0.00227389 1.03948 0.236379 -0.00906755 1.03918 0.239608 0.00116425 1.03889 0.237821 -0.00799513 1.0391 0.239273 -0.00592248 1.03875 0.235957 -0.0156861 1.03839 0.23581 -0.0194535 1.03739 0.233917 -0.0177215 1.03829 0.23663 -0.0172807 1.03771 0.237364 -0.0150633 1.03799 0.229602 -0.0299524 1.03562 0.231126 -0.0238381 1.0373 0.23491 -0.0215756 1.03704 0.231722 -0.0276428 1.03586 0.227671 -0.0294971 1.03612 0.218608 -0.0407056 1.03296 0.224403 -0.0357175 1.03434 0.230517 -0.0295578 1.03542 0.229236 -0.031419 1.03496 0.220657 -0.0378914 1.0339 0.222171 -0.0363199 1.03435 0.219047 -0.0411252 1.03268 0.213125 -0.0451611 1.03143 0.213832 -0.045373 1.0312 0.212404 -0.0448869 1.03158 0.214137 -0.0436064 1.03204 0.215827 -0.0422674 1.0325 0.217474 -0.0408697 1.03296 0.219088 -0.0394094 1.03343 0.223631 -0.0346942 1.03481 0.228896 -0.0276601 1.03654 0.232134 -0.0218474 1.03765 0.234669 -0.0156093 1.03856 0.236748 -0.00681981 1.03932 0.237234 -9.03654e-06 1.0395 0.236381 0.00900755 1.03918 0.23468 0.0155735 1.03856 0.231163 0.0237646 1.0373 0.227718 0.0294481 1.03611 0.213682 0.0453133 1.03121 0.234657 -0.0464567 0.952893 0.237341 -0.0392643 0.946334 0.237341 -0.0453338 0.953669 0.230607 -0.0504266 0.955531 0.231949 -0.047534 0.952149 0.231791 -0.050859 0.95743 0.225202 -0.0485323 0.94845 0.223682 -0.0437328 0.941933 0.226462 -0.0429179 0.942736 0.229218 -0.0485659 0.951436 0.229351 -0.0499706 0.953687 0.228034 -0.0495045 0.951894 0.226656 -0.0490282 0.950151 0.229218 -0.0420636 0.943577 0.231949 -0.0411699 0.944457 0.24 -0.0409764 0.950315 0.24 -0.0393167 0.948445 0.24 -0.0440103 0.954254 0.24 -0.0425409 0.952252 0.232909 -0.0512737 0.959382 0.237341 -0.05005 0.96194 0.24 -0.0466808 0.958486 0.23396 -0.0516715 0.961387 0.234934 -0.0520439 0.963449 0.24 -0.0478596 0.960676 0.24 -0.0489353 0.96292 0.24 -0.049912 0.96523 0.236644 -0.0527059 0.967747 0.235827 -0.0523872 0.96557 0.215198 -0.0456206 1.03056 0.216974 -0.0460972 1.02923 0.216948 -0.0442828 1.03106 0.237379 -0.0529963 0.969973 0.24 -0.05153 0.969937 0.24 -0.0521737 0.97235 0.23853 -0.0534518 0.974507 0.238001 -0.0532415 0.972221 0.218698 -0.0465765 1.02783 0.24 -0.0527064 0.974796 0.238964 -0.0536274 0.976831 0.24 -0.0531237 0.977252 0.239285 -0.0537562 0.979151 0.22037 -0.0470588 1.02637 0.218654 -0.0428838 1.03155 0.220878 -0.0444439 1.0289 0.239607 -0.0538872 0.986174 0.239607 -0.0538863 0.983825 0.24 -0.0536845 0.984713 0.239498 -0.0538432 0.988522 0.24 -0.0534822 0.989679 0.239281 -0.0537556 0.990874 0.24 -0.0536409 0.987201 0.24 -0.0523109 0.997074 0.23801 -0.0532481 0.997783 0.238536 -0.053457 0.995516 0.220313 -0.0414236 1.03204 0.221994 -0.0475517 1.02486 0.223565 -0.0480445 1.02328 0.223682 -0.0436696 1.02813 0.237382 -0.0529984 1.00002 0.24 -0.0509606 1.00188 0.221928 -0.0399025 1.03254 0.237341 -0.0500162 1.00813 0.24 -0.0501225 1.00423 0.24 -0.0491795 1.00653 0.223498 -0.0383203 1.03303 0.225023 -0.0366771 1.03353 0.226462 -0.0428559 1.02733 0.225079 -0.0485314 1.02165 0.226542 -0.0490171 1.01995 0.237341 -0.0319569 1.02989 0.234657 -0.0327485 1.03101 0.237341 -0.0392076 1.02372 0.229218 -0.0485166 1.01864 0.229218 -0.0420029 1.02648 0.227953 -0.0495017 1.01819 0.231949 -0.0335079 1.03207 0.230517 -0.0295578 1.03542 0.229218 -0.0342353 1.0331 0.227895 -0.033225 1.0345 0.226495 -0.0349759 1.03402 0.229236 -0.031419 1.03496 0.231949 -0.0411105 1.0256 0.232857 -0.0256734 1.03627 0.231722 -0.0276428 1.03586 0.234657 -0.0243407 1.03596 0.237341 -0.0237523 1.03472 0.24 -0.034305 1.0263 0.24 -0.0323571 1.02784 0.23491 -0.0215756 1.03704 0.23581 -0.0194535 1.03739 0.24 -0.0282322 1.03066 0.24 -0.023885 1.03308 0.24 -0.0216176 1.03414 0.24 -0.0193064 1.03509 0.23663 -0.0172807 1.03771 0.24 -0.016964 1.03594 0.237364 -0.0150633 1.03799 0.237988 -0.0128263 1.03824 0.24 -0.0145906 1.03667 0.238516 -0.0105541 1.03845 0.217124 0.0442778 1.03097 0.217163 0.046124 1.0291 0.215365 0.0456422 1.03046 0.24 -0.0121602 1.03729 0.24 -0.00971618 1.0378 0.24 -0.0072607 1.03819 0.23895 -0.00824678 1.03862 0.218831 0.0428587 1.03148 0.218896 0.0466053 1.02769 0.24 -0.00478594 1.03847 0.239273 -0.00592248 1.03875 0.220486 0.0413848 1.03199 0.220878 0.043274 1.03005 0.23949 -0.0035754 1.03884 0.24 0.000208108 1.03869 0.239608 0.00116425 1.03889 0.239603 -0.00120323 1.03889 0.24 0.00766853 1.03813 0.239288 0.00583775 1.03876 0.24 0.00518417 1.03843 0.24 0.00269243 1.03862 0.239502 0.0035039 1.03885 0.222148 0.0475682 1.02475 0.220565 0.0470864 1.02623 0.24 0.0173567 1.0358 0.237381 0.0150202 1.038 0.24 0.0149741 1.03655 0.238543 0.0104642 1.03846 0.24 0.0125527 1.0372 0.238014 0.0127497 1.03825 0.223682 0.0425201 1.02926 0.222093 0.039859 1.0325 0.223646 0.0382774 1.03301 0.226462 0.0417278 1.02844 0.225145 0.0366378 1.03351 0.24 0.0242466 1.0329 0.24 0.0264462 1.03172 0.237341 0.0307651 1.03072 0.223682 0.0480493 1.0232 0.22517 0.0485294 1.02159 0.24 0.0326824 1.02759 0.24 0.0306605 1.02907 0.226593 0.0349389 1.034 0.237341 0.0444464 1.01758 0.234657 0.0455473 1.01838 0.237341 0.0381755 1.02474 0.24 0.03828 1.02264 0.24 0.0399913 1.02082 0.226644 0.0490239 1.01987 0.229218 0.0408972 1.02757 0.229218 0.0476152 1.0199 0.231949 0.0466035 1.01916 0.230624 0.0504208 1.01448 0.229218 0.0329585 1.03398 0.231949 0.0322582 1.03294 0.228053 0.0495076 1.0181 0.231949 0.0400283 1.02667 0.229383 0.049973 1.01629 0.232896 0.0512605 1.01069 0.231792 0.0508501 1.01262 0.234657 0.0506138 1.01005 0.233957 0.0516618 1.00865 0.234951 0.0520427 1.00655 0.24 0.0459218 1.01281 0.24 0.0445787 1.01491 0.237341 0.0493904 1.00944 0.235849 0.0523895 1.00442 0.24 0.0471613 1.01065 0.24 0.0482992 1.00844 0.236652 0.0527038 1.00229 0.24 0.0493401 1.00616 0.237359 0.0529845 1.00014 0.24 0.05027 1.00384 0.24 0.0517999 0.999103 0.237972 0.0532283 0.997948 0.24 0.051089 1.0015 0.238933 0.0536116 0.993397 0.238496 0.0534371 0.995701 0.24 0.0524007 0.996673 0.24 0.0528865 0.99423 0.239263 0.0537438 0.991087 0.24 0.0532574 0.991773 0.24 0.0535134 0.989304 0.239487 0.0538339 0.988771 0.239605 0.0538819 0.986451 0.24 0.0536807 0.984326 0.239617 0.0538877 0.984125 0.24 0.0536545 0.986821 0.24 0.053592 0.981817 0.239522 0.0538514 0.981794 0.220545 -0.0470272 0.943691 0.218903 -0.0465248 0.942224 0.220878 -0.0445082 0.94117 0.225205 -0.0365249 0.936439 0.226648 -0.0348308 0.93595 0.234657 -0.0402368 0.945376 0.222143 -0.0475292 0.945218 0.237341 -0.0320227 0.940152 0.222166 -0.0397377 0.937435 0.223713 -0.0381601 0.936933 0.24 -0.0187693 0.934703 0.237341 -0.0238252 0.93531 0.237392 -0.0149788 0.931995 0.24 -0.0164087 0.933884 0.238022 -0.0127166 0.931745 0.24 -0.0140062 0.933173 0.239289 -0.00582534 0.93124 0.239502 -0.0034973 0.931154 0.24 -0.00418948 0.931477 0.24 -0.0066751 0.931731 0.24 -0.00915012 0.9321 0.238968 -0.00814535 0.931369 0.220568 -0.0412604 0.937942 0.218923 -0.0427334 0.938448 0.239608 -0.00116379 0.931112 0.24 -0.00170799 0.931342 0.239491 0.00356289 0.931161 0.239276 0.00590288 0.931247 0.24 0.00577165 0.931625 0.24 0.0106944 0.932391 0.24 0.00823719 0.93195 0.238956 0.00821942 0.931375 0.238525 0.0105177 0.931549 0.24 0.0131413 0.932947 0.217228 -0.0441529 0.938956 0.24 0.0178992 0.934387 0.24 0.0155343 0.933611 0.238001 0.0127814 0.931757 0.24 0.0202362 0.935275 0.237382 0.0150105 0.932001 0.237341 0.0223625 0.934635 0.236653 0.0172224 0.932289 0.235839 0.0193889 0.932605 0.24 0.0225323 0.936271 0.237341 0.030698 0.939236 0.24 0.0331379 0.942762 0.24 0.0311476 0.941273 0.24 0.0269454 0.938567 0.24 -0.0361859 1.02466 0.24 -0.00228468 1.03864 0.233924 -0.0236496 1.03667 0.238966 0.0081635 1.03863 0.24 0.0101247 1.03772 0.24 0.0219824 1.03398 0.237341 0.0224363 1.03533 0.24 0.0196922 1.03494 0.24 0.0364859 1.02438 0.24 0.0346242 1.02603 0.24 -0.0260835 1.03192 0.234657 0.0391211 1.02573 0.235862 0.0193849 1.03741 0.236665 0.0172291 1.03772 0.24 0.0285812 1.03045 0.234657 0.0315271 1.03185 0.231949 -0.0474858 1.01792 0.24 -0.0379997 1.02292 0.234657 -0.0401787 1.02468 0.237341 -0.0452878 1.0164 0.24 -0.0534259 0.979717 0.239498 -0.053842 0.981481 0.24 -0.0507769 0.967569 0.223695 -0.0480309 0.946805 0.24 0.00329006 0.931415 0.239604 0.00119737 0.931115 0.234949 0.0215036 0.932947 0.233975 0.0235683 0.933319 0.234657 0.0314584 0.938102 0.237341 0.0381172 0.945203 0.24 0.0350638 0.944348 0.230619 0.0294421 0.934564 0.229366 0.031285 0.93502 0.231949 0.0321879 0.937014 0.24 -0.0536128 0.982215 0.238957 -0.0536252 0.993224 0.24 -0.0532035 0.992174 0.24 -0.0528131 0.994639 0.24 -0.0469618 1.01101 0.24 -0.0413454 1.01924 0.24 -0.0397152 1.02112 0.24 -0.0457058 1.01316 0.24 -0.0443547 1.01525 0.24 -0.0428933 1.01728 0.236664 -0.0527174 1.00223 0.235855 -0.0524034 1.00439 0.24 -0.0481228 1.0088 0.234657 -0.0464095 1.01717 0.24 -0.0516936 0.999489 0.229218 -0.0343058 0.936955 0.231949 -0.0335769 0.937976 0.217215 -0.0460221 0.940816 0.215482 -0.0455192 0.939468 0.232921 0.0255816 0.933717 0.24 0.0369252 0.946029 0.231949 0.0399672 0.943271 0.229218 0.0408348 0.942365 0.226462 0.0416641 0.941499 0.226677 0.0348185 0.935961 0.225229 0.0365157 0.936456 0.227279 0.0492042 0.950865 0.229218 0.047564 0.95003 0.24 0.0485587 0.962103 0.237341 0.0493546 0.960487 0.24 0.0495656 0.964375 0.231803 0.0275396 0.934132 0.223728 0.0381588 0.936957 0.223682 0.0424552 0.940673 0.24 0.000785189 0.931321 0.24 -0.0115938 0.932581 0.238547 -0.0104388 0.931536 0.23668 -0.01718 0.932273 0.24 0.0247623 0.937366 0.24 -0.035757 0.944955 0.24 -0.037572 0.946652 0.24 -0.0338596 0.943339 0.24 -0.0277412 0.939037 0.24 -0.0298398 0.94037 0.24 -0.0318798 0.941805 0.234657 -0.0328159 0.939042 0.24 -0.0255754 0.937799 0.24 -0.0210799 0.935626 0.24 -0.0233423 0.936654 0.228052 0.0330771 0.935485 0.24 0.0403724 0.949614 0.24 0.0386904 0.947781 0.22431 0.0481866 0.947394 0.234657 0.0390613 0.944217 0.237341 0.0443986 0.952358 0.222179 0.0397441 0.937458 0.237274 0.0529339 0.969554 0.24 0.0504689 0.966698 0.220878 0.043208 0.939888 0.21927 0.0466003 0.94251 0.221028 0.0471362 0.944095 0.220584 0.0412715 0.937961 0.218942 0.0427411 0.938464 0.217432 0.0460573 0.94097 0.217253 0.0441529 0.938968 0.215517 0.0455072 0.939473 0.222708 0.0476649 0.945722 0.238466 0.0534145 0.974122 0.24 0.0519531 0.971469 0.23792 0.0531945 0.971824 0.24 0.0462167 0.957685 0.24 0.0529823 0.976342 0.238907 0.053596 0.976445 0.239246 0.0537392 0.978793 0.24 0.0449011 0.955571 0.24 0.0434923 0.953525 0.24 0.0419745 0.95153 0.235665 0.0523019 0.965079 0.236523 0.0526358 0.967307 0.234657 0.0454983 0.951549 0.24 0.0474391 0.959867 0.24 0.0525231 0.973889 0.24 0.0512686 0.969073 0.24 0.0533306 0.978828 0.24 0.0416094 1.01892 0.24 0.0431341 1.01696 0.227991 0.0331806 1.03449 0.230587 0.0295004 1.03542 0.231802 0.027567 1.03587 0.232936 0.0255881 1.03629 0.229323 0.0313677 1.03496 0.233989 0.0235649 1.03669 0.234967 0.021497 1.03706 0.24 -0.030331 1.0293 0.230566 -0.0504205 1.01452 0.231777 -0.0508645 1.0126 0.232911 -0.051284 1.01063 0.229295 -0.0499695 1.01638 0.233964 -0.0516781 1.00861 0.234657 -0.051255 1.00871 0.234951 -0.0520544 1.00653 0.24 -0.0453971 0.956344 0.230628 -0.0294087 0.934549 0.231838 -0.0274821 0.934106 0.232968 -0.02551 0.933688 0.228041 -0.0330775 0.935466 0.229368 -0.0312702 0.934999 0.234016 -0.0234939 0.933296 0.234657 -0.0244153 0.934079 0.23499 -0.0214331 0.932925 0.23588 -0.0193283 0.932582 0.24 0.0290815 0.939873 0.231949 0.0465534 0.950773 0.225833 0.0487012 0.949109 0.228651 0.0496863 0.952658 0.229947 0.050154 0.954491 0.232379 0.0510549 0.958415 0.231166 0.0506072 0.956363 0.233546 0.0514923 0.96057 0.234657 0.050577 0.95988 0.234669 0.0519193 0.962829 0.0774218 0.057 1.00639 0.0790481 0.057 1.00448 0.079015 0.0565 1.00452 0.0773788 0.0565 1.00644 0.0757259 0.057 1.00824 0.0756723 0.0565 1.00829 0.0739605 0.057 1.01003 0.0721256 0.057 1.01176 0.0738956 0.0565 1.01009 0.0720487 0.0565 1.01183 0.0805811 0.0565 1.00255 0.0820769 0.0565 1.00052 0.0806048 0.057 1.00252 0.082092 0.057 1.0005 0.0835025 0.0565 0.998436 0.0835097 0.057 0.998425 0.0848579 0.0565 0.996291 0.0848579 0.057 0.996291 0.0902967 0.057 0.985226 0.0894302 0.0565 0.987363 0.0894188 0.057 0.98739 0.0903106 0.0565 0.985189 0.0911033 0.057 0.98303 0.0911192 0.0565 0.982984 0.088478 0.0565 0.989505 0.0874538 0.0565 0.991615 0.0884698 0.057 0.989523 0.0863579 0.0565 0.993693 0.0874494 0.057 0.991624 0.0863579 0.057 0.993693 0.0916994 0.057 1.00024 0.0848579 0.057 0.996291 0.0835097 0.057 0.998425 0.0739605 0.057 1.01003 0.0745437 0.057 1.01093 0.0769053 0.057 1.00999 0.0721256 0.057 1.01176 0.0792102 0.057 1.00893 0.0757259 0.057 1.00824 0.0814752 0.057 1.00775 0.0774218 0.057 1.00639 0.0790481 0.057 1.00448 0.0836669 0.057 1.00646 0.0806048 0.057 1.00252 0.082092 0.057 1.0005 0.0857852 0.057 1.00506 0.08783 0.057 1.00356 0.0898014 0.057 1.00195 0.0916994 0.057 1.00024 0.0898014 0.057 1.00195 0.0917389 0.0565 1.00026 0.0939203 0.0565 0.998059 0.0938555 0.0533327 0.998533 0.0954754 0.053366 0.996729 0.0953618 0.057 0.996374 0.0782158 0.0529789 1.00979 0.0769053 0.057 1.00999 0.0759965 0.0529468 1.01075 0.0792102 0.057 1.00893 0.0803963 0.0530187 1.00872 0.0865826 0.0531558 1.00491 0.0857852 0.057 1.00506 0.0845814 0.0531069 1.00628 0.0737265 0.0529194 1.0116 0.0745437 0.057 1.01093 0.0721256 0.057 1.01176 0.0690836 0.0528831 1.01298 0.0694663 0.0565 1.01256 0.0668525 0.0565 1.01315 0.0720487 0.0565 1.01183 0.0714121 0.0528974 1.01235 0.064207 0.0565 1.0136 0.0667231 0.052875 1.0135 0.0643305 0.0528732 1.01391 0.0825218 0.0530622 1.00755 0.0814752 0.057 1.00775 0.0836669 0.057 1.00646 0.08783 0.057 1.00356 0.0885198 0.0532066 1.00344 0.0903777 0.053253 1.00189 0.0921562 0.053295 1.00025 0.0970161 0.0533948 0.99484 0.0967671 0.057 0.994647 0.0938814 0.057 0.998037 0.24 0.053592 0.981817 0.24 0.0536807 0.984326 0.24 0.0534272 0.981831 0.24 -0.0338596 0.943339 0.24 -0.0320245 0.946603 0.24 -0.035757 0.944955 0.24 0.00952879 1.03408 0.24 0.0125527 1.0372 0.24 0.0101247 1.03772 0.24 -0.0534259 0.979717 0.24 -0.0497086 0.97961 0.24 -0.0499087 0.981991 0.24 -0.0478596 0.960676 0.24 -0.0466808 0.958486 0.24 -0.0440731 0.961389 0.24 -0.0397152 1.02112 0.24 -0.0364043 1.01927 0.24 -0.0379997 1.02292 0.24 -0.0481135 0.998603 0.24 -0.0509606 1.00188 0.24 -0.0516936 0.999489 0.24 0.00241129 1.03494 0.24 0.00269243 1.03862 0.24 0.000208108 1.03869 0.24 -0.0251788 1.0282 0.24 -0.0230787 1.02935 0.24 -0.0260835 1.03192 0.24 0.0416094 1.01892 0.24 0.0395067 1.01565 0.24 0.0431341 1.01696 0.24 0.0272035 1.02695 0.24 0.0306605 1.02907 0.24 0.0285812 1.03045 0.24 0.0524007 0.996673 0.24 0.0517999 0.999103 0.24 0.0487058 0.996299 0.24 0.0482992 1.00844 0.24 0.044624 1.00755 0.24 0.0456548 1.00538 0.24 0.0535134 0.989304 0.24 0.0499676 0.9868 0.24 0.0536545 0.986821 0.24 0.0532574 0.991773 0.24 0.0528865 0.99423 0.24 0.0495628 0.99159 0.24 0.0498216 0.989205 0.24 0.0499961 0.984412 0.24 0.0527002 0.981714 0.24 0.0529349 0.981793 0.24 0.0531794 0.981833 0.24 0.0531657 0.978843 0.24 0.0529215 0.978885 0.24 0.0529823 0.976342 0.24 0.051089 1.0015 0.24 0.047398 1.00092 0.24 0.0481051 0.99863 0.24 0.0493401 1.00616 0.24 0.0465844 1.00316 0.24 0.05027 1.00384 0.24 0.0459218 1.01281 0.24 0.0422645 1.01171 0.24 0.0434954 1.00966 0.24 0.0471613 1.01065 0.24 0.0409287 1.01372 0.24 0.0445787 1.01491 0.24 0.0399913 1.02082 0.24 0.03828 1.02264 0.24 0.0363903 1.01929 0.24 0.0379986 1.0175 0.24 0.0329415 1.02261 0.24 0.0364859 1.02438 0.24 0.0346242 1.02603 0.24 0.0347019 1.021 0.24 0.0326824 1.02759 0.24 0.029182 1.0256 0.24 0.0311045 1.02415 0.24 0.0264462 1.03172 0.24 0.0251691 1.0282 0.24 0.0209048 1.03042 0.24 0.0242466 1.0329 0.24 0.0219824 1.03398 0.24 0.0230626 1.02936 0.24 0.0196922 1.03494 0.24 0.0173567 1.0358 0.24 0.0164718 1.03221 0.24 0.0187087 1.03137 0.24 0.0118625 1.03357 0.24 0.0149741 1.03655 0.24 0.0141768 1.03295 0.24 0.00766853 1.03813 0.24 0.00717568 1.03448 0.24 0.00518417 1.03843 0.24 0.00480318 1.03477 0.24 -1.22465e-17 1.035 0.24 -0.00228468 1.03864 0.24 -0.0118911 1.03356 0.24 -0.00954212 1.03408 0.24 -0.0121602 1.03729 0.24 -0.00971618 1.0378 0.24 -0.00717568 1.03448 0.24 -0.0072607 1.03819 0.24 -0.0193064 1.03509 0.24 -0.0187301 1.03136 0.24 -0.0164744 1.03221 0.24 -0.0145906 1.03667 0.24 -0.016964 1.03594 0.24 -0.0142019 1.03294 0.24 -0.0272276 1.02693 0.24 -0.0282322 1.03066 0.24 -0.030331 1.0293 0.24 -0.023885 1.03308 0.24 -0.0209324 1.03041 0.24 -0.0216176 1.03414 0.24 -0.0323571 1.02784 0.24 -0.034305 1.0263 0.24 -0.0311089 1.02414 0.24 -0.0292043 1.02558 0.24 -0.0347239 1.02097 0.24 -0.0361859 1.02466 0.24 -0.0329574 1.0226 0.24 -0.0413454 1.01924 0.24 -0.0380042 1.01749 0.24 -0.0395236 1.01562 0.24 -0.0428933 1.01728 0.24 -0.0457058 1.01316 0.24 -0.0422692 1.01171 0.24 -0.0443547 1.01525 0.24 -0.0481228 1.0088 0.24 -0.0491795 1.00653 0.24 -0.0456643 1.00537 0.24 -0.0446377 1.00752 0.24 -0.0469618 1.01101 0.24 -0.0435047 1.00964 0.24 -0.0465864 1.00316 0.24 -0.0501225 1.00423 0.24 -0.0409452 1.0137 0.24 -0.0487088 0.996289 0.24 -0.0523109 0.997074 0.24 -0.047406 1.00089 0.24 -0.0495667 0.99156 0.24 -0.0491943 0.993933 0.24 -0.0532035 0.992174 0.24 -0.0528131 0.994639 0.24 -0.0534822 0.989679 0.24 -0.0498245 0.989182 0.24 -0.0536845 0.984713 0.24 -0.0499949 0.984386 0.24 -0.0499674 0.986795 0.24 -0.0536409 0.987201 0.24 -0.0493911 0.977227 0.24 -0.0531237 0.977252 0.24 -0.0536128 0.982215 0.24 -0.0484203 0.972533 0.24 -0.0489606 0.974863 0.24 -0.0521737 0.97235 0.24 -0.0527064 0.974796 0.24 -0.0477697 0.970234 0.24 -0.0507769 0.967569 0.24 -0.0470012 0.967948 0.24 -0.05153 0.969937 0.24 -0.0461303 0.965715 0.24 -0.049912 0.96523 0.24 -0.0489353 0.96292 0.24 -0.042887 0.959298 0.24 -0.0453971 0.956344 0.24 -0.0451569 0.963533 0.24 -0.0440103 0.954254 0.24 -0.0425409 0.952252 0.24 -0.0402382 0.95532 0.24 -0.0416087 0.957275 0.24 -0.0372004 0.951593 0.24 -0.0409764 0.950315 0.24 -0.0393167 0.948445 0.24 -0.0387593 0.953415 0.24 -0.0338342 0.948188 0.24 -0.037572 0.946652 0.24 -0.0355621 0.949853 0.24 -0.0318798 0.941805 0.24 -0.0301504 0.945114 0.24 0.0522856 0.981445 0.24 0.0524818 0.981597 0.24 0.0499099 0.98202 0.24 -0.0282121 0.94372 0.24 -0.0298398 0.94037 0.24 -0.0241163 0.941201 0.24 -0.0277412 0.939037 0.24 -0.0255754 0.937799 0.24 -0.0261895 0.942409 0.24 -0.0210799 0.935626 0.24 -0.0198177 0.939096 0.24 -0.0233423 0.936654 0.24 -0.0219958 0.940098 0.24 -0.0153251 0.937407 0.24 -0.0187693 0.934703 0.24 -0.0164087 0.933884 0.24 -0.0175859 0.938196 0.24 -0.0115938 0.932581 0.24 -0.0106955 0.936159 0.24 -0.0130353 0.936729 0.24 -0.0140062 0.933173 0.24 -0.00597304 0.935358 0.24 -0.00833913 0.935701 0.24 -0.0066751 0.931731 0.24 -0.00915012 0.9321 0.24 -0.00358862 0.93513 0.24 -0.00170799 0.931342 0.24 -0.00118361 0.935015 0.24 -0.00418948 0.931477 0.24 0.00329006 0.931415 0.24 0.00359722 0.93513 0.24 0.00121167 0.935015 0.24 0.000785189 0.931321 0.24 0.00599272 0.935362 0.24 0.00823719 0.93195 0.24 0.00836917 0.935706 0.24 0.00577165 0.931625 0.24 0.0107167 0.936162 0.24 0.0131413 0.932947 0.24 0.0130412 0.936731 0.24 0.0106944 0.932391 0.24 0.0178992 0.934387 0.24 0.0153507 0.937416 0.24 0.0155343 0.933611 0.24 0.019828 0.9391 0.24 0.0202362 0.935275 0.24 0.0225323 0.936271 0.24 0.017613 0.938206 0.24 0.0269454 0.938567 0.24 0.0241428 0.941216 0.24 0.0247623 0.937366 0.24 0.0220117 0.940107 0.24 0.0290815 0.939873 0.24 0.0311476 0.941273 0.24 0.0282149 0.943722 0.24 0.0262096 0.94242 0.24 0.0301708 0.94513 0.24 0.0331379 0.942762 0.24 0.0350638 0.944348 0.24 0.0369252 0.946029 0.24 0.0338444 0.948196 0.24 0.0320473 0.946622 0.24 0.0386904 0.947781 0.24 0.0403724 0.949614 0.24 0.0372203 0.951615 0.24 0.035573 0.949865 0.24 0.0419745 0.95153 0.24 0.0434923 0.953525 0.24 0.0402387 0.955321 0.24 0.0387754 0.953434 0.24 0.0429027 0.959324 0.24 0.0449011 0.955571 0.24 0.0462167 0.957685 0.24 0.0416219 0.957296 0.24 0.0451623 0.963546 0.24 0.0474391 0.959867 0.24 0.0485587 0.962103 0.24 0.044081 0.961402 0.24 0.0461414 0.965742 0.24 0.0504689 0.966698 0.24 0.0470107 0.967972 0.24 0.052117 0.981264 0.24 0.0477704 0.970236 0.24 0.0519531 0.971469 0.24 0.0484254 0.972556 0.24 0.0518799 0.980831 0.24 0.0519805 0.981057 0.24 0.051818 0.980591 0.24 0.0497091 0.979622 0.24 0.0493947 0.977244 0.24 0.0489669 0.974893 0.24 0.0518158 0.980097 0.24 0.0517964 0.980344 0.24 0.0524702 0.979085 0.24 0.0518755 0.979857 0.24 0.0519739 0.979629 0.24 0.0521085 0.979421 0.24 0.0522754 0.979238 0.24 0.0526876 0.978966 0.24 0.0533306 0.978828 0.24 -0.00480318 1.03477 0.24 -0.00241129 1.03494 0.24 -0.00478594 1.03847 0.24 0.0491919 0.993952 0.24 0.0495656 0.964375 0.24 0.0512686 0.969073 0.24 0.0525231 0.973889 0.235614 0.0528093 1.00348 0.232563 0.0516587 1.01013 0.234951 0.0520427 1.00655 0.230624 0.0504208 1.01448 0.22876 0.0502862 1.01623 0.229383 0.049973 1.01629 0.231459 0.0521009 1.00959 0.235046 0.0530396 1.00329 0.234458 0.0531917 1.00307 0.237972 0.0532283 0.997948 0.237757 0.0536402 0.996439 0.237359 0.0529845 1.00014 0.23243 0.0527471 1.00624 0.238496 0.0534371 0.995701 0.238933 0.0536116 0.993397 0.233342 0.053074 1.00416 0.236567 0.0539768 0.996181 0.236531 0.0542398 0.99319 0.236086 0.054075 0.995469 0.234907 0.0536427 0.99989 0.235545 0.0538761 0.997701 0.237746 0.0544195 0.981745 0.23712 0.0544579 0.981741 0.23722 0.0544951 0.984039 0.238303 0.0542831 0.989007 0.23769 0.0544005 0.988959 0.237171 0.053847 0.996315 0.237211 0.0544919 0.986332 0.236652 0.0527038 1.00229 0.237094 0.0544483 0.988622 0.239263 0.0537438 0.991087 0.238898 0.0540898 0.989051 0.236867 0.0543642 0.990908 0.238954 0.0541142 0.981771 0.238361 0.0543039 0.981755 0.239617 0.0538877 0.984125 0.239522 0.0538514 0.981794 0.230349 0.0520098 1.01027 0.229207 0.0516141 1.0122 0.239605 0.0538819 0.986451 0.227723 0.0507949 1.01559 0.232021 0.0519195 1.00987 0.235849 0.0523895 1.00442 0.233957 0.0516618 1.00865 0.231792 0.0508501 1.01262 0.232896 0.0512605 1.01069 0.226704 0.050764 1.0159 0.225363 0.0503255 1.01765 0.223353 0.0493639 1.02101 0.22825 0.0505803 1.01593 0.223958 0.0498745 1.01936 0.22384 0.0491152 1.0214 0.218386 0.0478841 1.0259 0.224309 0.0487873 1.02175 0.228053 0.0495076 1.0181 0.222148 0.0475682 1.02475 0.219245 0.0472418 1.02672 0.220966 0.0489553 1.0226 0.219381 0.0484917 1.02414 0.218824 0.047602 1.02633 0.213287 0.046533 1.02997 0.213996 0.046301 1.03019 0.217738 0.0480252 1.02562 0.21606 0.0475756 1.02704 0.226644 0.0490239 1.01987 0.214336 0.0471319 1.02839 0.214689 0.0460035 1.03036 0.217163 0.046124 1.0291 0.212551 0.0466943 1.02968 0.223682 0.0480493 1.0232 0.220565 0.0470864 1.02623 0.218896 0.0466053 1.02769 0.215365 0.0456422 1.03046 0.22517 0.0485294 1.02159 0.222491 0.049414 1.021 0.227989 0.0511969 1.01408 0.231428 0.0523897 1.00828 0.234169 0.0533732 1.00205 0.239487 0.0538339 0.988771 0.232059 0.0526089 0.962991 0.233009 0.0526585 0.963497 0.230988 0.0522254 0.960897 0.229167 0.0512835 0.956536 0.22971 0.0510815 0.956215 0.224488 0.0496951 0.950242 0.236427 0.053562 0.97083 0.235828 0.0536998 0.970997 0.233521 0.0514932 0.960472 0.232388 0.0510653 0.958394 0.230235 0.0507994 0.955926 0.234142 0.0522464 0.963019 0.23553 0.0522655 0.964777 0.234565 0.0518909 0.962599 0.235387 0.053817 0.971749 0.235966 0.0540295 0.974038 0.238671 0.0540033 0.97877 0.239246 0.0537392 0.978793 0.238879 0.0535893 0.976346 0.236402 0.0526069 0.967003 0.23807 0.0541942 0.978753 0.233912 0.0532761 0.96729 0.237006 0.0533467 0.970677 0.238411 0.0534011 0.973944 0.237842 0.0531746 0.971586 0.237452 0.0543092 0.978743 0.237172 0.0529099 0.969272 0.236444 0.0542063 0.976369 0.236822 0.0543474 0.97874 0.231166 0.0506073 0.956363 0.233585 0.052492 0.963247 0.228534 0.0496565 0.952498 0.229888 0.0501417 0.954402 0.229841 0.0518227 0.958858 0.225475 0.0491345 0.949524 0.227107 0.0491515 0.950651 0.227298 0.0509443 0.954931 0.22862 0.0514008 0.956875 0.22 0.0473724 0.943851 0.219563 0.0477299 0.944231 0.224991 0.0494549 0.949864 0.225924 0.0504817 0.953057 0.220824 0.0470761 0.943907 0.222483 0.0476036 0.9455 0.214409 0.0460373 0.93968 0.219112 0.0465543 0.94237 0.214129 0.0461619 0.93974 0.215245 0.045656 0.939507 0.225622 0.0486411 0.948869 0.224083 0.0481269 0.947153 0.214967 0.0457874 0.939559 0.214688 0.0459124 0.939619 0.217343 0.0460314 0.940892 0.224496 0.0500129 0.951253 0.221519 0.0490587 0.9479 0.223039 0.0495391 0.949547 0.215517 0.0455072 0.939473 0.219109 0.0480079 0.944655 0.218231 0.0480756 0.944723 0.219916 0.0485708 0.946292 0.212992 0.0464926 0.940122 0.216465 0.047573 0.943194 0.214616 0.0470629 0.941704 0.212709 0.046542 0.940243 0.212685 0.0465455 0.940253 0.233035 0.0529597 0.965123 0.234698 0.0535632 0.969499 0.213562 0.0463557 0.939908 0.213277 0.0464263 0.940013 0.213846 0.0462667 0.939817 0.0811893 0.014108 1.0385 0.0809004 0.0142859 1.0385 0.078254 0.0115246 1.0385 0.0784439 0.0137564 1.0385 0.078254 0.0134754 1.0385 0.0789514 0.0142031 1.0385 0.0786787 0.0140013 1.0385 0.0781142 0.0131663 1.0385 0.0792543 0.0143558 1.0385 0.0795786 0.0144551 1.0385 0.0780288 0.012838 1.0385 0.078 0.0125 1.0385 0.0799151 0.0144982 1.0385 0.0805857 0.0144123 1.0385 0.0780288 0.012162 1.0385 0.0781142 0.0118337 1.0385 0.080254 0.0144838 1.0385 0.081657 0.0136199 1.0385 0.0789514 0.0107969 1.0385 0.0818225 0.0133238 1.0385 0.0786787 0.0109987 1.0385 0.0814439 0.0138839 1.0385 0.0784439 0.0112436 1.0385 0.0819355 0.013004 1.0385 0.0792543 0.0106442 1.0385 0.0795786 0.0105449 1.0385 0.0819355 0.011996 1.0385 0.080254 0.0105162 1.0385 0.0805857 0.0105877 1.0385 0.0819928 0.0123304 1.0385 0.0819928 0.0126696 1.0385 0.0799151 0.0105018 1.0385 0.081657 0.0113801 1.0385 0.0811893 0.010892 1.0385 0.0814439 0.0111161 1.0385 0.0809004 0.0107141 1.0385 0.0818225 0.0116762 1.0385 0.0811893 -0.010892 1.0385 0.0809004 -0.0107141 1.0385 0.078254 -0.0134754 1.0385 0.0784439 -0.0112436 1.0385 0.078254 -0.0115246 1.0385 0.0789514 -0.0107969 1.0385 0.0786787 -0.0109987 1.0385 0.0781142 -0.0118337 1.0385 0.0792543 -0.0106442 1.0385 0.0795786 -0.0105449 1.0385 0.0780288 -0.012162 1.0385 0.078 -0.0125 1.0385 0.0799151 -0.0105018 1.0385 0.0805857 -0.0105877 1.0385 0.0780288 -0.012838 1.0385 0.0781142 -0.0131663 1.0385 0.080254 -0.0105162 1.0385 0.081657 -0.0113801 1.0385 0.0789514 -0.0142031 1.0385 0.0818225 -0.0116762 1.0385 0.0786787 -0.0140013 1.0385 0.0814439 -0.0111161 1.0385 0.0784439 -0.0137564 1.0385 0.0819355 -0.011996 1.0385 0.0792543 -0.0143558 1.0385 0.0795786 -0.0144551 1.0385 0.0819355 -0.013004 1.0385 0.080254 -0.0144838 1.0385 0.0805857 -0.0144123 1.0385 0.0819928 -0.0126696 1.0385 0.0819928 -0.0123304 1.0385 0.0799151 -0.0144982 1.0385 0.081657 -0.0136199 1.0385 0.0811893 -0.014108 1.0385 0.0814439 -0.0138839 1.0385 0.0809004 -0.0142859 1.0385 0.0818225 -0.0133238 1.0385 0.178507 0.0536353 0.975271 0.17146 0.0509979 0.95732 0.16872 0.0534915 0.975227 0.236 0.0543462 0.97874 0.236444 0.0542063 0.976369 0.235966 0.0540295 0.974038 0.235387 0.053817 0.971749 0.23243 0.0527471 1.00624 0.227103 0.0541523 0.994041 0.231428 0.0523897 1.00828 0.234698 0.0535632 0.969499 0.227464 0.0541365 0.975756 0.236822 0.0543474 0.97874 0.233035 0.0529597 0.965123 0.232059 0.0526089 0.962991 0.233912 0.0532761 0.96729 0.21194 0.0543506 0.983117 0.21767 0.0540664 0.975645 0.2117 0.0537629 0.972582 0.225924 0.0504817 0.953057 0.218505 0.0515137 0.957615 0.227916 0.051577 0.957698 0.227298 0.0509443 0.954931 0.221519 0.0490587 0.9479 0.223039 0.0495391 0.949547 0.224496 0.0500129 0.951253 0.209095 0.0514348 0.957536 0.2117 0.0535197 0.970251 0.218231 0.0480756 0.944723 0.216465 0.047573 0.943194 0.214336 0.0471319 1.02839 0.216507 0.0516152 1.0121 0.20618 0.0516484 1.01201 0.2112 0.053357 1.00154 0.2032 0.0533368 1.00154 0.201813 0.046896 1.0296 0.195855 0.0517133 1.01192 0.208972 0.0467541 1.02965 0.205392 0.0468213 1.02962 0.207529 0.0465441 0.940261 0.204951 0.0465433 0.940265 0.210107 0.0465449 0.940257 0.212685 0.0465455 0.940253 0.217003 0.0541075 0.99394 0.196807 0.0540133 0.993718 0.186901 0.046536 0.940298 0.180868 0.0511239 0.957359 0.190276 0.0512398 0.957403 0.179166 0.0465324 0.940311 0.176587 0.0465313 0.940314 0.180332 0.0475004 1.02952 0.185531 0.0518023 1.01186 0.175209 0.051906 1.01183 0.158933 0.0533387 0.975166 0.152649 0.0507513 0.957051 0.14915 0.0531844 0.975044 0.162053 0.0508703 0.957238 0.143253 0.0506515 0.956699 0.139373 0.0530366 0.974815 0.154571 0.0521285 1.01191 0.144255 0.0522391 1.01199 0.148099 0.0487173 1.02979 0.129612 0.0529044 0.974425 0.129975 0.053387 0.981968 0.130391 0.0534191 0.98261 0.133876 0.0505823 0.956115 0.128217 0.0532991 0.980519 0.128875 0.0533255 0.98091 0.155264 0.0484357 1.02967 0.158845 0.0482972 1.02962 0.123016 0.049703 1.03044 0.123637 0.0524496 1.01215 0.119432 0.0498369 1.03056 0.140934 0.0490049 1.02994 0.144517 0.0488603 1.02986 0.103067 0.0526485 1.01211 0.0928226 0.0527484 1.01191 0.097924 0.0505906 1.03137 0.126192 0.0535401 0.993219 0.128556 0.0535659 0.989297 0.12787 0.0535621 0.989637 0.121437 0.0534709 0.987044 0.11614 0.0534752 0.992905 0.121803 0.0534864 0.987717 0.108675 0.0502269 1.03095 0.105089 0.0503531 1.03109 0.106124 0.0534283 0.9924 0.113343 0.0525497 1.01217 0.1102 0.0527306 0.972902 0.0979839 0.0534065 0.990644 0.0977803 0.0534023 0.989932 0.119879 0.0527984 0.973812 0.121295 0.0533619 0.983309 0.121608 0.0533371 0.982611 0.100612 0.0527137 0.971613 0.0900344 0.0530288 0.974878 0.0965953 0.0533841 0.988074 0.0974765 0.0533968 0.989258 0.0910422 0.0527504 0.969629 0.0905908 0.0528976 0.972261 0.107852 0.0477156 0.932023 0.106123 0.0506951 0.952119 0.110278 0.0475921 0.932894 0.0917977 0.0520018 0.958953 0.0971793 0.0508895 0.949703 0.09172 0.0517762 0.956263 0.103083 0.0479909 0.930075 0.100751 0.0481439 0.928988 0.0915357 0.051561 0.953591 0.0903402 0.0509538 0.945654 0.0908477 0.0511623 0.948299 0.0984489 0.0483066 0.927829 0.0961877 0.0484786 0.926598 0.0897286 0.0507724 0.943043 0.0890129 0.0506182 0.940467 0.0939758 0.0486597 0.92529 0.0881932 0.0504913 0.937926 0.0862276 0.0503044 0.93291 0.0918049 0.0488501 0.92391 0.0896751 0.0490498 0.922455 0.0872589 0.0503806 0.935392 0.0838739 0.0502553 0.928106 0.0875895 0.0492552 0.920958 0.0855462 0.0494684 0.919401 0.0850993 0.0502626 0.930482 0.0795987 0.050456 0.921271 0.0811093 0.0503653 0.923481 0.0835453 0.0496892 0.917785 0.0825344 0.0502984 0.925759 0.0763007 0.0507462 0.917039 0.0796446 0.0501315 0.914438 0.0777448 0.0503528 0.912708 0.0815799 0.0499118 0.916125 0.0780025 0.0505704 0.919129 0.0726805 0.051094 0.913095 0.0745267 0.0509207 0.915028 0.0758803 0.0505758 0.910935 0.0687522 0.0514671 0.909454 0.070762 0.051266 0.911242 0.072061 0.0509894 0.907495 0.0739708 0.0507852 0.909215 0.0645542 0.0518047 0.906141 0.0681912 0.0513716 0.904112 0.0661453 0.0515308 0.902552 0.0701508 0.0511884 0.905775 0.0666829 0.0516467 0.907754 0.0623661 0.0519413 0.904614 0.061905 0.0518016 0.899605 0.0600955 0.0520521 0.903162 0.0640499 0.0516741 0.901049 0.0577809 0.0521442 0.901805 0.0596933 0.0519038 0.898304 0.0574243 0.0519859 0.897099 0.0554222 0.0522177 0.900545 0.0550981 0.052048 0.895989 0.0530195 0.0522725 0.89938 0.0505728 0.0523087 0.898312 0.0527256 0.0520917 0.894983 0.0503152 0.0521182 0.894086 0.0480821 0.0523262 0.89734 0.0478585 0.0521264 0.893291 0.0455474 0.0523251 0.896463 0.042969 0.0523053 0.895684 0.0453556 0.0521162 0.8926 0.0447717 0.0521161 0.892427 0.0977435 0.0534052 0.993556 0.0979617 0.0534083 0.99285 -0.00200049 0.0521161 1.02502 -0.001892 0.0523053 1.02113 -0.00256306 0.0521161 1.02479 0.0916331 0.0523875 0.964289 0.091245 0.0513564 0.950936 0.0917687 0.0521975 0.96162 0.105446 0.0478477 0.93109 0.0970788 0.0533906 0.988635 0.091391 0.0525718 0.966958 0.0893731 0.053144 0.977481 0.115189 0.0473722 0.934441 0.115269 0.0505891 0.953922 0.0886067 0.0532432 0.980068 0.0980834 0.053409 0.991378 0.125213 0.0470306 0.936827 0.124537 0.0505566 0.95522 0.117674 0.0472757 0.935119 0.123445 0.0535209 0.989298 0.124131 0.0535295 0.989637 0.126383 0.0535509 0.989985 0.125617 0.0535443 0.989985 0.122267 0.0534998 0.988326 0.0970161 0.0533948 0.99484 0.0954754 0.053366 0.996729 0.0974253 0.0534005 0.994227 0.101506 0.0504735 1.03123 0.136264 0.0536155 0.993397 0.133943 0.0523463 1.01208 0.0938555 0.0533327 0.998533 0.12775 0.046963 0.937294 0.127508 0.0532773 0.980233 0.126764 0.0532611 0.980059 0.0921562 0.053295 1.00025 0.0903777 0.053253 1.00189 0.0865826 0.0531558 1.00491 0.08263 0.0528524 1.01154 0.0885198 0.0532066 1.00344 0.0803963 0.0530187 1.00872 0.0782158 0.0529789 1.00979 0.0871821 0.0509227 1.03181 0.0759965 0.0529468 1.01075 0.0764382 0.0512181 1.03219 0.0800194 0.0511235 1.03207 0.0714121 0.0528974 1.01235 0.0692757 0.0513957 1.03243 0.0728569 0.0513088 1.03232 0.0737265 0.0529194 1.0116 0.0643305 0.0528732 1.01391 0.0656948 0.0514768 1.03252 0.0667231 0.052875 1.0135 0.0690836 0.0528831 1.01298 0.0442158 0.0518659 1.03259 0.0477936 0.0518137 1.03267 0.0471149 0.0524936 1.02299 0.0620326 0.0528042 1.01552 0.0621139 0.0515535 1.03258 0.0585332 0.0516257 1.03264 0.0572754 0.0526809 1.01842 0.0549526 0.0516934 1.03268 0.0513721 0.0517566 1.03271 0.0523028 0.0525773 1.02092 0.0596809 0.05274 1.01702 0.054816 0.0526266 1.01972 0.0497357 0.052533 1.02201 0.0406388 0.051913 1.03249 0.0417882 0.0524304 1.02462 0.044469 0.0524594 1.02386 0.0363207 0.0523868 1.02581 0.0370625 0.051955 1.03236 0.0390688 0.0524064 1.02527 0.0299133 0.052024 1.0319 0.033487 0.0519921 1.03219 0.0307997 0.0523562 1.02652 0.0335705 0.0523696 1.02622 0.0280084 0.0523466 1.02671 0.0263407 0.0520508 1.03154 0.0224408 0.0523309 1.02673 0.0191988 0.0520892 1.03064 0.0227692 0.0520726 1.03112 0.0252225 0.0523381 1.02678 0.0120854 0.0521113 1.02931 0.0141199 0.052318 1.02589 0.0113822 0.0523146 1.02537 0.0168711 0.0523222 1.02628 0.0156296 0.0521008 1.03009 0.00865782 0.052312 1.02475 0.00855027 0.0521181 1.02842 0.00596669 0.0523098 1.02401 0.00502425 0.0521211 1.0274 0.00331698 0.0523078 1.02316 0.00150733 0.0521203 1.02627 0.000697418 0.0523064 1.0222 0.0196555 0.0523257 1.02656 0.0836007 0.051025 1.03194 0.0845814 0.0531069 1.00628 0.0825218 0.0530622 1.00755 0.0907619 0.0508152 1.03166 0.0943425 0.0507045 1.03151 0.130563 0.0535552 0.987043 0.130198 0.0535631 0.987715 0.135404 0.0467985 0.938428 0.132845 0.0468469 0.938095 0.130821 0.0535428 0.986322 0.130967 0.053526 0.985571 0.129466 0.0533553 0.981396 0.143097 0.0466826 0.939228 0.140529 0.0467157 0.938999 0.130705 0.0534503 0.983308 0.166008 0.048016 1.02956 0.169589 0.047882 1.02954 0.164889 0.0520164 1.01185 0.163692 0.0465442 0.940203 0.161112 0.0465525 0.940142 0.168851 0.0465343 0.94028 0.17317 0.0477524 1.02952 0.176751 0.0476272 1.02951 0.183912 0.047381 1.02952 0.186711 0.0539648 0.993627 0.188296 0.0537644 0.975336 0.198086 0.0538784 0.975426 0.2027 0.0534385 0.970251 0.199685 0.0513434 0.957463 0.187493 0.0472691 1.02953 0.191073 0.0471647 1.02954 0.2032 0.0535733 0.999435 0.198233 0.0469781 1.02958 0.181744 0.0465336 0.940307 0.197216 0.0465406 0.940278 0.18948 0.0465373 0.940293 0.21606 0.0475756 1.02704 0.217738 0.0480252 1.02562 0.220966 0.0489553 1.0226 0.219381 0.0484917 1.02414 0.212551 0.0466943 1.02968 0.223958 0.0498745 1.01936 0.222491 0.049414 1.021 0.225363 0.0503255 1.01765 0.214616 0.0470629 0.941704 0.226835 0.0516115 1.01217 0.227989 0.0511969 1.01408 0.229207 0.0516141 1.0122 0.226704 0.050764 1.0159 0.230349 0.0520098 1.01027 0.208328 0.053065 0.966872 0.208328 0.0534908 0.970251 0.233342 0.053074 1.00416 0.234169 0.0533732 1.00205 0.234907 0.0536427 0.99989 0.235545 0.0538761 0.997701 0.229841 0.0518227 0.958858 0.230988 0.0522254 0.960897 0.21194 0.0543671 0.985299 0.236867 0.0543642 0.990908 0.236 0.0544563 0.981741 0.236531 0.0542398 0.99319 0.237094 0.0544483 0.988622 0.237211 0.0544919 0.986332 0.23722 0.0544951 0.984039 0.23712 0.0544579 0.981741 0.199794 0.0465416 0.940273 0.202373 0.0465425 0.940269 0.194637 0.0465396 0.940283 0.206083 0.053045 0.966872 0.20651 0.0540747 0.993553 0.204493 0.0540638 0.993553 0.219916 0.0485708 0.946292 0.2112 0.0536004 0.999435 0.208327 0.053734 0.972583 0.208328 0.0540136 0.975961 0.206817 0.0543107 0.983117 0.206817 0.0542416 0.9805 0.206083 0.0534706 0.970251 0.192059 0.0465385 0.940288 0.2027 0.0536819 0.972582 0.206083 0.0539938 0.975961 0.206082 0.0537137 0.972582 0.20294 0.0542791 0.983117 0.204493 0.0542218 0.9805 0.204493 0.0542919 0.983117 0.236086 0.054075 0.995469 0.209245 0.0542834 0.989395 0.20294 0.0542993 0.985306 0.204493 0.0542508 0.989431 0.204493 0.0543113 0.985306 0.129183 0.0535678 0.988856 0.137351 0.0491453 1.03003 0.133768 0.0492853 1.03012 0.145666 0.0466532 0.939431 0.130908 0.0534791 0.984046 0.130996 0.0535046 0.984807 0.153381 0.0465901 0.939873 0.150808 0.046607 0.939754 0.151682 0.0485757 1.02972 0.129734 0.0535671 0.988325 0.130184 0.0494249 1.03022 0.126601 0.0495642 1.03033 0.127139 0.0535569 0.989868 0.122819 0.0535111 0.988857 0.124861 0.0535373 0.989868 0.121179 0.053453 0.986324 0.121004 0.0534105 0.984807 0.121033 0.0534327 0.985571 0.112261 0.0500988 1.03082 0.115847 0.0499688 1.03069 0.0980755 0.0534096 0.992118 0.121092 0.0533866 0.984047 0.122024 0.0533133 0.981969 0.122533 0.0532916 0.981398 0.122683 0.0471043 0.936317 0.120173 0.0471864 0.935744 0.123782 0.053259 0.980519 0.124494 0.0532502 0.980233 0.123124 0.0532731 0.98091 0.125238 0.0532474 0.980058 0.130293 0.0469014 0.93772 0.126 0.053251 0.98 0.112721 0.0474773 0.933702 0.137965 0.0467547 0.938729 0.162427 0.0481543 1.02959 0.155956 0.0465753 0.939977 0.146346 0.0536947 0.993485 0.148237 0.0466276 0.939609 0.156434 0.0537727 0.993522 0.158532 0.0465627 0.940068 0.17143 0.0465326 0.940295 0.166525 0.0538454 0.993539 0.166271 0.0465378 0.940251 0.176617 0.0539098 0.993567 0.174008 0.0465316 0.940307 0.184323 0.0465347 0.940303 0.194653 0.0470676 1.02956 0.22862 0.0514008 0.956875 0.0975049 0.057 0.993297 0.0977026 0.057 0.992551 0.096871 0.057 0.992594 0.0963492 0.057 0.993842 0.0967671 0.057 0.994647 0.0971903 0.057 0.994002 0.0968716 0.057 0.988886 0.0963716 0.057 0.988298 0.0962224 0.057 0.989364 0.0966632 0.057 0.99324 0.0952597 0.057 0.988414 0.0957814 0.057 0.988848 0.0977785 0.057 0.991783 0.0969667 0.057 0.991923 0.0969475 0.057 0.991244 0.0977305 0.057 0.991013 0.0959381 0.057 0.994381 0.0954417 0.057 0.994844 0.0968139 0.057 0.990579 0.09756 0.057 0.990261 0.0948743 0.057 0.995216 0.0953618 0.057 0.996374 0.0972712 0.057 0.989546 0.0965699 0.057 0.989946 0.0938814 0.057 0.998037 0.0935932 0.057 0.995648 0.0929165 0.057 0.995696 0.0926903 0.057 0.987706 0.0902967 0.057 0.985226 0.09202 0.057 0.987812 0.0907803 0.057 0.988351 0.0894188 0.057 0.98739 0.0902465 0.057 0.98877 0.0909731 0.057 0.99516 0.0863579 0.057 0.993693 0.0889747 0.057 0.99181 0.0874494 0.057 0.991624 0.0890513 0.057 0.992484 0.0894272 0.057 0.989845 0.0897911 0.057 0.989273 0.0884698 0.057 0.989523 0.0922414 0.057 0.995629 0.0915873 0.057 0.995449 0.0942521 0.057 0.995486 0.0911033 0.057 0.98303 0.0940357 0.057 0.98784 0.0946721 0.057 0.988075 0.0933687 0.057 0.987716 0.0913772 0.057 0.988029 0.0891654 0.057 0.990471 0.0890131 0.057 0.991132 0.0892408 0.057 0.993135 0.0895376 0.057 0.993745 0.0904164 0.057 0.994773 0.0899333 0.057 0.994296</float_array>
          <technique_common>
            <accessor count="8919" source="#ID6" stride="3">
              <param name="X" type="float"/>
              <param name="Y" type="float"/>
              <param name="Z" type="float"/>
            </accessor>
          </technique_common>
        </source>
        <source id="ID7">
          <float_array count="26757" id="ID8">0.25 0.866025 -0.433013 0.25 0.866025 -0.433013 0.25 0.866025 -0.433013 0.25 0.866025 -0.433013 0.25 0.866025 -0.433013 0.25 0.866025 -0.433013 0.25 0.866025 -0.433013 0.25 0.866025 -0.433013 -0.25 0.866025 0.433013 -0.25 0.866025 0.433013 -0.25 0.866025 0.433013 -0.25 0.866025 0.433013 -0.25 0.866025 0.433013 -0.25 0.866025 0.433013 -0.25 0.866025 0.433013 -0.25 0.866025 0.433013 0.5 0 -0.866025 0.424755 0 -0.905308 0.350637 0 -0.936511 0.191711 0 -0.981451 0.265647 0 -0.96407 0.0988972 0 -0.995098 0.0275544 0 -0.99962 -0.0706976 0 -0.997498 -0.137354 0 -0.990522 -0.298515 0 -0.954405 -0.238259 0 -0.971202 -0.398965 0 -0.916966 -0.451533 0 -0.892254 -0.548195 0 -0.836351 -0.592235 0 -0.805765 -0.716782 0 -0.697297 -0.681653 0 -0.731675 -0.795502 0 -0.605951 -0.821778 0 -0.569808 -0.886466 0 -0.462794 -0.904357 0 -0.426776 -0.962268 0 -0.272104 -0.951927 0 -0.306324 -0.990004 0 -0.141042 -0.993931 0 -0.110008 -0.9996 0 0.0282988 -0.998482 0 0.0550877 -0.975796 0 0.218681 -0.980439 0 0.196825 -0.933072 0 0.359689 -0.926494 0 0.37631 -0.858863 0 0.512205 -0.851919 0 0.523673 -0.754106 0 0.656752 -0.759946 0 0.649986 -0.639167 0 0.769068 -0.635724 0 0.771917 -0.5 0 0.866026 -0.5 0 0.866025 0.571643 0 -0.820503 0.635724 0 -0.771917 0.702086 0 -0.712092 0.754107 0 -0.656752 0.812331 0 -0.583196 0.899207 0 -0.437523 0.851919 0 -0.523673 0.926494 0 -0.376309 0.960215 0 -0.279263 0.975796 0 -0.218681 0.993599 0 -0.112969 0.998398 0 0.0565751 0.998482 0 -0.0550879 0.993931 0 0.110008 0.974476 0 0.224491 0.962268 0 0.272103 0.92252 0 0.38595 0.904357 0 0.426777 0.821778 0 0.569808 0.844024 0 0.536305 0.716783 0 0.697297 0.741248 0 0.671231 0.617147 0 0.786848 0.592235 0 0.805765 0.451533 0 0.892254 0.475292 0 0.879828 0.298515 0 0.954405 0.319764 0 0.947497 0.155037 0 0.987909 0.137354 0 0.990522 -0.0275544 0 0.99962 -0.0141508 0 0.9999 -0.191711 0 0.981452 -0.182931 0 0.983126 -0.346449 0 0.938069 -0.350638 0 0.936511 0 1 0 0 1 0 0 1 0 0 1 0 0 1 0 0 1 0 0 1 0 0 1 0 0 1 0 0 1 0 0 1 0 0 1 0 0 1 0 0 1 0 0 1 0 0.0165828 0.798635 -0.601587 -0.0606698 0.798635 -0.598749 0.0331809 0.798635 -0.6009 -0.356416 0.798635 -0.484921 -0.324464 0.798635 -0.506857 -0.27174 0.798635 -0.536972 0.126224 0.798635 -0.588429 0.115374 0.798635 -0.590652 0.216196 0.798635 -0.561641 0.211019 0.798635 -0.563607 0.300908 0.798635 -0.521187 0.300908 0.798635 -0.521187 -0.0826613 0.798636 -0.596111 -0.179651 0.798635 -0.574375 -0.153044 0.798635 -0.58203 -0.241695 0.798635 -0.551149 -0.494558 0.798635 -0.342919 -0.521187 0.798635 -0.300908 -0.472912 0.798635 -0.372203 -0.431371 0.798635 -0.419644 -0.407901 0.798635 -0.442491 -0.601183 0.798635 -0.0275657 -0.587159 0.798635 -0.132007 -0.598162 0.798635 -0.0662047 -0.558794 0.798635 -0.223453 -0.579107 0.798635 -0.163756 -0.576601 0.798635 0.172375 -0.557578 0.798635 0.226469 -0.539618 0.798635 0.266446 -0.600901 0.798635 0.0331526 -0.587249 0.798635 0.131606 -0.597317 0.798635 0.0734403 -0.382588 0.798635 0.464551 -0.343614 0.798635 0.494076 -0.421458 0.798635 0.429598 -0.453833 0.798635 0.395243 -0.487413 0.798635 0.353001 -0.512698 0.798635 0.315154 -0.0620015 0.798635 0.598613 -0.161314 0.798635 0.579792 -0.115374 0.798635 0.590652 -0.256076 0.798635 0.544616 -0.300908 0.798635 0.521187 -0.211019 0.798635 0.563607 0.139019 0.798635 0.585538 0.03906 0.798635 0.600546 0.0826615 0.798635 0.596111 -0.0165826 0.798635 0.601587 0.558794 0.798635 0.223453 0.521187 0.798635 0.300908 0.544256 0.798635 0.25684 0.472912 0.798635 0.372203 0.43137 0.798635 0.419644 0.494558 0.798635 0.342919 0.601183 0.798635 0.0275657 0.587159 0.798635 0.132007 0.598162 0.798635 0.0662046 0.579107 0.798635 0.163756 0.600901 0.798635 -0.0331526 0.598156 0.798635 -0.0662607 0.587249 0.798635 -0.131606 0.580575 0.798635 -0.158475 0.548867 0.798635 -0.246833 0.557578 0.798635 -0.226469 0.512698 0.798635 -0.315154 0.503804 0.798635 -0.329185 0.453833 0.798635 -0.395243 0.446483 0.798635 -0.403528 0.378297 0.798635 -0.468052 0.382588 0.798635 -0.464551 0.356416 0.798635 0.484922 0.407901 0.798635 0.442491 0.324464 0.798635 0.506857 0.179651 0.798635 0.574375 0.235057 0.798635 0.554012 0.27174 0.798635 0.536972 -0.544256 0.798635 -0.25684 0 1 0 0 1 0 0 1 0 0 1 0 0 1 0 0 1 0 0 1 0 0 1 0 0 1 0 0 1 0 0 1 0 0 1 0 0 1 0 0 1 0 0.0765008 0 0.99707 -0.0506493 0 0.998716 -0.0767697 0 0.997049 -0.227985 0 0.973665 -0.201298 0 0.97953 -0.347305 0 0.937752 -0.374114 0 0.927383 -0.485302 0 0.874347 -0.511226 0 0.859446 -0.636549 0 0.771236 -0.612106 0 0.790776 -0.724793 0 0.688967 -0.746787 0 0.665063 -0.820763 0 0.571268 -0.839605 0 0.543197 -0.912689 0 0.408656 -0.897804 0 0.440394 -0.954139 0 0.299363 -0.964368 0 0.264565 -0.988468 0 0.151428 -0.993463 0 0.114154 -0.999252 0 -0.0386691 -1 0 4.37114e-08 -0.987688 0 -0.156434 -0.981606 0 -0.190918 -0.951056 0 -0.309017 -0.941028 0 -0.338328 -0.878283 0 -0.47814 -0.891007 0 -0.453991 -0.809017 0 -0.587785 -0.795103 0 -0.606475 -0.707107 0 -0.707107 -0.693122 0 -0.72082 -0.587785 0 -0.809017 -0.453991 0 -0.891007 -0.575019 0 -0.81814 -0.309017 0 -0.951057 -0.443332 0 -0.896358 -0.301191 0 -0.953564 -0.156434 0 -0.987688 1.37156e-11 0 -1 -0.152292 0 -0.988336 1.49969e-14 0 -1 0.101168 0 0.994869 0.22778 0 0.973713 0.250653 0 0.968077 0.394356 0 0.918958 0.373828 0 0.927498 0.511079 0 0.859533 0.528964 0 0.848644 0.636315 0 0.771429 0.651372 0 0.758758 0.758758 0 0.651373 0.74669 0 0.665173 0.83947 0 0.543406 0.848644 0 0.528964 0.912633 0 0.40878 0.918958 0 0.394356 0.968077 0 0.250653 0.964327 0 0.264713 0.993445 0 0.114311 0.994869 0 0.101168 0.999254 0 -0.038609 0.998717 0 -0.050649 0.97953 0 -0.201299 0.981646 0 -0.190712 0.941053 0 -0.338258 0.937752 0 -0.347305 0.878422 0 -0.477886 0.874347 0 -0.485302 0.790776 0 -0.612106 0.795217 0 -0.606325 0.693414 0 -0.720539 0.688967 0 -0.724793 0.575325 0 -0.817925 0.571268 0 -0.820763 0.440394 0 -0.897805 0.443783 0 -0.896134 0.301775 0 -0.953379 0.299363 0 -0.954139 0.152697 0 -0.988273 0.151428 0 -0.988468 -0.14713 0.974888 -0.167172 -0.241427 0.930841 -0.274314 -0.173266 0.974888 -0.139903 -0.136251 0.930841 -0.339074 -0.0822319 0.968385 -0.235519 -0.0789862 0.959842 -0.269193 -0.194417 0.974888 -0.108608 -0.209976 0.974888 -0.0741892 -0.102105 0.99315 -0.0568159 -0.319021 0.930841 -0.178216 -0.344551 0.930841 -0.121738 -0.360169 0.930841 -0.0617571 -0.294884 0.955533 5.15592e-08 -0.219494 0.974888 -0.0376359 -0.186111 0.982529 -5.6204e-08 -0.0928697 0.995387 -0.0240986 -0.493844 0.866025 -0.0782172 -0.5 0.866025 8.74228e-08 -0.399954 0.916535 -1.20783e-07 -0.075 0.997184 1.31134e-08 -0.284314 0.930841 -0.229567 -0.191595 0.930841 -0.31117 -0.0835477 0.987361 -0.134681 -0.116762 0.974888 -0.189633 -0.0758158 0.95017 -0.302372 -0.0822069 0.975921 -0.202039 -0.0774429 0.939195 -0.334538 -0.0778425 0.927166 -0.366476 0.0750001 0.9 -0.429389 0.0757138 0.866025 -0.494234 -5.19793e-09 0.9 -0.43589 -0.0750001 0.9 -0.429389 -5.96244e-09 0.866025 -0.5 -0.0770238 0.914096 -0.398116 -0.154509 0.866025 -0.475528 -0.0782173 0.866025 -0.493844 0.160777 0.974888 0.154093 0.217294 0.930841 0.293801 0.263821 0.930841 0.252852 0.100259 0.974888 -0.198852 0.0816162 0.97785 -0.19274 0.0772247 0.984316 -0.158616 0.0825218 0.970285 -0.227458 0.164516 0.930841 -0.326297 0.263821 0.930841 -0.252852 0.132423 0.974888 -0.179048 0.160777 0.974888 -0.154093 0.107005 0.930841 -0.349407 0.0798972 0.96163 -0.262457 0.302758 0.930841 -0.204629 0.184506 0.974888 -0.124705 0.353634 0.930841 -0.0920791 0.202928 0.974888 -0.0917291 0.215511 0.974888 -0.0561147 0.217294 0.930841 -0.293801 0.215511 0.974888 0.0561147 0.0800529 0.996228 0.0334788 0.202928 0.974888 0.0917291 0.085153 0.996304 -0.011305 0.221895 0.974888 -0.0188861 0.107005 0.930841 0.349407 0.0798978 0.96163 0.262457 0.0754413 0.951827 0.29721 0.0770798 0.914638 0.396857 0.125326 0.866025 0.484039 0.0772266 0.984316 0.158616 0.164516 0.930841 0.326297 0.132423 0.974888 0.179048 0.197178 0.866025 0.459479 0.0773125 0.940568 0.330689 0.082523 0.970285 0.227457 0.075 0.9 0.429389 0.0778553 0.928166 0.363931 0.0816178 0.97785 0.19274 0.0505842 0.866025 0.497435 0.0836875 0.990306 0.11086 -0.082205 0.975921 0.202043 -0.0789433 0.982443 0.169036 -0.116762 0.974888 0.189633 0.184506 0.974888 0.124705 0.302758 0.930841 0.204629 -0.194417 0.974888 0.108608 -0.209976 0.974888 0.0741892 -0.344551 0.930841 0.121738 -0.191595 0.930841 0.31117 -0.136251 0.930841 0.339074 -0.14713 0.974888 0.167172 -0.241427 0.930841 0.274314 -0.0789857 0.959841 0.269195 -0.0758159 0.95017 0.302373 -0.284314 0.930841 0.229567 -0.319021 0.930841 0.178216 -0.173266 0.974888 0.139903 -0.360169 0.930841 0.0617571 -0.0928702 0.995387 0.0240992 -0.219494 0.974888 0.0376359 -0.494234 0.866025 0.0757139 -0.47707 0.866025 0.149682 -0.448902 0.866025 0.220197 -0.0774427 0.939195 0.334539 -0.0822303 0.968384 0.235522 0.149682 0.866025 -0.47707 -0.0770238 0.914096 0.398116 -0.0778423 0.927165 0.366476 -0.173653 0.866025 0.468876 -0.100649 0.866025 0.489765 -0.075 0.9 0.429389 -0.0253246 0.866025 0.499358 1.90534e-08 0.9 0.43589 0.332986 0.930841 0.150519 0.353634 0.930841 0.0920791 0.497435 0.866025 0.0505842 0.499358 0.866025 -0.0253245 0.364109 0.930841 0.0309902 0.221895 0.974888 0.018886 0.364109 0.930841 -0.0309902 0.332986 0.930841 -0.150519 0.0754413 0.951827 -0.29721 0.0773126 0.940568 -0.330689 0.0770797 0.914638 -0.396857 0.0778553 0.928166 -0.363931 -0.410382 0.866025 0.285634 -0.102106 0.99315 0.0568176 -0.362396 0.866025 0.344483 -0.306053 0.866025 0.395388 -0.0996515 0.990474 0.0950334 -0.242651 0.866025 0.437173 -0.0835464 0.98736 0.134685 0.264482 0.866025 0.424322 0.325686 0.866025 0.379379 0.379379 0.866025 0.325686 0.424322 0.866025 0.264482 0.0850414 0.994188 0.0660204 0.459479 0.866025 0.197178 0.484039 0.866025 0.125326 0.0756478 0.997084 0.0100488 0.489765 0.866025 -0.100649 0.468876 0.866025 -0.173653 0.437173 0.866025 -0.242651 0.0993264 0.994188 -0.0415325 0.395388 0.866025 -0.306053 0.344483 0.866025 -0.362396 0.102192 0.991597 -0.0793287 0.285634 0.866025 -0.410382 0.0909869 0.988531 -0.120527 0.220197 0.866025 -0.448902 -0.226995 0.866025 -0.445503 -0.293893 0.866025 -0.404508 -0.353553 0.866025 -0.353553 -0.0789454 0.982444 -0.169032 -0.404508 0.866025 -0.293893 -0.0996515 0.990474 -0.0950305 -0.445503 0.866025 -0.226995 -0.475528 0.866025 -0.154508 1 0 0 1 0 0 1 0 0 1 0 0 1 0 0 1 0 0 1 0 0 1 0 0 1 0 0 1 0 0 1 0 0 1 0 0 1 0 0 1 0 0 1 0 0 1 0 0 1 0 0 1 0 0 1 0 0 1 0 0 1 0 0 1 0 0 1 0 0 1 0 0 1 0 0 1 0 0 1 0 0 0 1 0 0 1 0 0 1 0 0 1 0 0 1 0 0 1 0 -1 -0 -0 -1 -0 -0 -1 -0 -0 -1 -0 -0 -1 -0 -0 -1 -0 -0 -1 -0 -0 -1 -0 -0 -1 -0 -0 -1 -0 -0 -1 -0 -0 -1 -0 -0 -1 -0 -0 -1 -0 -0 -1 -0 -0 -1 -0 -0 -1 -0 -0 -1 -0 -0 -1 -0 -0 -1 -0 -0 -1 -0 -0 -1 -0 -0 -1 -0 -0 -1 -0 -0 -1 -0 -0 -1 -0 -0 -5.52559e-16 0.0957795 -0.995403 -5.54473e-16 0.0479446 -0.99885 -5.52559e-16 0.0957795 -0.995403 -5.55112e-16 -1.74846e-07 -1 -5.54473e-16 0.0479446 -0.99885 -5.55112e-16 3.01992e-07 -1 -5.44927e-16 0.190678 -0.981653 -5.39225e-16 0.237524 -0.971382 -5.39225e-16 0.237524 -0.971382 -5.44927e-16 0.190679 -0.981652 -5.49375e-16 0.143394 -0.989666 -5.49375e-16 0.143394 -0.989666 -5.14746e-16 0.374359 -0.927284 -5.24117e-16 0.329471 -0.944166 -5.14746e-16 0.374359 -0.927284 -5.24117e-16 0.329471 -0.944166 -5.32283e-16 0.283823 -0.958877 -5.32283e-16 0.283824 -0.958876 -4.79627e-16 0.503458 -0.86402 -4.79627e-16 0.503458 -0.86402 -4.92475e-16 0.461453 -0.887164 -5.0419e-16 0.418387 -0.908269 -4.92475e-16 0.461453 -0.887164 -5.0419e-16 0.418387 -0.908269 -4.50654e-16 0.583898 -0.811827 -4.34596e-16 0.622149 -0.782898 -4.34596e-16 0.622149 -0.782898 -4.65676e-16 0.544304 -0.838888 -4.65676e-16 0.544304 -0.838888 -4.50655e-16 0.583898 -0.811827 -3.80582e-16 0.727983 -0.685595 -3.99519e-16 0.694275 -0.71971 -3.80582e-16 0.727983 -0.685595 -3.99519e-16 0.694275 -0.71971 -4.17538e-16 0.65897 -0.752169 -4.17538e-16 0.65897 -0.752169 -3.18702e-16 0.81877 -0.574122 -3.18702e-16 0.81877 -0.574122 -3.40126e-16 0.790302 -0.612717 -3.60769e-16 0.760016 -0.649904 -3.40126e-16 0.790302 -0.612717 -3.60769e-16 0.760016 -0.649904 -2.73704e-16 0.869995 -0.493061 -2.50235e-16 0.892634 -0.450783 -2.50235e-16 0.892634 -0.450783 -2.96544e-16 0.845354 -0.534206 -2.96544e-16 0.845354 -0.534206 -2.73704e-16 0.869995 -0.493061 -1.76595e-16 0.948049 -0.318126 -2.01624e-16 0.931706 -0.363214 -1.76595e-16 0.948049 -0.318126 -2.01624e-16 0.931706 -0.363214 -2.26189e-16 0.91322 -0.407467 -2.2619e-16 0.91322 -0.407467 -9.9306e-17 0.983868 -0.178894 -9.93063e-17 0.983868 -0.178894 -1.25377e-16 0.97416 -0.225859 -1.5116e-16 0.962211 -0.272306 -1.25377e-16 0.97416 -0.225859 -1.5116e-16 0.962211 -0.272306 -4.6539e-17 0.996479 -0.0838372 -1.99645e-17 0.999353 -0.0359649 -1.99645e-17 0.999353 -0.0359649 -7.30065e-17 0.991314 -0.131517 -7.30065e-17 0.991314 -0.131517 -4.6539e-17 0.996479 -0.0838372 5.97899e-17 0.994183 0.107708 3.32613e-17 0.998203 0.0599182 5.97899e-17 0.994183 0.107708 3.32613e-17 0.998203 0.0599182 6.65619e-18 0.999928 0.0119907 6.65619e-18 0.999928 0.0119907 1.38308e-16 0.968464 0.249154 1.38308e-16 0.968464 0.249154 1.12374e-16 0.979296 0.202435 8.61813e-17 0.987875 0.15525 1.12374e-16 0.979296 0.202435 8.6181e-17 0.987875 0.15525 1.89164e-16 0.940147 0.340768 2.13968e-16 0.922728 0.385451 2.13969e-16 0.922728 0.385452 1.63925e-16 0.955404 0.295301 1.63925e-16 0.955404 0.295301 1.89164e-16 0.940147 0.340768 2.85206e-16 0.857921 0.513781 2.62045e-16 0.881568 0.472058 2.85206e-16 0.857921 0.513781 2.62045e-16 0.881568 0.472058 2.38281e-16 0.903187 0.429248 2.38281e-16 0.903187 0.429248 3.50549e-16 0.775382 0.631492 3.50549e-16 0.775382 0.631492 3.29509e-16 0.804767 0.59359 3.07711e-16 0.832301 0.554323 3.29509e-16 0.804767 0.59359 3.07711e-16 0.832301 0.554323 3.90163e-16 0.711333 0.702855 4.08646e-16 0.676817 0.736151 4.08646e-16 0.676817 0.736151 3.70782e-16 0.744214 0.667942 3.70782e-16 0.744214 0.667942 3.90163e-16 0.711333 0.702855 4.58297e-16 0.564263 0.825595 4.42752e-16 0.603197 0.797592 4.58297e-16 0.564263 0.825595 4.42752e-16 0.603197 0.797592 4.26189e-16 0.640744 0.767754 4.26189e-16 0.640744 0.767754 4.98476e-16 0.440047 0.897975 4.98476e-16 0.440047 0.897975 4.86191e-16 0.482594 0.875844 4.72788e-16 0.524031 0.851699 4.86191e-16 0.482594 0.875844 4.72788e-16 0.524031 0.851699 5.19581e-16 0.352016 0.935994 5.28352e-16 0.306735 0.951795 5.28352e-16 0.306735 0.951795 5.09615e-16 0.396488 0.91804 5.09615e-16 0.396487 0.91804 5.19581e-16 0.352016 0.935994 5.47308e-16 0.167084 0.985943 5.42232e-16 0.214163 0.976798 5.47308e-16 0.167084 0.985943 5.42232e-16 0.214163 0.976798 5.35908e-16 0.260749 0.965407 5.35908e-16 0.260749 0.965407 5.54952e-16 0.0239794 0.999712 5.54952e-16 0.0239794 0.999712 5.53675e-16 0.071883 0.997413 5.51126e-16 0.119621 0.99282 5.53675e-16 0.0718828 0.997413 5.51126e-16 0.119621 0.99282 5.53675e-16 -0.0718828 0.997413 5.51126e-16 -0.119621 0.99282 5.51126e-16 -0.119621 0.99282 5.54952e-16 -0.0239794 0.999712 5.54952e-16 -0.0239792 0.999712 5.53675e-16 -0.0718828 0.997413 5.35908e-16 -0.260749 0.965407 5.42232e-16 -0.214163 0.976798 5.35908e-16 -0.260749 0.965407 5.42232e-16 -0.214163 0.976798 5.47308e-16 -0.167084 0.985943 5.47308e-16 -0.167084 0.985943 5.09615e-16 -0.396488 0.91804 5.09615e-16 -0.396488 0.91804 5.19581e-16 -0.352016 0.935994 5.28352e-16 -0.306735 0.951795 5.19581e-16 -0.352016 0.935994 5.28352e-16 -0.306735 0.951795 4.86191e-16 -0.482594 0.875844 4.72788e-16 -0.524031 0.851699 4.72788e-16 -0.524031 0.851699 4.98476e-16 -0.440047 0.897975 4.98476e-16 -0.440047 0.897975 4.86191e-16 -0.482594 0.875844 4.26189e-16 -0.640744 0.767755 4.42753e-16 -0.603197 0.797592 4.26189e-16 -0.640744 0.767754 4.42753e-16 -0.603197 0.797592 4.58297e-16 -0.564263 0.825595 4.58297e-16 -0.564263 0.825595 3.70782e-16 -0.744214 0.667942 3.70782e-16 -0.744214 0.667942 3.90163e-16 -0.711334 0.702855 4.08646e-16 -0.676817 0.736151 3.90163e-16 -0.711334 0.702855 4.08646e-16 -0.676817 0.736151 3.29509e-16 -0.804767 0.59359 3.07711e-16 -0.832301 0.554323 3.07711e-16 -0.832301 0.554323 3.50549e-16 -0.775382 0.631492 3.50549e-16 -0.775382 0.631492 3.29509e-16 -0.804767 0.59359 2.3828e-16 -0.903187 0.429248 2.62045e-16 -0.881568 0.472058 2.3828e-16 -0.903187 0.429248 2.62045e-16 -0.881568 0.472058 2.85206e-16 -0.857921 0.513781 2.85206e-16 -0.857921 0.513781 1.63925e-16 -0.955404 0.295301 1.63925e-16 -0.955404 0.295301 1.89164e-16 -0.940147 0.340768 2.13968e-16 -0.922728 0.385451 1.89164e-16 -0.940147 0.340768 2.13968e-16 -0.922728 0.385451 1.12374e-16 -0.979296 0.202435 8.6181e-17 -0.987875 0.15525 8.6181e-17 -0.987875 0.15525 1.38308e-16 -0.968464 0.249154 1.38309e-16 -0.968464 0.249155 1.12374e-16 -0.979296 0.202435 6.65609e-18 -0.999928 0.0119905 3.32613e-17 -0.998203 0.0599182 6.65609e-18 -0.999928 0.0119905 3.32613e-17 -0.998203 0.0599182 5.97899e-17 -0.994183 0.107708 5.979e-17 -0.994183 0.107708 -1.99644e-17 -0.999353 -0.0359647 -1.99644e-17 -0.999353 -0.0359647 -4.6539e-17 -0.996479 -0.0838372 -4.6539e-17 -0.996479 -0.0838372 -7.30064e-17 -0.991314 -0.131517 -9.93061e-17 -0.983868 -0.178894 -7.30065e-17 -0.991314 -0.131517 -9.93061e-17 -0.983868 -0.178894 -1.25377e-16 -0.97416 -0.22586 -1.25377e-16 -0.97416 -0.22586 -1.5116e-16 -0.962211 -0.272306 -1.76595e-16 -0.948049 -0.318126 -1.5116e-16 -0.962211 -0.272306 -1.76595e-16 -0.948049 -0.318126 -2.01624e-16 -0.931706 -0.363214 -2.01624e-16 -0.931706 -0.363214 -2.2619e-16 -0.91322 -0.407467 -2.50234e-16 -0.892634 -0.450782 -2.2619e-16 -0.91322 -0.407467 -2.50234e-16 -0.892634 -0.450782 -2.73704e-16 -0.869995 -0.493061 -2.73704e-16 -0.869995 -0.493061 -2.96544e-16 -0.845354 -0.534206 -3.18702e-16 -0.81877 -0.574122 -2.96544e-16 -0.845354 -0.534206 -3.18702e-16 -0.81877 -0.574122 -3.40127e-16 -0.790302 -0.612718 -3.40127e-16 -0.790302 -0.612718 -3.60769e-16 -0.760017 -0.649904 -3.80582e-16 -0.727983 -0.685595 -3.60769e-16 -0.760016 -0.649904 -3.80582e-16 -0.727983 -0.685595 -3.99519e-16 -0.694275 -0.71971 -3.99519e-16 -0.694275 -0.71971 -4.17538e-16 -0.65897 -0.752169 -4.34596e-16 -0.62215 -0.782898 -4.17538e-16 -0.65897 -0.752169 -4.34596e-16 -0.62215 -0.782898 -4.50654e-16 -0.583898 -0.811827 -4.50654e-16 -0.583898 -0.811827 -4.65676e-16 -0.544304 -0.838888 -4.79627e-16 -0.503457 -0.86402 -4.65676e-16 -0.544304 -0.838888 -4.79627e-16 -0.503457 -0.86402 -4.92475e-16 -0.461453 -0.887165 -4.92475e-16 -0.461453 -0.887165 -5.0419e-16 -0.418387 -0.908269 -5.14746e-16 -0.37436 -0.927284 -5.0419e-16 -0.418387 -0.908269 -5.14746e-16 -0.37436 -0.927284 -5.24117e-16 -0.329471 -0.944166 -5.24117e-16 -0.329471 -0.944166 -5.32283e-16 -0.283824 -0.958876 -5.39225e-16 -0.237524 -0.971382 -5.32283e-16 -0.283824 -0.958876 -5.39225e-16 -0.237524 -0.971382 -5.44927e-16 -0.190678 -0.981653 -5.44927e-16 -0.190678 -0.981653 -5.49375e-16 -0.143394 -0.989666 -5.52559e-16 -0.0957794 -0.995403 -5.49375e-16 -0.143394 -0.989666 -5.52559e-16 -0.0957794 -0.995403 -5.54473e-16 -0.0479449 -0.99885 -5.54473e-16 -0.0479449 -0.99885 1 0 0 1 0 0 1 0 0 1 0 0 1 0 0 1 0 0 1 0 0 1 0 0 1 0 0 1 0 0 1 0 0 1 0 0 1 0 0 1 0 0 1 0 0 1 0 0 1 0 0 1 0 0 1 0 0 1 0 0 1 0 0 1 0 0 1 0 0 1 0 0 1 0 0 1 0 0 1 0 0 1 0 0 1 0 0 1 0 0 1 0 0 1 0 0 1 0 0 1 0 0 1 0 0 1 0 0 1 0 0 1 0 0 1 0 0 1 0 0 1 0 0 1 0 0 1 0 0 1 0 0 1 0 0 1 0 0 1 0 0 1 0 0 1 0 0 1 0 0 1 0 0 1 0 0 1 0 0 1 0 0 1 0 0 1 0 0 1 0 0 1 0 0 1 0 0 1 0 0 1 0 0 1 0 0 1 0 0 1 0 0 1 0 0 1 0 0 1 0 0 1 0 0 1 0 0 1 0 0 1 0 0 1 0 0 1 0 0 1 0 0 1 0 0 1 0 0 1 0 0 1 0 0 1 0 0 1 0 0 1 0 0 1 0 0 1 0 0 1 0 0 1 0 0 1 0 0 1 0 0 1 0 0 1 0 0 1 0 0 1 0 0 1 0 0 1 0 0 1 0 0 1 0 0 1 0 0 1 0 0 1 0 0 1 0 0 1 0 0 1 0 0 1 0 0 1 0 0 1 0 0 1 0 0 1 0 0 1 0 0 1 0 0 1 0 0 1 0 0 1 0 0 1 0 0 1 0 0 1 0 0 1 0 0 1 0 0 1 0 0 1 0 0 1 0 0 1 0 0 1 0 0 1 0 0 1 0 0 1 0 0 1 0 0 1 0 0 1 0 0 1 0 0 1 0 0 1 0 0 1 0 0 -0.999712 -0 -0.0239794 -0.999712 0 0.0239794 -0.999712 -0 -0.0239794 -0.997413 -0 -0.071883 -0.997413 -0 -0.0718828 -0.99282 -0 -0.119621 -0.99282 -0 -0.119621 -0.985943 -0 -0.167084 -0.985943 -0 -0.167084 -0.976798 -0 -0.214163 -0.976798 -0 -0.214163 -0.965407 -0 -0.260749 -0.965407 -0 -0.260749 -0.951795 -0 -0.306735 -0.951795 -0 -0.306735 -0.935994 -0 -0.352016 -0.935994 -0 -0.352016 -0.91804 -0 -0.396487 -0.91804 -0 -0.396488 -0.897975 -0 -0.440047 -0.897975 -0 -0.440047 -0.875844 -0 -0.482594 -0.875844 -0 -0.482594 -0.851699 -0 -0.524031 -0.851699 -0 -0.524031 -0.825595 -0 -0.564263 -0.825595 -0 -0.564263 -0.797592 -0 -0.603197 -0.797592 -0 -0.603197 -0.767754 -0 -0.640744 -0.767754 -0 -0.640744 -0.736151 -0 -0.676817 -0.736151 -0 -0.676817 -0.702855 -0 -0.711333 -0.702855 -0 -0.711333 -0.667942 -0 -0.744214 -0.667942 -0 -0.744214 -0.631492 -0 -0.775382 -0.631492 -0 -0.775382 -0.59359 -0 -0.804767 -0.59359 -0 -0.804767 -0.554323 -0 -0.832301 -0.554323 -0 -0.832301 -0.513781 -0 -0.857921 -0.513781 -0 -0.857921 -0.472058 -0 -0.881568 -0.472058 -0 -0.881568 -0.429248 -0 -0.903187 -0.429248 -0 -0.903187 -0.385452 -0 -0.922728 -0.385451 -0 -0.922728 -0.340768 -0 -0.940147 -0.340768 -0 -0.940147 -0.295301 -0 -0.955404 -0.295301 -0 -0.955404 -0.249154 -0 -0.968464 -0.249154 -0 -0.968464 -0.202435 -0 -0.979296 -0.202435 -0 -0.979296 -0.15525 -0 -0.987875 -0.15525 -0 -0.987875 -0.107708 -0 -0.994183 -0.107708 -0 -0.994183 -0.0599182 -0 -0.998203 -0.0599182 -0 -0.998203 -0.0119907 -0 -0.999928 -0.0119907 -0 -0.999928 0.0359649 0 -0.999353 0.0359649 0 -0.999353 0.0838372 0 -0.996479 0.0838372 0 -0.996479 0.131517 0 -0.991314 0.131517 0 -0.991314 0.178894 0 -0.983868 0.178894 0 -0.983868 0.225859 0 -0.97416 0.225859 0 -0.97416 0.272306 0 -0.962211 0.272306 0 -0.962211 0.318126 0 -0.948049 0.318126 0 -0.948049 0.363214 0 -0.931706 0.363214 0 -0.931706 0.407467 0 -0.91322 0.407467 0 -0.91322 0.450783 0 -0.892634 0.450783 0 -0.892634 0.493061 0 -0.869995 0.493061 0 -0.869995 0.534206 0 -0.845354 0.534206 0 -0.845354 0.574122 0 -0.81877 0.574122 0 -0.81877 0.612717 0 -0.790302 0.612717 0 -0.790302 0.649904 0 -0.760016 0.649904 0 -0.760016 0.685595 0 -0.727983 0.685595 0 -0.727983 0.71971 0 -0.694275 0.71971 0 -0.694275 0.752169 0 -0.65897 0.752169 0 -0.65897 0.782898 0 -0.622149 0.782898 0 -0.622149 0.811827 0 -0.583898 0.811827 0 -0.583898 0.838888 0 -0.544304 0.838888 0 -0.544304 0.86402 0 -0.503458 0.86402 0 -0.503458 0.887164 0 -0.461453 0.887164 0 -0.461453 0.908269 0 -0.418387 0.908269 0 -0.418387 0.927284 0 -0.374359 0.927284 0 -0.374359 0.944166 0 -0.329471 0.944166 0 -0.329471 0.958876 0 -0.283824 0.958877 0 -0.283823 0.971382 0 -0.237524 0.971382 0 -0.237524 0.981653 0 -0.190678 0.981652 0 -0.190679 0.989666 0 -0.143394 0.989666 0 -0.143394 0.995403 0 -0.0957795 0.995403 0 -0.0957795 0.99885 0 -0.0479446 0.99885 0 -0.0479446 1 0 1.74846e-07 1 0 -3.01992e-07 -0.999712 0 0.0239792 -0.997413 0 0.0718828 -0.997413 0 0.0718828 -0.99282 0 0.119621 -0.99282 0 0.119621 -0.985943 0 0.167084 -0.985943 0 0.167084 -0.976798 0 0.214163 -0.976798 0 0.214163 -0.965407 0 0.260749 -0.965407 0 0.260749 -0.951795 0 0.306735 -0.951795 0 0.306735 -0.935994 0 0.352016 -0.935994 0 0.352016 -0.91804 0 0.396488 -0.91804 0 0.396488 -0.897975 0 0.440047 -0.897975 0 0.440047 -0.875844 0 0.482594 -0.875844 0 0.482594 -0.851699 0 0.524031 -0.851699 0 0.524031 -0.825595 0 0.564263 -0.825595 0 0.564263 -0.797592 0 0.603197 -0.797592 0 0.603197 -0.767754 0 0.640744 -0.767755 0 0.640744 -0.736151 0 0.676817 -0.736151 0 0.676817 -0.702855 0 0.711334 -0.702855 0 0.711334 -0.667942 0 0.744214 -0.667942 0 0.744214 -0.631492 0 0.775382 -0.631492 0 0.775382 -0.59359 0 0.804767 -0.59359 0 0.804767 -0.554323 0 0.832301 -0.554323 0 0.832301 -0.513781 0 0.857921 -0.513781 0 0.857921 -0.472058 0 0.881568 -0.472058 0 0.881568 -0.429248 0 0.903187 -0.429248 0 0.903187 -0.385451 0 0.922728 -0.385451 0 0.922728 -0.340768 0 0.940147 -0.340768 0 0.940147 -0.295301 0 0.955404 -0.295301 0 0.955404 -0.249154 0 0.968464 -0.249155 0 0.968464 -0.202435 0 0.979296 -0.202435 0 0.979296 -0.15525 0 0.987875 -0.15525 0 0.987875 -0.107708 0 0.994183 -0.107708 0 0.994183 -0.0599182 0 0.998203 -0.0599182 0 0.998203 -0.0119905 0 0.999928 -0.0119905 0 0.999928 0.0359647 0 0.999353 0.0359647 0 0.999353 0.0838372 0 0.996479 0.0838372 0 0.996479 0.131517 0 0.991314 0.131517 0 0.991314 0.178894 0 0.983868 0.178894 0 0.983868 0.22586 0 0.97416 0.22586 0 0.97416 0.272306 0 0.962211 0.272306 0 0.962211 0.318126 0 0.948049 0.318126 0 0.948049 0.363214 0 0.931706 0.363214 0 0.931706 0.407467 0 0.91322 0.407467 0 0.91322 0.450782 0 0.892634 0.450782 0 0.892634 0.493061 0 0.869995 0.493061 0 0.869995 0.534206 0 0.845354 0.534206 0 0.845354 0.574122 0 0.81877 0.574122 0 0.81877 0.612718 0 0.790302 0.612718 0 0.790302 0.649904 0 0.760016 0.649904 0 0.760017 0.685595 0 0.727983 0.685595 0 0.727983 0.71971 0 0.694275 0.71971 0 0.694275 0.752169 0 0.65897 0.752169 0 0.65897 0.782898 0 0.62215 0.782898 0 0.62215 0.811827 0 0.583898 0.811827 0 0.583898 0.838888 0 0.544304 0.838888 0 0.544304 0.86402 0 0.503457 0.86402 0 0.503457 0.887165 0 0.461453 0.887165 0 0.461453 0.908269 0 0.418387 0.908269 0 0.418387 0.927284 0 0.37436 0.927284 0 0.37436 0.944166 0 0.329471 0.944166 0 0.329471 0.958876 0 0.283824 0.958876 0 0.283824 0.971382 0 0.237524 0.971382 0 0.237524 0.981653 0 0.190678 0.981653 0 0.190678 0.989666 0 0.143394 0.989666 0 0.143394 0.995403 0 0.0957794 0.995403 0 0.0957794 0.99885 0 0.0479449 0.99885 0 0.0479449 0 -1 0 0 -1 0 0 -1 0 0 -1 0 0 -1 0 0 -1 0 0 -1 0 0 -1 0 0 -1 0 0 -1 0 0 -1 0 0 -1 0 0 -1 0 0 -1 0 0 -1 0 0 -1 0 0 -1 0 0 -1 0 0 -1 0 0 -1 0 0 -1 0 0 -1 0 0 -1 0 0 -1 0 0 -1 0 0 -1 0 0 -1 0 0 -1 0 0 -1 0 0 -1 0 0 -1 0 0 -1 0 0 -1 0 0 -1 0 0 -1 0 0 -1 0 0 -1 0 0 -1 0 0 -1 0 0 -1 0 0 -1 0 0 -1 0 0 -1 0 0 -1 0 0 -1 0 0 -1 0 0 -1 0 0 -1 0 0 -1 0 0 -1 0 0 -1 0 0 -1 0 0 -1 0 0 -1 0 0 -1 0 0 -1 0 0 -1 0 0 -1 0 0 -1 0 0 -1 0 0 -1 0 0 -1 0 0 -1 0 0 -1 0 0 -1 0 0 -1 0 0 -1 0 0 -1 0 0 -1 0 0 -1 0 0 -1 0 0 -1 0 0 -1 0 0 -1 0 0 -1 0 0 -1 0 0 -1 0 0 -1 0 0 -1 0 0 -1 0 0 -1 0 0 -1 0 0 -1 0 0 -1 0 0 -1 0 0 -1 0 0 -1 0 0 -1 0 0 -1 0 0 -1 0 0 -1 0 0 -1 0 0 -1 0 0 -1 0 0 -1 0 0 -1 0 0 -1 0 0 -1 0 0 -1 0 0 -1 0 0 -1 0 0 -1 0 0 -1 0 0 -1 0 0 -1 0 0 -1 0 0 -1 0 0 -1 0 0 -1 0 0 -1 0 0 -1 0 0 -1 0 0 -1 0 0 -1 0 0 -1 0 0 -1 0 0 -1 0 0 -1 0 0 -1 0 0 -1 0 0 -1 0 0 -1 0 0 -1 0 0 -1 0 0 -1 0 0 -1 0 0 -1 0 0 -1 0 0 -1 0 0 -1 0 0 -1 0 -0.672301 0 0.740278 -0.695682 0 0.718349 -0.707107 0 0.707107 0.0800567 0 -0.99679 0.0950559 0 -0.995472 0.0475818 0 -0.998867 -0.635941 0 0.771738 -0.660349 0 0.750958 -0.62349 0 0.781832 -0.59811 0 0.801414 -0.558897 0 0.829237 -0.585189 0 0.810897 -0.518393 0 0.855143 -0.545535 0 0.838088 -0.50462 0 0.863342 -0.476689 0 0.879072 -0.433884 0 0.900969 -0.462538 0 0.886599 -0.390075 0 0.920783 -0.419387 0 0.907807 -0.375267 0 0.926917 -0.345365 0 0.938468 -0.299857 0 0.953984 -0.330279 0 0.943883 -0.253654 0 0.967295 -0.284528 0 0.958668 -0.238118 0 0.971236 -0.206866 0 0.978369 -0.1596 0 0.987182 -0.191159 0 0.981559 -0.111964 0 0.993712 -0.143757 0 0.989613 -0.096023 0 0.995379 -0.0640702 0 0.997945 -0.0160279 0 0.999872 -0.0480671 0 0.998844 0.0320516 0 0.999486 -4.37114e-08 0 1 0.0475819 0 0.998867 0.0800569 0 0.99679 0.127877 0 0.99179 0.095056 0 0.995472 0.175402 0 0.984497 0.142315 0 0.989821 0.189251 0 0.981929 0.222521 0 0.974928 0.269126 0 0.963105 0.235759 0 0.971812 0.315108 0 0.949056 0.281733 0 0.959493 0.327068 0 0.945001 0.360362 0 0.932812 0.404783 0 0.914413 0.371662 0 0.928368 0.448269 0 0.893899 0.415415 0 0.909632 0.458227 0 0.888835 0.490718 0 0.871319 0.532032 0 0.846724 0.5 0 0.866025 0.572117 0 0.820172 0.540641 0 0.841254 0.580057 0 0.814576 0.610879 0 0.791724 0.648228 0 0.761446 0.618159 0 0.786053 0.68408 0 0.729407 0.654861 0 0.75575 0.690079 0 0.723734 0.718349 0 0.695683 0.750958 0 0.660349 0.723734 0 0.690079 0.781831 0 0.62349 0.75575 0 0.654861 0.786053 0 0.618159 0.810897 0 0.585189 0.838088 0 0.545535 0.814576 0 0.580057 0.863342 0 0.50462 0.841254 0 0.540641 0.866025 0 0.5 0.886599 0 0.462538 0.907807 0 0.419387 0.888835 0 0.458227 0.926917 0 0.375267 0.909632 0 0.415415 0.928368 0 0.371662 0.943883 0 0.330279 0.958668 0 0.284528 0.945001 0 0.327068 0.971236 0 0.238118 0.959493 0 0.281733 0.971812 0 0.235759 0.981559 0 0.191159 0.989613 0 0.143757 0.981929 0 0.189251 0.995379 0 0.096023 0.989821 0 0.142315 0.995472 0 0.095056 0.998844 0 0.0480671 1 0 -1.37166e-11 0.998867 0 0.0475819 1 0 -7.16619e-23 -0.729407 0 0.68408 -0.761446 0 0.648228 -0.740278 0 0.672301 -0.791724 0 0.610879 -0.771738 0 0.635941 -0.801414 0 0.59811 -0.820172 0 0.572117 -0.846724 0 0.532032 -0.829237 0 0.558898 -0.871319 0 0.490718 -0.855143 0 0.518393 -0.879072 0 0.476689 -0.893899 0 0.448269 -0.914413 0 0.404783 -0.900969 0 0.433884 -0.932812 0 0.360362 -0.920783 0 0.390075 -0.938468 0 0.345365 -0.949056 0 0.315108 -0.963105 0 0.269126 -0.953984 0 0.299856 -0.974928 0 0.222521 -0.967295 0 0.253655 -0.978369 0 0.206866 -0.984497 0 0.175402 -0.99179 0 0.127877 -0.987182 0 0.1596 -0.99679 0 0.0800569 -0.993712 0 0.111965 -0.997945 0 0.0640701 -0.999486 0 0.0320515 -0.999872 0 0.0160279 -0.999872 -0 -0.0160278 -0.999486 -0 -0.0320516 -0.997945 -0 -0.0640703 -0.99679 -0 -0.0800568 -0.99179 -0 -0.127877 -0.993712 -0 -0.111964 -0.987182 -0 -0.1596 -0.984497 -0 -0.175402 -0.978369 -0 -0.206866 -0.974928 -0 -0.222521 -0.963105 -0 -0.269126 -0.967295 -0 -0.253655 -0.953984 -0 -0.299856 -0.949056 -0 -0.315108 -0.938468 -0 -0.345365 -0.932812 -0 -0.360362 -0.914413 -0 -0.404783 -0.920783 -0 -0.390075 -0.900969 -0 -0.433884 -0.893899 -0 -0.448269 -0.879072 -0 -0.476689 -0.871319 -0 -0.490718 -0.846724 -0 -0.532032 -0.855143 -0 -0.518393 -0.829237 -0 -0.558898 -0.820172 -0 -0.572117 -0.801414 -0 -0.598111 -0.791724 -0 -0.610879 -0.761446 -0 -0.648228 -0.771738 -0 -0.635941 -0.740278 -0 -0.672301 -0.729407 -0 -0.68408 -0.707107 -0 -0.707107 -0.695683 -0 -0.718349 -0.660349 -0 -0.750959 -0.672301 -0 -0.740278 -0.635941 -0 -0.771738 -0.62349 -0 -0.781832 -0.598111 -0 -0.801414 -0.585189 -0 -0.810897 -0.545535 -0 -0.838088 -0.558898 -0 -0.829237 -0.518393 -0 -0.855143 -0.50462 -0 -0.863342 -0.476689 -0 -0.879072 -0.462538 -0 -0.886599 -0.419388 -0 -0.907807 -0.433884 -0 -0.900969 -0.390075 -0 -0.920783 -0.375267 -0 -0.926917 -0.345365 -0 -0.938468 -0.330279 -0 -0.943883 -0.284528 -0 -0.958668 -0.299856 -0 -0.953984 -0.253654 -0 -0.967295 -0.238118 -0 -0.971236 -0.206866 -0 -0.978369 -0.191158 -0 -0.981559 -0.143757 -0 -0.989613 -0.1596 -0 -0.987182 -0.111965 -0 -0.993712 -0.0960227 -0 -0.995379 -0.0640702 -0 -0.997945 -0.0480671 -0 -0.998844 1.19249e-08 0 -1 -0.0160277 -0 -0.999872 0.142315 0 -0.989821 0.127877 0 -0.99179 0.175402 0 -0.984497 0.0320513 0 -0.999486 0.281732 0 -0.959493 0.269125 0 -0.963105 0.315108 0 -0.949056 0.189251 0 -0.981929 0.222521 0 -0.974928 0.235759 0 -0.971812 0.404783 0 -0.914413 0.448269 0 -0.893899 0.415415 0 -0.909632 0.360362 0 -0.932812 0.371663 0 -0.928368 0.327068 0 -0.945001 0.572117 0 -0.820172 0.540641 0 -0.841254 0.532032 0 -0.846724 0.5 0 -0.866025 0.458227 0 -0.888835 0.490718 0 -0.871319 0.654861 0 -0.75575 0.648228 0 -0.761446 0.68408 0 -0.729407 0.580057 0 -0.814576 0.610879 0 -0.791724 0.618159 0 -0.786053 0.750958 0 -0.66035 0.781831 0 -0.62349 0.75575 0 -0.654861 0.71835 0 -0.695682 0.723734 0 -0.690079 0.690079 0 -0.723734 0.863341 0 -0.50462 0.841253 0 -0.540641 0.838088 0 -0.545535 0.814576 0 -0.580057 0.786053 0 -0.618159 0.810897 0 -0.585189 0.909632 0 -0.415415 0.907807 0 -0.419388 0.926917 0 -0.375267 0.866026 0 -0.5 0.886599 0 -0.462538 0.888836 0 -0.458226 0.945001 0 -0.327068 0.928368 0 -0.371662 0.943883 0 -0.330279 0.958668 0 -0.284527 0.959493 0 -0.281733 0.971236 0 -0.238118 0.971811 0 -0.235759 0.981929 0 -0.189251 0.981559 0 -0.191158 0.989613 0 -0.143757 0.989821 0 -0.142315 0.995379 0 -0.096023 0.995472 0 -0.0950557 0.998867 0 -0.0475816 0.998844 0 -0.048067 0 1 0 0 1 0 0 1 0 0 1 0 0 1 0 0 1 0 0 1 0 0 1 0 0 1 0 0 1 0 0 1 0 0 1 0 0 1 0 0 1 0 0 1 0 0 1 0 0 1 0 0 1 0 0 1 0 0 1 0 0 1 0 0 1 0 0 1 0 0 1 0 0 1 0 0 1 0 0 1 0 0 1 0 0 1 0 0 1 0 0 1 0 0 1 0 0 1 0 0 1 0 0 1 0 0 1 0 0 1 0 0 1 0 0 1 0 0 1 0 0 1 0 0 1 0 0 1 0 0 1 0 0 1 0 0 1 0 0 1 0 0 1 0 0 1 0 0 1 0 0 1 0 0 1 0 0 1 0 0 1 0 0 1 0 0 1 0 0 1 0 0 1 0 0 1 0 0 1 0 0 1 0 0 1 0 0 1 0 0 1 0 0 1 0 0 1 0 0 1 0 0 1 0 0 1 0 0 1 0 0 1 0 0 1 0 0 1 0 0 1 0 0 1 0 0 1 0 0 1 0 0 1 0 0 1 0 0 1 0 0 1 0 0 1 0 0 1 0 0 1 0 0 1 0 0 1 0 0 1 0 0 1 0 0 1 0 0 1 0 0 1 0 0 1 0 0 1 0 0 1 0 0 1 0 0 1 0 0 1 0 0 1 0 0 1 0 0 1 0 0 1 0 0 1 0 0 1 0 0 1 0 0 1 0 0 1 0 0 1 0 0 1 0 0 1 0 0 1 0 0 1 0 0 1 0 0 1 0 0 1 0 0 1 0 0 1 0 0 1 0 0 1 0 0 1 0 0 1 0 0 1 0 0 1 0 0 1 0 0 1 0 0 1 0 0 1 0 0 1 0 0 1 0 0 1 0 0 1 0 0 1 0 1 0 0 1 0 0 1 0 0 1 0 0 1 0 0 1 0 0 1 0 0 1 0 0 1 0 0 1 0 0 1 0 0 1 0 0 1 0 0 1 0 0 1 0 0 1 0 0 1 0 0 1 0 0 1 0 0 1 0 0 1 0 0 1 0 0 0 -0.0871557 -0.996195 0 -0.0871557 -0.996195 0 -0.0871557 -0.996195 0 -0.0871557 -0.996195 0 -0.0871557 -0.996195 0 -0.0871557 -0.996195 0 -0.0871557 -0.996195 0 -0.0871557 -0.996195 0 -0.0871557 -0.996195 0 0.0780013 -0.996953 -0 -0.0871557 -0.996195 -0 -0.0871557 -0.996195 0 0.543097 -0.83967 0 0.397485 -0.917609 0 0.397485 -0.917609 0 0.241031 -0.970518 0 0.0780013 -0.996953 0 0.241031 -0.970518 0 0.786311 -0.617831 0 0.877279 -0.479982 0 0.786311 -0.617831 0 0.543097 -0.83967 0 0.673895 -0.738827 0 0.673895 -0.738827 0 0.985595 -0.169123 0 0.985595 -0.169123 0 0.999989 -0.0045928 0 0.944316 -0.32904 0 0.877279 -0.479982 0 0.944316 -0.32904 0 0.88165 0.471903 0 0.947299 0.320352 0 0.947299 0.320352 0 0.987107 0.160063 0 0.987107 0.160063 0 0.999989 -0.0045928 0 0.680654 0.732605 0 0.680654 0.732605 0 0.791953 0.610582 0 0.88165 0.471903 0 0.791953 0.610582 0 0.550787 0.834646 0 0.550787 0.834646 0 0.405897 0.913919 0 0.405897 0.913919 0 0.249935 0.968262 0 0.249935 0.968262 0 0.0871557 0.996195 0 0.0871557 0.996195 0 0.0871557 0.996195 0 0.0871557 0.996195 0 0.0871557 0.996195 0 0.0871557 0.996195 0 0.0871557 0.996195 0 0.0871557 0.996195 0 0.0871557 0.996195 0 0.0871557 0.996195 0 0.0871557 0.996195 0.5 0 -0.866025 0.5 0 -0.866025 0.5 0 -0.866025 0.5 0 -0.866025 -0.5 0 0.866025 -0.5 0 0.866025 -0.5 0 0.866025 -0.5 0 0.866025 0.942877 0.33314 0 0.985616 0.169001 0 0.942877 0.33314 0 1 -1.74846e-07 0 0.985616 0.169001 0 1 3.01992e-07 0 0.778036 0.62822 0 0.660675 0.750672 0 0.660675 0.750672 0 0.778036 0.62822 0 0.873014 0.487695 0 0.873014 0.487695 0 0.210679 0.977555 0 0.372856 0.927889 0 0.210679 0.977555 0 0.372857 0.927889 0 0.524307 0.851529 0 0.524307 0.851529 0 -0.292823 0.956167 0 -0.292823 0.956167 0 -0.127018 0.9919 0 0.0424415 0.999099 0 -0.127018 0.9919 0 0.042441 0.999099 0 -0.594633 0.803997 0 -0.721956 0.691939 0 -0.721956 0.691939 0 -0.450204 0.892926 0 -0.450204 0.892926 0 -0.594633 0.803997 0 -0.967733 0.251978 0 -0.911228 0.411901 0 -0.967733 0.251978 0 -0.911228 0.411901 0 -0.82851 0.559975 0 -0.82851 0.559975 0 -0.967733 -0.251978 -0 -0.967733 -0.251978 -0 -0.996397 -0.0848059 -0 -0.996397 0.0848059 0 -0.996397 -0.0848059 -0 -0.996397 0.0848059 0 -0.82851 -0.559975 -0 -0.721956 -0.691939 -0 -0.721956 -0.691939 -0 -0.911228 -0.411901 -0 -0.911229 -0.411901 -0 -0.82851 -0.559975 -0 -0.292823 -0.956167 -0 -0.450204 -0.892926 -0 -0.292823 -0.956167 -0 -0.450204 -0.892926 -0 -0.594633 -0.803997 -0 -0.594633 -0.803997 -0 0.210679 -0.977555 0 0.0424412 -0.999099 0 0.0424412 -0.999099 0 -0.127018 -0.9919 -0 -0.127018 -0.9919 -0 0.210679 -0.977555 0 0.372857 -0.927889 0 0.372856 -0.927889 0 0.524307 -0.851529 0 0.660675 -0.750672 0 0.524307 -0.851529 0 0.660675 -0.750672 0 0.778036 -0.62822 0 0.778036 -0.62822 0 0.873014 -0.487695 0 0.942877 -0.33314 0 0.873014 -0.487695 0 0.942877 -0.33314 0 0.985616 -0.169001 0 0.985616 -0.169001 0 0.942877 0.33314 0 0.985616 0.169001 0 0.942877 0.33314 0 1 -1.74846e-07 0 0.985616 0.169001 0 1 3.01992e-07 0 0.778036 0.62822 0 0.660675 0.750672 0 0.660675 0.750672 0 0.778036 0.62822 0 0.873014 0.487695 0 0.873014 0.487695 0 0.210679 0.977555 0 0.372856 0.927889 0 0.210679 0.977555 0 0.372857 0.927889 0 0.524307 0.851529 0 0.524307 0.851529 0 -0.292823 0.956167 0 -0.292823 0.956167 0 -0.127018 0.9919 0 0.0424415 0.999099 0 -0.127018 0.9919 0 0.042441 0.999099 0 -0.594633 0.803997 0 -0.721956 0.691939 0 -0.721956 0.691939 0 -0.450204 0.892926 0 -0.450204 0.892926 0 -0.594633 0.803997 0 -0.967733 0.251978 0 -0.911228 0.411901 0 -0.967733 0.251978 0 -0.911228 0.411901 0 -0.82851 0.559975 0 -0.82851 0.559975 0 -0.967733 -0.251978 -0 -0.967733 -0.251978 -0 -0.996397 -0.0848059 -0 -0.996397 0.0848059 0 -0.996397 -0.0848059 -0 -0.996397 0.0848059 0 -0.82851 -0.559975 -0 -0.721956 -0.691939 -0 -0.721956 -0.691939 -0 -0.911228 -0.411901 -0 -0.911229 -0.411901 -0 -0.82851 -0.559975 -0 -0.292823 -0.956167 -0 -0.450204 -0.892926 -0 -0.292823 -0.956167 -0 -0.450204 -0.892926 -0 -0.594633 -0.803997 -0 -0.594633 -0.803997 -0 0.210679 -0.977555 0 0.0424412 -0.999099 0 0.0424412 -0.999099 0 -0.127018 -0.9919 -0 -0.127018 -0.9919 -0 0.210679 -0.977555 0 0.372857 -0.927889 0 0.372856 -0.927889 0 0.524307 -0.851529 0 0.660675 -0.750672 0 0.524307 -0.851529 0 0.660675 -0.750672 0 0.778036 -0.62822 0 0.778036 -0.62822 0 0.873014 -0.487695 0 0.942877 -0.33314 0 0.873014 -0.487695 0 0.942877 -0.33314 0 0.985616 -0.169001 0 0.985616 -0.169001 0 0 0 1 0 0 1 0 0 1 0 0 1 0 0 1 0 0 1 0 0 1 0 0 1 0 0 1 0 0 1 0 0 1 0 0 1 0 0 1 0 0 1 0 0 1 0 0 1 0 0 1 0 0 1 0 0 1 0 0 1 0 0 1 0 0 1 0 0 1 0 0 1 0 0 1 0 0 1 0 0 1 0 0 1 0 0 1 0 0 1 0 0 1 0 0 1 0 0 1 0 0 1 0 0 1 0 0 1 0 0 1 0 0 1 0 0 1 0 0 1 0 0 1 0 0 1 0 0 1 0 0 1 0 0 1 0 0 1 0 0 1 0 0 1 0 0 1 0 0 1 0 0 1 0 0 1 0 0 1 0 0 1 0 0 1 0 0 1 0 0 1 0 0 1 0 0 1 0 0 1 0 0 1 0 0 1 0 0 1 0 0 1 0 0 1 0 0 1 0 0 1 0 0 1 0 0 1 0 0 1 0 0 1 0 0 1 0 0 1 0 0 1 0 0 1 0 0 1 0 0 1 0 0 1 0 0 1 0 0 1 0 0 1 0 0 1 0 0 1 0 0 1 0 0 1 0 0 1 0 0 1 0 0 1 0 0 1 0 0 1 0 0 1 0 0 1 0 0 1 0 0 1 0 0 1 0 0 1 0 0 1 0 0 1 0 0 1 0 0 1 0 0 1 0 0 1 0 0 1 0 0 1 0 0 1 0 0 1 0 0 1 0 0 1 0 0 1 0 0 1 0 0 1 0 0 1 0 0 1 0 0 1 0 0 1 0 0 1 0 0 1 0 0 1 0 0 1 0 0 1 0 0 1 0 0 1 0 0 1 0 0 1 0 0 1 0 0 1 0 0 1 0 0 1 0 0 1 0 0 1 0 0 1 0 0 1 0 0 1 0 0 1 0 0 1 0 0 1 0 0 1 0 0 1 0 0 1 0 0 1 0 0 1 0 0 1 0 0 1 0 0 1 0 0 1 0 0 1 0 0 1 0 0 1 0 0 1 0 0 1 0 0 1 0 0 1 0 0 1 0 0 1 0 0 1 0 0 1 0 0 1 0 0 1 0 0 1 0 0 1 0 0 1 0 0 1 0 0 1 0 0 1 0 0 1 0 0 1 0 0 1 0 0 1 0 0 1 0 0 1 0 0 1 0 0 1 0 0 1 0 0 1 0 0 1 0 0 1 0 0 1 0 0 1 0 0 1 0 0 1 0 0 1 0 0 1 0 0 1 0 0 1 0 0 1 0 0 1 0 0 1 0 0 1 0 0 1 0 0 1 0 0 1 0 0 1 0 0 1 0 0 1 0 0 1 0 0 1 0 0 1 0 0 1 0 0 1 0 0 1 0 0 1 0 0 1 0 0 1 0 0 1 0 0 1 0 0 1 0 0 1 0 0 1 0 0 1 0 0 1 0 0 1 0 0 1 0 0 1 0 0 1 0 0 1 0 0 1 0 0 1 0 0 1 0 0 1 0 0 1 0 0 1 0 0 1 0 0 1 0 0 1 0 0 1 0 0 1 0 0 1 0 0 1 0 0 1 0 0 1 0 0 1 0 0 1 -0 -1 -0 -0 -1 -0 -0 -1 -0 -0 -1 -0 -0 -1 -0 -0 -1 -0 -0 -1 -0 -0 -1 -0 -0 -1 -0 -0 -1 -0 -0 -1 -0 -0 -1 -0 -0 -1 -0 -0 -1 -0 -0 -1 -0 -0 -1 -0 -0 -1 -0 -0 -1 -0 -0 -1 -0 -0 -1 -0 -0 -1 -0 -0 -1 -0 -0 -1 -0 -0 -1 -0 -0 -1 -0 -0 -1 -0 -0 -1 -0 -0 -1 -0 -0 -1 -0 -0 -1 -0 -0 -1 -0 -0 -1 -0 -0 -1 -0 -0 -1 -0 -0 -1 -0 -0 -1 -0 -0 -1 -0 -0 -1 -0 -0 -1 -0 -0 -1 -0 -0 -1 -0 -0 -1 -0 -0 -1 -0 -0 -1 -0 -0 -1 -0 -0 -1 -0 -0 -1 -0 -0 -1 -0 -0 -1 -0 -0 -1 -0 -0 -1 -0 -0 -1 -0 -0 -1 -0 -0 -1 -0 -0 -1 -0 -0 -1 -0 -0 -1 -0 -0 -1 -0 -0 -1 -0 -0 -1 -0 -0 -1 -0 -0 -1 -0 -0 -1 -0 -0 -1 -0 -0 -1 -0 -0 -1 -0 -0 -1 -0 -0 -1 -0 -0 -1 -0 -0 -1 -0 -0 -1 -0 -0 -1 -0 -0 -1 -0 -0 -1 -0 -0 -1 -0 -0 -1 -0 -0 -1 -0 -0 -1 -0 -0 -1 -0 -0 -1 -0 -0 -1 -0 -0 -1 -0 -0 -1 -0 -0 -1 -0 -0 -1 -0 -0 -1 -0 -0 -1 -0 -0 -1 -0 -0 -1 -0 -0 -1 -0 -0 -1 -0 -0 -1 -0 -0 -1 -0 -0 -1 -0 -0 -1 -0 -0 -1 -0 -0 -1 -0 -0 -1 -0 -0 -1 -0 -0 -1 -0 -0 -1 -0 -0 -1 -0 -0 -1 -0 -0 -1 -0 -0 -1 -0 -0 -1 -0 -0 -1 -0 -0 -1 -0 -0 -1 -0 -0 -1 -0 -0 -1 -0 -0 -1 -0 -0 -1 -0 -0 -1 -0 -0 -1 -0 -0 -1 -0 -0 -1 -0 -0 -1 -0 -0 -1 -0 -0 -1 -0 -0 -1 -0 -0 -1 -0 -0 -1 -0 -0 -1 -0 -0 -1 -0 -0 -1 -0 -0 -1 -0 -0 -1 -0 -0 -1 -0 -0 -1 -0 -0 -1 -0 -0 -1 -0 -0 -1 -0 -0 -1 -0 -0 -1 -0 -0 -1 -0 -0 -1 -0 -0 -1 -0 -0 -1 -0 -0 -1 -0 -0 -1 -0 -0 -1 -0 -0 -1 -0 -0 -1 -0 -0 -1 -0 -0 -1 -0 -0 -1 -0 -0 -1 -0 -0 -1 -0 -0 -1 -0 -0 -1 -0 -0 -1 -0 -0 -1 -0 -0 -1 -0 -0 -1 -0 -0 -1 -0 -0 -1 -0 -0 -1 -0 -0 -1 -0 -0 -1 -0 -0 -1 -0 -0 -1 -0 -0 -1 -0 -0 -1 -0 -0 -1 -0 -0 -1 -0 -0 -1 -0 -0 -1 -0 -0 -1 -0 -0 -1 -0 -0 -1 -0 -0 -1 -0 -0 -1 -0 -0 -1 -0 -0 -1 -0 -0 -1 -0 -0 -1 -0 -0 -1 -0 -0 -1 -0 -0 -1 -0 -0 -1 -0 -0 -1 -0 -0 -1 -0 -0 -1 -0 -0 -1 -0 -0 -1 -0 -0 -1 -0 -0 -1 -0 -0 -1 -0 -0 -1 -0 -0 -1 -0 -0 -1 -0 -0 -1 -0 -0 -1 -0 -0 -1 -0 -0 -1 -0 -0 -1 -0 -0 -1 -0 -0 -1 -0 -0 -1 -0 -0 -1 -0 -0 -1 -0 -0 -1 -0 -0 -1 -0 -0 -1 -0 -0 -1 -0 -0 -1 -0 -0 -1 -0 -0 -1 -0 -0 -1 -0 -0 -1 -0 -0 -1 -0 -0 -1 -0 -0 -1 -0 -0 -1 -0 -0 -1 -0 -0 -1 -0 -0 -1 -0 -0 -1 -0 -0 -1 -0 -0 -1 -0 -0 -1 -0 -0 -1 -0 -0 -1 -0 -0 -1 -0 -0 -1 -0 -0 -1 -0 -0 -1 -0 -0 -1 -0 -0 -1 -0 -0 -1 -0 -0 -1 -0 -0 -1 -0 -0 -1 -0 -0 -1 -0 -0 -1 -0 -0 -1 -0 -0 -1 -0 -0 -1 -0 -0 -1 -0 -0 -1 -0 -0 -1 -0 -0 -1 -0 -0 -1 -0 -0 -1 -0 -0 -1 -0 -0 -1 -0 -0 -1 -0 -0 -1 -0 -0 -1 -0 -0 -1 -0 -0 -1 -0 -0 -1 -0 -0 -1 -0 -0 -1 -0 -0 -1 -0 -0 -1 -0 -0 -1 -0 -0 -1 -0 -0 -1 -0 -0 -1 -0 -0 -1 -0 -0 -1 -0 -0 -1 -0 -0 -1 -0 -0 -1 -0 -0 -1 -0 -0 -1 -0 -0 -1 -0 -0 -1 -0 -0 -1 -0 -0 -1 -0 -0 -1 -0 -0 -1 -0 -0 -1 -0 -0 -1 -0 -0 -1 -0 -0 -1 -0 -0 -1 -0 -0 -1 -0 -0 -1 -0 0 1 0 0 1 0 0 1 0 0 1 0 0 1 0 0 1 0 0 1 0 0 1 0 0 1 0 0 1 0 0 1 0 0 1 0 0 1 0 0 1 0 0 1 0 0 1 0 0 1 0 0 1 0 0 1 0 0 1 0 0 1 0 0 1 0 0 1 0 0 1 0 0 1 0 0 1 0 0 1 0 0 1 0 0 1 0 0 1 0 0 1 0 0 1 0 0 1 0 0 1 0 0 1 0 0 1 0 0 1 0 0 1 0 0 1 0 0 1 0 0 1 0 0 1 0 0 1 0 0 1 0 0 1 0 0 1 0 0 1 0 0 1 0 0 1 0 0 1 0 0 1 0 0 1 0 0 1 0 0 1 0 0 1 0 0 1 0 0 1 0 0 1 0 0 1 0 0 1 0 0 1 0 0 1 0 0 1 0 0 1 0 0 1 0 0 1 0 0 1 0 0 1 0 0 1 0 0 1 0 0 1 0 0 1 0 0 1 0 0 1 0 0 1 0 0 1 0 0 1 0 0 1 0 0 1 0 0 1 0 0 1 0 0 1 0 0 1 0 0 1 0 0 1 0 0 1 0 0 1 0 0 1 0 0 1 0 0 1 0 0 1 0 0 1 0 0 1 0 0 1 0 0 1 0 0 1 0 0 1 0 0 1 0 0 1 0 0 1 0 0 1 0 0 1 0 0 1 0 0 1 0 0 1 0 0 1 0 0 1 0 0 1 0 0 1 0 0 1 0 0 1 0 0 1 0 0 1 0 0 1 0 0 1 0 0 1 0 0 1 0 0 1 0 0 1 0 0 1 0 0 1 0 0 1 0 0 1 0 0 1 0 0 1 0 0 1 0 0 1 0 0 1 0 0 1 0 0 1 0 0 1 0 0 1 0 0 1 0 0 1 0 0 1 0 0 1 0 0 1 0 0 1 0 0 1 0 0 1 0 0 1 0 0 1 0 0 1 0 0 1 0 0 1 0 0 1 0 0 1 0 0 1 0 0 1 0 0 1 0 0 1 0 0 1 0 0 1 0 0 1 0 0 1 0 0 1 0 0 1 0 0 1 0 0 1 0 0 1 0 0 1 0 0 1 0 0 1 0 0 1 0 0 1 0 0 1 0 0 1 0 0 1 0 0 1 0 0 1 0 0 1 0 0 1 0 0 1 0 0 1 0 0 1 0 0 1 0 0 1 0 0 1 0 0 1 0 0 1 0 0 1 0 0 1 0 0 1 0 0 1 0 0 1 0 0 1 0 0 1 0 0 1 0 0 1 0 0 1 0 0 1 0 0 1 0 0 1 0 0 1 0 0 1 0 0 1 0 0 1 0 0 1 0 0 1 0 0 1 0 0 1 0 0 1 0 0 1 0 0 1 0 0 1 0 0 1 0 0 1 0 0 1 0 0 1 0 0 1 0 0 1 0 0 1 0 0 1 0 0 1 0 0 1 0 0 1 0 0 1 0 0 1 0 0 1 0 0 1 0 0 1 0 0 1 0 0 1 0 0 1 0 0 1 0 0 1 0 0 1 0 0 1 0 0 1 0 0 1 0 0 1 0 0 1 0 0 1 0 0 1 0 0 1 0 0 1 0 0 1 0 0 1 0 0 1 0 0 1 0 0 1 0 0 1 0 0 1 0 0 1 0 0 1 0 0 1 0 0 1 0 0 1 0 0 1 0 0 1 0 0 1 0 0 1 0 0 1 0 0 1 0 0 1 0 0 1 0 0 1 0 0 1 0 0 1 0 0 1 0 0 1 0 0 1 0 0 1 0 0 1 0 0 1 0 0 1 0 0 1 0 0 1 0 0 1 0 0 1 0 0 1 0 0 1 0 0 1 0 0 1 0 0 1 0 0 1 0 0 1 0 0 1 0 0 1 0 0 1 0 0 1 0 0 1 0 0 1 0 0 1 0 0 1 0 0 1 0 -0.0088055 0.993566 -0.112908 -0.00912325 0.993566 -0.112888 -0.00832654 0.995259 -0.096899 -0.00864861 0.990343 -0.138366 -0.00898218 0.990358 -0.138242 -0.008291 0.993564 -0.11297 -0.0096637 0.993561 -0.112884 -0.0096334 0.995229 -0.0970894 -0.00911757 0.995245 -0.0969792 -0.00881503 0.995252 -0.0969349 -0.00869214 0.997405 -0.0714651 -0.00896228 0.997392 -0.0716095 0.997525 0.0697565 -0.00879964 0.997525 0.0697565 -0.00879964 0.997525 0.0697565 -0.00879964 0.997525 0.0697565 -0.00879964 -0.000660491 0.0697565 0.997564 -0.000660491 0.0697565 0.997564 -0.000660491 0.0697565 0.997564 -0.000660491 0.0697565 0.997564 0.997537 0.0697565 -0.00728726 0.997537 0.0697565 -0.00728726 0.997537 0.0697565 -0.00728726 0.997537 0.0697565 -0.00728726 -0.000657333 0.0697565 -0.997564 -0.000657333 0.0697565 -0.997564 -0.000657333 0.0697565 -0.997564 -0.000657333 0.0697565 -0.997564 0.997547 0.0697565 -0.00579403 0.997547 0.0697565 -0.00579403 0.997547 0.0697565 -0.00579403 0.997547 0.0697565 -0.00579403 -0.00061611 0.0697565 -0.997564 -0.00061611 0.0697565 -0.997564 -0.00061611 0.0697565 -0.997564 -0.00061611 0.0697565 -0.997564 -0.997547 0.0697565 -0.00577728 -0.997547 0.0697565 -0.00577728 -0.997547 0.0697565 -0.00577728 -0.997547 0.0697565 -0.00577728 -0.00059927 0.0697565 -0.997564 -0.00059927 0.0697565 -0.997564 -0.00059927 0.0697565 -0.997564 -0.00059927 0.0697565 -0.997564 -0.997537 0.0697565 -0.00728203 -0.997537 0.0697565 -0.00728203 -0.997537 0.0697565 -0.00728203 -0.997537 0.0697565 -0.00728203 -0.000598826 0.0697565 0.997564 -0.000598826 0.0697565 0.997564 -0.000598826 0.0697565 0.997564 -0.000598826 0.0697565 0.997564 -0.997533 0.0697565 -0.00789292 -0.997517 0.0697565 -0.00969159 -0.997518 0.0697565 -0.00963493 -0.997533 0.0697565 -0.00789292 -0.000621131 0.0697565 0.997564 -0.000621131 0.0697565 0.997564 -0.000621131 0.0697565 0.997564 -0.000621131 0.0697565 0.997564 -0.0070366 0.999835 0.0167401 -0.00704564 0.99984 0.0164293 -0.00656196 0.999433 0.0330208 -0.00750935 0.999972 0.000455817 -0.00752738 0.999972 -0.000166433 -0.00705568 0.999819 0.01767 -0.0070756 0.999792 0.0191482 -0.00643022 0.999331 0.0360026 -0.00785428 0.999967 -0.00183445 -0.00774759 0.999969 -0.0014747 -0.00816195 0.999833 -0.0163733 -0.00740447 0.999973 -0.000416175 -0.00757326 0.999856 -0.0151799 -0.00798436 0.99984 -0.0159789 -0.00861864 0.999311 -0.036113 -0.00839766 0.999324 -0.0357982 -0.00760672 0.999971 -0.00102052 -0.00829546 0.999826 -0.0166868 -0.00542651 0.998113 0.0611609 -0.006254 0.999146 0.0408539 -0.00686315 0.999764 0.0206037 -0.00727482 0.999973 0.000418241 -0.00628813 0.999187 0.0398196 -0.0053854 0.998151 0.0605434 -0.00699597 0.999816 0.0178821 0.837376 0.0697565 0.542158 0.837339 0.0697565 0.542215 0.836831 0.0697565 0.542999 0.836253 0.0697565 0.543888 0.836815 0.0697565 0.543023 0.836322 0.0697565 0.543783 0.997562 0.0697565 -0.00185249 0.997562 0.0697565 -0.00185249 0.997562 0.0697565 -0.00185249 0.997562 0.0697565 -0.00185249 -0.000575402 0.0697565 0.997564 -0.000575402 0.0697565 0.997564 -0.000575402 0.0697565 0.997564 -0.000575402 0.0697565 0.997564 0.997564 0.0697565 -0.000642861 0.997564 0.0697565 -0.000642861 0.997564 0.0697565 -0.000642861 0.997564 0.0697565 -0.000642861 -0.000542534 0.0697565 -0.997564 -0.000542534 0.0697565 -0.997564 -0.000542534 0.0697565 -0.997564 -0.000542534 0.0697565 -0.997564 0.997564 0.0697565 -4.8806e-05 0.997562 0.0697566 0.0020941 0.997563 0.0697566 0.0013252 0.997555 0.0697565 0.00418073 0.99756 0.0697566 0.00275332 0.997555 0.0697565 0.00423509 0.997564 0.0697565 -0.000103404 -0.000377128 0.0697565 -0.997564 -0.000377128 0.0697565 -0.997564 -0.000377128 0.0697565 -0.997564 -0.000377128 0.0697565 -0.997564 -0.833581 0.0697565 -0.547975 -0.833587 0.0697565 -0.547966 -0.834216 0.0697566 -0.547008 -0.834533 0.0697566 -0.546525 -0.834844 0.0697566 -0.546049 -0.835481 0.0697565 -0.545074 -0.83547 0.0697565 -0.54509 -0.997564 0.0697565 -0.00053786 -0.997564 0.0697565 -0.00053786 -0.997564 0.0697565 -0.00053786 -0.997564 0.0697565 -0.00053786 -0.000542962 0.0697565 0.997564 -0.000542962 0.0697565 0.997564 -0.000542962 0.0697565 0.997564 -0.000542962 0.0697565 0.997564 -0.997562 0.0697565 -0.0018252 -0.997562 0.0697565 -0.0018252 -0.997562 0.0697565 -0.0018252 -0.997562 0.0697565 -0.0018252 -0.000594081 0.0697565 0.997564 -0.000594081 0.0697565 0.997564 -0.000594081 0.0697565 0.997564 -0.000594081 0.0697565 0.997564 -0.997561 0.0697565 0.00229457 -0.997563 0.0697565 0.00114372 -0.997563 0.0697565 0.00120857 -0.997564 0.0697565 -7.60188e-06 -0.997564 0.0697565 -6.19613e-05 -0.997561 0.0697565 0.00247886 -0.000521943 0.0697565 -0.997564 -0.000521943 0.0697565 -0.997564 -0.000521943 0.0697565 -0.997564 -0.000521943 0.0697565 -0.997564 -0.00301395 0.99238 0.123178 -0.00368812 0.99406 0.108768 -0.00285113 0.994394 0.105701 -0.00195446 0.992782 0.119917 0.997533 0.0697565 0.00783185 0.997533 0.0697565 0.00783185 0.997533 0.0697565 0.00783185 0.997533 0.0697565 0.00783185 -0.00017627 0.0697565 -0.997564 -0.00017627 0.0697565 -0.997564 -0.00017627 0.0697565 -0.997564 -0.00017627 0.0697565 -0.997564 -0.997531 0.0697565 0.00805939 -0.997531 0.0697565 0.00805939 -0.997531 0.0697565 0.00805939 -0.997531 0.0697565 0.00805939 -0.000236148 0.0697565 0.997564 -0.000236148 0.0697565 0.997564 -0.000236148 0.0697565 0.997564 -0.000236148 0.0697565 0.997564 0.000719516 -0.826165 -0.563427 0.000590844 -0.750382 -0.661004 0.00067671 -0.801647 -0.597798 0.000521937 -0.707444 -0.706769 0.000817442 -0.879216 -0.476422 0.000942115 -0.938935 -0.344093 0.000837205 -0.889338 -0.45725 0.000453152 -0.663145 -0.748491 0.000308544 -0.565784 -0.824553 0.000356334 -0.598562 -0.801076 0.000183337 -0.477261 -0.878762 0.000159226 -0.459788 -0.888029 6.53691e-06 -0.346057 -0.938214 0.00138089 -0.880406 -0.474219 0.00109627 -0.802854 -0.596175 0.11394 -0.766988 -0.631464 0.0645762 -0.902951 -0.424864 0.00166797 -0.938538 -0.345171 0.112146 -0.824041 -0.55532 0.000826342 -0.70744 -0.706773 0.114439 -0.702711 -0.702212 0.000580961 -0.596932 -0.802292 0.113623 -0.632034 -0.766566 0.0809877 -0.445594 -0.891564 0.164192 -0.533341 -0.829812 0.111516 -0.555955 -0.823698 0.000366495 -0.475049 -0.879959 0.000185297 -0.346056 -0.938214 0.219719 -0.7526 -0.620739 0.220536 -0.721954 -0.655856 0.244125 -0.608443 -0.755116 0.219426 -0.620927 -0.75253 0.316337 -0.671007 -0.670582 0.22039 -0.656015 -0.721854 0.130378 -0.857395 -0.497872 0.220761 -0.689726 -0.689596 0.258714 -0.739713 -0.621202 0.196005 -0.80257 -0.563439 0.121001 -0.70342 0.700399 0.222489 -0.722364 0.654743 0.222485 -0.690307 0.68846 0.086002 -0.446558 0.890612 0.00787525 -0.347422 0.937676 0.00916774 -0.458509 0.888642 0.119629 -0.633009 0.764845 0.116888 -0.557205 0.822107 0.0103714 -0.564788 0.825171 0.0114539 -0.663506 0.748083 0.0123867 -0.752141 0.658885 0.119553 -0.824273 0.553427 0.0137239 -0.891406 0.452998 0.0905108 -0.892429 0.442016 0.0131481 -0.828605 0.55968 0.0141094 -0.93974 0.341598 0.169386 -0.830291 0.530967 0.221885 -0.752853 0.619661 0.245427 -0.755552 0.607377 0.120971 -0.767448 0.629595 0.221869 -0.656776 0.720708 0.311869 -0.674847 0.668819 0.166509 -0.534208 0.828792 0.220647 -0.621878 0.751388 0.244064 -0.609364 0.754392 0.00011278 0.472802 -0.881169 0.000466099 0.595989 -0.802993 0.11369 0.631292 -0.767167 0.0630611 0.422817 -0.904018 -0.000197935 0.342448 -0.939537 0.111447 0.554478 -0.824702 0.000855588 0.707614 -0.706599 0.114614 0.70262 -0.702274 0.00127016 0.803847 -0.594835 0.114194 0.767437 -0.630872 0.0823253 0.893132 -0.442197 0.165094 0.830896 -0.531372 0.112449 0.824896 -0.553987 0.00169509 0.881845 -0.471536 0.00211371 0.940025 -0.341098 0.219496 0.620248 -0.75307 0.220521 0.655637 -0.722157 0.244674 0.755549 -0.607684 0.219963 0.752989 -0.62018 0.316572 0.670281 -0.671197 0.220755 0.722113 -0.655607 0.129293 0.496423 -0.858398 0.220942 0.689628 -0.689636 0.258537 0.620637 -0.740249 0.195379 0.562488 -0.803389 0.000306028 0.70891 -0.705299 0.000119728 0.781816 -0.623509 0.0003092 0.707582 -0.706632 6.14855e-05 0.802582 -0.596542 -6.80092e-05 0.845337 -0.534233 0.000488654 0.627493 -0.778622 -0.00025493 0.89871 -0.438544 -0.000187528 0.880612 -0.473839 -0.00043879 0.941293 -0.33759 -0.000432577 0.940021 -0.341116 0.000550376 0.59762 -0.80178 0.000665414 0.538542 -0.842598 0.000779914 0.475021 -0.879974 0.000834185 0.443127 -0.896459 0.000992942 0.342392 -0.939557 0.118099 0.769565 0.627553 0.00999444 0.884337 0.466742 0.008701 0.806574 0.591069 0.116965 0.826955 0.549967 0.117835 0.704723 0.699629 0.011089 0.942039 0.33532 0.00724331 0.710335 0.703826 0.00566728 0.59849 0.80111 0.116164 0.633286 0.76515 0.0640533 0.424568 0.903128 0.129608 0.498263 0.857284 0.113125 0.556291 0.823251 0.195071 0.564383 0.802134 0.00308721 0.344087 0.938933 0.00402539 0.474923 0.880018 0.221851 0.723869 0.653296 0.257801 0.6225 0.73894 0.219556 0.622 0.751606 0.220941 0.657405 0.720419 0.312876 0.670322 0.672888 0.221372 0.754718 0.617572 0.221707 0.691398 0.687615 0.0885332 0.894904 0.437389 0.168586 0.832502 0.527749 0.245711 0.757118 0.605309 0.00832129 0.783135 0.621796 0.00684785 0.710373 0.703792 0.00879113 0.805341 0.592746 0.0105467 0.883113 0.469042 0.0109517 0.899665 0.436444 0.00969478 0.846488 0.53232 0.012077 0.942026 0.335322 0.00684776 0.710368 0.703797 0.00529191 0.629061 0.777338 0.00475834 0.600235 0.79981 0.00367245 0.540192 0.841534 0.00256723 0.477279 0.878748 0.000321289 0.344132 0.938921 0.00200883 0.444829 0.895613 0.977077 -0.212168 -0.0174554 0.974863 -0.222119 -0.0174561 0.973435 -0.228297 -0.0174565 0.981578 -0.190261 -0.0174536 0.978416 -0.205904 -0.0174549 0.980325 -0.196618 -0.0174541 0.986898 -0.160398 -0.0174524 0.985808 -0.166969 -0.0174524 0.988111 -0.152745 -0.0174525 0.983222 -0.181574 -0.017453 0.984393 -0.175115 -0.0174527 0.991935 -0.12554 -0.0174531 0.993503 -0.11246 -0.0174534 0.992775 -0.118712 -0.0174533 0.990146 -0.13895 -0.0174527 0.991067 -0.132219 -0.0174529 0.989118 -0.146089 -0.0174526 0.997051 -0.0747288 -0.0174538 0.996649 -0.0799074 -0.0174538 0.996047 -0.0870975 -0.0174538 0.99555 -0.0926052 -0.0174538 0.994264 -0.105525 -0.0174536 0.994868 -0.0996605 -0.0174537 0.998934 -0.0427308 -0.0174533 0.998333 -0.0550088 -0.0174536 0.998576 -0.0504199 -0.0174535 0.997574 -0.0673914 -0.0174538 0.997891 -0.0625154 -0.0174537 0.99968 -0.0183181 -0.0174526 0.999743 -0.0144946 -0.0174526 0.999829 -0.0061183 -0.0174524 0.99911 -0.0384073 -0.0174532 0.999498 -0.0264434 -0.0174528 0.999382 -0.0305096 -0.0174529 0.999291 0.0333508 -0.017453 0.999383 0.0304943 -0.0174529 0.999619 0.0214008 -0.0174527 0.999803 0.00945107 -0.0174525 0.999829 0.00610831 -0.0174524 0.999844 -0.00252882 -0.0174524 0.997575 0.0673733 -0.0174538 0.9982 0.0573832 -0.0174536 0.997427 0.0695341 -0.0174538 0.998935 0.0427089 -0.0174533 0.998819 0.0453338 -0.0174533 0.998334 0.0549926 -0.0174536 0.994109 0.106968 -0.0174535 0.992777 0.118698 -0.0174533 0.994265 0.105512 -0.0174536 0.996494 0.0818231 -0.0174538 0.995551 0.0925967 -0.0174538 0.99665 0.0798956 -0.0174538 0.981582 0.190242 -0.0174536 0.984397 0.175093 -0.0174527 0.981626 0.190016 -0.0174536 0.990942 0.133154 -0.0174529 0.989018 0.14676 -0.0174526 0.98912 0.146069 -0.0174526 0.867643 0.496881 -0.0174822 0.880691 0.47337 -0.0174783 0.885779 0.463777 -0.017476 0.96684 0.254785 -0.0174575 0.961931 0.272733 -0.0174574 0.966356 0.256614 -0.0174575 -0.773289 0.633813 -0.0174622 -0.75133 0.659696 -0.0174562 -0.790098 0.612731 -0.0174679 -0.567954 0.822875 -0.0174553 -0.64324 0.765466 -0.0174548 -0.606672 0.79476 -0.0174555 -0.880663 0.473421 -0.0174783 -0.868974 0.494549 -0.0174819 -0.886849 0.461729 -0.0174755 -0.901858 0.431679 -0.0174664 -0.897017 0.441651 -0.0174696 -0.910801 0.412477 -0.0174603 -0.914613 0.403952 -0.0174578 -0.925529 0.378274 -0.0174527 -0.922472 0.385669 -0.0174536 -0.994813 -0.100213 -0.0174537 -0.994265 -0.105512 -0.0174536 -0.995551 -0.0925967 -0.0174538 -0.93253 0.36067 -0.0174526 -0.984397 -0.175093 -0.0174527 -0.983109 -0.182188 -0.0174531 -0.981582 -0.190242 -0.0174536 -0.985705 -0.167574 -0.0174524 -0.993439 -0.11302 -0.0174534 -0.990064 -0.139532 -0.0174527 -0.98912 -0.146069 -0.0174526 -0.99107 -0.132194 -0.0174529 -0.998548 -0.0509545 -0.0174535 -0.997858 -0.0630528 -0.0174537 -0.998334 -0.0549925 -0.0174536 -0.99665 -0.0798956 -0.0174538 -0.99701 -0.0752704 -0.0174538 -0.995999 -0.0876441 -0.0174538 -0.999484 -0.0269753 -0.0174529 -0.99968 -0.0183031 -0.0174526 -0.999735 -0.0150279 -0.0174526 -0.999383 -0.0304943 -0.0174529 -0.999089 -0.0389399 -0.0174532 -0.999382 0.0305097 -0.0174529 -0.99963 0.0208639 -0.0174527 -0.99968 0.0183181 -0.0174526 -0.999808 0.00891428 -0.0174525 -0.999829 0.00611837 -0.0174524 -0.999309 0.0328124 -0.017453 -0.998934 0.0427306 -0.0174533 -0.998844 0.0447927 -0.0174533 -0.99665 0.0799073 -0.0174538 -0.99654 0.0812641 -0.0174538 -0.997465 0.0689838 -0.0174538 -0.998231 0.0568383 -0.0174536 -0.997574 0.0673914 -0.0174538 -0.995446 0.0937178 -0.0174538 -0.99555 0.0926051 -0.0174538 -0.994264 0.105525 -0.0174536 -0.992704 0.11931 -0.0174533 -0.992775 0.118712 -0.0174533 -0.991067 0.132219 -0.0174529 -0.994172 0.106385 -0.0174536 -0.986943 0.16012 -0.0174524 -0.989112 0.146123 -0.0174526 -0.989118 0.146089 -0.0174526 -0.991024 0.132539 -0.0174529 -0.981762 0.189312 -0.0174536 -0.984393 0.175115 -0.0174527 -0.981578 0.190261 -0.0174536 -0.9845 0.174516 -0.0174527 -0.971404 0.236792 -0.017457 -0.975259 0.220377 -0.017456 -0.974863 0.222119 -0.0174561 -0.978416 0.205904 -0.0174549 -0.978695 0.204576 -0.0174548 -0.967069 0.253914 -0.0174575 -0.966353 0.256625 -0.0174575 -0.962186 0.271833 -0.0174574 -0.970863 0.239 -0.0174571 -0.950392 0.310563 -0.0174555 -0.955458 0.294611 -0.0174565 -0.948849 0.315246 -0.0174552 -0.956666 0.290664 -0.0174567 -0.961249 0.275129 -0.0174573 -0.943231 0.331678 -0.017454 -0.941273 0.337196 -0.0174537 -0.986898 0.160397 -0.0174524 -0.998333 0.0550088 -0.0174536 -0.999843 -0.00306512 -0.0174524 -0.999829 -0.00610828 -0.0174524 -0.998935 -0.0427089 -0.0174533 -0.997575 -0.0673734 -0.0174538 -0.992777 -0.118698 -0.0174533 -0.991863 -0.12611 -0.0174531 -0.986903 -0.16037 -0.0174524 -0.988019 -0.153339 -0.0174525 -0.980199 -0.197243 -0.0174542 -0.97842 -0.205888 -0.0174549 -0.976939 -0.212806 -0.0174554 -0.973282 -0.228948 -0.0174566 -0.974865 -0.222114 -0.0174561 -0.970868 -0.23898 -0.0174571 -0.969175 -0.245754 -0.0174573 -0.966356 -0.256614 -0.0174575 -0.964551 -0.263318 -0.0174575 -0.961258 -0.275096 -0.0174573 -0.959328 -0.281752 -0.0174571 -0.955468 -0.294579 -0.0174565 -0.934994 0.354234 -0.0174528 -0.953405 -0.301187 -0.0174561 -0.948863 -0.315206 -0.0174552 -0.946658 -0.321768 -0.0174547 -0.941291 -0.337145 -0.0174537 -0.932544 -0.360635 -0.0174526 -0.938929 -0.343669 -0.0174533 -0.93002 -0.367094 -0.0174524 -0.922498 -0.385608 -0.0174536 -0.919846 -0.391891 -0.0174548 -0.91081 -0.412456 -0.0174603 -0.897051 -0.441582 -0.0174696 -0.907904 -0.418813 -0.0174623 -0.893936 -0.447853 -0.0174715 -0.88069 -0.47337 -0.0174783 -0.877439 -0.47937 -0.0174795 -0.861102 -0.508132 -0.0174831 -0.837458 -0.546223 -0.017482 -0.857654 -0.51393 -0.0174834 -0.833833 -0.55174 -0.0174813 -0.773343 -0.633748 -0.0174622 -0.804864 -0.593202 -0.017473 -0.769492 -0.638417 -0.017461 -0.808649 -0.588032 -0.0174743 -0.675211 -0.737418 -0.0174537 -0.671406 -0.740884 -0.0174538 -0.606567 -0.79484 -0.0174555 -0.725894 -0.687585 -0.0174526 -0.729753 -0.683488 -0.0174528 -0.518137 -0.855119 -0.017454 -0.413743 -0.910226 -0.0174512 -0.415964 -0.909213 -0.0174514 -0.6031 -0.797475 -0.0174555 -0.521052 -0.853346 -0.017454 -0.151177 -0.988353 -0.0174432 -7.35343e-09 -0.999848 -0.0174524 -7.35395e-09 -0.999848 -0.0174524 -0.15244 -0.988159 -0.0174432 -0.291754 -0.956334 -0.0174412 -0.290214 -0.956803 -0.0174411 -0.861061 0.508201 -0.0174831 -0.837407 0.5463 -0.017482 -0.847557 0.530417 -0.0174833 -0.808618 0.588074 -0.0174743 -0.821674 0.569689 -0.0174783 -0.72975 0.683492 -0.0174528 -0.675216 0.737414 -0.0174537 -0.703396 0.710584 -0.0174526 -0.521273 0.853212 -0.0174541 -0.474881 0.879877 -0.0174527 -0.361333 0.932274 -0.0174467 -0.416319 0.909051 -0.0174514 -0.291858 0.956303 -0.0174412 -0.230484 0.97292 -0.0174398 -0.152278 0.988184 -0.0174432 -0.0851778 0.996213 -0.0174484 0.0687246 0.997483 -0.0174496 7.34393e-09 0.999848 -0.0174524 0.151616 0.988285 -0.0174432 0.215542 0.976339 -0.0174401 0.291755 0.956334 -0.0174412 0.348347 0.937203 -0.0174454 0.464401 0.885453 -0.0174526 0.415964 0.909214 -0.0174514 0.521052 0.853346 -0.017454 0.559745 0.828481 -0.0174551 0.606567 0.79484 -0.0174555 0.636954 0.770704 -0.017455 0.698651 0.71525 -0.0174528 0.675211 0.737418 -0.0174537 0.729752 0.683489 -0.0174528 0.747748 0.663753 -0.0174554 0.773343 0.633748 -0.0174622 0.787319 0.616298 -0.0174669 0.819503 0.572808 -0.0174777 0.808649 0.588032 -0.0174743 0.837457 0.546223 -0.017482 0.845869 0.533103 -0.0174831 0.861102 0.508132 -0.0174831 0.897051 0.441582 -0.0174696 0.91081 0.412456 -0.0174603 0.90102 0.433426 -0.017467 0.922498 0.385608 -0.0174536 0.913929 0.405498 -0.0174582 0.924937 0.379719 -0.0174528 0.932544 0.360635 -0.0174526 0.941291 0.337145 -0.0174537 0.934505 0.355521 -0.0174527 0.948863 0.315206 -0.0174552 0.942808 0.332879 -0.017454 0.950019 0.311702 -0.0174554 0.955468 0.294579 -0.0174565 0.961258 0.275096 -0.0174573 0.956349 0.291705 -0.0174567 0.970868 0.23898 -0.0174571 0.971201 0.237623 -0.017457 0.975081 0.221163 -0.017456 0.974865 0.222114 -0.0174561 0.97842 0.205888 -0.0174549 0.97854 0.205316 -0.0174548 0.986836 0.160781 -0.0174524 0.984378 0.175199 -0.0174527 0.986903 0.160371 -0.0174524 0.99107 0.132194 -0.0174529 0.992632 0.119907 -0.0174532 0.995392 0.0942877 -0.0174537 0.99968 0.0183032 -0.0174526 0.970863 -0.239 -0.0174571 0.969344 -0.245086 -0.0174573 0.964737 -0.262634 -0.0174575 0.966353 -0.256626 -0.0174575 0.961249 -0.275129 -0.0174573 0.959538 -0.281038 -0.0174571 0.955458 -0.294611 -0.0174565 0.95364 -0.300443 -0.0174562 0.946924 -0.320984 -0.0174548 0.948849 -0.315246 -0.0174552 0.941273 -0.337196 -0.0174537 0.939227 -0.342854 -0.0174533 0.93253 -0.36067 -0.0174526 0.930344 -0.366272 -0.0174524 0.920169 -0.391133 -0.0174546 0.922472 -0.385669 -0.0174536 0.910801 -0.412477 -0.0174603 0.908249 -0.418065 -0.017462 0.897017 -0.44165 -0.0174696 0.894391 -0.446945 -0.0174713 0.877905 -0.478516 -0.0174793 0.880663 -0.473421 -0.0174783 0.861061 -0.508201 -0.0174831 0.858188 -0.513038 -0.0174834 0.837407 -0.5463 -0.017482 0.834433 -0.550831 -0.0174815 0.805554 -0.592265 -0.0174733 0.808618 -0.588074 -0.0174743 0.77329 -0.633813 -0.0174622 0.770167 -0.637604 -0.0174612 0.72975 -0.683492 -0.0174528 0.726572 -0.686868 -0.0174526 0.672131 -0.740227 -0.0174538 0.675216 -0.737414 -0.0174537 0.606672 -0.79476 -0.0174555 0.603773 -0.796965 -0.0174555 0.521272 -0.853212 -0.0174541 0.518633 -0.854819 -0.017454 0.414078 -0.910074 -0.0174513 0.416319 -0.909051 -0.0174514 0.291858 -0.956303 -0.0174412 0.290304 -0.956775 -0.0174411 0.152278 -0.988184 -0.0174432 0.151263 -0.98834 -0.0174432 0.704416 0.0871557 -0.704416 0.704416 0.0871557 -0.704416 0.704416 0.0871557 -0.704416 0.704416 0.0871557 -0.704416 0.704416 0.0871557 -0.704416 0.704416 0.0871557 -0.704416 0.798579 0.0871557 -0.595546 0.704416 0.0871557 -0.704416 0.808057 0.0871557 -0.582621 0.986087 0.0871557 -0.141547 0.974998 0.0871557 -0.20441 0.950731 0.0871557 -0.297513 0.890873 0.0871557 -0.445812 0.935291 0.0871557 -0.342979 0.876128 0.0871557 -0.474134 0.97056 0.0871557 0.224539 0.980306 0.0871557 0.177214 0.939317 0.0871557 0.331795 0.994275 0.0871557 -0.0618205 0.996031 0.0871557 0.0180663 0.992789 0.0871557 0.0822979 0.866072 0.0871557 0.492263 0.928043 0.0871557 0.362132 0.87412 0.0871557 0.477826 0.786397 0.0871557 0.611542 0.786397 0.0871557 0.611542 0.704416 0.0871557 -0.704416 0.104709 0.314003 -0.94363 0.116785 0.311862 -0.942923 0.125615 0.423714 -0.897043 0.0163391 0.958641 -0.284148 0.0134851 0.916374 -0.400096 0.0261516 0.921228 -0.388144 0.00920283 0.631226 -0.775544 0.00823634 0.717547 -0.696461 0.00077742 0.715104 -0.699018 0.0194155 0.959876 -0.279752 0.158017 0.305592 -0.938959 0.14343 0.307625 -0.940636 0.0934512 0.316099 -0.944112 0.0836051 0.428212 -0.899803 0.0512994 0.431843 -0.900489 0.0270278 0.434745 -0.900148 0.0407139 0.326314 -0.944384 0.0423286 0.92661 -0.373633 0.0261731 0.962433 -0.270255 0.0255919 0.536752 -0.843352 0.0237765 0.632718 -0.774017 0.0414056 0.723544 -0.689036 0.0367837 0.802152 -0.595986 0.0191318 0.797824 -0.602587 0.173457 0.30364 -0.936865 0.178513 0.419573 -0.889995 0.0895251 0.812363 -0.576239 0.0599568 0.806971 -0.587539 0.101263 0.730816 -0.675021 0.0216087 0.720394 -0.693228 -0.00139619 0.713075 -0.701087 0.00107624 0.629786 -0.776768 0.0107306 0.436775 -0.899507 0.0178679 0.331452 -0.943303 0.0733183 0.319947 -0.944594 0.0642515 0.321667 -0.94467 0.353541 0.290362 -0.889212 0.377674 0.289638 -0.879472 0.319633 0.414158 -0.852237 0.0741469 0.635646 -0.768412 0.0454143 0.634178 -0.771852 0.0795156 0.535189 -0.840982 0.0487286 0.536143 -0.84272 0.00162042 0.437945 -0.899 0.00708241 0.334061 -0.942525 0.00475651 0.912165 -0.409797 0.0164021 0.863481 -0.504114 0.0100385 0.536927 -0.843569 0.00160822 0.951149 -0.308727 0.00294687 0.952064 -0.305884 -0.0013147 0.62857 -0.777752 -0.000733627 0.711429 -0.702758 0.0479489 0.324835 -0.944555 0.0340893 0.327729 -0.944156 -0.000156226 0.908719 -0.417408 0.000468264 0.790892 -0.611956 0.00715736 0.794033 -0.607832 0.00135891 0.53672 -0.843759 -0.000245537 0.33659 -0.941651 -0.00110679 0.438851 -0.898559 -0.00153014 0.905867 -0.42356 0.000154979 0.855744 -0.517399 0.0226676 0.33032 -0.943597 -0.000582953 0.710057 -0.704144 -0.000634552 0.627624 -0.778516 0.0136985 0.332434 -0.943027 -0.0014117 0.947944 -0.318433 -0.000416435 0.43971 -0.89814 -0.000349404 0.338717 -0.940888 -0.00121743 0.536507 -0.843895 -0.000198032 0.342446 -0.939537 -0.000202042 0.342118 -0.939657 -0.000273487 0.441099 -0.897458 0.0045156 0.33476 -0.942293 -0.000417338 0.626215 -0.77965 -0.000347068 0.536331 -0.844008 -0.000413589 0.536368 -0.843984 -0.000501136 0.62685 -0.77914 -0.000209267 0.341766 -0.939785 0.000853384 0.336013 -0.941857 -0.0002197 0.341392 -0.939921 -0.000322081 0.440472 -0.897766 -0.000858168 0.337145 -0.941453 -0.000985516 0.337683 -0.94126 -0.000233338 0.340997 -0.940065 -0.000250174 0.34058 -0.940216 -0.000293421 0.339686 -0.940539 -0.000270203 0.340142 -0.940374 -0.000628295 0.338207 -0.941072 -0.00146505 0.946568 -0.3225 -0.0011612 0.945927 -0.324377 -0.000482908 0.70893 -0.705278 -0.00052809 0.536414 -0.843955 -0.000968729 0.903464 -0.428663 -0.000657446 0.784354 -0.620313 -0.000542521 0.782874 -0.622181 -0.000823347 0.786154 -0.61803 -0.00145999 0.788295 -0.615296 -0.000595132 0.846766 -0.531965 -0.000779526 0.901418 -0.43295 -0.000902101 0.850469 -0.526024 -0.000906394 0.943612 -0.331051 -0.000802443 0.942607 -0.333904 -0.000756446 0.942143 -0.335211 -0.000723293 0.84844 -0.529292 -0.000639967 0.899724 -0.436458 -0.00067656 0.941293 -0.337589 -0.000714476 0.941705 -0.336439 0.00635574 0.954058 -0.299555 0.051465 0.87387 -0.483428 0.0623175 0.932487 -0.355787 0.04197 0.967879 -0.24789 0.0377002 0.96649 -0.25392 0.224966 0.298156 -0.927628 0.20692 0.299945 -0.931245 0.0464425 0.969261 -0.24161 0.119486 0.533854 -0.837092 0.111326 0.637165 -0.762645 0.086156 0.938348 -0.334784 0.0559323 0.971965 -0.228375 0.242856 0.4162 -0.876241 0.264051 0.29493 -0.91831 0.285037 0.293535 -0.912464 0.0675806 0.72699 -0.683315 0.306915 0.292302 -0.905739 0.169726 0.53286 -0.829007 0.157898 0.63901 -0.752818 0.106828 0.886179 -0.450859 0.0766027 0.976981 -0.199099 0.0712576 0.975778 -0.206832 0.113351 0.943959 -0.30999 0.402412 0.289031 -0.868634 0.405868 0.413635 -0.814971 0.230727 0.532498 -0.814377 0.214227 0.641342 -0.736741 0.0820942 0.97813 -0.191106 0.453351 0.288096 -0.843489 0.478473 0.287733 -0.829622 0.0933725 0.980227 -0.174463 0.143764 0.948921 -0.280857 0.303291 0.533063 -0.789847 0.280926 0.644204 -0.711394 0.143219 0.734937 -0.662839 0.494274 0.413595 -0.764613 0.527293 0.286872 -0.799792 0.55084 0.286257 -0.783985 0.183246 0.898084 -0.399833 0.573357 0.412256 -0.70803 0.57329 0.285468 -0.768015 0.110648 0.982778 -0.148002 0.175593 0.952844 -0.247499 0.116256 0.983459 -0.138902 0.121808 0.984044 -0.129694 0.193634 0.739386 -0.644836 0.612699 0.283385 -0.737762 0.629736 0.282001 -0.723815 0.384479 0.534508 -0.752646 0.35516 0.647344 -0.674394 0.630533 0.408696 -0.659846 0.645145 0.280299 -0.710789 0.205685 0.95546 -0.211636 0.13236 0.984934 -0.111292 0.13704 0.985271 -0.102275 0.25293 0.743994 -0.618466 0.467309 0.535848 -0.703199 0.430427 0.649851 -0.62644 0.66684 0.27638 -0.692054 0.67247 0.274246 -0.687439 0.229199 0.957234 -0.176553 0.145136 0.985784 -0.0846506 0.22716 0.902885 -0.364962 0.275313 0.83431 -0.477628 0.330254 0.837941 -0.434496 0.150767 0.98621 -0.0682627 0.148408 0.985988 -0.0761773 0.318439 0.748353 -0.581863 0.673591 0.26971 -0.688136 0.666959 0.267682 -0.69535 0.64998 0.403909 -0.643727 0.540951 0.535828 -0.648275 0.496768 0.650982 -0.573971 0.612424 0.400767 -0.681413 0.654711 0.265846 -0.707587 0.240477 0.959385 -0.147481 0.152959 0.986779 -0.0535798 0.384313 0.751664 -0.536008 0.441656 0.753638 -0.486795 0.326605 0.911195 -0.251104 0.543377 0.651119 -0.529891 0.115541 0.992927 -0.0273046 0.12547 0.991698 -0.028135 0.201624 0.96996 -0.136105 0.612583 0.262784 -0.745444 0.580251 0.261885 -0.771184 0.593627 0.534207 -0.601855 0.543347 0.26115 -0.797857 0.496175 0.400679 -0.770238 0.23291 0.963498 -0.131999 0.151959 0.987576 -0.0400213 0.503442 0.260798 -0.82373 0.460285 0.260999 -0.848538 0.134469 0.990461 -0.0301037 0.454377 0.765083 -0.456278 0.52065 0.656326 -0.54604 0.417514 0.662226 -0.622205 0.324697 0.916032 -0.235495 0.413682 0.261704 -0.871996 0.480778 0.755157 -0.445634 0.377191 0.840336 -0.38931 0.263691 0.409729 -0.873264 0.242278 0.545142 -0.802572 0.313981 0.54053 -0.78054 0.462952 0.536333 -0.705707 0.339137 0.404017 -0.849563 0.407679 0.842701 -0.351643 0.411367 0.847235 -0.33611 0.368695 0.262767 -0.891638 0.33259 0.264229 -0.905299 0.0934632 0.995198 -0.0290638 0.146626 0.976291 -0.159237 0.0815266 0.996178 -0.0313448 0.305402 0.266021 -0.91431 0.295056 0.863921 -0.408145 0.377069 0.855265 -0.355445 0.360899 0.772935 -0.521846 0.287241 0.26799 -0.919605 0.278404 0.269896 -0.921763 0.222632 0.932123 -0.285625 0.19156 0.868708 -0.456784 0.0577875 0.979572 -0.192614 0.0151107 0.998564 -0.0514052 0.017444 0.998556 -0.0508016 0.0859321 0.979234 -0.183619 0.0471567 0.998064 -0.0405549 0.0365304 0.998357 -0.0441499 0.0280524 0.998497 -0.0470776 0.0217301 0.998547 -0.0493035 -0.000319823 0.33921 -0.94071 0.00243989 0.335407 -0.94207 -0.00109172 0.945311 -0.326168 -0.000964284 0.944153 -0.329505 -0.000852436 0.943097 -0.332517 0.0101425 0.333291 -0.942769 -0.00150483 0.852867 -0.522125 -0.00102607 0.94472 -0.327877 0.0280742 0.32907 -0.943888 0.000498427 0.950283 -0.311386 -0.00101558 0.948684 -0.316223 -0.00156255 0.94724 -0.320521 0.0557948 0.323289 -0.944654 0.00598879 0.859227 -0.511559 -0.000377604 0.949463 -0.313879 0.0830014 0.318097 -0.944418 0.0134831 0.957438 -0.288326 0.00848067 0.95514 -0.296034 0.00450876 0.953032 -0.302835 0.129688 0.309723 -0.941941 0.0316568 0.868389 -0.494871 0.0108599 0.956269 -0.292288 0.189757 0.301765 -0.934307 0.0298216 0.963756 -0.265115 0.0226986 0.96114 -0.275126 0.244013 0.296475 -0.923342 0.126037 0.817988 -0.561257 0.0764215 0.879958 -0.468863 0.0336474 0.96511 -0.259673 0.32992 0.291236 -0.897961 0.169463 0.823764 -0.541013 0.0609076 0.97327 -0.221441 0.0511027 0.970627 -0.235101 0.427841 0.288513 -0.85657 0.220032 0.829367 -0.513553 0.142422 0.892355 -0.428273 0.0660241 0.974541 -0.214268 0.503149 0.287347 -0.815029 0.0990861 0.981162 -0.165839 0.0876964 0.979214 -0.182889 0.5939 0.284522 -0.752549 0.104939 0.98201 -0.156983 0.657791 0.278391 -0.699864 0.305534 0.908614 -0.284725 0.270021 0.906285 -0.325171 0.127271 0.984529 -0.120433 0.674823 0.271991 -0.686028 0.141299 0.985552 -0.0933876 0.636675 0.264185 -0.724466 0.489663 0.758379 -0.430224 0.153334 0.987036 -0.0474103 0.152284 0.986469 -0.0607343 0.556753 0.652168 -0.514493 0.610562 0.532481 -0.58624 0.148357 0.988246 -0.0368762 0.153659 0.987166 -0.0435086 0.573718 0.533213 -0.621717 0.29169 0.92398 -0.247343 0.142352 0.989259 -0.0332188 0.139803 0.936202 -0.32246 0.0584072 0.997601 -0.0371549 0.104981 0.99409 -0.0276501 0.280345 0.667024 -0.69028 0.239051 0.777956 -0.581068 0.0698593 0.996976 -0.0340381 0.21434 0.670499 -0.710275 0.180579 0.780358 -0.598692 0.142183 0.870194 -0.471748 0.100689 0.936992 -0.334526 0.138348 0.870223 -0.472835 0.142175 0.870194 -0.471752 0.180569 0.780357 -0.598696 0.0980859 0.937017 -0.33523 0.100684 0.936992 -0.334528 0.0577858 0.979572 -0.192615 0.0564489 0.979588 -0.192926 0.0150198 0.998569 -0.0513343 0.0151107 0.998564 -0.0514052 0.175596 0.780386 -0.600137 0.214331 0.670497 -0.710279 0.242272 0.54514 -0.802575 0.208337 0.670522 -0.712037 0.263689 0.409726 -0.873266 0.235421 0.545157 -0.8046 0.256166 0.409735 -0.875498 0.278402 0.269893 -0.921765 0.270399 0.269892 -0.924144 -0.0321147 0.998569 0.0427605 -0.0338122 0.998569 0.0414312 -0.139636 0.978238 0.153467 -0.0285659 0.998569 0.0452085 -0.030365 0.998569 0.0440203 -0.112009 0.978238 0.174655 -0.0248314 0.998569 0.0473626 -0.0812276 0.978238 0.190925 -0.0267203 0.998569 0.0463232 -0.0229021 0.998569 0.048325 -0.0209355 0.998569 0.0492089 -0.0370397 0.998569 0.0385729 -0.0385645 0.998569 0.0370485 -0.0354548 0.998569 0.0400346 -0.192446 0.9343 0.30008 -0.139559 0.9343 0.328035 -0.163332 0.978238 0.127958 -0.0400265 0.998569 0.0354639 -0.0440133 0.998569 0.030375 -0.0427532 0.998569 0.0321245 -0.0414235 0.998569 0.0338217 -0.0452019 0.998569 0.0285762 -0.0463171 0.998569 0.0267309 -0.182428 0.978238 0.0988458 -0.268238 0.867815 0.418264 -0.0519293 0.998569 0.0127736 -0.052402 0.998569 0.01067 -0.204818 0.978238 0.0331695 -0.196388 0.978238 0.0669502 -0.0483198 0.998569 0.0229131 -0.0492042 0.998569 0.0209467 -0.932143 0.269892 0.241388 -0.921803 0.269892 0.278277 -0.860825 0.415764 0.293463 -0.549778 0.780389 0.297889 -0.591848 0.780389 0.201766 -0.699105 0.67413 0.238331 -0.391146 0.867815 0.306433 -0.436878 0.867815 0.236715 -0.617253 0.780389 0.0999619 -0.729114 0.67413 0.118077 -0.470308 0.867815 0.160332 -0.490496 0.867815 0.0794341 -0.20748 0.978238 -0.00154518 -0.0533066 0.998569 0.00426896 -0.929563 0.269892 -0.251138 -0.856359 0.415764 -0.306251 -0.918837 0.269892 -0.287916 -0.625277 0.780389 -0.00465666 -0.738593 0.67413 -0.00550056 -0.727274 0.67413 -0.128924 -0.615695 0.780389 -0.109144 -0.496873 0.867815 -0.0037005 -0.695478 0.67413 -0.248717 -0.785395 0.551602 -0.280873 -0.878013 0.269892 -0.395287 -0.793094 0.415764 -0.445132 -0.861594 0.269892 -0.429901 -0.0385106 0.998569 -0.0371046 -0.0369836 0.998569 -0.0386268 -0.137335 0.978238 -0.15553 -0.0399749 0.998569 -0.0355221 -0.161408 0.978238 -0.130377 -0.0320525 0.998569 -0.0428072 -0.0337519 0.998569 -0.0414804 -0.588777 0.780389 -0.210559 -0.489259 0.867815 -0.0867308 -0.467868 0.867815 -0.167319 -0.683766 0.269892 -0.677955 -0.601979 0.415764 -0.681734 -0.656256 0.269892 -0.704618 -0.707497 0.415764 -0.571479 -0.389427 0.67413 -0.627611 -0.488887 0.67413 -0.553659 -0.413882 0.780389 -0.468716 -0.0247625 0.998569 -0.0473987 -0.109395 0.978238 -0.176304 -0.0266529 0.998569 -0.046362 -0.0168297 0.998569 -0.05076 -0.0783749 0.978238 -0.192114 -0.0188621 0.998569 -0.0500403 -0.259062 0.269892 -0.927386 -0.34354 0.415764 -0.842093 -0.197897 0.415764 -0.887681 -0.329681 0.780389 -0.531323 -0.279001 0.67413 -0.683892 0.255399 0.415764 -0.872876 0.270399 0.269892 -0.924144 0.233424 0.269892 -0.934169 -0.402766 0.269892 -0.874607 -0.437239 0.269892 -0.857893 -0.439775 0.551602 -0.708754 0.196079 0.269892 -0.942715 -0.315072 0.551602 -0.772311 0.10585 0.415764 -0.903292 0.158424 0.269892 -0.949768 0.120517 0.269892 -0.955319 0.0824205 0.269892 -0.959357 0.0441933 0.269892 -0.961876 -0.0466807 0.415764 -0.908274 -0.0324112 0.269892 -0.962345 0.0058957 0.269892 -0.962873 -0.181498 0.551602 -0.814121 -0.160719 0.67413 -0.720915 -0.0428124 0.551602 -0.833008 -0.146781 0.269892 -0.951637 -0.18452 0.269892 -0.945045 -0.01477 0.998569 -0.0513971 -0.045148 0.978238 -0.202514 -0.0126862 0.998569 -0.0519507 -0.0105818 0.998569 -0.0524198 -0.00846023 0.998569 -0.0528038 -0.00632488 0.998569 -0.0531019 -0.0106497 0.978238 -0.207213 -0.187692 0.867815 -0.460074 -0.236196 0.780389 -0.578969 -0.261979 0.867815 -0.422213 -0.00417926 0.998569 -0.0533137 0.0241484 0.978238 -0.206076 0.0414901 0.9343 -0.354065 -0.0182975 0.9343 -0.356018 -0.0255038 0.867815 -0.496232 0.0578305 0.867815 -0.49351 0.000128896 0.998569 -0.0534771 -0.00202684 0.998569 -0.0534388 0.0582665 0.978238 -0.199137 0.100109 0.9343 -0.342143 0.0022844 0.998569 -0.0534284 0.00443619 0.998569 -0.0532929 0.00871465 0.998569 -0.0527624 0.00658077 0.998569 -0.0530708 0.0108344 0.998569 -0.0523682 0.0129365 0.998569 -0.0518889 0.0150175 0.998569 -0.0513253 -0.10881 0.269892 -0.956723 -0.295748 0.269892 -0.916347 -0.331965 0.269892 -0.903857 -0.0379109 0.67413 -0.737639 -0.486429 0.780389 -0.392912 -0.328889 0.867815 -0.372463 -0.386538 0.867815 -0.312225 -0.574582 0.67413 -0.464117 -0.552095 0.551602 -0.625241 -0.433304 0.867815 -0.243196 -0.0228317 0.998569 -0.0483583 -0.536289 0.269892 -0.79972 -0.567677 0.269892 -0.777754 -0.479511 0.415764 -0.772794 -0.598166 0.269892 -0.754557 -0.627708 0.269892 -0.730165 -0.54528 0.780389 -0.306044 -0.180936 0.978238 -0.101552 -0.0451603 0.998569 -0.0286419 -0.644098 0.67413 -0.361507 -0.0303009 0.998569 -0.0440644 -0.195369 0.978238 -0.0698678 -0.0491736 0.998569 -0.0210183 -0.735496 0.269892 -0.621453 -0.710193 0.269892 -0.650219 -0.727373 0.551602 -0.408245 -0.804268 0.269892 -0.529445 -0.824692 0.269892 -0.497033 -0.782571 0.269892 -0.561018 -0.204301 0.978238 -0.0362164 -0.0519106 0.998569 -0.0128491 -0.0439691 0.998569 -0.030439 -0.0427064 0.998569 -0.0321866 -0.0533003 0.998569 -0.00434649 -0.0473208 0.998569 -0.0249111 -0.0482864 0.998569 -0.0229834 -0.821302 0.551602 -0.145592 -0.0499809 0.998569 -0.0190191 -0.938818 0.269892 -0.213962 -0.946586 0.269892 -0.176448 -0.895511 0.415764 -0.158747 -0.0513505 0.998569 -0.0149312 -0.952855 0.269892 -0.138654 -0.957617 0.269892 -0.100641 -0.960862 0.269892 -0.062468 -0.962587 0.269892 -0.0241965 -0.909447 0.415764 -0.00677297 -0.0523864 0.998569 -0.0107462 -0.0530818 0.998569 -0.00649144 -0.962787 0.269892 0.0141133 -0.961464 0.269892 0.0524008 -0.958618 0.269892 0.0906053 -0.954255 0.269892 0.128666 -0.897776 0.415764 0.145392 -0.789491 0.551602 0.269144 -0.649411 0.67413 0.351873 -0.0534322 0.998569 -0.00219448 -0.941007 0.269892 0.204118 -0.0534353 0.998569 0.00211676 -0.0530912 0.998569 0.00641423 -0.492228 0.780389 0.385623 -0.3344 0.867815 0.367523 -0.882105 0.269892 0.386069 -0.896764 0.269892 0.350675 -0.581431 0.67413 0.455508 -0.733372 0.551602 0.397366 -0.420817 0.780389 0.4625 -0.0513722 0.998569 0.0148565 -0.656603 0.551602 0.5144 -0.497079 0.67413 0.546316 -0.799636 0.415764 0.43327 -0.829853 0.269892 0.488368 -0.809769 0.269892 0.520992 -0.0500085 0.998569 0.0189463 -0.337558 0.780389 0.526354 -0.194524 0.867815 0.457227 -0.76579 0.269892 0.583715 -0.71593 0.415764 0.560878 -0.788404 0.269892 0.552791 -0.741964 0.269892 0.613716 -0.716964 0.269892 0.642745 -0.244793 0.780389 0.575386 -0.398731 0.67413 0.621742 -0.612066 0.415764 0.672693 -0.490968 0.415764 0.765566 -0.450282 0.551602 0.702126 -0.6636 0.269892 0.697706 -0.690829 0.269892 0.670756 -0.289156 0.67413 0.67966 -0.606036 0.269892 0.74825 -0.326541 0.551602 0.767532 -0.575792 0.269892 0.771766 -0.544636 0.269892 0.794059 -0.512618 0.269892 0.815096 -0.479789 0.269892 0.834842 -0.356045 0.415764 0.836882 -0.4462 0.269892 0.853267 -0.376958 0.269892 0.886037 -0.411905 0.269892 0.870341 -0.0473569 0.998569 0.0248422 -0.239913 0.9343 0.263677 -0.561346 0.551602 0.616949 -0.635321 0.269892 0.723551 -0.0507316 0.998569 0.0169151 -0.280625 0.9343 0.219848 -0.848622 0.269892 0.45497 -0.866049 0.269892 0.420853 -0.0527895 0.998569 0.00854907 -0.313435 0.9343 0.16983 -0.910004 0.269892 0.314725 -0.0534772 0.998569 -3.88858e-05 -0.337419 0.9343 0.115029 -0.052777 0.998569 -0.00862585 -0.351903 0.9343 0.0569894 -0.82338 0.551602 0.133343 -0.948382 0.269892 0.166524 -0.0507069 0.998569 -0.0169889 -0.356478 0.9343 -0.00265482 -0.834084 0.551602 -0.00621172 -0.0462782 0.998569 -0.0267983 -0.351015 0.9343 -0.0622244 -0.906657 0.269892 -0.324239 -0.0413743 0.998569 -0.0338819 -0.335669 0.9343 -0.120042 -0.0353965 0.998569 -0.0400862 -0.310871 0.9343 -0.174479 -0.843811 0.269892 -0.463834 -0.893042 0.269892 -0.360048 -0.0285001 0.998569 -0.04525 -0.277319 0.9343 -0.224004 -0.648869 0.551602 -0.524122 -0.759634 0.269892 -0.591704 -0.0208639 0.998569 -0.0492393 -0.235959 0.9343 -0.267221 -0.504053 0.269892 -0.82042 -0.471019 0.269892 -0.839821 -0.187955 0.9343 -0.302913 -0.367657 0.269892 -0.889936 -0.134658 0.9343 -0.330077 -0.0706664 0.269892 -0.960294 -0.10812 0.867815 -0.484981 -0.136061 0.780389 -0.610312 -0.07757 0.9343 -0.347946 -0.221967 0.269892 -0.936957 -0.0320949 0.780389 -0.62447 0.0727753 0.780389 -0.621045 0.0859639 0.67413 -0.733593 0.0970781 0.551602 -0.828439 0.139536 0.867815 -0.476892 0.175596 0.780389 -0.600133 0.207418 0.67413 -0.708891 0.234235 0.551602 -0.800543 -0.18994 0.868762 0.457356 -0.244795 0.780386 0.57539 -0.239818 0.780382 0.577487 -0.136721 0.934316 0.329183 -0.13954 0.934319 0.327988 -0.193872 0.868766 0.455696 -0.0803156 0.97784 0.193336 -0.0819563 0.977842 0.192635 -0.0206357 0.998556 0.0496073 -0.021029 0.998556 0.0494279 -0.289664 0.672706 0.680853 -0.326555 0.55155 0.767564 -0.283766 0.672702 0.683336 -0.355737 0.417482 0.836158 -0.319898 0.551547 0.770364 -0.348479 0.417481 0.839209 -0.376933 0.270113 0.88598 -0.369237 0.270113 0.889215 0.0523923 0.254124 0.965751 0.0543831 0.39083 0.918855 0.0517245 0.381876 0.922765 -0.111494 0.777023 0.619519 -0.0406972 0.656667 0.753082 -0.0324503 0.769439 0.637895 0.0492301 0.903848 0.425013 0.0393601 0.963191 0.265922 0.0440887 0.913063 0.405428 0.0389061 0.987799 0.150798 0.0449657 0.955278 0.29227 0.0399268 0.986685 0.157666 0.0418118 0.29345 0.95506 0.0400659 0.297155 0.953988 0.0425946 0.415338 0.908669 0.0556753 0.517541 0.853845 0.0558292 0.636113 0.769574 0.0522392 0.638074 0.768201 0.0362022 0.304342 0.951875 0.0381962 0.300791 0.952925 0.0417295 0.984242 0.171834 0.0472019 0.945831 0.321211 0.0424517 0.982919 0.179074 0.034083 0.307791 0.950843 0.0430503 0.981534 0.186383 0.0501745 0.402788 0.913917 0.0497308 0.270903 0.961321 0.0506788 0.748351 0.661364 0.0386246 0.7547 0.654933 0.0501181 0.893503 0.446252 0.0435223 0.980088 0.193737 0.0531708 0.635216 0.770502 0.052147 0.522798 0.85086 0.0525543 0.832398 0.551681 0.0521417 0.823273 0.565246 0.0460178 0.935467 0.350405 0.0441521 0.975431 0.215836 0.0440756 0.977032 0.208486 0.0110979 0.942042 0.335311 0.0137914 0.94295 0.332647 0.0100423 0.89982 0.436145 0.0438946 0.972112 0.230373 0.0440924 0.973789 0.223139 0.0412695 0.924975 0.37778 0.0424589 0.966938 0.251452 0.0430789 0.968679 0.24455 0.0547841 0.74228 0.667847 0.0531741 0.736413 0.674439 0.0163966 0.94397 0.329623 0.0189117 0.945091 0.326261 0.0481019 0.81401 0.578856 0.0416963 0.96519 0.258206 0.0354084 0.956633 0.289137 0.0369551 0.958295 0.28338 0.0329579 0.915221 0.401603 0.0213342 0.946302 0.32258 0.0224138 0.906836 0.420887 0.0236612 0.947594 0.3186 0.0280152 0.950389 0.309799 0.0258894 0.948959 0.314335 0.0337359 0.955005 0.294664 0.0300345 0.951878 0.305002 0.0208757 0.853975 0.519895 0.0317395 0.862335 0.505342 0.0383706 0.959988 0.2774 0.0474496 0.882671 0.467591 0.0411759 0.872058 0.487667 0.0318381 0.311127 0.949835 0.0294671 0.314343 0.948852 0.031613 0.426504 0.903933 0.0244515 0.320238 0.947021 0.0269409 0.317412 0.947905 0.0220649 0.32284 0.946196 0.0197805 0.325245 0.945423 0.0194982 0.434343 0.900537 0.0434348 0.289695 0.956133 0.0175974 0.327477 0.944695 0.0155149 0.329554 0.944009 0.0135325 0.331488 0.943362 0.0116495 0.33329 0.942753 0.0371347 0.633718 0.772673 0.0254491 0.631923 0.774613 0.0390988 0.725032 0.687604 0.0121538 0.537159 0.843393 0.0095363 0.439198 0.89834 0.0016823 0.444534 0.89576 0.00986516 0.334963 0.94218 0.00817891 0.336508 0.941645 0.00659013 0.337922 0.941151 0.0226074 0.536145 0.843823 0.00370315 0.340326 0.9403 0.00509835 0.339198 0.940701 0.0032311 0.539948 0.841692 0.00240437 0.341291 0.939955 0.00120206 0.342077 0.939671 0.000118591 0.344107 0.938931 0.0449355 0.285911 0.957202 0.0133632 0.761573 0.647942 0.0396142 0.641744 0.765895 0.0463148 0.282119 0.958261 0.0377915 0.988841 0.144103 0.0475733 0.278339 0.959304 0.0487118 0.274593 0.960326 0.0365837 0.989812 0.137601 0.03383 0.92072 0.388754 0.0302644 0.969271 0.244127 0.0525708 0.514294 0.856001 0.0324829 0.992308 0.119451 0.0339222 0.991544 0.125259 0.0116034 0.647785 0.761735 0.0386839 0.377955 0.925015 0.0443675 0.240473 0.969641 0.030981 0.993008 0.113911 0.0506309 0.267291 0.962285 0.0294292 0.993644 0.108655 0.0514128 0.263779 0.963212 0.0396163 0.514384 0.856644 0.0520769 0.26039 0.964098 0.0243329 0.995212 0.0946647 0.0261114 0.994742 0.099031 0.0164083 0.973606 0.227643 0.0157973 0.926766 0.375306 0.0519837 0.251277 0.966518 0.00735732 0.38076 0.924644 0.0231168 0.237232 0.971178 0.0512036 0.248632 0.967244 0.0224854 0.995634 0.0905913 0.0500516 0.246204 0.967925 0.0205751 0.996013 0.0868037 -0.0193121 0.242646 0.969923 -0.0535507 0.390668 0.918973 0.00957142 0.518984 0.85473 0.0144977 0.996923 0.0770311 0.0165842 0.996653 0.0800421 -0.235379 0.779856 0.580018 -0.13277 0.666274 0.733792 -0.013788 0.931649 0.363097 -0.0041221 0.976649 0.214801 -0.279042 0.670102 0.687822 0.0123134 0.997165 0.0742281 0.0100397 0.997381 0.0716224 -0.0477977 0.528538 0.847563 0.0466315 0.242096 0.969131 -0.0344007 0.978698 0.202401 -0.0612926 0.935371 0.348315 0.0417117 0.239167 0.970082 0.00525912 0.997743 0.0669415 0.00276742 0.997893 0.0648216 0.0382579 0.238183 0.970467 -0.131958 0.936543 0.324768 -0.18569 0.869674 0.457369 -0.0873446 0.867742 0.489279 0.000219254 0.998026 0.0628078 -0.15042 0.540075 0.828066 -0.00237841 0.998144 0.0608588 -0.315154 0.544922 0.777006 0.028959 0.237207 0.971027 -0.0763626 0.979273 0.187599 0.0164828 0.23761 0.971221 0.00906074 0.238343 0.971139 -0.0104081 0.998402 0.0555371 -0.00769224 0.998338 0.0571168 -0.0082341 0.240865 0.970524 0.000961343 0.239427 0.970914 -0.163994 0.403918 0.899976 -0.0131472 0.99845 0.0540898 -0.0158535 0.998478 0.0528152 -0.0322516 0.244739 0.969052 -0.342814 0.409732 0.845339 -0.0186959 0.998485 0.0517519 -0.0818988 0.252545 0.964113 -0.0635891 0.249733 0.966224 -0.0210131 0.998474 0.0510655 -0.101891 0.255473 0.961432 -0.178398 0.263896 0.94791 -0.149546 0.261272 0.95361 -0.123956 0.258413 0.958049 -0.24535 0.267926 0.931675 -0.210241 0.26615 0.940725 -0.329233 0.269574 0.90495 -0.283838 0.269136 0.920327 -0.361797 0.270142 0.892259 -0.0470234 0.247114 0.967845 0.0340066 0.237526 0.970786 -0.0233585 0.862154 0.506108 -0.00502577 0.998248 0.0589577 0.0485276 0.244017 0.968556 0.0147769 0.855636 0.517367 0.00768558 0.997573 0.0691999 0.0524299 0.257163 0.964945 0.0366664 0.848732 0.52755 0.0186068 0.996351 0.0832919 0.047923 0.840985 0.538932 0.0278132 0.99422 0.103694 0.0352912 0.990712 0.131314 0.0407846 0.963441 0.264799 0.0408867 0.985498 0.164689 0.0469206 0.634606 0.77141 0.0451178 0.528481 0.847745 0.0479275 0.730661 0.681056 0.0438649 0.978586 0.201112 0.034614 0.533347 0.845188 0.040454 0.805052 0.591824 0.0435572 0.970406 0.237517 0.0279538 0.719439 0.693993 0.0300642 0.796747 0.603565 0.00886307 0.846665 0.532053 0.0396491 0.961705 0.271204 0.0146457 0.629473 0.776884 0.0169597 0.714147 0.699791 0.0190489 0.789438 0.613535 0.00619656 0.710381 0.70379 0.0075749 0.783208 0.621713 0.031943 0.953419 0.299954 0.00474331 0.629 0.777391 0.157248 -0.818482 -0.552594 0.196953 -0.714199 -0.671662 0.161657 -0.818476 -0.55133 0.220601 -0.5918 -0.775312 0.226832 -0.591795 -0.773515 0.191564 -0.714205 -0.673212 0.250352 -0.456666 -0.853686 0.243452 -0.456668 -0.855678 0.267114 -0.314752 -0.910814 0.259737 -0.314752 -0.912945 0.119008 -0.900519 -0.418213 0.122334 -0.900513 -0.417266 0.0784675 -0.958018 -0.275763 0.0806506 -0.958012 -0.27515 0.0373068 -0.990666 -0.13111 0.0383241 -0.990663 -0.130837 -0.080273 -0.990665 -0.110175 -0.084745 -0.990665 -0.106774 -0.193532 -0.95655 -0.218076 -0.577212 -0.314752 0.753497 -0.483951 -0.461174 0.743714 -0.546104 -0.314752 0.776338 -0.600953 -0.461174 0.65282 -0.54387 -0.595944 0.59081 -0.634594 -0.595944 0.492078 -0.551955 -0.715656 0.427998 -0.447576 -0.314752 0.837022 -0.353457 -0.461174 0.813871 -0.41318 -0.314752 0.854525 -0.481233 -0.314752 0.818136 -0.514094 -0.314752 0.797897 -0.636516 -0.314752 0.704116 -0.607366 -0.314752 0.729409 -0.3781 -0.314752 0.870615 -0.691612 -0.314752 0.65008 -0.7012 -0.461174 0.543725 -0.742136 -0.314752 0.591747 -0.717467 -0.314752 0.621427 -0.473045 -0.715656 0.513873 -0.765578 -0.314752 0.561089 -0.787755 -0.314752 0.529503 -0.615476 -0.715656 0.33019 -0.707626 -0.595944 0.379627 -0.661837 -0.715656 0.223176 -0.863103 -0.314752 0.394949 -0.781897 -0.461174 0.419471 -0.846334 -0.314752 0.429709 -0.546024 -0.817286 0.184123 -0.569049 -0.817286 0.0907022 -0.689746 -0.715656 0.109941 -0.793016 -0.595944 0.126401 -0.698424 -0.715656 -0.00636066 -0.892334 -0.314752 0.323528 -0.840794 -0.461174 0.283522 -0.878445 -0.314752 0.359536 -0.276283 -0.95655 0.0931646 -0.131935 -0.990665 0.0342856 -0.13041 -0.990665 0.0396933 -0.128664 -0.990665 0.0450336 -0.126699 -0.990665 0.0502973 -0.657663 -0.715656 -0.235193 -0.687629 -0.715656 -0.122484 -0.790582 -0.595944 -0.140823 -0.133236 -0.990665 0.0288196 -0.287933 -0.95655 0.0458945 -0.13431 -0.990665 0.0233047 -0.136159 -0.990665 0.0065602 -0.291556 -0.95655 -0.00265525 -0.136314 -0.990665 0.000943707 -0.135157 -0.990665 0.0177502 -0.135773 -0.990665 0.0121655 -0.502729 -0.817286 -0.281614 -0.60936 -0.715656 -0.341345 -0.448863 -0.817286 -0.361338 -0.756129 -0.595944 -0.270407 -0.54258 -0.817286 -0.194037 -0.22712 -0.95655 -0.182834 -0.111625 -0.990665 -0.0782455 -0.254376 -0.95655 -0.142494 -0.129275 -0.990665 -0.0432478 -0.130947 -0.990665 -0.0378839 -0.27454 -0.95655 -0.098181 -0.864823 -0.314752 -0.391168 -0.83549 -0.461174 -0.298788 -0.88001 -0.314752 -0.355688 -0.305436 -0.817286 -0.488622 -0.382482 -0.817286 -0.430989 -0.463607 -0.715656 -0.522403 -0.0972679 -0.990665 -0.0955058 -0.114754 -0.990665 -0.0735792 -0.117689 -0.990665 -0.0687879 -0.122953 -0.990665 -0.058863 -0.125275 -0.990665 -0.0537463 -0.219875 -0.817286 -0.532633 -0.37022 -0.715656 -0.592261 -0.691181 -0.461174 -0.556406 -0.768027 -0.314752 -0.557733 -0.744719 -0.314752 -0.588494 -0.610553 -0.314752 -0.726744 -0.580505 -0.314752 -0.750963 -0.588963 -0.461174 -0.663657 -0.101121 -0.990665 -0.0914164 -0.104802 -0.990665 -0.0871717 -0.0648599 -0.95655 -0.284262 -0.0402713 -0.990665 -0.130233 -0.111255 -0.95655 -0.269507 -0.0932497 -0.990665 -0.0994329 -0.338575 -0.461174 -0.820174 -0.416916 -0.314752 -0.852709 -0.381907 -0.314752 -0.868952 -0.0329187 -0.817286 -0.575291 -0.128184 -0.817286 -0.561794 -0.155372 -0.715656 -0.680952 -0.154548 -0.95655 -0.247238 -0.0611008 -0.990665 -0.121857 -0.0660704 -0.990665 -0.119235 -0.178635 -0.595944 -0.782905 -0.0399009 -0.715656 -0.697312 0.0632643 -0.817286 -0.572748 -0.0560274 -0.990665 -0.124271 0.120254 -0.898266 -0.422678 0.0482472 -0.898266 -0.436795 -0.197384 -0.461174 -0.865077 -0.273329 -0.314752 -0.908968 -0.236152 -0.314752 -0.919328 -0.0456038 -0.990665 -0.128463 0.031868 -0.990665 -0.13254 0.0797863 -0.95655 -0.280439 0.0373026 -0.990665 -0.131114 -0.0183495 -0.990665 -0.135077 -0.0239002 -0.990665 -0.134206 0.0320111 -0.95655 -0.289805 0.0263791 -0.990665 -0.133741 0.0208455 -0.990665 -0.134714 0.0152765 -0.990665 -0.135459 -0.00154835 -0.990665 -0.136308 -0.00716409 -0.990665 -0.136129 -0.0166565 -0.95655 -0.291092 0.00968146 -0.990665 -0.135973 0.00407002 -0.990665 -0.136257 0.0766829 -0.715656 -0.69423 -0.0458749 -0.595944 -0.801715 -0.0348704 -0.990665 -0.131782 -0.0506898 -0.461174 -0.885861 -0.160688 -0.314752 -0.935473 0.157683 -0.817286 -0.554237 -0.122527 -0.314752 -0.941232 -0.0841628 -0.314752 -0.945435 0.191128 -0.715656 -0.671793 0.0974174 -0.461174 -0.881946 0.088164 -0.595944 -0.798172 -0.00708103 -0.314752 -0.949148 0.0315094 -0.314752 -0.948651 0.10847 -0.314752 -0.942956 0.146713 -0.314752 -0.937767 0.219744 -0.595944 -0.772375 0.184714 -0.314752 -0.931027 0.242808 -0.461174 -0.853442 0.222409 -0.314752 -0.922749 0.259737 -0.314752 -0.912945 -0.0508588 -0.990665 -0.126474 -0.0294103 -0.990665 -0.133107 -0.310054 -0.314752 -0.897105 -0.0756647 -0.990665 -0.11339 -0.0709278 -0.990665 -0.116412 -0.484808 -0.314752 -0.816022 -0.451235 -0.314752 -0.835056 -0.470326 -0.461174 -0.752404 -0.089073 -0.990665 -0.103191 -0.51758 -0.314752 -0.795639 -0.549497 -0.314752 -0.773941 -0.667573 -0.314752 -0.674743 -0.639591 -0.314752 -0.701323 -0.266512 -0.715656 -0.645607 -0.848206 -0.314752 -0.426001 -0.830188 -0.314752 -0.46013 -0.774127 -0.461174 -0.433642 -0.544068 -0.715656 -0.437979 -0.108305 -0.990665 -0.0827789 -0.72018 -0.314752 -0.618282 -0.69445 -0.314752 -0.647047 -0.120423 -0.990665 -0.0638797 -0.790065 -0.314752 -0.526051 -0.810796 -0.314752 -0.493498 -0.127383 -0.990665 -0.0485383 -0.28705 -0.95655 -0.0511309 -0.133622 -0.990665 -0.0269721 -0.132397 -0.990665 -0.0324555 -0.135389 -0.990665 -0.0158771 -0.13462 -0.990665 -0.0214429 -0.700594 -0.595944 -0.392452 -0.925993 -0.314752 -0.208488 -0.916753 -0.314752 -0.245959 -0.873559 -0.461174 -0.155603 -0.135929 -0.990665 -0.0102845 -0.136237 -0.990665 -0.00467433 -0.567302 -0.817286 -0.101051 -0.0876357 -0.990665 0.104414 -0.197472 -0.95655 0.214515 -0.091864 -0.990665 0.100714 -0.944482 -0.314752 -0.094258 -0.887273 -0.461174 -0.00808054 -0.947533 -0.314752 -0.0557852 -0.944061 -0.314752 0.0983904 -0.876248 -0.461174 0.139668 -0.948933 -0.314752 0.0213732 -0.94728 -0.314752 0.0599313 -0.576208 -0.817286 -0.00524762 -0.802993 -0.595944 -0.00731299 -0.925072 -0.314752 0.212539 -0.932948 -0.314752 0.174757 -0.915667 -0.314752 0.249969 -0.256929 -0.95655 0.137837 -0.124518 -0.990665 0.0554756 -0.122127 -0.990665 0.0605597 -0.119527 -0.990665 0.0655409 -0.116725 -0.990665 0.0704108 -0.113724 -0.990665 0.075161 -0.230413 -0.95655 0.178667 -0.11053 -0.990665 0.0797836 -0.828166 -0.314752 0.463759 -0.808629 -0.314752 0.497042 -0.103585 -0.990665 0.0886144 -0.107149 -0.990665 0.0842706 -0.0998455 -0.990665 0.0928077 -0.507775 -0.817286 0.272411 -0.0959363 -0.990665 0.0968433 -0.159025 -0.95655 0.244383 -0.239683 -0.898266 0.368334 -0.29763 -0.898266 0.323318 -0.0832585 -0.990665 0.107937 -0.0787399 -0.990665 0.111276 -0.390268 -0.817286 0.423951 -0.314285 -0.817286 0.482979 -0.0644132 -0.990665 0.120139 -0.0693092 -0.990665 0.117382 -0.116145 -0.95655 0.267436 -0.175054 -0.898266 0.403081 -0.0740875 -0.990665 0.114427 -0.0543014 -0.990665 0.125035 -0.0594078 -0.990665 0.122691 -0.0127676 -0.990665 -0.135718 -0.0251048 -0.898266 -0.438734 -0.0456596 -0.314752 -0.948075 0.0700477 -0.314752 -0.946586 -0.0977569 -0.898266 -0.428441 -0.198584 -0.314752 -0.928168 -0.306414 -0.595944 -0.742268 -0.167683 -0.898266 -0.406202 -0.346267 -0.314752 -0.883759 -0.42565 -0.595944 -0.680935 -0.232935 -0.898266 -0.372638 -0.533019 -0.595944 -0.600618 -0.291692 -0.898266 -0.328685 -0.625527 -0.595944 -0.503554 -0.342316 -0.898266 -0.275567 -0.893742 -0.314752 -0.31962 -0.905996 -0.314752 -0.283023 -0.383396 -0.898266 -0.214767 -0.933703 -0.314752 -0.170673 -0.413787 -0.898266 -0.147979 -0.432642 -0.898266 -0.0770646 -0.439433 -0.898266 -0.00400199 -0.949018 -0.314752 -0.0172201 -0.93987 -0.314752 -0.132575 -0.433973 -0.898266 0.0691722 -0.939281 -0.314752 0.136687 -0.760928 -0.595944 0.256591 -0.416414 -0.898266 0.140418 -0.904749 -0.314752 0.286986 -0.664613 -0.314752 0.677658 -0.387244 -0.898266 0.207749 -0.455369 -0.817286 0.353103 -0.347278 -0.898266 0.269287 -0.380946 -0.715656 0.58542 -0.437982 -0.595944 0.67307 -0.22954 -0.817286 0.52854 -0.278226 -0.715656 0.640645 -0.319882 -0.595944 0.736564 -0.224621 -0.818467 0.528827 -0.278816 -0.714195 0.642018 -0.228864 -0.818472 0.526997 -0.3211 -0.591793 0.739376 -0.273636 -0.714191 0.644247 -0.315123 -0.59179 0.741945 -0.354384 -0.456664 0.816009 -0.347778 -0.456663 0.818847 -0.3781 -0.314752 0.870615 -0.371045 -0.314752 0.873646 -0.170012 -0.900504 0.400235 -0.173213 -0.900509 0.39885 -0.112122 -0.958006 0.26392 -0.11422 -0.958009 0.263005 -0.0533355 -0.990659 0.125498 -0.0543134 -0.990661 0.125061 0.0359282 -0.991044 -0.128615 0.0305405 -0.991044 -0.13 0.031868 -0.990665 -0.13254 0.0208455 -0.990665 -0.134714 0.0263791 -0.990665 -0.133741 0.0250997 -0.991044 -0.131159 0.00407001 -0.990665 -0.136257 0.00968147 -0.990665 -0.135973 0.00855444 -0.991044 -0.133265 0.0152765 -0.990665 -0.135459 0.0196155 -0.991044 -0.132091 0.0140972 -0.991044 -0.132793 -0.00716408 -0.990665 -0.136129 -0.00812431 -0.991044 -0.133292 -0.0127676 -0.990665 -0.135718 0.00299684 -0.991044 -0.133506 -0.00256595 -0.991044 -0.133515 -0.00154835 -0.990665 -0.136308 -0.0246763 -0.991044 -0.131239 -0.0294103 -0.990665 -0.133107 -0.0239002 -0.990665 -0.134206 -0.0191891 -0.991044 -0.132153 -0.0183495 -0.990665 -0.135077 -0.0136686 -0.991044 -0.132838 -0.0456038 -0.990665 -0.128463 -0.0402713 -0.990665 -0.130233 -0.0408434 -0.991044 -0.12714 -0.0348704 -0.990665 -0.131782 -0.0301207 -0.991044 -0.130098 -0.0355129 -0.991044 -0.128731 -0.0560274 -0.990665 -0.124271 -0.0563733 -0.991044 -0.121057 -0.0611008 -0.990665 -0.121857 -0.046103 -0.991044 -0.125329 -0.0512827 -0.991044 -0.1233 -0.0508588 -0.990665 -0.126474 -0.0710239 -0.991044 -0.113086 -0.0756647 -0.990665 -0.11339 -0.0709278 -0.990665 -0.116412 -0.0662525 -0.991044 -0.115945 -0.0660704 -0.990665 -0.119235 -0.0613662 -0.991044 -0.118604 -0.089073 -0.990665 -0.103191 -0.084745 -0.990665 -0.106774 -0.0845665 -0.991044 -0.10335 -0.080273 -0.990665 -0.110175 -0.075672 -0.991044 -0.110029 -0.0801888 -0.991044 -0.106782 -0.0972679 -0.990665 -0.0955058 -0.0967899 -0.991044 -0.0920024 -0.101121 -0.990665 -0.0914164 -0.0887974 -0.991044 -0.0997384 -0.0928743 -0.991044 -0.0959536 -0.0932497 -0.990665 -0.0994329 -0.107503 -0.991044 -0.0792195 -0.111625 -0.990665 -0.0782455 -0.108305 -0.990665 -0.0827789 -0.104111 -0.991044 -0.0836281 -0.104802 -0.990665 -0.0871717 -0.100538 -0.991044 -0.0878915 -0.120423 -0.990665 -0.0638797 -0.117689 -0.990665 -0.0687879 -0.11654 -0.991044 -0.0652009 -0.114754 -0.990665 -0.0735792 -0.110709 -0.991044 -0.0746735 -0.113723 -0.991044 -0.0699979 -0.125275 -0.990665 -0.0537463 -0.123759 -0.991044 -0.0501651 -0.127383 -0.990665 -0.0485383 -0.119154 -0.991044 -0.0602907 -0.121562 -0.991044 -0.0552759 -0.122953 -0.990665 -0.058863 -0.129047 -0.991044 -0.0343468 -0.132397 -0.990665 -0.0324555 -0.130947 -0.990665 -0.0378838 -0.127504 -0.991044 -0.0396915 -0.129275 -0.990665 -0.0432478 -0.12574 -0.991044 -0.0449673 -0.135389 -0.990665 -0.0158771 -0.13462 -0.990665 -0.0214428 -0.132322 -0.991044 -0.0179927 -0.133622 -0.990665 -0.0269721 -0.130365 -0.991044 -0.0289425 -0.131457 -0.991044 -0.023488 -0.136237 -0.990665 -0.00467434 -0.133532 -0.991044 -0.00135796 -0.136314 -0.990665 0.000943729 -0.132956 -0.991044 -0.0124662 -0.13336 -0.991044 -0.0069181 -0.135929 -0.990665 -0.0102845 -0.131908 -0.991044 0.0208097 -0.135157 -0.990665 0.0177502 -0.13266 -0.991044 0.015298 -0.135773 -0.990665 0.0121655 -0.136159 -0.990665 0.00656023 -0.133182 -0.991044 0.00975976 -0.131935 -0.990665 0.0342855 -0.129718 -0.991044 0.0317153 -0.128285 -0.991044 0.0370903 -0.13431 -0.990665 0.0233047 -0.130927 -0.991044 0.0262853 -0.133236 -0.990665 0.0288196 -0.124753 -0.991044 0.0476379 -0.122661 -0.991044 0.0527922 -0.126699 -0.990665 0.0502973 -0.126629 -0.991044 0.0424009 -0.128664 -0.990665 0.0450335 -0.13041 -0.990665 0.0396933 -0.124518 -0.990665 0.0554756 -0.120356 -0.991044 0.057855 -0.122127 -0.990665 0.0605597 -0.119527 -0.990665 0.0655409 -0.117842 -0.991044 0.0628173 -0.115123 -0.991044 0.0676707 -0.116725 -0.990665 0.0704108 -0.112205 -0.991044 0.0724066 -0.113724 -0.990665 0.075161 -0.11053 -0.990665 0.0797836 -0.109092 -0.991044 0.0770168 -0.10579 -0.991044 0.0814934 -0.107149 -0.990665 0.0842705 -0.102304 -0.991044 0.0858287 -0.103585 -0.990665 0.0886144 -0.0998455 -0.990665 0.0928077 -0.098641 -0.991044 0.0900149 -0.0948064 -0.991044 0.094045 -0.0959363 -0.990665 0.0968433 -0.0908074 -0.991044 0.0979119 -0.091864 -0.990665 0.100714 -0.0876357 -0.990665 0.104414 -0.0866508 -0.991044 0.101609 -0.0823439 -0.991044 0.105129 -0.0832585 -0.990665 0.107937 -0.077894 -0.991044 0.108468 -0.0787399 -0.990665 0.111276 -0.0740875 -0.990665 0.114427 -0.073309 -0.991044 0.111618 -0.0685968 -0.991044 0.114574 -0.0693092 -0.990665 0.117382 -0.0637655 -0.991044 0.117332 -0.0644132 -0.990665 0.120139 -0.0594078 -0.990665 0.122691 -0.0588236 -0.991044 0.119885 -0.0537792 -0.991044 0.122231 -0.0543014 -0.990665 0.125035 -0.133473 -0.991044 0.00420455 0.0373027 -0.990665 -0.131114 0.10847 -0.314752 -0.942956 0.139716 -0.170982 -0.975318 0.146713 -0.314752 -0.937767 -0.146781 0.269892 -0.951637 -0.10881 0.269892 -0.956723 -0.197242 0.124588 -0.972406 -0.273329 -0.314752 -0.908968 -0.195864 -0.170982 -0.96561 -0.236152 -0.314752 -0.919328 -0.122527 -0.314752 -0.941232 -0.160688 -0.314752 -0.935473 -0.0286909 0.124588 -0.991794 0.306174 -0.0726258 -0.949201 0.304507 -0.0968145 -0.947577 0.141765 -0.0234548 -0.989622 0.1407 0.124588 -0.982182 -0.00708094 -0.314752 -0.949148 -0.0284904 -0.170982 -0.984862 0.0315094 -0.314752 -0.948651 0.0700477 -0.314752 -0.946586 0.302379 -0.121115 -0.945462 0.296696 -0.169926 -0.939732 0.299789 -0.145511 -0.942843 0.267114 -0.314752 -0.910814 0.259737 -0.314752 -0.912945 0.273224 -0.290788 -0.916947 0.184714 -0.314752 -0.931027 0.278878 -0.266731 -0.922541 0.222409 -0.314752 -0.922749 0.284063 -0.2426 -0.927606 0.288767 -0.218411 -0.932153 0.292981 -0.194181 -0.936192 -0.310054 -0.314752 -0.897105 -0.35751 -0.170982 -0.918124 -0.18452 0.269892 -0.945045 -0.331965 0.269892 -0.903857 -0.295748 0.269892 -0.916347 -0.360026 0.124588 -0.924586 -0.346267 -0.314752 -0.883759 -0.381907 -0.314752 -0.868952 -0.416916 -0.314752 -0.852709 -0.259062 0.269892 -0.927386 -0.508704 -0.170982 -0.843792 -0.451235 -0.314752 -0.835056 -0.198736 -0.0234548 -0.979772 -0.367657 0.269892 -0.889936 -0.402767 0.269892 -0.874607 -0.512284 0.124588 -0.849731 -0.471019 0.269892 -0.839821 -0.437238 0.269892 -0.857893 -0.484808 -0.314752 -0.816022 -0.549497 -0.314752 -0.773941 -0.51758 -0.314752 -0.795639 -0.536289 0.269892 -0.79972 -0.504053 0.269892 -0.82042 -0.362754 -0.0234548 -0.93159 -0.649562 0.124588 -0.750031 -0.516165 -0.0234548 -0.856168 -0.567677 0.269892 -0.777754 -0.598166 0.269892 -0.754557 -0.683766 0.269892 -0.677955 -0.767848 0.124588 -0.628401 -0.69445 -0.314752 -0.647047 -0.72018 -0.314752 -0.618282 -0.762482 -0.170982 -0.624009 -0.790065 -0.314752 -0.526051 -0.810796 -0.314752 -0.493498 -0.857646 -0.170982 -0.484983 -0.735496 0.269892 -0.621453 -0.710193 0.269892 -0.650219 -0.848206 -0.314752 -0.426001 -0.864823 -0.314752 -0.391168 -0.863682 0.124588 -0.488396 -0.804268 0.269892 -0.529445 -0.870225 -0.0234548 -0.492096 -0.934263 0.124588 -0.334111 -0.927734 -0.170982 -0.331776 -0.977527 0.124588 -0.170057 -0.929563 0.269892 -0.251138 -0.925993 -0.314752 -0.208488 -0.970695 -0.170982 -0.168869 -0.916753 -0.314752 -0.245959 -0.985274 -0.170982 -0.00102351 -0.944482 -0.314752 -0.094258 -0.93987 -0.314752 -0.132575 -0.992208 0.124588 -0.00103071 -0.984932 -0.0234548 -0.171345 -0.962586 0.269892 -0.0241965 -0.960862 0.269892 -0.0624681 -0.977878 0.124588 0.168026 -0.958618 0.269892 0.0906053 -0.939281 -0.314752 0.136687 -0.971044 -0.170982 0.166851 -0.944061 -0.314752 0.0983905 -0.915667 -0.314752 0.249969 -0.928421 -0.170982 0.329848 -0.925072 -0.314752 0.212539 -0.921803 0.269892 0.278277 -0.934955 0.124588 0.332169 -0.910003 0.269892 0.314725 -0.932143 0.269892 0.241388 -0.942038 -0.0234548 0.334686 -0.864695 0.124588 0.486601 -0.882105 0.269892 0.386069 -0.788403 0.269892 0.552791 -0.769152 0.124588 0.626804 -0.765579 -0.314752 0.561089 -0.742136 -0.314752 0.591747 -0.763776 -0.170982 0.622423 -0.691612 -0.314752 0.65008 -0.646569 -0.170982 0.743447 -0.664613 -0.314752 0.677658 -0.364971 0.0693492 0.928433 -0.514048 0.124588 0.848665 -0.364822 0.0461306 0.929934 -0.651119 0.124588 0.74868 -0.690829 0.269892 0.670756 -0.367925 0.226722 0.901792 -0.36857 0.248424 0.895791 -0.411905 0.269892 0.870341 -0.376958 0.269892 0.886037 -0.367331 0.204795 0.907264 -0.4462 0.269892 0.853266 -0.366313 0.160308 0.916579 -0.366792 0.182654 0.912196 -0.575792 0.269892 0.771766 -0.544636 0.269892 0.794059 -0.479789 0.269892 0.834842 -0.512618 0.269892 0.815095 -0.606036 0.269892 0.74825 -0.656052 -0.0234548 0.754351 -0.510456 -0.170982 0.842734 -0.517942 -0.0234548 0.855094 -0.365201 0.0923613 0.926336 -0.365514 0.115155 0.923655 -0.365156 -0.0971692 0.925862 -0.36477 -0.0488273 0.929816 -0.364752 -0.0247496 0.930776 -0.364906 -0.0729721 0.92818 -0.365511 -0.121404 0.922856 -0.365965 -0.145661 0.919159 -0.514094 -0.314752 0.797897 -0.481233 -0.314752 0.818136 -0.447576 -0.314752 0.837022 -0.366509 -0.169925 0.914766 -0.368573 -0.2426 0.897385 -0.367132 -0.19418 0.909675 -0.367825 -0.21841 0.903882 -0.369363 -0.266731 0.890183 -0.41318 -0.314752 0.854525 -0.370179 -0.290787 0.882275 -0.3781 -0.314752 0.870615 -0.371007 -0.314752 0.873662 -0.577213 -0.314752 0.753496 -0.607366 -0.314752 0.729409 -0.546104 -0.314752 0.776338 -0.365896 0.137766 0.920402 -0.6636 0.269892 0.697706 -0.635321 0.269892 0.723551 -0.774978 -0.0234548 0.631552 -0.369261 0.269892 0.889272 -0.364753 0.0227173 0.930827 -0.636516 -0.314752 0.704115 -0.871246 -0.0234548 0.490287 -0.716964 0.269892 0.642745 -0.741964 0.269892 0.613716 -0.76579 0.269892 0.583715 -0.717467 -0.314752 0.621427 -0.809769 0.269892 0.520992 -0.829852 0.269892 0.488368 -0.858652 -0.170982 0.4832 -0.787755 -0.314752 0.529503 -0.808629 -0.314752 0.497042 -0.848622 0.269892 0.454971 -0.866049 0.269892 0.420853 -0.846334 -0.314752 0.429709 -0.828166 -0.314752 0.463759 -0.863103 -0.314752 0.394949 -0.878445 -0.314752 0.359536 -0.985286 -0.0234548 0.169299 -0.904749 -0.314752 0.286986 -0.892334 -0.314752 0.323528 -0.999724 -0.0234548 -0.00103852 -0.941007 0.269892 0.204118 -0.948382 0.269892 0.166524 -0.932948 -0.314752 0.174757 -0.954255 0.269892 0.128666 -0.961464 0.269892 0.0524008 -0.962787 0.269892 0.0141133 -0.94728 -0.314752 0.0599314 -0.948933 -0.314752 0.0213734 -0.957617 0.269892 -0.100641 -0.947533 -0.314752 -0.0557851 -0.949018 -0.314752 -0.0172201 -0.94134 -0.0234548 -0.336642 -0.946586 0.269892 -0.176448 -0.938818 0.269892 -0.213962 -0.933703 -0.314752 -0.170673 -0.906657 0.269892 -0.324239 -0.893042 0.269892 -0.360048 -0.878013 0.269892 -0.395287 -0.905996 -0.314752 -0.283023 -0.893742 -0.314752 -0.31962 -0.88001 -0.314752 -0.355688 -0.773665 -0.0234548 -0.633161 -0.861594 0.269892 -0.429901 -0.843811 0.269892 -0.463834 -0.830188 -0.314752 -0.46013 -0.824692 0.269892 -0.497033 -0.78257 0.269892 -0.561018 -0.654483 -0.0234548 -0.755713 -0.768027 -0.314752 -0.557733 -0.744719 -0.314752 -0.588494 -0.627708 0.269892 -0.730165 -0.667573 -0.314752 -0.674743 -0.645023 -0.170982 -0.744789 -0.639591 -0.314752 -0.701323 -0.580505 -0.314752 -0.750963 -0.610553 -0.314752 -0.726744 -0.0289082 -0.0234548 -0.999307 -0.198584 -0.314752 -0.928168 -0.0841629 -0.314752 -0.945435 -0.032411 0.269892 -0.962345 -0.0706664 0.269892 -0.960294 -0.0456596 -0.314752 -0.948075 0.0441931 0.269892 -0.961876 0.308124 -0.0246433 -0.951027 0.307379 -0.0485638 -0.950347 0.308391 -0.000959183 -0.951259 0.307563 0.0458675 -0.950422 0.308196 0.0225171 -0.951057 0.306496 0.0690795 -0.949362 0.0824206 0.269892 -0.959357 0.120517 0.269892 -0.955319 0.300745 0.137766 -0.943702 0.303081 0.115041 -0.945995 0.305001 0.0921411 -0.947884 0.158424 0.269892 -0.949768 0.196079 0.269892 -0.942715 0.297998 0.160308 -0.941009 0.294848 0.182654 -0.937924 0.291304 0.204796 -0.934452 0.233424 0.269892 -0.934169 0.287375 0.226722 -0.930598 0.283071 0.248424 -0.926367 0.278402 0.269893 -0.921765 0.270399 0.269892 -0.924144 0.00589575 0.269892 -0.962873 -0.221967 0.269892 -0.936957 -0.656256 0.269892 -0.704618 -0.759634 0.269892 -0.591704 -0.918837 0.269892 -0.287916 -0.952855 0.269892 -0.138654 -0.896764 0.269892 0.350675 -0.364758 -0.000878197 0.931102 -0.0247462 0.998569 -0.0474029 -0.0266408 0.998569 -0.0463654 -0.025173 0.998713 -0.0440359 -0.0229152 0.998569 0.0483206 -0.0204258 0.998713 0.0464279 -0.022354 0.998713 0.0455323 -0.0242329 0.998713 0.0445615 -0.0267308 0.998569 0.0463193 -0.0248468 0.998569 0.0473572 -0.0303758 0.998569 0.0440139 -0.0295769 0.998713 0.0412038 -0.0321291 0.998569 0.042752 -0.0278439 0.998713 0.0423966 -0.0285675 0.998569 0.0452079 -0.0260627 0.998713 0.0435161 -0.0344906 0.998713 0.0371908 -0.0370479 0.998569 0.0385656 -0.0354578 0.998569 0.0400329 -0.0328998 0.998713 0.0386003 -0.0338229 0.998569 0.0414247 -0.0312621 0.998713 0.0399382 -0.0400366 0.998569 0.0354544 -0.0374538 0.998713 0.0341999 -0.0388469 0.998713 0.0326088 -0.038577 0.998569 0.0370369 -0.0414273 0.998569 0.033818 -0.0414295 0.998713 0.0292612 -0.0440232 0.998569 0.0303607 -0.0427585 0.998569 0.0321171 -0.0401818 0.998713 0.0309545 -0.0454848 0.998622 0.0261785 -0.0452106 0.998569 0.0285634 -0.0437179 0.998713 0.0257142 -0.042608 0.998713 0.0275144 -0.0457093 0.998713 0.0219843 -0.0483266 0.998569 0.0228969 -0.0473596 0.998569 0.0248359 -0.0463211 0.998569 0.0267249 -0.0473778 0.998713 0.0181072 -0.0500119 0.998569 0.0189378 -0.0492107 0.998569 0.020931 -0.0465819 0.998713 0.0200666 -0.0487229 0.998713 0.0140985 -0.0519329 0.998569 0.0127553 -0.0513757 0.998569 0.0148394 -0.0507324 0.998569 0.0169115 -0.0480974 0.998713 0.0161058 -0.0524041 0.998569 0.0106588 -0.0497252 0.998713 0.0099984 -0.0527895 0.998569 0.00854902 -0.0492654 0.998713 0.0120628 -0.0530916 0.998569 0.00639754 -0.0503867 0.998713 0.00582183 -0.0533069 0.998569 0.00424918 -0.0501027 0.998713 0.00790463 -0.0534354 0.998569 0.00210326 -0.050695 0.998713 0.00161259 -0.0534773 0.998569 -4.10249e-05 -0.0505841 0.998713 0.00372477 -0.0534299 0.998569 -0.00220956 -0.0506544 0.998713 -0.00261617 -0.0532971 0.998569 -0.00436655 -0.0507197 0.998713 -0.000515459 -0.0530793 0.998569 -0.0065065 -0.0502604 0.998713 -0.0068182 -0.0527763 0.998569 -0.00863001 -0.0505013 0.998713 -0.00471689 -0.0523824 0.998569 -0.0107586 -0.0495188 0.998713 -0.010982 -0.0519042 0.998569 -0.0128683 -0.0499316 0.998713 -0.00892136 -0.0513451 0.998569 -0.0149467 -0.0484333 0.998713 -0.0150604 -0.0507049 0.998569 -0.0169948 -0.0490195 0.998713 -0.0130281 -0.0499761 0.998569 -0.0190281 -0.0470113 0.998713 -0.0190437 -0.0491644 0.998569 -0.0210354 -0.0477602 0.998713 -0.0170799 -0.0482781 0.998569 -0.0229983 -0.0452642 0.998713 -0.0228857 -0.0473168 0.998569 -0.024918 -0.0461793 0.998713 -0.0209788 -0.0462738 0.998569 -0.0268037 -0.0432012 0.998713 -0.0265781 -0.045149 0.998569 -0.0286558 -0.0442654 0.998713 -0.0247654 -0.043958 0.998569 -0.0304524 -0.040841 0.998713 -0.0300772 -0.0427004 0.998569 -0.0321938 -0.0420598 0.998713 -0.0283485 -0.0413716 0.998569 -0.0338841 -0.038194 0.998713 -0.0333763 -0.0399623 0.998569 -0.0355325 -0.0395443 0.998713 -0.0317648 -0.0384971 0.998569 -0.0371155 -0.0352861 0.998713 -0.0364356 -0.0369753 0.998569 -0.0386334 -0.0367747 0.998713 -0.0349331 -0.0337277 0.998713 -0.0378841 -0.0353965 0.998569 -0.0400862 -0.0302905 0.998569 -0.0440696 -0.0287534 0.998713 -0.0417847 -0.0284985 0.998569 -0.0452508 -0.0304706 0.998713 -0.04055 -0.0269765 0.998713 -0.0429537 -0.021424 0.998713 -0.0459759 -0.0208605 0.998569 -0.0492402 -0.0228195 0.998569 -0.0483613 -0.0233222 0.998713 -0.0450433 -0.0175198 0.998713 -0.0476018 -0.0168132 0.998569 -0.0507608 -0.0188515 0.998569 -0.050041 -0.019478 0.998713 -0.0468334 -0.0135009 0.998713 -0.0488934 -0.0126811 0.998569 -0.0519508 -0.0147565 0.998569 -0.0513977 -0.0155275 0.998713 -0.0482886 -0.00938118 0.998713 -0.0498488 -0.0084441 0.998569 -0.0528015 -0.0105733 0.998569 -0.0524188 -0.0114398 0.998713 -0.0494155 -0.00520372 0.998713 -0.050456 -0.00417264 0.998569 -0.0533127 -0.00631059 0.998569 -0.0530998 -0.00730252 0.998713 -0.0501958 -0.000982634 0.998713 -0.0507145 0.000143899 0.998569 -0.0534723 -0.002021 0.998569 -0.0534371 -0.00308475 0.998713 -0.0506285 0.00323764 0.998713 -0.0506204 0.00444404 0.998569 -0.0532903 0.00229893 0.998569 -0.0534237 0.00112478 0.998713 -0.050712 0.00744308 0.998713 -0.0501749 0.00870419 0.998569 -0.0527662 0.00657912 0.998569 -0.0530714 0.00535588 0.998713 -0.0504388 0.00952094 0.998713 -0.049823 0.010819 0.998569 -0.052374 0.0129236 0.998569 -0.0518939 0.0115893 0.998713 -0.0493821 0.0136483 0.998713 -0.0488515 0.0150176 0.998569 -0.0513254 -0.0337391 0.998569 -0.041487 -0.0321286 0.998713 -0.0392498 -0.0447596 0.998713 0.0238607 -0.0360019 0.998713 0.0357273 -0.0209355 0.998569 0.0492089 -0.0320372 0.998569 -0.0428148 -0.935243 0.0871557 -0.343109 -0.938016 0.0871557 -0.335453 -0.948785 0.0871557 -0.303663 -0.920063 0.0871557 -0.381953 -0.923231 0.0871557 -0.37423 -0.90327 0.0871557 -0.420128 -0.888883 0.0871557 -0.449767 -0.906844 0.0871557 -0.412356 -0.884894 0.0871557 -0.457566 -0.86938 0.0871557 -0.486397 -0.848368 0.0871557 -0.522184 -0.864967 0.0871557 -0.494203 -0.820603 0.0871557 -0.564814 -0.825884 0.0871557 -0.557064 -0.843524 0.0871557 -0.529973 -0.796243 0.0871557 -0.598666 -0.801966 0.0871557 -0.590977 -0.776657 0.0871557 -0.623865 -0.770488 0.0871557 -0.631468 -0.722042 0.0871557 -0.686338 -0.75 0.0871557 -0.655671 -0.743382 0.0871557 -0.663164 -0.69283 0.0871557 -0.715815 -0.714974 0.0871557 -0.693697 -0.662416 0.0871557 -0.744049 -0.685313 0.0871557 -0.723015 -0.65445 0.0871557 -0.751065 -0.630853 0.0871557 -0.770992 -0.598195 0.0871557 -0.796597 -0.622441 0.0871557 -0.777799 -0.58934 0.0871557 -0.80317 -0.564499 0.0871557 -0.82082 -0.555207 0.0871557 -0.827133 -0.447216 0.0871557 -0.890169 -0.409566 0.0871557 -0.908108 -0.420528 0.0871557 -0.903084 -0.956995 0.0871557 0.276703 -0.946167 0.0871557 0.311723 -0.958385 0.0871557 0.271848 -0.382551 0.0871557 -0.919814 -0.371198 0.0871557 -0.924454 -0.33218 0.0871557 -0.939181 -0.34391 0.0871557 -0.934949 -0.292579 0.0871557 -0.952261 -0.304673 0.0871557 -0.948461 -0.264906 0.0871557 -0.960327 -0.252465 0.0871557 -0.963673 -0.211909 0.0871557 -0.973395 -0.22468 0.0871557 -0.970527 -0.170982 0.0871557 -0.981412 -0.184064 0.0871557 -0.979042 -0.129754 0.0871557 -0.987708 -0.101945 0.0871557 -0.990965 -0.143129 0.0871557 -0.985859 -0.0883002 0.0871557 -0.992274 -0.0605843 0.0871557 -0.994351 -0.0466907 0.0871557 -0.9951 -0.0191188 0.0871557 -0.996011 0.0223804 0.0871557 -0.995943 -0.00499989 0.0871557 -0.996182 0.0366997 0.0871557 -0.995518 0.0638403 0.0871557 -0.994147 0.161122 0.0871557 -0.983079 0.146357 0.0871557 -0.985385 0.119834 0.0871557 -0.988961 0.283005 0.0871557 -0.95515 0.30633 0.0871557 -0.947927 0.26805 0.0871557 -0.959455 0.242779 0.0871557 -0.966158 0.322735 0.0871557 -0.942468 0.344117 0.0871557 -0.934873 0.38135 0.0871557 -0.920313 0.3619 0.0871557 -0.928134 0.40043 0.0871557 -0.912173 0.417969 0.0871557 -0.904271 0.438258 0.0871557 -0.894614 0.453917 0.0871557 -0.886772 0.489133 0.0871557 -0.867844 0.475319 0.0871557 -0.875486 0.511546 0.0871557 -0.854825 0.523561 0.0871557 -0.847519 0.546876 0.0871557 -0.832664 0.557146 0.0871557 -0.825828 0.589762 0.0871557 -0.802861 0.581249 0.0871557 -0.809045 0.614602 0.0871557 -0.784008 0.621432 0.0871557 -0.778605 0.646878 0.0871557 -0.757597 0.652108 0.0871557 -0.7531 0.681738 0.0871557 -0.726386 0.678021 0.0871557 -0.729857 0.707975 0.0871557 -0.700839 0.710278 0.0871557 -0.698505 0.736688 0.0871557 -0.670592 0.737678 0.0871557 -0.669504 0.763895 0.0871557 -0.639428 0.764111 0.0871557 -0.63917 0.790194 0.0871557 -0.606628 0.788886 0.0871557 -0.608328 0.812639 0.0871557 -0.576213 0.814892 0.0871557 -0.573023 0.838162 0.0871557 -0.538413 0.835086 0.0871557 -0.543172 0.859963 0.0871557 -0.50286 0.85619 0.0871557 -0.509257 0.875919 0.0871557 -0.474521 0.880256 0.0871557 -0.466425 0.899007 0.0871557 -0.429173 0.894239 0.0871557 -0.439022 0.916183 0.0871557 -0.391169 0.911122 0.0871557 -0.402816 0.92654 0.0871557 -0.365962 0.931752 0.0871557 -0.352479 0.945689 0.0871557 -0.313171 0.940467 0.0871557 -0.328519 0.957968 0.0871557 -0.273315 0.952868 0.0871557 -0.290598 0.963739 0.0871557 -0.252211 0.968568 0.0871557 -0.232979 0.977471 0.0871557 -0.192236 0.973065 0.0871557 -0.21342 0.98466 0.0871557 -0.151155 0.98083 0.0871557 -0.174288 0.987018 0.0871557 -0.134904 0.990124 0.0871557 -0.109809 0.993853 0.0871557 -0.068271 0.991627 0.0871557 -0.0952863 0.995839 0.0871557 -0.0266134 0.994648 0.0871557 -0.0554996 0.996072 0.0871557 -0.0156078 0.99608 0.0871557 0.0150908 0.994576 0.0871557 0.056769 0.995898 0.0871557 0.0243148 0.991328 0.0871557 0.0983477 0.994122 0.0871557 0.0642221 0.990746 0.0871557 0.10405 0.986343 0.0871557 0.139754 0.979629 0.0871557 0.180915 0.985771 0.0871557 0.143733 0.971199 0.0871557 0.221759 0.979203 0.0871557 0.183207 0.961322 0.0871557 0.261274 0.97105 0.0871557 0.222409 0.961066 0.0871557 0.262214 0.950032 0.0871557 0.299739 0.949249 0.0871557 0.30221 -0.951174 0.0871557 -0.296095 -0.970858 0.0871557 -0.223246 -0.960663 0.0871557 -0.263686 -0.96268 0.0871557 -0.256223 -0.980665 0.0871557 -0.175216 -0.979351 0.0871557 -0.182415 -0.972516 0.0871557 -0.215907 -0.986128 0.0871557 -0.141264 -0.987111 0.0871557 -0.134221 -0.991176 0.0871557 -0.0998651 -0.994488 0.0871557 -0.0582919 -0.991845 0.0871557 -0.0929924 -0.994857 0.0871557 -0.0516028 -0.996056 0.0871557 -0.016616 -0.995879 0.0871557 0.0250885 -0.996143 0.0871557 -0.0101238 -0.995701 0.0871557 0.0313729 -0.99353 0.0871557 0.0728151 -0.993956 0.0871557 0.0667493 -0.989635 0.0871557 0.114131 -0.990291 0.0871557 0.108293 -0.977764 0.0871557 0.190739 -0.984891 0.0871557 0.149647 -0.984023 0.0871557 0.155249 -0.976703 0.0871557 0.196097 -0.968924 0.0871557 0.231496 -0.815768 0.0871557 0.571775 -0.838985 0.0871557 0.537129 -0.837035 0.0871557 0.540164 -0.967689 0.0871557 0.236605 -0.879086 0.0871557 0.468628 -0.860732 0.0871557 0.501543 -0.880969 0.0871557 0.465077 -0.457775 0.0871557 -0.884786 -0.484082 0.0871557 -0.870671 0.202128 0.0871557 -0.975473 0.227858 0.0871557 -0.969786 0.187269 0.0871557 -0.978435 0.10519 0.0871557 -0.990626 0.0783355 0.0871557 -0.99311 -0.494228 0.0871557 -0.864952 -0.5201 0.0871557 -0.849647 -0.529823 0.0871557 -0.843618 -0.94464 0.0871557 0.31632 -0.932291 0.0871557 0.351052 -0.930646 0.0871557 0.355389 -0.916781 0.0871557 0.389766 -0.899663 0.0871557 0.427796 -0.915038 0.0871557 0.39384 -0.897841 0.0871557 0.431609 -0.858805 0.0871557 0.504834 -0.813811 0.0871557 0.574556 -0.791122 0.0871557 0.605418 -0.765088 0.0871557 0.638 -0.789176 0.0871557 0.607952 -0.763171 0.0871557 0.640292 -0.737714 0.0871557 0.669464 -0.735841 0.0871557 0.671522 -0.709047 0.0871557 0.699754 -0.679137 0.0871557 0.728818 -0.707235 0.0871557 0.701586 -0.677401 0.0871557 0.730432 -0.648037 0.0871557 0.756605 -0.646392 0.0871557 0.758011 -0.615802 0.0871557 0.783066 -0.582487 0.0871557 0.808154 -0.614261 0.0871557 0.784275 -0.581064 0.0871557 0.809177 -0.548151 0.0871557 0.831826 -0.546859 0.0871557 0.832676 -0.512854 0.0871557 0.85404 -0.476659 0.0871557 0.874757 -0.511705 0.0871557 0.854729 -0.475663 0.0871557 0.875299 -0.439628 0.0871557 0.893942 -0.438795 0.0871557 0.89435 -0.401826 0.0871557 0.911559 -0.363321 0.0871557 0.927579 -0.401166 0.0871557 0.91185 -0.362722 0.0871557 0.927813 -0.324178 0.0871557 0.941973 -0.32365 0.0871557 0.942154 -0.284468 0.0871557 0.954716 -0.244258 0.0871557 0.965786 -0.284018 0.0871557 0.95485 -0.243895 0.0871557 0.965877 -0.203621 0.0871557 0.975163 -0.203352 0.0871557 0.975219 -0.162459 0.0871557 0.982859 -0.162627 0.0871557 0.982831 -0.121288 0.0871557 0.988784 -0.0799017 0.0871557 0.992985 -0.121348 0.0871557 0.988776 -0.0383754 0.0871557 0.995455 -0.079856 0.0871557 0.992989 -0.0382243 0.0871557 0.995461 0.00321741 0.0871557 0.996189 0.0448067 0.0871557 0.995187 0.00347452 0.0871557 0.996189 0.0863269 0.0871557 0.992447 0.0451672 0.0871557 0.99517 0.0867807 0.0871557 0.992408 0.128242 0.0871557 0.987906 0.127701 0.0871557 0.987976 0.168856 0.0871557 0.98178 0.169479 0.0871557 0.981672 0.209731 0.0871557 0.973867 0.210418 0.0871557 0.973719 0.250989 0.0871557 0.964058 0.250255 0.0871557 0.964249 0.290353 0.0871557 0.952942 0.29112 0.0871557 0.952708 0.32995 0.0871557 0.939966 0.330741 0.0871557 0.939688 0.369782 0.0871557 0.925022 0.368946 0.0871557 0.925355 0.407294 0.0871557 0.909129 0.408175 0.0871557 0.908734 0.444925 0.0871557 0.891317 0.445853 0.0871557 0.890853 0.482749 0.0871557 0.871411 0.48179 0.0871557 0.871942 0.51783 0.0871557 0.851032 0.518799 0.0871557 0.850442 0.552973 0.0871557 0.828628 0.55394 0.0871557 0.827982 0.587156 0.0871557 0.804768 0.58811 0.0871557 0.804071 0.551806 -0.0756517 0.830534 0.555723 -0.0756517 0.827919 0.52266 -0.0756517 0.849178 0.207316 -0.0756517 -0.975345 0.187419 -0.0756517 -0.979362 0.228045 -0.0756517 -0.970707 -0.995795 -0.0756517 -0.0516572 -0.996916 -0.0756517 -0.0208826 -0.997083 -0.0756517 -0.0101402 0.586101 -0.0756517 0.806699 0.58793 -0.0756517 0.805366 0.619368 -0.0756517 0.781448 0.619226 -0.0756517 0.78156 0.883664 -0.0756517 0.461968 0.890298 -0.0756517 0.44905 0.871927 -0.0756517 0.483756 0.649557 -0.0756517 0.75654 0.863544 -0.0756517 0.498567 0.902234 -0.0756517 0.424559 0.907289 -0.0756517 0.413648 0.934596 -0.0756517 0.347573 0.948331 -0.0756517 0.308131 0.937022 -0.0756517 0.340979 0.98556 -0.0756517 0.151485 0.986437 -0.0756517 0.145664 0.990743 -0.0756517 0.112717 0.979472 -0.0756517 0.186844 0.991672 -0.0756517 0.104229 0.995167 -0.0756517 0.0626106 0.9944 -0.0756517 0.0737956 0.996916 -0.0756517 0.0208824 0.996916 -0.0756517 -0.0208824 0.997125 -0.0756517 -0.00421983 0.986437 -0.0756517 -0.145664 0.989759 -0.0756517 -0.121052 0.991672 -0.0756517 -0.104229 0.996527 -0.0756517 0.0348057 0.995167 -0.0756517 -0.0626105 0.99374 -0.0756517 -0.0822057 0.996196 -0.0756517 -0.0432435 0.960402 -0.0756517 -0.268149 0.948331 -0.0756517 -0.308131 0.958728 -0.0756517 -0.274075 0.98426 -0.0756517 -0.159716 -0.73655 -0.0756517 0.672139 -0.712425 -0.0756517 0.697658 -0.707917 -0.0756517 0.702232 -0.401571 -0.0756517 0.912698 -0.405571 -0.0756517 0.910928 -0.36707 -0.0756517 0.927112 -0.439235 -0.0756517 0.895181 0.978857 -0.0756517 0.19004 0.970789 -0.0756517 0.227696 -0.363393 -0.0756517 0.928559 0.970641 -0.0756517 0.228326 0.960921 -0.0756517 0.266285 0.94971 -0.0756517 0.303856 0.960402 -0.0756517 0.268149 0.919221 -0.0756517 0.386405 0.922872 -0.0756517 0.377603 0.852189 -0.0756517 0.517737 0.841908 -0.0756517 0.534291 0.794247 -0.0756517 0.602867 0.785159 -0.0756517 0.614656 0.768305 -0.0756517 0.635597 0.831125 -0.0756517 0.550915 0.80877 -0.0756517 0.583238 0.818796 -0.0756517 0.569078 0.707141 -0.0756517 0.703013 0.712425 -0.0756517 0.697658 0.734304 -0.0756517 0.674592 0.741015 -0.0756517 0.667213 0.48879 -0.0756517 0.869115 0.516542 -0.0756517 0.852913 0.480373 -0.0756517 0.873795 0.651548 -0.0756517 0.754826 0.454164 -0.0756517 0.8877 0.443361 -0.0756517 0.893145 0.678877 -0.0756517 0.730344 0.682585 -0.0756517 0.72688 0.418836 -0.0756517 0.904905 0.405571 -0.0756517 0.910928 0.382859 -0.0756517 0.920704 0.36707 -0.0756517 0.927112 0 -0.0756517 0.997134 0.0392961 -0.0756517 0.99636 5.53538e-12 -0.0756517 0.997134 0.346291 -0.0756517 0.935072 0.207316 -0.0756517 0.975345 0.195229 -0.0756517 0.977836 0.166291 -0.0756517 0.98317 0.271605 -0.0756517 0.959431 0.288204 -0.0756517 0.954576 0.309189 -0.0756517 0.947987 0.156557 -0.0756517 0.984767 0.233598 -0.0756517 0.969386 0.247977 -0.0756517 0.965807 0.124974 -0.0756517 0.989272 0.117636 -0.0756517 0.990171 0.0785283 -0.0756517 0.994037 0.083438 -0.0756517 0.993637 0.0417557 -0.0756517 0.99626 0.327924 -0.0756517 0.94167 0.760324 -0.0756517 0.645124 0.977251 -0.0756517 -0.198135 0.979472 -0.0756517 -0.186844 0.970789 -0.0756517 -0.227696 0.968743 -0.0756517 -0.236249 0.947235 -0.0756517 -0.311486 0.934596 -0.0756517 -0.347573 0.919892 -0.0756517 -0.384805 0.934283 -0.0756517 -0.348415 0.919221 -0.0756517 -0.386405 0.904087 -0.0756517 -0.420598 0.88689 -0.0756517 -0.455744 0.902234 -0.0756517 -0.424559 0.883664 -0.0756517 -0.461968 0.868327 -0.0756517 -0.490188 0.863544 -0.0756517 -0.498567 0.848438 -0.0756517 -0.523861 0.82729 -0.0756517 -0.556658 0.841908 -0.0756517 -0.534291 0.818796 -0.0756517 -0.569078 0.804884 -0.0756517 -0.58859 0.794247 -0.0756517 -0.602866 0.781256 -0.0756517 -0.61961 0.756467 -0.0756517 -0.649642 0.768305 -0.0756517 -0.635597 0.741015 -0.0756517 -0.667213 0.730551 -0.0756517 -0.678655 0.712425 -0.0756517 -0.697658 0.703493 -0.0756517 -0.706664 0.67533 -0.0756517 -0.733625 0.682585 -0.0756517 -0.72688 0.651548 -0.0756517 -0.754826 0.646074 -0.0756517 -0.759517 0.619368 -0.0756517 -0.781448 0.615791 -0.0756517 -0.784269 0.584561 -0.0756517 -0.807815 0.586101 -0.0756517 -0.806699 0.551806 -0.0756517 -0.830534 0.552431 -0.0756517 -0.830119 0.519386 -0.0756517 -0.851184 0.516542 -0.0756517 -0.852913 0.480373 -0.0756517 -0.873795 0.485507 -0.0756517 -0.870953 0.443361 -0.0756517 -0.893145 0.450878 -0.0756517 -0.889374 0.415551 -0.0756517 -0.906419 0.405571 -0.0756517 -0.910928 0.36707 -0.0756517 -0.927112 0.37956 -0.0756517 -0.922069 0.327924 -0.0756517 -0.94167 0.342977 -0.0756517 -0.936292 0.305863 -0.0756517 -0.949065 0.288203 -0.0756517 -0.954576 0.247977 -0.0756517 -0.965807 0.268275 -0.0756517 -0.960367 0.146468 -0.0756517 -0.986318 0.166291 -0.0756517 -0.98317 0.124974 -0.0756517 -0.989272 0.0223775 -0.0756517 -0.996883 0.0417557 -0.0756517 -0.99626 -8.71723e-08 -0.0756517 -0.997134 0.105263 -0.0756517 -0.991563 0.0834379 -0.0756517 -0.993637 0.0638758 -0.0756517 -0.995086 -0.0834379 -0.0756517 -0.993637 -0.124974 -0.0756517 -0.989272 -0.102063 -0.0756517 -0.991897 -0.0417556 -0.0756517 -0.99626 -0.0606638 -0.0756517 -0.995287 -0.0191601 -0.0756517 -0.99695 -0.247977 -0.0756517 -0.965807 -0.224911 -0.0756517 -0.971438 -0.207316 -0.0756517 -0.975345 -0.184258 -0.0756517 -0.979962 -0.143284 -0.0756517 -0.986786 -0.166291 -0.0756517 -0.983171 -0.344251 -0.0756517 -0.935825 -0.327924 -0.0756517 -0.94167 -0.36707 -0.0756517 -0.927112 -0.265174 -0.0756517 -0.961228 -0.288204 -0.0756517 -0.954576 -0.304977 -0.0756517 -0.94935 -0.443361 -0.0756517 -0.893145 -0.480373 -0.0756517 -0.873796 -0.45822 -0.0756517 -0.885614 -0.405571 -0.0756517 -0.910928 -0.420939 -0.0756517 -0.903929 -0.382927 -0.0756517 -0.920676 -0.586101 -0.0756517 -0.806699 -0.565041 -0.0756517 -0.821587 -0.551805 -0.0756517 -0.830534 -0.530334 -0.0756517 -0.844407 -0.494706 -0.0756517 -0.865761 -0.516542 -0.0756517 -0.852913 -0.663048 -0.0756517 -0.744744 -0.651548 -0.0756517 -0.754826 -0.682585 -0.0756517 -0.72688 -0.598768 -0.0756517 -0.797342 -0.619368 -0.0756517 -0.781448 -0.631456 -0.0756517 -0.771712 -0.741015 -0.0756517 -0.667213 -0.768305 -0.0756517 -0.635598 -0.750712 -0.0756517 -0.656283 -0.712425 -0.0756517 -0.697658 -0.722728 -0.0756517 -0.68698 -0.69349 -0.0756517 -0.716484 -0.841908 -0.0756517 -0.534291 -0.826665 -0.0756517 -0.557585 -0.818796 -0.0756517 -0.569078 -0.802726 -0.0756517 -0.59153 -0.777393 -0.0756517 -0.624449 -0.794247 -0.0756517 -0.602866 -0.889723 -0.0756517 -0.450189 -0.883664 -0.0756517 -0.461968 -0.902234 -0.0756517 -0.424559 -0.84917 -0.0756517 -0.522673 -0.863544 -0.0756517 -0.498567 -0.870201 -0.0756517 -0.486854 -0.934596 -0.0756517 -0.347573 -0.948331 -0.0756517 -0.308132 -0.938901 -0.0756517 -0.33577 -0.919221 -0.0756517 -0.386405 -0.924102 -0.0756517 -0.374582 -0.9077 -0.0756517 -0.412744 -0.979472 -0.0756517 -0.186844 -0.973433 -0.0756517 -0.216113 -0.970789 -0.0756517 -0.227696 -0.963588 -0.0756517 -0.256467 -0.952071 -0.0756517 -0.296376 -0.960402 -0.0756517 -0.268149 -0.99278 -0.0756517 -0.093085 -0.991672 -0.0756517 -0.104229 -0.995167 -0.0756517 -0.0626106 -0.981589 -0.0756517 -0.175384 -0.986437 -0.0756517 -0.145664 -0.988042 -0.0756517 -0.134351 -0.99057 -0.0756517 0.11423 -0.994468 -0.0756517 0.0728755 -0.991672 -0.0756517 0.104229 -0.996916 -0.0756517 0.0208826 -0.995167 -0.0756517 0.0626106 -0.99664 -0.0756517 0.0313949 -0.977627 -0.0756517 0.196272 -0.970789 -0.0756517 0.227696 -0.968604 -0.0756517 0.236818 -0.986437 -0.0756517 0.145664 -0.979472 -0.0756517 0.186844 -0.984953 -0.0756517 0.155386 -0.934596 -0.0756517 0.347573 -0.931529 -0.0756517 0.355711 -0.945535 -0.0756517 0.316606 -0.948331 -0.0756517 0.308132 -0.957901 -0.0756517 0.276952 -0.960402 -0.0756517 0.268149 -0.879923 -0.0756517 0.469055 -0.898694 -0.0756517 0.432002 -0.883664 -0.0756517 0.461968 -0.915906 -0.0756517 0.394198 -0.919221 -0.0756517 0.386405 -0.902234 -0.0756517 0.424559 -0.837834 -0.0756517 0.540658 -0.818796 -0.0756517 0.569078 -0.81459 -0.0756517 0.575083 -0.863544 -0.0756517 0.498567 -0.841908 -0.0756517 0.534291 -0.859624 -0.0756517 0.505295 -0.741015 -0.0756517 0.667213 -0.763904 -0.0756517 0.640881 -0.768305 -0.0756517 0.635598 -0.789932 -0.0756517 0.60851 -0.794247 -0.0756517 0.602866 -0.682585 -0.0756517 0.72688 -0.678057 -0.0756517 0.731106 -0.651548 -0.0756517 0.754826 -0.619368 -0.0756517 0.781448 -0.64702 -0.0756517 0.758711 -0.586101 -0.0756517 0.806699 -0.61486 -0.0756517 0.785 -0.581633 -0.0756517 0.809926 -0.551805 -0.0756517 0.830534 -0.516542 -0.0756517 0.852913 -0.547397 -0.0756517 0.833447 -0.480373 -0.0756517 0.873795 -0.512211 -0.0756517 0.855521 -0.476136 -0.0756517 0.876112 -0.443361 -0.0756517 0.893145 -0.327924 -0.0756517 0.94167 -0.288204 -0.0756517 0.954576 -0.324597 -0.0756517 0.942822 -0.285252 -0.0756517 0.955462 -0.247977 -0.0756517 0.965807 -0.207316 -0.0756517 0.975345 -0.24544 -0.0756517 0.966455 -0.166291 -0.0756517 0.983171 -0.205207 -0.0756517 0.97579 -0.164612 -0.0756517 0.983453 -0.124974 -0.0756517 0.989272 -0.0834381 -0.0756517 0.993637 -0.123723 -0.0756517 0.989429 -0.0417558 -0.0756517 0.99626 -0.0826117 -0.0756517 0.993706 -0.0413468 -0.0756517 0.996277 0.0278879 -0.753657 -0.656677 0.0599148 -0.755484 -0.652422 0.0617064 -0.667963 -0.741632 0.400635 -0.455679 -0.794889 0.495519 -0.313822 -0.809924 0.538487 -0.451905 -0.711206 0.0989708 -0.353035 -0.930361 0.0862647 -0.353958 -0.931274 0.11193 -0.46393 -0.878772 0.154512 -0.947152 -0.281122 0.16856 -0.94758 -0.27144 0.210504 -0.902547 -0.375629 0.0286272 -0.666523 -0.744934 0.00916561 -0.752624 -0.658387 0.112801 -0.351966 -0.929191 0.127775 -0.350806 -0.92769 0.0624038 -0.465279 -0.882962 0.0536499 -0.892855 -0.447138 0.0251698 -0.890909 -0.453484 0.0377735 -0.939684 -0.339952 0.115116 -0.945309 -0.305188 0.127704 -0.94601 -0.297919 0.147098 -0.8999 -0.410538 0.103121 -0.944538 -0.311791 0.028924 -0.569527 -0.821464 0.00940552 -0.665395 -0.746432 0.140852 -0.946627 -0.289927 0.000748414 -0.752264 -0.658862 0.0941991 -0.896172 -0.433593 0.0917449 -0.943723 -0.317756 0.0458984 -0.355714 -0.933467 0.0287815 -0.46508 -0.884801 0.0529492 -0.940728 -0.335002 0.0614924 -0.941371 -0.331722 0.0810047 -0.942897 -0.323084 0.0709146 -0.942098 -0.327753 0.0082802 -0.890168 -0.455557 0.0154292 -0.938444 -0.345087 0.0379753 -0.355823 -0.933781 0.0308939 -0.355839 -0.934036 0.00950085 -0.568336 -0.822742 0.000780511 -0.664582 -0.747215 0.0450368 -0.940168 -0.33772 0.0747191 -0.354668 -0.932002 0.0642716 -0.355164 -0.932592 0.0311726 -0.93927 -0.34176 0.0252441 -0.938925 -0.343195 0.00945271 -0.463855 -0.885861 0.0192497 -0.355583 -0.934446 0.00527372 -0.353769 -0.935318 0.0031751 -0.353164 -0.935556 0.0109726 -0.354849 -0.934859 0.0146826 -0.355283 -0.934643 0.000800379 -0.566998 -0.823719 0.000240687 -0.663948 -0.747779 0.000213684 -0.752122 -0.659024 0.000150771 -0.890861 -0.454276 -0.000320167 -0.938884 -0.344234 0.000651052 -0.8904 -0.455178 0.000156642 -0.751771 -0.659424 0.0115503 -0.938316 -0.345586 0.0199947 -0.938648 -0.344295 8.13542e-05 -0.890993 -0.454018 8.6637e-05 -0.939308 -0.343074 0.00368851 -0.938345 -0.34568 1.22606e-06 -0.826162 -0.563433 -3.7964e-05 -0.889357 -0.457213 0.000119703 -0.828186 -0.560453 -7.69082e-05 -0.939332 -0.343009 -4.23686e-05 -0.939368 -0.342911 0.00200395 -0.938451 -0.345408 -0.000187289 -0.939025 -0.343848 0.000775111 -0.938584 -0.345051 -1.0744e-05 -0.93939 -0.342852 1.7966e-05 -0.939396 -0.342834 4.37635e-05 -0.939386 -0.342862 6.6652e-05 -0.939357 -0.342941 0.00582991 -0.93828 -0.345828 0.00011793 -0.939145 -0.343522 0.0084291 -0.938266 -0.345812 0.000191261 -0.663234 -0.748412 4.04583e-05 -0.750226 -0.661181 -8.98873e-08 -0.938732 -0.344647 7.90993e-05 -0.662748 -0.748843 0.00080784 -0.461957 -0.886902 -0.000139206 -0.351276 -0.936272 -0.000254464 -0.350662 -0.936502 0.000292585 -0.348508 -0.937306 0.000250449 -0.458538 -0.888675 0.000282688 -0.460115 -0.887859 0.000296947 -0.349007 -0.93712 0.000297454 -0.34953 -0.936925 0.000222748 -0.564653 -0.825329 0.000263836 -0.565785 -0.824553 0.000272288 -0.347584 -0.937649 0.000256348 -0.347161 -0.937805 0.000103726 -0.939238 -0.343266 0.000116519 -0.565152 -0.824987 0.000152116 -0.459028 -0.888422 0.000212875 -0.346396 -0.938088 0.000236545 -0.346765 -0.937952 0.000185335 -0.346056 -0.938214 0.182795 -0.94787 -0.261013 0.180617 -0.46133 -0.86865 0.14391 -0.349593 -0.925783 0.161225 -0.348349 -0.923396 0.197217 -0.947996 -0.249819 0.21178 -0.94793 -0.237861 0.179733 -0.34707 -0.920456 0.199442 -0.345727 -0.916894 0.278192 -0.902737 -0.328139 0.226471 -0.94764 -0.225143 0.168978 -0.761232 -0.626076 0.259072 -0.671991 -0.693765 0.175852 -0.671284 -0.720037 0.240629 -0.947204 -0.211899 0.106395 -0.758225 -0.643254 0.110028 -0.669678 -0.734456 0.242499 -0.342669 -0.907619 0.220357 -0.344256 -0.91265 0.269107 -0.457648 -0.847432 0.266463 -0.945928 -0.184981 0.253927 -0.946641 -0.198473 0.265802 -0.341038 -0.901689 0.278175 -0.945101 -0.171471 0.337492 -0.900948 -0.272748 0.247037 -0.76336 -0.59687 0.355191 -0.670766 -0.651085 0.296182 -0.943891 -0.146101 0.288158 -0.944382 -0.158456 0.374534 -0.452738 -0.809168 0.342245 -0.335911 -0.877514 0.315619 -0.337663 -0.886774 0.302309 -0.943678 -0.134463 0.369299 -0.334222 -0.86713 0.306666 -0.94376 -0.123585 0.371204 -0.90171 -0.221646 0.450302 -0.667709 -0.592784 0.335381 -0.763299 -0.552173 0.308728 -0.94431 -0.113865 0.308016 -0.94561 -0.104636 0.424187 -0.330788 -0.842997 0.4837 -0.446966 -0.7525 0.452101 -0.328936 -0.8291 0.304374 -0.947692 -0.0961008 0.479097 -0.327172 -0.814509 0.297833 -0.950495 -0.0886275 0.365181 -0.911354 -0.189938 0.420209 -0.76115 -0.49404 0.522622 -0.666122 -0.532116 0.471583 -0.561866 -0.679644 0.552875 -0.322091 -0.768496 0.529569 -0.323795 -0.784037 0.573695 -0.441893 -0.689641 0.480906 -0.760849 -0.435705 0.55334 -0.671777 -0.492475 0.28785 -0.954102 -0.0826505 0.275905 -0.957908 -0.079305 0.262223 -0.961832 -0.0782238 0.623338 -0.44058 -0.646018 0.623352 -0.316252 -0.715134 0.246766 -0.965845 -0.0790581 0.313887 -0.930341 -0.189577 0.553752 -0.558634 -0.617485 0.210622 -0.973882 -0.0848102 0.229694 -0.96982 -0.08179 0.190268 -0.97774 -0.0884458 0.584239 -0.313243 -0.748694 0.605586 -0.313083 -0.731604 0.61566 -0.445058 -0.650297 0.646057 -0.313076 -0.696127 0.169026 -0.981225 -0.0928842 0.229713 -0.94857 -0.217822 0.645908 -0.313524 -0.696064 0.642136 -0.314147 -0.699266 0.147346 -0.984228 -0.0979002 0.127265 -0.986475 -0.103296 0.142546 -0.956822 -0.253323 0.206945 -0.899007 -0.385953 0.594732 -0.561056 -0.575769 0.10871 -0.988118 -0.108647 0.309116 -0.889337 -0.336939 0.267256 -0.816849 -0.511207 0.38237 -0.807048 -0.449963 0.634607 -0.312788 -0.706709 0.622312 -0.312933 -0.717496 0.0806525 -0.958012 -0.275153 0.122338 -0.90051 -0.417272 0.499003 -0.583901 -0.640356 0.529418 -0.686949 -0.497813 0.446465 -0.70395 -0.55238 0.0761568 -0.989973 -0.118965 0.0916378 -0.989257 -0.113898 0.0633227 -0.990373 -0.123093 0.5794 -0.571385 -0.581218 0.0528833 -0.990565 -0.126432 0.528307 -0.31367 -0.788988 0.557923 -0.313505 -0.768399 0.0445987 -0.99064 -0.129006 0.0383242 -0.990663 -0.130837 0.42004 -0.314176 -0.851387 0.380616 -0.314276 -0.869691 0.459433 -0.314001 -0.830858 0.342255 -0.31441 -0.885442 0.250357 -0.456645 -0.853696 0.304559 -0.314608 -0.899036 0.267118 -0.314727 -0.910821 0.000470104 -0.3519 -0.936038 0.000183455 -0.82825 -0.560359 0.000284366 -0.348033 -0.937482 0.000704839 -0.828021 -0.560697 0.000123705 -0.350078 -0.93672 0.00878661 -0.828026 -0.560621 0.00787216 -0.354336 -0.935085 0.00157444 -0.352536 -0.935797 0.0267233 -0.828929 -0.558716 0.0246527 -0.355762 -0.934251 0.0625351 -0.570406 -0.818979 0.0572017 -0.830932 -0.553426 0.054664 -0.355502 -0.933076 0.111874 -0.570715 -0.813492 0.101062 -0.834224 -0.542086 0.179739 -0.57039 -0.801467 0.15929 -0.837963 -0.521962 0.266453 -0.569089 -0.777908 0.230667 -0.840765 -0.489803 0.368301 -0.566182 -0.737423 0.309422 -0.8412 -0.443443 0.290202 -0.339365 -0.89477 0.382172 -0.839492 -0.38626 0.396573 -0.332542 -0.855655 0.429846 -0.839996 -0.331118 0.609581 -0.317503 -0.726363 0.574424 -0.320385 -0.753253 0.504952 -0.325473 -0.799432 0.500069 -0.768919 -0.398364 0.436594 -0.849433 -0.296393 0.634588 -0.315044 -0.705723 0.593307 -0.318857 -0.739133 0.466972 -0.787369 -0.402475 0.394201 -0.869207 -0.298472 0.642593 -0.31277 -0.699464 0.320923 -0.712641 -0.62382 0.365842 -0.590468 -0.71938 0.161663 -0.818469 -0.551338 0.19696 -0.714188 -0.671671 0.226838 -0.59178 -0.773525 0.0538712 -0.323459 0.944708 0.0551865 -0.320023 0.945801 0.0601512 -0.449358 0.891324 0.0441741 -0.680941 0.731005 0.00110152 -0.799431 0.600757 0.0539232 -0.789648 0.611186 0.0881117 -0.673897 0.733553 0.0866576 -0.673082 0.734473 0.0782505 -0.560019 0.824776 0.0836316 -0.783322 0.615965 0.095605 -0.777887 0.621089 0.0253253 -0.460824 0.88713 0.0150477 -0.348751 0.937095 0.0176878 -0.348901 0.936993 0.054407 -0.67104 0.739422 0.0495885 -0.568688 0.821057 0.0748823 -0.672447 0.736347 0.043116 -0.338321 0.940043 0.0456639 -0.335731 0.94085 0.0439968 -0.458065 0.887829 0.0101414 -0.34798 0.937447 0.00907196 -0.458571 0.888611 0.00787876 -0.347415 0.937678 0.0125315 -0.348433 0.93725 0.0204489 -0.348849 0.936956 0.0932724 -0.772479 0.628153 0.0522637 -0.326768 0.943658 0.103673 -0.927385 0.359456 0.0937022 -0.934611 0.343107 0.100822 -0.972011 0.212202 0.0683654 -0.437196 0.896764 0.0562135 -0.316489 0.946929 0.0569566 -0.31289 0.94808 0.0942679 -0.958849 0.26781 0.0908968 -0.957306 0.274414 0.0864015 -0.910233 0.404983 0.0786076 -0.554802 0.828261 0.0753021 -0.676025 0.733021 0.0575358 -0.30205 0.951554 0.0571985 -0.298547 0.952679 0.057612 -0.305634 0.950404 0.0680971 -0.565379 0.822015 0.067349 -0.950045 0.304761 0.0630009 -0.902517 0.42602 0.0726597 -0.951426 0.299181 0.026317 -0.347982 0.937132 0.029306 -0.347094 0.937372 0.0322231 -0.345903 0.937717 0.0350654 -0.344424 0.938159 0.0481615 -0.332917 0.941725 0.0503611 -0.329927 0.942662 0.0405146 -0.34063 0.939324 0.0870347 -0.95579 0.280875 0.0826793 -0.954306 0.287165 0.0778287 -0.952854 0.293278 0.10384 -0.96655 0.234518 0.10042 -0.918868 0.381571 0.0233273 -0.348557 0.936997 0.0971502 -0.960408 0.261108 0.056262 -0.947443 0.314938 0.0618819 -0.948715 0.310016 0.0361905 -0.89626 0.442049 0.0350894 -0.833794 0.550959 0.0334123 -0.757189 0.652341 0.0583066 -0.762243 0.644659 0.061187 -0.839945 0.539211 0.0504901 -0.94624 0.3195 0.0127891 -0.891647 0.45255 0.0124158 -0.828846 0.55934 0.0445682 -0.945123 0.323659 0.0386157 -0.944106 0.327374 0.0275239 -0.942321 0.333576 0.032931 -0.943172 0.330668 0.0223934 -0.941554 0.336118 0.0175399 -0.940876 0.338298 0.0129646 -0.939959 0.34104 0.0378301 -0.342665 0.938696 0.0995462 -0.961972 0.254364 0.102887 -0.965055 0.241003 0.101458 -0.963525 0.24764 0.0687657 -0.940813 0.331876 0.0879765 -0.976655 0.195972 0.0651382 -0.552466 0.830987 0.052906 -0.286212 0.956705 0.0674858 -0.425182 0.902588 0.0546144 -0.288955 0.955783 0.050704 -0.283715 0.957567 0.10432 -0.967996 0.228258 0.10433 -0.969379 0.222304 0.0535792 -0.417762 0.906975 0.0480117 -0.281482 0.958365 0.044832 -0.279531 0.959089 0.1026 -0.971158 0.215234 0.103789 -0.970387 0.218121 -0.0121784 -0.69149 0.722284 0.0333393 -0.555225 0.831032 0.0268127 -0.947552 0.318474 0.0583164 -0.982182 0.178657 0.0324442 -0.275579 0.960731 0.0271829 -0.274987 0.961064 0.037022 -0.27656 0.960283 -0.0851143 -0.811892 0.57757 0.0984623 -0.972946 0.208999 -0.223029 -0.818284 0.529783 -0.168964 -0.900347 0.401032 0.0955275 -0.973962 0.205605 0.0218716 -0.41792 0.90822 0.00624223 -0.275726 0.961216 -0.0024525 -0.276832 0.960915 -0.108353 -0.706217 0.699655 -0.0250512 -0.566041 0.823996 -0.0597844 -0.895482 0.441065 -0.0120012 -0.278363 0.960401 -0.0340342 -0.282702 0.958604 -0.0370382 -0.428577 0.902746 -0.0222566 -0.280298 0.959655 0.0920384 -0.97532 0.200697 -0.0633334 -0.28864 0.955341 -0.0477343 -0.285514 0.957185 0.0832892 -0.977905 0.19174 -0.128583 -0.582626 0.802504 -0.271536 -0.714006 0.64534 -0.0807951 -0.291997 0.953001 0.0779806 -0.979083 0.187923 0.0720518 -0.98019 0.18449 0.0654775 -0.981186 0.181622 -0.100069 -0.295504 0.950086 -0.111631 -0.957893 0.264536 -0.145143 -0.446562 0.882902 0.0505669 -0.983192 0.17543 -0.312577 -0.591624 0.743153 -0.033417 -0.954621 0.295942 -0.121089 -0.299085 0.946512 -0.14448 -0.302669 0.942081 0.0243372 -0.986178 0.163893 0.0335378 -0.985217 0.167996 -0.344865 -0.456531 0.820151 -0.237181 -0.311604 0.920135 -0.202786 -0.30913 0.929148 -0.171801 -0.306098 0.93637 0.0147649 -0.987089 0.159494 -0.276607 -0.313412 0.908439 -0.035232 -0.990281 0.134547 -0.321079 -0.314435 0.89333 0.00487878 -0.987939 0.154769 -0.3678 -0.315094 0.874894 -0.0253518 -0.989901 0.139475 -0.00518508 -0.988714 0.149726 -0.0152798 -0.989375 0.14458 -0.0447526 -0.990511 0.129946 -0.0533902 -0.990604 0.125912 0.0422947 -0.984215 0.17185 0.0140808 -0.275052 0.961326 0.0210615 -0.274808 0.961268 0.0142655 -0.885609 0.464212 0.0411679 -0.277883 0.959732 0.0622068 -0.87711 0.476243 0.0557675 -0.291949 0.954807 0.0566067 -0.295164 0.953768 0.0898142 -0.870332 0.484207 0.0574209 -0.30926 0.949242 0.100826 -0.86314 0.494797 0.0978868 -0.855084 0.509166 0.0802813 -0.767252 0.636301 0.0841425 -0.847114 0.524708 0.0311863 -0.667972 0.743533 0.0284651 -0.568307 0.822324 0.0118442 -0.752359 0.658646 0.0110831 -0.663684 0.747931 0.0101504 -0.564911 0.825089 0.0383242 -0.990663 -0.130837 0.035926 -0.991044 -0.128611 0.037301 -0.990666 -0.131111 0.0444576 -0.990642 -0.129043 0.0526837 -0.99057 -0.126476 0.0487406 -0.990967 -0.124933 0.00171135 -0.968373 0.249501 0.00157502 -0.977969 0.208745 0.00104988 -0.971772 0.23592 0.0761217 -0.99039 0.115467 0.0831483 -0.978475 0.188871 0.078449 -0.97933 0.186435 0.0413482 -0.991023 -0.127137 0.0908318 -0.989301 -0.114164 0.0832266 -0.989978 -0.114095 0.0757612 -0.989995 -0.11904 0.0630854 -0.990382 -0.123141 0.0696108 -0.990523 -0.118403 0.0581468 -0.990824 -0.122015 0.126852 -0.986556 -0.103035 0.13461 -0.985977 -0.0986373 0.115905 -0.98779 -0.104097 0.107869 -0.988193 -0.108808 0.0987353 -0.989096 -0.109273 0.173724 -0.980828 -0.0882953 0.191162 -0.977769 -0.086169 0.193374 -0.977533 -0.0838764 0.153907 -0.983667 -0.0933357 0.14738 -0.984299 -0.0971296 0.169298 -0.981323 -0.0913432 0.266644 -0.960648 -0.0778209 0.27669 -0.957695 -0.0791366 0.287798 -0.954159 -0.0821769 0.22887 -0.970341 -0.0778303 0.248049 -0.96562 -0.0777843 0.243844 -0.966787 -0.0765634 0.11966 -0.97451 -0.189768 0.0707826 -0.992551 -0.099158 0.0949276 -0.991288 -0.0913095 0.306137 -0.946597 -0.101169 0.306946 -0.945241 -0.110924 0.274958 -0.956562 -0.0968889 0.0281915 -0.974462 -0.222774 0.0505901 -0.974277 -0.219601 0.0443117 -0.940124 -0.33794 0.0661467 -0.985705 0.154954 0.0838055 -0.954817 0.285132 0.0875624 -0.956168 0.27942 0.0227758 -0.995525 -0.091714 0.0135685 -0.975085 -0.221417 0.0345938 -0.994636 -0.097476 0.0504865 -0.993643 -0.100625 0.0147544 -0.996257 -0.085171 0.00599911 -0.975955 -0.217889 0.00951066 -0.996793 -0.0794572 0.00323674 -0.938345 -0.345685 0.00172603 -0.938445 -0.345423 -0.000263275 -0.997598 0.0692622 -0.000174722 -0.98132 0.192384 0.000122103 -0.978266 0.207356 -0.000385039 -0.999646 0.0266053 -0.000418393 -0.999033 0.0439702 -0.000455857 -0.954188 -0.299206 -0.00035696 -0.977508 -0.210896 -0.000353795 -0.950478 -0.310791 -0.00108157 -0.997442 -0.0714743 -0.000385452 -0.999664 -0.0259073 -0.000366049 -0.999965 -0.00836723 -0.000899188 -0.984317 -0.176406 -0.000862154 -0.986996 -0.160742 0.000866343 -0.997341 -0.0728722 0.00125469 -0.977257 -0.212056 0.0090636 -0.94713 0.320721 0.00841918 -0.978562 0.20578 0.00740798 -0.950644 0.310195 -0.000159598 -0.943044 -0.332667 -5.97585e-05 -0.939367 -0.342912 -0.0009207 -0.978424 -0.206606 -0.000982508 -0.977602 -0.210461 -0.000902289 -0.975239 -0.22115 0.0152195 -0.938438 -0.345113 0.0113281 -0.938325 -0.345568 0.00533551 -0.938286 -0.34582 0.0521567 -0.940695 -0.335222 0.0940341 -0.958913 0.267662 0.075262 -0.987202 0.140602 0.0967164 -0.960296 0.261681 0.0908393 -0.943568 -0.318477 0.0800879 -0.942788 -0.323632 0.10247 -0.964374 0.243889 0.103581 -0.965691 0.238141 0.0824381 -0.988396 0.127585 0.0873845 -0.989238 0.117351 0.10283 -0.971738 0.212487 0.0894585 -0.989788 0.110985 0.0964323 -0.995219 0.0154973 0.114315 -0.99338 -0.0112786 0.118228 -0.992746 -0.0218552 0.104556 -0.968229 0.227159 0.104283 -0.966977 0.232553 0.107534 -0.994154 0.00973804 0.10453 -0.994317 0.0201694 0.104405 -0.969442 0.221995 0.101385 -0.972819 0.208192 0.103833 -0.970613 0.217094 0.0971603 -0.974844 0.200595 0.0869172 -0.990288 0.108512 0.0965464 -0.994054 0.0503607 0.0990712 -0.994253 0.0405624 0.0940869 -0.99376 0.0599065 0.0994963 -0.973854 0.20423 0.0868053 -0.992473 0.0863846 0.0892519 -0.992953 0.077968 0.087361 -0.977606 0.191455 0.0910982 -0.976715 0.194239 0.0842803 -0.99196 0.0944021 0.0789571 -0.990905 0.108964 0.0816599 -0.991431 0.101963 0.0699628 -0.98944 0.126937 0.0732629 -0.98018 0.184067 0.0731231 -0.989898 0.121467 0.0666598 -0.989027 0.131842 0.0675929 -0.981031 0.181684 0.0631784 -0.988663 0.136211 0.0595094 -0.988356 0.140043 0.0614472 -0.981889 0.179213 0.0556724 -0.988107 0.143338 0.0516782 -0.987919 0.146098 0.0548368 -0.982757 0.176585 0.0475038 -0.987797 0.148325 0.0431397 -0.987741 0.150021 0.0477801 -0.983632 0.173738 0.0386208 -0.987744 0.15123 0.0403036 -0.984507 0.170649 0.032441 -0.985379 0.16726 0.0339559 -0.987803 0.151961 0.0242282 -0.986237 0.163555 0.0241167 -0.98809 0.151975 0.0291264 -0.987919 0.152207 0.0157245 -0.987065 0.159549 0.0137594 -0.988532 0.150382 0.0189996 -0.988294 0.151371 0.0069748 -0.987846 0.15528 0.00285806 -0.989091 0.14728 0.0083726 -0.9888 0.149011 -0.00193149 -0.98856 0.150813 -0.0109436 -0.98919 0.146232 -0.00896169 -0.989703 0.142857 -0.0030196 -0.989402 0.145173 -0.0199324 -0.989717 0.141645 -0.0149165 -0.989986 0.140373 -0.0268045 -0.990475 0.135057 -0.0288374 -0.990129 0.137159 -0.03263 -0.990671 0.132313 -0.0208671 -0.990246 0.13776 -0.0383235 -0.990826 0.129596 -0.0374732 -0.990421 0.132899 -0.0438167 -0.990933 0.127015 -0.0457345 -0.990593 0.128973 -0.0489723 -0.991002 0.124569 -0.0537996 -0.991037 0.122276 -0.0533355 -0.990659 0.125498 -0.0543135 -0.990661 0.125061 0.0943628 -0.975797 0.197273 0.0916536 -0.993386 0.0691701 0.10171 -0.994346 0.0305177 0.110772 -0.993846 -0.00074098 0.122509 -0.991944 -0.0322255 0.0909833 -0.957534 0.273587 0.162 -0.973707 -0.16016 0.120677 -0.989761 -0.0762206 0.0553413 -0.984027 0.1692 0.0660712 -0.949691 0.306139 0.0708537 -0.950912 0.30124 0.0797681 -0.953485 0.290694 0.0197038 -0.938619 -0.344393 0.0309567 -0.980776 0.192665 0.0354951 -0.943555 0.329308 0.040598 -0.94442 0.326225 0.0509105 -0.946348 0.319114 0.04338 -0.982324 0.182094 0.000103815 -0.938872 -0.344266 0.000107856 -0.93901 -0.343891 0.00336647 -0.976752 -0.214345 -7.70158e-05 -0.939338 -0.342992 0.00469901 -0.997142 -0.0754053 -0.000732985 -0.965064 -0.262012 -0.000806062 -0.968551 -0.248815 -0.000462932 -0.998119 0.0613 -0.000513832 -0.996896 0.0787223 -0.000810688 -0.989465 -0.14477 -0.000536871 -0.99694 -0.0781684 -0.000473827 -0.998138 -0.0609979 0.00375029 -0.997743 0.0670436 -0.000422313 -0.999055 -0.0434664 -0.00038163 -0.98422 0.176949 0.00252429 -0.9649 0.262607 0.0109115 -0.943676 0.330692 0.00593544 -0.954199 0.299115 0.00463654 -0.957774 0.287483 0.0168948 -0.940801 0.338539 0.0129607 -0.940298 0.340105 -0.000593046 -0.993635 0.112648 -0.00055989 -0.995397 0.095838 -0.000679284 -0.993707 -0.112013 -0.000748509 -0.991705 -0.128536 -0.00086375 -0.971948 -0.235195 -0.000606888 -0.995461 -0.0951738 -0.00091918 -0.981455 -0.191688 -0.000366415 -0.999958 0.00915389 -0.000555366 -0.957868 -0.287208 -0.000648691 -0.961499 -0.274809 -0.000604263 -0.991628 0.129128 -0.000253568 -0.946762 -0.321935 7.95522e-05 -0.939342 -0.342983 3.48224e-05 -0.939373 -0.342898 0.00052434 -0.975077 0.221864 -3.53633e-05 -0.939384 -0.342867 0.00350165 -0.961352 0.275302 0.0187825 -0.979508 0.200527 -0.00051198 -0.986916 0.161232 0.000112933 -0.939291 -0.343123 0.000128784 -0.939219 -0.343319 0.0211707 -0.94138 0.336684 0.0256982 -0.942034 0.334531 0.000321968 -0.938726 -0.344664 0.0304771 -0.942761 0.332075 0.0560942 -0.947402 0.31509 0.045734 -0.945353 0.322826 0.0611525 -0.948519 0.31076 0.0371326 -0.939628 -0.340178 0.030632 -0.93921 -0.341973 0.0754507 -0.952181 0.296073 0.0700391 -0.942038 -0.328115 0.0813659 -0.974455 -0.209325 0.100957 -0.963032 0.249756 0.114325 -0.945138 -0.306014 0.126999 -0.945878 -0.298642 0.140123 -0.946545 -0.290549 0.273575 -0.958503 -0.0801766 0.0990366 -0.96167 0.2557 0.127205 -0.990973 -0.0423252 0.181072 -0.947844 -0.262305 0.167244 -0.947546 -0.272371 0.277809 -0.956998 -0.0835275 0.132407 -0.989821 -0.0521862 0.138146 -0.988489 -0.061694 0.144397 -0.986996 -0.0706339 0.195208 -0.947985 -0.251434 0.209635 -0.947949 -0.239677 0.279492 -0.956136 -0.0876775 0.296453 -0.951091 -0.086847 0.238076 -0.947334 -0.214189 0.22396 -0.947734 -0.227247 0.151194 -0.985347 -0.0789462 0.166694 -0.98155 -0.0936612 0.199448 -0.972122 -0.123287 0.158647 -0.983522 -0.0866896 0.30263 -0.948543 -0.0931736 0.278417 -0.956024 -0.0922077 0.25137 -0.946809 -0.200913 0.263729 -0.946184 -0.18757 0.184315 -0.977272 -0.10473 0.194004 -0.974942 -0.108857 0.175255 -0.979463 -0.0996911 0.204065 -0.97255 -0.111822 0.274935 -0.945539 -0.174262 0.214345 -0.970135 -0.113553 0.284763 -0.944952 -0.161171 0.22466 -0.967735 -0.114092 0.23504 -0.965331 -0.113546 0.29341 -0.944471 -0.147935 0.24498 -0.96305 -0.111885 0.300233 -0.944281 -0.134887 0.254259 -0.960951 -0.109207 0.304936 -0.944472 -0.122417 0.262571 -0.959108 -0.10568 0.26959 -0.957616 -0.101456 0.256685 -0.963456 -0.0765821 0.263314 -0.961575 -0.0777144 0.231185 -0.969678 -0.0792317 0.211928 -0.973976 -0.0803625 0.211922 -0.973831 -0.0821068 0.0841673 -0.996377 0.0122174 0.0711493 -0.997365 0.0141949 0.153532 -0.947107 -0.281807 0.0587161 -0.998065 0.0204553 0.10226 -0.944359 -0.312616 0.0472455 -0.998449 0.0294458 0.060721 -0.941335 -0.331965 0.0366937 -0.998545 0.0395144 0.0248201 -0.938874 -0.343365 0.0271997 -0.998419 0.0491889 0.00803282 -0.938277 -0.345791 0.0186815 -0.998185 0.0572494 0.000799958 -0.938578 -0.345066 0.0105051 -0.997948 0.0631564 0.000127098 -0.939126 -0.343574 -0.000581314 -0.989385 0.14532 -3.8347e-06 -0.939386 -0.34286 -0.000995116 0.322999 0.946399 0.000925964 0.342088 0.939667 -0.00229905 0.202414 0.979297 0.0200246 -0.0364488 0.999135 0.019382 -0.0463286 0.998738 0.0199604 -0.0400469 0.998998 0.00303418 0.201289 0.979527 -0.00147412 0.202895 0.979199 0.0103285 0.335386 0.942024 -0.000558362 0.0629983 0.998013 0.00214851 -0.0808492 0.996724 -0.00086135 0.0594652 0.99823 -0.000519476 0.333076 0.9429 -8.41751e-05 0.0515932 0.998668 -0.000129532 0.0685524 0.997648 9.58336e-05 0.342644 0.939465 -4.92614e-05 0.0345405 0.999403 -2.20396e-05 0.0174602 0.999848 -0.00134358 0.312418 0.949944 0.00523367 0.0692916 0.997583 0.0014837 0.0667976 0.997765 0.00993872 0.196218 0.98051 -0.000187399 0.0853824 0.996348 -0.000260132 0.102065 0.994778 -0.00157783 0.30128 0.953534 0.00475871 0.339542 0.940579 0.00645848 0.338352 0.940998 0.00326948 0.340552 0.94022 0.00199155 0.341396 0.939918 -0.000454591 0.134609 0.990899 -0.000349674 0.11856 0.992947 -0.00170843 0.289648 0.957132 -0.00174868 0.277571 0.960704 -0.000576826 0.150378 0.988628 -0.000716357 0.165872 0.986147 -0.0017128 0.265043 0.964235 0.00461028 -0.0764534 0.997063 0.00479373 -0.216162 0.976346 -0.000871286 0.181124 0.98346 -0.00162421 0.25207 0.967708 0.00834075 0.336969 0.941479 -0.0010354 0.196065 0.98059 -0.00136038 0.224935 0.974373 -0.00120098 0.210682 0.977554 5.3013e-05 -0.0341593 0.999416 2.47112e-05 -0.0169499 0.999856 1.14722e-06 0.000344729 1 0.0150834 -0.34881 0.937072 0.0125186 -0.348482 0.937232 0.0110887 -0.213659 0.976845 0.00633549 -0.325724 0.945444 0.0100999 -0.348007 0.937437 0.00706664 -0.336736 0.941573 0.00149002 -0.196186 0.980565 0.00120379 -0.181171 0.983451 0.0050532 -0.302671 0.953082 0.00566813 -0.314371 0.949283 0.0044815 -0.290616 0.956829 0.00344185 -0.265419 0.964127 0.00297745 -0.25234 0.967634 0.00180893 -0.210806 0.977526 0.00255177 -0.238881 0.971045 0.00216226 -0.225036 0.974348 0.00394588 -0.278199 0.960515 0.00787516 -0.347414 0.937679 0.00095296 -0.165803 0.986158 0.00042173 -0.118313 0.992976 0.000306118 -0.101971 0.994787 0.000566589 -0.13443 0.990923 0.0146074 0.331612 0.943303 0.0168886 0.329414 0.944035 0.000742639 -0.150262 0.988646 0.0238715 -0.197678 0.979976 0.0353247 -0.344325 0.938186 0.0176889 -0.20754 0.978067 0.0191965 0.327009 0.944826 0.0206393 -0.348873 0.936943 0.0177919 -0.348953 0.936971 0.0215219 0.324405 0.945673 0.0235523 -0.348538 0.936999 0.02649 -0.34793 0.937146 0.0181841 0.187772 0.982044 0.0107269 0.0698026 0.997503 0.0285597 0.315484 0.948501 0.0262273 0.318634 0.947515 0.032419 -0.345834 0.937736 0.0294487 -0.347034 0.93739 0.0291665 -0.185352 0.982239 0.0459161 -0.335371 0.940967 0.030847 0.312172 0.949525 0.0330916 0.308714 0.950579 0.038139 -0.342516 0.938738 0.0408588 -0.340406 0.93939 0.0175401 0.0682952 0.997511 0.0267236 0.177072 0.983835 0.0551242 -0.31919 0.946086 0.0329259 -0.172765 0.984413 0.037424 0.301422 0.952756 0.0394552 0.297623 0.953868 0.0434738 -0.338018 0.940135 0.0413908 0.293771 0.954979 0.0432329 0.289872 0.956089 0.0481731 -0.332491 0.941875 0.050246 -0.329403 0.942851 0.0339798 0.165831 0.985569 0.0243714 0.0650954 0.997581 0.0293454 0.0766965 0.996623 0.0290857 0.0732852 0.996887 0.0279077 0.0557966 0.998052 0.0281262 0.0593486 0.997841 0.0307441 0.0933531 0.995158 0.0304528 0.0900815 0.995469 0.0301667 0.0867776 0.995771 0.0523586 0.256196 0.965206 0.0521725 0.253071 0.96604 0.0310399 0.0965894 0.99484 0.0313394 0.0997871 0.994515 0.0371601 0.156003 0.987057 0.0342069 0.128266 0.99115 0.0339705 0.125866 0.991466 0.0298864 0.0834442 0.996064 0.0477586 0.242974 0.968856 0.0454986 0.24117 0.969416 0.0296125 0.0800831 0.996348 0.0347701 0.137416 0.989903 0.0348203 0.136783 0.989989 0.0344534 0.1372 0.989944 0.0346473 0.137564 0.989887 0.0427091 0.239683 0.969911 0.031287 0.149512 0.988265 0.0276981 0.0522199 0.998251 0.0338888 0.135046 0.99026 0.0341967 0.136347 0.990071 0.0240341 -0.0440235 0.998741 0.0262385 0.0190734 0.999474 0.033171 0.131354 0.99078 0.0335428 0.133359 0.9905 0.0255961 -0.0113717 0.999608 0.0256439 -0.00754601 0.999643 0.0323873 0.126618 0.991423 0.0319888 0.123988 0.991768 0.025525 -0.0457815 0.998625 0.0255497 -0.0495769 0.998443 0.0308081 0.115421 0.992839 0.0311972 0.118367 0.99248 0.0257247 -0.0683097 0.997332 0.0257635 -0.0719825 0.997073 0.0339907 -0.162393 0.986141 0.0293166 0.103047 0.994244 0.0289611 0.0998484 0.994581 0.0258888 -0.0862428 0.995938 0.0259031 -0.0896532 0.995636 0.0300991 -0.156421 0.987232 0.0279362 0.0900835 0.995542 0.00734371 0.147967 0.988965 0.027607 0.0867829 0.995845 0.0257915 -0.10219 0.99443 0.0258528 -0.0992709 0.994725 -0.0490804 0.0486208 0.997611 -0.0500392 0.152144 0.987091 -0.168736 0.159761 0.972628 0.0500236 -0.283123 0.957778 0.0472476 -0.280935 0.958563 -0.102178 0.255582 0.961373 -0.125573 0.258567 0.957797 0.0238762 -0.113187 0.993287 0.0177366 -0.156387 0.987537 0.0224154 0.02123 0.999523 0.0226342 0.0247978 0.999436 0.00439611 0.0513286 0.998672 0.0402538 -0.277458 0.959894 0.0218013 0.0104706 0.999708 0.0216115 0.00686728 0.999743 0.0234786 -0.112228 0.993405 0.0230789 -0.110764 0.993579 -0.00978117 -0.162901 0.986594 -0.0551878 -0.0610984 0.996605 -0.0660895 -0.175136 0.982323 0.035906 -0.276241 0.960417 -0.365062 -0.0727016 0.92814 -0.169459 -0.0687805 0.983134 -0.364908 -0.0486415 0.929772 0.0226898 -0.108869 0.993797 0.0203965 -0.0220247 0.999549 -0.00225625 -0.0526643 0.99861 0.0202872 -0.0256341 0.999466 0.0309695 -0.275384 0.960835 -0.038507 -0.283441 0.958216 -0.0259987 -0.280954 0.959369 0.0223202 -0.106622 0.994049 0.0219755 -0.104099 0.994324 0.0198851 -0.0650328 0.997685 0.0204922 -0.0857198 0.996109 0.0206719 -0.0890218 0.995815 -0.364999 0.069299 0.928425 -0.364862 0.0461532 0.929917 -0.166319 0.0481397 0.984896 -0.365468 0.115113 0.923679 -0.3652 0.0922795 0.926344 -0.365804 0.137747 0.920442 -0.212595 0.266288 0.940156 -0.180634 0.264065 0.947439 -0.366209 0.160196 0.91664 -0.366681 0.182489 0.912273 -0.247591 0.268006 0.931059 -0.367225 0.204577 0.907355 -0.36784 0.226465 0.901891 -0.2856 0.269162 0.919774 -0.368518 0.248252 0.89586 0.0207846 -0.0111904 0.999721 0.0209329 -0.00757802 0.999752 -0.326264 0.26975 0.905973 -0.369259 0.269895 0.889272 0.020205 -0.0789586 0.996673 0.020337 -0.0823619 0.996395 0.034802 0.135715 0.990137 0.0347218 0.134265 0.990337 0.0208774 -0.0922551 0.995517 0.0211096 -0.0954045 0.995215 0.0254353 -0.274911 0.961133 0.0191369 -0.27485 0.961297 0.0120125 -0.275209 0.961309 -0.0523631 -0.286286 0.956712 -0.0147549 -0.278868 0.960216 -0.00475947 -0.277213 0.960797 -0.365281 -0.0969336 0.925837 -0.365573 -0.121221 0.922855 -0.0853655 -0.292849 0.952341 -0.104912 -0.296409 0.949282 -0.177069 -0.188527 0.965973 -0.12674 -0.300013 0.945478 -0.365944 -0.145552 0.919184 -0.151246 -0.303528 0.940742 -0.366395 -0.169962 0.914805 -0.178641 -0.306798 0.93486 -0.366934 -0.194341 0.90972 -0.209368 -0.30966 0.92751 -0.367569 -0.21862 0.903935 -0.243663 -0.31195 0.918322 -0.368296 -0.242837 0.897434 -0.281931 -0.313572 0.906746 -0.369116 -0.266963 0.890216 -0.3243 -0.31447 0.892154 -0.371008 -0.314726 0.873671 -0.370036 -0.290913 0.882294 0.0440198 -0.279039 0.95927 0.0260417 0.0700405 0.997204 0.0257451 0.066652 0.997444 0.0213698 -0.0984474 0.994913 0.0216583 -0.101358 0.994614 0.00406017 -0.275996 0.96115 0.0200056 -0.0720476 0.997201 0.0200949 -0.0755183 0.996942 0.0198344 -0.0579452 0.998123 0.0198318 -0.0543822 0.998323 0.019936 -0.068551 0.997448 0.0198518 -0.0614963 0.99791 0.0198437 -0.0508094 0.998511 0.0198695 -0.0472285 0.998686 0.0201008 -0.0328467 0.999258 0.0201885 -0.0292416 0.999368 0.0205161 -0.018414 0.99962 0.0206456 -0.0148024 0.999677 0.02109 -0.00396581 0.99977 -0.364814 -0.0247218 0.930752 0.0214295 0.00325738 0.999765 0.0212556 -0.000353934 0.999774 -0.364774 -0.000906795 0.931096 0.0222035 0.0176526 0.999598 0.0219987 0.0140659 0.999659 -0.364788 0.0227378 0.930813 0.0230919 0.0319023 0.999224 0.0228598 0.0283554 0.999336 0.0233304 0.0354378 0.999099 -0.0813665 0.252603 0.964143 0.0235752 0.0389615 0.998963 0.023826 0.0424728 0.998814 0.0243456 0.0494557 0.99848 0.0240828 0.045971 0.998652 0.0246141 0.0529263 0.998295 -0.0627943 0.249729 0.966278 0.0254539 0.0632455 0.997673 -0.0463916 0.247038 0.967895 -0.0318227 0.244601 0.969101 0.0263438 0.0734156 0.996953 0.0269645 0.0801288 0.99642 0.0266514 0.0767788 0.996692 -0.0190116 0.242467 0.969973 0.027283 0.083464 0.996137 -0.00769509 0.240668 0.970577 0.028271 0.093363 0.995231 0.0286126 0.0966191 0.99491 0.00220252 0.23923 0.97096 0.0296791 0.10621 0.993901 0.0300486 0.109333 0.993551 0.030425 0.112406 0.993196 0.0183336 0.237497 0.971215 0.0108584 0.238172 0.971162 0.0315913 0.121229 0.992122 0.0248526 0.237201 0.971143 0.0327832 0.129089 0.991091 0.0305353 0.237277 0.970962 0.035383 0.23772 0.970689 0.0393903 0.238528 0.970337 0.0288335 0.0698442 0.997141 0.0285894 0.0663735 0.997385 0.0345903 0.132509 0.990578 0.0494887 0.245084 0.968238 0.0507404 0.247493 0.96756 0.034416 0.130494 0.990852 0.051633 0.250162 0.966826 0.0522089 0.259513 0.964327 0.0334378 0.120656 0.992131 0.0331505 0.11789 0.992473 0.0328542 0.115034 0.992818 0.0325533 0.112103 0.993163 0.0322498 0.109105 0.993507 0.0316416 0.102942 0.994184 0.0319455 0.10605 0.993847 0.0511796 0.26664 0.962436 0.0518122 0.263009 0.963401 0.0283535 0.0628746 0.997619 0.0274978 0.0486195 0.998439 0.0503112 0.270382 0.961438 0.0273067 0.0449963 0.998614 0.0492117 0.274211 0.96041 0.0269531 0.0376854 0.998926 0.0271251 0.0413513 0.998776 0.0267907 0.0339995 0.999063 0.0263619 0.0228305 0.999392 0.0264951 0.0265712 0.999296 0.026638 0.0302944 0.999186 0.0578784 -0.301126 0.951826 0.0261249 0.0153008 0.999542 0.0449581 0.285944 0.957191 0.0465278 0.282012 0.958282 0.026021 0.0115136 0.999595 0.0521229 -0.326134 0.943885 0.025842 0.00390683 0.999658 0.0259267 0.00771377 0.999634 0.0257667 9.4051e-05 0.999668 0.0537496 -0.322717 0.944968 0.0257007 -0.00372384 0.999663 0.0255571 -0.0151999 0.999558 0.0562517 -0.315588 0.947228 0.0255266 -0.0190297 0.999493 0.0255044 -0.0228601 0.999413 0.0254902 -0.0266898 0.999319 0.0571173 -0.311944 0.948382 0.0254836 -0.0305176 0.999209 0.0254843 -0.0343422 0.999085 0.0255055 -0.0419758 0.998793 0.0254917 -0.0381622 0.998946 0.0576747 -0.308297 0.94954 0.0579254 -0.304676 0.950693 0.0256119 -0.0571276 0.998038 0.0255789 -0.0533598 0.998248 0.0256478 -0.060878 0.997816 0.0256858 -0.0646066 0.99758 0.057509 -0.297682 0.952931 0.0523468 -0.285585 0.956923 0.0258009 -0.0756195 0.996803 0.0258354 -0.0792145 0.996523 0.0567722 -0.294378 0.954001 0.0258654 -0.0827589 0.996234 0.0556727 -0.291244 0.955028 0.025889 -0.0961896 0.995026 0.0259043 -0.0929746 0.995331 0.054214 -0.288302 0.956004 0.0257 -0.104908 0.99415 0.0255726 -0.107375 0.99389 0.0254037 -0.10953 0.993659 0.0249242 -0.112609 0.993327 0.0251884 -0.1113 0.993468 0.0246124 -0.113389 0.993246 0.0242593 -0.113589 0.993232 -0.0679421 -0.289445 0.95478 -0.151633 0.261438 0.953235 0.0251684 0.0598219 0.997892 0.0199085 -0.0436405 0.998849 0.0248884 0.0563819 0.998099 0.0337126 0.123322 0.991794 0.0479432 0.278099 0.959355 0.0196031 -0.0480034 0.998655 0.0147389 -0.0543723 0.998412 0.0105807 -0.0620409 0.998018 0.0352949 0.305126 0.951658 0.00733013 -0.0698061 0.997534 0.023866 0.321612 0.946571 9.08305e-05 -0.0512616 0.998685 0.0124173 0.333602 0.942632 0.000214494 -0.0853439 0.996352 -0.00150364 0.238701 0.971092 0.000143515 -0.0683877 0.997659 -5.18624e-06 0.00879666 -0.999961 6.91111e-06 -0.00882909 -0.999961 -0.000237766 0.0578828 -0.998323 -0.000590667 0.201881 -0.97941 -0.000409722 0.176739 -0.984258 1.9651e-05 -0.0263734 -0.999652 3.59262e-05 -0.043904 -0.999036 0.00032748 -0.0826935 -0.996575 -1.91833e-05 0.0263998 -0.999651 5.80211e-05 -0.0613667 -0.998115 8.68448e-05 -0.0784902 -0.996915 -0.00103378 0.201821 -0.979422 -0.000417066 0.0582319 -0.998303 0.000123179 -0.0954129 -0.995438 -8.96273e-05 0.0783975 -0.996922 -6.01181e-05 0.0611794 -0.998127 0.00016674 -0.112141 -0.993692 -0.000125552 0.0954013 -0.995439 0.000216454 -0.128542 -0.991704 -0.00016886 0.112158 -0.99369 -0.000649975 0.235044 -0.971985 0.000272364 -0.144653 -0.989482 0.00033382 -0.160508 -0.987034 0.000398745 -0.176085 -0.984375 -0.000221048 0.128816 -0.991669 0.0004642 -0.19136 -0.98152 -0.000279943 0.145162 -0.989408 0.000527797 -0.206362 -0.978476 -0.000343535 0.16115 -0.98693 0.000636512 -0.235301 -0.971922 0.00101435 -0.217297 -0.976105 0.000586715 -0.221082 -0.975255 -0.000578711 0.0587685 -0.998271 0.000575496 -0.0823815 -0.996601 0.000801181 -0.0819004 -0.99664 -0.000713043 0.261924 -0.965088 -0.00068923 0.248678 -0.968586 -0.000476003 0.191884 -0.981417 0.000698326 -0.262608 -0.964902 0.000702778 -0.275635 -0.961262 -0.000539877 0.206641 -0.978417 0.000685271 -0.288262 -0.957551 -0.000598766 0.221019 -0.975269 0.000574517 -0.312442 -0.949937 0.000643361 -0.300531 -0.953772 0.00101249 -0.0812653 -0.996692 -0.000716748 0.0594735 -0.99823 0.00141298 -0.21743 -0.976075 -0.000589306 0.310696 -0.950509 -0.000658676 0.299194 -0.954192 -0.000718025 0.274802 -0.961501 0.000222657 -0.346824 -0.93793 0.00020241 -0.346427 -0.938077 -0.00070079 0.287231 -0.957861 0.00118444 -0.0804901 -0.996755 -0.000857866 0.0603285 -0.998178 -0.00143234 0.201771 -0.979432 -0.000224275 0.341769 -0.939784 -0.000212025 0.34212 -0.939656 0.00178837 -0.217581 -0.976041 0.000185026 -0.346063 -0.938211 -0.000276138 0.339684 -0.940539 -0.00177792 0.201727 -0.97944 -0.0021084 0.201689 -0.979447 0.000313084 -0.348711 -0.93723 0.000298448 -0.348196 -0.937422 -0.000234793 0.341396 -0.939919 -0.000258797 0.340144 -0.940373 0.00134833 -0.0795922 -0.996827 -0.000960306 0.0613192 -0.998118 -0.000439753 0.337663 -0.941267 -0.000386482 0.338194 -0.941076 -0.000339976 0.338708 -0.940891 0.0051578 -0.218079 -0.975918 0.0076751 -0.354356 -0.935079 0.013746 -0.217943 -0.975865 0.00358214 -0.0786105 -0.996899 0.0111192 -0.077623 -0.996921 0.00941191 0.063015 -0.997968 0.00956037 0.333258 -0.942787 0.00644776 0.334039 -0.942537 0.000732791 0.201544 -0.979479 0.0254018 -0.0766568 -0.996734 0.0244135 0.0630886 -0.997709 0.0107421 0.200785 -0.979576 0.0275571 0.329223 -0.94385 0.0222251 0.330383 -0.943585 0.0174487 0.331438 -0.943316 0.0927708 0.316206 -0.944144 0.0549353 0.195963 -0.979071 0.0930503 0.192006 -0.976973 0.0295041 -0.217226 -0.975675 0.0510158 -0.355812 -0.933164 0.0546906 -0.215807 -0.974903 0.12903 0.310084 -0.941912 0.144933 0.18759 -0.971496 0.063366 0.321811 -0.944681 0.0549684 0.323501 -0.94463 0.213829 0.183384 -0.959504 0.189783 0.301843 -0.934277 0.104097 0.314205 -0.943631 0.266273 0.294763 -0.917722 0.300939 0.18013 -0.936477 0.142765 0.307995 -0.940615 0.15747 0.305912 -0.938947 0.285943 -0.33961 -0.896048 0.314012 -0.337733 -0.887318 0.302962 -0.205708 -0.930537 0.207384 0.299905 -0.931154 0.514121 0.0557221 -0.855906 0.404003 -0.0721794 -0.911906 0.513087 -0.0714971 -0.855354 0.28793 0.293353 -0.911614 0.434985 0.288404 -0.853001 0.409034 0.28886 -0.865593 0.403275 0.178095 -0.897581 0.46468 -0.328128 -0.822438 0.510251 -0.200235 -0.836391 0.406084 -0.203037 -0.890995 0.512699 0.287186 -0.809113 0.509568 0.176651 -0.842102 0.53757 0.286653 -0.793 0.461087 0.288003 -0.839317 0.601198 0.174403 -0.779836 0.623316 0.282596 -0.72912 0.604609 0.283967 -0.744185 0.595776 -0.197592 -0.778466 0.61193 -0.317283 -0.724481 0.646043 -0.196086 -0.737685 0.61053 -0.0770343 -0.788238 0.616144 0.0430511 -0.786456 0.6585 -0.0744151 -0.748892 0.644056 -0.313857 -0.697629 0.65101 -0.196419 -0.733216 0.606681 -0.197524 -0.770015 0.518708 -0.197147 -0.831911 0.518837 -0.0772095 -0.851379 0.671128 0.274896 -0.68849 0.671746 0.164279 -0.722336 0.674954 0.272627 -0.685647 0.597369 0.262215 -0.757887 0.624044 0.263259 -0.735707 0.623962 0.158266 -0.76526 0.563569 -0.313443 -0.764293 0.564959 0.261519 -0.782579 0.307579 0.0461537 -0.950403 0.400214 0.04438 -0.915346 0.308204 0.0227383 -0.951049 0.362873 0.26297 -0.893963 0.38132 0.157769 -0.910881 0.329331 0.264337 -0.906458 0.287503 0.226465 -0.930621 0.302931 0.266048 -0.915124 0.291444 0.204577 -0.934456 0.303154 0.115113 -0.945963 0.300841 0.137747 -0.943674 0.294983 0.182489 -0.937914 0.401771 0.261993 -0.877462 0.443848 0.261387 -0.857132 0.298117 0.160196 -0.940991 0.306526 0.0692993 -0.949336 0.305051 0.0922795 -0.947855 0.409624 -0.0740773 -0.909242 0.308145 -0.024722 -0.951018 0.308394 -0.000906568 -0.951258 0.462134 -0.314039 -0.829344 0.407299 -0.195227 -0.892185 0.302551 -0.121221 -0.945393 0.304668 -0.0969339 -0.947513 0.306297 -0.072702 -0.949156 0.307451 -0.0486419 -0.95032 0.38318 -0.314337 -0.868542 0.343306 -0.3145 -0.885003 0.29681 -0.169963 -0.939689 0.299936 -0.145552 -0.94279 0.289009 -0.218621 -0.932029 0.293168 -0.194343 -0.9361 0.284324 -0.242839 -0.927464 0.304397 -0.314654 -0.899075 0.279112 -0.266965 -0.922403 0.267118 -0.314727 -0.910821 0.273377 -0.290915 -0.916861 0.486564 0.261112 -0.833712 0.513633 0.155183 -0.84386 0.283155 0.248252 -0.926388 0.285395 0.267981 -0.920182 0.278404 0.269896 -0.921763 0.64487 0.264633 -0.717017 0.659942 0.266325 -0.70253 0.669589 0.268286 -0.692585 0.67449 0.270403 -0.686982 0.516493 0.0412308 -0.855298 0.626928 -0.312742 -0.71355 0.663877 0.277068 -0.694623 0.660061 0.170214 -0.731674 0.653278 0.27912 -0.703789 0.639512 0.280991 -0.715589 0.0846962 -0.0748727 -0.99359 0.0849575 0.0612959 -0.994497 0.0489014 -0.0757332 -0.995928 0.646611 -0.313222 -0.695547 0.487187 0.287609 -0.824578 0.637288 -0.31475 -0.703418 0.654567 -0.0720477 -0.752563 0.665787 0.0475527 -0.744625 0.56148 0.285959 -0.77651 0.583804 0.285085 -0.760197 0.593774 -0.31887 -0.738752 0.602592 -0.071188 -0.794868 0.660021 0.0517556 -0.749462 0.548653 -0.322376 -0.771397 0.605496 0.0544472 -0.793984 0.334028 0.291041 -0.896505 0.358345 0.290153 -0.887356 0.383361 0.289429 -0.877078 0.310515 0.292109 -0.904573 0.373244 -0.333933 -0.865551 0.343212 -0.335839 -0.877165 0.129646 -0.351113 -0.927314 0.144087 -0.211158 -0.966774 0.0920266 -0.213722 -0.97255 0.116184 0.312161 -0.942898 0.245612 0.296337 -0.922962 0.296887 -0.0728183 -0.952132 0.404282 0.0563364 -0.912898 0.225972 0.29806 -0.927414 0.214129 -0.208409 -0.954314 0.259115 -0.341472 -0.903469 0.173141 0.303853 -0.936854 0.233737 -0.343305 -0.909675 0.20601 -0.0734229 -0.975792 0.297191 0.0570631 -0.953111 0.16668 -0.348322 -0.922437 0.187489 -0.346742 -0.919031 0.135751 -0.0740929 -0.987969 0.206543 0.0582451 -0.976702 0.0822079 0.31815 -0.944469 0.0724098 0.320023 -0.944639 0.136295 0.0597753 -0.988863 0.0471887 0.325089 -0.944506 0.028262 0.198957 -0.979601 0.0845988 -0.354183 -0.931342 0.0334834 0.327951 -0.944101 0.040027 0.326573 -0.944324 0.0269754 -0.355971 -0.934108 0.0339832 -0.356066 -0.933843 0.0419971 -0.356017 -0.933535 0.0486203 0.0624841 -0.996861 0.0209497 -0.355737 -0.934351 0.0132272 0.332393 -0.943048 0.0157394 -0.355377 -0.93459 0.0019524 0.335388 -0.942078 0.00064131 0.335989 -0.941866 0.00389342 0.334745 -0.942301 0.0048212 -0.353735 -0.935333 -0.0023533 0.201664 -0.979452 -0.000381785 0.33712 -0.941462 -7.83229e-05 0.336564 -0.941661 0.00240781 -0.217924 -0.975963 0.00132344 -0.352384 -0.935855 0.00135143 0.0623372 -0.998054 0.00027098 -0.350421 -0.936592 0.00210614 -0.217743 -0.976004 -0.000303197 0.339206 -0.940712 -0.000250652 0.340583 -0.940215 0.000271715 -0.347709 -0.937602 0.000245759 -0.347251 -0.937772 -0.000243584 0.341 -0.940063 0.000476428 -0.323993 -0.946059 0.000347239 -0.335192 -0.94215 -0.00036058 0.332322 -0.943166 -0.000490546 0.321738 -0.946829 -0.000197936 0.342448 -0.939537 0.527547 0.261155 -0.808388 0.499167 -0.313876 -0.807659 0.423132 -0.314186 -0.849851 0.589555 -0.313187 -0.74454 0.533245 -0.313676 -0.785657 0.638237 -0.312697 -0.703473 0.610769 -0.312924 -0.727351 0.644774 -0.312838 -0.697423 0.626417 -0.31591 -0.712603 0.522359 -0.324265 -0.788665 0.572659 -0.320561 -0.754521 0.434451 -0.330066 -0.838039 0.494274 -0.326188 -0.805788 0.403728 -0.332006 -0.852511 0.209849 -0.345066 -0.914818 0.113339 -0.352295 -0.929001 0.147403 -0.349784 -0.925161 0.0721703 -0.35489 -0.932118 0.0983229 -0.353318 -0.930322 0.0610366 -0.355438 -0.932705 0.0113145 -0.35491 -0.934832 0.000588159 -0.351705 -0.93611 0.0027231 -0.35307 -0.935593 0.000299362 -0.349823 -0.936816 0.000304154 -0.351048 -0.936357 0.000313393 -0.349253 -0.937028 0.000674881 -0.249142 -0.968467 -3.69922e-05 0.0438557 -0.999038 0.360998 -0.71517 -0.598508 0.371384 -0.726803 -0.577782 0.266558 -0.785678 -0.558262 0.350287 -0.703695 -0.618152 0.339288 -0.692422 -0.636738 0.249865 -0.749407 -0.613153 0.316538 -0.670649 -0.670846 0.32803 -0.681394 -0.654293 0.293779 -0.819138 -0.492652 0.381274 -0.738469 -0.556142 0.0991893 -0.932048 -0.348495 0.0902383 -0.912756 -0.398415 0.198261 -0.883513 -0.424378 0.390898 -0.750156 -0.533352 0.439742 -0.816875 -0.373285 0.337267 -0.882522 -0.327727 0.432715 -0.806448 -0.402989 0.317702 -0.852153 -0.415812 0.400201 -0.761798 -0.509415 -0.00089098 -0.978016 -0.208526 0.107177 -0.950541 -0.291521 -0.000927918 -0.981031 -0.193849 0.113738 -0.967061 -0.22772 -0.000797233 -0.989149 -0.146916 0.118897 -0.98052 -0.156345 -0.000906289 -0.983911 -0.178657 0.237554 -0.951985 -0.193111 0.466768 -0.860044 -0.206036 0.470256 -0.866052 -0.169745 0.352352 -0.907985 -0.22674 0.122225 -0.989323 -0.079379 0.243971 -0.964788 -0.0982998 -0.00053014 -0.996851 -0.0792938 -0.000590646 -0.995328 -0.096548 0.246152 -0.969231 0.000159166 0.123373 -0.99236 0.000128729 0.365089 -0.930972 0.000187016 0.477362 -0.87849 0.019505 0.476651 -0.877195 0.0577322 0.466665 -0.859972 0.20657 0.361826 -0.924915 0.116675 0.47018 -0.865955 0.170448 0.473025 -0.870868 0.133552 -0.000563422 -0.995294 0.096897 -0.000514428 -0.996814 0.0797583 0.118963 -0.980489 0.156489 0.122226 -0.989267 0.0800715 0.243952 -0.964705 0.0991561 -0.00055152 -0.989149 0.146914 0.114068 -0.967004 0.227799 0.237584 -0.951941 0.193292 0.408486 -0.772877 0.485593 0.399637 -0.761306 0.510592 0.317532 -0.851653 0.416965 0.227613 -0.932567 0.280196 0.10802 -0.950226 0.292238 0.000100413 -0.977937 0.208902 -0.00015192 -0.981004 0.193987 0.33733 -0.882442 0.32788 0.425073 -0.79555 0.431756 0.370378 -0.726432 0.578893 0.294164 -0.818465 0.493542 0.380613 -0.73802 0.55719 0.214639 -0.908832 0.357707 0.101823 -0.931634 0.348841 0.00269317 -0.964617 0.263642 0.00183325 -0.968072 0.250667 0.0109263 -0.943646 0.330776 0.0914051 -0.894059 0.438525 0.0129616 -0.940302 0.340095 0.00108879 -0.97145 0.237242 0.18306 -0.856687 0.482262 0.0954408 -0.912573 0.39762 0.199767 -0.882891 0.424966 0.00599308 -0.954044 0.299606 0.00745047 -0.950538 0.31052 0.0090918 -0.947065 0.320913 0.00470767 -0.957566 0.288175 0.359992 -0.715049 0.599259 0.00362246 -0.961098 0.276183 0.24346 -0.758173 0.604897 0.267393 -0.785408 0.558243 0.168456 -0.833049 0.526926 0.326372 -0.682051 0.654437 0.337934 -0.692801 0.637046 0.349159 -0.70382 0.618649 0.314528 -0.671624 0.670816 0.390363 -0.749667 0.534431 -0.000497621 -0.986619 0.163043 0.416953 -0.784316 0.459345 0.352346 -0.907934 0.226955 0.452323 -0.836364 0.309676 0.432642 -0.80643 0.403103 0.43972 -0.816915 0.373223 -0.000612855 -0.993495 0.113871 0.446272 -0.826917 0.342124 0.457694 -0.845078 0.276331 -0.000400796 -0.999002 0.0446691 -0.000369037 -0.999637 0.0269532 0.462478 -0.852985 0.241932 0.475219 -0.874649 0.0956835 -0.000364774 -0.999961 -0.00881412 -0.000382353 -0.999647 -0.0265748 -0.000423243 -0.999021 -0.0442373 0.476651 -0.877228 -0.0572289 0.477366 -0.878497 -0.019085 0.361866 -0.925026 -0.115669 0.475224 -0.874711 -0.0950996 0.473069 -0.870966 -0.132754 0.452298 -0.836289 -0.309917 -0.000748781 -0.99145 -0.130486 0.457687 -0.84503 -0.276491 0.462497 -0.852983 -0.241903 0.446264 -0.826847 -0.342304 0.227418 -0.932649 -0.280083 0.214308 -0.909276 -0.356776 -0.000848206 -0.968167 -0.250304 0.425329 -0.795689 -0.431248 0.417499 -0.784642 -0.458293 -0.000869062 -0.971569 -0.236756 0.409096 -0.773319 -0.484374 0.18573 -0.813162 -0.551609 0.180043 -0.857052 -0.48275 -0.000527204 -0.957501 -0.288431 -0.000354678 -0.950189 -0.311675 -0.000279552 -0.946534 -0.322605 0.0622955 -0.906342 -0.417928 0.123979 -0.864459 -0.487175 -0.000195155 -0.942908 -0.333053 0.00164195 -0.93854 -0.345166 -0.000665767 -0.961115 -0.276148 -0.00043233 -0.953851 -0.30028 -0.000786921 -0.964675 -0.263443 -0.000873536 -0.974859 -0.222821 -0.000862385 -0.986623 -0.163015 -0.000702038 -0.99351 -0.113742 -0.00048695 -0.998083 -0.0618839 -0.000364118 -0.999958 0.00916079 -0.000463843 -0.998052 0.0623857 -0.000594559 -0.991445 0.13052 -0.000364501 -0.983899 0.178725 0.000500349 -0.974742 0.223334 0.361121 0.598134 -0.715421 0.371584 0.577311 -0.727075 0.266554 0.558124 -0.785777 0.350453 0.617785 -0.703936 0.339551 0.636339 -0.692659 0.248659 0.611423 -0.75122 0.316911 0.670445 -0.670873 0.328384 0.653871 -0.681628 0.293811 0.492533 -0.819199 0.381444 0.555698 -0.738716 0.0991958 0.348547 -0.932027 -0.000756952 0.271202 -0.962522 -0.000717214 0.282526 -0.959259 0.391032 0.532941 -0.750378 0.400313 0.509021 -0.762002 0.44013 0.372169 -0.817175 0.337643 0.327103 -0.88261 0.433094 0.402014 -0.80673 -0.00071658 0.247407 -0.968911 0.107398 0.291618 -0.950487 -0.00064783 0.234943 -0.972009 0.114318 0.227354 -0.967079 0.227897 0.279579 -0.932684 -0.000422064 0.195671 -0.980669 0.119197 0.156685 -0.980429 0.237694 0.193498 -0.951872 0.466691 0.20641 -0.859997 0.352337 0.227174 -0.907883 0.462459 0.241876 -0.853011 0.36191 0.116747 -0.924873 0.470199 0.170332 -0.865968 0.473044 0.133446 -0.870874 -0.000288265 0.124648 -0.992201 -0.000291527 0.139364 -0.990241 0.476666 0.0576536 -0.877192 0.477374 0.0194822 -0.878484 0.365172 0.000451832 -0.93094 0.122522 0.0801035 -0.989228 -0.000122818 0.0941407 -0.995559 0.246328 0.000408107 -0.969187 0.123644 0.000358024 -0.992327 4.03649e-05 -0.0473465 -0.998879 2.77103e-05 -0.0316348 -0.999499 0.122615 -0.0790984 -0.989297 0.119637 -0.155532 -0.980559 0.000156027 -0.0940887 -0.995564 0.000101477 -0.0787078 -0.996898 0.35273 -0.22553 -0.90814 0.361994 -0.115252 -0.925028 0.466819 -0.205588 -0.860124 0.000256099 -0.139157 -0.99027 0.114713 -0.226499 -0.967233 0.00028595 -0.153735 -0.988112 0.000169539 -0.109394 -0.993998 0.337733 -0.326019 -0.882977 0.425503 -0.430058 -0.796239 0.318086 -0.41509 -0.852362 0.417484 -0.457648 -0.785026 0.294238 -0.492154 -0.819273 0.400181 -0.509074 -0.762036 0.390952 -0.53293 -0.750428 0.108292 -0.29112 -0.950538 0.000469109 -0.195749 -0.980654 0.381324 -0.555673 -0.738796 0.371397 -0.577264 -0.727208 0.000679925 -0.247711 -0.968834 0.000657901 -0.23519 -0.971949 0.000694176 -0.283268 -0.959041 0.000688872 -0.271762 -0.962364 0.100317 -0.348578 -0.931896 0.000326576 -0.33637 -0.94173 0.0859825 -0.446841 -0.890472 0.000185256 -0.346044 -0.938218 0.199049 -0.424142 -0.883449 0.180634 -0.482756 -0.856924 0.0910207 -0.398985 -0.912429 0.00060427 -0.305421 -0.952217 0.000531633 -0.316052 -0.948742 0.000440249 -0.32637 -0.945242 0.000659156 -0.294488 -0.955655 0.36109 -0.597855 -0.71567 0.000692866 -0.259907 -0.965633 0.24134 -0.605618 -0.758276 0.266976 -0.557777 -0.785881 0.328137 -0.653838 -0.681779 0.339441 -0.636121 -0.692914 0.164496 -0.530974 -0.831269 0.316534 -0.670641 -0.670855 0.215052 -0.356191 -0.90933 0.409078 -0.483934 -0.773604 0.000519896 -0.209217 -0.977869 0.000322564 -0.168062 -0.985776 0.432947 -0.401471 -0.80708 0.228134 -0.278593 -0.932921 0.452488 -0.308438 -0.836732 0.446473 -0.340646 -0.827419 0.439932 -0.371692 -0.817499 0.23811 -0.192085 -0.952054 0.244228 -0.0979463 -0.964759 0.457896 -0.275196 -0.845339 0.470277 -0.169455 -0.866097 0.462629 -0.241071 -0.853146 0.476658 -0.0570596 -0.877235 1.45628e-05 -0.0158996 -0.999874 0.475234 -0.0948639 -0.87473 0.473072 -0.132551 -0.870996 -5.04276e-06 0.031776 -0.999495 -4.44898e-06 0.0160345 -0.999871 -6.20122e-05 0.0632347 -0.997999 -8.85526e-05 0.0787696 -0.996893 0.477375 -0.0189977 -0.878494 0.475236 0.0955817 -0.874651 0.24414 0.0992072 -0.964652 -0.000250732 0.153716 -0.988115 0.45227 0.309601 -0.836421 0.457576 0.27649 -0.84509 -0.000252201 0.181792 -0.983337 0.446483 0.341427 -0.827092 -0.000520275 0.209119 -0.97789 0.214445 0.356802 -0.909233 0.317761 0.415777 -0.852149 0.425417 0.43084 -0.795862 0.417593 0.457899 -0.784821 0.0900687 0.398365 -0.912794 0.198279 0.424341 -0.883527 0.409196 0.483986 -0.773509 0.183929 0.549243 -0.81517 0.179956 0.482656 -0.857122 -0.000705865 0.293502 -0.955958 -0.000653293 0.30406 -0.952653 0.122228 0.484773 -0.866058 0.0605365 0.415415 -0.907615 -0.000448567 0.324014 -0.946052 -0.000564092 0.314233 -0.949346 -0.000317567 0.333431 -0.942775 -0.00018295 0.342447 -0.939537 -0.000758715 0.259492 -0.965745 -0.000573986 0.222179 -0.975006 -0.000217564 0.167837 -0.985815 -0.000199152 0.109449 -0.993992 -2.71979e-05 0.0475064 -0.998871 9.64016e-07 -3.07423e-05 -1 4.48802e-05 -0.0631718 -0.998003 0.000221017 -0.124348 -0.992239 0.000378912 -0.182084 -0.983283 0.000596633 -0.222359 -0.974965 0.350431 -0.617467 -0.704225 0.359667 -0.599727 0.71482 0.37003 -0.579268 0.72631 0.266684 -0.559677 0.784628 0.24203 -0.607047 0.756912 0.326109 -0.655253 0.681393 0.337605 -0.637758 0.692306 0.348825 -0.619238 0.703466 0.314438 -0.671705 0.670776 0.399293 -0.510893 0.761284 0.293876 -0.494277 0.818124 0.389898 -0.534825 0.749628 0.380125 -0.557621 0.737946 0.439745 -0.373379 0.81683 0.337729 -0.328042 0.882229 0.432617 -0.403335 0.806327 0.00300379 -0.25396 0.96721 0.109191 -0.292663 0.949961 0.00257424 -0.240573 0.970628 0.115298 -0.227934 0.966826 0.00156455 -0.198158 0.980169 0.102121 -0.350107 0.931126 0.215339 -0.35806 0.908527 0.000799214 -0.152321 0.988331 0.119621 -0.157051 0.980319 0.228425 -0.280334 0.932328 0.361935 -0.116911 0.924843 0.470113 -0.170935 0.865896 0.472982 -0.133887 0.87084 0.466574 -0.20714 0.859885 0.352401 -0.227737 0.907717 0.47663 -0.0578006 0.877202 0.477351 -0.0195275 0.878496 0.365171 -0.000142624 0.93094 0.000220092 -0.0868337 0.996223 0.000314995 -0.10353 0.994626 0.475218 0.095046 0.874719 0.361927 0.115876 0.924977 0.476647 0.0571414 0.877236 0.466761 0.206115 0.86003 0.470234 0.169875 0.866039 0.122486 0.0795045 0.989281 0.119212 0.156299 0.980489 -0.000158538 0.0862797 0.996271 -8.51945e-05 0.0519605 0.998649 -4.75613e-05 0.0347105 0.999397 -0.000446986 0.135948 0.990716 0.113786 0.227592 0.967086 -0.000594422 0.151905 0.988395 0.237784 0.193008 0.951949 0.408777 0.485354 0.772873 0.399854 0.510555 0.761216 0.317308 0.416812 0.851812 0.227432 0.27988 0.932707 0.293226 0.493969 0.818543 0.390594 0.534469 0.749519 0.106737 0.292357 0.950334 -0.001062 0.197773 0.980247 0.213889 0.357707 0.909009 -0.0015092 0.240247 0.970711 0.0983487 0.349606 0.93172 -0.00163514 0.253492 0.967336 0.265886 0.559428 0.785077 0.197564 0.425615 0.883074 0.00010982 0.342634 0.939469 -0.000477429 0.333177 0.942864 0.0619082 0.417677 0.906484 -0.000964974 0.323228 0.94632 -0.00175049 0.278602 0.960405 -0.00173308 0.290486 0.956878 -0.00134267 0.312797 0.949819 -0.00160114 0.301885 0.953343 0.0892793 0.399196 0.912508 0.179227 0.483752 0.856657 0.360576 0.599572 0.714492 0.370959 0.578915 0.726118 -0.00172317 0.26628 0.963894 0.182819 0.550009 0.814903 0.327486 0.655488 0.680506 0.338841 0.637826 0.691639 0.349872 0.619199 0.702981 0.315801 0.672215 0.669624 0.248077 0.613246 0.749925 0.380933 0.557268 0.737796 0.33725 0.327457 0.882629 0.425267 0.431313 0.795687 -0.00123669 0.212388 0.977185 -0.000758552 0.167553 0.985863 0.432731 0.402644 0.806611 0.417216 0.45899 0.784385 0.439744 0.372764 0.817112 0.452356 0.309303 0.836484 0.3525 0.226586 0.907966 0.446314 0.341615 0.827105 -0.000257744 0.103236 0.994657 0.457791 0.275957 0.845148 0.462547 0.241728 0.853005 -1.9097e-05 0.017387 0.999849 0.123645 -4.88386e-05 0.992327 0.24413 0.0984661 0.96473 0.473045 0.132848 0.870965 7.43841e-05 -0.0349902 0.999388 0.122647 -0.0802312 0.989202 0.246328 -9.65011e-05 0.969187 3.25578e-05 -0.0175833 0.999845 0.000150278 -0.0698338 0.997559 0.477359 0.0189924 0.878503 0.244214 -0.0993533 0.964618 0.475186 -0.0958863 0.874645 0.237936 -0.193963 0.951717 0.452048 -0.310558 0.836186 0.000526218 -0.13651 0.990639 0.457406 -0.277345 0.844902 0.462316 -0.242678 0.852861 0.317772 -0.417279 0.85141 0.00139364 -0.183061 0.9831 0.446187 -0.342509 0.826804 0.424812 -0.432305 0.795391 0.0021912 -0.226821 0.973934 0.0942047 -0.400549 0.91142 0.199762 -0.425953 0.882417 0.416789 -0.459623 0.784241 0.40827 -0.485824 0.772846 0.00457938 -0.291846 0.956454 0.00400108 -0.279622 0.960102 0.182069 -0.484439 0.855669 0.084881 -0.440862 0.893552 0.163926 -0.528649 0.832861 0.0078534 -0.347441 0.937669 0.00702742 -0.337087 0.941447 0.00632234 -0.326343 0.94523 0.00570453 -0.315213 0.949004 0.00513732 -0.303709 0.952751 0.00348065 -0.266978 0.963696 0.00184796 -0.212702 0.977115 0.00111218 -0.167809 0.985819 0.000353736 -0.120272 0.992741 9.62005e-05 -0.052553 0.998618 1.58678e-06 1.01212e-05 1 -0.000141463 0.069311 0.997595 -0.000333235 0.119723 0.992807 -0.000921108 0.182854 0.98314 -0.00136652 0.226528 0.974004 0.121869 0.48571 0.865583 0.444423 -0.736948 -0.50931 0.462304 -0.631801 -0.622176 0.462304 -0.729465 -0.504138 0.417686 -0.784997 -0.457513 0.426362 -0.744134 -0.514276 0.425713 -0.796164 -0.429989 0.381714 -0.738781 -0.555425 0.37118 -0.661612 -0.651533 0.389733 -0.656173 -0.646177 0.40813 -0.751021 -0.519036 0.409335 -0.773589 -0.483741 0.400534 -0.762037 -0.508794 0.39128 -0.750426 -0.532692 0.40813 -0.65047 -0.640561 0.426362 -0.644506 -0.634687 0.48 -0.669407 -0.567004 0.48 -0.642344 -0.59749 0.48 -0.719142 -0.502429 0.48 -0.695025 -0.535294 0.433207 -0.807005 -0.401341 0.462304 -0.805354 -0.371052 0.48 -0.762669 -0.433516 0.440159 -0.817434 -0.371567 0.44665 -0.827358 -0.340561 0.48 -0.781985 -0.397617 0.48 -0.799612 -0.360861 0.48 -0.815513 -0.323324 0.457917 -0.845301 -0.27528 0.452593 -0.836677 -0.308435 0.314654 -0.671608 0.670772 0.326651 -0.682142 0.654203 0.326625 -0.654739 0.68164 0.462661 -0.853171 -0.240925 0.48 -0.842001 -0.24624 0.48 -0.852531 -0.206859 0.470353 -0.866145 -0.169 0.466858 -0.86019 -0.205223 0.338255 -0.692985 0.636675 0.48 -0.861221 -0.16703 0.473148 -0.870997 -0.132271 0.48 -0.86805 -0.126842 0.475268 -0.87474 -0.0946055 0.349469 -0.704084 0.618172 0.338197 -0.636979 0.692734 0.352477 -0.665821 0.657603 0.477375 -0.878488 0.0193013 0.477388 -0.878489 -0.0189031 0.48 -0.877254 -0.00498142 0.476655 -0.877209 0.0574885 0.48 -0.87393 0.076459 0.475243 -0.874688 0.0952154 0.48 -0.876539 0.0357773 0.48 -0.854825 0.197164 0.466704 -0.860061 0.20611 0.47021 -0.866056 0.169854 0.349374 -0.618312 0.704008 0.360297 -0.715383 0.598676 0.37074 -0.726821 0.578172 0.37118 -0.660656 0.652502 0.462594 -0.85309 0.241338 0.48 -0.832837 0.27565 0.360133 -0.598915 0.715265 0.462304 -0.804809 0.372232 0.48 -0.819132 0.314042 0.48 -0.803659 0.351757 0.370513 -0.578519 0.726661 0.380535 -0.556958 0.738235 0.389733 -0.655225 0.647138 0.380801 -0.738335 0.556643 0.390489 -0.749912 0.533995 0.462304 -0.514218 0.722395 0.444423 -0.519493 0.729805 0.462304 -0.630888 0.623101 0.40813 -0.750259 0.520136 0.40813 -0.649531 0.641514 0.399814 -0.761611 0.509998 0.426362 -0.524559 0.736922 0.417125 -0.458636 0.78464 0.40813 -0.529413 0.743742 0.399688 -0.510143 0.761579 0.390259 -0.534174 0.749904 0.408642 -0.48497 0.773186 0.426362 -0.643575 0.635631 0.432829 -0.402292 0.806734 0.425251 -0.431018 0.795855 0.444423 -0.386119 0.808332 0.462304 -0.382198 0.800124 0.48 -0.560778 0.674631 0.48 -0.528832 0.699955 0.446399 -0.341432 0.827135 0.452385 -0.309299 0.83647 0.48 -0.461586 0.746015 0.48 -0.390356 0.785635 0.48 -0.353437 0.802921 0.48 -0.315755 0.818473 0.457748 -0.276122 0.845117 0.48 -0.277392 0.832258 0.462527 -0.24173 0.853015 0.466757 -0.205974 0.860065 0.48 -0.238429 0.844246 0.470279 -0.169682 0.866052 0.327656 0.655261 0.680643 0.327761 0.682832 0.652926 0.315764 0.672247 0.66961 0.48 -0.198952 0.854411 0.48 -0.159045 0.862731 0.48 -0.118794 0.869188 0.473098 -0.132867 0.870933 0.339156 0.637367 0.691908 0.339315 0.693648 0.635388 0.48 -0.0782872 0.873768 0.475236 -0.0950429 0.87471 0.350268 0.61855 0.703355 0.352477 0.648295 0.674888 0.476664 -0.0570761 0.877231 0.48 0.00314601 0.877263 0.477373 0.019133 0.878493 0.477381 -0.0191058 0.878489 0.48 0.125025 0.868314 0.475245 0.0950431 0.874705 0.48 0.0845521 0.873184 0.48 0.0438964 0.87617 0.476655 0.0573187 0.87722 0.360988 0.715552 0.598058 0.350431 0.70465 0.616982 0.48 0.283354 0.830247 0.462607 0.241161 0.853133 0.48 0.244478 0.842514 0.470209 0.169713 0.866084 0.48 0.205074 0.852962 0.466706 0.205966 0.860095 0.37118 0.643266 0.669652 0.360995 0.598797 0.71493 0.371339 0.578093 0.726578 0.389733 0.637978 0.664147 0.381304 0.556425 0.73824 0.48 0.39598 0.782815 0.48 0.431919 0.763574 0.462304 0.49504 0.73567 0.371214 0.72675 0.577957 0.381137 0.738212 0.556577 0.48 0.533839 0.696144 0.48 0.500923 0.720192 0.390903 0.533678 0.749922 0.462304 0.715185 0.524199 0.444423 0.722522 0.529576 0.462304 0.614281 0.639479 0.48 0.625399 0.615204 0.48 0.653304 0.585486 0.390966 0.750021 0.533492 0.40813 0.632433 0.658375 0.40813 0.736319 0.539689 0.426362 0.729567 0.53474 0.4175 0.784405 0.458697 0.40813 0.509669 0.757409 0.426362 0.504995 0.750463 0.40036 0.761772 0.509329 0.426362 0.626634 0.652338 0.409224 0.77332 0.484263 0.432641 0.806018 0.403928 0.425286 0.795282 0.43204 0.444423 0.802893 0.397305 0.439717 0.816639 0.37383 0.446348 0.826804 0.342298 0.48 0.750259 0.454655 0.48 0.728328 0.489018 0.462304 0.794741 0.393271 0.452335 0.836228 0.310026 0.48 0.77057 0.419311 0.48 0.789218 0.383061 0.457684 0.844816 0.277148 0.48 0.806161 0.345983 0.4624 0.852557 0.243585 0.48 0.821363 0.308159 0.48 0.846419 0.230598 0.466485 0.85947 0.209051 0.48 0.834792 0.26967 0.472888 0.870525 0.136248 0.469977 0.865501 0.173293 0.48 0.856218 0.191028 0.48 0.864167 0.151045 0.475088 0.874356 0.0989605 0.48 0.870251 0.110737 0.48 0.874456 0.0701891 0.476579 0.876982 0.0614491 0.477363 0.878385 0.0237331 0.48 0.877196 -0.011273 0.477442 0.878549 -0.0141678 0.48 0.876773 0.0294899 0.48 0.875725 -0.0520115 0.476815 0.87745 -0.0522327 0.350954 -0.704383 -0.616989 0.339891 -0.692984 -0.635804 0.352477 -0.666785 -0.656626 0.383681 -0.550453 -0.741479 0.393105 -0.527686 -0.753004 0.444423 -0.638282 -0.628558 0.361587 -0.715733 -0.597479 0.462304 -0.515276 -0.72164 0.363338 -0.59362 -0.718053 0.37376 -0.572429 -0.729814 0.48 -0.30644 -0.822006 0.462304 -0.383371 -0.799563 0.462678 -0.240525 -0.853274 0.48 -0.267922 -0.835355 0.466757 -0.205445 -0.860192 0.48 -0.228826 -0.846899 0.47525 -0.0948713 -0.874721 0.476655 -0.0572443 -0.877225 0.48 -0.0683594 -0.874601 0.48 -0.108916 -0.870481 0.48 -0.149237 -0.864482 0.473133 -0.132132 -0.871026 0.35241 -0.614033 -0.706237 0.340972 -0.633672 -0.694404 0.477372 -0.0191484 -0.878492 0.48 -0.0276553 -0.876832 0.476677 0.0568241 -0.87724 0.475263 0.0946439 -0.874739 0.48 0.0944625 -0.872168 0.48 0.175002 -0.859636 0.48 0.134878 -0.866838 0.473144 0.132313 -0.870993 0.470348 0.169006 -0.866146 0.48 0.214748 -0.850578 0.329019 -0.652544 -0.682593 0.48 0.292764 -0.826976 0.48 0.25403 -0.839684 0.466854 0.205185 -0.860201 0.48 0.330865 -0.812483 0.462659 0.240836 -0.853197 0.462304 0.359834 -0.810428 0.457923 0.275122 -0.845349 0.452612 0.308193 -0.836755 0.48 0.368253 -0.796235 0.462304 0.493961 -0.736395 0.48 0.54171 -0.690036 0.48 0.509069 -0.714457 0.48 0.440563 -0.75862 0.48 -0.591513 0.647852 0.48 -0.0376112 0.876462 0.439855 -0.372457 0.817193 0.473118 0.132411 0.870992 0.48 0.165228 0.861568 0.48 0.359187 0.800366 0.462304 0.361022 0.8099 0.48 0.321617 0.816188 0.48 0.596145 0.643593 0.48 0.565602 0.670592 0.48 -0.426432 0.766653 0.444423 0.620583 0.646039 0.452496 0.308391 0.836745 0.457832 0.275313 0.845336 0.48 0.466925 0.742685 0.444423 0.500118 0.743216 0.426362 -0.743379 0.515366 0.48 -0.620971 0.619673 0.444423 -0.63736 0.629493 0.462304 -0.728725 0.505207 0.48 -0.873006 -0.0863789 0.476682 -0.87724 -0.0567747 0.48 -0.829653 -0.28509 0.371832 -0.727187 -0.57701 0.48 0.0538436 -0.875615 0.477385 0.0189872 -0.878489 0.446688 0.340224 -0.827477 0.440218 0.371145 -0.817594 0.444423 0.499028 -0.743948 0.462304 0.613343 -0.640378 0.48 0.573182 -0.664126 0.41781 0.456998 -0.785231 0.409475 0.483221 -0.77384 0.426362 0.503895 -0.751203 0.48 -0.876076 -0.0457294 0.473114 -0.870968 0.132579 0.48 -0.869435 0.116975 0.48 -0.863062 0.157239 0.48 -0.767543 0.424827 0.48 -0.675803 0.559366 0.48 -0.649088 0.590156 0.48 -0.746979 0.460025 0.48 -0.724802 0.494229 0.48 -0.701059 0.527367 0.457797 -0.845259 0.275606 0.452434 -0.83663 0.308796 0.48 -0.78645 0.388711 0.444423 -0.7362 0.510389 0.48 -0.844743 0.236662 0.40813 -0.530503 -0.742965 0.426362 -0.525638 -0.736152 0.328423 -0.681725 -0.65375 0.316547 -0.670651 -0.670839 0.433285 0.400873 -0.807196 0.48 0.603415 -0.636781 0.426362 0.625677 -0.653256 0.40813 0.631468 -0.659302 0.389733 0.637004 -0.665082 0.391449 0.532196 -0.75069 0.381892 0.554956 -0.739042 0.395187 0.754769 -0.523595 0.40813 0.735527 -0.540767 0.48 0.793517 -0.374074 0.462304 0.794163 -0.394435 0.48 0.810038 -0.336806 0.425814 0.42949 -0.79638 0.372015 0.57658 -0.727434 0.37118 0.642284 -0.670594 0.48 0.0131081 -0.877171 0.48 -0.189236 -0.856615 0.470241 -0.16931 -0.866145 0.457884 -0.274722 -0.8455 0.48 0.404844 -0.778268 0.48 -0.584118 -0.654527 0.48 -0.613894 -0.626685 0.48 -0.553081 -0.680956 0.48 -0.453085 -0.751208 0.48 -0.487493 -0.729349 0.48 -0.52085 -0.705915 0.444423 -0.520562 -0.729043 0.48 -0.417697 -0.771446 0.48 -0.344296 -0.806883 0.48 -0.381409 -0.790017 0.40069 0.508281 -0.762298 0.48 0.659911 -0.578029 0.48 0.632346 -0.608062 0.375387 0.730736 -0.570183 0.444423 0.619635 -0.646947 0.462304 0.714416 -0.525247 0.361773 0.597095 -0.715959 0.461815 0.851458 -0.248487 0.48 0.82481 -0.298812 0.352477 0.647305 -0.675837 0.341807 0.694389 -0.633239 0.353525 0.706475 -0.613117 0.351143 0.61665 -0.704586 0.340091 0.635486 -0.693178 0.32956 0.682396 -0.652477 0.328637 0.653446 -0.681914 0.316777 0.670542 -0.670839 0.364716 0.718608 -0.592102 0.469762 0.865025 -0.176224 0.48 0.848983 -0.22097 0.466133 0.858757 -0.212734 0.48 0.755374 -0.446106 0.48 0.865827 -0.141222 0.472706 0.870194 -0.138966 0.47497 0.874189 -0.100976 0.48 0.733834 -0.480715 0.48 0.71071 -0.514287 0.48 0.686051 -0.546748 0.451092 0.834022 -0.317685 0.456803 0.843193 -0.283473 0.444423 0.721745 -0.530635 0.48 0.775282 -0.410533 0.48 0.858332 -0.181292 0.48 0.837801 -0.260172 0.48 0.871453 -0.100847 0.48 0.679798 0.554504 0.48 0.704824 0.522325 0.400165 0.509556 0.761722 0.417638 0.457652 0.784941 0.425611 0.430043 0.79619 0.433106 0.401289 0.807085 0.409075 0.48422 0.773426 0.440144 0.371368 0.817532 0.446622 0.340387 0.827445 0.48 -0.495745 0.723766 0.417373 -0.784712 0.458286 0.425391 -0.795951 0.430703 0.432931 -0.80686 0.401929 0.408774 -0.773242 0.484768 0.440012 -0.817341 0.371945 0.444423 -0.813065 0.37605 0.446527 -0.827293 0.340881 0.48 -0.741706 -0.468478 0.418451 -0.454582 -0.786291 0.426121 -0.427751 -0.797151 0.433418 -0.399606 -0.807752 0.402039 -0.504123 -0.764346 0.410486 -0.479757 -0.775458 0.440336 -0.370183 -0.817966 0.444423 -0.387303 -0.807765 0.446735 -0.339557 -0.827725 0.452556 -0.307755 -0.836947 0.48 0.475329 -0.737335 0.426362 0.728783 -0.535809 0.385542 0.742808 -0.547351 0.404327 0.76656 -0.498905 0.412966 0.778122 -0.473271 0.429186 0.801174 -0.417037 0.421109 0.789391 -0.446686 0.436968 0.812729 -0.385397 0.444423 0.80231 -0.398482 0.444459 0.823856 -0.351734 -0.748808 -0 -0.662787 -0.772115 -0 -0.635483 -0.771643 -0 -0.636055 -0.748193 -0 -0.663481 -0.724536 -0 -0.689237 -0.723768 -0 -0.690043 -0.69933 -0 -0.714799 -0.673223 -0 -0.73944 -0.698401 -0 -0.715707 -0.672124 -0 -0.740438 -0.794089 -0 -0.607801 -0.815501 -0 -0.578756 -0.794427 -0 -0.607359 -0.815716 -0 -0.578453 -0.835851 -0 -0.548957 -0.835953 -0 -0.548802 -0.855112 -0 -0.518443 -0.855112 -0 -0.518443 -0.932824 -0 -0.360332 -0.920439 -0 -0.390885 -0.920276 -0 -0.391269 -0.933024 -0 -0.359814 -0.944332 -0 -0.328993 -0.94456 -0 -0.328338 -0.90682 -0 -0.421518 -0.892182 -0 -0.451676 -0.906703 -0 -0.42177 -0.876541 -0 -0.481327 -0.892119 -0 -0.4518 -0.876541 -0 -0.481327 0 1 0 0 1 0 0 1 0 0 1 0 0 1 0 0 1 0 0 1 0 0 1 0 0 1 0 0 1 0 0 1 0 0 1 0 0 1 0 0 1 0 0 1 0 0 1 0 0 1 0 0 1 0 0.686044 0.0871557 0.722321 0.648631 0.0871557 0.756096 0.686229 0.0871557 0.722145 0.729389 0.0871557 0.678525 0.724259 0.0871557 0.683997 0.756194 0.0871557 0.648517 0.758568 0.0871557 0.645738 0.41604 0.0871557 0.90516 0.392925 0.0871557 0.915431 0.372224 0.0871557 0.924042 0.438723 0.0871557 0.894386 0.4589 0.0871557 0.884203 0.580748 0.0871557 0.809405 0.568926 0.0871557 0.817757 0.541338 0.0871557 0.836276 0.327594 0.0871557 0.94079 0.346121 0.0871557 0.934133 0.298431 0.0871557 0.950444 0.236312 0.0871557 0.967761 0.245581 0.0871557 0.96545 0.193815 0.0871557 0.977159 0.29665 0.0871557 0.951001 0.282255 0.0871557 0.955372 0.141499 0.0871557 0.986094 0.189871 0.0871557 0.977933 0.14304 0.0871557 0.985872 0.500691 0.0871557 0.861227 0.483399 0.0871557 0.871051 0.526837 0.0871557 0.845486 0.609559 0.0871557 0.787935 0.618831 0.0871557 0.780674 0.655499 0.0871557 0.75015 0.690668 0.0871557 0.717901 0.786397 0.0871557 0.611542 0.786397 0.0871557 0.611542 0.729254 0.0871557 0.67867 1 0 0 1 0 0 1 0 0 1 0 0 1 0 0 1 0 0 1 0 0 1 0 0 1 0 0 1 0 0 1 0 0 1 0 0 1 0 0 1 0 0 1 0 0 1 0 0 1 0 0 1 0 0 1 0 0 1 0 0 1 0 0 1 0 0 1 0 0 1 0 0 1 0 0 1 0 0 1 0 0 1 0 0 1 0 0 1 0 0 1 0 0 1 0 0 1 0 0 1 0 0 1 0 0 1 0 0 1 0 0 1 0 0 1 0 0 1 0 0 1 0 0 1 0 0 1 0 0 1 0 0 1 0 0 1 0 0 1 0 0 1 0 0 1 0 0 1 0 0 1 0 0 1 0 0 1 0 0 1 0 0 1 0 0 1 0 0 1 0 0 1 0 0 1 0 0 1 0 0 1 0 0 1 0 0 1 0 0 1 0 0 1 0 0 1 0 0 1 0 0 1 0 0 1 0 0 1 0 0 1 0 0 1 0 0 1 0 0 1 0 0 1 0 0 1 0 0 1 0 0 1 0 0 1 0 0 1 0 0 1 0 0 1 0 0 1 0 0 1 0 0 1 0 0 1 0 0 1 0 0 1 0 0 1 0 0 1 0 0 1 0 0 1 0 0 1 0 0 1 0 0 1 0 0 1 0 0 1 0 0 1 0 0 1 0 0 1 0 0 1 0 0 1 0 0 1 0 0 1 0 0 1 0 0 1 0 0 1 0 0 1 0 0 1 0 0 1 0 0 1 0 0 1 0 0 1 0 0 1 0 0 1 0 0 1 0 0 1 0 0 1 0 0 1 0 0 1 0 0 1 0 0 1 0 0 1 0 0 1 0 0 1 0 0 1 0 0 1 0 0 1 0 0 1 0 0 1 0 0 1 0 0 1 0 0 1 0 0 1 0 0 1 0 0 1 0 0 1 0 0 1 0 0 1 0 0 1 0 0 1 0 0 1 0 0 1 0 0 1 0 0 1 0 0 1 0 0 1 0 0 1 0 0 1 0 0 1 0 0 1 0 0 1 0 0 1 0 0 1 0 0 1 0 0 1 0 0 1 0 0 1 0 0 1 0 0 1 0 0 1 0 0 1 0 0 1 0 0 1 0 0 1 0 0 1 0 0 1 0 0 1 0 0 1 0 0 1 0 0 1 0 0 1 0 0 1 0 0 1 0 0 1 0 0 1 0 0 1 0 0 1 0 0 1 0 0 1 0 0 1 0 0 1 0 0 1 0 0 1 0 0 1 0 0 1 0 0 1 0 0 1 0 0 1 0 0 1 0 0 1 0 0 1 0 0 1 0 0 1 0 0 1 0 0 1 0 0 1 0 0 1 0 0 1 0 0 1 0 0 1 0 0 1 0 0 1 0 0 1 0 0 1 0 0 1 0 0 1 0 0 1 0 0 1 0 0 1 0 0 1 0 0 1 0 0 1 0 0 1 0 0 1 0 0 1 0 0 1 0 0 1 0 0 1 0 0 1 0 0 1 0 0 1 0 0 1 0 0 1 0 0 1 0 0 1 0 0 1 0 0 1 0 0 1 0 0 1 0 0 1 0 0 1 0 0 1 0 0 1 0 0 1 0 0 1 0 0 1 0 0 1 0 0 1 0 0 1 0 0 1 0 0 1 0 0 1 0 0 1 0 0 1 0 0 1 0 0 1 0 0 1 0 0 1 0 0 1 0 0 1 0 0 1 0 0 1 0 0 1 0 0 1 0 0 1 0 0 1 0 0 1 0 0 1 0 0 1 0 0 1 0 0 1 0 0 1 0 0 1 0 0 1 0 0 1 0 0 1 0 0 1 0 0 1 0 0 1 0 0 1 0 0 1 0 0 1 0 0 1 0 0 1 0 0 1 0 0 1 0 0 1 0 0 1 0 0 1 0 0 1 0 0 1 0 0 1 0 0 1 0 0 1 0 0 1 0 0 0.347308 0.89985 0.263908 0.331838 0.874318 0.35419 0.446132 0.82649 0.343338 0.417227 0.784055 0.459543 0.312657 0.845081 0.433686 0.408704 0.7727 0.485692 0.110996 0.962763 0.246511 0.233688 0.945922 0.224992 0.116202 0.976342 0.182353 0.466429 0.859428 0.209349 0.358251 0.918936 0.164964 0.462244 0.852418 0.244366 -0.0023342 0.986605 0.163113 0.47001 0.865494 0.173233 0.472901 0.870492 0.136409 -0.00230655 0.9891 0.147226 0.120226 0.986251 0.113379 -0.00140218 0.998007 0.0630846 -0.0016007 0.996752 0.0805132 -0.00200383 0.993423 0.114481 -0.00180897 0.995217 0.0976711 0.123182 0.991829 -0.0331744 -0.00116727 0.999684 -0.0251111 -0.00110249 0.999972 -0.00744179 0.245215 0.968179 0.0499877 0.122492 0.991649 0.0403439 0.241171 0.960288 0.140296 -0.0011028 0.999947 0.0102353 0.457455 0.844538 0.27837 -0.00116503 0.99961 0.0278974 0.475045 0.874337 0.099327 0.364088 0.929504 0.0588464 -0.00127873 0.998956 0.0456741 0.364149 0.930162 -0.0468409 0.245477 0.968558 -0.0404451 0.477432 0.878551 -0.0143956 0.476814 0.87745 -0.0522442 -0.00215695 0.981023 0.193879 -0.00190769 0.978015 0.208524 0.477347 0.8784 0.0235064 0.105205 0.946818 0.304086 0.223329 0.926471 0.302944 0.452069 0.835869 0.31138 0.43966 0.816505 0.374191 0.425229 0.795185 0.432275 0.432616 0.806 0.40399 -0.00107787 0.971658 0.23639 -0.000416991 0.96836 0.249555 0.0994514 0.929704 0.354626 0.210785 0.903916 0.372164 0.000450264 0.96502 0.262175 0.196753 0.879961 0.432385 0.0938062 0.912411 0.39838 0.290515 0.814389 0.502366 0.399759 0.761212 0.510636 0.360467 0.7153 0.598673 0.265555 0.783937 0.561181 0.00265344 0.958248 0.285925 0.00402728 0.954872 0.29699 0.18133 0.855968 0.484188 0.0901835 0.896118 0.434557 0.168139 0.834965 0.523987 0.00559357 0.951541 0.30747 0.00731538 0.948276 0.317362 0.390496 0.749682 0.534312 0.00916059 0.9451 0.326654 0.244214 0.759446 0.602993 0.327691 0.682584 0.653221 0.0111041 0.942041 0.335315 0.370936 0.726703 0.578195 0.349822 0.704119 0.617932 0.338925 0.693201 0.636083 0.316029 0.672305 0.669427 0.38102 0.738201 0.556672 0.00151188 0.961654 0.274261 -0.00156259 0.974885 0.222704 -0.00228797 0.983903 0.178686 -0.00217123 0.991383 0.130977 0.476561 0.877 0.0613163 -0.00305251 0.985607 -0.169023 0.113127 0.969733 -0.216378 -0.0031448 0.982739 -0.184973 0.106104 0.952902 -0.284113 0.214792 0.912491 -0.348173 0.097971 0.933988 -0.343611 0.238554 0.955229 -0.175012 0.118743 0.982779 -0.141582 0.43676 0.812128 -0.386896 0.429218 0.800978 -0.41738 0.319712 0.856066 -0.406122 0.33967 0.887309 -0.311941 0.450141 0.832756 -0.32232 0.443739 0.822752 -0.355211 -0.0019513 0.994808 -0.101753 -0.00172927 0.996439 -0.0842978 0.362386 0.927643 -0.0903077 0.47496 0.874185 -0.101061 0.47255 0.870008 -0.140647 0.455972 0.842053 -0.288161 0.244318 0.966566 -0.0778406 -0.00258012 0.990693 -0.136092 0.354489 0.912177 -0.205601 0.469472 0.864616 -0.178985 0.465718 0.858107 -0.21624 0.122252 0.99045 -0.0637498 0.461246 0.850563 -0.252578 -0.00153131 0.997784 -0.0665154 -0.00133349 0.998833 -0.0482876 0.421118 0.789395 -0.446671 0.228326 0.936426 -0.266408 0.403554 0.7655 -0.501152 0.412606 0.77754 -0.47454 -0.0031698 0.979669 -0.200595 0.295334 0.821855 -0.487167 0.393975 0.753342 -0.526554 -0.00286098 0.972994 -0.230811 -0.00315714 0.976409 -0.215906 0.267551 0.787447 -0.555288 0.180057 0.858963 -0.479335 0.198449 0.885947 -0.419185 -0.00263868 0.969489 -0.245123 0.352094 0.705074 -0.615549 0.363171 0.717011 -0.594981 0.19584 0.805006 -0.560012 0.340694 0.693323 -0.635005 0.16418 0.833481 -0.527593 0.287639 0.70698 -0.646099 0.384 0.741154 -0.550667 0.373751 0.729033 -0.573429 0.257681 0.741619 -0.619355 0.22705 0.774337 -0.590636 0.328947 0.681805 -0.653403 -0.00243666 0.965929 -0.258797 -0.00187463 0.958885 -0.28379 -0.00217908 0.962408 -0.2716 0.316829 0.670564 -0.670793 0.0892256 0.914555 -0.394496 -0.00142523 0.951734 -0.30692 -0.00165107 0.955313 -0.295593 0.0347981 0.923739 -0.381438 -0.00118285 0.948182 -0.317724 -0.00093008 0.94469 -0.327964 0.00210618 0.940032 -0.341081 -0.000672335 0.941294 -0.337587 -0.00285482 0.988262 -0.152744 -0.0022274 0.992894 -0.118981 0.0997672 0.883575 -0.457539 0.0675309 0.904794 -0.420461 0.132045 0.859767 -0.49332 0 0 1 0 0 1 0 0 1 0 0 1 0 0 1 0 0 1 0 0 1 0 0 1 0 0 1 0 0 1 0 0 1 0 0 1 0 0 1 0 0 1 0 0 1 0 0 1 0 0 1 0 0 1 0 0 1 0 0 1 0 0 1 0 0 1 0 0 1 0 0 1 0 0 1 0 0 1 0 0 1 0 0 1 0 0 1 0 0 1 0 0 1 0 0 1 0 0 1 0 0 1 0 0 1 0 0 1 0 0 1 0 0 1 0 0 1 0 0 1 0 0 1 0 0 1 0 0 1 0 0 1 0 0 1 0 0 1 0 0 1 0 0 1 0 0 1 0 0 1 0 0 1 0 0 1 0 0 1 0 0 1 0 0 1 0 0 1 0 0 1 0 0 1 0 0 1 0 0 1 0 0 1 0 0 1 0 0 1 0 0 1 0 0 1 0 0 1 0 0 1 0 0 1 0 0 1 0 0 1 0 0 1 0 0 1 0 0 1 0 0 1 -0.0135374 0.996793 -0.0788642 -0.012334 0.979945 -0.198886 -0.0148512 0.996606 -0.0809639 -0.0017935 0.998836 -0.0481986 -0.00153377 0.997794 -0.0663719 -0.00176869 0.996444 -0.0842358 -0.00202875 0.994804 -0.101792 -0.00234619 0.986913 0.161237 -0.00456292 0.997601 0.0690823 -0.00232513 0.984226 0.176898 -0.00230111 0.992887 -0.119039 -0.00519407 0.997462 -0.0710112 -0.00133579 0.998837 -0.048202 -0.00282843 0.988286 -0.152587 -0.00305528 0.985632 -0.168878 -0.00257225 0.990709 -0.135972 -0.00757415 0.999846 -0.0158253 -0.00731729 0.997388 -0.0718618 -0.00830958 0.995441 -0.0950137 -0.00346609 0.96973 -0.244154 -0.00565488 0.977987 -0.208591 -0.00376155 0.97784 -0.209322 -0.00350799 0.973152 -0.230135 -0.00295005 0.959075 -0.283136 -0.00318569 0.962674 -0.270646 -0.00335625 0.966232 -0.257651 -0.0071775 0.978214 -0.207476 -0.00827552 0.993619 -0.112488 -0.00226815 0.951855 -0.30654 -0.00181548 0.948277 -0.317439 0.00903754 0.945182 0.326418 -2.80627e-05 0.978883 0.204423 0.00297347 0.980013 0.198911 -0.00305753 0.992449 0.122616 -0.00197713 0.992855 0.119311 0.0187064 0.945057 0.326371 0.00598765 0.98149 0.191418 0.0136082 0.942946 0.332668 0.0161839 0.943952 0.329686 -0.000776046 0.942176 -0.335116 -0.000822956 0.94266 -0.333754 -0.000727258 0.941721 -0.336394 -0.00067656 0.941293 -0.337589 -0.00543209 0.997747 0.0668732 -0.00522186 0.998254 0.0588279 -0.00129017 0.946815 -0.321775 -0.0119122 0.979325 -0.20194 -0.0102614 0.978872 -0.204216 -0.000801008 0.949039 -0.315158 -0.000118889 0.949869 -0.312648 0.032136 0.953386 0.300036 0.00849479 0.983237 0.182134 0.0102849 0.985167 0.171292 -0.0150559 0.996467 -0.0826196 -0.00643985 0.982061 -0.188456 -0.0141104 0.996408 -0.0834967 -0.0104509 0.980844 -0.194514 -0.000308067 0.983597 -0.18038 -0.0118861 0.996456 -0.0832729 0.0117503 0.989217 0.145984 0.0116137 0.991165 0.132127 0.0431484 0.968771 0.244173 -0.00825188 0.996627 -0.0816455 -0.0104347 0.998943 -0.0447726 -0.0105634 0.999081 -0.041551 0.00795963 0.98541 -0.170012 -0.00976669 0.998612 -0.051751 -0.0100259 0.998702 -0.0499326 0.0417554 0.96527 0.257895 0.0408306 0.963513 0.264527 0.0434591 0.980184 0.193264 0.0103178 0.994536 0.103881 0.0429652 0.981627 0.185912 0.0439435 0.972209 0.229954 0.0436188 0.970501 0.237117 0.00869488 0.996929 0.0778281 0.00811284 0.997737 0.0667444 0.0377054 0.988905 0.143683 -0.00734332 0.999914 0.0108767 -0.00920009 0.999926 -0.00791671 -0.00898929 0.999939 -0.00641469 -0.00820384 0.999761 -0.0202426 -0.00592868 0.999968 0.00546311 -0.00823304 0.99982 -0.0170666 0.0407959 0.985574 0.164254 0.0398616 0.986754 0.157247 -0.00358264 0.999993 0.0014345 0.00946612 0.995865 0.0903524 0.0036269 0.997316 -0.0731207 -0.000801368 0.999989 -0.00453479 -0.000580904 0.999976 -0.0068731 -0.00311331 0.996922 -0.078342 -0.00801229 0.999266 -0.0374632 -0.00800026 0.999139 -0.0407055 0.0117909 0.997759 -0.0658662 0.0147191 0.998924 -0.0439719 0.000442695 0.999921 -0.0125996 -0.000294413 0.999959 -0.00903008 0.0214406 0.998151 -0.056884 0.0178458 0.99856 -0.0505895 0.108901 0.982563 -0.150703 0.0447356 0.991318 -0.123643 0.102905 0.981736 -0.160013 0.0409362 0.99614 -0.0776521 0.0596566 0.992846 -0.103428 0.0471408 0.995569 -0.0813613 0.120652 0.983917 -0.131718 0.126261 0.984449 -0.122141 0.0537364 0.994997 -0.0842263 0.0757236 0.993286 -0.0874524 0.0679741 0.993863 -0.0872667 0.131626 0.984888 -0.112563 0.136654 0.985244 -0.103049 0.0835438 0.99273 -0.0866462 0.0913494 0.992195 -0.0848829 0.141189 0.985539 -0.0936971 0.0990568 0.99168 -0.0822059 0.113871 0.99071 -0.0743402 0.145236 0.985779 -0.0845339 0.148545 0.986004 -0.0757049 0.106713 0.991176 -0.0786351 0.126165 0.98994 -0.0640442 0.15104 0.986237 -0.0672588 0.152628 0.986503 -0.0592938 0.120391 0.990295 -0.0694388 0.136511 0.989538 -0.0466793 0.134308 0.989554 -0.0523894 0.153074 0.986848 -0.0519663 0.130832 0.989694 -0.0582215 0.135586 0.990096 -0.0364261 0.150475 0.987824 -0.0395018 0.147159 0.988508 -0.0345908 0.152439 0.987274 -0.0453104 0.137135 0.98969 -0.0413308 0.127573 0.9914 -0.0291847 0.132476 0.990659 -0.0323132 0.142442 0.989329 -0.0306499 0.112255 0.993337 -0.0260763 0.120965 0.992287 -0.0270796 0.128384 0.991382 -0.0260544 0.136129 0.990301 -0.0278109 0.0910896 0.995467 -0.0273663 0.108766 0.99373 -0.0258888 0.0972409 0.994884 -0.0273835 0.119223 0.992542 -0.0254194 0.102219 0.994417 -0.0261965 0.079206 0.996423 -0.0294474 0.0723927 0.996835 -0.0328411 0.0670258 0.99723 -0.0322384 0.0849782 0.995938 -0.0297661 0.055026 0.997854 -0.0354832 0.0600323 0.997535 -0.0363374 0.0483694 0.998029 -0.0399902 0.0437397 0.998285 -0.0388989 0.037854 0.998334 -0.0435361 0.0336536 0.998542 -0.0422074 0.0252335 0.998663 -0.0451227 0.0289186 0.99849 -0.0467017 0.0219313 0.998546 -0.0492341 0.0188683 0.998699 -0.0473798 0.0172214 0.998556 -0.050889 0.0148916 0.998701 -0.0487246 0.0136544 0.998712 -0.0488733 0.0151107 0.998564 -0.0514052 0.0150199 0.998569 -0.0513342 -0.00099503 0.999985 0.00535825 -0.001044 0.999995 0.00293834 -0.020548 0.998568 0.049396 -0.0204347 0.998712 0.0464486 -0.0209394 0.998569 0.0492173 0.0302424 0.997196 -0.0684519 0.0606937 0.994427 -0.0862096 0.0353511 0.996678 -0.0733744 0.114825 0.983291 -0.141261 5.02278e-05 0.99994 -0.0109518 0.0256072 0.997689 -0.0629373 0.0120377 0.99924 -0.037087 0.0909413 0.979804 -0.178083 0.030717 0.989438 -0.141663 0.00977971 0.999502 -0.0299887 -0.000951822 0.999997 -0.00207675 0.0680177 0.975017 -0.211462 0.0183105 0.987405 -0.15715 0.0850523 0.978711 -0.186791 -0.0083168 0.999922 -0.00929647 -0.00836358 0.999937 -0.00749356 -0.0086486 0.999949 -0.00514351 -0.00852479 0.999949 -0.00538133 -0.00825839 0.999866 -0.0141448 -0.000748716 0.999952 0.00972711 -0.000148659 0.999872 0.0159825 -0.00089306 0.99997 0.00764683 0.0388305 0.987866 0.150379 -0.00798263 0.999818 0.0173321 0.0110868 0.992957 0.117954 0.00055487 0.999763 0.0217418 0.0625936 0.973678 -0.219166 -0.00948868 0.998549 -0.0530099 -0.00920678 0.998515 -0.053689 0.00133482 0.999635 0.0270017 0.00216524 0.999493 0.0317624 0.00387429 0.9992 0.039801 0.00776317 0.998317 0.0574684 0.00301922 0.999346 0.0360267 0.00620321 0.998821 0.0481479 0.00683842 0.998726 0.0499945 0.0338339 0.991599 0.124845 0.00737717 0.99865 0.0514126 0.0293023 0.993688 0.108283 0.0308822 0.993055 0.113527 0.00812524 0.998556 0.0530949 0.0259541 0.994781 0.0986733 0.0276607 0.994263 0.10333 0.00781127 0.998594 0.0524348 0.00832663 0.998544 0.0532898 0.0241792 0.995248 0.0943191 0.00838716 0.998533 0.0534992 0.00831762 0.998536 0.0534437 0.0120704 0.997185 0.0740024 0.0142733 0.996947 0.0767701 0.00791986 0.998078 0.06147 0.00872288 0.99842 0.0555151 0.0223366 0.995668 0.0902589 0.020429 0.996044 0.0864861 0.00912871 0.998227 0.0588109 0.0184537 0.99638 0.0829895 0.0163987 0.99668 0.0797528 0.00888969 0.998115 0.0607302 0.00899708 0.998314 0.0573472 0.00909624 0.998161 0.0599302 0.00850081 0.998087 0.0612359 0.00979264 0.997398 0.0714282 0.0062453 0.998098 0.0613218 0.00716957 0.998082 0.0614975 0.00387592 0.998165 0.0604235 0.00743458 0.997587 0.0690233 0.00514206 0.998127 0.0609533 0.00249889 0.997906 0.0646334 0.00500077 0.997756 0.0667638 0.000948652 0.998256 0.0590215 0.0024806 0.998208 0.0597869 -0.00070942 0.998308 0.0581347 -6.62096e-05 0.998039 0.0625997 -0.00427169 0.998413 0.0561589 -0.00532529 0.998258 0.0587555 -0.00267849 0.998156 0.0606447 -0.00245464 0.998361 0.0571799 -0.0106183 0.99842 0.0551744 -0.00998282 0.998558 0.0527568 -0.0118875 0.998598 0.0515878 -0.00807181 0.998513 0.0539084 -0.0079776 0.998346 0.0569299 -0.0137504 0.998633 0.0504208 -0.0132139 0.99848 0.0535102 -0.0155537 0.998663 0.0493 -0.0157476 0.998525 0.0519657 -0.0172828 0.998685 0.0482556 -0.018198 0.998554 0.0505795 -0.0189082 0.998702 0.0472982 -0.00615407 0.998464 0.0550628 0.0323949 0.992359 0.119052 0.00470334 0.999061 0.0430719 0.00548539 0.998933 0.045847 0.0351997 0.990771 0.130895 0.0364925 0.989874 0.137181 -0.0101257 0.99977 -0.0188828 -0.0099039 0.999831 -0.015515 0.0474072 0.969478 -0.240553 0.0522609 0.970898 -0.23372 -0.0103209 0.999693 -0.0225352 -0.010478 0.999597 -0.0263766 -0.0102525 0.998814 -0.0475906 0.0339771 0.965195 -0.259316 0.0382612 0.966618 -0.25335 -0.0106325 0.999221 -0.037999 0.0385304 0.960035 0.277214 0.0371525 0.958324 0.283256 0.0113486 0.98719 0.159148 0.00793454 0.954835 -0.297031 0.0103482 0.955986 -0.29323 0.00387865 0.952687 -0.303927 0.0356255 0.956641 0.289083 0.0339538 0.954991 0.294684 0.0301835 0.951831 0.305134 -0.00544361 0.998571 0.053161 -0.0117374 0.996984 -0.0767084 -0.0101396 0.997151 -0.0747453 -0.00967869 0.993615 -0.112408 -0.00866668 0.978506 -0.206037 0.0281021 0.950332 0.309966 0.0258965 0.948898 0.314518 -0.0029608 0.994605 0.103695 0.0211711 0.946253 0.322732 -0.00114717 0.948259 -0.317495 -0.00096188 0.944279 -0.329145 -0.00118976 0.946142 -0.323749 0.00716708 0.948428 0.316913 0.00547386 0.951755 0.306811 0.00260126 0.958572 0.284839 0.00395356 0.955143 0.296118 0.011089 0.942039 0.33532 0.000383734 0.965444 0.26061 0.00141144 0.962019 0.27298 -0.000465233 0.968829 0.247732 -0.00128536 0.944749 -0.327791 -0.00186801 0.978153 0.20788 -0.00163405 0.975373 0.220555 -0.00198469 0.978458 0.206438 -0.00113419 0.972155 0.234335 -0.00220823 0.981405 0.191935 -0.00863637 0.990449 -0.137608 -0.0087883 0.993621 -0.112428 -0.00227985 0.989417 0.145084 -0.00214735 0.991685 0.128669 -0.00197989 0.993662 0.112392 -0.00179298 0.995381 0.0959833 -0.00338965 0.979705 -0.200415 -0.00324387 0.982764 -0.184835 -0.00726089 0.999973 0.000655437 -0.00127561 0.998998 0.0447442 -0.00179863 0.999683 -0.0251111 -0.00142758 0.998062 0.0622181 -0.00115996 0.999635 0.027005 -0.00110432 0.999953 0.00960676 -0.00110635 0.999969 -0.00777948 -0.00116742 0.999684 -0.0251115 -0.000911396 0.943711 -0.330769 -0.00086803 0.943171 -0.332306 -0.00102523 0.944874 -0.327434 -0.00900369 0.990464 -0.137476 -0.00542034 0.998106 0.0612795 -0.00537433 0.998147 0.0606144 -0.0026454 0.955462 -0.295103 -0.00379146 0.994275 0.106782 -0.00879436 0.995433 -0.0950587 -0.00866369 0.997519 -0.0698694 -0.00798432 0.99983 -0.0166062 -0.00838923 0.999311 -0.0361646 -0.00913782 0.99362 -0.112408 -0.00110122 0.945495 -0.325635 -0.00963864 0.995408 -0.0952385 -0.00895812 0.997504 -0.0700334 -0.0091251 0.995424 -0.095115 -0.00831894 0.999815 -0.0173428 -0.00863341 0.999296 -0.036506 -0.00818119 0.999821 -0.0170329 -0.001604 0.996845 0.0793581 -0.00658 0.999499 0.030963 -0.00783384 0.999969 -0.00106947 -0.00667464 0.999527 0.0300068 -0.00772552 0.99997 -0.000710081 -0.00942948 0.999906 -0.0099652 0.0441218 0.973888 0.222698 0.0441589 0.975531 0.21538 0.0299122 0.963787 -0.264991 -0.0106401 0.999358 -0.0342169 -0.0105868 0.999485 -0.0303028 0.019101 0.95972 -0.280308 0.0224881 0.961045 -0.275477 0.0425282 0.967025 0.251105 -0.00966772 0.999875 -0.0125175 0.0440578 0.977132 0.20802 0.043823 0.978684 0.200641 -0.00880395 0.999946 -0.00548848 -0.00828414 0.999899 -0.0115317 -0.00843101 0.999945 -0.00617289 -0.00816847 0.999688 -0.0235925 -0.00808383 0.9995 -0.0305729 -0.00812752 0.999601 -0.0270645 0.0416289 0.984325 0.171384 0.0423542 0.983008 0.178611 -0.00103145 0.999999 0.000434225 -0.0080431 0.999387 -0.0340639 -0.00801548 0.999012 -0.0437239 -0.00806555 0.998888 -0.0464515 0.0735755 0.976309 -0.203489 0.0792557 0.977543 -0.195265 -0.00829026 0.998674 -0.0508052 -0.00846775 0.998594 -0.0523197 -0.00815634 0.998774 -0.0488334 -0.00868435 0.998539 -0.0533276 0.0573319 0.972302 -0.226588 -0.00893384 0.998512 -0.0537929 0.0968999 0.980815 -0.169152 0.0427459 0.968048 -0.247094 0.0397557 0.961767 0.270967 0.0159392 0.958432 -0.284874 -0.00800642 0.999668 0.0244785 0.0260869 0.962402 -0.270375 -0.00758689 0.99946 0.031967 0.0130176 0.957187 -0.289179 0.00225521 0.951694 -0.307041 -0.0069021 0.999197 0.0394575 0.00577459 0.953735 -0.300594 -0.00609108 0.998894 0.0466258 0.000911984 0.950754 -0.309946 -0.00130075 0.947519 -0.319696 0.0235737 0.947536 0.31878 -0.00348162 0.976476 -0.215598 0 1 0 0 1 0 0 1 0 0 1 0 0 1 0 0 1 0 0 1 0 0 1 0 0 1 0 0 1 0 0 1 0 0 1 0 0 1 0 0 1 0 0 1 0 0 1 0 0 1 0 0 1 0 0 1 0 0 1 0 0 1 0 0 1 0 0 1 0 0 1 0 0 1 0 0 1 0 0 1 0 0 1 0 0 1 0 0 1 0 0 1 0 0 1 0 0 1 0 0 1 0 0 1 0 0 1 0 0 1 0 0 1 0 0 1 0 0 1 0 0 1 0 0 1 0 0 1 0 0 1 0 0 1 0 0 1 0 0 1 0 0 1 0 0 1 0 0 1 0 0 1 0 0 1 0 0 1 0 0 1 0 0 1 0</float_array>
          <technique_common>
            <accessor count="8919" source="#ID8" stride="3">
              <param name="X" type="float"/>
              <param name="Y" type="float"/>
              <param name="Z" type="float"/>
            </accessor>
          </technique_common>
        </source>
        <vertices id="ID9">
          <input semantic="POSITION" source="#ID5"/>
          <input semantic="NORMAL" source="#ID7"/>
        </vertices>
        <triangles count="9951" material="ID10">
          <input offset="0" semantic="VERTEX" source="#ID9"/>
          <p>0 1 2 3 1 4 5 6 7 0 4 1 7 0 2 7 2 5 8 9 10 11 12 9 13 14 15 15 8 10 15 10 13 9 8 11 16 17 18 19 18 20 17 20 18 21 22 19 19 20 21 22 23 24 23 22 21 25 24 26 23 26 24 27 28 25 25 26 27 28 29 30 29 28 27 31 30 32 29 32 30 33 34 31 31 32 33 34 35 36 35 34 33 37 36 38 35 38 36 39 40 37 37 38 39 40 41 42 41 40 39 43 42 44 41 44 42 45 46 43 43 44 45 46 47 48 47 46 45 49 48 50 47 50 48 51 52 49 49 50 51 53 52 51 53 54 52 17 16 55 56 57 55 55 16 56 57 58 59 58 57 56 60 59 61 58 61 59 62 63 60 60 61 62 63 64 65 64 63 62 66 65 67 64 67 65 68 69 66 66 67 68 69 70 71 70 69 68 70 72 71 73 74 72 71 72 74 73 75 76 76 74 73 77 75 78 75 77 76 79 80 78 77 78 80 79 81 82 82 80 79 83 81 84 81 83 82 85 86 84 83 84 86 85 87 88 88 86 85 89 87 90 87 89 88 89 90 53 53 90 54 91 92 93 94 95 96 97 98 99 100 101 102 91 103 92 104 105 93 93 105 91 98 97 104 104 97 105 99 98 100 101 96 102 100 102 99 96 101 94 106 107 108 109 110 111 112 113 108 106 108 113 112 114 115 115 113 112 114 116 115 116 114 117 118 107 106 118 119 120 120 107 118 121 119 111 119 121 120 121 111 110 122 123 124 109 125 126 127 128 129 130 131 128 132 133 134 135 136 137 138 139 140 141 142 143 144 145 146 147 148 149 150 151 152 144 153 151 146 153 144 154 155 156 157 158 159 160 161 162 163 162 161 164 165 160 160 162 164 165 166 167 166 165 164 168 167 169 166 169 167 170 171 168 168 169 170 171 172 173 172 171 170 174 173 175 172 175 173 116 117 174 174 175 116 154 156 163 154 163 161 155 157 159 155 159 156 176 177 178 158 157 177 150 179 180 152 179 150 179 181 180 181 178 180 176 178 181 177 176 158 153 152 151 149 145 147 145 149 146 147 139 148 138 140 141 148 139 138 143 142 134 141 140 142 136 133 132 133 143 134 127 135 137 137 136 132 128 131 129 127 129 135 130 182 131 122 182 123 130 123 182 125 124 126 124 125 122 126 110 109 183 184 185 186 187 188 189 190 183 184 183 190 189 191 192 192 190 189 191 193 192 188 187 193 193 191 188 194 187 186 194 195 196 195 194 186 197 198 199 200 199 201 198 201 199 202 203 200 200 201 202 203 204 205 204 203 202 206 205 207 204 207 205 208 209 206 206 207 208 209 210 211 210 209 208 212 211 213 210 213 211 214 215 212 212 213 214 215 216 217 216 215 214 218 217 219 216 219 217 220 221 218 218 219 220 221 222 223 222 221 220 224 223 225 222 225 223 226 227 224 224 225 226 227 228 229 228 227 226 229 228 230 231 232 230 229 230 232 231 233 234 234 232 231 235 233 236 233 235 234 237 238 236 235 236 238 239 238 237 198 197 240 240 241 242 241 240 197 243 242 244 241 244 242 245 246 243 243 244 245 246 247 248 247 246 245 249 248 250 247 250 248 251 252 249 249 250 251 252 253 254 253 252 251 255 254 256 253 256 254 257 258 255 255 256 257 258 259 260 259 258 257 261 260 262 259 262 260 263 264 261 261 262 263 264 265 266 265 264 263 267 266 268 265 268 266 269 270 267 267 268 269 270 271 272 271 270 269 273 272 274 271 274 272 275 276 273 273 274 275 276 277 278 277 276 275 277 239 278 278 239 237 279 280 281 282 283 284 285 286 287 288 289 286 290 291 292 290 292 289 291 293 292 294 286 292 295 296 297 291 290 297 294 292 298 288 285 299 281 280 299 280 279 300 279 301 302 282 300 302 303 282 284 302 304 282 305 306 282 303 305 282 307 308 309 310 309 311 282 312 313 312 282 306 312 310 313 311 314 310 313 310 314 315 316 317 318 319 320 321 318 322 323 324 325 322 326 327 328 323 325 329 328 325 330 331 332 333 324 323 334 335 336 332 337 338 339 340 341 342 343 339 344 345 346 343 347 339 339 341 348 349 340 339 350 343 342 351 342 339 349 339 345 352 349 345 343 350 353 354 346 315 344 352 345 355 356 357 358 317 359 360 361 362 363 364 355 357 365 366 367 364 368 365 369 366 370 369 371 371 369 365 363 357 366 372 291 297 360 362 370 373 298 293 372 374 291 297 375 372 362 376 377 297 296 375 374 372 361 364 378 368 364 367 379 308 307 380 381 382 383 382 378 364 384 385 381 381 383 384 385 386 387 386 385 384 386 353 387 336 359 388 387 353 350 388 389 334 358 315 317 390 391 392 393 389 392 389 393 334 332 394 330 392 394 338 329 395 328 330 395 331 333 322 318 327 321 322 318 321 319 396 326 397 327 326 396 326 398 399 397 326 399 398 380 307 309 308 311 376 372 375 291 374 293 372 362 361 373 293 374 376 362 372 370 377 400 401 373 361 374 361 373 377 370 362 400 402 369 401 360 371 361 360 401 400 369 370 402 403 366 401 371 404 370 371 360 402 366 369 403 405 363 406 404 365 371 365 404 403 363 366 383 364 405 356 406 357 365 357 406 405 364 363 383 382 364 379 355 364 355 357 363 351 339 348 347 345 339 347 407 345 408 316 407 346 345 316 354 344 346 407 316 345 408 409 317 408 317 316 359 409 410 354 315 411 316 315 346 409 359 317 388 410 412 335 411 358 315 358 411 410 388 359 389 412 413 335 358 336 359 336 358 412 389 388 392 413 390 335 334 414 388 334 336 392 389 413 394 391 415 337 414 393 334 393 414 391 394 392 415 416 330 337 393 338 392 338 393 415 330 394 395 416 417 337 332 418 394 332 338 416 395 330 328 417 419 418 331 329 332 331 418 417 328 395 419 420 323 418 329 421 395 329 331 419 323 328 333 420 422 423 421 325 329 325 421 420 333 323 422 424 322 320 423 324 325 324 423 422 322 333 380 326 424 320 324 318 333 318 324 424 326 322 326 380 398 313 425 282 300 425 426 304 283 282 425 300 282 426 427 280 301 428 302 428 304 302 426 280 300 299 427 429 301 279 430 300 279 302 427 299 280 288 429 431 287 430 281 279 281 430 429 288 299 431 432 289 287 281 285 299 285 281 431 289 288 432 295 290 287 286 294 288 286 285 432 290 289 297 290 295 292 293 298 289 292 286 433 434 435 436 437 438 439 440 435 433 435 440 441 439 442 439 441 440 442 443 444 444 441 442 445 446 443 444 443 446 447 445 448 445 447 446 449 447 448 450 449 451 448 451 449 450 452 436 452 450 451 438 437 453 436 452 437 454 455 453 438 453 455 456 454 457 454 456 455 457 458 459 459 456 457 460 461 462 460 463 464 463 460 462 461 465 462 466 467 468 469 470 467 467 466 469 471 470 472 469 472 470 471 473 474 473 471 472 475 476 474 474 473 475 477 476 475 477 478 479 479 476 477 480 481 478 479 478 481 480 482 481 483 484 482 482 480 483 485 484 486 483 486 484 485 487 488 487 485 486 489 490 488 488 487 489 489 491 490 492 493 494 495 496 497 498 499 500 501 502 503 504 505 506 507 508 509 510 511 512 513 514 515 516 517 518 519 520 521 522 523 524 525 526 527 528 529 530 531 532 533 534 535 536 537 538 539 540 541 542 543 544 545 546 547 548 549 550 551 552 553 554 555 556 557 558 559 560 561 562 563 564 565 566 567 568 569 570 571 572 573 574 575 576 577 578 579 580 581 582 583 584 585 586 587 588 589 590 591 592 593 594 595 596 597 598 599 600 601 602 603 604 605 606 607 608 609 610 611 612 613 614 615 616 617 618 619 620 621 622 623 624 625 626 627 628 629 630 631 632 633 634 635 636 637 638 639 640 641 642 643 644 645 646 647 648 649 650 651 652 653 654 655 656 657 658 659 660 661 662 663 664 665 666 667 668 669 670 671 672 673 674 675 676 677 678 679 680 681 682 683 684 685 686 687 688 689 690 691 692 691 690 686 693 694 692 692 691 693 695 694 696 693 696 694 695 697 698 697 695 696 699 700 698 698 697 699 701 700 702 699 702 700 701 703 704 703 701 702 705 706 704 704 703 705 707 706 708 705 708 706 707 709 710 709 707 708 711 712 710 710 709 711 713 712 714 711 714 712 713 715 716 715 713 714 717 718 716 716 715 717 719 718 720 717 720 718 719 721 722 721 719 720 723 724 722 722 721 723 725 724 726 723 726 724 725 727 728 727 725 726 729 730 728 728 727 729 731 730 732 729 732 730 731 733 734 733 731 732 735 736 734 734 733 735 737 736 738 735 738 736 737 739 740 739 737 738 741 742 740 740 739 741 743 742 744 741 744 742 743 745 746 745 743 744 747 748 746 746 745 747 749 748 750 747 750 748 749 751 752 751 749 750 753 497 752 752 751 753 687 685 684 753 495 497 684 686 690 679 689 688 689 685 687 678 680 683 679 688 680 682 681 672 678 683 682 673 676 674 681 673 672 677 668 675 676 675 674 669 667 666 666 668 677 661 671 670 671 667 669 660 662 665 661 670 662 664 663 654 660 665 664 655 658 656 663 655 654 659 650 657 658 657 656 651 649 648 648 650 659 643 653 652 653 649 651 642 644 647 643 652 644 646 645 636 642 647 646 637 640 638 645 637 636 641 632 639 640 639 638 633 631 630 630 632 641 625 635 634 635 631 633 624 626 629 625 634 626 628 627 618 624 629 628 619 622 620 627 619 618 623 614 621 622 621 620 615 613 612 612 614 623 607 617 616 617 613 615 606 608 611 607 616 608 610 609 600 606 611 610 601 604 602 609 601 600 605 596 603 604 603 602 597 595 594 594 596 605 589 599 598 599 595 597 588 590 593 589 598 590 592 591 582 588 593 592 583 586 584 591 583 582 587 578 585 586 585 584 579 577 576 576 578 587 571 581 580 581 577 579 570 572 575 571 580 572 574 573 564 570 575 574 565 568 566 573 565 564 569 560 567 568 567 566 561 559 558 558 560 569 553 563 562 563 559 561 552 554 557 553 562 554 556 555 546 552 557 556 547 550 548 555 547 546 551 542 549 550 549 548 543 541 540 540 542 551 535 545 544 545 541 543 534 536 539 535 544 536 538 537 528 534 539 538 529 532 530 537 529 528 533 524 531 532 531 530 525 523 522 522 524 533 517 527 526 527 523 525 516 518 521 517 526 518 520 519 510 516 521 520 511 514 512 519 511 510 515 506 513 514 513 512 507 505 504 504 506 515 499 509 508 509 505 507 498 500 501 499 508 500 503 502 494 498 501 503 492 496 493 502 492 494 495 493 496 754 755 756 757 758 759 760 761 762 763 764 765 766 764 767 768 769 770 769 771 770 772 773 765 772 774 773 775 763 758 766 765 764 765 773 758 765 758 763 758 773 759 775 776 763 773 762 759 757 759 777 770 762 768 762 773 768 760 762 770 762 761 778 779 780 770 760 770 780 781 780 782 779 782 780 783 784 782 779 783 782 785 782 786 784 786 782 787 785 788 789 785 786 790 788 791 789 788 785 792 793 794 789 791 788 795 796 792 797 792 796 798 756 755 799 800 801 802 803 804 805 806 807 808 809 810 810 811 808 812 813 814 815 816 817 818 819 820 821 812 819 822 823 824 825 826 827 827 828 825 829 830 831 832 833 834 835 836 837 838 836 830 839 836 835 840 841 842 843 844 845 845 844 846 847 848 843 849 850 851 852 848 853 854 850 849 849 853 848 855 830 836 856 857 858 859 860 848 844 843 861 862 863 849 864 860 859 861 865 844 848 852 866 848 860 843 867 863 862 853 849 863 847 854 848 849 848 854 847 845 868 869 847 868 845 870 871 847 843 845 846 844 841 870 845 846 844 857 841 856 842 841 841 857 856 839 835 842 842 856 839 829 838 830 836 838 837 872 832 831 830 872 831 831 832 834 873 831 834 825 834 826 834 833 826 874 823 827 827 823 828 824 818 822 824 823 874 875 819 818 875 818 824 812 821 813 819 812 820 876 877 814 876 814 813 817 877 815 876 815 877 809 816 810 817 816 809 802 878 811 878 808 811 879 802 804 803 802 811 806 805 879 879 804 806 756 798 807 798 805 807 801 880 754 754 880 755 800 881 801 801 881 880 800 796 795 799 796 800 882 883 792 792 797 882 883 790 793 792 883 793 789 884 791 793 790 791 885 886 887 888 889 885 885 887 888 889 890 891 890 889 888 892 891 893 890 893 891 894 895 892 892 893 894 895 896 897 896 895 894 898 897 899 896 899 897 900 901 898 898 899 900 901 902 903 902 901 900 904 903 905 902 905 903 906 907 904 904 905 906 907 908 909 908 907 906 910 909 911 908 911 909 912 913 910 910 911 912 913 914 915 914 913 912 916 915 917 914 917 915 918 919 916 916 917 918 919 920 921 920 919 918 922 921 923 920 923 921 924 925 922 922 923 924 925 926 927 926 925 924 928 927 929 926 929 927 930 931 928 928 929 930 931 932 933 932 931 930 934 933 935 932 935 933 936 937 934 934 935 936 937 938 939 938 937 936 940 939 941 938 941 939 942 943 940 940 941 942 943 944 945 944 943 942 946 945 947 944 947 945 948 949 946 946 947 948 949 950 951 950 949 948 952 951 953 950 953 951 954 955 952 952 953 954 955 956 957 956 955 954 958 957 959 956 959 957 960 961 958 958 959 960 961 962 963 962 961 960 964 963 965 962 965 963 966 967 964 964 965 966 967 968 969 968 967 966 970 969 971 968 971 969 972 973 970 970 971 972 973 974 975 974 973 972 976 975 977 974 977 975 978 979 976 976 977 978 979 980 981 980 979 978 982 981 983 980 983 981 984 985 982 982 983 984 985 986 987 986 985 984 988 987 989 986 989 987 990 991 988 988 989 990 991 992 993 992 991 990 994 993 995 992 995 993 996 997 994 994 995 996 997 998 999 998 997 996 1000 999 1001 998 1001 999 1002 1003 1000 1000 1001 1002 1003 1004 1005 1004 1003 1002 1006 1005 1007 1004 1007 1005 1008 1009 1006 1006 1007 1008 1009 1010 1011 1010 1009 1008 1012 1011 1013 1010 1013 1011 1014 1015 1012 1012 1013 1014 1016 1015 1014 1016 1017 1015 887 886 1018 1018 1019 1020 1019 1018 886 1021 1020 1022 1019 1022 1020 1023 1024 1021 1021 1022 1023 1024 1025 1026 1025 1024 1023 1027 1026 1028 1025 1028 1026 1029 1030 1027 1027 1028 1029 1030 1031 1032 1031 1030 1029 1033 1032 1034 1031 1034 1032 1035 1036 1033 1033 1034 1035 1036 1037 1038 1037 1036 1035 1039 1038 1040 1037 1040 1038 1041 1042 1039 1039 1040 1041 1042 1043 1044 1043 1042 1041 1045 1044 1046 1043 1046 1044 1047 1048 1045 1045 1046 1047 1048 1049 1050 1049 1048 1047 1051 1050 1052 1049 1052 1050 1053 1054 1051 1051 1052 1053 1054 1055 1056 1055 1054 1053 1057 1056 1058 1055 1058 1056 1059 1060 1057 1057 1058 1059 1060 1061 1062 1061 1060 1059 1063 1062 1064 1061 1064 1062 1065 1066 1063 1063 1064 1065 1066 1067 1068 1067 1066 1065 1069 1068 1070 1067 1070 1068 1071 1072 1069 1069 1070 1071 1072 1073 1074 1073 1072 1071 1075 1074 1076 1073 1076 1074 1077 1078 1075 1075 1076 1077 1078 1079 1080 1079 1078 1077 1081 1080 1082 1079 1082 1080 1083 1084 1081 1081 1082 1083 1084 1085 1086 1085 1084 1083 1087 1086 1088 1085 1088 1086 1089 1090 1087 1087 1088 1089 1090 1091 1092 1091 1090 1089 1093 1092 1094 1091 1094 1092 1095 1096 1093 1093 1094 1095 1096 1097 1098 1097 1096 1095 1099 1098 1100 1097 1100 1098 1101 1102 1099 1099 1100 1101 1102 1103 1104 1103 1102 1101 1105 1104 1106 1103 1106 1104 1107 1108 1105 1105 1106 1107 1108 1109 1110 1109 1108 1107 1111 1110 1112 1109 1112 1110 1113 1114 1111 1111 1112 1113 1114 1115 1116 1115 1114 1113 1117 1116 1118 1115 1118 1116 1119 1120 1117 1117 1118 1119 1120 1121 1122 1121 1120 1119 1123 1122 1124 1121 1124 1122 1125 1126 1123 1123 1124 1125 1126 1127 1128 1127 1126 1125 1129 1128 1130 1127 1130 1128 1131 1132 1129 1129 1130 1131 1132 1133 1134 1133 1132 1131 1135 1134 1136 1133 1136 1134 1137 1138 1135 1135 1136 1137 1138 1139 1140 1139 1138 1137 1141 1140 1142 1139 1142 1140 1143 1144 1141 1141 1142 1143 1144 1145 1146 1145 1144 1143 1145 1017 1146 1146 1017 1016 1147 1148 1149 1150 1149 1148 1151 1152 1153 1154 1147 1155 1156 1157 1158 1159 1160 1161 1162 1163 1164 1165 1166 1151 1167 1168 1169 1170 1158 1171 1172 1173 1174 1152 1151 1175 1173 1172 1176 1177 1178 1179 1178 1177 1173 1180 1181 1182 1183 1184 1185 1184 1183 1186 1187 1171 1158 1179 1188 1189 1190 1178 1176 1180 1191 1192 1183 1193 1181 1167 1194 1168 1183 1181 1180 1185 1195 1183 1177 1179 1189 1196 1194 1167 1197 1193 1183 1198 1179 1199 1198 1188 1179 1180 1182 1200 1195 1185 1201 1180 1186 1183 1202 1200 1182 1188 1185 1184 1180 1192 1186 1184 1203 1204 1189 1184 1204 1177 1205 1206 1184 1189 1188 1173 1176 1178 1205 1177 1189 1174 1168 1172 1207 1174 1173 1169 1208 1167 1172 1168 1194 1171 1167 1170 1208 1170 1167 1158 1209 1210 1157 1187 1158 1156 1158 1210 1156 1162 1211 1162 1156 1210 1162 1164 1212 1211 1162 1212 1160 1159 1164 1163 1160 1164 1161 1152 1213 1159 1161 1213 1165 1151 1153 1152 1175 1213 1166 1154 1155 1166 1165 1154 1147 1214 1148 1214 1147 1154 1150 1215 1149 1216 1215 1217 1150 1217 1215 1217 1218 1219 1219 1216 1217 1219 1220 1221 1220 1219 1218 1222 1221 1223 1220 1223 1221 1223 1224 1225 1225 1222 1223 1226 1224 1227 1224 1226 1225 1226 1228 1229 1227 1228 1226 1229 1230 1231 1226 1229 1231 1232 1229 1233 1229 1232 1230 1232 1234 1235 1233 1234 1232 1235 1236 1237 1232 1235 1237 1236 1238 1239 1238 1236 1235 1240 1238 1241 1239 1238 1242 1240 1243 1242 1238 1240 1242 1244 1245 1243 1244 1243 1240 1246 1245 1247 1245 1248 1249 1248 1245 1246 1250 1251 1252 1251 1253 1254 1255 1256 1257 1250 1257 1251 1258 1255 1257 1258 1259 1255 1260 1261 1262 1260 1263 1261 1264 1265 1263 1264 1266 1265 1267 1268 1269 1267 1261 1263 1264 1263 1260 1267 1263 1268 1262 1261 1270 1260 1271 1272 1264 1260 1256 1256 1260 1272 1255 1264 1256 1273 1272 1271 1256 1274 1275 1256 1275 1253 1257 1253 1251 1256 1253 1257 1254 1276 1249 1248 1251 1254 1247 1245 1244 1249 1248 1254 1245 1277 1243 1278 1279 1280 1281 1282 1283 1278 1284 1285 1285 1279 1278 1286 1284 1287 1284 1286 1285 1288 1289 1287 1286 1287 1289 1288 1290 1291 1291 1289 1288 1292 1290 1293 1290 1292 1291 1294 1295 1293 1292 1293 1295 1294 1296 1297 1297 1295 1294 1298 1296 1299 1296 1298 1297 1300 1301 1299 1298 1299 1301 1300 1302 1303 1303 1301 1300 1304 1302 1305 1302 1304 1303 1306 1307 1305 1304 1305 1307 1306 1308 1309 1309 1307 1306 1310 1308 1311 1308 1310 1309 1312 1313 1311 1310 1311 1313 1312 1314 1315 1315 1313 1312 1316 1314 1317 1314 1316 1315 1318 1319 1317 1316 1317 1319 1318 1320 1321 1321 1319 1318 1322 1320 1323 1320 1322 1321 1324 1325 1323 1322 1323 1325 1324 1326 1327 1327 1325 1324 1328 1326 1329 1326 1328 1327 1330 1331 1329 1328 1329 1331 1330 1332 1333 1333 1331 1330 1334 1332 1335 1332 1334 1333 1336 1337 1335 1334 1335 1337 1336 1338 1339 1339 1337 1336 1340 1338 1341 1338 1340 1339 1342 1343 1341 1340 1341 1343 1342 1344 1345 1345 1343 1342 1346 1344 1347 1344 1346 1345 1348 1349 1347 1346 1347 1349 1348 1350 1351 1351 1349 1348 1352 1350 1353 1350 1352 1351 1354 1355 1353 1352 1353 1355 1354 1356 1357 1357 1355 1354 1358 1356 1359 1356 1358 1357 1360 1361 1359 1358 1359 1361 1360 1362 1363 1363 1361 1360 1364 1362 1365 1362 1364 1363 1366 1367 1365 1364 1365 1367 1366 1368 1369 1369 1367 1366 1370 1368 1371 1368 1370 1369 1372 1373 1371 1370 1371 1373 1372 1374 1375 1375 1373 1372 1376 1374 1377 1374 1376 1375 1378 1379 1377 1376 1377 1379 1380 1379 1378 1381 1280 1279 1382 1383 1381 1280 1381 1383 1382 1384 1385 1385 1383 1382 1386 1384 1387 1384 1386 1385 1388 1389 1387 1386 1387 1389 1388 1390 1391 1391 1389 1388 1392 1390 1393 1390 1392 1391 1394 1395 1393 1392 1393 1395 1394 1396 1397 1397 1395 1394 1398 1396 1399 1396 1398 1397 1400 1401 1399 1398 1399 1401 1400 1402 1403 1403 1401 1400 1404 1402 1405 1402 1404 1403 1406 1407 1405 1404 1405 1407 1406 1408 1409 1409 1407 1406 1410 1408 1411 1408 1410 1409 1410 1411 1412 1413 1414 1412 1412 1411 1413 1414 1415 1416 1415 1414 1413 1417 1416 1418 1415 1418 1416 1419 1420 1417 1417 1418 1419 1420 1421 1422 1421 1420 1419 1423 1422 1424 1421 1424 1422 1425 1426 1423 1423 1424 1425 1426 1427 1428 1427 1426 1425 1429 1428 1430 1427 1430 1428 1431 1432 1429 1429 1430 1431 1432 1433 1434 1433 1432 1431 1435 1434 1436 1433 1436 1434 1437 1438 1435 1435 1436 1437 1438 1439 1440 1439 1438 1437 1441 1440 1442 1439 1442 1440 1443 1444 1441 1441 1442 1443 1444 1445 1446 1445 1444 1443 1447 1446 1448 1445 1448 1446 1449 1450 1447 1447 1448 1449 1450 1451 1452 1451 1450 1449 1453 1452 1454 1451 1454 1452 1455 1456 1453 1453 1454 1455 1456 1457 1458 1457 1456 1455 1459 1458 1460 1457 1460 1458 1461 1462 1459 1459 1460 1461 1462 1463 1464 1463 1462 1461 1465 1464 1466 1463 1466 1464 1467 1468 1465 1465 1466 1467 1468 1469 1470 1469 1468 1467 1471 1470 1472 1469 1472 1470 1473 1474 1471 1471 1472 1473 1474 1475 1476 1475 1474 1473 1477 1476 1478 1475 1478 1476 1479 1480 1481 1477 1478 1482 1483 1484 1485 1486 1487 1488 1489 1490 1491 1492 1493 1494 1495 1496 1497 1498 1499 1500 1501 1502 1503 1504 1505 1506 1507 1508 1509 1510 1511 1512 1513 1514 1515 1516 1517 1518 1519 1520 1521 1522 1523 1524 1525 1526 1527 1521 1527 1526 1528 1529 1525 1525 1527 1528 1529 1530 1531 1530 1529 1528 1532 1531 1533 1530 1533 1531 1534 1535 1532 1532 1533 1534 1535 1536 1537 1536 1535 1534 1538 1537 1539 1536 1539 1537 1380 1378 1538 1538 1539 1380 1519 1524 1520 1519 1521 1526 1522 1513 1523 1524 1523 1520 1514 1516 1515 1522 1514 1513 1518 1517 1508 1515 1516 1518 1507 1509 1511 1508 1517 1509 1503 1510 1512 1510 1507 1511 1506 1502 1501 1501 1503 1512 1504 1495 1505 1506 1505 1502 1496 1498 1497 1504 1496 1495 1500 1499 1490 1497 1498 1500 1489 1491 1493 1490 1499 1491 1485 1492 1494 1492 1489 1493 1488 1484 1483 1483 1485 1494 1486 1481 1487 1488 1487 1484 1479 1282 1480 1486 1479 1481 1281 1283 1482 1480 1282 1281 1477 1482 1283 1540 1541 1542 1543 1544 1545 1544 1546 1545 1547 1548 1549 1543 1550 1551 1552 1553 1548 1554 1555 1556 1553 1552 1557 1549 1558 1547 1544 1553 1559 1544 1559 1560 1544 1548 1553 1559 1561 1560 1543 1549 1548 1544 1543 1548 1549 1543 1562 1562 1543 1551 1554 1562 1555 1554 1549 1562 1563 1564 1565 1562 1563 1555 1566 1555 1565 1565 1555 1563 1567 1568 1566 1566 1565 1567 1569 1570 1567 1567 1570 1568 1569 1567 1571 1567 1572 1571 1573 1574 1569 1569 1571 1573 1575 1574 1573 1575 1573 1576 1577 1574 1575 1578 1579 1580 1581 1582 1580 1583 1584 1585 1579 1586 1587 1588 1589 1590 1590 1589 1591 1592 1593 1594 1595 1593 1596 1597 1598 1599 1599 1600 1601 1602 1603 1604 1605 1606 1607 1602 1604 1608 1609 1610 1611 1602 1612 1613 1614 1615 1616 1615 1617 1618 1619 1620 1621 1622 1623 1624 1625 1626 1627 1627 1620 1628 1629 1630 1625 1631 1630 1632 1633 1634 1635 1633 1636 1634 1637 1638 1635 1628 1620 1639 1640 1641 1642 1638 1637 1643 1644 1645 1634 1646 1628 1639 1625 1647 1629 1633 1635 1648 1637 1649 1650 1641 1636 1642 1651 1649 1637 1651 1634 1645 1638 1652 1635 1653 1650 1649 1635 1652 1654 1637 1655 1643 1637 1635 1651 1656 1654 1652 1657 1648 1635 1635 1634 1651 1642 1636 1631 1636 1641 1634 1632 1642 1631 1631 1636 1658 1629 1632 1630 1630 1626 1625 1626 1630 1659 1619 1639 1620 1628 1625 1627 1619 1623 1660 1660 1639 1619 1624 1623 1615 1623 1622 1660 1614 1617 1615 1615 1623 1616 1661 1618 1609 1609 1618 1617 1611 1610 1613 1611 1661 1609 1662 1612 1602 1612 1611 1613 1604 1603 1663 1602 1608 1662 1604 1664 1607 1664 1604 1663 1606 1605 1597 1664 1605 1607 1597 1599 1601 1597 1605 1598 1600 1594 1665 1600 1665 1601 1666 1593 1592 1592 1594 1600 1589 1595 1596 1596 1593 1666 1590 1591 1667 1589 1588 1595 1668 1667 1540 1667 1668 1590 1585 1541 1540 1668 1540 1542 1585 1584 1587 1583 1585 1540 1578 1586 1579 1586 1585 1587 1581 1580 1579 1579 1669 1581 1582 1577 1575 1582 1581 1577 1577 1670 1574 1671 1672 1673 1674 1675 1672 1672 1671 1674 1676 1675 1677 1674 1677 1675 1678 1676 1677 1679 1680 1678 1676 1678 1680 1681 1679 1682 1679 1681 1680 1682 1683 1684 1684 1681 1682 1685 1686 1683 1684 1683 1686 1687 1685 1688 1685 1687 1686 1689 1688 1690 1689 1687 1688 1690 1688 1691 1691 1692 1690 1693 1694 1695 1694 1696 1695 1693 1697 1694 1698 1695 1696 1699 1700 1698 1695 1698 1700 1693 1695 1701 1702 1703 1704 1705 1706 1707 1708 1709 1710 1711 1712 1713 1714 1715 1716 1717 1718 1719 1720 1721 1722 1723 1724 1725 1726 1727 1728 1729 1730 1731 1732 1731 1733 1734 1729 1735 1729 1734 1730 1735 1736 1737 1737 1734 1735 1738 1739 1736 1737 1736 1739 1740 1738 1741 1738 1740 1739 1723 1732 1733 1731 1730 1733 1725 1724 1726 1732 1723 1725 1727 1719 1728 1724 1727 1726 1717 1722 1718 1719 1718 1728 1712 1721 1720 1720 1722 1717 1715 1711 1713 1711 1721 1712 1714 1716 1705 1715 1713 1716 1707 1706 1710 1714 1705 1707 1708 1702 1709 1706 1708 1710 1704 1709 1702 1742 1743 1744 1742 1745 1743 1746 1743 1745 1747 1743 1746 1748 1749 1747 1749 1743 1747 1743 1749 1750 1751 1752 1753 1752 1751 1754 1755 1756 1757 1755 1757 1758 1759 1760 1761 1762 1763 1764 1765 1766 1767 1768 1769 1770 1771 1772 1773 1774 1775 1776 1777 1778 1779 1780 1781 1782 1783 1784 1785 1786 1787 1788 1789 1790 1791 1792 1793 1794 1795 1796 1797 1798 1799 1800 1801 1802 1803 1804 1805 1806 1807 1808 1809 1810 1811 1812 1813 1814 1815 1816 1814 1817 1813 1818 1819 1818 1813 1815 1820 1821 1819 1819 1818 1820 1822 1821 1823 1820 1823 1821 1822 1824 1825 1824 1822 1823 1826 1827 1825 1825 1824 1826 1828 1827 1829 1826 1829 1827 1828 1830 1831 1830 1828 1829 1832 1764 1831 1831 1830 1832 1816 1817 1809 1832 1762 1764 1814 1816 1815 1810 1808 1807 1807 1809 1817 1802 1812 1811 1812 1808 1810 1801 1803 1806 1802 1811 1803 1805 1804 1795 1801 1806 1805 1796 1799 1797 1804 1796 1795 1800 1791 1798 1799 1798 1797 1792 1790 1789 1789 1791 1800 1784 1794 1793 1794 1790 1792 1783 1785 1788 1784 1793 1785 1787 1786 1777 1783 1788 1787 1778 1781 1779 1786 1778 1777 1782 1773 1780 1781 1780 1779 1774 1772 1771 1771 1773 1782 1766 1776 1775 1776 1772 1774 1765 1767 1768 1766 1775 1767 1770 1769 1761 1765 1768 1770 1759 1763 1760 1769 1759 1761 1762 1760 1763 1833 1834 1835 1836 1837 1838 1839 1840 1841 1842 1843 1844 1845 1846 1847 1848 1849 1850 1851 1852 1853 1854 1855 1856 1857 1858 1859 1860 1861 1862 1863 1864 1865 1866 1867 1868 1869 1870 1871 1872 1873 1874 1875 1876 1877 1878 1879 1880 1881 1882 1883 1884 1885 1886 1887 1888 1889 1890 1888 1891 1887 1892 1893 1892 1887 1889 1894 1895 1893 1893 1892 1894 1896 1895 1897 1894 1897 1895 1896 1898 1899 1898 1896 1897 1900 1901 1899 1899 1898 1900 1902 1901 1903 1900 1903 1901 1902 1904 1905 1904 1902 1903 1906 1838 1905 1905 1904 1906 1890 1891 1883 1906 1836 1838 1888 1890 1889 1884 1882 1881 1881 1883 1891 1876 1886 1885 1886 1882 1884 1875 1877 1880 1876 1885 1877 1879 1878 1869 1875 1880 1879 1870 1873 1871 1878 1870 1869 1874 1865 1872 1873 1872 1871 1866 1864 1863 1863 1865 1874 1858 1868 1867 1868 1864 1866 1857 1859 1862 1858 1867 1859 1861 1860 1851 1857 1862 1861 1852 1855 1853 1860 1852 1851 1856 1847 1854 1855 1854 1853 1848 1846 1845 1845 1847 1856 1840 1850 1849 1850 1846 1848 1839 1841 1842 1840 1849 1841 1844 1843 1835 1839 1842 1844 1833 1837 1834 1843 1833 1835 1836 1834 1837 1907 1908 1909 1910 1911 1912 1913 1914 1915 1916 1917 1918 1914 1908 1907 1914 1919 1918 1913 1919 1914 1907 1915 1914 1908 1920 1909 1921 1920 1908 1908 1922 1921 1923 1922 1908 1918 1917 1914 1924 1925 1923 1926 1924 1927 1926 1925 1924 1928 1924 1929 1930 1917 1916 1931 1917 1930 1924 1932 1927 1933 1934 1924 1929 1924 1934 1930 1935 1931 1936 1933 1937 1938 1939 1933 1933 1939 1937 1933 1940 1941 1933 1942 1938 1943 1944 1945 1946 1947 1948 1943 1945 1949 1950 1951 1952 1953 1910 1954 1955 1956 1957 1958 1959 1910 1960 1961 1910 1910 1962 1958 1962 1963 1958 1962 1964 1965 1966 1967 1968 1969 1970 1968 1971 1972 1973 1962 1974 1975 1976 1977 1978 1979 1974 1980 1981 1974 1979 1982 1983 1984 1985 1986 1987 1988 1989 1990 1991 1992 1993 1951 1956 1994 1989 1995 1996 1992 1991 1997 1977 1988 1998 1999 2000 1978 2001 2002 2003 2004 1991 2000 2005 1971 1973 1993 2006 1974 1975 1974 2007 1974 1981 2007 1962 2008 1964 2009 1994 1956 1963 1962 2010 1965 2011 1962 1956 2012 2009 2013 2014 1966 2015 1910 1953 1910 1961 1954 1910 1912 1956 2013 2016 2014 1955 2012 1956 2017 1956 1912 1950 2018 1951 1951 1994 1952 2019 2020 1951 2021 1951 2018 2022 2023 2024 2025 2026 1948 1948 2027 2028 2029 1948 2028 2030 2031 2025 2026 2032 1948 2025 2033 2034 2035 2036 2037 2025 2038 2033 2030 2025 2039 2040 2039 2041 2041 2042 2043 2035 2037 2044 2040 2041 2045 2037 2046 2044 2047 2048 2046 1946 1948 2049 2050 2047 2051 2052 2053 2054 2035 2055 2036 2056 2053 2057 2057 2053 2052 1947 1943 1948 2058 2056 2057 2023 2056 2058 1933 1951 2020 2024 2059 2022 2023 2058 2024 2060 2061 2059 2016 2013 1949 2062 2063 2064 2060 2059 2062 2065 2066 2063 2063 2066 2064 2063 2067 2068 2063 2068 2065 2063 2069 2067 2070 2071 2072 2073 2063 2074 2069 2063 2075 2074 2076 2077 2074 2078 2073 2079 2080 2071 2081 2074 2082 2083 2084 2085 2086 2087 2074 2088 2084 2089 2080 2090 2091 2092 2093 2084 2090 2094 2091 2095 2096 2097 2096 2095 2098 2099 2100 2101 2102 2094 2090 2096 2103 2104 2105 2106 2107 2108 2109 2110 2107 2106 2111 2112 2113 2114 2114 2113 2111 2115 2116 2117 2108 2110 2118 2112 2114 2115 2119 2120 2121 2118 2121 2120 2117 2116 2119 2103 2096 2100 2109 2101 2100 2092 2096 2098 2102 2106 2105 2084 2088 2085 2084 2093 2122 2074 2087 2082 2074 2083 2086 2070 2079 2071 2077 2078 2074 2072 1931 1935 1933 2020 1940 2070 2072 2123 1935 2123 2072 2079 2090 2080 2105 2094 2102 2111 2113 2107 2112 2115 2117 2119 2116 2120 2110 2121 2118 2100 2110 2109 2100 2099 2103 2096 2104 2097 2096 2092 2084 2122 2089 2084 2083 2074 2084 2076 2074 2081 2075 2063 2073 2059 2063 2062 2051 2052 2054 2025 2031 2124 1944 1943 2125 2036 2055 2126 1969 1968 1967 1972 1971 1970 2127 2128 2129 1985 1956 1951 1991 2004 2130 1980 1974 2006 1975 2008 1962 2010 1962 2011 1910 1959 1960 1911 1910 2015 2017 1957 1956 2019 1951 2021 1933 1941 1942 1936 1934 1933 1932 1924 1928 1923 1908 1924 1951 1986 1985 2131 2132 1982 1987 2126 2055 1987 1986 2126 2042 2041 2133 2134 2135 2041 2046 2048 2044 2136 2134 2041 2041 2022 2136 2050 2048 2047 2137 2022 2061 2059 2061 2022 2050 2051 2054 2137 2136 2022 2135 2133 2041 2045 2041 2043 2025 2041 2039 2025 2124 2038 2034 2026 2025 2032 2027 1948 2049 1948 2029 2125 1943 1947 2013 1943 1949 1968 2013 1966 1972 1970 1969 2001 2005 2002 1973 2002 2005 2003 2127 2001 2138 2129 2128 2128 2127 2003 2138 1982 1984 1984 2129 2138 2132 1983 1982 1995 2132 2131 1989 1996 1990 1995 2131 1996 1988 1990 1998 1988 1977 1976 1976 1978 2000 1999 2004 2000 1991 2130 1997 1991 1993 1974 2139 2140 2141 2142 2143 2144 2145 2146 2147 2148 2149 2150 2151 2152 2153 2154 2155 2156 2157 2158 2159 2160 2161 2162 2163 2156 2158 2164 2165 2166 2160 2148 2161 2167 2168 2169 2166 2168 2170 2152 2151 2142 2142 2144 2152 2150 2171 2165 2169 2151 2153 2144 2143 2172 2172 2143 2173 2159 2162 2174 2175 2172 2173 2176 2177 2178 2175 2178 2177 2178 2175 2173 2176 2178 2179 2179 2180 2176 2146 2181 2154 2147 2182 2183 2180 2179 2184 2185 2183 2182 2180 2184 2186 2187 2185 2188 2184 2189 2186 2189 2190 2186 2191 2187 2192 2190 2189 2193 2193 2194 2190 2195 2196 2197 2198 2194 2199 2200 2201 2202 2200 2203 2204 2205 2206 2207 2207 2208 2209 2210 2211 2212 2213 2214 2215 2216 2217 2218 2219 2220 2221 2222 2223 2224 2225 2226 2227 2228 2229 2230 2224 2231 2232 2233 2234 2235 2233 2236 2237 2238 2239 2240 2241 2242 2243 2244 2245 2246 2247 2248 2249 2250 2251 2252 2253 2254 2255 2256 2257 2258 2259 2260 2261 2262 2260 2259 2263 2264 2265 2266 2267 2268 2269 2270 2271 2272 2273 2274 2275 2250 2276 2277 2278 2279 2280 2281 2282 2283 2284 2285 2286 2287 2256 2288 2289 2290 2291 2292 2293 2294 2295 2270 2261 2296 2297 2298 2289 2299 2300 2301 2302 2303 2268 2297 2304 2305 2306 2307 2301 2308 2309 2310 2304 2305 2311 2312 2284 2313 2314 2315 2290 2316 2316 2280 2315 2317 2314 2282 2318 2319 2285 2320 2318 2291 2295 2278 2321 2322 2310 2298 2323 2324 2311 2293 2292 2279 2271 2272 2325 2302 2324 2323 2326 2327 2273 2327 2326 2328 2329 2267 2307 2330 2331 2328 2332 2333 2331 2334 2335 2336 2335 2337 2333 2338 2339 2340 2341 2286 2262 2342 2339 2343 2336 2338 2344 2258 2345 2346 2342 2343 2247 2345 2275 2347 2255 2249 2348 2251 2349 2252 2241 2350 2253 2351 2264 2349 2242 2244 2352 2245 2239 2246 2353 2263 2354 2238 2355 2356 2357 2353 2235 2358 2359 2236 2360 2356 2361 2362 2359 2358 2363 2361 2230 2364 2362 2365 2228 2232 2231 2226 2366 2367 2366 2364 2368 2369 2216 2370 2223 2371 2370 2372 2373 2374 2375 2376 2377 2221 2378 2217 2379 2374 2380 2381 2219 2382 2212 2383 2384 2382 2141 2381 2385 2386 2387 2388 2389 2390 2391 2392 2386 2140 2393 2394 2206 2394 2395 2214 2396 2397 2398 2399 2400 2401 2402 2403 2404 2405 2406 2407 2196 2403 2402 2401 2408 2409 2191 2410 2204 2411 2412 2413 2409 2195 2414 2208 2408 2415 2416 2417 2377 2227 2375 2169 2153 2167 2168 2167 2170 2166 2170 2164 2166 2165 2171 2171 2150 2149 2149 2148 2160 2162 2161 2174 2159 2174 2157 2158 2157 2163 2158 2156 2155 2155 2154 2181 2181 2146 2145 2145 2147 2183 2185 2182 2188 2187 2188 2192 2191 2192 2410 2191 2409 2413 2413 2195 2197 2197 2196 2407 2407 2403 2402 2408 2401 2414 2208 2414 2209 2207 2209 2205 2207 2206 2395 2395 2394 2393 2393 2140 2139 2139 2141 2382 2219 2381 2220 2221 2220 2378 2217 2378 2218 2217 2216 2369 2369 2370 2371 2371 2223 2222 2222 2224 2232 2228 2231 2229 2230 2229 2363 2361 2363 2360 2361 2356 2355 2355 2238 2240 2240 2239 2245 2244 2246 2352 2242 2352 2243 2241 2243 2350 2253 2350 2254 2253 2255 2348 2348 2249 2248 2248 2247 2343 2339 2342 2340 2338 2340 2344 2336 2344 2334 2335 2334 2337 2335 2333 2332 2332 2331 2330 2330 2328 2326 2273 2327 2274 2272 2274 2325 2271 2325 2269 2270 2269 2294 2270 2295 2321 2321 2278 2277 2277 2279 2292 2291 2293 2320 2318 2320 2319 2285 2319 2283 2284 2283 2313 2284 2314 2317 2317 2282 2281 2281 2280 2316 2290 2315 2288 2289 2288 2299 2298 2299 2322 2298 2310 2309 2309 2304 2306 2306 2305 2312 2312 2311 2324 2302 2323 2300 2301 2300 2308 2307 2308 2329 2307 2267 2266 2266 2268 2303 2303 2297 2296 2296 2261 2260 2262 2259 2341 2286 2341 2287 2256 2287 2257 2256 2258 2346 2346 2345 2347 2347 2275 2276 2276 2250 2252 2349 2251 2351 2264 2351 2265 2263 2265 2354 2263 2353 2357 2357 2235 2234 2234 2233 2237 2237 2236 2359 2362 2358 2365 2364 2365 2368 2366 2368 2367 2366 2226 2225 2225 2227 2377 2376 2375 2373 2372 2374 2379 2376 2373 2372 2379 2380 2383 2384 2418 2212 2380 2384 2383 2385 2211 2210 2210 2212 2418 2392 2387 2386 2387 2211 2385 2389 2392 2391 2388 2390 2398 2389 2391 2390 2400 2399 2215 2388 2398 2400 2214 2397 2215 2399 2213 2215 2396 2405 2397 2417 2404 2406 2406 2405 2396 2201 2416 2415 2416 2404 2417 2200 2202 2203 2201 2415 2202 2204 2203 2419 2411 2198 2412 2419 2411 2204 2194 2193 2199 2198 2199 2412 2420 2421 2422 2423 2424 2425 2426 2427 2428 2429 2430 2431 2432 2433 2434 2435 2436 2437 2438 2439 2433 2437 2440 2441 2442 2443 2444 2445 2446 2447 2448 2449 2435 2450 2451 2439 2452 2453 2454 2455 2456 2452 2440 2457 2458 2457 2454 2459 2460 2461 2442 2462 2463 2443 2464 2462 2429 2455 2460 2456 2465 2430 2466 2434 2448 2432 2467 2468 2469 2465 2466 2468 2445 2470 2471 2451 2472 2471 2473 2474 2475 2446 2476 2477 2478 2475 2479 2480 2474 2467 2481 2476 2482 2483 2479 2421 2484 2485 2486 2482 2486 2481 2487 2485 2488 2489 2490 2422 2491 2487 2492 2489 2493 2490 2494 2495 2493 2496 2495 2497 2491 2498 2499 2500 2501 2498 2502 2496 2503 2504 2505 2506 2503 2505 2507 2508 2509 2510 2511 2506 2510 2512 2513 2514 2509 2508 2512 2515 2516 2517 2514 2518 2517 2519 2520 2521 2522 2523 2524 2525 2526 2527 2528 2529 2530 2531 2532 2533 2526 2534 2535 2536 2537 2538 2539 2540 2537 2427 2541 2542 2425 2543 2544 2545 2546 2547 2548 2546 2549 2550 2551 2552 2553 2554 2555 2556 2557 2558 2559 2552 2551 2560 2561 2562 2563 2562 2564 2565 2566 2567 2568 2569 2570 2571 2572 2573 2574 2575 2566 2576 2577 2578 2579 2580 2581 2572 2582 2573 2579 2583 2584 2585 2586 2587 2588 2589 2590 2591 2592 2593 2594 2593 2595 2571 2585 2596 2597 2561 2560 2598 2599 2600 2585 2587 2596 2601 2602 2603 2590 2604 2605 2606 2607 2608 2609 2610 2611 2612 2613 2614 2615 2576 2616 2617 2618 2602 2567 2619 2620 2596 2572 2571 2587 2586 2597 2621 2622 2623 2624 2569 2568 2586 2561 2597 2625 2626 2627 2627 2624 2628 2563 2564 2629 2562 2563 2560 2630 2629 2631 2632 2633 2558 2631 2634 2630 2632 2559 2635 2554 2553 2630 2554 2630 2634 2636 2545 2637 2638 2637 2550 2639 2640 2641 2642 2555 2641 2643 2549 2542 2639 2644 2645 2537 2426 2428 2645 2644 2423 2646 2647 2648 2649 2544 2648 2650 2651 2646 2652 2539 2533 2535 2534 2653 2650 2653 2654 2655 2656 2657 2657 2658 2659 2660 2525 2661 2655 2529 2662 2663 2664 2665 2666 2660 2667 2668 2520 2669 2667 2519 2670 2671 2522 2672 2524 2523 2669 2500 2663 2673 2515 2671 2674 2662 2656 2655 2531 2658 2532 2675 2537 2540 2537 2675 2676 2537 2676 2677 2678 2679 2680 2530 2681 2528 2682 2683 2684 2685 2686 2687 2683 2688 2684 2532 2689 2690 2532 2658 2689 2691 2692 2693 2691 2688 2683 2694 2692 2687 2686 2694 2687 2685 2695 2696 2696 2686 2685 2678 2697 2679 2698 2625 2557 2631 2629 2564 2623 2622 2570 2553 2555 2642 2642 2641 2640 2640 2639 2645 2423 2644 2424 2425 2424 2543 2425 2544 2649 2649 2648 2647 2647 2646 2651 2651 2650 2654 2654 2653 2534 2526 2535 2527 2525 2527 2661 2525 2660 2666 2666 2667 2670 2670 2519 2521 2521 2520 2668 2668 2669 2523 2522 2524 2672 2671 2672 2674 2515 2674 2516 2515 2517 2518 2518 2514 2513 2513 2512 2508 2510 2509 2511 2506 2511 2504 2505 2504 2507 2503 2507 2502 2503 2496 2497 2497 2495 2494 2494 2493 2489 2422 2490 2420 2421 2420 2483 2479 2483 2478 2475 2478 2473 2475 2474 2480 2480 2467 2469 2469 2468 2466 2430 2465 2431 2429 2431 2464 2462 2464 2463 2443 2463 2444 2443 2442 2461 2461 2460 2455 2452 2456 2453 2454 2453 2459 2457 2459 2458 2440 2458 2441 2440 2437 2436 2436 2435 2449 2449 2448 2434 2433 2432 2438 2439 2438 2450 2451 2450 2472 2451 2471 2470 2470 2445 2447 2447 2446 2477 2477 2476 2481 2486 2482 2484 2485 2484 2488 2487 2488 2492 2487 2491 2499 2499 2498 2501 2501 2500 2673 2673 2663 2665 2699 2700 2664 2665 2664 2700 2684 2699 2682 2699 2684 2700 2693 2688 2691 2695 2685 2701 2693 2692 2694 2701 2678 2680 2680 2695 2701 2680 2679 2702 2702 2703 2681 2679 2703 2702 2530 2702 2681 2662 2529 2528 2657 2659 2655 2658 2531 2659 2532 2652 2533 2652 2540 2539 2537 2536 2539 2538 2537 2428 2427 2426 2541 2542 2541 2643 2549 2643 2548 2546 2548 2547 2546 2545 2636 2636 2637 2638 2638 2550 2552 2559 2551 2635 2632 2635 2633 2558 2633 2556 2557 2556 2698 2625 2698 2626 2625 2627 2628 2628 2624 2568 2570 2569 2623 2619 2622 2621 2567 2620 2565 2619 2621 2620 2566 2565 2704 2574 2578 2575 2704 2574 2566 2576 2615 2577 2578 2577 2575 2616 2613 2615 2618 2612 2614 2614 2613 2616 2601 2617 2602 2617 2612 2618 2601 2603 2611 2610 2609 2606 2601 2611 2610 2607 2592 2608 2609 2607 2606 2593 2594 2591 2592 2591 2608 2595 2588 2594 2705 2590 2589 2589 2588 2595 2605 2604 2581 2590 2705 2604 2580 2579 2584 2605 2581 2580 2584 2583 2598 2599 2582 2600 2583 2599 2598 2572 2600 2582 2706 2707 2708 2706 2709 2710 2706 2708 2711 2708 2707 2712 2710 2707 2706 2713 2714 2712 2712 2715 2708 2712 2714 2715 2716 2715 2714 2714 2717 2716 2718 2719 2720 2718 2721 2719 2722 2723 2724 2724 2725 2722 2726 2727 2728 2726 2729 2727 2730 2731 2732 2730 2733 2731 2734 2735 2736 2734 2737 2735 2738 2739 2740 2738 2741 2739 2742 2743 2744 2744 2745 2742 2746 2747 2748 2746 2749 2747 2750 2751 2752 2752 2753 2750 2754 2755 2756 2756 2757 2754 2758 2759 2760 2758 2761 2759 2762 2763 2764 2764 2765 2762 2766 2767 2768 2769 2770 2767 2769 2767 2766 2771 2772 2773 2774 2775 2776 2777 2778 2779 2779 2776 2775 2780 2776 2781 2779 2781 2776 2775 2772 2782 2774 2776 2783 2773 2784 2785 2777 2786 2787 2784 2788 2789 2778 2777 2787 2775 2782 2779 2772 2788 2773 2786 2777 2790 2786 2790 2773 2772 2771 2782 2773 2785 2786 2784 2773 2788 2782 2777 2779 2791 2792 2793 2794 2795 2796 2795 2793 2796 2791 2793 2795 2797 2798 2799 2797 2800 2798 2801 2802 2803 2801 2804 2802 2805 2806 2807 2805 2808 2806 2809 2810 2811 2809 2812 2810 2813 2814 2815 2816 2817 2818 2815 2814 2817 2818 2817 2814 2813 2815 2819 2820 2821 2822 2820 2823 2821 2824 2825 2826 2827 2826 2828 2826 2827 2824 2827 2828 2829 2830 2829 2828 2831 2832 2833 2833 2834 2831 2835 2836 2837 2837 2838 2835 2839 2840 2841 2841 2842 2839 2843 2844 2845 2843 2846 2844 2847 2848 2849 2850 2851 2848 2851 2849 2848 2847 2849 2852 2853 2854 2855 2853 2856 2854 2857 2858 2859 2857 2859 2860 2861 2862 2863 2861 2864 2862 2865 2866 2867 2865 2868 2866 2869 2870 2871 2869 2872 2870 2873 2874 2875 2875 2876 2873 2877 2878 2879 2878 2880 2879 2881 2882 2883 2883 2877 2881 2877 2879 2881 2878 2884 2880 2884 2885 2886 2886 2880 2884 2887 2885 2888 2885 2887 2886 2887 2888 2889 2890 2891 2892 2893 2894 2890 2890 2892 2895 2896 2897 2891 2892 2891 2897 2896 2898 2899 2897 2896 2899 2900 2901 2902 2903 2900 2902 2904 2900 2903 2902 2898 2903 2905 2895 2906 2898 2902 2899 2906 2895 2892 2907 2908 2901 2909 2908 2907 2902 2901 2908 2910 2908 2909 2911 2895 2905 2912 2897 2910 2890 2895 2893 2912 2906 2892 2911 2893 2895 2899 2908 2910 2908 2899 2902 2897 2912 2892 2899 2910 2897 2909 2912 2910 2909 2913 2905 2909 2906 2912 2905 2914 2911 2909 2905 2906 2913 2914 2905 2915 2916 2917 2918 2919 2920 2921 2922 2923 2923 2922 2920 2924 2915 2921 2915 2924 2925 2926 2927 2928 2929 2927 2926 2927 2930 2928 2931 2926 2928 2932 2931 2933 2925 2929 2934 2925 2934 2915 2922 2921 2935 2929 2926 2934 2926 2931 2932 2916 2932 2936 2932 2916 2934 2937 2922 2938 2922 2918 2920 2924 2921 2923 2921 2917 2935 2937 2918 2922 2926 2932 2934 2933 2936 2932 2915 2917 2921 2934 2916 2915 2936 2917 2916 2936 2939 2938 2936 2935 2917 2938 2935 2936 2937 2938 2939 2922 2935 2938 2940 2941 2942 2943 2944 2940 2940 2942 2945 2946 2947 2941 2942 2941 2947 2946 2948 2949 2947 2946 2949 2950 2951 2952 2953 2950 2952 2954 2950 2953 2952 2948 2953 2955 2945 2956 2948 2952 2949 2956 2945 2942 2957 2958 2951 2959 2958 2957 2952 2951 2958 2960 2958 2959 2961 2945 2955 2962 2947 2960 2940 2945 2943 2962 2956 2942 2961 2943 2945 2949 2958 2960 2958 2949 2952 2947 2962 2942 2949 2960 2947 2959 2962 2960 2959 2963 2955 2959 2956 2962 2955 2964 2961 2959 2955 2956 2963 2964 2955 2965 2966 2967 2968 2966 2969 2970 2965 2967 2969 2971 2972 2969 2972 2968 2973 2974 2971 2968 2967 2966 2974 2972 2971 2975 2976 2970 2970 2967 2975 2976 2977 2978 2977 2976 2975 2978 2977 2979 2980 2981 2982 2981 2980 2983 2984 2980 2982 2981 2983 2985 2986 2987 2988 2984 2986 2988 2989 2990 2991 2992 2991 2990 2993 2989 2994 2989 2991 2994 2988 2987 2991 2991 2987 2994 2984 2982 2986 2995 2983 2980 2996 2997 2992 2991 2992 2997 2998 2997 2999 2997 2998 2988 2983 2995 3000 2998 3001 2984 2983 3002 2985 2980 3001 2995 3003 3002 2983 2991 2997 2988 2996 2999 2997 2984 3001 2980 2988 2998 2984 2999 3001 2998 2999 3004 3000 2999 2995 3001 2983 3000 3003 2999 3000 2995 3004 3003 3000 3005 3006 3007 3008 3009 3010 3005 3007 3010 3008 3010 3007 3008 3011 3009 3006 3005 3012 3013 3014 3006 3006 3012 3013 3014 3015 3016 3015 3014 3013 3017 3016 3018 3015 3018 3016 3019 3020 3021 3022 3023 3024 3020 3019 3023 3025 3026 3027 3028 3026 3029 3030 3031 3032 3033 3034 3035 3036 3037 3038 3039 3040 3041 3042 3043 3044 3045 3036 3046 3047 3048 3049 3050 3051 3052 3053 3054 3055 3056 3057 3058 3059 3060 3061 3062 3063 3064 3065 3066 3067 3068 3069 3070 3071 3072 3073 3074 3075 3076 3077 3078 3079 3080 3081 3082 3083 3084 3085 3086 3087 3088 3089 3090 3091 3091 3092 3093 3093 3089 3091 3094 3092 3095 3092 3094 3093 3096 3097 3095 3094 3095 3097 3098 3099 3100 3101 3097 3096 3102 3103 3104 3105 3103 3102 3098 3106 3099 3107 3108 3109 3110 3111 3112 3113 3114 3115 3116 3117 3118 3119 3116 3120 3121 3122 3123 3124 3125 3123 3126 3127 3128 3126 3121 3127 3129 3130 3131 3131 3132 3133 3134 3135 3136 3134 3130 3135 3137 3138 3139 3136 3138 3140 3141 3142 3143 3139 3143 3144 3145 3146 3147 3145 3148 3146 3149 3150 3151 3147 3152 3153 3154 3155 3156 3149 3157 3154 3158 3159 3160 3161 3162 3159 3158 3160 3163 3159 3158 3161 3164 3163 3160 3162 3161 3156 3155 3154 3157 3156 3155 3162 3150 3152 3151 3151 3157 3149 3147 3153 3145 3152 3150 3153 3148 3141 3165 3148 3165 3146 3143 3142 3144 3143 3165 3141 3138 3137 3140 3144 3137 3139 3135 3130 3129 3140 3134 3136 3133 3132 3166 3131 3133 3129 3126 3122 3121 3128 3127 3166 3124 3167 3125 3124 3123 3122 3117 3168 3118 3168 3167 3118 3119 3120 3169 3116 3119 3117 3111 3170 3112 3110 3112 3169 3113 3115 3100 3170 3114 3113 3106 3171 3099 3115 3098 3100 3109 3172 3107 3171 3106 3172 3105 3173 3174 3174 3108 3107 3103 3175 3104 3173 3105 3102 3104 3175 3176 3176 3175 3177 3177 3178 3179 3177 3179 3176 3178 3180 3179 3108 3174 3173 3180 3178 3181 3109 3171 3172 3170 3111 3114 3181 3182 3180 3169 3120 3110 3183 3182 3181 3168 3125 3167 3182 3183 3184 3128 3166 3132 3185 3184 3183 3185 3186 3184 3187 3163 3164 3186 3185 3188 3164 3101 3187 3188 3189 3186 3187 3101 3096 3189 3190 3191 3190 3189 3188 3192 3191 3193 3190 3193 3191 3194 3195 3192 3192 3193 3194 3195 3196 3197 3196 3195 3194 3198 3197 3199 3196 3199 3197 3200 3201 3198 3198 3199 3200 3201 3202 3203 3202 3201 3200 3204 3205 3206 3202 3205 3203 3207 3208 3209 3206 3208 3210 3211 3212 3213 3214 3211 3215 3216 3217 3218 3219 3220 3213 3221 3222 3223 3224 3225 3226 3224 3226 3221 3221 3223 3224 3225 3218 3217 3226 3225 3217 3216 3220 3219 3216 3218 3220 3211 3214 3212 3212 3219 3213 3209 3215 3207 3209 3214 3215 3210 3204 3206 3210 3208 3207 3203 3205 3204 3227 3090 3089 3228 3229 3227 3090 3227 3229 3228 3230 3231 3231 3229 3228 3085 3230 3083 3230 3085 3231 3083 3232 3084 3233 3234 3232 3084 3232 3234 3233 3088 3087 3087 3234 3233 3086 3235 3236 3086 3088 3235 3237 3236 3238 3235 3238 3236 3239 3240 3237 3237 3238 3239 3240 3241 3242 3241 3240 3239 3243 3242 3244 3241 3244 3242 3245 3246 3243 3243 3244 3245 3246 3247 3248 3247 3246 3245 3249 3248 3250 3247 3250 3248 3251 3252 3249 3249 3250 3251 3252 3253 3254 3253 3252 3251 3255 3254 3256 3253 3256 3254 3257 3258 3255 3255 3256 3257 3258 3259 3260 3259 3258 3257 3261 3260 3262 3259 3262 3260 3263 3264 3261 3261 3262 3263 3264 3265 3077 3265 3264 3263 3078 3266 3079 3265 3078 3077 3267 3268 3266 3079 3266 3268 3267 3269 3270 3270 3268 3267 3271 3269 3272 3269 3271 3270 3273 3274 3272 3271 3272 3274 3273 3275 3276 3276 3274 3273 3277 3275 3278 3275 3277 3276 3279 3280 3278 3277 3278 3280 3279 3082 3081 3081 3280 3279 3080 3281 3282 3080 3082 3281 3283 3282 3284 3281 3284 3282 3285 3286 3283 3283 3284 3285 3286 3071 3073 3071 3286 3285 3287 3288 3072 3288 3073 3072 3289 3075 3287 3287 3072 3289 3290 3074 3076 3076 3075 3289 3291 3290 3066 3290 3291 3074 3065 3067 3292 3291 3066 3065 3069 3068 3292 3292 3067 3069 3070 3059 3061 3068 3070 3061 3060 3064 3063 3060 3059 3064 3053 3062 3054 3053 3063 3062 3056 3055 3293 3293 3055 3054 3058 3057 3049 3056 3293 3057 3051 3048 3047 3048 3058 3049 3042 3050 3052 3052 3051 3047 3043 3046 3044 3042 3044 3050 3045 3037 3036 3043 3045 3046 3041 3038 3039 3039 3038 3037 3032 3031 3040 3040 3031 3041 3034 3033 3030 3032 3034 3030 3035 3025 3027 3033 3035 3027 3022 3028 3029 3026 3025 3029 3023 3019 3024 3022 3024 3028 3021 3294 3295 3020 3294 3021 3296 3295 3297 3294 3297 3295 3298 3299 3296 3296 3297 3298 3299 3300 3301 3300 3299 3298 3302 3301 3303 3300 3303 3301 3304 3305 3302 3302 3303 3304 3305 3306 3307 3306 3305 3304 3308 3307 3309 3306 3309 3307 3310 3311 3308 3308 3309 3310 3311 3312 3313 3312 3311 3310 3314 3313 3315 3312 3315 3313 3316 3317 3314 3314 3315 3316 3317 3318 3319 3318 3317 3316 3320 3319 3321 3318 3321 3319 3322 3323 3320 3320 3321 3322 3323 3324 3325 3324 3323 3322 3326 3325 3327 3324 3327 3325 3328 3329 3326 3326 3327 3328 3329 3330 3331 3330 3329 3328 3332 3331 3333 3330 3333 3331 3334 3335 3332 3332 3333 3334 3335 3336 3337 3336 3335 3334 3336 3223 3337 3337 3223 3222 3338 3339 3340 3341 3342 3340 3340 3343 3341 3340 3342 3338 3344 3345 3346 3347 3348 3349 3350 3351 3352 3353 3354 3355 3356 3357 3358 3359 3360 3361 3355 3361 3360 3362 3363 3359 3359 3361 3362 3355 3360 3353 3358 3354 3353 3356 3347 3357 3358 3357 3354 3348 3351 3349 3356 3348 3347 3350 3352 3346 3349 3351 3350 3345 3344 3364 3346 3352 3344 3365 3366 3367 3368 3369 3370 3371 3372 3373 3370 3374 3368 3375 3367 3376 3377 3365 3378 3379 3380 3381 3382 3383 3370 3384 3385 3371 3386 3387 3388 3389 3390 3375 3391 3392 3393 3394 3372 3385 3395 3396 3373 3380 3397 3398 3399 3379 3400 3401 3402 3403 3404 3405 3406 3407 3405 3385 3367 3375 3390 3408 3409 3397 3369 3410 3411 3371 3396 3412 3413 3410 3414 3415 3395 3416 3381 3417 3379 3418 3381 3380 3419 3410 3413 3420 3372 3421 3396 3415 3422 3423 3408 3424 3419 3425 3426 3398 3427 3380 3416 3428 3429 3398 3397 3430 3431 3425 3419 3432 3433 3424 3429 3434 3415 3435 3436 3437 3438 3409 3408 3439 3440 3441 3441 3442 3439 3437 3436 3443 3423 3444 3408 3445 3446 3443 3447 3424 3448 3449 3446 3445 3446 3441 3440 3443 3446 3437 3450 3446 3449 3451 3432 3452 3452 3446 3450 3453 3424 3433 3440 3437 3446 3454 3455 3425 3447 3423 3424 3439 3442 3456 3456 3442 3428 3457 3429 3442 3425 3455 3458 3459 3460 3428 3461 3395 3462 3459 3463 3460 3464 3465 3458 3459 3416 3461 3466 3464 3458 3467 3468 3464 3469 3470 3463 3470 3464 3468 3464 3470 3469 3471 3470 3472 3470 3468 3472 3473 3410 3369 3378 3379 3399 3382 3370 3474 3475 3476 3477 3478 3390 3479 3386 3394 3405 3378 3365 3367 3480 3476 3475 3404 3481 3482 3475 3483 3484 3485 3486 3487 3404 3488 3386 3403 3487 3489 3482 3490 3491 3475 3492 3483 3493 3494 3495 3494 3483 3495 3393 3488 3482 3496 3497 3402 3491 3498 3499 3493 3495 3500 3497 3501 3502 3485 3390 3478 3487 3403 3485 3503 3495 3504 3499 3505 3506 3393 3491 3507 3508 3509 3510 3504 3495 3511 3512 3510 3513 3514 3504 3515 3402 3497 3403 3515 3516 3514 3516 3515 3517 3518 3507 3499 3512 3519 3520 3506 3521 3522 3523 3520 3524 3525 3526 3515 3525 3527 3526 3528 3518 3506 3502 3508 3497 3522 3529 3530 3531 3532 3523 3533 3534 3525 3508 3510 3512 3535 3536 3537 3538 3539 3533 3522 3540 3528 3541 3542 3543 3530 3544 3545 3546 3542 3547 3533 3548 3549 3520 3523 3512 3530 3550 3540 3550 3545 3551 3552 3548 3533 3551 3545 3553 3554 3555 3556 3546 3557 3558 3523 3532 3543 3545 3559 3553 3558 3560 3561 3562 3563 3548 3558 3561 3546 3546 3543 3542 3564 3565 3561 3566 3562 3556 3567 3568 3569 3562 3548 3570 3565 3571 3561 3572 3573 3551 3574 3575 3576 3555 3566 3556 3577 3578 3576 3552 3579 3580 3581 3582 3578 3583 3584 3585 3578 3582 3586 3587 3588 3589 3586 3574 3578 3583 3556 3584 3574 3586 3590 3591 3574 3590 3556 3592 3584 3593 3592 3587 3594 3595 3596 3597 3598 3584 3597 3599 3598 3599 3597 3600 3601 3594 3596 3601 3600 3597 3602 3432 3451 3432 3602 3433 3432 3446 3452 3603 3438 3408 3432 3457 3441 3459 3461 3469 3455 3604 3458 3456 3428 3460 3428 3442 3429 3466 3458 3605 3466 3606 3464 3463 3459 3469 3464 3469 3465 3606 3467 3464 3432 3441 3446 3448 3424 3453 3607 3397 3409 3441 3457 3442 3434 3457 3424 3461 3462 3465 3373 3420 3462 3428 3416 3459 3415 3416 3429 3458 3608 3425 3604 3609 3458 3469 3461 3465 3465 3608 3458 3605 3458 3609 3424 3457 3432 3603 3408 3444 3610 3418 3380 3457 3434 3429 3408 3422 3434 3462 3420 3608 3413 3611 3419 3416 3395 3461 3396 3395 3415 3431 3419 3612 3431 3613 3425 3465 3462 3608 3425 3608 3426 3613 3454 3425 3434 3424 3408 3430 3397 3607 3614 3400 3379 3434 3422 3415 3397 3412 3422 3420 3421 3426 3394 3388 3421 3395 3373 3462 3371 3373 3396 3419 3615 3410 3611 3616 3419 3608 3420 3426 3426 3615 3419 3612 3419 3616 3397 3422 3408 3610 3380 3427 3617 3378 3399 3422 3412 3396 3380 3384 3412 3421 3388 3615 3368 3618 3369 3373 3372 3420 3385 3372 3371 3473 3369 3619 3473 3620 3410 3426 3421 3615 3410 3615 3411 3620 3414 3410 3380 3412 3397 3614 3379 3417 3621 3376 3367 3412 3384 3371 3379 3407 3384 3388 3387 3411 3488 3392 3387 3372 3394 3421 3405 3394 3385 3369 3622 3370 3618 3623 3369 3615 3388 3411 3411 3622 3369 3619 3369 3623 3384 3380 3379 3377 3378 3617 3624 3479 3390 3384 3407 3385 3378 3406 3407 3387 3392 3622 3477 3382 3475 3394 3386 3388 3404 3386 3405 3383 3382 3625 3383 3626 3370 3411 3387 3622 3370 3622 3474 3626 3374 3370 3378 3407 3379 3621 3367 3366 3627 3485 3478 3407 3406 3405 3367 3481 3406 3392 3391 3474 3507 3628 3391 3386 3488 3387 3482 3488 3404 3382 3629 3475 3477 3630 3382 3622 3392 3474 3474 3629 3382 3625 3382 3630 3367 3406 3378 3624 3390 3389 3631 3401 3403 3406 3481 3404 3390 3490 3481 3391 3628 3629 3518 3632 3628 3488 3393 3392 3491 3393 3482 3484 3483 3633 3484 3634 3475 3474 3391 3629 3475 3629 3492 3634 3480 3475 3481 3367 3390 3486 3485 3627 3635 3501 3497 3481 3490 3482 3485 3498 3490 3628 3632 3492 3528 3636 3632 3393 3507 3391 3499 3507 3491 3483 3637 3495 3494 3638 3483 3629 3628 3492 3492 3637 3483 3633 3483 3638 3485 3490 3390 3631 3403 3489 3639 3508 3502 3490 3498 3491 3403 3505 3498 3632 3636 3637 3540 3536 3636 3507 3518 3628 3506 3518 3499 3503 3504 3640 3503 3641 3495 3492 3632 3637 3495 3637 3511 3641 3500 3495 3403 3498 3485 3635 3497 3496 3642 3519 3512 3498 3505 3499 3497 3521 3505 3636 3536 3511 3550 3537 3536 3518 3528 3632 3522 3528 3506 3504 3535 3515 3514 3643 3504 3637 3636 3511 3511 3535 3504 3640 3504 3643 3505 3403 3497 3509 3508 3639 3644 3531 3523 3505 3521 3506 3521 3508 3529 3533 3525 3645 3551 3573 3537 3528 3540 3636 3530 3540 3522 3515 3646 3525 3526 3647 3515 3511 3536 3535 3515 3535 3646 3647 3517 3515 3508 3521 3497 3642 3512 3513 3648 3543 3532 3521 3529 3522 3512 3544 3529 3537 3573 3646 3573 3572 3579 3540 3550 3536 3550 3530 3545 3534 3533 3539 3534 3649 3525 3535 3537 3646 3646 3645 3525 3649 3527 3525 3512 3529 3508 3644 3523 3524 3546 3547 3650 3529 3544 3530 3523 3559 3544 3573 3579 3645 3580 3579 3651 3550 3551 3537 3553 3572 3551 3549 3548 3652 3549 3653 3533 3646 3573 3645 3533 3645 3552 3653 3538 3533 3544 3512 3523 3541 3543 3648 3553 3654 3572 3544 3559 3545 3543 3655 3559 3572 3651 3579 3553 3655 3654 3567 3588 3580 3651 3572 3654 3563 3562 3656 3563 3657 3548 3645 3579 3552 3548 3552 3570 3652 3548 3657 3559 3523 3543 3557 3546 3650 3654 3568 3651 3559 3655 3553 3546 3658 3655 3651 3567 3580 3658 3568 3654 3588 3570 3580 3568 3567 3651 3562 3659 3556 3566 3660 3562 3552 3580 3570 3570 3659 3562 3656 3562 3660 3546 3655 3543 3564 3561 3560 3589 3588 3567 3655 3658 3654 3561 3577 3658 3587 3659 3588 3577 3569 3568 3661 3597 3584 3569 3589 3567 3662 3584 3598 3583 3663 3556 3570 3588 3659 3556 3659 3592 3663 3554 3556 3561 3658 3546 3571 3581 3578 3576 3664 3569 3658 3577 3568 3576 3569 3577 3664 3665 3589 3664 3589 3569 3665 3593 3587 3665 3587 3589 3593 3661 3592 3662 3666 3584 3659 3587 3592 3584 3592 3661 3585 3584 3666 3571 3578 3561 3577 3561 3578 3664 3575 3667 3574 3576 3578 3665 3667 3668 3575 3664 3576 3593 3668 3669 3667 3665 3664 3661 3669 3670 3668 3593 3665 3597 3670 3594 3669 3661 3593 3597 3594 3601 3670 3597 3661 3671 3672 3673 3672 3674 3675 3671 3674 3672 3676 3675 3677 3677 3675 3674 3678 3679 3676 3678 3676 3677 3673 3680 3671 3673 3681 3680 3682 3683 3681 3680 3681 3683 3682 3684 3685 3685 3683 3682 3686 3684 3687 3684 3686 3685 3686 3687 3688 3689 3690 3691 3692 3693 3694 3695 3694 3696 3697 3694 3695 3692 3694 3697 3698 3695 3696 3693 3689 3694 3698 3696 3699 3700 3701 3691 3702 3691 3690 3703 3704 3696 3705 3701 3706 3707 3705 3708 3706 3709 3705 3710 3711 3712 3707 3710 3712 3691 3694 3689 3713 3704 3703 3714 3715 3716 3717 3718 3719 3717 3712 3718 3720 3721 3722 3723 3724 3725 3723 3726 3727 3728 3729 3724 3727 3730 3724 3731 3728 3730 3732 3716 3733 3734 3735 3736 3728 3737 3738 3739 3737 3740 3731 3741 3737 3742 3743 3739 3744 3745 3746 3747 3748 3749 3750 3747 3751 3752 3749 3753 3754 3755 3756 3757 3758 3759 3760 3758 3757 3761 3762 3763 3764 3765 3766 3767 3768 3769 3747 3749 3751 3770 3771 3772 3761 3773 3774 3775 3776 3777 3778 3779 3771 3763 3773 3761 3762 3761 3780 3775 3777 3781 3771 3782 3772 3783 3784 3785 3783 3781 3784 3783 3786 3787 3787 3788 3783 3789 3788 3790 3791 3792 3793 3772 3794 3795 3791 3788 3772 3796 3797 3767 3782 3761 3774 3798 3797 3796 3752 3765 3749 3768 3765 3764 3797 3799 3800 3800 3801 3802 3803 3804 3805 3806 3802 3801 3797 3768 3767 3807 3808 3802 3809 3797 3802 3810 3809 3811 3812 3802 3813 3814 3815 3807 3807 3816 3817 3818 3807 3819 3817 3819 3807 3820 3814 3807 3807 3818 3820 3821 3822 3814 3821 3814 3820 3788 3823 3772 3771 3824 3825 3792 3826 3793 3762 3827 3763 3828 3763 3829 3830 3762 3831 3827 3832 3829 3764 3833 3768 3834 3835 3836 3837 3838 3758 3827 3830 3839 3840 3841 3751 3839 3756 3832 3839 3842 3754 3843 3765 3752 3840 3844 3845 3846 3760 3847 3740 3754 3742 3742 3842 3848 3745 3849 3850 3760 3851 3745 3852 3853 3844 3755 3740 3741 3754 3842 3742 3854 3855 3751 3856 3852 3732 3751 3841 3854 3857 3840 3858 3739 3859 3738 3739 3740 3742 3840 3845 3858 3844 3860 3845 3861 3862 3863 3844 3853 3864 3865 3866 3863 3867 3868 3869 3738 3737 3739 3717 3714 3716 3852 3870 3853 3856 3871 3852 3869 3872 3873 3874 3875 3876 3869 3873 3876 3725 3877 3878 3732 3879 3856 3722 3876 3880 3733 3881 3732 3882 3733 3716 3883 3723 3878 3712 3705 3707 3883 3884 3726 3885 3722 3886 3887 3878 3888 3725 3878 3723 3889 3883 3887 3884 3889 3713 3890 3714 3717 3891 3892 3887 3691 3701 3705 3893 3894 3895 3719 3896 3717 3878 3887 3883 3889 3892 3897 3713 3897 3898 3899 3900 3901 3900 3902 3903 3897 3904 3898 3904 3897 3905 3900 3903 3906 3906 3907 3908 3909 3906 3910 3908 3911 3905 3904 3905 3911 3892 3905 3897 3912 3907 3906 3908 3907 3913 3914 3915 3907 3907 3916 3917 3907 3918 3913 3918 3907 3919 3917 3919 3907 3920 3918 3921 3918 3919 3921 3696 3694 3703 3700 3691 3702 3712 3922 3718 3713 3898 3704 3923 3703 3694 3924 3905 3892 3884 3703 3923 3892 3889 3887 3713 3889 3897 3912 3906 3925 3907 3912 3914 3911 3908 3913 3924 3906 3908 3916 3907 3915 3694 3691 3923 3708 3705 3709 3717 3926 3890 3884 3713 3703 3923 3691 3927 3928 3893 3929 3726 3923 3927 3895 3900 3893 3889 3884 3883 3906 3924 3900 3906 3903 3910 3905 3924 3908 3891 3900 3924 3925 3906 3909 3691 3705 3927 3922 3712 3711 3716 3930 3882 3726 3884 3923 3927 3705 3931 3886 3722 3932 3727 3927 3931 3885 3893 3722 3883 3726 3723 3900 3891 3893 3900 3895 3901 3892 3891 3924 3893 3891 3888 3902 3900 3899 3705 3712 3931 3926 3717 3896 3881 3933 3732 3727 3726 3927 3712 3934 3931 3876 3722 3877 3931 3934 3730 3729 3725 3724 3727 3724 3723 3888 3722 3893 3885 3929 3893 3887 3888 3891 3722 3888 3877 3894 3893 3928 3934 3712 3717 3930 3716 3715 3871 3935 3852 3730 3727 3931 3717 3936 3934 3937 3725 3729 3934 3936 3731 3729 3728 3738 3730 3728 3724 3880 3876 3938 3722 3880 3720 3878 3877 3888 3937 3876 3877 3721 3932 3722 3717 3716 3936 3879 3732 3933 3864 3939 3844 3731 3730 3934 3940 3936 3716 3941 3729 3738 3741 3936 3940 3866 3869 3863 3728 3731 3737 3876 3937 3869 3876 3873 3874 3725 3937 3877 3941 3869 3937 3938 3876 3875 3716 3732 3940 3870 3852 3935 3840 3942 3841 3741 3731 3936 3732 3943 3940 3736 3735 3944 3943 3755 3940 3734 3863 3735 3737 3741 3740 3869 3941 3863 3869 3866 3867 3729 3941 3937 3863 3941 3859 3872 3869 3868 3732 3852 3943 3860 3844 3939 3751 3945 3750 3755 3741 3940 3943 3852 3946 3745 3735 3743 3943 3946 3756 3744 3735 3745 3740 3755 3754 3859 3735 3863 3734 3861 3863 3738 3859 3941 3735 3859 3743 3865 3863 3862 3852 3844 3946 3942 3840 3857 3749 3947 3753 3756 3755 3943 3946 3844 3948 3760 3745 3848 3946 3948 3832 3842 3839 3830 3756 3839 3754 3746 3745 3949 3744 3950 3735 3739 3743 3859 3848 3745 3743 3950 3944 3735 3844 3840 3948 3945 3751 3855 3843 3951 3765 3832 3756 3946 3952 3948 3840 3953 3842 3830 3948 3952 3829 3830 3827 3762 3832 3827 3839 3851 3760 3954 3745 3851 3849 3742 3848 3743 3953 3760 3848 3949 3745 3850 3952 3840 3751 3947 3749 3748 3833 3955 3768 3829 3832 3948 3956 3952 3751 3957 3836 3958 3829 3952 3828 3835 3758 3836 3827 3829 3763 3760 3953 3758 3760 3757 3847 3842 3953 3848 3831 3758 3953 3954 3760 3846 3751 3749 3956 3766 3765 3951 3805 3773 3828 3956 3828 3952 3959 3956 3749 3778 3771 3960 3828 3956 3805 3779 3836 3771 3763 3828 3773 3758 3831 3836 3758 3835 3837 3830 3831 3953 3836 3831 3780 3759 3758 3838 3749 3765 3959 3769 3768 3955 3774 3773 3804 3959 3805 3956 3961 3959 3765 3823 3788 3962 3959 3803 3805 3792 3774 3804 3804 3773 3805 3780 3771 3836 3779 3958 3836 3762 3780 3831 3771 3780 3782 3834 3836 3957 3765 3768 3961 3799 3797 3798 3803 3963 3964 3961 3803 3959 3768 3965 3961 3804 3964 3792 3961 3963 3803 3774 3792 3791 3964 3804 3803 3770 3772 3966 3771 3770 3824 3761 3782 3780 3791 3772 3782 3825 3960 3771 3768 3797 3965 3802 3806 3813 3810 3963 3965 3965 3963 3961 3965 3809 3810 3967 3964 3963 3963 3810 3967 3826 3792 3964 3964 3967 3826 3793 3783 3788 3772 3823 3794 3774 3791 3782 3793 3788 3791 3966 3772 3795 3800 3802 3797 3807 3812 3816 3967 3810 3968 3797 3809 3965 3809 3808 3811 3826 3967 3969 3810 3811 3968 3793 3826 3970 3967 3968 3969 3781 3783 3775 3969 3970 3826 3788 3787 3790 3793 3970 3783 3962 3788 3789 3802 3812 3807 3802 3808 3809 3815 3971 3808 3807 3815 3808 3971 3972 3811 3808 3971 3811 3972 3973 3968 3811 3972 3968 3973 3974 3969 3968 3973 3969 3974 3775 3970 3969 3974 3970 3775 3783 3970 3786 3783 3785 3975 3976 3977 3978 3979 3980 3978 3980 3975 3979 3981 3982 3979 3978 3981 3975 3980 3976 3982 3981 3983 3984 3982 3983 3977 3976 3985 3986 3987 3985 3977 3985 3987 3986 3988 3989 3989 3987 3986 3990 3988 3991 3988 3990 3989 3990 3991 3992 3993 3994 3995 3996 3997 3998 3999 4000 4001 4002 4003 4004 4005 4006 4007 4008 4009 4010 4011 4007 4012 4013 4014 4015 4016 4007 4011 4014 4017 4015 4018 3994 4019 4020 4021 4010 4003 3999 4022 4014 4023 4017 4024 4009 4025 3999 4026 4027 4028 4029 4030 4031 4032 4033 4028 4034 4035 4029 4028 4035 4036 4037 4038 4039 4040 4026 4041 4033 4032 4033 4041 4042 4043 4022 4027 4037 4036 4044 4045 4046 4047 4048 4049 4042 4049 4048 4050 4051 4049 4052 4053 4045 4047 4051 4054 4049 4054 4047 4049 4047 4055 4049 4036 4056 4047 4046 4057 4047 4058 4059 4028 4036 4047 4057 4060 4061 4062 4022 4058 4014 4009 4039 4020 4063 4062 4064 4063 4065 4062 4039 4009 4024 4065 4066 4067 4018 4068 4007 4016 4062 4007 4067 4066 4069 4067 4070 4071 4067 4062 4065 4071 4072 4067 4073 4074 4075 4076 4077 4078 4072 4079 4077 4077 4080 4081 4082 4067 4077 4083 4077 4084 4078 4085 4076 4086 4078 4077 4077 4083 4086 4078 4087 4088 4087 4078 4086 4068 4018 4089 4021 4090 4091 4089 4018 4092 4002 4093 4003 4094 4018 4095 4093 4096 4003 4097 4001 4098 4099 4010 4091 4100 4000 4101 4102 4090 3998 3995 4103 4104 4000 4100 4105 3994 4106 4019 4000 4105 4107 4108 4106 3994 4109 4091 4102 4108 3994 4110 4111 4098 4112 4097 4113 4114 3993 3995 4115 4116 4117 4103 4118 4115 3995 4098 4111 4119 3995 4120 4118 4098 4119 4121 4122 4116 4123 4124 4102 3997 4125 4113 4126 4127 4128 3996 4129 4114 4130 4131 4128 4127 4132 4133 4113 4113 4125 4132 3997 4128 4134 4135 3995 4104 4136 4137 4129 4104 4103 4138 4130 4139 4140 4103 4141 4138 4142 4143 4144 4144 4143 3996 4140 4145 4130 4146 4128 4131 4130 4145 4147 4146 4131 4148 4147 4136 4130 4103 4117 4149 4150 4142 4137 4117 4116 4151 4142 4144 4137 4116 4152 4151 4153 4136 4154 4116 4155 4156 4137 4136 4150 4148 4157 4146 4158 4136 4153 4116 4122 4155 4158 4159 4136 4123 4160 4122 4150 4136 4159 4148 4161 4157 4159 4162 4150 4123 4163 4164 4150 4162 4165 4163 4123 4166 4157 4167 4168 4157 4169 4166 4169 4157 4168 4161 4170 4157 4170 4171 4157 4157 4171 4167 4172 4173 4161 4161 4173 4170 4174 4172 4161 4175 4123 4164 4123 4175 4160 4123 4157 4166 4176 4103 4149 4146 4123 4134 4144 4177 4137 4133 4130 4113 4127 3996 4143 3997 3996 4128 4136 4129 4130 4144 3998 4177 4136 4147 4178 4129 4137 4177 4178 4154 4136 4157 4123 4146 4152 4116 4156 4179 3995 4135 4146 4134 4128 4116 4124 4134 4177 4180 4129 4121 4113 4098 3996 3998 4144 4102 3998 3997 4130 4114 4113 4177 4090 4180 4130 4133 4181 4114 4129 4180 4181 4139 4130 4134 4123 4116 4141 4103 4176 4182 3994 3993 4134 4124 3997 4103 4109 4124 4180 4183 4114 4107 4098 4000 3998 4090 4177 4091 4090 4102 4113 4097 4098 4180 4021 4183 4113 4121 4184 4097 4114 4183 4184 4126 4113 4124 4116 4103 4120 3995 4179 4095 4018 4019 4124 4109 4102 3995 4099 4109 4183 4185 4097 4096 4000 4003 4090 4021 4180 4010 4021 4091 4098 4001 4000 4183 4020 4185 4098 4107 4186 4001 4097 4185 4186 4112 4098 4109 4103 3995 4110 3994 4182 4068 4005 4007 4109 4099 4091 4099 3994 4008 4185 4026 4001 4013 4003 4014 4021 4020 4183 4020 4010 4009 4000 3999 4003 4185 4039 4026 4000 4096 4187 3999 4001 4026 4187 4101 4000 3995 3994 4099 4092 4018 4094 4016 4060 4062 4099 4008 4010 4008 4018 4025 4188 4044 4036 4030 4014 4028 4020 4039 4185 4039 4024 4040 4003 4022 4014 4026 4040 4027 4003 4013 4189 4022 3999 4027 4189 4004 4003 3994 4018 4008 4012 4007 4006 4024 4190 4040 4008 4025 4009 4191 4025 4007 4040 4192 4027 4024 4191 4190 4038 4028 4036 4040 4190 4192 4014 4058 4028 4192 4043 4027 4014 4030 4193 4058 4022 4043 4193 4023 4014 4018 4007 4025 4064 4062 4061 4190 4073 4192 4025 4191 4024 4062 4194 4191 4192 4075 4043 4194 4073 4190 4058 4043 4195 4073 4075 4192 4028 4059 4036 4195 4043 4075 4028 4038 4196 4059 4058 4195 4196 4034 4028 4191 4007 4062 4070 4067 4069 4197 4195 4075 4191 4194 4190 4067 4082 4194 4198 4059 4195 4082 4074 4073 4055 4199 4049 4074 4197 4075 4056 4036 4059 4198 4195 4197 4036 4057 4200 4056 4059 4198 4200 4188 4036 4067 4194 4062 4077 4079 4080 4076 4201 4074 4194 4082 4073 4074 4082 4076 4201 4202 4197 4197 4074 4201 4203 4202 4204 4198 4197 4202 4055 4203 4205 4198 4202 4203 4047 4054 4206 4056 4203 4055 4206 4053 4047 4067 4072 4077 4084 4077 4081 4085 4207 4201 4082 4077 4076 4085 4201 4076 4207 4204 4202 4207 4202 4201 4204 4205 4203 4055 4205 4199 4056 4198 4203 4049 4199 4033 4047 4056 4055 4049 4033 4042 4052 4049 4050 4208 4209 4210 4211 4212 4213 4208 4213 4209 4212 4209 4213 4212 4211 4214 4215 4214 4211 4215 4216 4214 4216 4215 4217 4210 4218 4208 4219 4220 4218 4218 4210 4219 4220 4221 4222 4221 4220 4219 4221 4223 4222 4224 4225 4226 4227 4228 4229 4227 4230 4228 4231 4232 4233 4234 4235 4236 4228 4234 4237 4228 4237 4238 4239 4230 4240 4235 4241 4236 4242 4243 4230 4230 4243 4232 4244 4243 4245 4233 4246 4231 4243 4247 4248 4249 4250 4251 4252 4253 4254 4255 4251 4256 4257 4258 4259 4260 4261 4262 4263 4264 4265 4263 4266 4267 4268 4269 4270 4271 4272 4273 4274 4275 4276 4277 4272 4278 4279 4280 4281 4268 4282 4280 4268 4283 4269 4284 4285 4286 4287 4288 4289 4290 4291 4292 4293 4294 4295 4296 4284 4226 4297 4298 4286 4299 4300 4289 4301 4293 4302 4303 4304 4305 4306 4307 4308 4284 4309 4310 4311 4312 4313 4296 4226 4314 4315 4316 4317 4318 4319 4320 4321 4322 4323 4324 4325 4320 4326 4318 4325 4327 4322 4313 4326 4328 4329 4330 4331 4332 4333 4313 4312 4334 4335 4336 4337 4338 4311 4328 4335 4329 4339 4340 4341 4340 4335 4334 4339 4341 4342 4343 4344 4345 4339 4346 4347 4340 4339 4335 4329 4335 4339 4343 4345 4347 4348 4325 4349 4312 4311 4350 4351 4330 4352 4326 4353 4328 4354 4355 4351 4326 4348 4353 4356 4353 4348 4357 4358 4351 4359 4360 4351 4356 4348 4358 4325 4348 4326 4360 4357 4351 4361 4362 4357 4357 4363 4358 4357 4362 4364 4365 4363 4357 4366 4365 4364 4357 4364 4365 4339 4342 4346 4365 4366 4367 4313 4333 4368 4369 4311 4338 4311 4345 4337 4315 4370 4330 4224 4321 4371 4372 4321 4323 4373 4374 4375 4375 4374 4315 4376 4226 4225 4377 4375 4378 4379 4380 4308 4319 4301 4381 4382 4383 4384 4284 4296 4309 4307 4375 4308 4385 4295 4294 4313 4322 4321 4286 4285 4297 4386 4285 4284 4226 4321 4224 4387 4388 4303 4299 4286 4389 4280 4385 4281 4390 4384 4391 4268 4280 4279 4289 4300 4392 4393 4289 4288 4294 4281 4385 4394 4393 4395 4395 4393 4288 4396 4393 4397 4398 4385 4280 4399 4400 4401 4396 4402 4275 4286 4299 4289 4402 4403 4275 4283 4268 4279 4259 4269 4404 4405 4406 4407 4408 4409 4410 4272 4274 4278 4411 4409 4412 4413 4409 4414 4259 4404 4415 4271 4264 4263 4283 4404 4269 4275 4393 4396 4269 4259 4416 4412 4417 4418 4419 4412 4261 4420 4267 4421 4274 4272 4275 4422 4420 4421 4256 4257 4415 4420 4423 4424 4261 4253 4252 4420 4424 4425 4243 4248 4253 4426 4425 4427 4271 4263 4272 4428 4253 4429 4267 4420 4263 4430 4426 4431 4430 4432 4426 4433 4249 4255 4432 4434 4406 4420 4425 4426 4406 4435 4436 4406 4437 4426 4438 4439 4435 4440 4437 4441 4442 4435 4443 4444 4445 4435 4446 4443 4435 4446 4435 4439 4435 4442 4444 4447 4444 4448 4444 4442 4448 4449 4345 4344 4345 4449 4337 4345 4339 4347 4330 4351 4349 4329 4339 4450 4320 4325 4318 4326 4329 4318 4359 4351 4451 4360 4452 4357 4356 4358 4363 4349 4351 4358 4452 4361 4357 4339 4345 4450 4350 4311 4369 4315 4330 4324 4450 4318 4329 4345 4453 4450 4381 4320 4319 4318 4450 4319 4352 4330 4454 4351 4352 4354 4348 4349 4358 4324 4330 4349 4451 4351 4355 4345 4311 4453 4327 4313 4368 4381 4455 4320 4453 4319 4450 4311 4456 4453 4381 4301 4302 4453 4301 4319 4370 4315 4457 4330 4370 4331 4325 4324 4349 4455 4315 4324 4454 4330 4332 4311 4313 4456 4371 4321 4372 4458 4381 4302 4456 4301 4453 4313 4459 4456 4302 4293 4295 4301 4456 4293 4315 4455 4375 4315 4374 4316 4320 4455 4324 4458 4375 4455 4457 4315 4317 4313 4321 4459 4314 4226 4376 4460 4302 4295 4459 4293 4456 4321 4461 4459 4388 4308 4303 4293 4459 4294 4375 4458 4308 4375 4307 4378 4381 4458 4455 4460 4308 4458 4373 4375 4377 4321 4226 4461 4386 4284 4310 4462 4295 4385 4461 4294 4459 4226 4463 4461 4390 4303 4384 4294 4461 4281 4308 4460 4303 4308 4388 4379 4302 4460 4458 4303 4460 4462 4306 4308 4380 4226 4284 4463 4389 4286 4298 4464 4291 4465 4463 4281 4461 4284 4466 4463 4290 4384 4291 4281 4463 4279 4303 4462 4384 4390 4304 4303 4295 4462 4460 4384 4462 4398 4387 4303 4305 4284 4286 4466 4287 4289 4392 4399 4401 4467 4466 4279 4463 4286 4468 4466 4400 4291 4401 4279 4466 4283 4384 4398 4291 4290 4382 4384 4385 4398 4462 4291 4398 4282 4391 4384 4383 4286 4289 4468 4397 4393 4394 4409 4401 4270 4468 4283 4466 4289 4469 4468 4408 4401 4409 4283 4468 4404 4282 4401 4291 4400 4465 4291 4280 4282 4398 4401 4282 4270 4292 4291 4464 4289 4393 4469 4276 4275 4403 4412 4409 4416 4469 4404 4468 4469 4393 4470 4257 4259 4415 4404 4469 4415 4410 4409 4471 4408 4472 4401 4268 4270 4282 4416 4409 4270 4472 4467 4401 4393 4275 4470 4273 4272 4277 4261 4412 4258 4470 4415 4469 4275 4473 4470 4251 4257 4256 4415 4470 4256 4411 4412 4474 4409 4411 4414 4269 4416 4270 4258 4412 4416 4471 4409 4413 4275 4272 4473 4266 4263 4265 4251 4475 4257 4473 4256 4470 4473 4272 4476 4251 4255 4249 4256 4473 4255 4419 4261 4477 4412 4419 4417 4259 4258 4416 4475 4261 4258 4474 4412 4418 4272 4263 4476 4423 4420 4422 4242 4230 4478 4476 4255 4473 4263 4479 4476 4233 4249 4433 4476 4433 4255 4261 4475 4253 4261 4252 4262 4257 4475 4258 4250 4253 4475 4477 4261 4260 4263 4420 4479 4431 4426 4427 4433 4480 4233 4479 4433 4476 4420 4481 4479 4249 4233 4232 4479 4480 4433 4253 4250 4243 4253 4248 4429 4251 4250 4475 4232 4243 4250 4254 4253 4428 4481 4420 4426 4406 4434 4407 4440 4480 4481 4481 4480 4479 4481 4437 4440 4246 4233 4480 4480 4440 4246 4231 4228 4230 4243 4242 4245 4249 4232 4250 4230 4232 4231 4247 4243 4244 4426 4432 4406 4438 4406 4405 4246 4440 4482 4426 4437 4481 4437 4436 4441 4231 4246 4483 4440 4441 4482 4234 4228 4235 4482 4483 4246 4227 4240 4230 4483 4228 4231 4478 4230 4239 4435 4406 4438 4406 4436 4437 4445 4484 4436 4435 4445 4436 4484 4485 4441 4436 4484 4441 4485 4486 4482 4441 4485 4482 4486 4235 4483 4482 4486 4483 4235 4228 4483 4229 4228 4238 4487 4488 4489 4490 4488 4491 4491 4492 4490 4493 4494 4495 4493 4492 4494 4490 4492 4493 4494 4496 4495 4488 4487 4491 4487 4489 4497 4498 4499 4497 4497 4489 4498 4499 4500 4501 4500 4499 4498 4500 4502 4501 4503 4504 4505 4506 4507 4508 4509 4510 4511 4512 4513 4514 4515 4516 4517 4518 4519 4520 4521 4522 4523 4524 4525 4526 4527 4528 4529 4530 4531 4532 4533 4534 4535 4536 4537 4538 4539 4540 4541 4542 4543 4544 4545 4546 4547 4548 4549 4550 4551 4552 4553 4554 4555 4556 4557 4558 4559 4560 4561 4562 4563 4564 4565 4566 4567 4568 4569 4570 4571 4572 4573 4574 4575 4576 4577 4578 4579 4580 4581 4582 4583 4584 4585 4586 4587 4588 4589 4590 4591 4592 4593 4594 4595 4596 4597 4598 4599 4600 4601 4602 4603 4604 4605 4606 4607 4608 4609 4610 4611 4612 4613 4612 4611 4606 4614 4613 4615 4612 4615 4613 4616 4617 4614 4614 4615 4616 4617 4618 4619 4618 4617 4616 4620 4619 4621 4618 4621 4619 4622 4623 4620 4620 4621 4622 4623 4624 4625 4624 4623 4622 4626 4625 4627 4624 4627 4625 4628 4629 4626 4626 4627 4628 4629 4630 4631 4630 4629 4628 4632 4631 4633 4630 4633 4631 4634 4635 4632 4632 4633 4634 4635 4636 4637 4636 4635 4634 4638 4637 4639 4636 4639 4637 4640 4641 4638 4638 4639 4640 4641 4642 4643 4642 4641 4640 4644 4643 4645 4642 4645 4643 4646 4647 4644 4644 4645 4646 4611 4607 4606 4609 4605 4607 4608 4610 4601 4605 4609 4608 4600 4599 4604 4601 4610 4599 4593 4603 4602 4603 4600 4604 4596 4595 4594 4594 4593 4602 4597 4648 4598 4596 4598 4595 4588 4648 4589 4597 4589 4648 4592 4591 4587 4587 4591 4588 4581 4583 4590 4592 4581 4590 4582 4584 4586 4583 4582 4586 4585 4576 4575 4585 4584 4576 4578 4577 4579 4578 4575 4577 4570 4580 4571 4571 4580 4579 4574 4573 4569 4569 4573 4570 4563 4565 4572 4574 4563 4572 4564 4566 4568 4565 4564 4568 4567 4558 4557 4567 4566 4558 4560 4559 4561 4560 4557 4559 4552 4562 4553 4553 4562 4561 4556 4555 4551 4551 4555 4552 4545 4547 4554 4556 4545 4554 4546 4548 4550 4547 4546 4550 4549 4540 4539 4549 4548 4540 4542 4541 4543 4542 4539 4541 4534 4544 4535 4535 4544 4543 4538 4537 4533 4533 4537 4534 4527 4529 4536 4538 4527 4536 4528 4530 4532 4529 4528 4532 4531 4522 4521 4531 4530 4522 4524 4523 4525 4524 4521 4523 4516 4526 4517 4517 4526 4525 4520 4519 4515 4515 4519 4516 4509 4511 4518 4520 4509 4518 4510 4512 4514 4511 4510 4514 4513 4506 4508 4513 4512 4506 4504 4507 4505 4504 4508 4507 4505 4649 4503 4650 4651 4652 4653 4654 4655 4656 4657 4658 4659 4660 4657 4654 4661 4655 4662 4663 4664 4664 4661 4665 4666 4667 4668 4651 4664 4663 4669 4668 4667 4663 4670 4651 4671 4651 4672 4651 4650 4669 4673 4674 4675 4670 4672 4651 4651 4676 4652 4677 4675 4678 4677 4676 4679 4679 4676 4651 4680 4679 4651 4676 4677 4678 4651 4681 4680 4675 4674 4678 4682 4683 4656 4671 4681 4651 4655 4684 4653 4685 4686 4687 4683 4688 4689 4690 4683 4689 4691 4655 4687 4692 4690 4693 4687 4655 4694 4683 4690 4692 4695 4687 4696 4697 4698 4699 4693 4700 4692 4687 4697 4699 4701 4692 4702 4697 4703 4704 4697 4687 4705 4706 4697 4707 4708 4706 4709 4710 4706 4711 4712 4713 4714 4715 4716 4717 4711 4718 4719 4717 4720 4721 4722 4723 4711 4722 4724 4725 4726 4717 4721 4725 4727 4728 4729 4730 4731 4732 4730 4733 4734 4733 4730 4735 4727 4736 4735 4737 4738 4735 4739 4740 4741 4742 4743 4744 4745 4742 4744 4742 4746 4747 4748 4749 4748 4747 4750 4751 4752 4748 4752 4753 4748 4754 4752 4755 4756 4757 4758 4758 4759 4760 4761 4760 4759 4762 4763 4764 4765 4766 4755 4767 4768 4769 4768 4770 4769 4763 4771 4772 4771 4767 4769 4773 4774 4763 4763 4775 4765 4776 4775 4763 4777 4778 4763 4765 4775 4779 4765 4780 4763 4781 4782 4760 4783 4784 4763 4785 4782 4781 4760 4782 4780 4786 4787 4782 4782 4788 4786 4785 4781 4789 4782 4785 4788 4790 4789 4781 4781 4791 4792 4793 4781 4792 4781 4794 4790 4795 4781 4793 4796 4781 4797 4798 4795 4793 4795 4797 4781 4799 4800 4798 4798 4793 4799 4801 4800 4799 4802 4800 4801 4803 4760 4804 4805 4791 4781 4778 4776 4763 4806 4763 4784 4777 4763 4772 4774 4771 4763 4807 4765 4808 4771 4769 4772 4755 4809 4765 4768 4810 4770 4782 4811 4764 4807 4766 4765 4761 4812 4760 4813 4755 4752 4814 4815 4755 4816 4754 4755 4758 4817 4759 4752 4818 4819 4820 4821 4758 4821 4820 4822 4821 4756 4758 4823 4824 4752 4753 4752 4824 4825 4826 4820 4820 4827 4825 4827 4820 4745 4827 4745 4828 4750 4739 4748 4739 4829 4748 4745 4744 4830 4831 4828 4745 4832 4739 4735 4833 4834 4739 4746 4742 4835 4836 4740 4739 4735 4837 4838 4839 4742 4732 4839 4732 4840 4839 4743 4742 4727 4735 4841 4841 4735 4738 4732 4733 4842 4732 4842 4843 4727 4725 4844 4845 4846 4727 4847 4730 4729 4727 4846 4728 4725 4848 4849 4731 4730 4726 4725 4849 4850 4731 4726 4851 4726 4852 4851 4850 4722 4725 4726 4721 4853 4854 4722 4711 4855 4856 4722 4717 4857 4720 4858 4723 4722 4715 4717 4714 4711 4723 4859 4860 4711 4706 4714 4861 4715 4861 4714 4862 4711 4719 4710 4709 4706 4863 4864 4714 4865 4866 4864 4865 4714 4864 4712 4701 4865 4692 4706 4708 4697 4867 4865 4701 4868 4865 4867 4687 4686 4691 4661 4869 4655 4657 4656 4683 4667 4659 4657 4657 4870 4658 4667 4871 4659 4872 4661 4873 4874 4667 4666 4874 4871 4667 4665 4661 4875 4664 4876 4877 4667 4651 4669 4876 4664 4878 4879 4664 4665 4880 4878 4664 4881 4879 4665 4665 4882 4883 4665 4884 4885 4886 4881 4665 4887 4888 4665 4665 4885 4886 4889 4665 4890 4889 4884 4665 4891 4890 4665 4888 4891 4665 4891 4892 4893 4892 4891 4888 4893 4892 4894 4895 4894 4896 4894 4892 4896 4661 4897 4875 4664 4877 4662 4875 4882 4665 4880 4664 4879 4661 4664 4869 4887 4665 4883 4651 4667 4869 4870 4657 4660 4654 4873 4661 4651 4869 4664 4655 4869 4694 4897 4661 4872 4694 4667 4657 4688 4683 4682 4691 4898 4655 4667 4694 4869 4705 4687 4694 4898 4684 4655 4657 4683 4705 4692 4700 4702 4687 4699 4696 4657 4705 4694 4697 4705 4707 4685 4687 4695 4683 4692 4707 4865 4868 4866 4708 4703 4697 4683 4707 4705 4706 4707 4860 4698 4697 4704 4692 4865 4860 4862 4714 4713 4710 4899 4706 4692 4860 4707 4854 4711 4860 4899 4863 4706 4865 4714 4854 4857 4717 4716 4859 4900 4711 4865 4854 4860 4722 4854 4724 4900 4718 4711 4724 4714 4717 4852 4726 4853 4850 4855 4722 4714 4724 4854 4725 4724 4844 4858 4722 4856 4717 4726 4844 4847 4734 4730 4728 4901 4725 4717 4844 4724 4736 4727 4844 4901 4848 4725 4726 4730 4736 4732 4843 4840 4841 4902 4727 4726 4736 4844 4832 4735 4736 4902 4845 4727 4730 4732 4832 4835 4742 4741 4735 4740 4837 4730 4832 4736 4739 4832 4829 4737 4735 4838 4732 4742 4829 4831 4745 4830 4750 4833 4739 4732 4829 4832 4748 4829 4751 4836 4739 4834 4742 4745 4751 4820 4826 4822 4753 4903 4748 4742 4751 4829 4813 4752 4751 4903 4749 4748 4745 4820 4813 4758 4757 4817 4752 4754 4818 4745 4813 4751 4755 4813 4809 4823 4752 4819 4820 4758 4809 4760 4812 4804 4766 4814 4755 4820 4809 4813 4765 4809 4780 4816 4755 4815 4760 4780 4758 4805 4760 4803 4763 4762 4783 4758 4780 4809 4780 4782 4763 4779 4808 4765 4760 4805 4781 4796 4794 4781 4787 4904 4782 4811 4782 4904 4764 4763 4782 4806 4773 4763 4905 4906 4907 4908 4909 4910 4911 4912 4913 4914 4915 4916 4917 4918 4919 4920 4921 4922 4923 4924 4925 4926 4927 4928 4929 4927 4926 4930 4926 4928 4931 4932 4933 4933 4930 4934 4935 4936 4937 4936 4932 4938 4939 4940 4941 4942 4935 4941 4943 4944 4945 4945 4940 4946 4947 4948 4949 4950 4951 4947 4947 4949 4950 4952 4953 4954 4955 4952 4948 4956 4957 4958 4959 4956 4954 4960 4961 4962 4963 4960 4958 4964 4965 4966 4967 4964 4962 4968 4969 4970 4971 4968 4966 4972 4973 4974 4975 4972 4970 4976 4977 4978 4979 4976 4974 4980 4981 4982 4983 4980 4978 4984 4985 4986 4987 4984 4982 4988 4989 4990 4991 4988 4986 4992 4993 4994 4995 4992 4990 4996 4997 4998 4999 4996 4994 5000 5001 5002 5003 5000 4998 5004 5005 5002 5006 5007 5008 5006 5009 5007 5010 4906 5008 5011 5012 5013 5013 4905 5014 5015 5016 5017 5017 5012 5018 5019 5020 5021 5021 5016 5022 5023 5024 5025 5025 5020 5026 5027 5028 5029 5029 5024 5030 5031 5032 5033 5033 5028 5034 5035 5036 5037 5037 5032 5038 5039 5040 5041 5041 5036 5042 5040 5043 5044 5043 5040 5039 5045 5044 5046 5043 5046 5044 5039 5041 5042 5047 5045 5046 5042 5036 5035 5047 5048 5045 5037 5038 5035 5038 5032 5031 5031 5033 5034 5034 5028 5027 5027 5029 5030 5030 5024 5023 5023 5025 5026 5026 5020 5019 5019 5021 5022 5022 5016 5015 5015 5017 5018 5018 5012 5011 5011 5013 5014 5014 4905 4907 4907 4906 5010 5010 5008 5007 5009 5049 5050 5049 5005 5050 5004 5002 5001 5050 5005 5004 5001 5000 5003 5003 4998 4997 4997 4996 4999 4999 4994 4993 4993 4992 4995 4995 4990 4989 4989 4988 4991 4991 4986 4985 4985 4984 4987 4987 4982 4981 4981 4980 4983 4983 4978 4977 4977 4976 4979 4979 4974 4973 4973 4972 4975 4975 4970 4969 4969 4968 4971 4971 4966 4965 4965 4964 4967 4967 4962 4961 4961 4960 4963 4963 4958 4957 4957 4956 4959 4959 4954 4953 4953 4952 4955 4955 4948 4947 4951 4950 4944 4945 4946 4943 4944 4943 4951 4941 5051 4939 4939 4946 4940 4935 4942 4936 4938 4932 4931 4937 4936 4938 4931 4933 4934 4934 4930 4928 4927 4929 5052 4920 5052 4921 4929 4921 5052 4924 4923 4922 4922 4923 4920 4916 4915 4925 4924 4916 4925 4914 4918 4917 4915 4914 4917 4919 4912 4911 4919 4918 4912 4910 4913 4908 4910 4911 4913 4908 5053 4909 4937 5051 4935 4941 4935 5051 5006 5054 5009 5009 5054 5049 5055 5056 5057 5058 5059 5055 5056 5055 5059 5060 5061 5062 5062 5059 5058 5061 5063 5064 5063 5061 5060 5065 5064 5066 5063 5066 5064 5067 5068 5069 5065 5069 5068 5067 5070 5071 5071 5068 5067 5072 5070 5073 5070 5072 5071 5074 5075 5076 5073 5076 5075 5077 5074 5078 5076 5078 5074 5079 5077 5080 5077 5078 5080 5081 5082 5079 5079 5080 5081 5083 5082 5084 5082 5081 5084 5083 5085 5086 5084 5085 5083 5085 5087 5086 5088 5089 5090 5091 5092 5093 5094 5089 5095 5089 5094 5090 5096 5097 5095 5094 5095 5097 5096 5098 5099 5099 5097 5096 5100 5098 5101 5098 5100 5099 5102 5103 5101 5100 5101 5103 5102 5104 5105 5105 5103 5102 5106 5107 5108 5104 5108 5105 5109 5110 5107 5107 5106 5109 5110 5111 5112 5111 5110 5109 5113 5112 5114 5111 5114 5112 5115 5116 5113 5113 5114 5115 5075 5072 5073 5117 5118 5119 5120 5121 5122 5122 5123 5120 5121 5124 5125 5124 5121 5120 5126 5125 5127 5124 5127 5125 5128 5129 5126 5126 5127 5128 5129 5130 5131 5130 5129 5128 5132 5131 5133 5130 5133 5131 5134 5135 5132 5132 5133 5134 5135 5136 5137 5136 5135 5134 5138 5137 5139 5136 5139 5137 5140 5141 5138 5138 5139 5140 5141 5142 5143 5142 5141 5140 5144 5143 5145 5142 5145 5143 5146 5147 5144 5144 5145 5146 5147 5148 5149 5148 5147 5146 5150 5149 5151 5148 5151 5149 5151 5152 5153 5153 5150 5151 5154 5152 5155 5152 5154 5153 5156 5157 5155 5154 5155 5157 5156 5158 5159 5159 5157 5156 5160 5158 5161 5158 5160 5159 5162 5163 5161 5160 5161 5163 5162 5164 5165 5165 5163 5162 5166 5164 5167 5164 5166 5165 5168 5169 5167 5166 5167 5169 5168 5170 5171 5171 5169 5168 5172 5170 5173 5170 5172 5171 5174 5175 5173 5172 5173 5175 5174 5176 5177 5177 5175 5174 5178 5176 5179 5176 5178 5177 5180 5181 5179 5178 5179 5181 5180 5182 5183 5183 5181 5180 5184 5182 5185 5182 5184 5183 5186 5187 5185 5184 5185 5187 5186 5188 5189 5189 5187 5186 5190 5188 5191 5188 5190 5189 5192 5193 5191 5190 5191 5193 5192 5194 5195 5195 5193 5192 5196 5197 5194 5194 5197 5195 5198 5199 5196 5196 5194 5198 5198 5200 5199 5057 5056 5201 5202 5203 5204 5201 5203 5057 5205 5206 5207 5207 5202 5204 5208 5209 5210 5208 5206 5205 5211 5210 5212 5209 5212 5210 5213 5214 5211 5211 5212 5213 5215 5216 5217 5216 5214 5213 5218 5219 5217 5215 5217 5219 5218 5220 5221 5221 5219 5218 5222 5223 5224 5220 5223 5221 5225 5226 5222 5222 5224 5225 5227 5228 5229 5230 5226 5225 5231 5232 5233 5207 5206 5202 5234 5235 5088 5234 5088 5090 5108 5104 5106 5236 5123 5237 5122 5237 5123 5238 5117 5236 5236 5237 5238 5118 5117 5238 5119 5239 5240 5239 5119 5118 5234 5241 5235 5240 5116 5115 5239 5116 5240 5242 5241 5243 5241 5242 5235 5087 5243 5086 5242 5243 5087 5066 5069 5065 5060 5062 5058 5204 5203 5201 5215 5214 5216 5205 5209 5208 5224 5223 5220 5230 5093 5226 5230 5091 5093 5244 5245 5092 5092 5091 5244 5245 5246 5247 5246 5245 5244 5248 5247 5249 5246 5249 5247 5250 5233 5248 5248 5249 5250 5231 5233 5250 5228 5232 5251 5231 5251 5232 5228 5251 5229 5227 5252 5253 5252 5227 5229 5254 5253 5255 5252 5255 5253 5256 5257 5254 5254 5255 5256 5257 5258 5259 5258 5257 5256 5260 5259 5261 5258 5261 5259 5262 5263 5260 5260 5261 5262 5263 5264 5265 5264 5263 5262 5266 5265 5267 5264 5267 5265 5268 5269 5266 5266 5267 5268 5269 5270 5271 5270 5269 5268 5272 5271 5273 5270 5273 5271 5274 5275 5272 5272 5273 5274 5275 5276 5277 5276 5275 5274 5278 5277 5279 5276 5279 5277 5280 5281 5278 5278 5279 5280 5281 5282 5283 5282 5281 5280 5284 5283 5285 5282 5285 5283 5286 5287 5284 5284 5285 5286 5288 5289 5287 5288 5287 5286 5290 5289 5291 5289 5290 5287 5292 5293 5291 5290 5291 5293 5292 5294 5295 5295 5293 5292 5296 5294 5297 5294 5296 5295 5298 5299 5297 5296 5297 5299 5298 5300 5301 5301 5299 5298 5300 5302 5301 5303 5302 5304 5300 5304 5302 5305 5306 5303 5303 5304 5305 5306 5307 5308 5307 5306 5305 5309 5308 5310 5307 5310 5308 5311 5312 5309 5309 5310 5311 5312 5313 5314 5313 5312 5311 5315 5314 5316 5313 5316 5314 5317 5318 5315 5315 5316 5317 5318 5319 5320 5319 5318 5317 5321 5320 5322 5319 5322 5320 5323 5324 5321 5321 5322 5323 5324 5325 5326 5325 5324 5323 5325 5327 5326 5326 5327 5328 5329 5330 5331 5332 5333 5334 5335 5336 5337 5329 5338 5330 5339 5340 5341 5342 5343 5344 5340 5345 5341 5342 5344 5346 5343 5347 5348 5349 5350 5351 5352 5353 5354 5355 5353 5352 5356 5357 5358 5359 5360 5361 5362 5363 5364 5357 5359 5365 5366 5364 5367 5368 5361 5360 5366 5367 5368 5369 5370 5371 5363 5362 5372 5365 5359 5361 5373 5374 5375 5358 5354 5356 5357 5365 5358 5376 5377 5378 5377 5376 5379 5355 5380 5381 5354 5353 5356 5378 5382 5376 5383 5384 5381 5380 5383 5381 5385 5386 5384 5381 5384 5386 5387 5388 5348 5385 5351 5350 5342 5347 5343 5387 5349 5388 5389 5346 5344 5389 5390 5346 5391 5392 5393 5394 5395 5396 5397 5398 5399 5398 5400 5399 5340 5339 5338 5330 5338 5339 5331 5401 5402 5402 5329 5331 5403 5402 5401 5345 5340 5404 5405 5406 5403 5403 5401 5405 5407 5404 5408 5404 5407 5345 5398 5397 5408 5407 5408 5397 5405 5409 5406 5410 5411 5412 5406 5409 5410 5413 5414 5415 5416 5412 5411 5417 5418 5419 5420 5421 5422 5419 5418 5423 5424 5418 5417 5425 5424 5417 5426 5419 5423 5427 5426 5423 5428 5429 5427 5426 5427 5429 5428 5414 5430 5429 5428 5430 5424 5425 5420 5414 5413 5430 5421 5431 5422 5425 5421 5420 5412 5416 5431 5422 5431 5416 5410 5409 5411 5399 5400 5432 5392 5432 5393 5400 5393 5432 5396 5395 5391 5391 5395 5392 5390 5389 5394 5396 5390 5394 5351 5388 5349 5387 5348 5347 5352 5380 5355 5350 5386 5385 5367 5364 5363 5360 5366 5368 5433 5372 5434 5372 5362 5434 5435 5436 5433 5433 5434 5435 5436 5369 5371 5369 5436 5435 5437 5370 5438 5437 5371 5370 5438 5439 5440 5437 5438 5440 5439 5441 5442 5441 5439 5438 5443 5442 5444 5441 5444 5442 5445 5446 5443 5443 5444 5445 5446 5447 5448 5447 5446 5445 5449 5448 5450 5447 5450 5448 5451 5452 5449 5449 5450 5451 5452 5453 5454 5453 5452 5451 5455 5454 5456 5453 5456 5454 5457 5458 5455 5455 5456 5457 5458 5459 5460 5459 5458 5457 5461 5460 5462 5459 5462 5460 5463 5464 5461 5461 5462 5463 5464 5465 5466 5465 5464 5463 5467 5466 5468 5465 5468 5466 5469 5470 5467 5467 5468 5469 5471 5469 5472 5469 5471 5470 5473 5474 5472 5471 5472 5474 5473 5475 5476 5476 5474 5473 5477 5475 5478 5475 5477 5476 5479 5480 5478 5477 5478 5480 5479 5481 5482 5482 5480 5479 5483 5481 5484 5481 5483 5482 5485 5486 5484 5483 5484 5486 5487 5488 5489 5490 5491 5492 5493 5494 5495 5496 5497 5498 5499 5500 5501 5502 5503 5504 5505 5506 5507 5508 5509 5510 5511 5512 5513 5514 5515 5516 5517 5518 5519 5520 5521 5522 5523 5524 5525 5526 5527 5528 5529 5530 5531 5532 5533 5534 5535 5536 5537 5538 5539 5540 5541 5542 5543 5544 5545 5546 5547 5548 5549 5550 5551 5552 5553 5554 5555 5556 5557 5558 5559 5560 5561 5562 5563 5564 5565 5566 5567 5568 5569 5570 5571 5572 5573 5574 5575 5576 5577 5578 5579 5580 5581 5582 5583 5584 5585 5586 5587 5588 5589 5590 5591 5592 5593 5594 5595 5596 5597 5598 5373 5599 5600 5601 5602 5603 5375 5374 5374 5373 5598 5604 5603 5605 5603 5604 5375 5606 5607 5605 5604 5605 5607 5606 5608 5609 5609 5607 5606 5610 5608 5611 5608 5610 5609 5612 5613 5611 5610 5611 5613 5612 5614 5615 5615 5613 5612 5616 5614 5617 5614 5616 5615 5377 5379 5617 5616 5617 5379 5618 5382 5378 5600 5598 5599 5618 5619 5620 5620 5382 5618 5621 5619 5622 5619 5621 5620 5623 5624 5622 5621 5622 5624 5623 5625 5626 5626 5624 5623 5627 5625 5628 5625 5627 5626 5629 5630 5628 5627 5628 5630 5629 5631 5632 5632 5630 5629 5633 5631 5413 5631 5633 5632 5587 5589 5591 5633 5413 5415 5594 5602 5601 5601 5600 5599 5592 5596 5593 5594 5593 5602 5597 5586 5595 5592 5597 5596 5587 5591 5588 5595 5586 5588 5589 5581 5590 5583 5580 5582 5580 5590 5581 5576 5585 5584 5584 5583 5582 5574 5578 5575 5576 5575 5585 5579 5568 5577 5574 5579 5578 5570 5569 5572 5577 5568 5570 5571 5573 5337 5572 5569 5573 5564 5336 5335 5336 5571 5337 5567 5563 5562 5562 5564 5335 5565 5556 5566 5567 5566 5563 5557 5559 5558 5565 5557 5556 5561 5560 5551 5558 5559 5561 5550 5552 5554 5551 5560 5552 5546 5553 5555 5553 5550 5554 5549 5545 5544 5544 5546 5555 5547 5538 5548 5549 5548 5545 5539 5541 5540 5547 5539 5538 5543 5542 5533 5540 5541 5543 5532 5534 5536 5533 5542 5534 5528 5535 5537 5535 5532 5536 5531 5527 5526 5526 5528 5537 5529 5520 5530 5531 5530 5527 5521 5523 5522 5529 5521 5520 5525 5524 5515 5522 5523 5525 5514 5516 5518 5515 5524 5516 5510 5517 5519 5517 5514 5518 5513 5509 5508 5508 5510 5519 5511 5502 5512 5513 5512 5509 5503 5505 5504 5511 5503 5502 5507 5506 5497 5504 5505 5507 5496 5498 5500 5497 5506 5498 5492 5499 5501 5499 5496 5500 5495 5491 5490 5490 5492 5501 5493 5489 5494 5495 5494 5491 5487 5333 5488 5493 5487 5489 5332 5334 5485 5488 5333 5332 5486 5485 5334 5634 5635 5636 5637 5638 5639 5640 5641 5642 5643 5644 5645 5646 5647 5634 5648 5642 5649 5650 5642 5641 5651 5652 5653 5654 5655 5656 5657 5654 5656 5646 5658 5659 5660 5643 5656 5659 5661 5647 5657 5662 5663 5664 5665 5650 5666 5667 5651 5668 5662 5669 5667 5669 5662 5652 5670 5671 5665 5672 5673 5659 5674 5675 5651 5653 5676 5650 5677 5678 5679 5652 5680 5681 5665 5682 5653 5652 5679 5681 5683 5684 5685 5681 5686 5675 5687 5688 5675 5689 5661 5690 5691 5692 5689 5688 5693 5694 5671 5670 5652 5671 5695 5675 5661 5659 5696 5697 5690 5692 5698 5670 5699 5700 5701 5700 5702 5703 5698 5692 5704 5690 5705 5691 5706 5704 5692 5707 5708 5696 5696 5709 5710 5707 5700 5703 5696 5700 5707 5711 5670 5698 5708 5709 5696 5696 5710 5697 5690 5712 5705 5713 5694 5670 5693 5714 5715 5691 5716 5692 5693 5715 5699 5717 5715 5714 5718 5719 5720 5689 5675 5688 5721 5722 5723 5724 5723 5725 5717 5714 5726 5714 5688 5727 5724 5721 5723 5688 5714 5693 5728 5729 5722 5730 5690 5697 5731 5726 5722 5722 5732 5731 5733 5732 5734 5729 5734 5722 5732 5722 5734 5735 5732 5733 5645 5644 5736 5737 5738 5642 5651 5667 5662 5737 5739 5738 5740 5741 5645 5742 5737 5743 5744 5741 5745 5746 5747 5748 5745 5749 5744 5635 5750 5751 5657 5656 5662 5752 5753 5754 5755 5744 5756 5754 5757 5752 5758 5759 5755 5747 5760 5761 5762 5759 5763 5748 5750 5746 5656 5643 5645 5764 5765 5766 5767 5759 5762 5765 5764 5768 5767 5769 5770 5771 5761 5772 5773 5774 5770 5760 5747 5746 5645 5741 5744 5775 5776 5777 5774 5778 5770 5777 5776 5779 5778 5780 5781 5782 5783 5771 5744 5755 5759 5760 5772 5761 5761 5771 5784 5785 5786 5787 5783 5788 5789 5781 5790 5791 5782 5771 5772 5781 5791 5792 5787 5793 5794 5795 5796 5792 5797 5771 5783 5798 5796 5799 5796 5798 5800 5759 5767 5770 5778 5781 5770 5639 5801 5802 5803 5804 5793 5805 5806 5800 5793 5807 5808 5792 5796 5781 5806 5809 5810 5806 5796 5800 5783 5782 5788 5811 5812 5806 5783 5789 5813 5806 5810 5814 5803 5793 5813 5815 5816 5817 5818 5803 5819 5820 5821 5811 5822 5823 5824 5825 5811 5826 5639 5802 5803 5811 5825 5827 5639 5803 5828 5829 5811 5827 5639 5830 5831 5811 5829 5820 5637 5639 5822 5832 5820 5829 5832 5833 5820 5834 5637 5835 5638 5637 5836 5837 5838 5839 5835 5637 5837 5839 5838 5840 5701 5700 5696 5712 5690 5730 5719 5718 5841 5701 5693 5699 5701 5696 5842 5720 5723 5718 5693 5701 5689 5726 5723 5722 5721 5843 5722 5717 5726 5731 5727 5723 5726 5843 5728 5722 5842 5696 5690 5706 5692 5716 5681 5718 5687 5842 5689 5701 5690 5844 5842 5684 5718 5681 5842 5661 5689 5727 5718 5723 5720 5845 5723 5714 5727 5726 5687 5718 5727 5845 5725 5723 5690 5692 5844 5713 5670 5711 5681 5674 5665 5844 5661 5842 5692 5846 5844 5659 5647 5646 5844 5647 5661 5683 5681 5847 5684 5848 5718 5688 5687 5727 5674 5681 5687 5848 5841 5718 5692 5670 5846 5680 5652 5695 5665 5658 5650 5846 5647 5844 5670 5849 5846 5646 5634 5636 5846 5634 5647 5682 5665 5850 5681 5682 5686 5675 5674 5687 5658 5665 5674 5847 5681 5685 5670 5652 5849 5666 5651 5676 5851 5646 5636 5849 5634 5846 5652 5852 5849 5636 5635 5751 5849 5635 5634 5664 5650 5853 5665 5664 5672 5659 5658 5674 5851 5650 5658 5850 5665 5673 5652 5651 5852 5663 5662 5668 5854 5636 5751 5852 5635 5849 5651 5855 5852 5751 5750 5748 5635 5852 5750 5650 5851 5642 5650 5641 5677 5646 5851 5658 5642 5851 5854 5853 5650 5678 5651 5662 5855 5660 5656 5655 5856 5751 5748 5855 5750 5852 5855 5662 5857 5753 5737 5754 5750 5855 5746 5642 5854 5737 5738 5649 5642 5636 5854 5851 5737 5854 5856 5640 5642 5648 5662 5656 5857 5740 5645 5736 5858 5748 5747 5857 5746 5855 5857 5656 5859 5766 5754 5764 5746 5857 5760 5856 5754 5737 5753 5743 5737 5751 5856 5854 5754 5856 5858 5739 5737 5742 5656 5645 5859 5756 5744 5749 5860 5747 5761 5859 5760 5857 5861 5859 5645 5775 5764 5776 5760 5859 5772 5858 5764 5754 5766 5862 5754 5748 5858 5856 5860 5764 5858 5862 5757 5754 5861 5645 5744 5763 5759 5758 5787 5776 5784 5861 5772 5859 5861 5744 5863 5786 5776 5787 5772 5861 5782 5860 5776 5764 5775 5864 5764 5747 5860 5858 5784 5776 5860 5864 5768 5764 5863 5744 5759 5773 5770 5769 5793 5787 5797 5863 5782 5861 5863 5759 5865 5794 5866 5787 5782 5863 5788 5785 5787 5867 5786 5868 5776 5761 5784 5860 5797 5787 5784 5868 5779 5776 5865 5759 5770 5790 5781 5780 5788 5869 5789 5865 5788 5863 5770 5870 5865 5823 5789 5869 5788 5865 5869 5794 5793 5871 5866 5872 5787 5771 5797 5784 5813 5793 5797 5867 5787 5872 5870 5770 5781 5799 5796 5795 5869 5873 5823 5870 5869 5865 5781 5874 5870 5789 5823 5828 5873 5869 5870 5804 5803 5875 5793 5804 5807 5783 5813 5797 5828 5803 5813 5871 5793 5808 5874 5781 5796 5809 5806 5805 5817 5873 5874 5874 5873 5870 5874 5815 5817 5824 5823 5873 5873 5817 5824 5823 5822 5828 5803 5802 5819 5789 5828 5813 5822 5639 5828 5875 5803 5818 5806 5815 5796 5814 5826 5811 5824 5817 5876 5796 5815 5874 5815 5812 5816 5822 5824 5877 5817 5816 5876 5637 5838 5837 5824 5876 5877 5639 5638 5830 5822 5877 5637 5801 5639 5831 5811 5806 5814 5806 5812 5815 5821 5878 5812 5811 5821 5812 5878 5879 5816 5812 5878 5816 5879 5880 5876 5816 5879 5876 5880 5838 5877 5876 5880 5877 5838 5637 5877 5836 5637 5834 5881 5882 5883 5884 5885 5886 5887 5888 5889 5890 5891 5887 5892 5893 5894 5895 5896 5897 5898 5899 5900 5901 5902 5903 5904 5893 5902 5899 5883 5900 5892 5894 5905 5902 5901 5904 5906 5897 5888 5907 5881 5883 5908 5909 5910 5911 5912 5913 5914 5915 5916 5917 5918 5887 5911 5919 5920 5921 5919 5911 5883 5922 5900 5923 5924 5925 5926 5927 5892 5928 5929 5900 5930 5931 5883 5900 5892 5927 5898 5900 5932 5933 5934 5916 5935 5916 5934 5908 5936 5937 5924 5935 5925 5938 5926 5892 5924 5916 5935 5937 5939 5916 5940 5924 5941 5924 5942 5943 5944 5945 5946 5924 5940 5947 5942 5948 5949 5942 5950 5951 5942 5952 5948 5952 5942 5953 5948 5954 5955 5952 5954 5948 5943 5942 5949 5948 5955 5956 5896 5892 5900 5932 5900 5957 5939 5914 5916 5937 5958 5939 5918 5886 5890 5937 5959 5960 5891 5888 5887 5961 5962 5909 5884 5918 5963 5964 5965 5966 5936 5959 5937 5967 5965 5964 5968 5936 5908 5887 5918 5890 5968 5908 5969 5970 5971 5972 5973 5974 5908 5975 5884 5976 5977 5978 5961 5970 5979 5980 5981 5979 5970 5975 5982 5885 5973 5908 5910 5886 5918 5884 5910 5909 5983 5982 5984 5985 5983 5909 5986 5987 5988 5989 5990 5975 5991 5984 5982 5990 5992 5982 5985 5885 5884 5975 5993 5987 5989 5994 5995 5996 5962 5997 5909 5998 5995 5999 5962 5961 6000 6001 6002 5990 5990 6002 5984 5995 5998 6003 6004 6000 5961 6005 5961 6006 6003 6007 5995 5992 5985 6008 6009 5995 6007 5978 6006 5961 5990 5982 5975 5977 6010 5978 6001 6009 6011 6008 6012 5992 6009 6013 6014 6015 6016 5977 6009 6017 6011 6018 6009 6019 6009 6020 6019 6009 6018 6017 6015 5977 6021 6022 6017 6018 6023 6012 6008 6022 6024 6017 6021 6012 6025 6026 6017 6024 6027 6012 6023 6028 6012 6029 6028 6025 6012 6029 6012 6027 6023 6008 6030 6031 6030 6008 6032 5977 6016 5977 6032 6010 6012 6021 5977 6033 5987 6034 6035 5992 6012 5993 5995 5987 5992 5885 5982 6001 5995 6009 6007 6013 6009 6002 6001 6011 6001 5991 5995 6020 6009 6014 6012 5977 6035 6004 5961 6005 5970 6036 5981 6035 5885 5992 6035 5977 6037 5980 5987 5970 5885 6035 5886 5995 5991 5987 5995 5993 5996 5990 5991 6001 5991 5976 5987 5994 5999 5995 5977 5961 6037 5986 5909 5997 6038 5965 6039 6037 5886 6035 6037 5961 6040 5967 5970 5965 6037 5890 5886 5976 5970 5987 5980 6034 5987 5975 5976 5991 5976 5963 5970 5988 5987 6033 5909 6040 5961 5969 5908 5974 5911 6041 5921 6040 5890 6037 6042 6040 5909 5920 5965 5911 5891 5890 6040 5970 5963 5965 5970 5967 5971 5884 5963 5976 5963 5917 5965 5972 6036 5970 5909 5908 6042 5958 5937 5960 5891 5906 5888 6042 5891 6040 5908 6043 6042 5882 5911 5883 5906 5891 6042 5917 5911 5965 5920 6039 5965 5918 5917 5963 5917 5889 5911 5966 5965 6038 5908 5937 6043 5933 5916 5915 5906 6044 5897 6043 5906 6042 5937 6045 6043 5888 5897 5922 6044 5906 6043 5911 5889 5883 5911 5882 5912 5887 5889 5917 5889 5922 5883 5913 6041 5911 5937 5916 6045 5924 5923 5941 5945 6044 6045 6045 6044 6043 6045 5946 5945 5895 5897 6044 6044 5945 5895 5896 5922 5897 5899 5930 5883 5888 5922 5889 5922 5896 5900 5907 5883 5931 5924 5946 5916 5947 5950 5942 5945 6046 5895 5916 5946 6045 5946 5943 5944 5895 6047 5896 5945 5944 6046 5902 5893 5892 6046 6047 5895 5900 5927 5928 6047 5892 5896 5929 5957 5900 5942 5924 5947 5953 5942 5951 6048 5943 5949 5924 5943 5946 5943 6048 5944 6049 5944 6048 5944 6049 6046 6050 6046 6049 6046 6050 6047 5902 6047 6050 5902 5892 6047 5938 5892 5905 6051 6052 6053 6054 6055 6056 6057 6058 6059 6060 6061 6062 6052 6051 6063 6064 6065 6066 6067 6068 6069 6070 6071 6072 6064 6073 6074 6075 6076 6077 6078 6079 6080 6081 6082 6083 6084 6085 6086 6087 6088 6089 6090 6091 6092 6093 6094 6095 6096 6097 6098 6099 6093 6100 6094 6101 6102 6103 6104 6105 6104 6106 6107 6108 6109 6058 6109 6110 6058 6111 6112 6108 6113 6114 6115 6116 6117 6118 6119 6120 6116 6114 6121 6122 6123 6124 6125 6126 6114 6127 6128 6129 6130 6131 6132 6100 6106 6104 6133 6134 6095 6094 6096 6135 6136 6136 6135 6137 6138 6139 6094 6140 6141 6142 6143 6144 6145 6146 6147 6148 6149 6142 6150 6151 6146 6152 6149 6153 6143 6154 6145 6144 6155 6143 6153 6156 6157 6145 6158 6159 6145 6160 6158 6157 6161 6145 6154 6157 6162 6163 6156 6145 6161 6164 6157 6165 6157 6166 6162 6167 6164 6061 6164 6168 6157 6060 6167 6061 6169 6062 6170 6062 6169 6171 6172 6173 6174 6173 6172 6170 6175 6176 6177 6176 6175 6173 6178 6179 6180 6179 6178 6176 6181 6182 6183 6181 6180 6182 6184 6185 6186 6186 6183 6184 6185 6187 6188 6188 6189 6185 6190 6191 6192 6192 6187 6190 6193 6194 6195 6195 6190 6193 6196 6197 6198 6194 6196 6199 6197 6200 6201 6202 6203 6204 6202 6205 6200 6206 6207 6208 6206 6204 6207 6209 6210 6208 6208 6207 6209 6211 6210 6212 6209 6212 6210 6213 6211 6212 6204 6203 6207 6202 6200 6203 6201 6200 6205 6198 6197 6201 6199 6196 6198 6193 6196 6194 6195 6191 6190 6192 6188 6187 6189 6186 6185 6184 6183 6182 6182 6180 6179 6176 6178 6177 6173 6175 6174 6170 6172 6169 6062 6171 6060 6167 6168 6164 6157 6168 6166 6214 6165 6157 6215 6160 6157 6157 6158 6145 6145 6159 6216 6145 6216 6146 6146 6151 6217 6217 6147 6146 6218 6146 6148 6219 6135 6096 6220 6089 6221 6222 6223 6224 6222 6225 6097 6097 6096 6222 6100 6093 6226 6103 6099 6100 6227 6228 6229 6227 6230 6231 6232 6233 6234 6126 6127 6235 6234 6122 6236 6237 6238 6129 6239 6240 6108 6120 6241 6116 6242 6243 6116 6244 6236 6121 6245 6117 6116 6246 6109 6108 6247 6058 6057 6123 6248 6124 6125 6124 6249 6124 6250 6249 6251 6248 6252 6253 6108 6254 6236 6105 6234 6255 6116 6256 6257 6130 6129 6108 6121 6116 6256 6116 6241 6116 6243 6245 6242 6116 6258 6128 6259 6129 6119 6129 6259 6111 6116 6260 6260 6116 6118 6112 6239 6108 6114 6129 6116 6114 6261 6262 6114 6262 6129 6108 6253 6263 6261 6114 6113 6114 6126 6264 6265 6266 6122 6059 6058 6267 6114 6122 6268 6250 6124 6269 6114 6268 6127 6227 6270 6228 6108 6271 6246 6267 6058 6110 6122 6234 6272 6058 6247 6269 6234 6273 6272 6274 6124 6251 6270 6274 6275 6276 6232 6234 6228 6270 6277 6234 6104 6276 6222 6231 6223 6099 6101 6093 6100 6133 6104 6231 6230 6278 6227 6229 6279 6278 6280 6231 6281 6282 6093 6224 6283 6222 6094 6093 6101 6284 6094 6139 6285 6102 6088 6094 6285 6138 6136 6286 6142 6287 6285 6288 6288 6285 6289 6081 6083 6290 6142 6149 6143 6136 6137 6291 6289 6285 6087 6221 6218 6292 6087 6293 6294 6295 6290 6083 6292 6296 6221 6220 6087 6089 6297 6298 6221 6087 6299 6293 6220 6300 6299 6296 6297 6221 6301 6295 6302 6303 6304 6220 6221 6298 6305 6220 6306 6307 6305 6308 6221 6309 6310 6301 6311 6303 6220 6306 6220 6308 6311 6220 6312 6221 6308 6220 6313 6314 6307 6307 6306 6315 6314 6316 6307 6307 6317 6312 6318 6307 6316 6319 6317 6307 6092 6310 6090 6307 6318 6320 6307 6320 6319 6321 6322 6320 6319 6320 6322 6322 6323 6324 6323 6322 6321 6325 6326 6324 6324 6323 6325 6091 6326 6327 6325 6327 6326 6091 6328 6092 6328 6091 6327 6309 6090 6310 6309 6301 6302 6295 6083 6302 6329 6330 6082 6329 6082 6081 6085 6330 6086 6329 6086 6330 6331 6084 6332 6085 6084 6331 6332 6077 6333 6333 6331 6332 6076 6075 6080 6333 6077 6076 6078 6071 6079 6075 6078 6080 6072 6073 6070 6071 6070 6079 6065 6064 6074 6074 6073 6072 6066 6068 6067 6065 6068 6066 6069 6056 6055 6069 6055 6067 6051 6054 6063 6063 6054 6056 6163 6215 6157 6214 6157 6156 6315 6313 6307 6307 6312 6220 6146 6216 6152 6155 6144 6143 6286 6140 6142 6146 6218 6221 6146 6334 6143 6087 6220 6299 6334 6221 6089 6300 6220 6304 6146 6143 6145 6141 6150 6142 6087 6285 6088 6146 6221 6334 6335 6142 6334 6087 6336 6289 6088 6335 6089 6336 6087 6294 6142 6143 6334 6291 6286 6136 6285 6094 6102 6334 6089 6335 6337 6136 6335 6285 6338 6138 6102 6337 6088 6338 6285 6287 6335 6136 6142 6098 6219 6096 6095 6281 6093 6335 6088 6337 6339 6096 6337 6284 6340 6094 6339 6102 6101 6134 6094 6340 6337 6096 6136 6283 6225 6222 6226 6131 6100 6337 6102 6339 6222 6339 6341 6093 6342 6226 6341 6101 6099 6342 6093 6282 6222 6096 6339 6280 6223 6231 6100 6104 6103 6339 6101 6341 6343 6231 6341 6100 6344 6133 6103 6343 6099 6344 6100 6132 6231 6222 6341 6279 6230 6227 6104 6234 6105 6341 6099 6343 6227 6343 6345 6104 6346 6276 6105 6345 6103 6346 6104 6107 6343 6227 6231 6275 6277 6270 6272 6265 6122 6343 6103 6345 6347 6270 6345 6233 6348 6234 6105 6236 6347 6273 6234 6348 6270 6227 6345 6251 6124 6248 6108 6349 6271 6345 6105 6347 6124 6347 6244 6122 6350 6268 6121 6236 6122 6350 6122 6266 6347 6124 6270 6270 6124 6274 6108 6263 6349 6347 6236 6244 6108 6058 6244 6262 6237 6129 6116 6121 6114 6264 6115 6114 6244 6058 6124 6124 6058 6269 6240 6254 6108 6121 6108 6244 6111 6108 6116 6255 6258 6116 6119 6116 6129 6238 6257 6129 6351 6352 6353 6354 6355 6356 6357 6358 6359 6360 6361 6362 6363 6352 6351 6352 6358 6353 6364 6365 6362 6352 6363 6366 6367 6362 6368 6367 6364 6362 6369 6351 6353 6370 6371 6372 6362 6373 6374 6375 6369 6353 6376 6377 6358 6378 6358 6379 6380 6362 6381 6353 6382 6375 6358 6357 6360 6383 6382 6353 6353 6384 6385 6353 6386 6383 6361 6387 6388 6353 6385 6389 6353 6390 6386 6360 6357 6371 6362 6353 6358 6391 6358 6377 6392 6353 6389 6393 6353 6394 6392 6394 6353 6395 6396 6362 6359 6358 6391 6397 6368 6362 6358 6352 6379 6398 6399 6400 6401 6402 6403 6361 6404 6405 6406 6388 6407 6388 6406 6408 6402 6400 6399 6388 6409 6410 6411 6404 6388 6412 6413 6388 6412 6388 6410 6400 6401 6407 6400 6402 6401 6414 6388 6408 6403 6402 6415 6361 6388 6404 6416 6361 6405 6388 6414 6409 6417 6418 6361 6381 6362 6374 6362 6396 6397 6411 6388 6413 6384 6362 6380 6361 6419 6417 6420 6421 6357 6419 6361 6422 6423 6424 6425 6361 6416 6422 6357 6421 6426 6427 6428 6400 6429 6357 6426 6427 6425 6430 6357 6429 6372 6431 6430 6425 6432 6433 6370 6372 6432 6370 6434 6372 6435 6436 6437 6425 6438 6439 6423 6424 6436 6425 6372 6440 6441 6424 6423 6442 6441 6432 6372 6442 6423 6443 6444 6433 6445 6446 6438 6447 6432 6448 6449 6432 6445 6433 6439 6450 6423 6451 6452 6432 6438 6453 6439 6445 6432 6452 6454 6453 6438 6444 6455 6456 6456 6457 6458 6459 6456 6460 6461 6462 6456 6463 6456 6462 6455 6464 6465 6466 6455 6467 6455 6465 6468 6469 6470 6468 6471 6456 6463 6468 6472 6473 6456 6474 6457 6468 6475 6476 6473 6477 6478 6468 6473 6478 6479 6480 6477 6481 6456 6459 6480 6482 6483 6484 6456 6485 6480 6486 6487 6488 6484 6489 6490 6480 6491 6492 6493 6484 6480 6494 6495 6496 6497 6498 6499 6480 6500 6501 6502 6503 6504 6505 6506 6507 6503 6508 6509 6510 6511 6512 6503 6513 6514 6515 6510 6503 6516 6517 6518 6519 6520 6503 6517 6521 6522 6520 6523 6524 6517 6516 6524 6525 6517 6526 6527 6528 6529 6521 6517 6530 6531 6532 6517 6525 6533 6534 6535 6536 6529 6517 6537 6538 6539 6526 6533 6540 6517 6517 6540 6541 6542 6355 6535 6355 6536 6535 6543 6517 6544 6515 6511 6510 6545 6546 6547 6547 6511 6548 6547 6548 6549 6548 6511 6550 6551 6511 6552 6553 6550 6511 6511 6554 6553 6549 6545 6547 6555 6511 6551 6556 6555 6557 6556 6554 6511 6558 6557 6555 6511 6555 6556 6557 6558 6559 6535 6560 6561 6562 6559 6558 6562 6563 6559 6564 6517 6565 6566 6567 6468 6568 6517 6569 6570 6537 6517 6571 6517 6572 6517 6568 6544 6528 6573 6538 6574 6575 6526 6576 6577 6531 6531 6530 6576 6578 6528 6579 6580 6531 6577 6580 6581 6579 6577 6582 6580 6581 6580 6583 6580 6582 6584 6585 6583 6580 6586 6580 6584 6580 6587 6585 6586 6588 6580 6587 6580 6589 6580 6588 6590 6590 6591 6589 6580 6590 6589 6591 6592 6593 6592 6591 6590 6594 6593 6595 6592 6595 6593 6521 6596 6503 6597 6520 6598 6599 6569 6517 6599 6517 6600 6517 6541 6600 6601 6572 6526 6565 6517 6543 6602 6535 6517 6517 6603 6602 6355 6604 6605 6517 6564 6603 6535 6602 6606 6607 6355 6542 6542 6535 6606 6355 6607 6604 6605 6608 6355 6355 6608 6609 6610 6611 6355 6354 6610 6355 6535 6526 6517 6612 6613 6535 6534 6612 6535 6561 6614 6535 6535 6613 6560 6532 6531 6615 6520 6616 6523 6520 6617 6616 6615 6531 6618 6619 6520 6620 6531 6547 6618 6619 6518 6520 6618 6547 6621 6622 6520 6623 6623 6520 6519 6624 6520 6622 6621 6547 6546 6514 6510 6625 6520 6535 6617 6626 6627 6520 6626 6520 6624 6628 6520 6629 6629 6520 6627 6509 6535 6520 6628 6630 6520 6631 6625 6510 6509 6511 6547 6598 6520 6632 6633 6510 6634 6597 6635 6520 6505 6634 6510 6636 6505 6637 6637 6520 6635 6634 6505 6638 6636 6639 6505 6506 6505 6639 6640 6638 6505 6505 6504 6641 6505 6510 6520 6480 6641 6642 6643 6640 6505 6500 6480 6642 6480 6644 6645 6480 6499 6644 6645 6646 6480 6505 6647 6648 6494 6480 6646 6495 6649 6480 6480 6647 6505 6480 6650 6647 6641 6480 6505 6651 6486 6480 6490 6651 6480 6652 6480 6653 6653 6480 6654 6482 6480 6487 6480 6483 6477 6654 6480 6479 6473 6479 6477 6478 6475 6468 6566 6468 6476 6655 6656 6456 6567 6657 6468 6472 6468 6658 6659 6658 6468 6660 6468 6657 6659 6468 6661 6660 6469 6468 6662 6464 6455 6468 6663 6664 6661 6468 6465 6665 6666 6468 6665 6468 6664 6456 6455 6466 6667 6468 6666 6668 6468 6669 6468 6667 6669 6468 6668 6455 6461 6456 6466 6467 6455 6668 6456 6471 6474 6455 6670 6671 6655 6456 6458 6460 6456 6672 6456 6656 6672 6481 6673 6456 6455 6445 6674 6675 6456 6673 6676 6674 6445 6677 6456 6678 6456 6675 6678 6677 6679 6456 6444 6445 6455 6680 6456 6681 6682 6456 6679 6680 6485 6456 6683 6447 6498 6485 6684 6484 6685 6686 6445 6687 6484 6684 6438 6688 6454 6689 6484 6690 6484 6687 6690 6689 6691 6484 6438 6446 6692 6693 6489 6484 6693 6484 6691 6694 6484 6488 6695 6446 6447 6696 6697 6484 6696 6484 6694 6484 6697 6698 6699 6695 6447 6484 6700 6701 6698 6700 6484 6702 6484 6703 6704 6699 6447 6705 6447 6683 6484 6702 6492 6706 6484 6707 6484 6493 6707 6484 6708 6709 6484 6706 6708 6484 6709 6498 6498 6710 6683 6498 6503 6711 6496 6498 6709 6712 6713 6498 6712 6498 6497 6710 6498 6714 6715 6498 6713 6501 6503 6715 6498 6715 6503 6498 6716 6714 6717 6503 6718 6503 6502 6718 6717 6508 6503 6719 6716 6498 6503 6507 6720 6721 6722 6503 6711 6719 6498 6723 6503 6724 6503 6722 6724 6513 6503 6596 6503 6723 6725 6516 6503 6726 6726 6503 6725 6727 6528 6578 6727 6573 6528 6580 6579 6528 6522 6620 6520 6527 6531 6528 6515 6728 6511 6527 6509 6547 6728 6552 6511 6531 6580 6528 6574 6526 6539 6614 6617 6535 6531 6527 6547 6535 6509 6527 6729 6632 6520 6510 6509 6520 6633 6631 6510 6528 6538 6526 6601 6526 6575 6355 6611 6536 6527 6526 6535 6505 6520 6637 6648 6643 6505 6572 6517 6526 6570 6517 6571 6609 6730 6355 6356 6355 6730 6630 6731 6520 6520 6731 6729 6491 6480 6649 6650 6480 6652 6721 6503 6720 6512 6711 6503 6470 6732 6468 6663 6468 6732 6484 6701 6703 6704 6447 6705 6676 6445 6733 6456 6682 6681 6447 6734 6484 6670 6455 6674 6456 6734 6444 6671 6662 6455 6484 6498 6447 6688 6438 6692 6451 6432 6449 6484 6734 6456 6734 6438 6735 6445 6452 6685 6444 6735 6433 6686 6733 6445 6734 6447 6438 6443 6423 6450 6440 6372 6434 6734 6735 6444 6423 6736 6735 6432 6441 6737 6370 6433 6736 6737 6448 6432 6438 6423 6735 6431 6425 6437 6372 6371 6357 6735 6736 6433 6738 6736 6425 6372 6429 6739 6370 6738 6371 6739 6435 6372 6736 6423 6425 6398 6400 6428 6361 6740 6395 6736 6738 6370 6400 6387 6738 6357 6359 6741 6371 6387 6360 6741 6420 6357 6738 6425 6400 6425 6427 6400 6361 6418 6742 6738 6387 6371 6387 6361 6360 6743 6353 6393 6362 6358 6360 6378 6376 6358 6387 6400 6388 6407 6388 6400 6742 6744 6361 6361 6744 6740 6361 6395 6362 6373 6362 6365 6362 6384 6353 6390 6353 6743 6745 6746 6747 6747 6748 6749 6750 6751 6752 6747 6746 6750 6753 6745 6747 6754 6752 6751 6754 6755 6752 6756 6747 6757 6755 6758 6752 6747 6759 6760 6752 6758 6761 6759 6747 6762 6752 6761 6763 6764 6762 6747 6756 6765 6748 6766 6752 6763 6752 6767 6768 6747 6769 6764 6752 6768 6770 6747 6771 6769 6772 6752 6770 6771 6747 6773 6774 6775 6776 6773 6747 6749 6777 6778 6779 6775 6778 6776 6756 6780 6781 6749 6748 6782 6775 6783 6784 6782 6748 6785 6786 6775 6784 6765 6787 6748 6788 6775 6789 6765 6756 6781 6779 6790 6791 6779 6775 6792 6793 6794 6756 6795 6780 6756 6796 6792 6797 6798 6795 6756 6790 6799 6800 6801 6802 6803 6792 6804 6790 6796 6804 6792 6797 6792 6805 6806 6807 6808 6809 6804 6810 6801 6811 6802 6806 6812 6807 6813 6814 6799 6808 6815 6816 6816 6817 6808 6818 6819 6820 6821 6822 6823 6824 6825 6826 6827 6828 6822 6829 6830 6831 6829 6831 6832 6833 6834 6835 6836 6837 6838 6839 6835 6840 6841 6842 6834 6840 6843 6844 6833 6835 6845 6846 6843 6847 6848 6840 6849 6850 6851 6852 6843 6853 6844 6854 6855 6856 6846 6847 6857 6858 6859 6860 6861 6862 6863 6864 6865 6866 6867 6858 6860 6868 6869 6870 6871 6872 6873 6874 6875 6876 6873 6877 6878 6879 6880 6881 6882 6883 6884 6885 6886 6887 6888 6880 6879 6887 6889 6885 6890 6891 6892 6893 6894 6895 6896 6897 6898 6894 6899 6900 6901 6898 6894 6902 6903 6894 6900 6904 6894 6905 6906 6891 6891 6899 6894 6907 6908 6909 6891 6909 6892 6910 6911 6880 6891 6907 6909 6907 6912 6913 6914 6915 6907 6911 6916 6917 6907 6913 6914 6911 6918 6919 6912 6911 6919 6920 6921 6911 6921 6918 6911 6911 6922 6920 6911 6917 6922 6923 6924 6917 6922 6917 6924 6923 6925 6926 6926 6924 6923 6911 6912 6907 6891 6890 6905 6907 6915 6908 6894 6893 6902 6903 6927 6928 6894 6898 6897 6894 6904 6901 6899 6891 6906 6897 6895 6894 6929 6930 6896 6897 6896 6930 6907 6880 6911 6930 6929 6931 6887 6932 6933 6881 6907 6891 6889 6887 6928 6883 6933 6934 6883 6934 6935 6936 6874 6881 6933 6883 6887 6878 6937 6879 6874 6878 6879 6938 6939 6882 6939 6940 6941 6942 6943 6944 6877 6945 6878 6865 6946 6867 6947 6877 6873 6869 6939 6941 6948 6876 6949 6882 6939 6883 6950 6866 6868 6951 6950 6868 6871 6952 6872 6953 6948 6954 6868 6939 6869 6865 6868 6866 6871 6862 6955 6956 6856 6953 6953 6862 6871 6957 6847 6958 6959 6958 6860 6863 6862 6856 6860 6865 6867 6960 6847 6957 6961 6852 6962 6863 6852 6961 6963 6964 6965 6839 6966 6835 6847 6860 6958 6843 6846 6967 6968 6855 6969 6970 6853 6843 6971 6972 6852 6844 6973 6840 6974 6972 6971 6840 6848 6839 6975 6968 6976 6964 6977 6978 6964 6978 6971 6979 6975 6980 6965 6964 6979 6834 6833 6981 6834 6981 6982 6983 6942 6979 6842 6984 6985 6838 6986 6965 6838 6965 6942 6985 6987 6830 6984 6988 6985 6836 6989 6990 6836 6991 6837 6827 6944 6992 6834 6842 6985 6820 6993 6836 6824 6829 6994 6820 6995 6993 6830 6829 6985 6826 6996 6997 6998 6996 6826 6824 6826 6829 6818 6999 6819 7000 7001 6815 6997 7002 7000 6826 6997 7000 7003 7004 6818 6821 7005 6813 7003 6818 6821 7006 7003 7007 6808 7008 6806 7003 6813 7007 6815 6808 7000 6804 6809 7007 6807 6812 7009 7010 6804 7011 6807 7012 6811 6794 6798 6756 7013 7014 6792 7015 7016 6801 7016 6793 6756 6801 7017 7015 7018 6928 6927 7018 6889 6928 6903 6928 6894 6880 7019 6910 6891 6894 6936 6910 7020 6911 6907 6881 6880 7020 6916 6911 6894 6928 6936 6932 6887 6886 6888 6879 7021 6936 6881 6891 6936 6928 6875 6888 7022 6880 6881 6874 6879 7019 6880 7022 6928 6887 6875 6884 6883 6935 6937 6878 7023 6875 6874 6936 6887 6949 6875 6937 7024 6879 6874 6876 6878 7021 6879 7024 6949 6887 6883 6940 6939 6938 6876 6873 6878 6949 6876 6875 6883 6954 6949 6945 7025 6878 6876 6948 6873 7023 6878 7025 6954 6883 6939 6951 6868 6870 6948 6871 6873 6954 6948 6949 6954 6939 6956 6873 6872 7026 6948 6953 6871 7026 6947 6873 6939 6868 6956 6946 6865 6864 6955 6862 7027 6956 6953 6954 6956 6868 6854 6955 7028 6871 6953 6856 6862 7028 6952 6871 6868 6865 6854 6959 6860 6859 6861 6863 7029 6854 6856 6956 6854 6865 6969 6861 7030 6862 6856 6855 6863 7027 6862 7030 6865 6860 6969 6857 6847 6960 6863 6855 6852 6969 6855 6854 6860 6976 6969 6961 7031 6863 6855 6968 6852 7029 6863 7031 6976 6860 6847 6970 6843 6967 6968 6971 6852 6976 6968 6969 6976 6847 6980 6852 6972 6850 6968 6975 6971 6962 6852 6851 6980 6847 6843 6849 6840 6973 6975 6964 6971 6980 6975 6976 6980 6843 6983 6971 6978 7032 6975 6979 6964 7032 6974 6971 6843 6840 6983 6845 6835 6966 6963 6965 7033 6983 6979 6980 6983 6840 6943 6963 7034 6964 6979 6942 6965 7034 6977 6964 6840 6835 6943 6841 6834 6982 6986 6838 7035 6943 6942 6983 6943 6835 6992 6986 7036 6965 6942 6944 6838 7033 6965 7036 6835 6834 6992 6987 6985 6988 6838 6944 6836 6992 6944 6943 6834 6828 6992 6837 7037 6838 6944 6827 6836 7035 6838 7037 6834 6985 6828 6994 6829 6832 6827 6820 6836 6828 6827 6992 6828 6985 6823 6836 6993 6989 6827 6822 6820 6991 6836 6990 6823 6985 6829 6998 6826 6825 6822 6818 6820 6823 6822 6828 6823 6829 7005 6820 6819 7038 6822 6821 6818 7038 6995 6820 6829 6826 7005 7001 7000 7002 7004 7003 7039 7005 6821 6823 7005 6826 6814 7004 7040 6818 6821 6813 7003 7040 6999 6818 6826 7000 6814 7008 6808 6817 7006 7007 7041 6814 6813 7005 6814 7000 6800 7006 7042 7003 6813 6799 7007 7039 7003 7042 7000 6808 6800 7012 6807 7009 7007 6799 6804 6800 6799 6814 6808 6791 6800 6809 7043 7007 6799 6790 6804 7041 7007 7043 6808 6807 6791 6803 7017 6801 6792 6788 7013 6791 6790 6800 6807 6777 6791 6804 6796 7011 6792 6790 6779 6810 6804 7010 6807 6801 6777 6801 6807 6811 6783 6775 7044 6777 6779 6791 6777 6757 6778 6775 6788 6792 6775 6779 6778 6805 6792 7014 6801 6756 6757 6756 6801 7016 6752 6778 6757 6801 6757 6777 6757 6747 6752 6775 6774 7044 6776 6778 6752 6789 6775 6786 6748 6747 6756 6787 6785 6748 6760 7045 6747 6753 6747 7045 6750 6752 6747 6767 6752 6766 6772 6776 6752 7046 7047 7048 7049 7048 7050 7048 7049 7046 7051 7052 7053 7053 7050 7051 7051 7050 7048 7054 7047 7055 7056 7057 7058 7054 7055 7059 7060 7061 7062 7063 7054 7064 7065 7066 7067 7066 7068 7067 7069 7068 7070 7067 7068 7071 7068 7072 7070 7073 7074 7075 7076 7070 7077 7076 7078 7079 7076 7080 7081 7082 7083 7084 7085 7086 7087 7086 7088 7087 7089 7090 7091 7092 7081 7093 7094 7091 7095 7096 7091 7092 7097 7098 7099 7095 7091 7100 7101 7102 7103 7104 7105 7099 7106 7107 7108 7109 7101 7095 7110 7111 7112 7107 7099 7098 7113 7114 7115 7116 7101 7110 7117 7118 7110 7110 7101 7119 7120 7118 7121 7114 7113 7122 7123 7110 7118 7118 7122 7121 7107 7106 7124 7123 7125 7110 7126 7117 7127 7126 7128 7117 7129 7127 7130 7131 7130 7127 7129 7132 7126 7126 7127 7129 7133 7107 7098 7112 7116 7110 7094 7095 7134 7103 7095 7101 7105 7135 7099 7104 7136 7137 7138 7105 7104 7138 7104 7139 7091 7140 7089 7092 7091 7090 7137 7141 7104 7142 7137 7136 7085 7136 7086 7143 7144 7092 7136 7085 7145 7082 7084 7086 7092 7144 7081 7146 7086 7084 7081 7147 7148 7076 7148 7149 7076 7081 7148 7150 7151 7082 7150 7082 7152 7079 7070 7076 7153 7150 7152 7152 7074 7154 7075 7074 7152 7155 7075 7061 7156 7069 7070 7155 7157 7075 7073 7075 7158 7159 7155 7061 7068 7066 7160 7066 7056 7161 7062 7061 7063 7056 7066 7162 7062 7063 7163 7163 7063 7164 7162 7066 7165 7064 7054 7059 7063 7064 7166 7167 7048 7168 7169 7057 7056 7170 7171 7057 7048 7047 7054 7172 7173 7057 7173 7168 7057 7172 7171 7174 7171 7172 7057 7172 7174 7175 7169 7056 7176 7051 7048 7167 7057 7169 7177 7167 7168 7173 7168 7054 7058 7177 7170 7057 7054 7168 7048 7164 7063 7166 7056 7162 7178 7168 7058 7057 7058 7063 7161 7176 7056 7178 7058 7054 7063 7159 7061 7060 7066 7179 7165 7058 7161 7056 7161 7061 7160 7065 7179 7066 7061 7161 7063 7158 7075 7157 7068 7069 7180 7161 7160 7066 7160 7075 7072 7180 7071 7068 7160 7061 7075 7152 7154 7153 7070 7079 7181 7160 7072 7068 7152 7077 7072 7156 7070 7181 7152 7072 7075 7083 7082 7151 7076 7182 7078 7072 7077 7070 7077 7082 7080 7149 7182 7076 7082 7077 7152 7088 7086 7146 7081 7144 7183 7077 7080 7076 7080 7086 7093 7183 7147 7081 7080 7082 7086 7142 7136 7145 7092 7090 7184 7080 7093 7081 7136 7096 7093 7143 7092 7184 7136 7093 7086 7139 7104 7141 7091 7094 7185 7093 7096 7092 7096 7104 7100 7185 7140 7091 7096 7136 7104 7097 7099 7135 7095 7103 7186 7096 7100 7091 7100 7099 7109 7186 7134 7095 7099 7100 7104 7108 7107 7133 7101 7116 7187 7100 7109 7095 7107 7119 7109 7102 7101 7187 7107 7109 7099 7127 7124 7131 7128 7118 7117 7109 7119 7101 7117 7119 7127 7125 7111 7110 7119 7107 7127 7127 7107 7124 7118 7128 7114 7110 7119 7117 7118 7114 7122 7123 7118 7120 7188 7189 7190 7191 7190 7192 7190 7191 7188 7193 7194 7195 7195 7192 7193 7193 7192 7190 7196 7189 7197 7198 7199 7200 7201 7202 7196 7203 7204 7205 7206 7207 7208 7209 7207 7210 7207 7209 7211 7212 7209 7213 7214 7215 7216 7217 7218 7219 7220 7221 7212 7222 7223 7224 7212 7225 7226 7225 7227 7228 7224 7217 7222 7229 7230 7231 7231 7230 7228 7232 7233 7234 7235 7236 7237 7238 7239 7240 7241 7233 7232 7242 7243 7244 7243 7245 7244 7246 7247 7248 7239 7249 7250 7244 7247 7246 7251 7252 7246 7249 7253 7254 7255 7256 7257 7258 7259 7260 7249 7261 7257 7262 7263 7257 7255 7257 7263 7264 7263 7265 7259 7258 7266 7267 7255 7263 7263 7266 7265 7246 7252 7268 7257 7269 7253 7270 7262 7271 7246 7271 7261 7272 7271 7273 7270 7274 7262 7272 7275 7270 7270 7271 7272 7239 7276 7249 7249 7257 7253 7247 7244 7277 7278 7250 7249 7239 7279 7240 7243 7242 7280 7281 7239 7232 7282 7242 7235 7238 7232 7239 7242 7282 7283 7242 7284 7280 7232 7234 7231 7285 7232 7231 7228 7286 7231 7235 7287 7282 7288 7237 7236 7235 7237 7289 7290 7236 7224 7228 7230 7291 7290 7292 7236 7293 7288 7236 7228 7294 7225 7295 7294 7228 7225 7296 7297 7290 7224 7298 7217 7299 7222 7225 7212 7300 7215 7218 7217 7226 7225 7297 7212 7301 7209 7215 7214 7218 7302 7215 7204 7301 7212 7221 7215 7302 7303 7304 7211 7209 7204 7305 7302 7306 7207 7211 7207 7198 7307 7204 7308 7205 7198 7207 7206 7205 7308 7309 7310 7309 7308 7196 7202 7308 7198 7311 7312 7308 7202 7313 7314 7190 7315 7198 7200 7316 7311 7316 7317 7196 7190 7189 7311 7318 7315 7311 7319 7318 7311 7320 7319 7320 7311 7321 7319 7320 7322 7323 7319 7322 7314 7193 7190 7201 7196 7197 7198 7316 7311 7314 7315 7318 7196 7312 7315 7321 7311 7317 7196 7315 7190 7310 7308 7313 7198 7206 7324 7315 7312 7311 7308 7307 7312 7324 7199 7198 7312 7196 7308 7305 7204 7203 7207 7325 7208 7312 7307 7198 7307 7204 7210 7306 7325 7207 7204 7307 7308 7216 7215 7303 7209 7301 7326 7307 7210 7207 7215 7213 7210 7326 7304 7209 7210 7204 7215 7217 7219 7299 7212 7226 7327 7210 7213 7209 7217 7300 7213 7327 7220 7212 7213 7215 7217 7298 7224 7223 7225 7294 7328 7213 7300 7212 7224 7227 7300 7328 7296 7225 7224 7300 7217 7293 7236 7292 7228 7291 7329 7300 7227 7225 7236 7286 7227 7295 7228 7329 7227 7224 7236 7287 7235 7289 7231 7234 7330 7227 7286 7228 7235 7285 7286 7229 7231 7330 7235 7286 7236 7284 7242 7283 7232 7238 7331 7286 7285 7231 7242 7281 7285 7331 7241 7232 7285 7235 7242 7277 7244 7245 7239 7250 7332 7285 7281 7232 7244 7276 7281 7332 7279 7239 7244 7281 7242 7251 7246 7248 7249 7254 7333 7281 7276 7239 7261 7276 7246 7278 7249 7333 7246 7276 7244 7271 7268 7334 7274 7263 7262 7276 7261 7249 7262 7261 7271 7256 7269 7257 7268 7271 7246 7273 7271 7334 7263 7274 7259 7257 7261 7262 7263 7259 7266 7267 7263 7264 7335 7336 7337 7338 7339 7340 7341 7337 7340 7342 7339 7338 7337 7341 7335 7340 7337 7338 7343 7344 7345 7346 7345 7344 7347 7348 7349 7350 7351 7352 7353 7354 7351 7355 7356 7351 7357 7353 7358 7359 7353 7351 7360 7361 7362 7363 7361 7364 7365 7366 7367 7358 7368 7369 7370 7371 7372 7367 7360 7365 7373 7371 7374 7371 7367 7372 7375 7376 7377 7375 7378 7379 7380 7381 7382 7375 7383 7376 7384 7385 7386 7381 7376 7387 7388 7385 7389 7381 7390 7391 7388 7386 7385 7392 7390 7381 7393 7394 7395 7388 7396 7397 7394 7390 7397 7398 7399 7400 7401 7400 7399 7402 7394 7403 7404 7405 7406 7404 7406 7401 7406 7394 7407 7403 7394 7406 7408 7388 7409 7410 7395 7394 7396 7407 7397 7396 7411 7407 7412 7396 7413 7414 7413 7396 7412 7415 7416 7416 7396 7412 7417 7409 7388 7394 7393 7390 7386 7418 7419 7391 7390 7420 7382 7381 7421 7419 7418 7422 7386 7419 7423 7381 7380 7376 7424 7422 7418 7425 7418 7426 7427 7418 7425 7377 7376 7428 7429 7425 7426 7373 7426 7371 7430 7426 7373 7431 7432 7375 7375 7432 7433 7434 7374 7371 7375 7379 7431 7432 7435 7436 7436 7437 7432 7435 7432 7438 7368 7436 7439 7372 7367 7440 7358 7441 7436 7360 7442 7365 7364 7361 7360 7358 7436 7368 7353 7443 7358 7348 7444 7364 7357 7358 7445 7444 7446 7364 7364 7447 7363 7348 7448 7349 7353 7449 7354 7444 7348 7450 7451 7349 7448 7351 7452 7352 7344 7343 7448 7355 7351 7350 7453 7454 7355 7455 7451 7448 7448 7343 7456 7355 7457 7453 7355 7458 7457 7459 7460 7461 7344 7337 7336 7462 7460 7463 7459 7453 7460 7464 7453 7465 7460 7464 7463 7453 7464 7460 7338 7337 7461 7346 7344 7336 7457 7466 7453 7461 7337 7459 7459 7344 7454 7466 7465 7453 7344 7459 7337 7455 7448 7456 7355 7350 7467 7459 7454 7453 7448 7356 7454 7458 7355 7467 7454 7344 7448 7450 7348 7347 7351 7354 7468 7454 7356 7355 7356 7348 7359 7468 7452 7351 7348 7356 7448 7447 7364 7446 7353 7357 7469 7356 7359 7351 7364 7443 7359 7449 7353 7469 7359 7348 7364 7360 7362 7442 7358 7470 7445 7359 7443 7353 7443 7360 7441 7369 7470 7358 7443 7364 7360 7440 7367 7366 7436 7435 7471 7443 7441 7358 7441 7367 7437 7471 7439 7436 7367 7441 7360 7434 7371 7370 7432 7431 7472 7441 7437 7436 7371 7433 7437 7438 7432 7472 7437 7367 7371 7429 7426 7430 7375 7377 7473 7437 7433 7432 7433 7426 7383 7473 7378 7375 7426 7433 7371 7424 7418 7427 7376 7380 7474 7433 7383 7375 7418 7387 7383 7428 7376 7474 7383 7426 7418 7384 7386 7423 7381 7391 7475 7383 7387 7376 7387 7386 7392 7475 7421 7381 7386 7387 7418 7417 7388 7389 7390 7393 7476 7387 7392 7381 7388 7397 7392 7420 7390 7476 7388 7392 7386 7396 7408 7414 7403 7406 7405 7392 7397 7390 7407 7394 7397 7402 7410 7394 7396 7388 7408 7416 7411 7396 7411 7477 7407 7477 7400 7406 7477 7406 7407 7406 7400 7401 7478 7479 7480 7481 7482 7483 7484 7485 7486 7487 7488 7489 7489 7490 7491 7487 7491 7492 7487 7489 7491 7481 7487 7482 7488 7487 7481 7479 7493 7480 7493 7479 7494 7495 7480 7496 7497 7482 7478 7498 7480 7499 7500 7478 7501 7498 7502 7503 7504 7498 7503 7505 7506 7498 7507 7508 7509 7504 7510 7498 7511 7512 7513 7511 7513 7514 7515 7509 7508 7512 7516 7513 7517 7518 7519 7517 7516 7518 7515 7520 7521 7521 7509 7515 7520 7522 7521 7523 7524 7525 7526 7527 7528 7529 7526 7523 7530 7531 7532 7522 7533 7521 7534 7535 7536 7537 7531 7538 7536 7539 7522 7540 7541 7542 7543 7536 7544 7539 7536 7543 7545 7546 7547 7548 7549 7550 7551 7552 7553 7545 7544 7536 7554 7555 7556 7552 7557 7558 7556 7559 7557 7552 7556 7557 7556 7552 7560 7555 7559 7556 7554 7561 7562 7562 7555 7554 7549 7561 7554 7563 7561 7549 7564 7563 7548 7565 7566 7548 7567 7564 7568 7548 7569 7564 7570 7571 7564 7567 7563 7564 7571 7572 7564 7568 7564 7573 7572 7574 7575 7572 7575 7564 7576 7577 7578 7579 7580 7581 7578 7582 7583 7582 7578 7577 7584 7585 7583 7580 7586 7587 7588 7589 7584 7586 7590 7591 7589 7588 7592 7586 7591 7587 7593 7594 7595 7596 7597 7598 7594 7599 7600 7601 7602 7591 7587 7591 7602 7603 7604 7605 7606 7607 7608 7609 7601 7591 7609 7610 7611 7612 7609 7613 7614 7615 7616 7617 7609 7618 7619 7616 7620 7612 7613 7621 7622 7623 7624 7624 7625 7626 7618 7612 7627 7612 7628 7627 7627 7628 7629 7630 7631 7629 7632 7633 7628 7627 7629 7634 7635 7629 7628 7636 7629 7631 7623 7637 7630 7631 7630 7638 7637 7623 7639 7624 7626 7622 7637 7639 7640 7637 7638 7630 7640 7639 7641 7642 7622 7643 7644 7645 7641 7644 7622 7642 7644 7646 7647 7644 7641 7639 7648 7645 7644 7649 7644 7647 7644 7650 7648 7651 7650 7649 7652 7653 7654 7654 7653 7650 7655 7656 7657 7656 7653 7652 7655 7658 7659 7658 7655 7657 7659 7660 7661 7658 7660 7659 7659 7661 7662 7663 7664 7665 7664 7663 7666 7667 7668 7665 7664 7667 7665 7669 7670 7671 7672 7673 7486 7674 7478 7482 7662 7661 7666 7662 7666 7663 7657 7656 7652 7675 7671 7485 7674 7676 7479 7677 7678 7485 7679 7680 7681 7682 7683 7684 7685 7686 7687 7688 7689 7690 7691 7671 7692 7693 7694 7686 7695 7696 7697 7671 7670 7692 7698 7699 7700 7700 7699 7696 7701 7702 7698 7703 7692 7670 7704 7705 7706 7702 7701 7706 7707 7708 7709 7708 7707 7704 7709 7710 7711 7712 7707 7709 7713 7714 7715 7716 7709 7713 7717 7548 7550 7575 7574 7576 7718 7593 7595 7719 7561 7563 7720 7596 7721 7722 7723 7724 7725 7624 7726 7570 7564 7727 7630 7728 7623 7564 7575 7573 7624 7728 7616 7619 7624 7616 7577 7576 7574 7723 7729 7730 7731 7616 7615 7578 7583 7585 7616 7732 7723 7723 7614 7616 7584 7589 7585 7724 7723 7603 7604 7603 7723 7608 7607 7605 7608 7605 7604 7595 7592 7718 7606 7720 7721 7606 7721 7607 7720 7597 7596 7598 7600 7599 7597 7600 7598 7599 7594 7593 7592 7588 7718 7733 7552 7551 7734 7717 7550 7735 7736 7550 7539 7533 7522 7737 7738 7519 7510 7504 7739 7485 7484 7740 7695 7741 7742 7711 7743 7709 7743 7744 7745 7746 7747 7713 7748 7749 7750 7482 7497 7483 7510 7739 7514 7738 7751 7524 7498 7501 7480 7752 7753 7754 7736 7540 7755 7756 7757 7550 7506 7501 7498 7549 7554 7735 7505 7498 7510 7736 7758 7759 7760 7756 7736 7511 7514 7739 7761 7540 7762 7758 7736 7755 7513 7516 7517 7763 7755 7540 7540 7736 7764 7519 7518 7737 7541 7540 7538 7537 7538 7540 7737 7751 7738 7531 7530 7765 7765 7538 7531 7751 7525 7524 7532 7752 7754 7532 7754 7530 7753 7528 7527 7752 7528 7753 7527 7526 7529 7529 7523 7525 7491 7766 7767 7491 7486 7766 7486 7485 7672 7671 7675 7669 7768 7769 7703 7744 7770 7745 7771 7747 7746 7772 7750 7749 7773 7772 7749 7774 7775 7776 7777 7778 7774 7779 7780 7781 7782 7748 7750 7776 7783 7784 7750 7770 7782 7708 7704 7706 7742 7785 7693 7743 7713 7709 7786 7787 7689 7681 7680 7788 7712 7709 7789 7790 7791 7479 7792 7479 7676 7710 7709 7708 7676 7793 7794 7795 7792 7676 7705 7702 7706 7796 7680 7676 7793 7676 7797 7680 7797 7676 7700 7701 7698 7798 7680 7679 7680 7798 7799 7697 7696 7699 7683 7682 7681 7682 7679 7681 7695 7697 7741 7742 7741 7785 7787 7786 7684 7787 7684 7683 7787 7690 7689 7688 7685 7687 7690 7685 7688 7687 7686 7694 7694 7693 7785 7749 7800 7773 7773 7775 7774 7774 7776 7784 7801 7802 7746 7774 7784 7803 7746 7804 7805 7806 7784 7783 7807 7808 7780 7809 7784 7806 7810 7811 7809 7812 7813 7809 7814 7810 7813 7815 7816 7814 7809 7813 7810 7809 7817 7784 7818 7819 7820 7805 7780 7821 7804 7745 7750 7822 7823 7824 7805 7825 7826 7801 7805 7827 7780 7828 7829 7825 7805 7821 7805 7830 7780 7831 7821 7780 7832 7818 7823 7781 7780 7808 7820 7819 7833 7807 7833 7808 7818 7832 7819 7823 7822 7832 7824 7834 7822 7650 7644 7649 7650 7651 7654 7835 7836 7622 7622 7644 7639 7622 7639 7623 7646 7644 7642 7612 7618 7609 7632 7628 7837 7633 7838 7839 7636 7634 7629 7633 7840 7732 7732 7728 7635 7630 7629 7635 7622 7626 7835 7728 7624 7623 7643 7622 7836 7579 7586 7580 7590 7610 7591 7591 7610 7609 7613 7609 7611 7617 7601 7609 7837 7612 7621 7837 7628 7612 7633 7632 7838 7633 7635 7628 7630 7635 7728 7732 7635 7633 7624 7619 7726 7732 7616 7728 7625 7624 7725 7837 7841 7632 7838 7632 7841 7839 7840 7633 7840 7842 7732 7842 7843 7732 7732 7843 7723 7620 7616 7731 7843 7729 7723 7723 7730 7604 7614 7723 7722 7844 7569 7548 7567 7719 7563 7548 7563 7549 7727 7564 7569 7558 7545 7552 7733 7845 7846 7733 7847 7764 7764 7735 7560 7556 7560 7554 7548 7717 7565 7735 7550 7549 7844 7548 7566 7520 7534 7522 7522 7534 7536 7535 7546 7536 7536 7546 7545 7553 7545 7547 7558 7544 7545 7553 7552 7545 7845 7733 7551 7733 7560 7552 7554 7560 7735 7733 7764 7560 7736 7756 7550 7764 7736 7735 7734 7550 7757 7553 7848 7551 7845 7551 7848 7846 7847 7733 7849 7850 7847 7850 7764 7847 7540 7850 7851 7764 7850 7540 7760 7736 7759 7849 7851 7850 7851 7762 7540 7540 7761 7537 7763 7540 7542 7497 7478 7500 7852 7499 7480 7501 7478 7480 7502 7498 7499 7490 7486 7491 7767 7853 7854 7767 7855 7796 7796 7674 7492 7492 7482 7487 7480 7493 7496 7674 7479 7478 7852 7480 7495 7670 7768 7703 7691 7677 7671 7671 7677 7485 7672 7485 7678 7740 7675 7485 7673 7856 7766 7490 7484 7486 7486 7673 7766 7767 7766 7853 7767 7492 7491 7482 7492 7674 7796 7492 7767 7479 7792 7790 7676 7674 7796 7494 7479 7791 7856 7857 7766 7766 7857 7853 7854 7855 7767 7858 7859 7855 7859 7796 7855 7680 7859 7860 7796 7859 7680 7795 7676 7794 7858 7860 7859 7860 7861 7680 7788 7680 7861 7797 7680 7799 7750 7745 7770 7862 7716 7713 7743 7745 7713 7789 7709 7716 7775 7773 7800 7773 7863 7772 7804 7772 7830 7713 7745 7746 7804 7750 7772 7713 7747 7714 7804 7746 7745 7862 7713 7715 7813 7815 7814 7817 7809 7811 7806 7812 7809 7817 7803 7784 7803 7864 7774 7864 7777 7774 7865 7778 7777 7773 7774 7778 7778 7866 7863 7778 7863 7773 7863 7867 7830 7830 7772 7863 7805 7801 7746 7830 7805 7804 7771 7746 7802 7865 7866 7778 7866 7868 7863 7868 7867 7863 7869 7870 7867 7870 7830 7867 7828 7780 7870 7870 7780 7830 7827 7805 7826 7869 7871 7870 7870 7871 7828 7829 7807 7780 7831 7780 7779 7807 7820 7833 7872 7873 7874 7872 7875 7876 7875 7872 7874 7877 7878 7876 7876 7875 7877 7879 7878 7880 7877 7880 7878 7881 7879 7880 7882 7874 7873 7883 7882 7884 7873 7884 7882 7883 7885 7886 7885 7883 7884 7887 7888 7886 7886 7885 7887 7887 7889 7888 7890 7891 7892 7893 7890 7894 7890 7893 7891 7893 7894 7895 7896 7892 7891 7896 7897 7898 7898 7892 7896 7899 7900 7897 7898 7897 7900 7899 7901 7900 7902 7903 7904 7905 7906 7907 7906 7905 7908 7907 7909 7910 7910 7905 7907 7911 7912 7909 7910 7909 7912 7913 7911 7914 7911 7913 7912 7913 7914 7915 7916 7915 7917 7914 7917 7915 7916 7918 7904 7918 7916 7917 7902 7904 7919 7904 7918 7919 7920 7921 7922 7923 7924 7925 7923 7925 7926 7927 7928 7929 7930 7927 7931 7932 7933 7934 7935 7936 7937 7929 7936 7935 7938 7939 7940 7941 7939 7942 7937 7941 7935 7942 7939 7938 7941 7942 7935 7928 7936 7929 7940 7943 7944 7944 7938 7940 7944 7943 7945 7930 7928 7927 7931 7946 7947 7930 7931 7947 7948 7946 7934 7946 7948 7947 7933 7932 7949 7948 7934 7933 7950 7921 7949 7949 7932 7950 7921 7951 7922 7951 7921 7950 7922 7952 7924 7951 7952 7922 7926 7953 7954 7922 7924 7923 7953 7926 7925 7923 7926 7955 7956 7957 7958 7959 7960 7961 7962 7963 7964 7965 7966 7967 7968 7969 7970 7971 7972 7973 7974 7975 7976 7977 7978 7979 7980 7981 7982 7983 7984 7985 7986 7987 7988 7989 7990 7991 7992 7993 7994 7995 7996 7997 7998 7999 8000 8001 7995 7998 7957 7997 8002 7996 8002 7997 7957 8003 8004 8003 7957 8002 8005 7958 7957 8004 8005 7957 8006 8007 8008 8009 8010 8011 8012 7994 8013 8012 8013 8014 8015 8016 8017 7993 8018 8017 7985 8019 8020 8020 8016 8015 8021 8022 8023 7983 8021 8024 8025 8026 8027 8026 8028 8022 8029 7987 8030 8031 8027 8029 8032 8033 7988 8034 8035 8036 8035 8037 8032 8038 8039 8040 8041 8036 8038 7963 8042 8043 8039 8043 8044 8045 8046 7964 7964 8046 7962 8045 8047 8048 8048 8046 8045 8048 7978 7977 7978 8048 8047 8049 7979 8050 8049 7977 7979 8051 8052 8053 8054 8055 8056 8057 8058 8059 8060 8061 8062 8063 8064 8065 8066 8067 8068 8069 8070 8071 8072 8065 8069 8073 8074 7973 8070 8074 8075 8076 8077 7971 8078 8076 8079 8080 8081 8082 8083 8084 8085 8083 8086 8087 8087 8088 8080 8089 8084 8090 8079 8082 8091 8092 7976 8093 7975 8094 8090 8095 8096 8097 8098 8096 8092 8099 8100 8095 8101 8102 8103 8100 8104 8103 8105 7966 8106 8107 7967 8102 8108 8109 8110 8105 8111 8109 8112 8113 8114 8112 8108 8115 8116 8117 8118 8116 8114 8117 8119 7969 8120 8118 7968 8121 8122 8123 8124 8120 8122 8125 8126 8127 8128 8127 8129 8123 7961 8130 8131 8131 8132 8128 8133 8134 7959 8135 8136 8137 8138 8133 8139 8140 8141 8142 8143 8139 8141 8144 8145 8146 8147 8142 8146 8148 8149 8150 8151 8144 8149 8152 8153 8154 8154 8150 8155 8156 8157 8158 8159 8157 8153 8160 8161 8162 8160 8156 8163 8164 8165 8166 8162 8167 8166 8168 8169 8170 8165 8171 8168 8172 8173 8174 8175 8172 8170 8176 8177 8178 8178 8177 8174 8179 8180 8181 8182 8176 8180 8183 8184 8185 8185 8186 8181 8187 8188 8189 8183 8187 8190 8191 8188 8192 8193 8194 8195 8192 8193 8196 8197 8198 8199 8200 8194 8197 8201 8202 8203 8204 8198 8201 8205 8206 8207 8208 8202 8206 8209 8210 8211 8212 8207 8210 8213 8214 8215 8216 8135 8137 8217 8218 8219 8220 8221 8137 8137 8222 8220 8223 8222 8137 8008 8224 8225 8226 8227 8223 8224 8008 8228 8229 8223 8230 8223 8227 8222 8231 8224 8232 8229 8226 8223 8224 8231 8223 8230 8223 8231 8008 8233 8228 8224 8228 8232 8008 8234 8006 8008 8007 8233 8136 8002 8137 8235 8236 8237 7982 8064 7980 7963 7962 8042 8043 8042 8044 8039 8044 8040 8038 8040 8041 8036 8041 8034 8035 8034 8037 8032 8037 8033 7988 8033 7986 7987 7986 8030 8029 8030 8031 8027 8031 8025 8026 8025 8028 8022 8028 8023 8021 8023 8024 7983 8024 7984 7985 7984 8019 8020 8019 8016 8015 8017 8018 8018 7993 7992 7992 7994 8012 8013 8010 8014 8009 8011 7990 8014 8010 8009 7989 7991 8238 7990 8011 7991 7995 8001 7996 8238 8000 7999 7999 7989 8238 7998 8000 8001 8002 8136 8003 8213 8211 8239 8215 8240 8217 8216 8137 8221 8219 8241 8225 8008 8225 8241 8241 8219 8218 8218 8217 8240 8240 8215 8214 8214 8213 8239 8211 8213 8209 8210 8209 8212 8207 8212 8205 8206 8205 8208 8202 8208 8203 8201 8203 8204 8198 8204 8199 8197 8199 8200 8194 8200 8195 8193 8195 8196 8192 8196 8191 8188 8191 8189 8187 8189 8190 8183 8190 8184 8185 8184 8186 8181 8186 8179 8180 8179 8182 8176 8182 8177 8178 8174 8173 8173 8172 8175 8175 8170 8169 8169 8168 8171 8171 8165 8164 8164 8166 8167 8167 8162 8161 8161 8160 8163 8163 8156 8158 8158 8157 8159 8159 8153 8152 8152 8154 8155 8150 8154 8148 8149 8148 8151 8144 8151 8145 8146 8145 8147 8142 8147 8140 8141 8140 8143 8139 8143 8138 8133 8138 8134 7959 8134 7960 7961 7960 8130 8131 8130 8132 8128 8132 8126 8127 8126 8129 8123 8129 8124 8122 8124 8125 8120 8125 8119 7969 8119 7970 7968 7970 8121 8118 8121 8116 8117 8114 8113 8113 8112 8115 8115 8108 8110 8110 8109 8111 8111 8105 8106 8106 7966 7965 7965 7967 8107 8107 8102 8101 8101 8103 8104 8104 8100 8099 8099 8095 8097 8097 8096 8098 8098 8092 8093 7976 8092 7974 7975 7974 8094 8090 8094 8089 8084 8089 8085 8083 8085 8086 8087 8086 8088 8080 8088 8081 8082 8081 8091 8079 8091 8078 8076 8078 8077 7971 8077 7972 7973 7972 8073 8074 8073 8075 8070 8075 8071 8069 8071 8072 8065 8072 8063 8064 8063 7980 7982 7981 8066 8068 8067 8058 8066 7981 8067 8061 8057 8059 8057 8068 8058 8051 8060 8062 8062 8061 8059 8052 8054 8053 8051 8053 8060 8055 8235 8056 8052 8055 8054 8237 8236 8050 8056 8235 8237 8049 8050 8236 8242 8243 8244 8245 8246 8247 8248 8249 8250 8251 8252 8253 8248 8250 8254 8252 8255 8256 8257 8254 8250 8258 8259 8260 8242 8253 8252 8261 8258 8262 8250 8258 8261 8263 8264 8265 8258 8266 8267 8258 8250 8268 8265 8269 8263 8270 8253 8242 8271 8267 8269 8258 8267 8259 8256 8272 8273 8267 8274 8259 8273 8275 8266 8266 8275 8276 8273 8268 8252 8275 8277 8278 8275 8273 8277 8279 8280 8248 8277 8273 8281 8282 8283 8248 8242 8244 8284 8282 8248 8280 8243 8285 8244 8243 8246 8286 8286 8287 8243 8288 8289 8282 8286 8246 8245 8290 8291 8282 8289 8290 8282 8292 8290 8289 8293 8290 8294 8295 8296 8246 8297 8295 8298 8299 8300 8290 8301 8302 8303 8294 8304 8305 8301 8294 8302 8296 8295 8306 8307 8294 8305 8308 8298 8303 8294 8307 8302 8309 8298 8308 8310 8302 8307 8297 8311 8295 8297 8298 8312 8298 8309 8313 8312 8298 8313 8309 8308 8314 8315 8295 8311 8295 8315 8306 8290 8300 8294 8303 8298 8301 8301 8295 8293 8300 8304 8294 8295 8301 8298 8247 8246 8296 8290 8316 8299 8301 8293 8294 8293 8246 8291 8292 8316 8290 8293 8295 8246 8285 8243 8287 8282 8280 8317 8293 8291 8290 8291 8243 8283 8317 8288 8282 8243 8291 8246 8270 8242 8284 8248 8254 8318 8291 8283 8282 8283 8242 8249 8318 8279 8248 8242 8283 8243 8255 8252 8251 8250 8261 8319 8283 8249 8248 8252 8268 8249 8319 8257 8250 8252 8249 8242 8273 8272 8320 8276 8267 8266 8249 8268 8250 8266 8268 8273 8262 8258 8260 8273 8252 8256 8281 8273 8320 8267 8276 8263 8258 8268 8266 8269 8267 8263 8274 8267 8271 8321 8322 8323 8324 8325 8326 8327 8322 8328 8329 8330 8331 8332 8333 8334 8334 8329 8332 8328 8335 8336 8337 8338 8339 8332 8340 8333 8328 8341 8327 8328 8322 8342 8343 8344 8345 8341 8328 8346 8340 8332 8343 8346 8328 8336 8343 8345 8347 8347 8340 8343 8348 8346 8336 8339 8344 8343 8348 8349 8346 8337 8339 8343 8329 8331 8332 8350 8331 8330 8351 8324 8322 8352 8331 8353 8324 8354 8322 8355 8352 8356 8324 8357 8358 8355 8359 8360 8355 8361 8331 8360 8361 8355 8326 8362 8324 8363 8359 8364 8359 8365 8360 8366 8359 8363 8367 8360 8365 8368 8359 8366 8355 8369 8370 8371 8359 8368 8359 8372 8365 8366 8373 8368 8374 8362 8326 8326 8375 8376 8373 8377 8368 8375 8326 8378 8378 8326 8361 8378 8379 8380 8380 8375 8378 8381 8382 8378 8379 8378 8382 8383 8381 8384 8381 8383 8382 8383 8384 8385 8342 8322 8386 8327 8337 8343 8342 8387 8328 8337 8327 8341 8327 8351 8322 8335 8328 8387 8343 8332 8351 8331 8350 8353 8322 8354 8323 8343 8351 8327 8351 8325 8324 8386 8322 8321 8325 8332 8331 8355 8356 8369 8324 8362 8357 8332 8325 8351 8361 8326 8325 8354 8324 8358 8331 8352 8355 8370 8364 8359 8378 8388 8389 8331 8361 8325 8378 8361 8360 8374 8326 8376 8355 8370 8359 8371 8372 8359 8367 8390 8360 8378 8390 8388 8378 8360 8390 8389 8381 8378 8391 8392 8393 8394 8395 8396 8394 8396 8397 8398 8399 8395 8396 8395 8399 8400 8398 8401 8398 8400 8399 8401 8402 8403 8403 8400 8401 8404 8405 8406 8403 8402 8407 8408 8409 8410 8411 8412 8413 8414 8415 8416 8417 8418 8419 8420 8421 8422 8423 8424 8425 8426 8423 8427 8427 8419 8426 8423 8426 8424 8420 8418 8417 8417 8419 8427 8422 8418 8420 8414 8416 8421 8416 8422 8421 8409 8415 8410 8415 8414 8410 8411 8408 8412 8409 8408 8411 8413 8391 8393 8412 8391 8413 8392 8404 8406 8392 8406 8393 8402 8405 8407 8407 8405 8404 8428 8429 8430 8431 8432 8433 8431 8433 8434 8435 8436 8432 8433 8432 8436 8437 8435 8438 8435 8437 8436 8438 8439 8440 8440 8437 8438 8441 8442 8443 8440 8439 8444 8445 8446 8447 8448 8449 8450 8451 8452 8453 8454 8455 8456 8457 8458 8459 8460 8461 8462 8463 8460 8464 8464 8456 8463 8460 8463 8461 8457 8455 8454 8454 8456 8464 8459 8455 8457 8451 8453 8458 8453 8459 8458 8446 8452 8447 8452 8451 8447 8448 8445 8449 8446 8445 8448 8450 8428 8430 8449 8428 8450 8429 8441 8443 8429 8443 8430 8439 8442 8444 8444 8442 8441 8465 8466 8467 8468 8469 8470 8468 8470 8471 8472 8473 8474 8471 8475 8476 8468 8477 8469 8476 8478 8479 8476 8475 8480 8481 8482 8483 8476 8482 8473 8484 8485 8486 8487 8484 8486 8488 8485 8489 8485 8484 8490 8491 8492 8485 8493 8494 8485 8495 8496 8497 8498 8499 8497 8500 8497 8501 8502 8497 8503 8491 8504 8505 8506 8491 8507 8496 8508 8498 8501 8499 8509 8510 8511 8512 8466 8513 8514 8515 8516 8517 8518 8519 8520 8521 8467 8466 8520 8522 8523 8524 8525 8526 8527 8528 8529 8522 8530 8523 8531 8532 8527 8524 8533 8534 8535 8536 8537 8525 8538 8539 8540 8541 8542 8543 8544 8545 8546 8547 8548 8549 8540 8550 8551 8540 8552 8553 8551 8547 8554 8551 8555 8556 8557 8558 8559 8560 8561 8562 8555 8559 8563 8564 8559 8559 8564 8560 8565 8566 8567 8568 8569 8570 8569 8566 8565 8571 8572 8569 8569 8573 8570 8572 8574 8575 8572 8575 8569 8576 8577 8578 8576 8574 8572 8579 8580 8581 8580 8579 8577 8582 8583 8584 8580 8583 8585 8586 8587 8588 8584 8587 8589 8590 8591 8592 8588 8592 8593 8594 8595 8596 8590 8597 8598 8599 8600 8601 8596 8601 8600 8602 8603 8604 8599 8605 8603 8606 8607 8608 8609 8607 8610 8611 8612 8613 8614 8611 8606 8615 8613 8616 8612 8616 8613 8617 8618 8615 8615 8616 8617 8618 8619 8620 8619 8618 8617 8621 8620 8622 8619 8622 8620 8623 8624 8621 8621 8622 8623 8624 8625 8626 8625 8624 8623 8627 8626 8628 8625 8628 8626 8614 8612 8611 8627 8628 8629 8630 8551 8631 8632 8633 8634 8559 8569 8635 8569 8636 8573 8606 8608 8614 8606 8610 8607 8610 8602 8609 8574 8576 8578 8604 8603 8605 8609 8602 8604 8605 8599 8601 8594 8596 8600 8594 8598 8595 8597 8590 8592 8595 8598 8597 8591 8593 8592 8593 8586 8588 8586 8589 8587 8589 8582 8584 8582 8585 8583 8585 8581 8580 8579 8578 8577 8575 8636 8569 8569 8637 8635 8638 8571 8569 8561 8639 8559 8559 8635 8640 8555 8553 8559 8561 8560 8641 8642 8566 8643 8641 8644 8561 8552 8536 8547 8554 8645 8551 8646 8643 8647 8648 8642 8643 8543 8649 8547 8650 8649 8543 8543 8651 8652 8547 8653 8548 8540 8654 8655 8656 8654 8540 8542 8657 8540 8655 8541 8540 8657 8550 8540 8658 8543 8659 8655 8660 8541 8646 8647 8661 8539 8526 8525 8662 8527 8663 8541 8664 8665 8662 8531 8527 8666 8667 8541 8668 8541 8665 8666 8541 8668 8667 8669 8670 8541 8667 8671 8670 8672 8673 8674 8667 8670 8675 8676 8677 8677 8673 8678 8679 8680 8681 8680 8676 8682 8683 8684 8685 8679 8686 8687 8688 8689 8690 8691 8690 8692 8687 8686 8693 8694 8690 8689 8695 8691 8692 8694 8692 8690 8695 8684 8691 8695 8685 8684 8696 8683 8697 8683 8685 8698 8699 8700 8701 8696 8701 8700 8702 8703 8704 8703 8699 8705 8706 8707 8702 8704 8706 8702 8708 8709 8710 8710 8707 8711 8712 8713 8714 8709 8715 8716 8717 8718 8714 8712 8714 8718 8719 8720 8718 8718 8717 8719 8720 8721 8722 8721 8720 8719 8632 8722 8723 8721 8723 8722 8632 8723 8633 8713 8712 8716 8709 8724 8715 8716 8715 8713 8708 8710 8711 8724 8709 8708 8711 8707 8706 8704 8703 8705 8697 8701 8696 8700 8699 8703 8689 8688 8693 8698 8697 8683 8687 8680 8679 8688 8687 8693 8682 8676 8675 8680 8682 8681 8678 8673 8672 8677 8678 8675 8674 8725 8667 8673 8674 8670 8726 8667 8666 8727 8667 8726 8541 8728 8729 8671 8728 8541 8730 8731 8658 8530 8732 8733 8647 8527 8530 8734 8730 8658 8658 8735 8734 8736 8527 8532 8737 8738 8530 8528 8527 8736 8527 8523 8530 8739 8523 8529 8740 8741 8742 8521 8743 8744 8519 8521 8744 8745 8521 8466 8741 8746 8517 8742 8524 8534 8515 8517 8747 8748 8516 8515 8467 8521 8518 8749 8750 8465 8751 8752 8753 8501 8749 8516 8754 8755 8516 8499 8756 8509 8509 8749 8501 8757 8500 8501 8511 8758 8513 8759 8512 8753 8500 8503 8497 8511 8750 8512 8760 8510 8512 8496 8495 8761 8496 8761 8762 8763 8496 8764 8765 8495 8497 8766 8496 8767 8766 8768 8496 8769 8491 8494 8770 8771 8772 8770 8768 8773 8770 8772 8774 8494 8491 8485 8482 8485 8492 8473 8774 8474 8775 8776 8492 8496 8768 8770 8777 8778 8473 8489 8485 8490 8779 8473 8778 8473 8779 8780 8492 8483 8482 8781 8486 8782 8476 8479 8782 8770 8473 8508 8783 8508 8482 8473 8784 8785 8784 8473 8786 8785 8787 8788 8784 8787 8785 8785 8789 8790 8788 8789 8785 8496 8762 8764 8466 8511 8513 8791 8753 8792 8759 8793 8512 8504 8491 8506 8775 8491 8794 8753 8505 8792 8756 8795 8796 8753 8491 8505 8493 8485 8797 8498 8508 8798 8783 8482 8481 8486 8485 8476 8476 8473 8785 8799 8800 8483 8801 8481 8802 8803 8794 8752 8760 8512 8804 8805 8806 8807 8753 8794 8491 8756 8798 8795 8805 8808 8809 8802 8806 8809 8805 8809 8806 8808 8810 8809 8800 8802 8481 8802 8800 8806 8473 8780 8811 8481 8483 8800 8472 8777 8473 8508 8812 8798 8813 8814 8815 8814 8813 8509 8509 8796 8814 8742 8741 8517 8658 8816 8543 8530 8733 8647 8817 8659 8818 8522 8520 8519 8530 8522 8737 8737 8522 8819 8820 8523 8739 8821 8658 8523 8820 8821 8523 8735 8658 8821 8822 8823 8519 8522 8519 8823 8817 8525 8659 8824 8524 8526 8731 8825 8658 8826 8659 8536 8659 8826 8818 8544 8543 8816 8826 8536 8827 8828 8543 8545 8547 8649 8829 8650 8543 8830 8543 8547 8536 8537 8536 8552 8547 8546 8831 8547 8829 8653 8832 8547 8833 8834 8835 8552 8643 8566 8553 8630 8656 8551 8645 8836 8551 8837 8556 8547 8555 8551 8553 8556 8837 8557 8556 8838 8839 8646 8840 8643 8648 8643 8841 8842 8843 8556 8842 8556 8844 8556 8647 8643 8843 8845 8527 8733 8846 8647 8527 8847 8663 8527 8845 8847 8669 8667 8727 8671 8667 8725 8640 8563 8559 8569 8565 8638 8568 8637 8569 8542 8541 8729 8660 8664 8541 8559 8639 8562 8566 8642 8848 8567 8566 8848 8569 8559 8566 8551 8656 8540 8549 8834 8552 8547 8832 8837 8631 8551 8836 8556 8558 8838 8566 8559 8553 8553 8547 8556 8840 8841 8643 8552 8540 8549 8835 8537 8552 8833 8547 8831 8551 8552 8547 8844 8556 8839 8643 8553 8556 8843 8527 8556 8846 8661 8647 8827 8536 8535 8830 8543 8652 8543 8536 8659 8828 8651 8543 8530 8849 8732 8527 8647 8556 8523 8527 8529 8738 8849 8530 8658 8825 8816 8538 8525 8817 8850 8742 8534 8519 8851 8822 8658 8525 8852 8522 8823 8853 8852 8520 8523 8853 8819 8522 8525 8658 8659 8533 8524 8824 8519 8518 8521 8658 8852 8523 8852 8524 8854 8519 8744 8855 8520 8854 8518 8855 8851 8519 8524 8852 8525 8740 8742 8850 8745 8466 8856 8852 8854 8520 8742 8857 8854 8521 8745 8858 8857 8467 8518 8858 8743 8521 8742 8854 8524 8747 8517 8746 8466 8465 8511 8854 8857 8518 8857 8517 8859 8466 8860 8856 8467 8859 8465 8514 8860 8466 8517 8857 8742 8516 8748 8754 8750 8509 8751 8857 8859 8467 8859 8749 8465 8511 8510 8861 8511 8465 8750 8861 8758 8511 8516 8859 8517 8501 8755 8862 8509 8813 8751 8859 8516 8749 8509 8750 8749 8751 8753 8512 8512 8750 8751 8793 8804 8512 8755 8501 8516 8757 8501 8862 8796 8509 8756 8813 8808 8751 8808 8805 8751 8752 8751 8805 8753 8752 8794 8759 8753 8791 8497 8499 8501 8497 8502 8765 8812 8795 8798 8491 8775 8492 8507 8491 8769 8498 8497 8496 8763 8767 8496 8774 8473 8770 8812 8508 8783 8473 8482 8508 8781 8863 8486 8482 8476 8485 8797 8485 8488 8496 8770 8508 8773 8771 8770 8786 8473 8811 8785 8468 8476 8476 8468 8471 8478 8476 8480 8486 8476 8782 8863 8487 8486 8864 8865 8866 8867 8868 8869 8870 8871 8872 8864 8873 8869 8871 8874 8875 8865 8876 8877 8878 8876 8879 8868 8880 8881 8882 8879 8883 8881 8884 8885 8882 8886 8887 8888 8889 8890 8891 8892 8893 8894 8895 8896 8897 8898 8888 8899 8900 8901 8902 8903 8904 8905 8906 8888 8888 8906 8897 8888 8890 8905 8885 8907 8888 8889 8888 8907 8885 8884 8907 8887 8886 8870 8885 8868 8881 8880 8868 8867 8867 8869 8873 8873 8864 8866 8866 8865 8877 8877 8876 8878 8878 8879 8882 8883 8886 8882 8887 8870 8872 8908 8909 8910 8874 8871 8910 8871 8875 8872 8871 8908 8910 8908 8891 8911 8909 8908 8911 8908 8892 8891 8892 8894 8912 8893 8892 8912 8892 8895 8894 8904 8903 8895 8896 8895 8903 8902 8904 8913 8900 8914 8904 8913 8904 8914 8901 8900 8915 8900 8899 8914 8916 8915 8898 8900 8898 8915 8917 8918 8898 8898 8918 8916 8897 8917 8898</p>
        </triangles>
      </mesh>
    </geometry>
    <geometry id="ID11">
      <mesh>
        <source id="ID12">
          <float_array count="3144" id="ID13">0.0901285 0.057 0.993419 0.0900586 0.057 0.993298 0.090901 0.057 0.99296 0.0941323 0.057 0.988579 0.0938432 0.057 0.989431 0.0937319 0.057 0.989391 0.089994 0.057 0.993174 0.0908422 0.057 0.992858 0.0909654 0.057 0.99306 0.0902822 0.057 0.99365 0.0902029 0.057 0.993536 0.0907392 0.057 0.992645 0.0907882 0.057 0.992753 0.0899349 0.057 0.993049 0.0910342 0.057 0.993156 0.0911073 0.057 0.993248 0.0903664 0.057 0.993761 0.090625 0.057 0.992309 0.0906577 0.057 0.992423 0.0897893 0.057 0.992657 0.0898323 0.057 0.992789 0.0906956 0.057 0.992535 0.089881 0.057 0.99292 0.0897202 0.057 0.992388 0.0897519 0.057 0.992523 0.0905765 0.057 0.992078 0.0905978 0.057 0.992194 0.0896941 0.057 0.99225 0.0896737 0.057 0.992112 0.0905608 0.057 0.991961 0.0921612 0.057 0.993983 0.0918139 0.057 0.994813 0.0920513 0.057 0.993941 0.091443 0.057 0.99358 0.090962 0.057 0.994345 0.0908533 0.057 0.994259 0.0896506 0.057 0.991556 0.0896593 0.057 0.991418 0.090548 0.057 0.991607 0.0905465 0.057 0.991724 0.0896476 0.057 0.991695 0.0926193 0.057 0.994097 0.0923499 0.057 0.994963 0.0925033 0.057 0.994077 0.0922743 0.057 0.99402 0.0920779 0.057 0.994899 0.0919449 0.057 0.994859 0.0897205 0.057 0.991004 0.0906113 0.057 0.991139 0.090587 0.057 0.991254 0.0905683 0.057 0.99137 0.0896944 0.057 0.991141 0.0899946 0.057 0.990217 0.0908159 0.057 0.990585 0.0907642 0.057 0.990692 0.0929033 0.057 0.995021 0.0929731 0.057 0.994123 0.0930421 0.057 0.995021 0.0935955 0.057 0.994963 0.0934588 0.057 0.994986 0.0933261 0.057 0.994097 0.0906769 0.057 0.990911 0.0898329 0.057 0.990602 0.0898814 0.057 0.990471 0.0934425 0.057 0.994077 0.093558 0.057 0.994052 0.0937315 0.057 0.994934 0.0903675 0.057 0.98963 0.0904562 0.057 0.989523 0.0910719 0.057 0.990188 0.0915875 0.057 0.989704 0.0914917 0.057 0.989774 0.0909627 0.057 0.989047 0.0900594 0.057 0.990094 0.0908724 0.057 0.990481 0.0941316 0.057 0.994814 0.0937832 0.057 0.993984 0.093894 0.057 0.993942 0.0940006 0.057 0.994859 0.0936715 0.057 0.99402 0.0942609 0.057 0.994762 0.094002 0.057 0.993894 0.0913999 0.057 0.989849 0.0913121 0.057 0.989927 0.0907486 0.057 0.989224 0.0946352 0.057 0.994577 0.0941073 0.057 0.993842 0.0942103 0.057 0.993784 0.0916853 0.057 0.98863 0.0921087 0.057 0.989429 0.0919997 0.057 0.989473 0.0949835 0.057 0.994345 0.0944073 0.057 0.993654 0.0945003 0.057 0.993582 0.0943106 0.057 0.993721 0.0947541 0.057 0.994505 0.0946767 0.057 0.993425 0.0947584 0.057 0.99334 0.0953971 0.057 0.993973 0.0950922 0.057 0.994259 0.0945906 0.057 0.993505 0.0948362 0.057 0.993251 0.0949098 0.057 0.993159 0.0955786 0.057 0.993763 0.0930428 0.057 0.988372 0.0930353 0.057 0.98927 0.0929041 0.057 0.988372 0.0959515 0.057 0.993175 0.0951017 0.057 0.992862 0.0951559 0.057 0.992757 0.0933216 0.057 0.988389 0.0932713 0.057 0.989288 0.0931539 0.057 0.989276 0.0938683 0.057 0.988494 0.0940013 0.057 0.988534 0.0958867 0.057 0.993299 0.0958172 0.057 0.99342 0.0953468 0.057 0.992201 0.096194 0.057 0.992524 0.0953193 0.057 0.992316 0.0952047 0.057 0.99265 0.0952482 0.057 0.992541 0.0960647 0.057 0.992921 0.0944593 0.057 0.989778 0.0943645 0.057 0.989708 0.0949841 0.057 0.989048 0.0952864 0.057 0.99243 0.0961132 0.057 0.992791 0.0952306 0.057 0.990806 0.0960651 0.057 0.990472 0.0961139 0.057 0.990604 0.0947231 0.057 0.990015 0.0953976 0.057 0.98942 0.0948027 0.057 0.990102 0.0953363 0.057 0.991144 0.0953067 0.057 0.99103 0.0961942 0.057 0.99087 0.0962257 0.057 0.992389 0.0955798 0.057 0.989631 0.095664 0.057 0.989742 0.0948783 0.057 0.990193 0.0950769 0.057 0.990487 0.0958876 0.057 0.990095 0.0951336 0.057 0.990591 0.0942657 0.057 0.989643 0.0947556 0.057 0.988889 0.0950929 0.057 0.989134 0.094551 0.057 0.989853 0.0953984 0.057 0.991613 0.0953915 0.057 0.991495 0.0962957 0.057 0.991557 0.0962956 0.057 0.991836 0.095395 0.057 0.991849 0.0953996 0.057 0.991731 0.0946394 0.057 0.989932 0.0953005 0.057 0.989321 0.0952714 0.057 0.990917 0.0961569 0.057 0.990736 0.0951847 0.057 0.990697 0.0959521 0.057 0.990219 0.0953687 0.057 0.992084 0.0953847 0.057 0.991967 0.0962723 0.057 0.992114 0.0948717 0.057 0.988966 0.0951989 0.057 0.989226 0.0957433 0.057 0.989856 0.0950155 0.057 0.990386 0.0949495 0.057 0.990288 0.0958177 0.057 0.989974 0.0962724 0.057 0.99128 0.096287 0.057 0.991419 0.0953789 0.057 0.991378 0.0960113 0.057 0.990344 0.096226 0.057 0.991005 0.0953603 0.057 0.99126 0.0962521 0.057 0.991143 0.0962985 0.057 0.991697 0.0954906 0.057 0.989523 0.0962518 0.057 0.992252 0.0962869 0.057 0.991975 0.0940598 0.057 0.989527 0.094513 0.057 0.988749 0.0941639 0.057 0.989582 0.0946359 0.057 0.988816 0.0942612 0.057 0.98863 0.0939531 0.057 0.989476 0.0943881 0.057 0.988687 0.096011 0.057 0.993049 0.0961565 0.057 0.992658 0.0937332 0.057 0.988459 0.0936192 0.057 0.989357 0.0935041 0.057 0.989328 0.0935963 0.057 0.98843 0.093388 0.057 0.989305 0.0950423 0.057 0.992964 0.0934595 0.057 0.988407 0.0957428 0.057 0.993537 0.0949785 0.057 0.993063 0.0956631 0.057 0.993652 0.0931826 0.057 0.988378 0.0929171 0.057 0.98927 0.0954899 0.057 0.99387 0.0926814 0.057 0.989287 0.0926262 0.057 0.988389 0.0927994 0.057 0.989276 0.0927652 0.057 0.988377 0.0951975 0.057 0.994168 0.0952994 0.057 0.994073 0.0924484 0.057 0.989327 0.0923506 0.057 0.98843 0.0925642 0.057 0.989304 0.0924874 0.057 0.988406 0.0948705 0.057 0.994427 0.0922146 0.057 0.988459 0.0923339 0.057 0.989355 0.0919456 0.057 0.988534 0.0922201 0.057 0.989389 0.0920795 0.057 0.988493 0.0945136 0.057 0.994644 0.0918146 0.057 0.988579 0.0918922 0.057 0.989524 0.0915578 0.057 0.988687 0.0943884 0.057 0.994706 0.0917875 0.057 0.989579 0.0914326 0.057 0.988749 0.091192 0.057 0.988888 0.091686 0.057 0.989639 0.091311 0.057 0.988816 0.0910757 0.057 0.988965 0.0938667 0.057 0.9949 0.0908539 0.057 0.989134 0.0912276 0.057 0.99001 0.0906468 0.057 0.98932 0.0911475 0.057 0.990098 0.0905491 0.057 0.98942 0.0902034 0.057 0.989856 0.0910008 0.057 0.990282 0.090934 0.057 0.990381 0.0932094 0.057 0.994112 0.09332 0.057 0.995004 0.090129 0.057 0.989973 0.0931809 0.057 0.995015 0.0930917 0.057 0.99412 0.0899352 0.057 0.990343 0.0907178 0.057 0.9908 0.0906414 0.057 0.991024 0.0897897 0.057 0.990735 0.0926245 0.057 0.995004 0.0927363 0.057 0.994112 0.0927635 0.057 0.995015 0.0928542 0.057 0.99412 0.0923883 0.057 0.994052 0.092213 0.057 0.994934 0.0897521 0.057 0.990869 0.0919432 0.057 0.993894 0.0916849 0.057 0.994762 0.091558 0.057 0.994706 0.0905553 0.057 0.991488 0.0896739 0.057 0.991279 0.0914331 0.057 0.994644 0.0918371 0.057 0.993841 0.0907473 0.057 0.994167 0.0913534 0.057 0.993504 0.0896505 0.057 0.991835 0.0905507 0.057 0.991843 0.0910744 0.057 0.994426 0.0915371 0.057 0.993653 0.0916341 0.057 0.99372 0.0913103 0.057 0.994576 0.0911905 0.057 0.994504 0.0917339 0.057 0.993783 0.0911852 0.057 0.993337 0.0904556 0.057 0.993869 0.0896592 0.057 0.991974 0.0906457 0.057 0.994072 0.0905485 0.057 0.993972 0.0912675 0.057 0.993423 0.090283 0.057 0.989741 0.0924866 0.057 0.994986 0.09235 0.0570278 0.989331 0.0919592 0.0570278 0.98947 0.0922201 0.057 0.989389 0.0929801 0.0570519 0.994166 0.09298 0.0570278 0.994143 0.0925665 0.0570278 0.994108 0.0931778 0.0570717 0.989207 0.0931803 0.0570865 0.989177 0.0927516 0.0570865 0.989178 0.0913854 0.0570981 0.989602 0.0912887 0.0570981 0.989679 0.0915144 0.0570999 0.989551 0.092344 0.0570519 0.989308 0.091938 0.0570717 0.989424 0.0919494 0.0570519 0.989449 0.0923124 0.0570999 0.989188 0.0927458 0.0570999 0.989112 0.0925027 0.0570981 0.989111 0.0925642 0.057 0.989304 0.0927587 0.0570278 0.98926 0.0916944 0.0570981 0.989401 0.0915881 0.0570981 0.989463 0.0935955 0.0570717 0.989278 0.0936031 0.0570865 0.989248 0.0931756 0.0570519 0.989235 0.0927543 0.0570717 0.989209 0.0927994 0.057 0.989276 0.0929171 0.057 0.98927 0.0918038 0.0570981 0.989343 0.0918979 0.0570999 0.989336 0.0935887 0.0570519 0.989304 0.0929932 0.0570981 0.989069 0.0931858 0.0570999 0.989111 0.0930353 0.057 0.98927 0.0931736 0.0570278 0.989258 0.0939953 0.0570717 0.989418 0.0940078 0.0570865 0.98939 0.0921451 0.0570981 0.989202 0.0920288 0.0570981 0.989244 0.0927567 0.0570519 0.989236 0.0922629 0.0570981 0.989166 0.093388 0.057 0.989305 0.0935828 0.0570278 0.989327 0.0936196 0.0570999 0.989184 0.0933612 0.0570981 0.989097 0.0943827 0.0570865 0.989598 0.0943657 0.0570717 0.989623 0.0939841 0.0570519 0.989443 0.0936192 0.057 0.989357 0.0937319 0.057 0.989391 0.0926249 0.0570981 0.989092 0.0943504 0.0570519 0.989646 0.0940349 0.0570999 0.98933 0.0938392 0.0570981 0.989215 0.0938432 0.057 0.989431 0.0939743 0.0570278 0.989465 0.094717 0.0570865 0.989866 0.094696 0.0570717 0.989888 0.0928697 0.0570981 0.989071 0.0931164 0.0570981 0.989072 0.0943371 0.0570278 0.989666 0.0941639 0.057 0.989582 0.0941782 0.0570981 0.989361 0.0944196 0.0570999 0.989543 0.0949768 0.0570717 0.990206 0.0950012 0.0570865 0.990188 0.0946771 0.0570519 0.989908 0.0944593 0.057 0.989778 0.0943645 0.057 0.989708 0.0934832 0.0570981 0.989119 0.0949547 0.0570519 0.990222 0.0947627 0.0570999 0.989819 0.0945911 0.0570981 0.989626 0.0946607 0.0570278 0.989926 0.094551 0.057 0.989853 0.0937216 0.0570981 0.989177 0.0951999 0.0570717 0.990566 0.095227 0.0570865 0.990552 0.0950543 0.0570999 0.990148 0.0949462 0.0570981 0.989961 0.0939547 0.0570981 0.989259 0.0951754 0.0570519 0.990578 0.094287 0.0570981 0.989421 0.0948027 0.057 0.990102 0.0949357 0.0570278 0.990236 0.0943919 0.0570981 0.989485 0.095359 0.0570717 0.990958 0.095388 0.0570865 0.990949 0.0951685 0.0570981 0.990252 0.095286 0.0570999 0.990522 0.0949495 0.057 0.990288 0.0950155 0.057 0.990386 0.0950769 0.057 0.990487 0.0953327 0.0570519 0.990966 0.0946853 0.0570981 0.989703 0.0951542 0.0570278 0.990589 0.0954512 0.0570999 0.99093 0.0953979 0.0570981 0.990683 0.0954494 0.0570717 0.991372 0.0954796 0.0570865 0.991368 0.094863 0.0570981 0.989871 0.0954221 0.0570519 0.991376 0.0952306 0.057 0.990806 0.09531 0.0570278 0.990973 0.0950245 0.0570981 0.990054 0.095499 0.0570865 0.991796 0.0954685 0.0570717 0.991795 0.0955434 0.0570981 0.99115 0.0955452 0.0570999 0.99136 0.0953067 0.057 0.99103 0.0953363 0.057 0.991144 0.0953603 0.057 0.99126 0.0954411 0.0570519 0.991794 0.0955662 0.0570981 0.992122 0.0955104 0.0570999 0.992236 0.0955435 0.0570981 0.992243 0.0952332 0.0570981 0.990356 0.0955651 0.0570999 0.991799 0.0955945 0.0570981 0.991513 0.0954457 0.0570865 0.992222 0.0955314 0.057096 0.991798 0.0954814 0.0570981 0.990913 0.0954422 0.0570981 0.990797 0.0955832 0.0570981 0.992001 0.0955945 0.0570981 0.99188 0.0956002 0.0570981 0.991757 0.095566 0.0570981 0.99127 0.0956002 0.0570981 0.991635 0.0955831 0.0570981 0.991391 0.0954775 0.057096 0.992229 0.0955153 0.0570981 0.991031 0.0953985 0.0570278 0.991379 0.095293 0.0570981 0.990462 0.0954159 0.0570717 0.992216 0.095389 0.0570519 0.99221 0.0953658 0.0570278 0.992205 0.0953984 0.057 0.991613 0.0954173 0.0570278 0.991793 0.095395 0.057 0.991849 0.0953847 0.057 0.991967 0.0953687 0.057 0.992084 0.0953468 0.057 0.992201 0.092337 0.0570717 0.989281 0.0921087 0.057 0.989429 0.0919997 0.057 0.989473 0.0909421 0.0570981 0.990029 0.0911729 0.0570999 0.989829 0.0910226 0.0570981 0.989935 0.0911076 0.0570981 0.989846 0.0923292 0.0570865 0.989252 0.0915976 0.0570278 0.989674 0.0917875 0.057 0.989579 0.0915842 0.0570519 0.989654 0.0912399 0.0570717 0.989898 0.091259 0.0570519 0.989918 0.0919253 0.0570865 0.989396 0.0908832 0.0570999 0.99016 0.0907952 0.0570981 0.990226 0.0907284 0.0570981 0.99033 0.0914917 0.057 0.989774 0.0912755 0.0570278 0.989935 0.0913999 0.057 0.989849 0.0915687 0.0570717 0.989631 0.0906669 0.0570981 0.990437 0.0906535 0.0570999 0.990535 0.0913121 0.057 0.989927 0.0915516 0.0570865 0.989606 0.0905591 0.0570981 0.990658 0.090513 0.0570981 0.990773 0.0910023 0.0570278 0.990247 0.0911475 0.057 0.990098 0.0907645 0.0570519 0.990591 0.0909831 0.0570519 0.990233 0.0907399 0.0570717 0.990578 0.0912188 0.0570865 0.989876 0.0904374 0.0570981 0.991007 0.0904078 0.0570981 0.991127 0.0904906 0.0570999 0.990944 0.0907857 0.0570278 0.990601 0.090934 0.057 0.990381 0.0903839 0.0570981 0.991247 0.0903992 0.0570999 0.991374 0.090961 0.0570717 0.990217 0.0903466 0.0570981 0.991615 0.0903533 0.0570981 0.991492 0.0908159 0.057 0.990585 0.0908724 0.057 0.990481 0.0909364 0.0570865 0.990199 0.0906321 0.0570278 0.990987 0.0907178 0.057 0.9908 0.0903611 0.0570981 0.991984 0.0903817 0.0570999 0.991814 0.0903504 0.0570981 0.991861 0.0906769 0.057 0.990911 0.0903774 0.0570981 0.992106 0.0907127 0.0570865 0.990565 0.0905831 0.0570717 0.990972 0.0905459 0.0570278 0.991392 0.0906113 0.057 0.991139 0.0905223 0.0570519 0.99139 0.0904605 0.0570981 0.992466 0.0904388 0.0570999 0.99225 0.0904272 0.0570981 0.992347 0.090587 0.057 0.991254 0.0905683 0.057 0.99137 0.090495 0.0570717 0.991386 0.0906094 0.0570519 0.99098 0.0905539 0.0570865 0.990963 0.0905689 0.0570999 0.99267 0.0904993 0.0570981 0.992583 0.090548 0.057 0.991607 0.0905294 0.0570278 0.991807 0.0905465 0.057 0.991724 0.0906481 0.0570981 0.992921 0.0905933 0.0570981 0.992811 0.0904648 0.0570865 0.991382 0.0904782 0.0570717 0.991809 0.0905833 0.0570278 0.992218 0.0905608 0.057 0.991961 0.0905601 0.0570519 0.992224 0.0905978 0.057 0.992194 0.0905765 0.057 0.992078 0.0908428 0.0570981 0.993235 0.0907681 0.0570999 0.993063 0.0907729 0.0570981 0.993133 0.0904478 0.0570865 0.991811 0.0909171 0.0570981 0.993333 0.0905057 0.0570519 0.991808 0.0905332 0.0570717 0.992229 0.0906577 0.057 0.992423 0.0907059 0.0570278 0.992615 0.0906956 0.057 0.992535 0.0905035 0.0570865 0.992236 0.091167 0.0570981 0.993605 0.0910307 0.0570999 0.993416 0.0910795 0.0570981 0.993518 0.0908938 0.0570278 0.992985 0.0907882 0.057 0.992753 0.0906584 0.0570717 0.992634 0.0908735 0.0570519 0.992997 0.0913492 0.0570999 0.993719 0.0912581 0.0570981 0.993687 0.0906839 0.0570519 0.992624 0.0906302 0.0570865 0.992646 0.0914513 0.0570981 0.993839 0.0915534 0.0570981 0.993908 0.0908502 0.0570717 0.993012 0.0910342 0.057 0.993156 0.0911414 0.0570278 0.993318 0.0911073 0.057 0.993248 0.0908243 0.0570865 0.993028 0.0917685 0.0570981 0.994032 0.0918799 0.0570981 0.994086 0.0917144 0.0570999 0.993965 0.0914418 0.0570278 0.993604 0.0912675 0.057 0.993423 0.091103 0.0570717 0.993352 0.0914269 0.0570519 0.993622 0.0919933 0.0570981 0.994135 0.0921158 0.0570999 0.994145 0.0911236 0.0570519 0.993333 0.0910802 0.0570865 0.993372 0.0923469 0.0570981 0.994248 0.0922276 0.0570981 0.994216 0.0914097 0.0570717 0.993644 0.0917862 0.0570278 0.993835 0.0916341 0.057 0.99372 0.0917339 0.057 0.993783 0.0913906 0.0570865 0.993668 0.0927129 0.0570981 0.994311 0.0925419 0.0570999 0.994254 0.0925898 0.0570981 0.994296 0.0928361 0.0570981 0.994321 0.0917613 0.0570717 0.99388 0.0921647 0.0570278 0.994005 0.0919432 0.057 0.993894 0.0921568 0.0570519 0.994028 0.0932074 0.0570981 0.994314 0.0929804 0.0570999 0.99429 0.0930839 0.0570981 0.994322 0.0917746 0.0570519 0.993856 0.0923883 0.057 0.994052 0.0917465 0.0570865 0.993907 0.09333 0.0570981 0.9943 0.0934187 0.0570999 0.994252 0.0921478 0.0570717 0.994053 0.0925033 0.057 0.994077 0.093574 0.0570981 0.994255 0.0936936 0.0570981 0.994223 0.0921377 0.0570865 0.994082 0.0941542 0.0570981 0.994044 0.0942446 0.0570999 0.993957 0.0940427 0.0570981 0.994097 0.092558 0.0570717 0.994159 0.0944734 0.0570981 0.993854 0.0943702 0.0570981 0.993922 0.0929802 0.0570717 0.994194 0.0925626 0.0570519 0.994132 0.0946696 0.0570981 0.993703 0.0947625 0.0570981 0.993621 0.0946084 0.0570999 0.99371 0.0937945 0.0570278 0.994 0.093558 0.057 0.994052 0.0933933 0.0570278 0.994106 0.0938442 0.0570999 0.99414 0.093894 0.057 0.993942 0.094002 0.057 0.993894 0.0947584 0.057 0.99334 0.0946767 0.057 0.993425 0.0948139 0.0570278 0.993307 0.0934021 0.0570717 0.994157 0.0934073 0.0570865 0.994187 0.093822 0.0570865 0.994077 0.0952454 0.0570278 0.992602 0.0951017 0.057 0.992862 0.0950597 0.0570278 0.992973 0.0938117 0.0570717 0.994049 0.0942122 0.0570865 0.9939 0.0951858 0.0570999 0.99305 0.0950914 0.0570981 0.993251 0.0951621 0.0570981 0.99315 0.0948318 0.0570519 0.993323 0.0945152 0.0570278 0.993595 0.0945302 0.0570519 0.993614 0.0949252 0.0570999 0.993405 0.094851 0.0570981 0.993535 0.0948754 0.0570865 0.993361 0.0951294 0.0570865 0.993016 0.0948525 0.0570717 0.993341 0.0951571 0.057096 0.993033 0.0953828 0.0570999 0.992657 0.0953515 0.057096 0.992644 0.0952893 0.0570981 0.992937 0.0953452 0.0570981 0.992827 0.0953957 0.0570981 0.992714 0.0954407 0.0570981 0.9926 0.0954804 0.0570981 0.992483 0.0955146 0.0570981 0.992364 0.0949098 0.057 0.993159 0.0952281 0.0570981 0.993046 0.09508 0.0570519 0.992985 0.0949785 0.057 0.993063 0.0953193 0.057 0.992316 0.0952864 0.057 0.99243 0.0951559 0.057 0.992757 0.0952482 0.057 0.992541 0.0952675 0.0570519 0.992611 0.0952047 0.057 0.99265 0.0945475 0.0570717 0.993635 0.0941837 0.0570519 0.993849 0.0941972 0.0570717 0.993873 0.0941721 0.0570278 0.993828 0.0945906 0.057 0.993505 0.0938025 0.0570519 0.994023 0.0943106 0.057 0.993721 0.0941073 0.057 0.993842 0.0950157 0.0570981 0.993349 0.0933974 0.0570519 0.99413 0.0929802 0.0570865 0.994224 0.0925529 0.0570865 0.994189 0.0933261 0.057 0.994097 0.0932094 0.057 0.994112 0.0939283 0.0570981 0.994144 0.0927363 0.057 0.994112 0.095348 0.0570981 0.990572 0.0955118 0.057096 0.991364 0.0953915 0.057 0.991495 0.0953996 0.057 0.991731 0.0950986 0.0570981 0.990151 0.0954191 0.057096 0.99094 0.0953789 0.057 0.991378 0.0947759 0.0570981 0.989785 0.095256 0.057096 0.990537 0.0951847 0.057 0.990697 0.0952714 0.057 0.990917 0.0944933 0.0570981 0.989553 0.0950273 0.057096 0.990168 0.0951336 0.057 0.990591 0.0940675 0.0570981 0.989307 0.0947395 0.057096 0.989843 0.0947231 0.057 0.990015 0.0948783 0.057 0.990193 0.093603 0.0570981 0.989145 0.0944008 0.057096 0.989571 0.0946394 0.057 0.989932 0.0932389 0.0570981 0.989082 0.0940211 0.057096 0.98936 0.0940598 0.057 0.989527 0.0942657 0.057 0.989643 0.0927469 0.0570981 0.989078 0.0936112 0.057096 0.989217 0.0939531 0.057 0.989476 0.0923819 0.0570981 0.989136 0.093183 0.057096 0.989145 0.0932713 0.057 0.989288 0.0935041 0.057 0.989328 0.091915 0.0570981 0.989291 0.0927487 0.057096 0.989146 0.0931539 0.057 0.989276 0.0914852 0.0570981 0.98953 0.0923209 0.057096 0.98922 0.0924484 0.057 0.989327 0.0926814 0.057 0.989287 0.0911961 0.0570981 0.989761 0.0919119 0.057096 0.989366 0.0923339 0.057 0.989355 0.0908664 0.0570981 0.990126 0.0915333 0.057096 0.989579 0.091686 0.057 0.989639 0.0918922 0.057 0.989524 0.0906105 0.0570981 0.990546 0.0911962 0.057096 0.989853 0.0915875 0.057 0.989704 0.0904725 0.0570981 0.990889 0.0909103 0.057096 0.99018 0.0910719 0.057 0.990188 0.0912276 0.057 0.99001 0.0903657 0.0570981 0.991369 0.0906836 0.057096 0.99055 0.0910008 0.057 0.990282 0.0903456 0.0570981 0.991738 0.0905228 0.057096 0.990954 0.0907642 0.057 0.990692 0.0903994 0.0570981 0.992227 0.0904325 0.057096 0.991378 0.0906414 0.057 0.991024 0.0905434 0.0570981 0.992697 0.0904153 0.057096 0.991812 0.0905553 0.057 0.991488 0.0907078 0.0570981 0.993028 0.0904717 0.057096 0.992243 0.0905507 0.057 0.991843 0.0909957 0.0570981 0.993427 0.0906001 0.057096 0.992658 0.090625 0.057 0.992309 0.0913528 0.0570981 0.993765 0.0907967 0.057096 0.993045 0.0909654 0.057 0.99306 0.0908422 0.057 0.992858 0.0907392 0.057 0.992645 0.0916592 0.0570981 0.993972 0.0910559 0.057096 0.993393 0.090901 0.057 0.99296 0.0921092 0.0570981 0.994178 0.0913703 0.057096 0.993693 0.0915371 0.057 0.993653 0.0913534 0.057 0.993504 0.0911852 0.057 0.993337 0.0924673 0.0570981 0.994275 0.0917307 0.057096 0.993935 0.091443 0.057 0.99358 0.0929594 0.0570981 0.994324 0.092127 0.057096 0.994113 0.0922743 0.057 0.99402 0.0920513 0.057 0.993941 0.0918371 0.057 0.993841 0.0934524 0.0570981 0.99428 0.0925475 0.057096 0.994221 0.0921612 0.057 0.993983 0.0938114 0.0570981 0.994187 0.0929803 0.057096 0.994257 0.0930917 0.057 0.99412 0.0928542 0.057 0.99412 0.0926193 0.057 0.994097 0.0942633 0.0570981 0.993986 0.0934129 0.057096 0.994219 0.0929731 0.057 0.994123 0.094573 0.0570981 0.993781 0.0938329 0.057096 0.994108 0.0936715 0.057 0.99402 0.0934425 0.057 0.994077 0.0949352 0.0570981 0.993444 0.0942281 0.057096 0.993928 0.0937832 0.057 0.993984 0.0945667 0.0570865 0.993659 0.0945872 0.057096 0.993684 0.0944073 0.057 0.993654 0.0942103 0.057 0.993784 0.0948999 0.057096 0.993383 0.0945003 0.057 0.993582 0.0951034 0.0570717 0.993 0.0950423 0.057 0.992964 0.0948362 0.057 0.993251 0.0953213 0.0570865 0.992632 0.095293 0.0570717 0.992621 0.0950914 0.0570981 0.993251 0.0957428 0.057 0.993537 0.0951621 0.0570981 0.99315 0.0914513 0.0570981 0.993839 0.0910744 0.057 0.994426 0.0911905 0.057 0.994504 0.0952281 0.0570981 0.993046 0.0958172 0.057 0.99342 0.0958867 0.057 0.993299 0.0952893 0.0570981 0.992937 0.0959515 0.057 0.993175 0.0953452 0.0570981 0.992827 0.0953957 0.0570981 0.992714 0.096011 0.057 0.993049 0.0960647 0.057 0.992921 0.0954407 0.0570981 0.9926 0.0961132 0.057 0.992791 0.0954804 0.0570981 0.992483 0.0955146 0.0570981 0.992364 0.0961565 0.057 0.992658 0.0962257 0.057 0.992389 0.096194 0.057 0.992524 0.0962518 0.057 0.992252 0.0955435 0.0570981 0.992243 0.0955662 0.0570981 0.992122 0.0962723 0.057 0.992114 0.0962869 0.057 0.991975 0.0955832 0.0570981 0.992001 0.0962956 0.057 0.991836 0.0955945 0.0570981 0.99188 0.0956002 0.0570981 0.991757 0.0962985 0.057 0.991697 0.0962957 0.057 0.991557 0.0956002 0.0570981 0.991635 0.096287 0.057 0.991419 0.0955945 0.0570981 0.991513 0.0955831 0.0570981 0.991391 0.0962724 0.057 0.99128 0.095566 0.0570981 0.99127 0.0962521 0.057 0.991143 0.096226 0.057 0.991005 0.0955434 0.0570981 0.99115 0.0961942 0.057 0.99087 0.0955153 0.0570981 0.991031 0.0954814 0.0570981 0.990913 0.0961569 0.057 0.990736 0.0961139 0.057 0.990604 0.0954422 0.0570981 0.990797 0.0960651 0.057 0.990472 0.0953979 0.0570981 0.990683 0.095348 0.0570981 0.990572 0.0960113 0.057 0.990344 0.0959521 0.057 0.990219 0.095293 0.0570981 0.990462 0.0958876 0.057 0.990095 0.0952332 0.0570981 0.990356 0.0958177 0.057 0.989974 0.0957433 0.057 0.989856 0.095664 0.057 0.989742 0.0951685 0.0570981 0.990252 0.0955798 0.057 0.989631 0.0950986 0.0570981 0.990151 0.0950245 0.0570981 0.990054 0.0954906 0.057 0.989523 0.0953976 0.057 0.98942 0.0949462 0.0570981 0.989961 0.0953005 0.057 0.989321 0.094863 0.0570981 0.989871 0.0947759 0.0570981 0.989785 0.0951989 0.057 0.989226 0.0950929 0.057 0.989134 0.0946853 0.0570981 0.989703 0.0949841 0.057 0.989048 0.0945911 0.0570981 0.989626 0.0944933 0.0570981 0.989553 0.0948717 0.057 0.988966 0.0943919 0.0570981 0.989485 0.0947556 0.057 0.988889 0.0946359 0.057 0.988816 0.094287 0.0570981 0.989421 0.0956631 0.057 0.993652 0.0955786 0.057 0.993763 0.0950157 0.0570981 0.993349 0.0949352 0.0570981 0.993444 0.0954899 0.057 0.99387 0.094851 0.0570981 0.993535 0.0953971 0.057 0.993973 0.0952994 0.057 0.994073 0.0947625 0.0570981 0.993621 0.0946696 0.0570981 0.993703 0.0951975 0.057 0.994168 0.094573 0.0570981 0.993781 0.0950922 0.057 0.994259 0.0949835 0.057 0.994345 0.0944734 0.0570981 0.993854 0.0943702 0.0570981 0.993922 0.0948705 0.057 0.994427 0.0947541 0.057 0.994505 0.0946352 0.057 0.994577 0.0945136 0.057 0.994644 0.0942633 0.0570981 0.993986 0.0941542 0.0570981 0.994044 0.0943884 0.057 0.994706 0.0940427 0.0570981 0.994097 0.0942609 0.057 0.994762 0.0939283 0.0570981 0.994144 0.0938114 0.0570981 0.994187 0.0941316 0.057 0.994814 0.0936936 0.0570981 0.994223 0.0940006 0.057 0.994859 0.0938667 0.057 0.9949 0.093574 0.0570981 0.994255 0.0934524 0.0570981 0.99428 0.0937315 0.057 0.994934 0.0935955 0.057 0.994963 0.0934588 0.057 0.994986 0.09332 0.057 0.995004 0.09333 0.0570981 0.9943 0.0932074 0.0570981 0.994314 0.0931809 0.057 0.995015 0.0930839 0.0570981 0.994322 0.0930421 0.057 0.995021 0.0929033 0.057 0.995021 0.0929594 0.0570981 0.994324 0.0928361 0.0570981 0.994321 0.0927635 0.057 0.995015 0.0927129 0.0570981 0.994311 0.0926245 0.057 0.995004 0.0924866 0.057 0.994986 0.0925898 0.0570981 0.994296 0.0924673 0.0570981 0.994275 0.0923499 0.057 0.994963 0.092213 0.057 0.994934 0.0923469 0.0570981 0.994248 0.0922276 0.0570981 0.994216 0.0920779 0.057 0.994899 0.0921092 0.0570981 0.994178 0.0919449 0.057 0.994859 0.0918139 0.057 0.994813 0.0919933 0.0570981 0.994135 0.0918799 0.0570981 0.994086 0.0916849 0.057 0.994762 0.0917685 0.0570981 0.994032 0.091558 0.057 0.994706 0.0914331 0.057 0.994644 0.0916592 0.0570981 0.993972 0.0915534 0.0570981 0.993908 0.0913103 0.057 0.994576 0.0908533 0.057 0.994259 0.0913528 0.0570981 0.993765 0.0912581 0.0570981 0.993687 0.0905485 0.057 0.993972 0.0910795 0.0570981 0.993518 0.0909957 0.0570981 0.993427 0.0907473 0.057 0.994167 0.091167 0.0570981 0.993605 0.0906457 0.057 0.994072 0.0907729 0.0570981 0.993133 0.0902029 0.057 0.993536 0.0902822 0.057 0.99365 0.0909171 0.0570981 0.993333 0.0903664 0.057 0.993761 0.0904556 0.057 0.993869 0.0905933 0.0570981 0.992811 0.089994 0.057 0.993174 0.0906481 0.0570981 0.992921 0.0900586 0.057 0.993298 0.0901285 0.057 0.993419 0.0907078 0.0570981 0.993028 0.0898323 0.057 0.992789 0.0904605 0.0570981 0.992466 0.0897893 0.057 0.992657 0.0899349 0.057 0.993049 0.0905434 0.0570981 0.992697 0.089881 0.057 0.99292 0.0903994 0.0570981 0.992227 0.0903774 0.0570981 0.992106 0.0896941 0.057 0.99225 0.0897519 0.057 0.992523 0.0904272 0.0570981 0.992347 0.0896476 0.057 0.991695 0.0896505 0.057 0.991835 0.0903456 0.0570981 0.991738 0.0896592 0.057 0.991974 0.0896737 0.057 0.992112 0.0903611 0.0570981 0.991984 0.0896593 0.057 0.991418 0.0903657 0.0570981 0.991369 0.0896739 0.057 0.991279 0.0903466 0.0570981 0.991615 0.0903533 0.0570981 0.991492 0.0896506 0.057 0.991556 0.0904374 0.0570981 0.991007 0.0897897 0.057 0.990735 0.0897521 0.057 0.990869 0.0904078 0.0570981 0.991127 0.0896944 0.057 0.991141 0.0903839 0.0570981 0.991247 0.0899352 0.057 0.990343 0.0898814 0.057 0.990471 0.0905591 0.0570981 0.990658 0.0898329 0.057 0.990602 0.0904725 0.0570981 0.990889 0.090513 0.0570981 0.990773 0.0900594 0.057 0.990094 0.0907284 0.0570981 0.99033 0.090129 0.057 0.989973 0.0906105 0.0570981 0.990546 0.0906669 0.0570981 0.990437 0.0899946 0.057 0.990217 0.0909421 0.0570981 0.990029 0.0904562 0.057 0.989523 0.0903675 0.057 0.98963 0.0908664 0.0570981 0.990126 0.090283 0.057 0.989741 0.0907952 0.0570981 0.990226 0.0907486 0.057 0.989224 0.0906468 0.057 0.98932 0.0911961 0.0570981 0.989761 0.0905491 0.057 0.98942 0.0910226 0.0570981 0.989935 0.0911076 0.0570981 0.989846 0.0910757 0.057 0.988965 0.0914852 0.0570981 0.98953 0.091192 0.057 0.988888 0.0913854 0.0570981 0.989602 0.0909627 0.057 0.989047 0.0908539 0.057 0.989134 0.0918038 0.0570981 0.989343 0.0915578 0.057 0.988687 0.0914326 0.057 0.988749 0.0916944 0.0570981 0.989401 0.091311 0.057 0.988816 0.0915881 0.0570981 0.989463 0.0919456 0.057 0.988534 0.0921451 0.0570981 0.989202 0.0922629 0.0570981 0.989166 0.0916853 0.057 0.98863 0.0920288 0.0570981 0.989244 0.0918146 0.057 0.988579 0.0922146 0.057 0.988459 0.0925027 0.0570981 0.989111 0.0923506 0.057 0.98843 0.0923819 0.0570981 0.989136 0.0920795 0.057 0.988493 0.0926249 0.0570981 0.989092 0.0924874 0.057 0.988406 0.0927469 0.0570981 0.989078 0.0926262 0.057 0.988389 0.0927652 0.057 0.988377 0.0928697 0.0570981 0.989071 0.0929932 0.0570981 0.989069 0.0929041 0.057 0.988372 0.0931164 0.0570981 0.989072 0.0930428 0.057 0.988372 0.0931826 0.057 0.988378 0.0932389 0.0570981 0.989082 0.0933612 0.0570981 0.989097 0.0933216 0.057 0.988389 0.0934832 0.0570981 0.989119 0.0934595 0.057 0.988407 0.0937332 0.057 0.988459 0.0935963 0.057 0.98843 0.093603 0.0570981 0.989145 0.0938683 0.057 0.988494 0.0937216 0.0570981 0.989177 0.0940013 0.057 0.988534 0.0941323 0.057 0.988579 0.0938392 0.0570981 0.989215 0.0939547 0.0570981 0.989259 0.0942612 0.057 0.98863 0.0940675 0.0570981 0.989307 0.0943881 0.057 0.988687 0.094513 0.057 0.988749 0.0941782 0.0570981 0.989361 0.091915 0.0570981 0.989291 0.0912887 0.0570981 0.989679 0.0902034 0.057 0.989856 0.0897205 0.057 0.991004 0.0903504 0.0570981 0.991861 0.0897202 0.057 0.992388 0.0904993 0.0570981 0.992583 0.0908428 0.0570981 0.993235 0.090962 0.057 0.994345</float_array>
          <technique_common>
            <accessor count="1048" source="#ID13" stride="3">
              <param name="X" type="float"/>
              <param name="Y" type="float"/>
              <param name="Z" type="float"/>
            </accessor>
          </technique_common>
        </source>
        <source id="ID14">
          <float_array count="3144" id="ID15">0 1 0 0 1 0 0 1 0 0 1 0 0 1 0 0 1 0 0 1 0 0 1 0 0 1 0 0 1 0 0 1 0 0 1 0 0 1 0 0 1 0 0 1 0 0 1 0 0 1 0 0 1 0 0 1 0 0 1 0 0 1 0 0 1 0 0 1 0 0 1 0 0 1 0 0 1 0 0 1 0 0 1 0 0 1 0 0 1 0 0 1 0 0 1 0 0 1 0 0 1 0 0 1 0 0 1 0 0 1 0 0 1 0 0 1 0 0 1 0 0 1 0 0 1 0 0 1 0 0 1 0 0 1 0 0 1 0 0 1 0 0 1 0 0 1 0 0 1 0 0 1 0 0 1 0 0 1 0 0 1 0 0 1 0 0 1 0 0 1 0 0 1 0 0 1 0 0 1 0 0 1 0 0 1 0 0 1 0 0 1 0 0 1 0 0 1 0 0 1 0 0 1 0 0 1 0 0 1 0 0 1 0 0 1 0 0 1 0 0 1 0 0 1 0 0 1 0 0 1 0 0 1 0 0 1 0 0 1 0 0 1 0 0 1 0 0 1 0 0 1 0 0 1 0 0 1 0 0 1 0 0 1 0 0 1 0 0 1 0 0 1 0 0 1 0 0 1 0 0 1 0 0 1 0 0 1 0 0 1 0 0 1 0 0 1 0 0 1 0 0 1 0 0 1 0 0 1 0 0 1 0 0 1 0 0 1 0 0 1 0 0 1 0 0 1 0 0 1 0 0 1 0 0 1 0 0 1 0 0 1 0 0 1 0 0 1 0 0 1 0 0 1 0 0 1 0 0 1 0 0 1 0 0 1 0 0 1 0 0 1 0 0 1 0 0 1 0 0 1 0 0 1 0 0 1 0 0 1 0 0 1 0 0 1 0 0 1 0 0 1 0 0 1 0 0 1 0 0 1 0 0 1 0 0 1 0 0 1 0 0 1 0 0 1 0 0 1 0 0 1 0 0 1 0 0 1 0 0 1 0 0 1 0 0 1 0 0 1 0 0 1 0 0 1 0 0 1 0 0 1 0 0 1 0 0 1 0 0 1 0 0 1 0 0 1 0 0 1 0 0 1 0 0 1 0 0 1 0 0 1 0 0 1 0 0 1 0 0 1 0 0 1 0 0 1 0 0 1 0 0 1 0 0 1 0 0 1 0 0 1 0 0 1 0 0 1 0 0 1 0 0 1 0 0 1 0 0 1 0 0 1 0 0 1 0 0 1 0 0 1 0 0 1 0 0 1 0 0 1 0 0 1 0 0 1 0 0 1 0 0 1 0 0 1 0 0 1 0 0 1 0 0 1 0 0 1 0 0 1 0 0 1 0 0 1 0 0 1 0 0 1 0 0 1 0 0 1 0 0 1 0 0 1 0 0 1 0 0 1 0 0 1 0 0 1 0 0 1 0 0 1 0 0 1 0 0 1 0 0 1 0 0 1 0 0 1 0 0 1 0 0 1 0 0 1 0 0 1 0 0 1 0 0 1 0 0 1 0 0 1 0 0 1 0 0 1 0 0 1 0 0 1 0 0 1 0 0 1 0 0 1 0 0 1 0 0 1 0 0 1 0 0 1 0 0 1 0 0 1 0 0 1 0 0 1 0 0 1 0 0 1 0 0 1 0 0 1 0 0 1 0 0 1 0 0 1 0 0 1 0 0 1 0 0 1 0 0 1 0 0 1 0 0 1 0 0 1 0 0 1 0 0 1 0 0 1 0 0 1 0 0 1 0 0 1 0 0 1 0 0 1 0 0 1 0 0 1 0 0 1 0 0 1 0 0 1 0 0 1 0 0 1 0 0 1 0 0 1 0 0 1 0 0 1 0 0 1 0 0 1 0 0 1 0 0 1 0 0 1 0 0 1 0 0 1 0 -0.195938 -0.63896 -0.743868 -0.318834 -0.63896 -0.700054 -0.26847 -0.5 -0.823361 0.0018408 -0.759596 0.650393 0.00217717 -0.63896 0.769237 -0.127856 -0.63896 0.75854 0.0420504 -0.858449 -0.511173 0.0295717 -0.932684 -0.35948 -0.0316061 -0.932684 -0.359307 0.0840747 -0.990268 0.110908 0.0891808 -0.990268 0.106846 -0.0168221 -0.999552 -0.0247379 -0.165666 -0.759596 -0.628943 -0.212586 -0.858449 -0.466769 -0.269575 -0.759596 -0.591898 -0.00761999 -0.999552 -0.0289289 -0.00262138 -0.999552 -0.0298006 0.0248809 -0.990268 0.136931 -0.145665 -0.5 -0.853687 -0.0674051 -0.63896 -0.766281 0.0676944 -0.990268 0.1216 0.0733197 -0.990268 0.118294 0.127834 -0.858449 -0.496713 0.0898988 -0.932684 -0.349312 0.053323 -0.759596 -0.648206 -0.0449432 -0.858449 -0.510927 -0.0619037 -0.5 -0.86381 -0.0197526 -0.5 -0.8658 0.0619203 -0.990268 0.12464 -0.0123994 -0.999552 -0.027225 0.162103 -0.759596 -0.629871 -0.00108761 -0.990268 0.139169 0.00245265 -0.999552 -0.0298149 0.0224456 -0.5 -0.865735 0.0630665 -0.63896 -0.766651 0.20994 -0.858449 -0.467965 0.14764 -0.932684 -0.329094 0.0438336 -0.990268 0.13209 0.0499768 -0.990268 0.12989 -0.0569913 -0.759596 -0.647894 0.037594 -0.990268 0.134 0.14832 -0.5 -0.85323 0.191724 -0.63896 -0.744965 0.00745611 -0.999552 -0.0289716 -0.020589 -0.990268 0.137642 0.201133 -0.932684 -0.299409 0.286007 -0.858449 -0.425753 0.26622 -0.759596 -0.593415 0.230642 -0.5 -0.834748 0.27103 -0.5 -0.822522 0.0184353 -0.990268 0.137947 0.362679 -0.759596 -0.539888 0.0122451 -0.999552 -0.0272947 -0.0458927 -0.990268 0.131389 0.310775 -0.5 -0.808343 0.314866 -0.63896 -0.701848 0.24884 -0.932684 -0.261111 0.353846 -0.858449 -0.371294 0.00543675 -0.990268 0.139067 -0.00760961 -0.990268 0.138965 0.42895 -0.63896 -0.638539 0.425213 -0.5 -0.754449 -0.0638608 -0.990268 0.123657 0.0166818 -0.999552 -0.0248327 0.411505 -0.858449 -0.306153 0.289389 -0.932684 -0.215301 0.448703 -0.759596 -0.470829 0.53058 -0.5 -0.684459 0.496609 -0.5 -0.709492 -0.027018 -0.990268 0.136526 0.521819 -0.759596 -0.388225 0.0206386 -0.999552 -0.0216563 -0.0856836 -0.990268 0.10967 0.530693 -0.63896 -0.556862 0.563292 -0.5 -0.657801 -0.0396837 -0.990268 0.133396 0.457326 -0.858449 -0.232205 0.321613 -0.932684 -0.163297 0.0240016 -0.999552 -0.0178568 -0.104502 -0.990268 0.0919154 -0.0520007 -0.990268 0.129093 0.579924 -0.759596 -0.294453 -0.0695866 -0.990268 0.120528 0.653107 -0.5 -0.568728 0.61717 -0.63896 -0.459164 -0.0751189 -0.990268 0.11716 0.48999 -0.858449 -0.151576 0.344584 -0.932684 -0.106595 -0.116278 -0.990268 0.076477 0.0266742 -0.999552 -0.0135437 0.705349 -0.5 -0.502477 0.728988 -0.5 -0.467522 0.750896 -0.5 -0.431457 0.621345 -0.759596 -0.19221 -0.0906933 -0.990268 0.105565 0.685892 -0.63896 -0.348257 0.0285794 -0.999552 -0.0088409 -0.128424 -0.990268 0.0536331 0.508559 -0.858449 -0.066587 0.357642 -0.932684 -0.046827 -0.100113 -0.990268 0.0966779 0.644891 -0.759596 -0.0844374 0.805738 -0.5 -0.317469 0.734881 -0.63896 -0.227332 -0.108666 -0.990268 0.0869539 0.360411 -0.932684 0.0142883 0.512497 -0.858449 0.0203176 -0.136132 -0.990268 0.0289358 0.0296624 -0.999552 -0.00388379 0.832806 -0.5 -0.237558 0.843389 -0.5 -0.196708 0.85197 -0.5 -0.155392 0.649885 -0.759596 0.0257643 -0.137331 -0.990268 -0.0225708 0.0292619 -0.999552 0.00621981 -0.136132 -0.990268 -0.0289358 -0.11971 -0.990268 0.0709843 0.0298921 -0.999552 0.00118506 -0.138834 -0.990268 0.00970824 0.352812 -0.932684 0.0749926 0.197991 -0.980172 0.00784923 -0.132853 -0.990268 0.0414639 -0.13078 -0.990268 0.0476001 -0.138232 -0.990268 -0.016157 -0.138834 -0.990268 -0.00970824 -0.139136 -0.990268 -0.00323842 -0.137331 -0.990268 0.0225708 -0.139136 -0.990268 0.00323842 -0.138232 -0.990268 0.016157 0.193816 -0.980172 0.0411969 -0.134638 -0.990268 0.035238 0.76273 -0.63896 -0.0998663 -0.122883 -0.990268 0.0653379 0.501691 -0.858449 0.106638 0.636183 -0.759596 0.135225 0.75243 -0.63896 0.159934 0.865519 -0.5 -0.0296256 0.768636 -0.63896 0.0304722 0.864294 -0.5 0.0547366 0.860602 -0.5 0.0967729 0.854866 -0.5 0.138579 0.847101 -0.5 0.180057 -0.130644 -0.858449 -0.495982 -0.308259 -0.5 -0.809306 -0.347316 -0.5 -0.79333 0.107539 -0.990268 0.0883431 -0.0207608 -0.999552 -0.0215391 0.10328 -0.990268 0.0932866 0.0987941 -0.990268 0.0980251 -0.0918746 -0.932684 -0.348797 -0.432557 -0.63896 -0.636101 -0.422865 -0.5 -0.755768 -0.365729 -0.759596 -0.537826 -0.355942 -0.858449 -0.369285 -0.451361 -0.759596 -0.468281 -0.1495 -0.932684 -0.328253 -0.0241023 -0.999552 -0.0177207 0.115339 -0.990268 0.0778848 0.118863 -0.990268 0.072393 -0.528449 -0.5 -0.686106 -0.533837 -0.63896 -0.553849 -0.561243 -0.5 -0.65955 -0.288412 -0.858449 -0.424128 0.122126 -0.990268 0.066742 -0.0267504 -0.999552 -0.0133925 -0.592704 -0.5 -0.631428 -0.202825 -0.932684 -0.298266 0.127839 -0.990268 0.0550127 0.130277 -0.990268 0.0489602 -0.619759 -0.63896 -0.455663 -0.651334 -0.5 -0.570757 -0.581581 -0.759596 -0.291166 -0.524009 -0.759596 -0.385265 -0.458633 -0.858449 -0.229612 -0.250315 -0.932684 -0.259698 0.134289 -0.990268 0.0365457 0.135855 -0.990268 0.0302111 -0.028629 -0.999552 -0.00867898 -0.687852 -0.63896 -0.344369 -0.72753 -0.5 -0.469787 0.137121 -0.990268 0.0238101 -0.029684 -0.999552 -0.00371581 -0.413231 -0.858449 -0.303819 0.139105 -0.990268 0.00434977 0.138749 -0.990268 0.0108652 -0.769791 -0.5 -0.396763 -0.749551 -0.5 -0.43379 -0.290603 -0.932684 -0.213659 -0.736156 -0.63896 -0.223168 -0.804746 -0.5 -0.319974 0.138341 -0.990268 -0.0151964 -0.029885 -0.999552 0.00135425 0.138901 -0.990268 -0.00869533 -0.819378 -0.5 -0.280393 0.137477 -0.990268 -0.021664 -0.322532 -0.932684 -0.161474 -0.49084 -0.858449 -0.1488 -0.763283 -0.63896 -0.0955472 -0.842774 -0.5 -0.199331 -0.645359 -0.759596 -0.0807856 0.133081 -0.990268 -0.040725 -0.0292262 -0.999552 0.00638534 0.134844 -0.990268 -0.0344424 -0.851483 -0.5 -0.158041 -0.85817 -0.5 -0.116377 -0.508928 -0.858449 -0.0637073 -0.622423 -0.759596 -0.18869 -0.345182 -0.932684 -0.104643 -0.0277267 -0.999552 0.0112327 0.131026 -0.990268 -0.0469181 -0.865422 -0.5 -0.0323176 -0.768452 -0.63896 0.0348225 -0.865969 -0.5 0.00987688 0.123154 -0.990268 -0.0648252 0.126057 -0.990268 -0.0589814 -0.357901 -0.932684 -0.044802 -0.512374 -0.858449 0.0232183 -0.751513 -0.63896 0.164191 -0.860898 -0.5 0.0940955 -0.635407 -0.759596 0.138824 -0.847657 -0.5 0.177421 -0.855293 -0.5 0.135919 0.112849 -0.990268 -0.0814516 -0.0254295 -0.999552 0.015757 0.116543 -0.990268 -0.0760726 -0.360325 -0.932684 0.0163282 0.108907 -0.990268 -0.0866516 -0.649729 -0.759596 0.0294427 -0.50108 -0.858449 0.109476 -0.82637 -0.5 0.259063 -0.712955 -0.63896 0.288835 -0.812769 -0.5 0.299009 -0.352382 -0.932684 0.0769885 0.0956821 -0.990268 -0.101065 -0.0224008 -0.999552 0.019828 0.100314 -0.990268 -0.0964691 -0.653886 -0.63896 0.405171 -0.779816 -0.5 0.376678 -0.475371 -0.858449 0.192584 -0.552863 -0.759596 0.342573 -0.0187277 -0.999552 0.0233285 0.0908398 -0.990268 -0.105439 -0.602806 -0.759596 0.244211 -0.334302 -0.932684 0.135434 0.0805672 -0.990268 -0.113482 0.0751595 -0.990268 -0.117133 -0.435986 -0.858449 0.270152 -0.692089 -0.5 0.520589 -0.576007 -0.63896 0.50985 -0.665908 -0.5 0.553684 -0.306605 -0.932684 0.189983 0.0638318 -0.990268 -0.123672 0.0579352 -0.990268 -0.126541 -0.0145157 -0.999552 0.0261579 -0.481556 -0.63896 0.599862 -0.608871 -0.5 0.615855 -0.384059 -0.858449 0.339948 -0.407158 -0.759596 0.507185 0.0519099 -0.990268 -0.12913 -0.00988621 -0.999552 0.0282349 -0.487016 -0.759596 0.43108 -0.270088 -0.932684 0.239067 0.0331975 -0.990268 -0.135156 0.0395273 -0.990268 -0.133442 -0.321083 -0.858449 0.399965 -0.373252 -0.63896 0.672617 -0.478054 -0.5 0.722125 -0.442311 -0.5 0.744554 -0.2258 -0.932684 0.281273 0.0138226 -0.990268 -0.138485 -0.0049723 -0.999552 0.0294995 0.0203308 -0.990268 -0.13768 0.00728376 -0.990268 -0.138983 -0.24887 -0.858449 0.448475 -0.254211 -0.63896 0.726022 -0.36776 -0.5 0.784061 -0.214936 -0.759596 0.613854 -0.0123717 -0.990268 -0.138622 8.46696e-05 -0.999552 0.0299155 -0.00582799 -0.990268 -0.139051 -0.315586 -0.759596 0.5687 -0.20893 -0.5 0.840445 -0.175017 -0.932684 0.315388 -0.018888 -0.990268 -0.137886 0.0051392 -0.999552 0.0294709 -0.169498 -0.858449 0.484083 -0.167742 -0.5 0.849625 -0.0317804 -0.990268 -0.135496 -0.0381278 -0.990268 -0.133849 -0.119199 -0.932684 0.340429 -0.0625332 -0.990268 -0.124333 0.0146636 -0.999552 0.0260754 -0.0566069 -0.990268 -0.127141 -0.0852494 -0.858449 0.505765 -0.0794281 -0.990268 -0.114282 -0.0739565 -0.990268 -0.117897 0.00145165 -0.858449 0.512897 -0.108102 -0.759596 0.641349 -0.0898305 -0.990268 -0.1063 -0.0947381 -0.990268 -0.10195 0.0188594 -0.999552 0.0232221 0.258316 -0.63896 0.724571 0.208463 -0.5 0.840561 0.132148 -0.63896 0.757804 0.0100459 -0.999552 0.0281784 0.328419 -0.5 0.801337 0.366976 -0.5 0.784429 0.63704 -0.5 0.586669 0.607775 -0.5 0.616936 0.578883 -0.63896 0.506581 0.088111 -0.858449 0.505274 0.0619635 -0.932684 0.355332 0.121124 -0.932684 0.339749 0.714578 -0.63896 0.284795 0.759527 -0.5 0.416075 0.656169 -0.63896 0.401463 0.172235 -0.858449 0.483116 0.176799 -0.932684 0.314392 0.0255183 -0.999552 0.0156128 -0.112164 -0.990268 -0.0823924 -0.11592 -0.990268 -0.0770173 0.489448 -0.759596 0.428316 0.484944 -0.63896 0.597126 0.410022 -0.759596 0.504873 0.0225127 -0.999552 0.0197009 -0.0994355 -0.990268 -0.0973744 0.271437 -0.932684 0.237534 0.307676 -0.932684 0.188245 0.385977 -0.858449 0.337769 0.169021 -0.980172 0.103412 0.0277898 -0.999552 0.0110756 0.184066 -0.980172 0.0733594 -0.122654 -0.990268 -0.0657664 -0.125616 -0.990268 -0.0599156 -0.128299 -0.990268 -0.0539318 -0.130697 -0.990268 -0.0478282 -0.132805 -0.990268 -0.0416185 -0.134618 -0.990268 -0.0353163 0.690988 -0.5 0.522049 -0.11942 -0.990268 -0.0714712 0.554794 -0.759596 0.339438 0.715544 -0.5 0.487849 0.837349 -0.5 0.221014 0.825618 -0.5 0.261448 0.778851 -0.5 0.37867 0.811936 -0.5 0.301265 0.604179 -0.759596 0.240795 0.796334 -0.5 0.34037 0.323342 -0.858449 0.39814 0.3188 -0.759596 0.566904 0.251405 -0.858449 0.447059 0.377054 -0.63896 0.670493 0.577073 -0.5 0.645745 0.218407 -0.759596 0.612628 0.477091 -0.5 0.722762 0.404667 -0.5 0.765666 -0.108158 -0.990268 -0.0875846 0.111731 -0.759596 0.640727 0.00102087 -0.932684 0.360693 -0.0599513 -0.932684 0.355677 0.125871 -0.5 0.856829 0.0840794 -0.5 0.861934 -0.0505548 -0.990268 -0.129667 -0.0842709 -0.5 0.861916 -0.12579 -0.990268 0.05955 0.196469 -0.980172 -0.0257243 0.863048 -0.5 -0.0717513 0.865934 -0.5 0.0125705 -0.112594 -0.990268 0.081804 0.189296 -0.980172 -0.0585577 0.858528 -0.5 -0.113707 -0.0955065 -0.990268 0.101231 0.176677 -0.980172 -0.0897065 0.789317 -0.5 -0.356341 0.820246 -0.5 -0.277843 -0.0804884 -0.990268 0.113538 0.158975 -0.980172 -0.118275 0.771022 -0.5 -0.394367 -0.0579945 -0.990268 0.126514 0.1367 -0.980172 -0.14344 0.624627 -0.5 -0.599867 0.680035 -0.5 -0.536239 -0.0333876 -0.990268 0.135109 0.110492 -0.980172 -0.164479 0.594665 -0.5 -0.629582 -0.0141148 -0.990268 0.138456 0.0811053 -0.980172 -0.180787 0.387958 -0.5 -0.774266 0.461459 -0.5 -0.732841 0.0119492 -0.990268 0.138659 0.0493856 -0.980172 -0.191893 0.349782 -0.5 -0.792245 0.0312718 -0.990268 0.135614 0.0162451 -0.980172 -0.197479 0.106582 -0.5 -0.859442 0.189706 -0.5 -0.844992 0.0560101 -0.990268 0.127405 -0.0173627 -0.980172 -0.197384 0.0645902 -0.5 -0.863613 0.0787838 -0.990268 0.114727 -0.050471 -0.980172 -0.19161 -0.187077 -0.5 -0.845578 -0.103908 -0.5 -0.859769 0.0940909 -0.990268 0.102548 -0.0821273 -0.980172 -0.180325 -0.228044 -0.5 -0.835461 0.111562 -0.990268 0.0832054 -0.111421 -0.980172 -0.163851 -0.459177 -0.5 -0.734273 -0.385548 -0.5 -0.775469 0.12512 -0.990268 0.0609444 -0.137509 -0.980172 -0.142664 -0.4944 -0.5 -0.711034 0.132429 -0.990268 0.0428 -0.159642 -0.980172 -0.117373 -0.678364 -0.5 -0.538352 -0.622759 -0.5 -0.601807 0.138087 -0.990268 0.0173567 -0.177182 -0.980172 -0.088705 -0.703782 -0.5 -0.504669 0.139156 -0.990268 -0.00217517 -0.189624 -0.980172 -0.0574853 -0.788205 -0.5 -0.358794 0.13631 -0.990268 -0.0280841 -0.196612 -0.980172 -0.0246117 -0.832063 -0.5 -0.240147 0.128683 -0.990268 -0.053008 -0.197943 -0.980172 0.00896981 -0.862821 -0.5 -0.0744353 0.11998 -0.990268 -0.0705264 -0.19358 -0.980172 0.0422934 -0.86446 -0.5 0.0520481 0.104726 -0.990268 -0.091661 -0.183648 -0.980172 0.0744002 -0.838008 -0.5 0.218501 0.0857979 -0.990268 -0.109581 -0.168433 -0.980172 0.104367 -0.716626 -0.5 0.486258 -0.760542 -0.5 0.414218 -0.797239 -0.5 0.338245 0.0695866 -0.990268 -0.120528 -0.148372 -0.980172 0.131331 -0.739462 -0.5 0.450773 0.0457695 -0.990268 -0.131432 -0.124043 -0.980172 0.154517 -0.512662 -0.5 0.697981 -0.578148 -0.5 0.644783 -0.638147 -0.5 0.585464 0.0267939 -0.990268 -0.13657 -0.0961449 -0.980172 0.173257 -0.546053 -0.5 0.67218 0.000728693 -0.990268 -0.139171 -0.0654813 -0.980172 0.187014 -0.249621 -0.5 0.82927 -0.329131 -0.5 0.801045 -0.405517 -0.5 0.765216 -0.0253623 -0.990268 -0.136843 -0.032934 -0.980172 0.19539 -0.28972 -0.5 0.816126 -0.0443906 -0.990268 -0.131904 0.000560809 -0.980172 0.198145 0.0420892 -0.5 0.865002 -0.0421856 -0.5 0.864997 -0.126156 -0.5 0.856787 -0.0683207 -0.990268 -0.12125 0.0340395 -0.980172 0.1952 2.21851e-07 -0.5 0.866025 -0.0847233 -0.990268 -0.110414 0.0665389 -0.980172 0.18664 0.249068 -0.5 0.829437 0.167364 -0.5 0.849699 -0.103912 -0.990268 -0.0925823 0.0971241 -0.980172 0.17271 0.289085 -0.5 0.816351 0.227389 -0.932684 0.279991 0.124915 -0.980172 0.153812 0.511654 -0.5 0.69872 0.4414 -0.5 0.745095 0.149113 -0.980172 0.130489 0.545007 -0.5 0.673028 0.437508 -0.858449 0.26768 0.738408 -0.5 0.452497 0.6648 -0.5 0.555014 0.335064 -0.932684 0.133539 0.476453 -0.858449 0.18989 -0.112164 -0.990268 -0.0823923 -0.11592 -0.990268 -0.0770172 -0.11592 -0.990268 -0.0770172 0.0805671 -0.990268 -0.113482 0.079428 -0.990268 -0.114282 0.0745727 -0.990268 -0.117508 -0.11942 -0.990268 -0.0714711 -0.119044 -0.990268 -0.0720954 -0.121958 -0.990268 -0.0670471 -0.122654 -0.990268 -0.0657664 -0.124659 -0.990268 -0.0618813 -0.125616 -0.990268 -0.0599156 -0.128299 -0.990268 -0.0539317 -0.127141 -0.990268 -0.0566068 -0.1294 -0.990268 -0.051233 -0.130697 -0.990268 -0.0478282 -0.131432 -0.990268 -0.0457694 -0.132805 -0.990268 -0.0416184 -0.134618 -0.990268 -0.0353163 -0.133233 -0.990268 -0.0402254 -0.136132 -0.990268 -0.0289357 -0.134801 -0.990268 -0.0346109 -0.137224 -0.990268 -0.0232097 -0.136132 -0.990268 -0.0289357 -0.137331 -0.990268 -0.0225708 -0.138076 -0.990268 -0.017443 -0.138685 -0.990268 -0.0116457 -0.138232 -0.990268 -0.016157 -0.139051 -0.990268 -0.00582797 -0.138834 -0.990268 -0.00970822 -0.139135 -0.990268 -0.00323842 -0.139173 -0.990268 -4.05563e-09 -0.139051 -0.990268 0.00582796 -0.139135 -0.990268 0.00323841 -0.138685 -0.990268 0.0116457 -0.138834 -0.990268 0.00970822 -0.138232 -0.990268 0.016157 -0.138076 -0.990268 0.017443 -0.137331 -0.990268 0.0225708 -0.137224 -0.990268 0.0232097 -0.136132 -0.990268 0.0289357 -0.136132 -0.990268 0.0289357 -0.134801 -0.990268 0.0346109 -0.134638 -0.990268 0.035238 -0.132853 -0.990268 0.0414639 -0.133233 -0.990268 0.0402254 -0.131432 -0.990268 0.0457694 -0.13078 -0.990268 0.0476 -0.1294 -0.990268 0.051233 -0.128424 -0.990268 0.053633 -0.125789 -0.990268 0.0595499 -0.127141 -0.990268 0.0566068 -0.124659 -0.990268 0.0618813 -0.122883 -0.990268 0.0653378 -0.121958 -0.990268 0.0670471 -0.11971 -0.990268 0.0709842 -0.119044 -0.990268 0.0720954 -0.11592 -0.990268 0.0770172 -0.112593 -0.990268 0.0818039 -0.116277 -0.990268 0.0764769 -0.109069 -0.990268 0.0864471 -0.112593 -0.990268 0.0818039 -0.108666 -0.990268 0.0869538 -0.105353 -0.990268 0.0909386 -0.101453 -0.990268 0.0952705 -0.104502 -0.990268 0.0919153 -0.0973743 -0.990268 0.0994354 -0.100113 -0.990268 0.0966778 -0.0955064 -0.990268 0.101231 -0.093125 -0.990268 0.103426 -0.0887123 -0.990268 0.107235 -0.0906932 -0.990268 0.105565 -0.0841439 -0.990268 0.110856 -0.0856835 -0.990268 0.10967 -0.0804883 -0.990268 0.113538 -0.079428 -0.990268 0.114282 -0.0751188 -0.990268 0.117159 -0.0745727 -0.990268 0.117508 -0.0695866 -0.990268 0.120527 -0.0695866 -0.990268 0.120527 -0.112593 -0.990268 -0.0818039 -0.109069 -0.990268 -0.0864471 -0.108158 -0.990268 -0.0875845 -0.103912 -0.990268 -0.0925822 -0.105353 -0.990268 -0.0909386 -0.0994354 -0.990268 -0.0973743 -0.101453 -0.990268 -0.0952705 -0.0973743 -0.990268 -0.0994354 -0.094738 -0.990268 -0.10195 -0.0898303 -0.990268 -0.1063 -0.093125 -0.990268 -0.103426 -0.0847232 -0.990268 -0.110413 -0.0887123 -0.990268 -0.107235 -0.0841439 -0.990268 -0.110856 -0.079428 -0.990268 -0.114282 -0.0739564 -0.990268 -0.117897 -0.079428 -0.990268 -0.114282 -0.0745727 -0.990268 -0.117508 -0.0695865 -0.990268 -0.120527 -0.0644783 -0.990268 -0.123336 -0.0683206 -0.990268 -0.12125 -0.0625331 -0.990268 -0.124333 -0.059257 -0.990268 -0.125928 -0.0566068 -0.990268 -0.127141 -0.0539317 -0.990268 -0.128299 -0.0505548 -0.990268 -0.129666 -0.0443906 -0.990268 -0.131904 -0.0485119 -0.990268 -0.130444 -0.0381278 -0.990268 -0.133849 -0.0430069 -0.990268 -0.132361 -0.0374264 -0.990268 -0.134046 -0.0317803 -0.990268 -0.135496 -0.0253623 -0.990268 -0.136843 -0.0317803 -0.990268 -0.135496 -0.0260784 -0.990268 -0.136708 -0.0203308 -0.990268 -0.13768 -0.0145476 -0.990268 -0.138411 -0.018888 -0.990268 -0.137885 -0.0123717 -0.990268 -0.138622 -0.00873873 -0.990268 -0.138898 -0.00582795 -0.990268 -0.139051 -0.00291462 -0.990268 -0.139143 0.00291461 -0.990268 -0.139143 0.000728688 -0.990268 -0.139171 0.00728378 -0.990268 -0.138982 0.00873875 -0.990268 -0.138898 0.0138226 -0.990268 -0.138485 0.0145476 -0.990268 -0.138411 0.0203308 -0.990268 -0.13768 0.0203308 -0.990268 -0.13768 0.0267939 -0.990268 -0.13657 0.0260784 -0.990268 -0.136708 0.0317803 -0.990268 -0.135496 0.0331974 -0.990268 -0.135156 0.0395273 -0.990268 -0.133442 0.0374264 -0.990268 -0.134046 0.0457694 -0.990268 -0.131432 0.0430069 -0.990268 -0.132361 0.0485118 -0.990268 -0.130444 0.0519099 -0.990268 -0.12913 0.0579351 -0.990268 -0.126541 0.0539318 -0.990268 -0.128299 0.0638317 -0.990268 -0.123672 0.059257 -0.990268 -0.125928 0.0644783 -0.990268 -0.123336 0.0695866 -0.990268 -0.120527 0.0751595 -0.990268 -0.117133 0.0695866 -0.990268 -0.120527 0.0887123 -0.990268 -0.107235 0.0857977 -0.990268 -0.109581 0.0908397 -0.990268 -0.105439 0.101453 -0.990268 -0.0952705 0.100314 -0.990268 -0.0964689 0.104725 -0.990268 -0.0916609 0.093125 -0.990268 -0.103426 0.095682 -0.990268 -0.101065 0.0973743 -0.990268 -0.0994354 0.116542 -0.990268 -0.0760726 0.11592 -0.990268 -0.0770172 0.112593 -0.990268 -0.0818039 0.108907 -0.990268 -0.0866515 0.109069 -0.990268 -0.0864471 0.105353 -0.990268 -0.0909386 0.126057 -0.990268 -0.0589813 0.124659 -0.990268 -0.0618813 0.123154 -0.990268 -0.0648251 0.121958 -0.990268 -0.0670472 0.119044 -0.990268 -0.0720954 0.11998 -0.990268 -0.0705263 0.131432 -0.990268 -0.0457694 0.133081 -0.990268 -0.0407249 0.133233 -0.990268 -0.0402254 0.127141 -0.990268 -0.0566068 0.128683 -0.990268 -0.053008 0.1294 -0.990268 -0.051233 0.13631 -0.990268 -0.0280841 0.137477 -0.990268 -0.021664 0.137224 -0.990268 -0.0232097 0.134801 -0.990268 -0.0346109 0.134844 -0.990268 -0.0344423 0.139173 -0.990268 -5.01404e-08 0.139051 -0.990268 -0.005828 0.139156 -0.990268 -0.0021752 0.138685 -0.990268 -0.0116457 0.138076 -0.990268 -0.017443 0.138341 -0.990268 -0.0151964 0.138685 -0.990268 0.0116457 0.138087 -0.990268 0.0173567 0.138076 -0.990268 0.017443 0.139105 -0.990268 0.00434979 0.138748 -0.990268 0.0108652 0.139051 -0.990268 0.00582796 0.134289 -0.990268 0.0365456 0.133233 -0.990268 0.0402255 0.134801 -0.990268 0.0346109 0.135854 -0.990268 0.030211 0.137224 -0.990268 0.0232097 0.137121 -0.990268 0.0238101 0.127141 -0.990268 0.0566068 0.1294 -0.990268 0.051233 0.127839 -0.990268 0.0550127 0.131432 -0.990268 0.0457694 0.132429 -0.990268 0.0427999 0.130277 -0.990268 0.0489601 0.121958 -0.990268 0.0670472 0.118863 -0.990268 0.0723929 0.119044 -0.990268 0.0720954 0.12512 -0.990268 0.0609443 0.122126 -0.990268 0.0667419 0.124659 -0.990268 0.0618813 0.107539 -0.990268 0.088343 0.105353 -0.990268 0.0909386 0.109069 -0.990268 0.086447 0.111562 -0.990268 0.0832053 0.112593 -0.990268 0.0818039 0.115339 -0.990268 0.0778847 0.093125 -0.990268 0.103426 0.0973743 -0.990268 0.0994354 0.0940908 -0.990268 0.102548 0.101453 -0.990268 0.0952705 0.10328 -0.990268 0.0932865 0.098794 -0.990268 0.098025 0.079428 -0.990268 0.114282 0.0787837 -0.990268 0.114727 0.0745727 -0.990268 0.117508 0.0840746 -0.990268 0.110908 0.084144 -0.990268 0.110856 0.0887123 -0.990268 0.107235 0.0619202 -0.990268 0.12464 0.059257 -0.990268 0.125928 0.0644784 -0.990268 0.123336 0.0676943 -0.990268 0.1216 0.0695866 -0.990268 0.120527 0.0733196 -0.990268 0.118294 0.0430068 -0.990268 0.132361 0.0438336 -0.990268 0.13209 0.037594 -0.990268 0.133999 0.0539318 -0.990268 0.128299 0.0499767 -0.990268 0.12989 0.0485118 -0.990268 0.130444 0.0317803 -0.990268 0.135496 0.0248809 -0.990268 0.136931 0.0260784 -0.990268 0.136708 0.0312718 -0.990268 0.135614 0.0374264 -0.990268 0.134046 0.0184353 -0.990268 0.137947 0.0203308 -0.990268 0.13768 0.0119491 -0.990268 0.138659 0.0145476 -0.990268 0.138411 0.00873878 -0.990268 0.138898 0.00543675 -0.990268 0.139067 -0.00108765 -0.990268 0.139169 0.00291467 -0.990268 0.139143 -0.00760959 -0.990268 0.138965 -0.00291462 -0.990268 0.139143 -0.00873879 -0.990268 0.138898 -0.0141148 -0.990268 0.138455 -0.020589 -0.990268 0.137642 -0.0145476 -0.990268 0.138411 -0.0270179 -0.990268 0.136525 -0.0203308 -0.990268 0.13768 -0.0317803 -0.990268 0.135496 -0.0260784 -0.990268 0.136708 -0.0333875 -0.990268 0.135109 -0.0374264 -0.990268 0.134046 -0.0396837 -0.990268 0.133395 -0.0430068 -0.990268 0.132361 -0.0485118 -0.990268 0.130444 -0.0458927 -0.990268 0.131389 -0.0520007 -0.990268 0.129093 -0.0539318 -0.990268 0.128299 -0.0579944 -0.990268 0.126514 -0.059257 -0.990268 0.125928 -0.0644784 -0.990268 0.123336 -0.0638607 -0.990268 0.123657 0.05601 -0.990268 0.127405 0.0891807 -0.990268 0.106845 0.11592 -0.990268 0.0770172 0.136132 -0.990268 0.0289357 0.138901 -0.990268 -0.00869536 0.136132 -0.990268 -0.0289357 0.131026 -0.990268 -0.046918 0.112849 -0.990268 -0.0814515 0.0841439 -0.990268 -0.110856</float_array>
          <technique_common>
            <accessor count="1048" source="#ID15" stride="3">
              <param name="X" type="float"/>
              <param name="Y" type="float"/>
              <param name="Z" type="float"/>
            </accessor>
          </technique_common>
        </source>
        <vertices id="ID16">
          <input semantic="POSITION" source="#ID12"/>
          <input semantic="NORMAL" source="#ID14"/>
        </vertices>
        <triangles count="1270" material="ID10">
          <input offset="0" semantic="VERTEX" source="#ID16"/>
          <p>0 2 1 3 5 4 1 7 6 8 10 9 11 13 12 14 16 15 17 19 18 20 21 18 22 11 21 23 24 17 25 27 26 26 27 23 25 29 28 30 32 31 33 35 34 36 38 37 39 38 40 41 43 42 44 46 45 47 49 48 50 49 51 52 54 53 55 57 56 58 60 59 61 63 62 64 66 65 67 69 68 70 72 71 53 74 73 75 77 76 76 79 78 80 81 77 82 84 83 85 87 86 88 90 89 91 93 92 94 87 95 96 98 97 99 100 93 101 103 102 104 106 105 107 109 108 110 112 111 5 114 113 108 116 115 117 119 118 120 122 121 123 125 124 126 121 127 128 130 129 131 133 132 134 136 135 137 117 118 138 140 139 141 143 142 144 124 145 123 147 146 148 150 149 151 153 152 131 155 154 135 157 156 158 159 143 160 162 161 163 124 125 147 154 164 165 167 166 168 166 141 169 171 170 128 156 130 129 172 158 173 134 174 140 167 139 150 170 149 175 174 171 148 153 176 177 133 138 160 117 178 152 161 179 180 182 181 182 144 183 184 4 185 180 186 185 109 187 120 188 119 126 189 191 190 190 5 113 192 193 191 194 116 108 195 111 193 196 194 197 197 102 198 112 199 105 106 200 105 201 101 97 202 204 203 200 205 204 206 100 99 96 206 207 208 210 209 211 210 202 92 94 212 213 214 208 215 216 214 217 215 214 81 218 86 89 216 219 220 90 221 222 81 80 223 220 224 80 77 75 225 70 226 226 223 227 70 225 228 76 78 75 79 229 78 65 229 79 82 71 230 231 83 232 66 229 65 231 234 233 58 66 64 58 64 60 68 69 233 235 237 236 238 239 60 74 237 240 241 239 238 242 57 241 242 241 238 243 244 54 57 242 56 245 61 246 63 244 243 247 248 41 249 55 250 251 45 252 48 245 253 254 256 255 50 258 257 259 254 260 257 258 37 35 262 261 263 264 39 265 267 266 268 270 269 15 272 271 264 273 29 274 276 275 277 236 69 59 60 239 6 7 12 81 222 218 86 218 85 87 85 95 94 95 212 92 212 91 93 91 99 96 100 206 96 207 98 97 98 201 101 201 103 102 103 198 197 198 196 194 196 116 108 115 107 109 107 187 120 187 122 121 122 127 126 127 188 119 188 118 117 137 178 160 178 162 161 162 179 152 179 151 153 151 176 148 176 150 171 149 170 171 169 175 174 175 173 134 173 136 135 136 157 156 157 130 158 128 129 158 172 159 143 159 142 141 142 168 166 168 165 167 165 139 133 140 138 133 177 132 131 132 155 154 155 164 147 164 146 123 146 125 124 163 145 144 145 183 182 183 181 180 181 186 185 186 184 4 184 3 5 3 114 190 113 189 191 189 192 193 192 195 111 195 110 112 110 199 105 199 104 200 106 205 204 205 203 202 203 211 210 211 209 208 209 213 214 213 217 216 215 219 89 219 88 90 88 221 220 221 224 223 224 227 226 227 225 70 228 72 71 72 230 82 230 84 83 84 232 231 232 234 233 234 68 69 67 277 236 277 235 237 235 240 74 240 73 53 73 52 54 52 243 61 244 63 61 62 246 245 246 253 48 253 47 49 47 51 50 51 258 38 257 37 38 36 40 39 40 263 264 263 273 29 273 28 25 28 27 17 26 23 17 24 19 18 19 20 21 20 22 11 22 13 12 13 6 2 7 1 2 0 10 8 9 14 2 10 8 16 272 15 9 16 14 272 275 271 274 262 276 275 276 271 33 262 35 261 262 274 266 33 34 267 265 269 266 34 265 270 268 260 267 269 270 259 256 254 268 259 260 255 32 254 46 30 31 31 32 255 251 44 45 44 30 46 43 251 252 41 42 278 43 252 42 247 249 248 278 247 41 55 56 250 249 250 248 279 281 280 282 284 283 285 287 286 288 290 289 291 293 292 294 296 295 297 279 298 290 300 299 286 302 301 303 304 285 305 298 306 307 308 299 285 301 309 310 311 295 312 298 313 306 298 312 302 315 314 316 294 317 318 304 303 316 319 294 313 321 320 311 323 322 324 325 315 301 314 326 321 328 327 295 296 329 325 330 314 331 322 332 321 334 333 333 328 321 335 336 324 310 295 337 301 326 309 338 311 310 339 340 334 341 342 331 343 335 344 336 345 325 346 347 339 348 322 323 349 336 343 342 351 350 352 353 339 322 354 332 355 344 356 353 346 339 350 358 357 359 331 332 360 343 355 345 330 325 342 341 361 362 352 363 364 342 361 356 366 365 367 368 357 369 363 370 371 370 363 355 365 372 373 350 351 371 363 374 368 376 375 366 378 377 350 379 358 349 343 360 380 365 377 374 382 381 383 357 358 384 385 378 386 387 375 382 389 388 382 390 389 385 391 377 392 394 393 395 368 367 387 397 396 398 384 399 375 401 400 375 376 401 396 403 402 402 392 393 396 404 403 405 387 386 396 402 393 396 406 404 387 407 397 396 397 406 396 408 399 386 375 409 390 382 410 411 368 395 384 412 385 412 384 398 412 413 385 372 365 380 391 413 414 410 416 415 416 418 417 385 413 391 419 418 416 391 414 416 419 414 420 414 419 416 421 304 318 280 281 422 422 423 280 308 317 294 424 426 425 426 427 425 287 304 428 429 280 430 292 421 291 431 433 432 290 299 308 428 421 434 435 437 436 438 439 429 438 440 439 293 441 292 437 443 442 439 440 444 289 290 425 445 434 292 446 443 447 439 449 448 432 441 431 450 452 451 425 435 424 453 445 441 454 456 455 457 448 458 459 455 460 448 457 450 461 432 433 435 443 437 462 463 460 457 465 464 451 452 461 466 453 432 447 443 456 457 468 467 469 471 470 467 468 472 473 469 470 474 466 461 450 475 452 476 467 477 455 456 460 467 476 478 479 481 480 482 483 476 484 475 485 474 452 486 487 488 479 489 490 476 460 470 462 489 491 490 492 493 487 486 475 494 478 495 484 490 497 496 498 490 496 473 470 480 496 500 499 501 503 502 504 494 484 505 501 502 506 507 495 508 509 496 509 508 510 479 480 487 511 504 495 512 514 513 515 509 516 517 507 498 509 515 518 519 520 512 518 521 509 487 502 492 511 507 522 523 519 524 525 517 521 526 527 515 526 528 527 513 505 502 522 517 529 530 532 531 527 534 533 525 518 535 533 536 527 537 531 538 539 527 536 519 512 513 525 540 529 541 542 538 535 539 543 544 533 545 546 544 545 524 519 532 535 547 540 548 550 549 551 548 549 552 543 536 544 554 553 532 538 531 553 555 544 556 558 557 559 544 555 560 284 553 543 561 547 562 556 563 552 559 564 549 541 538 565 284 560 566 563 567 552 568 561 569 571 570 572 564 555 573 574 570 575 572 576 577 579 578 580 582 581 571 583 570 584 585 580 586 588 587 589 591 590 592 594 593 595 596 591 597 599 598 600 602 601 603 604 579 579 573 570 605 607 606 597 598 603 608 610 609 597 612 611 609 614 613 610 408 393 615 609 393 609 615 614 616 393 394 616 615 393 588 617 594 611 618 597 588 594 619 594 617 620 414 622 621 593 623 592 592 624 622 414 621 420 625 594 592 626 624 592 601 587 588 627 629 628 630 601 602 631 587 601 629 595 632 630 633 601 585 634 630 598 635 603 630 580 585 589 636 595 590 637 575 579 604 578 583 567 563 632 582 580 572 637 638 282 589 575 563 556 557 582 640 639 638 568 564 640 582 283 571 641 583 282 576 284 283 284 642 549 557 551 408 396 393 405 407 387 376 368 643 408 398 399 387 399 644 380 391 416 378 644 384 415 645 410 385 377 378 416 646 415 391 380 377 646 416 417 387 396 399 400 409 375 647 367 357 399 384 644 375 644 648 380 410 372 366 648 378 410 382 372 366 377 365 410 649 390 645 649 410 416 410 380 644 375 387 411 643 368 650 350 373 644 378 648 368 648 651 360 372 382 651 366 356 381 652 374 365 355 356 382 653 381 372 360 355 653 382 388 648 368 375 383 647 357 351 342 654 648 366 651 357 651 655 360 374 349 344 655 356 374 363 349 355 343 344 374 656 371 652 656 374 382 374 360 357 368 651 650 379 350 657 341 331 651 356 655 350 655 658 349 363 345 335 658 344 362 659 352 343 336 335 363 660 362 349 345 336 660 363 369 655 350 357 364 654 342 661 322 348 655 344 658 342 658 662 345 352 330 324 662 335 352 339 330 336 325 324 352 663 353 659 663 352 363 352 345 658 342 350 359 657 331 664 323 311 658 335 662 665 331 662 330 339 326 315 665 324 340 666 334 325 314 315 339 667 340 330 326 314 667 339 347 331 342 662 661 354 322 668 337 295 662 324 665 322 665 669 326 334 309 302 669 315 334 321 309 314 301 302 334 670 333 666 670 334 339 334 326 665 322 331 338 664 311 296 294 671 665 315 669 311 669 672 309 321 303 286 672 302 320 673 313 301 285 286 321 674 320 309 303 285 674 321 327 669 311 322 329 668 295 675 317 308 669 302 672 295 672 676 303 313 318 287 676 286 313 298 318 285 304 287 313 677 312 673 677 313 321 313 303 295 311 672 319 671 294 678 290 288 672 286 676 294 676 679 318 298 291 679 287 428 297 680 279 304 421 428 298 681 297 318 291 421 681 298 305 676 294 295 307 675 308 289 425 682 676 287 679 308 679 683 291 279 293 434 683 428 279 280 293 421 292 434 279 684 281 680 684 279 298 279 291 308 294 679 678 300 290 685 424 435 679 428 683 290 683 686 293 280 431 445 686 434 430 687 429 292 441 445 280 688 430 293 431 441 688 280 423 683 290 308 427 682 425 689 443 446 683 434 686 686 690 425 431 429 433 453 690 445 429 439 433 441 432 453 429 691 438 687 691 429 280 429 431 686 425 290 436 685 435 692 447 456 686 445 690 435 690 693 433 439 451 466 693 453 449 694 448 432 461 466 439 695 449 433 451 461 695 439 444 435 425 690 689 442 443 696 459 460 690 453 693 693 697 443 451 448 450 474 697 466 458 465 457 461 452 474 448 698 458 694 698 448 439 448 451 693 443 435 454 692 456 462 470 699 693 466 697 456 697 700 450 457 485 486 700 474 457 467 485 452 475 486 457 701 468 450 485 475 701 457 464 697 456 443 463 696 460 702 473 480 697 474 700 700 703 460 485 467 478 486 494 703 477 482 476 475 484 494 467 704 477 484 485 478 704 467 472 460 456 700 471 699 470 705 487 493 700 486 703 470 703 706 478 476 506 706 494 504 476 490 506 484 495 504 476 707 489 478 506 495 707 476 483 703 470 460 481 702 480 492 502 708 703 494 706 706 709 480 506 490 498 504 511 709 497 500 496 495 507 511 490 710 497 507 506 498 710 490 491 480 470 706 705 488 487 711 505 513 706 504 709 487 709 712 498 496 521 522 712 511 496 509 521 507 517 522 496 713 508 498 521 517 713 496 499 709 487 480 503 708 502 714 519 523 709 511 712 712 715 502 716 526 515 522 529 715 516 717 515 517 525 529 509 718 516 525 521 518 718 509 510 712 502 487 514 711 513 719 524 532 712 522 715 513 715 720 518 515 539 540 720 529 515 527 539 540 525 535 515 717 721 518 539 535 716 515 721 513 502 715 714 520 519 722 538 542 715 529 720 720 723 519 724 545 533 547 723 540 534 725 533 535 543 547 527 726 534 543 539 536 726 527 528 720 519 513 530 719 532 541 549 727 720 540 723 532 723 728 536 533 559 561 728 547 533 544 559 561 543 552 533 725 729 536 559 552 724 533 729 532 519 723 722 537 538 730 551 557 723 547 728 728 731 538 732 560 553 561 568 731 554 733 553 552 564 568 544 734 554 564 559 555 734 544 546 728 538 532 550 727 549 735 563 566 728 561 731 549 731 736 555 553 576 638 736 568 553 284 576 638 564 572 553 733 737 555 576 572 732 553 737 731 549 538 558 730 557 738 567 583 731 568 736 736 739 557 740 640 283 638 637 739 642 741 283 572 575 637 284 742 642 575 576 282 742 284 565 557 549 736 735 562 563 743 570 574 736 638 739 563 739 744 282 283 636 744 637 590 283 582 636 590 575 589 283 741 745 282 636 589 740 283 745 739 563 557 641 738 583 573 579 746 739 637 744 583 744 747 632 636 582 590 591 747 581 748 580 589 595 591 582 749 581 595 636 632 749 582 639 583 563 744 743 569 570 750 604 603 744 590 747 747 751 570 632 580 628 591 596 751 580 630 628 596 595 629 580 748 752 632 628 629 584 580 752 747 570 583 577 746 579 596 629 753 747 591 751 754 579 751 602 628 630 753 754 596 633 755 601 629 627 753 630 756 633 627 628 602 756 630 634 751 579 570 635 750 603 753 627 605 751 596 754 603 754 757 607 627 602 605 757 753 601 588 600 627 607 605 601 755 758 602 600 607 631 601 758 603 579 754 618 599 597 759 607 600 754 753 757 597 757 608 619 600 588 608 605 606 620 760 594 607 759 606 588 761 617 759 600 619 761 588 586 597 603 757 609 613 612 610 606 762 757 605 608 610 608 606 762 759 763 762 606 759 763 619 625 763 759 619 626 592 623 625 619 594 593 594 760 609 612 597 608 609 597 762 398 408 393 609 610 763 412 398 408 610 762 625 413 412 398 762 763 592 414 413 412 763 625 413 625 592 592 622 414 764 766 765 767 769 768 770 771 766 765 766 771 772 770 773 770 772 771 773 775 774 774 772 773 776 777 775 774 775 777 778 776 779 776 778 777 779 781 780 780 778 779 782 783 781 780 781 783 784 785 782 782 785 783 784 787 786 787 784 782 788 789 786 786 787 788 790 789 791 788 791 789 790 793 792 793 790 791 794 795 792 792 793 794 796 795 797 794 797 795 796 799 798 799 796 797 800 801 798 798 799 800 802 803 800 801 800 803 804 802 805 802 804 803 805 807 806 806 804 805 808 809 807 806 807 809 810 808 811 808 810 809 811 813 812 812 810 811 814 815 813 812 813 815 816 814 817 814 816 815 817 819 818 818 816 817 819 821 820 818 819 820 822 821 823 819 823 821 822 825 824 825 822 823 826 827 824 824 825 826 828 827 829 826 829 827 828 831 830 831 828 829 832 833 830 830 831 832 834 833 835 832 835 833 834 837 836 837 834 835 838 839 836 836 837 838 840 841 838 839 838 841 842 840 843 840 842 841 764 765 844 845 846 764 764 844 845 847 846 848 845 848 846 847 850 849 850 847 848 851 852 849 849 850 851 853 852 854 851 854 852 853 856 855 856 853 854 857 858 855 855 856 857 859 858 860 857 860 858 861 862 859 861 859 860 863 864 862 859 862 864 865 863 866 863 865 864 866 868 867 867 865 866 867 868 869 870 869 871 868 871 869 870 873 872 873 870 871 874 875 872 872 873 874 876 875 877 874 877 875 878 879 876 878 876 877 880 881 879 876 879 881 882 880 883 880 882 881 883 885 884 884 882 883 886 887 885 884 885 887 888 886 889 886 888 887 889 891 890 890 888 889 892 893 891 890 891 893 894 892 895 892 894 893 896 897 894 894 895 896 898 897 899 896 899 897 898 901 900 901 898 899 902 903 900 900 901 902 904 903 905 902 905 903 904 907 906 907 904 905 908 909 906 906 907 908 910 909 911 908 911 909 912 914 913 915 917 916 918 920 919 921 923 922 924 926 925 927 929 928 930 932 931 933 935 934 936 938 937 939 941 940 939 943 942 944 946 945 947 949 948 950 952 951 953 955 954 956 958 957 959 961 960 962 964 963 965 967 966 968 970 969 971 973 972 974 976 975 977 979 978 980 982 981 983 985 984 986 988 987 989 991 990 992 994 993 995 997 996 998 1000 999 1001 1003 1002 1004 1006 1005 1007 1008 1004 1009 1005 1010 1006 1010 1005 1009 1012 1011 1012 1009 1010 1013 1014 1011 1011 1012 1013 1015 1014 1016 1013 1016 1014 1015 1018 1017 1018 1015 1016 1019 1020 1017 1017 1018 1019 1021 1020 1022 1019 1022 1020 1021 1024 1023 1024 1021 1022 1025 1023 1026 1023 1024 1026 1027 1025 1028 1025 1027 1023 1028 1030 1029 1029 1027 1028 1031 1032 1030 1029 1030 1032 1033 1031 1034 1031 1033 1032 1034 1036 1035 1035 1033 1034 1037 1038 1036 1035 1036 1038 843 1037 842 1037 843 1038 1007 1000 1008 1007 1004 1005 1003 998 999 998 1008 1000 1001 1002 1039 1003 999 1002 992 993 1039 1001 1039 993 995 996 994 992 995 994 987 988 997 997 988 996 989 990 987 987 990 986 980 991 1040 1040 991 989 981 982 985 980 1040 982 983 984 975 981 985 983 974 977 976 984 974 975 979 1041 978 977 978 976 970 979 969 979 970 1041 973 968 972 972 968 969 962 971 964 962 973 971 963 967 965 963 964 967 966 956 957 965 966 957 959 1042 958 956 959 958 961 952 960 959 960 1042 954 950 951 951 952 961 944 955 953 955 950 954 945 946 1043 944 953 946 949 947 1043 945 1043 947 940 941 948 949 940 948 939 942 1044 939 1044 941 934 935 943 943 935 942 938 933 1045 1045 933 934 936 937 927 938 1045 937 928 929 930 936 927 928 932 921 931 929 932 930 921 1046 923 921 922 931 925 1046 924 1046 925 923 915 926 917 917 926 924 920 916 919 920 915 916 918 914 912 918 919 914 913 767 1047 912 913 1047 767 910 769 767 768 1047 911 769 910</p>
        </triangles>
      </mesh>
    </geometry>
  </library_geometries>

  <library_visual_scenes>
    <visual_scene id="ID1">
      <node id="ID2" name="link_3">
        <node>
          <matrix>1 0 0 -0.025 0 1 0 0 0 0 1 -0.96 0 0 0 1</matrix>
          <instance_node url="#ID3"/>
        </node>
      </node>
    </visual_scene>
  </library_visual_scenes>

  <scene>
    <instance_visual_scene url="#ID1"/>
  </scene>

  <library_nodes>
    <node id="ID3" name="394.083-10.300.00-01umm000~02_objects">
      <instance_geometry url="#ID4">
        <bind_material>
          <technique_common>
            <instance_material symbol="ID10" target="#ID10"/>
          </technique_common>
        </bind_material>
      </instance_geometry>
      <instance_geometry url="#ID11">
        <bind_material>
          <technique_common>
            <instance_material symbol="ID10" target="#ID10"/>
          </technique_common>
        </bind_material>
      </instance_geometry>
    </node>
  </library_nodes>

</COLLADA>
