<?xml version="1.0" encoding="UTF-8" standalone="no" ?>
<COLLADA version="1.4.1" xmlns="http://www.collada.org/2005/11/COLLADASchema">

  <asset>
    <contributor>
      <authoring_tool>ONSHAPE BY PTC INC, 1.195</authoring_tool>
    </contributor>
    <created>2025-03-20T18:17:00</created>
    <modified>2025-03-20T18:17:00</modified>
    <unit meter="1" name="meters"/>
    <up_axis>Z_UP</up_axis>
  </asset>

  <library_materials>
    <material id="ID10" name="ID10">
      <instance_effect url="#ID10-fx"/>
    </material>
  </library_materials>

  <library_effects>
    <effect id="ID10-fx" name="ID10">
      <profile_COMMON>
        <technique sid="COMMON">
          <lambert>
            <diffuse>
              <color sid="diffuse">0.2 0.2 0.2 1</color>
            </diffuse>
            <transparent opaque="A_ONE">
              <color sid="transparent">1 1 1 1</color>
            </transparent>
            <transparency>
              <float sid="transparency">1</float>
            </transparency>
          </lambert>
        </technique>
        <extra>
          <technique profile="OTHER">
            <double_sided>1</double_sided>
          </technique>
        </extra>
      </profile_COMMON>
    </effect>
  </library_effects>

  <library_geometries>
    <geometry id="ID4">
      <mesh>
        <source id="ID5">
          <float_array count="9609" id="ID6">0.612 -0.0160651 1.00415 0.607 -0.0157055 1.00445 0.607 -0.0187668 1.00152 0.607 -0.0247975 0.981825 0.612 -0.025 0.985 0.607 -0.0249775 0.986061 0.612 -0.0124958 1.00665 0.607 -0.0121924 1.00683 0.607 -0.00832849 1.00857 0.612 -0.00854727 1.00849 0.612 -0.00433946 1.00962 0.607 -0.00422502 1.00964 0.612 -5.542e-19 1.01 0.607 7.51176e-20 1.01 0.612 -0.0191468 1.00107 0.612 -0.0216473 0.997505 0.607 -0.0212882 0.998108 0.607 -0.0231972 0.994321 0.612 -0.0234902 0.993555 0.607 -0.0244389 0.990267 0.612 -0.0246194 0.989344 0.607 -0.0200999 0.970134 0.612 -0.0218806 0.972907 0.607 -0.0223231 0.973745 0.607 -0.0239042 0.977679 0.612 -0.0235971 0.976743 0.612 -0.0246468 0.980812 0.612 -0.0133008 0.963832 0.607 -0.0139994 0.964287 0.607 -0.0102975 0.962219 0.612 -0.0195458 0.969413 0.607 -0.0172985 0.966951 0.612 -0.0166587 0.966359 0.607 -0.00212015 0.96009 0.607 0.00212015 0.96009 0.612 -0.00140176 0.960039 0.607 -0.00629945 0.960807 0.612 -0.00556302 0.960627 0.612 -0.00956709 0.961903 0.607 0.0139994 0.964287 0.612 0.0108471 0.962476 0.607 0.0102975 0.962219 0.612 0.00692089 0.960977 0.612 0.00279911 0.960157 0.607 0.00629945 0.960807 0.612 0.020389 0.970533 0.607 0.0200999 0.970134 0.607 0.0223231 0.973745 0.612 0.0144668 0.964611 0.607 0.0172985 0.966951 0.612 0.0176777 0.967322 0.607 0.0247975 0.981825 0.607 0.0249775 0.986061 0.612 0.0248428 0.982201 0.607 0.0239042 0.977679 0.612 0.0240229 0.978079 0.612 0.0225242 0.974153 0.607 0.0212882 0.998108 0.612 0.023097 0.994567 0.607 0.0231972 0.994321 0.612 0.0243732 0.990563 0.612 0.0249607 0.986402 0.607 0.0244389 0.990267 0.607 0.0187668 1.00152 0.612 0.0211681 0.998301 0.612 0.0186411 1.00166 0.607 0.0157055 1.00445 0.607 0.0121924 1.00683 0.612 0.0155872 1.00455 0.607 0.00832849 1.00857 0.612 0.012093 1.00688 0.612 0.00825698 1.0086 0.607 0.00422502 1.00964 0.612 0.00418766 1.00965 0.607 -0.0102975 0.962219 0.607 0.0212882 0.998108 0.607 0.0231972 0.994321 0.607 -0.0172985 0.966951 0.607 -0.0200999 0.970134 0.607 0.0157055 1.00445 0.607 0.0247975 0.981825 0.607 0.00212015 0.96009 0.607 0.0249775 0.986061 0.607 -0.00212015 0.96009 0.607 -0.00629945 0.960807 0.607 0.0244389 0.990267 0.607 0.00629945 0.960807 0.607 0.0239042 0.977679 0.607 0.0102975 0.962219 0.607 0.0200999 0.970134 0.607 0.0172985 0.966951 0.607 0.0139994 0.964287 0.607 0.0223231 0.973745 0.607 -0.0139994 0.964287 0.607 0.0187668 1.00152 0.607 0.0121924 1.00683 0.607 0.00832849 1.00857 0.607 -0.0223231 0.973745 0.607 -0.0239042 0.977679 0.607 0.00422502 1.00964 0.607 -0.0247975 0.981825 0.607 7.51176e-20 1.01 0.607 -0.0249775 0.986061 0.607 -0.00832849 1.00857 0.607 -0.0231972 0.994321 0.607 -0.0121924 1.00683 0.607 -0.0244389 0.990267 0.607 -0.00422502 1.00964 0.607 -0.0157055 1.00445 0.607 -0.0212882 0.998108 0.607 -0.0187668 1.00152 0.624027 0.00872355 0.980319 0.624027 0.00780703 0.978912 0.6241 0.00878806 0.980285 0.6241 0.00193529 0.994784 0.624027 0.00192108 0.994712 0.624027 0.00353475 0.994247 0.6241 0.00997174 0.985169 0.6241 0.00979968 0.986852 0.624027 0.00989854 0.985168 0.6241 0.00786476 0.978867 0.624027 0.00666591 0.977681 0.624027 0.000252148 0.994897 0.6241 0.000254013 0.99497 0.624027 0.00504673 0.993517 0.6241 0.00508405 0.99358 0.6241 0.00356089 0.994316 0.624027 0.00978457 0.983493 0.624027 0.00938911 0.981861 0.6241 0.00985693 0.983482 0.6241 -0.00143457 0.994869 0.6242 -0.00142315 0.994898 0.6242 -0.00309017 0.994511 0.624027 -0.00142404 0.994797 0.6241 0.000592412 0.975044 0.6241 0.00226639 0.975288 0.624027 0.000588063 0.975118 0.6241 0.00537246 0.976598 0.624027 0.00533303 0.976659 0.624027 0.00384672 0.975878 0.624027 -0.00305928 0.994416 0.6241 -0.0030819 0.994485 0.624 -0.00139469 0.9947 0.6241 0.0067152 0.977626 0.6241 0.00387517 0.97581 0.624 -0.00302837 0.99432 0.6241 0.00646095 0.992597 0.624027 0.00641352 0.992542 0.6241 0.00765198 0.991396 0.624027 0.00759581 0.991349 0.624027 0.00855958 0.989974 0.6241 0.00862288 0.990011 0.624027 0.00927711 0.988456 0.6241 0.00934571 0.988482 0.624027 0.00972775 0.986839 0.6241 0.00945855 0.981838 0.624027 0.00224975 0.975359 0.624 0.00764081 0.978863 0.624 0.0064986 0.977665 0.6241 -0.00275802 0.975416 0.6241 -0.00109861 0.975088 0.624027 -0.00273778 0.975486 0.624027 -0.00702999 0.978029 0.6241 -0.00708198 0.977978 0.6241 -0.00579337 0.976882 0.624027 -0.00109054 0.97516 0.6241 -0.00901678 0.980738 0.624027 -0.00953678 0.982343 0.6241 -0.00960731 0.982323 0.624027 -0.00575084 0.976942 0.6241 -0.00969265 0.987349 0.6241 -0.00995018 0.985677 0.624027 -0.0096215 0.987332 0.624027 -0.00895059 0.98077 0.6241 -0.00835652 0.990444 0.6241 -0.00915629 0.988953 0.624027 -0.00829517 0.990404 0.624027 -0.00908908 0.988924 0.624027 -0.00726263 0.991728 0.6241 -0.00606569 0.992917 0.6241 -0.00731634 0.991778 0.624027 -0.00602116 0.992858 0.624027 -0.00460647 0.993763 0.6241 -0.00464053 0.993828 0.624 -0.00455429 0.993677 0.6242 -0.00464723 0.993855 0.624027 -0.00987714 0.985672 0.6241 -0.00816685 0.979276 0.624027 -0.00984862 0.983993 0.6241 -0.00992145 0.983986 0.624027 -0.0081069 0.979318 0.6241 -0.0043381 0.97602 0.624027 -0.00430625 0.976086 0.624 -0.00595019 0.992787 0.6242 -0.00607163 0.992946 0.624 -0.00717623 0.991674 0.6242 -0.00732269 0.99181 0.624 -0.00819741 0.990371 0.6242 -0.0083647 0.99048 0.624 -0.00898456 0.988914 0.6242 -0.00916792 0.988994 0.624 -0.00951523 0.987345 0.6242 -0.00970942 0.987393 0.624 -0.00977426 0.98571 0.6242 -0.00997373 0.985724 0.624 -0.00975425 0.984054 0.6242 -0.00995332 0.984035 0.624 -0.00945578 0.982425 0.6242 -0.00964876 0.982373 0.624 -0.00888737 0.98087 0.6242 -0.00906874 0.980786 0.624 -0.00806524 0.979433 0.6242 -0.00822984 0.979319 0.624 -0.00701287 0.978155 0.6242 -0.00715599 0.978015 0.624 -0.0057603 0.977072 0.6242 -0.00587785 0.97691 0.624 -0.00434328 0.976215 0.6242 -0.00443192 0.976036 0.624 -0.00280227 0.975609 0.6242 -0.00285946 0.975418 0.624 -0.00118126 0.975271 0.6242 -0.00120537 0.975073 0.624 0.000473471 0.975211 0.6242 0.000483134 0.975012 0.624 0.00211469 0.975431 0.6242 0.00215784 0.975236 0.624 0.00369553 0.975923 0.6242 0.00377095 0.975738 0.624 0.00517087 0.976675 0.6242 0.0052764 0.976505 0.6242 0.00663123 0.977515 0.624 0.00856489 0.980237 0.6242 0.00779674 0.978738 0.624 0.00924446 0.981747 0.6242 0.00873968 0.98014 0.624 0.00966012 0.98335 0.6242 0.00943312 0.981681 0.624 0.0098 0.985 0.6242 0.00985726 0.983316 0.624 0.00965647 0.986671 0.6242 0.01 0.985 0.624 0.00923007 0.988293 0.6242 0.00985354 0.986705 0.6242 0.00941844 0.98836 0.624 0.00853331 0.989819 0.6242 0.00870746 0.989917 0.624 0.00758659 0.991204 0.6242 0.00774142 0.99133 0.624 0.00641763 0.992406 0.6242 0.00654861 0.992557 0.624 0.0050607 0.993392 0.6242 0.00516397 0.993563 0.624 0.00355552 0.994132 0.6242 0.00362808 0.994319 0.624 0.00194619 0.994605 0.6242 0.0019859 0.994801 0.624 0.000279849 0.994796 0.6242 0.000285561 0.994996 0.620142 0.000639007 0.94405 0.619974 0.000540638 0.943812 0.620063 0.000605904 0.943921 0.624594 0.000417107 0.954365 0.6246 0.000350781 0.954473 0.624539 0.000495057 0.954132 0.624575 0.000467024 0.95425 0.61988 0.000453624 0.943725 0.622494 0.000854403 0.949028 0.6246 4.90274e-16 0.954971 0.619691 0.000241098 0.943603 0.619785 0.000352194 0.943656 0.619508 -5.86198e-17 0.943533 0.619598 0.000122835 0.943562 0.620142 -0.000639007 0.94405 0.620063 -0.000605689 0.943921 0.619973 -0.000540452 0.943812 0.624594 -0.000417356 0.954365 0.624539 -0.000495057 0.954132 0.6246 -0.000350781 0.954473 0.624575 -0.0004673 0.95425 0.61988 -0.000453542 0.943725 0.622494 -0.000854403 0.949028 0.6246 4.90274e-16 0.954971 0.619691 -0.000241035 0.943603 0.619785 -0.000352159 0.943656 0.619508 -5.86198e-17 0.943533 0.619598 -0.000122782 0.943562 0.624893 -0.0186307 0.993043 0.625012 -0.016918 0.996021 0.624893 -0.0170034 0.996076 0.624893 0.0192457 0.978566 0.625012 0.0177917 0.975454 0.624893 0.0178815 0.975406 0.625012 -0.0148121 0.998721 0.624893 -0.0148869 0.998791 0.625146 -0.014752 0.998666 0.624893 -0.0123421 1.00111 0.625012 -0.0122802 1.00103 0.625146 -0.0122303 1.00096 0.624893 -0.00944231 1.00296 0.625012 -0.00939489 1.00287 0.625146 -0.00935674 1.0028 0.625146 -0.00621402 1.00412 0.625012 -0.00623936 1.0042 0.6256 -0.00618034 1.00402 0.625444 -0.00931176 1.00271 0.6256 -0.00929446 1.00271 0.625012 0.0174573 0.995145 0.625146 0.0188438 0.99202 0.625012 0.0189207 0.992049 0.625444 -0.0121715 1.00089 0.6256 -0.0121433 1.00089 0.625444 0.00388337 1.00463 0.6256 0.00725615 1.00364 0.625444 0.00714532 1.00369 0.625444 -0.00618414 1.00403 0.625291 -0.00619546 1.00407 0.625291 -0.0093288 1.00275 0.624893 -0.00627085 1.0043 0.624709 -0.00956009 1.00319 0.624791 -0.00949783 1.00307 0.624791 -0.00630772 1.00441 0.624709 -0.00634907 1.00454 0.624649 -0.00962754 1.00331 0.624649 -0.00639387 1.00468 0.624612 -0.00644102 1.00482 0.624612 -0.00969854 1.00345 0.6246 -0.00648936 1.00497 0.6246 -0.00975919 1.00359 0.624893 -0.0197221 0.989779 0.625012 -0.0185372 0.993003 0.625146 -0.0168493 0.995976 0.625012 -0.0196231 0.989755 0.624893 -0.0202461 0.986377 0.625146 -0.0184619 0.992971 0.624893 -0.0201876 0.982936 0.625012 -0.0201444 0.98637 0.625146 -0.0195434 0.989736 0.624893 -0.0195484 0.979554 0.625012 -0.0200863 0.982946 0.625146 -0.0200626 0.986365 0.625012 -0.0194503 0.979581 0.625146 -0.0200047 0.982955 0.625012 -0.0182547 0.976372 0.625146 -0.0193713 0.979603 0.624893 -0.0183469 0.976329 0.625012 -0.016534 0.973411 0.625146 -0.0181806 0.976407 0.624893 -0.0166175 0.973353 0.625146 -0.0164669 0.973458 0.625012 -0.0143377 0.970784 0.624893 -0.01441 0.970712 0.625012 -0.0117288 0.968565 0.625146 -0.0142794 0.970841 0.624893 -0.011788 0.968482 0.625012 -0.0087826 0.966819 0.625146 -0.0116812 0.968632 0.624893 -0.00882693 0.966727 0.625146 -0.00874694 0.966893 0.625012 -0.0055837 0.965596 0.624893 -0.00561188 0.965499 0.625012 -0.00222416 0.964932 0.625146 -0.00556102 0.965675 0.624893 -0.00223539 0.964831 0.625012 0.00119936 0.964845 0.625146 -0.00221513 0.965013 0.624893 0.00120541 0.964743 0.625146 0.00119449 0.964927 0.625012 0.00458837 0.965337 0.624893 0.00461153 0.965238 0.625012 0.00784539 0.966396 0.625146 0.00456974 0.965417 0.624893 0.00788499 0.966302 0.625012 0.0108767 0.967989 0.625146 0.00781353 0.966471 0.624893 0.0109316 0.967903 0.625012 0.0135951 0.970072 0.625146 0.0108325 0.968058 0.624893 0.0136637 0.969997 0.624893 0.0160028 0.972522 0.625146 0.0190713 0.978624 0.625012 0.0191491 0.978598 0.625012 0.0199556 0.981926 0.625012 0.0159224 0.972584 0.625146 0.0135399 0.970133 0.625012 0.0130804 1.00038 0.625146 0.0154287 0.997897 0.625012 0.0154917 0.997949 0.625012 0.0201881 0.985343 0.624893 0.02029 0.985345 0.624893 0.0199399 0.988769 0.625146 0.0173864 0.995104 0.624709 0.0104738 1.00268 0.624649 0.00738764 1.00433 0.624709 0.00733588 1.00419 0.625444 0.000509706 1.00501 0.625291 0.000510639 1.00504 0.625444 0.0102017 1.00222 0.6256 0.0103279 1.00213 0.625444 -0.00287863 1.0048 0.6256 -0.0028463 1.0048 0.625291 -0.00288389 1.00484 0.625146 0.0130273 1.00032 0.625146 0.00717984 1.00378 0.625146 0.010251 1.0023 0.625012 0.00720912 1.00386 0.624709 0.015764 0.998177 0.624791 0.0156614 0.998091 0.624791 0.0176485 0.995256 0.624791 0.0132237 1.00055 0.624709 0.0133104 1.00065 0.624612 0.00404468 1.00545 0.624612 0.00744212 1.00447 0.624893 0.0155698 0.998015 0.624893 0.0131464 1.00046 0.624649 0.000526991 1.00568 0.624709 0.00398694 1.00516 0.624649 0.00401507 1.0053 0.624612 0.000530878 1.00584 0.624893 0.0175454 0.995196 0.624893 0.0190162 0.992084 0.624612 -0.0029982 1.00563 0.6246 -0.00298861 1.00579 0.625012 0.0198397 0.98875 0.625146 0.0197592 0.988734 0.625146 0.0198746 0.981939 0.625146 0.0201061 0.985341 0.624893 0.0200564 0.981911 0.625146 0.0158578 0.972635 0.625146 0.0177194 0.975492 0.625444 -0.0146811 0.9986 0.6256 -0.0146454 0.99862 0.625291 -0.0121938 1.00091 0.624709 -0.0124961 1.00131 0.624791 -0.0124147 1.0012 0.624649 -0.0125843 1.00142 0.624612 -0.0126771 1.00155 0.6246 -0.0127504 1.00169 0.625444 -0.0167683 0.995923 0.6256 -0.0167294 0.99596 0.625291 -0.0147079 0.998625 0.624709 -0.0150726 0.998963 0.624791 -0.0149744 0.998872 0.624649 -0.0151789 0.999061 0.624612 -0.0152909 0.999165 0.6246 -0.0153776 0.999301 0.625444 -0.0183731 0.992932 0.6256 -0.0183358 0.992987 0.625291 -0.016799 0.995943 0.624709 -0.0172155 0.996215 0.624791 -0.0171034 0.996141 0.624649 -0.017337 0.996294 0.624612 -0.0174648 0.996377 0.6246 -0.0175659 0.996508 0.625444 -0.0194494 0.989713 0.6256 -0.0194188 0.989786 0.625291 -0.0184068 0.992947 0.624709 -0.0188631 0.993144 0.624791 -0.0187403 0.993091 0.624649 -0.0189962 0.993201 0.624612 -0.0191363 0.993262 0.6246 -0.0192526 0.993387 0.625444 -0.0199662 0.986358 0.6256 -0.0199475 0.986449 0.625291 -0.019485 0.989722 0.624709 -0.0199681 0.989839 0.624791 -0.0198381 0.989807 0.624649 -0.020109 0.989873 0.624612 -0.0202573 0.989909 0.6246 -0.0203898 0.990026 0.625444 -0.0199085 0.982964 0.6256 -0.0199066 0.98307 0.625291 -0.0200027 0.986361 0.624709 -0.0204986 0.986395 0.624791 -0.0203651 0.986385 0.624649 -0.0206433 0.986404 0.624612 -0.0207955 0.986415 0.6246 -0.0209448 0.986521 0.625444 -0.0192782 0.979629 0.6256 -0.0192975 0.979746 0.625291 -0.019945 0.982961 0.624709 -0.0204395 0.98291 0.624791 -0.0203064 0.982924 0.624649 -0.0205837 0.982895 0.624612 -0.0207355 0.98288 0.6246 -0.020902 0.982973 0.625444 -0.0180932 0.976448 0.6256 -0.0181375 0.976572 0.625291 -0.0193134 0.979619 0.624709 -0.0197923 0.979486 0.624791 -0.0196634 0.979522 0.624649 -0.0199319 0.979447 0.624612 -0.0200789 0.979406 0.6246 -0.0202624 0.979483 0.625444 -0.0163877 0.973514 0.6256 -0.0164597 0.973639 0.625291 -0.0181263 0.976433 0.624709 -0.0185757 0.97622 0.624791 -0.0184547 0.976278 0.624649 -0.0187068 0.976158 0.624612 -0.0188447 0.976093 0.6246 -0.0190444 0.976151 0.625444 -0.0142108 0.970909 0.6256 -0.014312 0.97103 0.625291 -0.0164177 0.973493 0.624709 -0.0168247 0.973207 0.624791 -0.0167152 0.973284 0.624649 -0.0169435 0.973124 0.624612 -0.0170684 0.973037 0.6246 -0.0172827 0.973071 0.625444 -0.0116251 0.96871 0.6256 -0.0117557 0.96882 0.625291 -0.0142368 0.970884 0.624709 -0.0145898 0.970534 0.624791 -0.0144948 0.970628 0.624649 -0.0146927 0.970432 0.624612 -0.0148011 0.970324 0.6246 -0.0150276 0.970331 0.625444 -0.00870488 0.96698 0.6256 -0.00886383 0.967071 0.625291 -0.0116463 0.968681 0.624709 -0.0119351 0.968276 0.624791 -0.0118574 0.968385 0.624649 -0.0120193 0.968158 0.624612 -0.0121079 0.968034 0.6246 -0.0123435 0.968011 0.625444 -0.00553429 0.965768 0.6256 -0.00571891 0.965835 0.625291 -0.00872081 0.966947 0.624709 -0.00893703 0.9665 0.624791 -0.00887883 0.96662 0.624649 -0.00900009 0.966369 0.624612 -0.00906646 0.966232 0.6246 -0.00930702 0.966175 0.625444 -0.00220448 0.965109 0.6256 -0.00241073 0.965146 0.625291 -0.00554442 0.965733 0.624709 -0.00568188 0.965255 0.624791 -0.00564488 0.965384 0.624649 -0.00572197 0.965116 0.624612 -0.00576417 0.964969 0.6246 -0.00600486 0.964877 0.6256 0.000966268 0.965023 0.625444 0.00118874 0.965023 0.625291 -0.00220852 0.965073 0.624709 -0.00226327 0.964579 0.624791 -0.00224853 0.964712 0.624649 -0.00227924 0.964435 0.624612 -0.00229605 0.964283 0.6246 -0.00253127 0.964153 0.6256 0.00431568 0.965471 0.625444 0.00454777 0.965511 0.625291 0.00119092 0.964986 0.624709 0.00122044 0.96449 0.624791 0.0012125 0.964624 0.624649 0.00122906 0.964346 0.624612 0.00123812 0.964193 0.6246 0.00101458 0.964025 0.6256 0.0075419 0.966477 0.625444 0.00777596 0.96656 0.625291 0.00455609 0.965476 0.624709 0.00466905 0.964992 0.624791 0.00463865 0.965122 0.624649 0.004702 0.96485 0.624612 0.00473667 0.964702 0.6246 0.00453147 0.964495 0.6256 0.0105528 0.968011 0.625444 0.0107805 0.96814 0.625291 0.0077902 0.966526 0.624709 0.00798334 0.966068 0.624791 0.00793135 0.966192 0.624649 0.00803967 0.965935 0.624612 0.00809895 0.965794 0.6246 0.00791899 0.96555 0.6256 0.0132625 0.97003 0.625444 0.0134748 0.970204 0.625291 0.0108002 0.968109 0.624709 0.011068 0.96769 0.624791 0.0109959 0.967803 0.624649 0.0111461 0.967568 0.624612 0.0112282 0.967439 0.6246 0.0110804 0.967161 0.6256 0.0155935 0.972476 0.625444 0.0157815 0.972694 0.625291 0.0134995 0.970177 0.624709 0.0138342 0.969809 0.624791 0.0137441 0.969908 0.624649 0.0139318 0.969702 0.624612 0.0140345 0.969589 0.6246 0.0139256 0.969281 0.6256 0.0174794 0.97528 0.625444 0.0176342 0.975538 0.625291 0.0158104 0.972672 0.624709 0.0162024 0.972366 0.624791 0.0160969 0.972448 0.624649 0.0163167 0.972277 0.624612 0.0164371 0.972183 0.6246 0.0163732 0.97185 0.6256 0.0188662 0.978362 0.625444 0.0189796 0.978655 0.625291 0.0176665 0.975521 0.624709 0.0181045 0.975286 0.624791 0.0179866 0.975349 0.624649 0.0182323 0.975217 0.624612 0.0183667 0.975145 0.6246 0.0183533 0.974794 0.6256 0.0197145 0.981633 0.625444 0.019779 0.981953 0.625291 0.0190144 0.978643 0.624709 0.0194858 0.978485 0.624791 0.0193589 0.978528 0.624649 0.0196233 0.978439 0.624612 0.019768 0.978391 0.6246 0.0198095 0.97803 0.6256 0.02 0.985 0.625444 0.0200094 0.98534 0.625291 0.0198152 0.981948 0.624709 0.0203065 0.981872 0.624791 0.0201743 0.981892 0.624649 0.0204498 0.98185 0.624612 0.0206006 0.981827 0.6246 0.0207002 0.981465 0.6256 0.0197071 0.98841 0.625444 0.0196642 0.988717 0.625291 0.0200461 0.98534 0.624709 0.020543 0.985349 0.624791 0.0204093 0.985347 0.624649 0.020688 0.985351 0.624612 0.0208406 0.985354 0.6246 0.021 0.985 0.6256 0.0188369 0.991721 0.625444 0.0187532 0.991986 0.625291 0.0197002 0.988723 0.624709 0.0201886 0.988816 0.624791 0.0200571 0.988791 0.624649 0.020331 0.988843 0.624612 0.020481 0.988871 0.6246 0.0206924 0.988581 0.6256 0.0174149 0.994835 0.625444 0.0173028 0.995055 0.625291 0.0187876 0.991999 0.624709 0.0192533 0.992173 0.624791 0.019128 0.992126 0.624649 0.0193892 0.992223 0.624612 0.0195322 0.992277 0.6246 0.0197787 0.992057 0.6256 0.0154828 0.99766 0.625444 0.0153546 0.997835 0.625291 0.0173345 0.995074 0.624709 0.0177642 0.995323 0.624649 0.0178896 0.995396 0.624612 0.0180215 0.995473 0.6246 0.0182857 0.995326 0.625444 0.0129646 1.00025 0.6256 0.0130972 1.00012 0.625291 0.0153827 0.997858 0.624649 0.0158753 0.99827 0.624612 0.0159923 0.998368 0.6246 0.016257 0.998293 0.625291 0.0129884 1.00027 0.624791 0.0104056 1.00256 0.624649 0.0134043 1.00076 0.624612 0.0135031 1.00088 0.6246 0.0137521 1.00087 0.625012 0.0102928 1.00237 0.625291 0.0102204 1.00225 0.624893 0.0103448 1.00246 0.624649 0.0105477 1.0028 0.624612 0.0106255 1.00293 0.6246 0.0108443 1.00298 0.6256 0.00397181 1.0046 0.624893 0.00724551 1.00396 0.625291 0.0071584 1.00373 0.624791 0.00728811 1.00407 0.624709 0.000523299 1.00554 0.6246 0.00761896 1.00457 0.6256 0.000571121 1.00499 0.625012 0.00391805 1.00481 0.625146 0.00390214 1.00473 0.625291 0.00389048 1.00467 0.624893 0.00393782 1.00491 0.624791 0.00396097 1.00502 0.6246 0.0041704 1.00558 0.625146 -0.00289253 1.0049 0.625146 0.000512168 1.0051 0.625012 0.000514257 1.00518 0.624893 0.000516852 1.00529 0.624791 0.000519891 1.00541 0.6246 0.000599677 1.00599 0.625012 -0.00290433 1.00498 0.624893 -0.00291899 1.00508 0.624791 -0.00293615 1.0052 0.624709 -0.00295539 1.00533 0.624649 -0.00297625 1.00548 0.625 -0.00236454 0.999938 0.63 -0.00246404 1.00033 0.63 -0.00235719 0.999917 0.63 -0.0025 1.00075 0.625 -0.0024659 1.00034 0.625 -0.0025 1.00075 0.63 -0.00194509 0.999179 0.63 -0.00165169 0.998873 0.625 -0.0016932 0.998911 0.625 -0.00197285 0.999214 0.625 -0.00219868 0.99956 0.63 -0.00218254 0.999531 0.625 -0.000613714 0.998326 0.63 -0.000932141 0.99843 0.63 -0.000526698 0.998306 0.625 -0.00100424 0.998461 0.625 -0.00136737 0.998657 0.63 -0.00131077 0.998621 0.63 0.000732057 0.99836 0.625 0.000613714 0.998326 0.63 0.000317545 0.99827 0.63 -0.000106103 0.998252 0.625 0.000206448 0.998259 0.625 -0.000206448 0.998259 0.63 0.00148658 0.99874 0.63 0.00180489 0.99902 0.625 0.0016932 0.998911 0.625 0.00100424 0.998461 0.63 0.00112551 0.998518 0.625 0.00136737 0.998657 0.625 0.00236454 0.999938 0.63 0.00227807 0.99972 0.63 0.00241933 1.00012 0.625 0.00219868 0.99956 0.625 0.00197285 0.999214 0.63 0.00207127 0.99935 0.63 0.00241933 1.00138 0.625 0.0024659 1.00116 0.63 0.00249099 1.00096 0.63 0.00249099 1.00054 0.625 0.0025 1.00075 0.625 0.0024659 1.00034 0.63 0.00207127 1.00215 0.63 0.00180489 1.00248 0.625 0.00197285 1.00229 0.625 0.00236454 1.00156 0.63 0.00227807 1.00178 0.625 0.00219868 1.00194 0.625 0.00100424 1.00304 0.63 0.00112551 1.00298 0.63 0.000732057 1.00314 0.625 0.00136737 1.00284 0.625 0.0016932 1.00259 0.63 0.00148658 1.00276 0.625 -0.000206448 1.00324 0.625 0.000206448 1.00324 0.63 -0.000106103 1.00325 0.63 0.000317545 1.00323 0.625 0.000613714 1.00317 0.63 -0.000526698 1.00319 0.63 -0.000932141 1.00307 0.625 -0.000613714 1.00317 0.63 -0.00131077 1.00288 0.625 -0.00100424 1.00304 0.625 -0.00136737 1.00284 0.63 -0.00165169 1.00263 0.63 -0.00194509 1.00232 0.625 -0.0016932 1.00259 0.63 -0.00218254 1.00197 0.625 -0.00197285 1.00229 0.625 -0.00219868 1.00194 0.63 -0.00235719 1.00158 0.63 -0.00246404 1.00117 0.625 -0.00236454 1.00156 0.625 -0.0024659 1.00116 0.625 0.0025 1.00075 0.623498 4.44089e-19 1.00075 0.625 0.0024659 1.00034 0.625 0.0024659 1.00116 0.625 0.00219868 0.99956 0.625 0.00236454 0.999938 0.625 0.0016932 0.998911 0.625 0.00197285 0.999214 0.625 0.00100424 0.998461 0.625 0.00136737 0.998657 0.625 0.000206448 0.998259 0.625 0.000613714 0.998326 0.625 -0.000613714 0.998326 0.625 -0.000206448 0.998259 0.625 -0.00136737 0.998657 0.625 -0.00100424 0.998461 0.625 -0.00197285 0.999214 0.625 -0.0016932 0.998911 0.625 -0.00236454 0.999938 0.625 -0.00219868 0.99956 0.625 -0.0025 1.00075 0.625 -0.0024659 1.00034 0.625 -0.0024659 1.00116 0.625 -0.00219868 1.00194 0.625 -0.00236454 1.00156 0.625 -0.0016932 1.00259 0.625 -0.00197285 1.00229 0.625 -0.00100424 1.00304 0.625 -0.00136737 1.00284 0.625 -0.000206448 1.00324 0.625 -0.000613714 1.00317 0.625 0.000613714 1.00317 0.625 0.000206448 1.00324 0.625 0.00136737 1.00284 0.625 0.00100424 1.00304 0.625 0.00197285 1.00229 0.625 0.0016932 1.00259 0.625 0.00236454 1.00156 0.625 0.00219868 1.00194 0.62324 0.0113434 0.971372 0.62324 0.0109305 0.971372 0.63 0.0109305 0.971372 0.63 0.0136369 0.973863 0.62324 0.0136028 0.974275 0.62324 0.0136369 0.973863 0.62324 0.0105232 0.97144 0.63 0.0105232 0.97144 0.63 0.0101327 0.971574 0.62324 0.0101327 0.971574 0.62324 0.00976956 0.97177 0.63 0.00976956 0.97177 0.62324 0.00944373 0.972024 0.63 0.00944373 0.972024 0.63 0.00916408 0.972328 0.62324 0.00916408 0.972328 0.62324 0.00893825 0.972673 0.63 0.00893825 0.972673 0.62324 0.00877239 0.973051 0.63 0.00877239 0.973051 0.63 0.00867103 0.973452 0.62324 0.00867103 0.973452 0.63 0.00863693 0.973863 0.62324 0.00863693 0.973863 0.63 0.0113434 0.971372 0.62324 0.0117506 0.97144 0.63 0.0117506 0.97144 0.63 0.0121412 0.971574 0.62324 0.0121412 0.971574 0.63 0.0125043 0.97177 0.62324 0.0125043 0.97177 0.62324 0.0128301 0.972024 0.63 0.0128301 0.972024 0.63 0.0131098 0.972328 0.62324 0.0131098 0.972328 0.63 0.0133356 0.972673 0.62324 0.0133356 0.972673 0.62324 0.0135015 0.973051 0.63 0.0135015 0.973051 0.63 0.0136028 0.973452 0.62324 0.0136028 0.973452 0.63 0.0135015 0.974675 0.62324 0.0135015 0.974675 0.63 0.0136028 0.974275 0.63 0.0128301 0.975702 0.62324 0.0128301 0.975702 0.63 0.0131098 0.975399 0.63 0.0133356 0.975053 0.62324 0.0131098 0.975399 0.62324 0.0133356 0.975053 0.63 0.0121412 0.976153 0.63 0.0117506 0.976287 0.62324 0.0117506 0.976287 0.62324 0.0125043 0.975956 0.63 0.0125043 0.975956 0.62324 0.0121412 0.976153 0.62324 0.0105232 0.976287 0.63 0.0109305 0.976355 0.63 0.0105232 0.976287 0.62324 0.0109305 0.976355 0.62324 0.0113434 0.976355 0.63 0.0113434 0.976355 0.63 0.00944373 0.975702 0.62324 0.00944373 0.975702 0.63 0.00976956 0.975956 0.63 0.0101327 0.976153 0.62324 0.00976956 0.975956 0.62324 0.0101327 0.976153 0.62324 0.00893825 0.975053 0.62324 0.00916408 0.975399 0.63 0.00916408 0.975399 0.63 0.00893825 0.975053 0.62324 0.00877239 0.974675 0.63 0.00877239 0.974675 0.62324 0.00867103 0.974275 0.63 0.00867103 0.974275 0.62324 0.0136369 0.973863 0.621738 0.0111369 0.973863 0.62324 0.0136028 0.973452 0.62324 0.0136028 0.974275 0.62324 0.0133356 0.972673 0.62324 0.0135015 0.973051 0.62324 0.0128301 0.972024 0.62324 0.0131098 0.972328 0.62324 0.0121412 0.971574 0.62324 0.0125043 0.97177 0.62324 0.0113434 0.971372 0.62324 0.0117506 0.97144 0.62324 0.0105232 0.97144 0.62324 0.0109305 0.971372 0.62324 0.00976956 0.97177 0.62324 0.0101327 0.971574 0.62324 0.00916408 0.972328 0.62324 0.00944373 0.972024 0.62324 0.00877239 0.973051 0.62324 0.00893825 0.972673 0.62324 0.00863693 0.973863 0.62324 0.00867103 0.973452 0.62324 0.00867103 0.974275 0.62324 0.00893825 0.975053 0.62324 0.00877239 0.974675 0.62324 0.00944373 0.975702 0.62324 0.00916408 0.975399 0.62324 0.0101327 0.976153 0.62324 0.00976956 0.975956 0.62324 0.0109305 0.976355 0.62324 0.0105232 0.976287 0.62324 0.0117506 0.976287 0.62324 0.0113434 0.976355 0.62324 0.0125043 0.975956 0.62324 0.0121412 0.976153 0.62324 0.0131098 0.975399 0.62324 0.0128301 0.975702 0.62324 0.0135015 0.974675 0.62324 0.0133356 0.975053 0.62324 0.000206448 0.966759 0.62324 -0.000206448 0.966759 0.63 -0.000206448 0.966759 0.63 0.0025 0.96925 0.62324 0.0024659 0.969661 0.62324 0.0025 0.96925 0.62324 -0.000613714 0.966826 0.63 -0.000613714 0.966826 0.63 -0.00100424 0.966961 0.62324 -0.00100424 0.966961 0.62324 -0.00136737 0.967157 0.63 -0.00136737 0.967157 0.62324 -0.0016932 0.967411 0.63 -0.0016932 0.967411 0.63 -0.00197285 0.967714 0.62324 -0.00197285 0.967714 0.62324 -0.00219868 0.96806 0.63 -0.00219868 0.96806 0.62324 -0.00236454 0.968438 0.63 -0.00236454 0.968438 0.63 -0.0024659 0.968839 0.62324 -0.0024659 0.968839 0.63 -0.0025 0.96925 0.62324 -0.0025 0.96925 0.63 0.000206448 0.966759 0.62324 0.000613714 0.966826 0.63 0.000613714 0.966826 0.63 0.00100424 0.966961 0.62324 0.00100424 0.966961 0.63 0.00136737 0.967157 0.62324 0.00136737 0.967157 0.62324 0.0016932 0.967411 0.63 0.0016932 0.967411 0.63 0.00197285 0.967714 0.62324 0.00197285 0.967714 0.63 0.00219868 0.96806 0.62324 0.00219868 0.96806 0.62324 0.00236454 0.968438 0.63 0.00236454 0.968438 0.63 0.0024659 0.968839 0.62324 0.0024659 0.968839 0.63 0.00236454 0.970062 0.62324 0.00236454 0.970062 0.63 0.0024659 0.969661 0.63 0.0016932 0.971089 0.62324 0.0016932 0.971089 0.63 0.00197285 0.970785 0.63 0.00219868 0.97044 0.62324 0.00197285 0.970785 0.62324 0.00219868 0.97044 0.63 0.00100424 0.971539 0.63 0.000613714 0.971674 0.62324 0.000613714 0.971674 0.62324 0.00136737 0.971343 0.63 0.00136737 0.971343 0.62324 0.00100424 0.971539 0.62324 -0.000613714 0.971674 0.63 -0.000206448 0.971741 0.63 -0.000613714 0.971674 0.62324 -0.000206448 0.971741 0.62324 0.000206448 0.971741 0.63 0.000206448 0.971741 0.63 -0.0016932 0.971089 0.62324 -0.0016932 0.971089 0.63 -0.00136737 0.971343 0.63 -0.00100424 0.971539 0.62324 -0.00136737 0.971343 0.62324 -0.00100424 0.971539 0.62324 -0.00219868 0.97044 0.62324 -0.00197285 0.970785 0.63 -0.00197285 0.970785 0.63 -0.00219868 0.97044 0.62324 -0.00236454 0.970062 0.63 -0.00236454 0.970062 0.62324 -0.0024659 0.969661 0.63 -0.0024659 0.969661 0.62324 0.0025 0.96925 0.621738 -5.72875e-17 0.96925 0.62324 0.0024659 0.968839 0.62324 0.0024659 0.969661 0.62324 0.00219868 0.96806 0.62324 0.00236454 0.968438 0.62324 0.0016932 0.967411 0.62324 0.00197285 0.967714 0.62324 0.00100424 0.966961 0.62324 0.00136737 0.967157 0.62324 0.000206448 0.966759 0.62324 0.000613714 0.966826 0.62324 -0.000613714 0.966826 0.62324 -0.000206448 0.966759 0.62324 -0.00136737 0.967157 0.62324 -0.00100424 0.966961 0.62324 -0.00197285 0.967714 0.62324 -0.0016932 0.967411 0.62324 -0.00236454 0.968438 0.62324 -0.00219868 0.96806 0.62324 -0.0025 0.96925 0.62324 -0.0024659 0.968839 0.62324 -0.0024659 0.969661 0.62324 -0.00219868 0.97044 0.62324 -0.00236454 0.970062 0.62324 -0.0016932 0.971089 0.62324 -0.00197285 0.970785 0.62324 -0.00100424 0.971539 0.62324 -0.00136737 0.971343 0.62324 -0.000206448 0.971741 0.62324 -0.000613714 0.971674 0.62324 0.000613714 0.971674 0.62324 0.000206448 0.971741 0.62324 0.00136737 0.971343 0.62324 0.00100424 0.971539 0.62324 0.00197285 0.970785 0.62324 0.0016932 0.971089 0.62324 0.00236454 0.970062 0.62324 0.00219868 0.97044 0.62324 -0.0109305 0.971372 0.62324 -0.0113434 0.971372 0.63 -0.0113434 0.971372 0.63 -0.00863693 0.973863 0.62324 -0.00867103 0.974275 0.62324 -0.00863693 0.973863 0.62324 -0.0117506 0.97144 0.63 -0.0117506 0.97144 0.63 -0.0121412 0.971574 0.62324 -0.0121412 0.971574 0.62324 -0.0125043 0.97177 0.63 -0.0125043 0.97177 0.62324 -0.0128301 0.972024 0.63 -0.0128301 0.972024 0.63 -0.0131098 0.972328 0.62324 -0.0131098 0.972328 0.62324 -0.0133356 0.972673 0.63 -0.0133356 0.972673 0.62324 -0.0135015 0.973051 0.63 -0.0135015 0.973051 0.63 -0.0136028 0.973452 0.62324 -0.0136028 0.973452 0.63 -0.0136369 0.973863 0.62324 -0.0136369 0.973863 0.63 -0.0109305 0.971372 0.62324 -0.0105232 0.97144 0.63 -0.0105232 0.97144 0.63 -0.0101327 0.971574 0.62324 -0.0101327 0.971574 0.63 -0.00976956 0.97177 0.62324 -0.00976956 0.97177 0.62324 -0.00944373 0.972024 0.63 -0.00944373 0.972024 0.63 -0.00916408 0.972328 0.62324 -0.00916408 0.972328 0.63 -0.00893825 0.972673 0.62324 -0.00893825 0.972673 0.62324 -0.00877239 0.973051 0.63 -0.00877239 0.973051 0.63 -0.00867103 0.973452 0.62324 -0.00867103 0.973452 0.63 -0.00877239 0.974675 0.62324 -0.00877239 0.974675 0.63 -0.00867103 0.974275 0.63 -0.00944373 0.975702 0.62324 -0.00944373 0.975702 0.63 -0.00916408 0.975399 0.63 -0.00893825 0.975053 0.62324 -0.00916408 0.975399 0.62324 -0.00893825 0.975053 0.63 -0.0101327 0.976153 0.63 -0.0105232 0.976287 0.62324 -0.0105232 0.976287 0.62324 -0.00976956 0.975956 0.63 -0.00976956 0.975956 0.62324 -0.0101327 0.976153 0.62324 -0.0117506 0.976287 0.63 -0.0113434 0.976355 0.63 -0.0117506 0.976287 0.62324 -0.0113434 0.976355 0.62324 -0.0109305 0.976355 0.63 -0.0109305 0.976355 0.63 -0.0128301 0.975702 0.62324 -0.0128301 0.975702 0.63 -0.0125043 0.975956 0.63 -0.0121412 0.976153 0.62324 -0.0125043 0.975956 0.62324 -0.0121412 0.976153 0.62324 -0.0133356 0.975053 0.62324 -0.0131098 0.975399 0.63 -0.0131098 0.975399 0.63 -0.0133356 0.975053 0.62324 -0.0135015 0.974675 0.63 -0.0135015 0.974675 0.62324 -0.0136028 0.974275 0.63 -0.0136028 0.974275 0.62324 -0.00863693 0.973863 0.621738 -0.0111369 0.973863 0.62324 -0.00867103 0.973452 0.62324 -0.00867103 0.974275 0.62324 -0.00893825 0.972673 0.62324 -0.00877239 0.973051 0.62324 -0.00944373 0.972024 0.62324 -0.00916408 0.972328 0.62324 -0.0101327 0.971574 0.62324 -0.00976956 0.97177 0.62324 -0.0109305 0.971372 0.62324 -0.0105232 0.97144 0.62324 -0.0117506 0.97144 0.62324 -0.0113434 0.971372 0.62324 -0.0125043 0.97177 0.62324 -0.0121412 0.971574 0.62324 -0.0131098 0.972328 0.62324 -0.0128301 0.972024 0.62324 -0.0135015 0.973051 0.62324 -0.0133356 0.972673 0.62324 -0.0136369 0.973863 0.62324 -0.0136028 0.973452 0.62324 -0.0136028 0.974275 0.62324 -0.0133356 0.975053 0.62324 -0.0135015 0.974675 0.62324 -0.0128301 0.975702 0.62324 -0.0131098 0.975399 0.62324 -0.0121412 0.976153 0.62324 -0.0125043 0.975956 0.62324 -0.0113434 0.976355 0.62324 -0.0117506 0.976287 0.62324 -0.0105232 0.976287 0.62324 -0.0109305 0.976355 0.62324 -0.00976956 0.975956 0.62324 -0.0101327 0.976153 0.62324 -0.00916408 0.975399 0.62324 -0.00944373 0.975702 0.62324 -0.00877239 0.974675 0.62324 -0.00893825 0.975053 0.62324 -0.0155436 0.982509 0.62324 -0.0159564 0.982509 0.63 -0.0159564 0.982509 0.63 -0.01325 0.985 0.62324 -0.0132841 0.985412 0.62324 -0.01325 0.985 0.62324 -0.0163637 0.982576 0.63 -0.0163637 0.982576 0.63 -0.0167542 0.982711 0.62324 -0.0167542 0.982711 0.62324 -0.0171174 0.982907 0.63 -0.0171174 0.982907 0.62324 -0.0174432 0.983161 0.63 -0.0174432 0.983161 0.63 -0.0177229 0.983464 0.62324 -0.0177229 0.983464 0.62324 -0.0179487 0.98381 0.63 -0.0179487 0.98381 0.62324 -0.0181145 0.984188 0.63 -0.0181145 0.984188 0.63 -0.0182159 0.984589 0.62324 -0.0182159 0.984589 0.63 -0.01825 0.985 0.62324 -0.01825 0.985 0.63 -0.0155436 0.982509 0.62324 -0.0151363 0.982576 0.63 -0.0151363 0.982576 0.63 -0.0147458 0.982711 0.62324 -0.0147458 0.982711 0.63 -0.0143826 0.982907 0.62324 -0.0143826 0.982907 0.62324 -0.0140568 0.983161 0.63 -0.0140568 0.983161 0.63 -0.0137771 0.983464 0.62324 -0.0137771 0.983464 0.63 -0.0135513 0.98381 0.62324 -0.0135513 0.98381 0.62324 -0.0133855 0.984188 0.63 -0.0133855 0.984188 0.63 -0.0132841 0.984589 0.62324 -0.0132841 0.984589 0.63 -0.0133855 0.985812 0.62324 -0.0133855 0.985812 0.63 -0.0132841 0.985412 0.63 -0.0140568 0.986839 0.62324 -0.0140568 0.986839 0.63 -0.0137771 0.986536 0.63 -0.0135513 0.98619 0.62324 -0.0137771 0.986536 0.62324 -0.0135513 0.98619 0.63 -0.0147458 0.987289 0.63 -0.0151363 0.987424 0.62324 -0.0151363 0.987424 0.62324 -0.0143826 0.987093 0.63 -0.0143826 0.987093 0.62324 -0.0147458 0.987289 0.62324 -0.0163637 0.987424 0.63 -0.0159564 0.987491 0.63 -0.0163637 0.987424 0.62324 -0.0159564 0.987491 0.62324 -0.0155436 0.987491 0.63 -0.0155436 0.987491 0.63 -0.0174432 0.986839 0.62324 -0.0174432 0.986839 0.63 -0.0171174 0.987093 0.63 -0.0167542 0.987289 0.62324 -0.0171174 0.987093 0.62324 -0.0167542 0.987289 0.62324 -0.0179487 0.98619 0.62324 -0.0177229 0.986536 0.63 -0.0177229 0.986536 0.63 -0.0179487 0.98619 0.62324 -0.0181145 0.985812 0.63 -0.0181145 0.985812 0.62324 -0.0182159 0.985412 0.63 -0.0182159 0.985412 0.62324 -0.01325 0.985 0.621738 -0.01575 0.985 0.62324 -0.0132841 0.984589 0.62324 -0.0132841 0.985412 0.62324 -0.0135513 0.98381 0.62324 -0.0133855 0.984188 0.62324 -0.0140568 0.983161 0.62324 -0.0137771 0.983464 0.62324 -0.0147458 0.982711 0.62324 -0.0143826 0.982907 0.62324 -0.0155436 0.982509 0.62324 -0.0151363 0.982576 0.62324 -0.0163637 0.982576 0.62324 -0.0159564 0.982509 0.62324 -0.0171174 0.982907 0.62324 -0.0167542 0.982711 0.62324 -0.0177229 0.983464 0.62324 -0.0174432 0.983161 0.62324 -0.0181145 0.984188 0.62324 -0.0179487 0.98381 0.62324 -0.01825 0.985 0.62324 -0.0182159 0.984589 0.62324 -0.0182159 0.985412 0.62324 -0.0179487 0.98619 0.62324 -0.0181145 0.985812 0.62324 -0.0174432 0.986839 0.62324 -0.0177229 0.986536 0.62324 -0.0167542 0.987289 0.62324 -0.0171174 0.987093 0.62324 -0.0159564 0.987491 0.62324 -0.0163637 0.987424 0.62324 -0.0151363 0.987424 0.62324 -0.0155436 0.987491 0.62324 -0.0143826 0.987093 0.62324 -0.0147458 0.987289 0.62324 -0.0137771 0.986536 0.62324 -0.0140568 0.986839 0.62324 -0.0133855 0.985812 0.62324 -0.0135513 0.98619 0.62324 -0.0109305 0.993645 0.62324 -0.0113434 0.993645 0.63 -0.0113434 0.993645 0.63 -0.00863693 0.996137 0.62324 -0.00867103 0.996548 0.62324 -0.00863693 0.996137 0.62324 -0.0117506 0.993713 0.63 -0.0117506 0.993713 0.63 -0.0121412 0.993847 0.62324 -0.0121412 0.993847 0.62324 -0.0125043 0.994044 0.63 -0.0125043 0.994044 0.62324 -0.0128301 0.994298 0.63 -0.0128301 0.994298 0.63 -0.0131098 0.994601 0.62324 -0.0131098 0.994601 0.62324 -0.0133356 0.994947 0.63 -0.0133356 0.994947 0.62324 -0.0135015 0.995325 0.63 -0.0135015 0.995325 0.63 -0.0136028 0.995725 0.62324 -0.0136028 0.995725 0.63 -0.0136369 0.996137 0.62324 -0.0136369 0.996137 0.63 -0.0109305 0.993645 0.62324 -0.0105232 0.993713 0.63 -0.0105232 0.993713 0.63 -0.0101327 0.993847 0.62324 -0.0101327 0.993847 0.63 -0.00976956 0.994044 0.62324 -0.00976956 0.994044 0.62324 -0.00944373 0.994298 0.63 -0.00944373 0.994298 0.63 -0.00916408 0.994601 0.62324 -0.00916408 0.994601 0.63 -0.00893825 0.994947 0.62324 -0.00893825 0.994947 0.62324 -0.00877239 0.995325 0.63 -0.00877239 0.995325 0.63 -0.00867103 0.995725 0.62324 -0.00867103 0.995725 0.63 -0.00877239 0.996949 0.62324 -0.00877239 0.996949 0.63 -0.00867103 0.996548 0.63 -0.00944373 0.997976 0.62324 -0.00944373 0.997976 0.63 -0.00916408 0.997672 0.63 -0.00893825 0.997327 0.62324 -0.00916408 0.997672 0.62324 -0.00893825 0.997327 0.63 -0.0101327 0.998426 0.63 -0.0105232 0.99856 0.62324 -0.0105232 0.99856 0.62324 -0.00976956 0.99823 0.63 -0.00976956 0.99823 0.62324 -0.0101327 0.998426 0.62324 -0.0117506 0.99856 0.63 -0.0113434 0.998628 0.63 -0.0117506 0.99856 0.62324 -0.0113434 0.998628 0.62324 -0.0109305 0.998628 0.63 -0.0109305 0.998628 0.63 -0.0128301 0.997976 0.62324 -0.0128301 0.997976 0.63 -0.0125043 0.99823 0.63 -0.0121412 0.998426 0.62324 -0.0125043 0.99823 0.62324 -0.0121412 0.998426 0.62324 -0.0133356 0.997327 0.62324 -0.0131098 0.997672 0.63 -0.0131098 0.997672 0.63 -0.0133356 0.997327 0.62324 -0.0135015 0.996949 0.63 -0.0135015 0.996949 0.62324 -0.0136028 0.996548 0.63 -0.0136028 0.996548 0.62324 -0.00863693 0.996137 0.621738 -0.0111369 0.996137 0.62324 -0.00867103 0.995725 0.62324 -0.00867103 0.996548 0.62324 -0.00893825 0.994947 0.62324 -0.00877239 0.995325 0.62324 -0.00944373 0.994298 0.62324 -0.00916408 0.994601 0.62324 -0.0101327 0.993847 0.62324 -0.00976956 0.994044 0.62324 -0.0109305 0.993645 0.62324 -0.0105232 0.993713 0.62324 -0.0117506 0.993713 0.62324 -0.0113434 0.993645 0.62324 -0.0125043 0.994044 0.62324 -0.0121412 0.993847 0.62324 -0.0131098 0.994601 0.62324 -0.0128301 0.994298 0.62324 -0.0135015 0.995325 0.62324 -0.0133356 0.994947 0.62324 -0.0136369 0.996137 0.62324 -0.0136028 0.995725 0.62324 -0.0136028 0.996548 0.62324 -0.0133356 0.997327 0.62324 -0.0135015 0.996949 0.62324 -0.0128301 0.997976 0.62324 -0.0131098 0.997672 0.62324 -0.0121412 0.998426 0.62324 -0.0125043 0.99823 0.62324 -0.0113434 0.998628 0.62324 -0.0117506 0.99856 0.62324 -0.0105232 0.99856 0.62324 -0.0109305 0.998628 0.62324 -0.00976956 0.99823 0.62324 -0.0101327 0.998426 0.62324 -0.00916408 0.997672 0.62324 -0.00944373 0.997976 0.62324 -0.00877239 0.996949 0.62324 -0.00893825 0.997327 0.62324 0.0113434 0.993645 0.62324 0.0109305 0.993645 0.63 0.0109305 0.993645 0.63 0.0136369 0.996137 0.62324 0.0136028 0.996548 0.62324 0.0136369 0.996137 0.62324 0.0105232 0.993713 0.63 0.0105232 0.993713 0.63 0.0101327 0.993847 0.62324 0.0101327 0.993847 0.62324 0.00976956 0.994044 0.63 0.00976956 0.994044 0.62324 0.00944373 0.994298 0.63 0.00944373 0.994298 0.63 0.00916408 0.994601 0.62324 0.00916408 0.994601 0.62324 0.00893825 0.994947 0.63 0.00893825 0.994947 0.62324 0.00877239 0.995325 0.63 0.00877239 0.995325 0.63 0.00867103 0.995725 0.62324 0.00867103 0.995725 0.63 0.00863693 0.996137 0.62324 0.00863693 0.996137 0.63 0.0113434 0.993645 0.62324 0.0117506 0.993713 0.63 0.0117506 0.993713 0.63 0.0121412 0.993847 0.62324 0.0121412 0.993847 0.63 0.0125043 0.994044 0.62324 0.0125043 0.994044 0.62324 0.0128301 0.994298 0.63 0.0128301 0.994298 0.63 0.0131098 0.994601 0.62324 0.0131098 0.994601 0.63 0.0133356 0.994947 0.62324 0.0133356 0.994947 0.62324 0.0135015 0.995325 0.63 0.0135015 0.995325 0.63 0.0136028 0.995725 0.62324 0.0136028 0.995725 0.63 0.0135015 0.996949 0.62324 0.0135015 0.996949 0.63 0.0136028 0.996548 0.63 0.0128301 0.997976 0.62324 0.0128301 0.997976 0.63 0.0131098 0.997672 0.63 0.0133356 0.997327 0.62324 0.0131098 0.997672 0.62324 0.0133356 0.997327 0.63 0.0121412 0.998426 0.63 0.0117506 0.99856 0.62324 0.0117506 0.99856 0.62324 0.0125043 0.99823 0.63 0.0125043 0.99823 0.62324 0.0121412 0.998426 0.62324 0.0105232 0.99856 0.63 0.0109305 0.998628 0.63 0.0105232 0.99856 0.62324 0.0109305 0.998628 0.62324 0.0113434 0.998628 0.63 0.0113434 0.998628 0.63 0.00944373 0.997976 0.62324 0.00944373 0.997976 0.63 0.00976956 0.99823 0.63 0.0101327 0.998426 0.62324 0.00976956 0.99823 0.62324 0.0101327 0.998426 0.62324 0.00893825 0.997327 0.62324 0.00916408 0.997672 0.63 0.00916408 0.997672 0.63 0.00893825 0.997327 0.62324 0.00877239 0.996949 0.63 0.00877239 0.996949 0.62324 0.00867103 0.996548 0.63 0.00867103 0.996548 0.62324 0.0136369 0.996137 0.621738 0.0111369 0.996137 0.62324 0.0136028 0.995725 0.62324 0.0136028 0.996548 0.62324 0.0133356 0.994947 0.62324 0.0135015 0.995325 0.62324 0.0128301 0.994298 0.62324 0.0131098 0.994601 0.62324 0.0121412 0.993847 0.62324 0.0125043 0.994044 0.62324 0.0113434 0.993645 0.62324 0.0117506 0.993713 0.62324 0.0105232 0.993713 0.62324 0.0109305 0.993645 0.62324 0.00976956 0.994044 0.62324 0.0101327 0.993847 0.62324 0.00916408 0.994601 0.62324 0.00944373 0.994298 0.62324 0.00877239 0.995325 0.62324 0.00893825 0.994947 0.62324 0.00863693 0.996137 0.62324 0.00867103 0.995725 0.62324 0.00867103 0.996548 0.62324 0.00893825 0.997327 0.62324 0.00877239 0.996949 0.62324 0.00944373 0.997976 0.62324 0.00916408 0.997672 0.62324 0.0101327 0.998426 0.62324 0.00976956 0.99823 0.62324 0.0109305 0.998628 0.62324 0.0105232 0.99856 0.62324 0.0117506 0.99856 0.62324 0.0113434 0.998628 0.62324 0.0125043 0.99823 0.62324 0.0121412 0.998426 0.62324 0.0131098 0.997672 0.62324 0.0128301 0.997976 0.62324 0.0135015 0.996949 0.62324 0.0133356 0.997327 0.62324 0.0159564 0.982509 0.62324 0.0155436 0.982509 0.63 0.0155436 0.982509 0.63 0.01825 0.985 0.62324 0.0182159 0.985412 0.62324 0.01825 0.985 0.62324 0.0151363 0.982576 0.63 0.0151363 0.982576 0.63 0.0147458 0.982711 0.62324 0.0147458 0.982711 0.62324 0.0143826 0.982907 0.63 0.0143826 0.982907 0.62324 0.0140568 0.983161 0.63 0.0140568 0.983161 0.63 0.0137771 0.983464 0.62324 0.0137771 0.983464 0.62324 0.0135513 0.98381 0.63 0.0135513 0.98381 0.62324 0.0133855 0.984188 0.63 0.0133855 0.984188 0.63 0.0132841 0.984589 0.62324 0.0132841 0.984589 0.63 0.01325 0.985 0.62324 0.01325 0.985 0.63 0.0159564 0.982509 0.62324 0.0163637 0.982576 0.63 0.0163637 0.982576 0.63 0.0167542 0.982711 0.62324 0.0167542 0.982711 0.63 0.0171174 0.982907 0.62324 0.0171174 0.982907 0.62324 0.0174432 0.983161 0.63 0.0174432 0.983161 0.63 0.0177229 0.983464 0.62324 0.0177229 0.983464 0.63 0.0179487 0.98381 0.62324 0.0179487 0.98381 0.62324 0.0181145 0.984188 0.63 0.0181145 0.984188 0.63 0.0182159 0.984589 0.62324 0.0182159 0.984589 0.63 0.0181145 0.985812 0.62324 0.0181145 0.985812 0.63 0.0182159 0.985412 0.63 0.0174432 0.986839 0.62324 0.0174432 0.986839 0.63 0.0177229 0.986536 0.63 0.0179487 0.98619 0.62324 0.0177229 0.986536 0.62324 0.0179487 0.98619 0.63 0.0167542 0.987289 0.63 0.0163637 0.987424 0.62324 0.0163637 0.987424 0.62324 0.0171174 0.987093 0.63 0.0171174 0.987093 0.62324 0.0167542 0.987289 0.62324 0.0151363 0.987424 0.63 0.0155436 0.987491 0.63 0.0151363 0.987424 0.62324 0.0155436 0.987491 0.62324 0.0159564 0.987491 0.63 0.0159564 0.987491 0.63 0.0140568 0.986839 0.62324 0.0140568 0.986839 0.63 0.0143826 0.987093 0.63 0.0147458 0.987289 0.62324 0.0143826 0.987093 0.62324 0.0147458 0.987289 0.62324 0.0135513 0.98619 0.62324 0.0137771 0.986536 0.63 0.0137771 0.986536 0.63 0.0135513 0.98619 0.62324 0.0133855 0.985812 0.63 0.0133855 0.985812 0.62324 0.0132841 0.985412 0.63 0.0132841 0.985412 0.62324 0.01825 0.985 0.621738 0.01575 0.985 0.62324 0.0182159 0.984589 0.62324 0.0182159 0.985412 0.62324 0.0179487 0.98381 0.62324 0.0181145 0.984188 0.62324 0.0174432 0.983161 0.62324 0.0177229 0.983464 0.62324 0.0167542 0.982711 0.62324 0.0171174 0.982907 0.62324 0.0159564 0.982509 0.62324 0.0163637 0.982576 0.62324 0.0151363 0.982576 0.62324 0.0155436 0.982509 0.62324 0.0143826 0.982907 0.62324 0.0147458 0.982711 0.62324 0.0137771 0.983464 0.62324 0.0140568 0.983161 0.62324 0.0133855 0.984188 0.62324 0.0135513 0.98381 0.62324 0.01325 0.985 0.62324 0.0132841 0.984589 0.62324 0.0132841 0.985412 0.62324 0.0135513 0.98619 0.62324 0.0133855 0.985812 0.62324 0.0140568 0.986839 0.62324 0.0137771 0.986536 0.62324 0.0147458 0.987289 0.62324 0.0143826 0.987093 0.62324 0.0155436 0.987491 0.62324 0.0151363 0.987424 0.62324 0.0163637 0.987424 0.62324 0.0159564 0.987491 0.62324 0.0171174 0.987093 0.62324 0.0167542 0.987289 0.62324 0.0177229 0.986536 0.62324 0.0174432 0.986839 0.62324 0.0181145 0.985812 0.62324 0.0179487 0.98619 0.63 0.00990021 0.981502 0.6295 0.00942877 0.981669 0.6295 0.00873014 0.980123 0.63 0.0105 0.985 0.6295 0.00985616 0.98331 0.63 0.010349 0.983225 0.6295 0.00660675 0.977493 0.6295 0.00524307 0.976485 0.63 0.00693708 0.977118 0.63 0.00816938 0.978404 0.63 0.00916665 0.979879 0.6295 0.00778036 0.978718 0.63 0.00221213 0.974736 0.6295 0.00210679 0.975224 0.6295 0.000424412 0.975009 0.63 0.00391499 0.975257 0.63 0.00550523 0.976059 0.6295 0.00372856 0.975721 0.6295 -0.00450204 0.976071 0.63 -0.00307464 0.97496 0.6295 -0.00292823 0.975438 0.6295 -0.00127018 0.975081 0.63 -0.00133369 0.974585 0.63 0.000445633 0.974509 0.6295 -0.00721956 0.978081 0.6295 -0.0082851 0.9794 0.63 -0.00758054 0.977735 0.63 -0.00472714 0.975624 0.6295 -0.00594633 0.97696 0.63 -0.00624365 0.976558 0.63 -0.0101612 0.982354 0.6295 -0.00967733 0.98248 0.6295 -0.00996398 0.984152 0.63 -0.0095679 0.980675 0.63 -0.00869935 0.97912 0.6295 -0.00911228 0.980881 0.6295 -0.00911228 0.989119 0.63 -0.0101612 0.987646 0.6295 -0.00967733 0.98752 0.6295 -0.00996398 0.985848 0.63 -0.0104622 0.98589 0.63 -0.0104622 0.98411 0.6295 -0.00721956 0.991919 0.6295 -0.00594633 0.99304 0.63 -0.00758054 0.992265 0.63 -0.0095679 0.989325 0.6295 -0.0082851 0.9906 0.63 -0.00869935 0.99088 0.63 -0.00307464 0.99504 0.6295 -0.00292823 0.994562 0.6295 -0.00127018 0.994919 0.63 -0.00472714 0.994376 0.63 -0.00624365 0.993442 0.6295 -0.00450204 0.993929 0.63 0.000445633 0.995491 0.6295 0.000424412 0.994991 0.6295 0.00210679 0.994776 0.63 -0.00133369 0.995415 0.6295 0.00372856 0.994279 0.63 0.00221213 0.995264 0.6295 0.00524307 0.993515 0.63 0.00391499 0.994743 0.63 0.00550523 0.993941 0.6295 0.00660675 0.992507 0.6295 0.00778036 0.991282 0.63 0.00693708 0.992882 0.6295 0.00873014 0.989877 0.63 0.00816938 0.991596 0.63 0.00916665 0.990121 0.6295 0.00942877 0.988331 0.6295 0.00985616 0.98669 0.63 0.00990021 0.988498 0.6295 0.01 0.985 0.63 0.010349 0.986775 0.6295 -0.00165159 0.965068 0.63 -0.0016103 0.965567 0.6295 -0.00490971 0.965612 0.6295 0.02 0.985 0.63 0.0195 0.985 0.6295 0.0197272 0.981708 0.6295 -0.00803391 0.966685 0.63 -0.00478697 0.966097 0.63 -0.00783306 0.967142 0.6295 -0.010939 0.968257 0.63 -0.0106655 0.968675 0.6295 -0.0135456 0.970286 0.6295 -0.0157828 0.972716 0.63 -0.013207 0.970653 0.63 -0.0153882 0.973023 0.6295 -0.0175895 0.975481 0.63 -0.0171497 0.975719 0.6295 -0.0189163 0.978506 0.6295 -0.0197272 0.981708 0.63 -0.0184434 0.978668 0.63 -0.019234 0.98179 0.6295 -0.02 0.985 0.63 -0.0195 0.985 0.63 0.0016103 0.965567 0.6295 0.00165159 0.965068 0.63 0.00478697 0.966097 0.6295 0.00490971 0.965612 0.63 0.00783306 0.967142 0.63 0.0106655 0.968675 0.6295 0.00803391 0.966685 0.6295 0.010939 0.968257 0.63 0.013207 0.970653 0.6295 0.0135456 0.970286 0.63 0.0153882 0.973023 0.63 0.0171497 0.975719 0.6295 0.0157828 0.972716 0.6295 0.0175895 0.975481 0.63 0.0184434 0.978668 0.6295 0.0189163 0.978506 0.63 0.019234 0.98179 0.6295 0.0189163 0.991494 0.63 0.0171497 0.994281 0.63 0.0184434 0.991332 0.6295 0.0197272 0.988292 0.63 0.019234 0.98821 0.63 0.0106655 1.00132 0.63 0.013207 0.999347 0.6295 0.0135456 0.999714 0.63 0.0153882 0.996977 0.6295 0.0175895 0.994519 0.6295 0.0157828 0.997284 0.63 0.00478697 1.0039 0.6295 0.00490971 1.00439 0.63 0.0016103 1.00443 0.6295 0.010939 1.00174 0.6295 0.00803391 1.00332 0.63 0.00783306 1.00286 0.6295 -0.00490971 1.00439 0.63 -0.00783306 1.00286 0.63 -0.00478697 1.0039 0.6295 -0.00165159 1.00493 0.63 -0.0016103 1.00443 0.6295 0.00165159 1.00493 0.63 -0.0153882 0.996977 0.63 -0.013207 0.999347 0.6295 -0.0135456 0.999714 0.63 -0.0106655 1.00132 0.6295 -0.00803391 1.00332 0.6295 -0.010939 1.00174 0.6295 -0.0157828 0.997284 0.63 -0.0171497 0.994281 0.6295 -0.0175895 0.994519 0.63 -0.0184434 0.991332 0.63 -0.019234 0.98821 0.6295 -0.0189163 0.991494 0.6295 -0.0197272 0.988292 0.624 -0.00595019 0.992787 0.624 0.00764081 0.978863 0.624 -0.00455429 0.993677 0.624 0.00853331 0.989819 0.624 0.00641763 0.992406 0.624 0.0050607 0.993392 0.624 0.00758659 0.991204 0.624 0.00355552 0.994132 0.624 0.00923007 0.988293 0.624 0.00194619 0.994605 0.624 0.00965647 0.986671 0.624 0.0098 0.985 0.624 0.000279849 0.994796 0.624 -0.00302837 0.99432 0.624 0.00856489 0.980237 0.624 0.00924446 0.981747 0.624 -0.00139469 0.9947 0.624 0.00966012 0.98335 0.624 0.00517087 0.976675 0.624 0.0064986 0.977665 0.624 -0.00717623 0.991674 0.624 -0.00898456 0.988914 0.624 0.00369553 0.975923 0.624 -0.00819741 0.990371 0.624 -0.00977426 0.98571 0.624 -0.00975425 0.984054 0.624 -0.00118126 0.975271 0.624 -0.00951523 0.987345 0.624 0.000473471 0.975211 0.624 0.00211469 0.975431 0.624 -0.00806524 0.979433 0.624 -0.0057603 0.977072 0.624 -0.00888737 0.98087 0.624 -0.00434328 0.976215 0.624 -0.00280227 0.975609 0.624 -0.00945578 0.982425 0.624 -0.00701287 0.978155 0.6295 0.00985616 0.98669 0.6242 0.00985354 0.986705 0.6242 0.01 0.985 0.6242 0.00774142 0.99133 0.6242 0.00870746 0.989917 0.6295 0.00778036 0.991282 0.6242 0.00941844 0.98836 0.6295 0.00942877 0.988331 0.6295 0.00873014 0.989877 0.6295 0.00372856 0.994279 0.6242 0.00362808 0.994319 0.6242 0.00516397 0.993563 0.6295 0.00660675 0.992507 0.6295 0.00524307 0.993515 0.6242 0.00654861 0.992557 0.6242 0.000285561 0.994996 0.6295 -0.00127018 0.994919 0.6242 -0.00142315 0.994898 0.6242 0.0019859 0.994801 0.6295 0.00210679 0.994776 0.6295 0.000424412 0.994991 0.6242 -0.00607163 0.992946 0.6242 -0.00464723 0.993855 0.6295 -0.00594633 0.99304 0.6295 -0.00450204 0.993929 0.6242 -0.00309017 0.994511 0.6295 -0.00292823 0.994562 0.6295 -0.00911228 0.989119 0.6242 -0.00916792 0.988994 0.6242 -0.0083647 0.99048 0.6295 -0.00721956 0.991919 0.6295 -0.0082851 0.9906 0.6242 -0.00732269 0.99181 0.6242 -0.00997373 0.985724 0.6295 -0.00996398 0.984152 0.6242 -0.00995332 0.984035 0.6242 -0.00970942 0.987393 0.6295 -0.00967733 0.98752 0.6295 -0.00996398 0.985848 0.6242 -0.00822984 0.979319 0.6242 -0.00906874 0.980786 0.6295 -0.0082851 0.9794 0.6295 -0.00911228 0.980881 0.6242 -0.00964876 0.982373 0.6295 -0.00967733 0.98248 0.6295 -0.00450204 0.976071 0.6242 -0.00443192 0.976036 0.6242 -0.00587785 0.97691 0.6295 -0.00721956 0.978081 0.6295 -0.00594633 0.97696 0.6242 -0.00715599 0.978015 0.6242 -0.00120537 0.975073 0.6295 0.000424412 0.975009 0.6242 0.000483134 0.975012 0.6242 -0.00285946 0.975418 0.6295 -0.00292823 0.975438 0.6295 -0.00127018 0.975081 0.6295 0.00210679 0.975224 0.6242 0.00215784 0.975236 0.6242 0.00377095 0.975738 0.6295 0.00372856 0.975721 0.6295 0.00524307 0.976485 0.6242 0.0052764 0.976505 0.6295 0.00660675 0.977493 0.6242 0.00663123 0.977515 0.6242 0.00779674 0.978738 0.6295 0.00778036 0.978718 0.6295 0.00873014 0.980123 0.6242 0.00873968 0.98014 0.6295 0.00942877 0.981669 0.6242 0.00943312 0.981681 0.6242 0.00985726 0.983316 0.6295 0.00985616 0.98331 0.6295 0.01 0.985 0.63 -0.0131098 0.997672 0.63 -0.0128301 0.997976 0.63 -0.013207 0.999347 0.63 0.00478697 1.0039 0.63 0.00227807 1.00178 0.63 0.00241933 1.00138 0.63 0.00207127 1.00215 0.63 0.00180489 1.00248 0.63 0.00249099 1.00096 0.63 0.00783306 1.00286 0.63 0.00112551 1.00298 0.63 0.00148658 1.00276 0.63 0.0016103 1.00443 0.63 0.00249099 1.00054 0.63 -0.000526698 1.00319 0.63 -0.0016103 1.00443 0.63 -0.000932141 1.00307 0.63 0.00148658 0.99874 0.63 0.00221213 0.995264 0.63 0.00180489 0.99902 0.63 -0.00194509 1.00232 0.63 -0.00478697 1.0039 0.63 -0.00218254 1.00197 0.63 0.00391499 0.994743 0.63 0.00867103 0.996548 0.63 0.00877239 0.996949 0.63 -0.0025 1.00075 0.63 -0.00246404 1.00117 0.63 -0.000932141 0.99843 0.63 -0.00133369 0.995415 0.63 -0.000526698 0.998306 0.63 -0.0167542 0.987289 0.63 -0.0184434 0.991332 0.63 -0.019234 0.98821 0.63 -0.0113434 0.971372 0.63 -0.0106655 0.968675 0.63 -0.0109305 0.971372 0.63 0.00693708 0.977118 0.63 0.00877239 0.974675 0.63 0.00893825 0.975053 0.63 0.0106655 0.968675 0.63 0.0109305 0.971372 0.63 0.0105232 0.97144 0.63 0.0109305 0.998628 0.63 0.0113434 0.998628 0.63 0.0106655 1.00132 0.63 0.0153882 0.973023 0.63 0.0135015 0.973051 0.63 0.0133356 0.972673 0.63 0.0113434 0.971372 0.63 0.0121412 0.971574 0.63 0.0117506 0.97144 0.63 0.013207 0.970653 0.63 0.00976956 0.97177 0.63 0.00783306 0.967142 0.63 0.0133356 0.994947 0.63 0.0131098 0.994601 0.63 0.0171497 0.994281 0.63 0.00944373 0.972024 0.63 -0.0024659 0.969661 0.63 -0.00783306 0.967142 0.63 -0.0025 0.96925 0.63 0.0117506 0.993713 0.63 0.00916665 0.990121 0.63 0.00990021 0.988498 0.63 0.0024659 0.969661 0.63 0.00916408 0.972328 0.63 0.00893825 0.972673 0.63 -0.0016103 0.965567 0.63 -0.000206448 0.966759 0.63 -0.000613714 0.966826 0.63 -0.00219868 0.97044 0.63 -0.00197285 0.970785 0.63 -0.00307464 0.97496 0.63 0.0136028 0.995725 0.63 0.0153882 0.996977 0.63 -0.00472714 0.975624 0.63 -0.0133356 0.972673 0.63 -0.0153882 0.973023 0.63 -0.0131098 0.972328 0.63 -0.00131077 0.998621 0.63 0.00241933 1.00012 0.63 0.00916408 0.997672 0.63 -0.01825 0.985 0.63 -0.0195 0.985 0.63 -0.0182159 0.984589 0.63 0.000732057 0.99836 0.63 0.000445633 0.995491 0.63 0.00227807 0.99972 0.63 0.00207127 0.99935 0.63 -0.00783306 1.00286 0.63 -0.000106103 1.00325 0.63 0.000317545 1.00323 0.63 -0.00235719 1.00158 0.63 -0.00165169 1.00263 0.63 -0.00131077 1.00288 0.63 0.000732057 1.00314 0.63 0.000317545 0.99827 0.63 -0.00877239 0.973051 0.63 -0.00236454 0.970062 0.63 -0.0135513 0.98619 0.63 -0.0104622 0.98589 0.63 -0.0101612 0.987646 0.63 0.0195 0.985 0.63 0.01825 0.985 0.63 0.0182159 0.984589 0.63 0.0128301 0.972024 0.63 0.0125043 0.97177 0.63 0.0101327 0.971574 0.63 0.0025 0.96925 0.63 0.00478697 0.966097 0.63 0.00816938 0.978404 0.63 0.00976956 0.975956 0.63 0.0101327 0.976153 0.63 -0.0016932 0.971089 0.63 -0.0113434 0.976355 0.63 -0.0095679 0.980675 0.63 -0.0117506 0.976287 0.63 -0.00916408 0.975399 0.63 -0.00758054 0.977735 0.63 -0.00944373 0.975702 0.63 -0.0151363 0.987424 0.63 -0.0155436 0.987491 0.63 -0.00472714 0.994376 0.63 -0.00877239 0.996949 0.63 -0.00867103 0.996548 0.63 -0.0133855 0.985812 0.63 -0.00235719 0.999917 0.63 -0.00246404 1.00033 0.63 -0.00893825 0.997327 0.63 -0.0105232 0.99856 0.63 -0.0106655 1.00132 0.63 -0.0109305 0.998628 0.63 -0.00944373 0.997976 0.63 -0.00916408 0.997672 0.63 -0.00976956 0.99823 0.63 0.0135015 0.974675 0.63 0.0171497 0.975719 0.63 0.0133356 0.975053 0.63 -0.00478697 0.966097 0.63 -0.0024659 0.968839 0.63 0.0136028 0.973452 0.63 0.0136369 0.973863 0.63 0.0131098 0.972328 0.63 0.00391499 0.975257 0.63 0.00877239 0.973051 0.63 0.00867103 0.973452 0.63 0.00236454 0.970062 0.63 -0.00236454 0.968438 0.63 -0.00219868 0.96806 0.63 0.00219868 0.97044 0.63 0.00944373 0.975702 0.63 -0.00136737 0.967157 0.63 -0.00100424 0.966961 0.63 0.00197285 0.967714 0.63 0.00219868 0.96806 0.63 -0.00197285 0.967714 0.63 -0.00916408 0.972328 0.63 0.0163637 0.982576 0.63 0.0159564 0.982509 0.63 0.0184434 0.978668 0.63 -0.0171497 0.975719 0.63 -0.0135015 0.974675 0.63 -0.0133356 0.975053 0.63 0.010349 0.983225 0.63 0.00990021 0.981502 0.63 0.0137771 0.983464 0.63 0.0140568 0.986839 0.63 0.0137771 0.986536 0.63 0.0128301 0.994298 0.63 0.0184434 0.991332 0.63 0.0135015 0.995325 0.63 0.0167542 0.982711 0.63 0.0125043 0.994044 0.63 0.019234 0.98179 0.63 0.0181145 0.984188 0.63 0.0155436 0.987491 0.63 0.0159564 0.987491 0.63 0.0125043 0.975956 0.63 0.0128301 0.975702 0.63 0.0131098 0.975399 0.63 0.0136028 0.974275 0.63 0.000613714 0.966826 0.63 0.000206448 0.966759 0.63 0.0016103 0.965567 0.63 0.00236454 0.968438 0.63 0.0024659 0.968839 0.63 0.0016932 0.967411 0.63 0.00100424 0.966961 0.63 0.00136737 0.967157 0.63 -0.0016932 0.967411 0.63 -0.00307464 0.99504 0.63 -0.00218254 0.999531 0.63 -0.0125043 0.97177 0.63 -0.0128301 0.972024 0.63 -0.013207 0.970653 0.63 -0.00136737 0.971343 0.63 0.00100424 0.971539 0.63 0.00221213 0.974736 0.63 0.000445633 0.974509 0.63 -0.00133369 0.974585 0.63 -0.0128301 0.975702 0.63 -0.0184434 0.978668 0.63 -0.0101327 0.976153 0.63 -0.00976956 0.975956 0.63 -0.0101327 0.993847 0.63 -0.0105232 0.993713 0.63 -0.00869935 0.99088 0.63 -0.00867103 0.995725 0.63 -0.00624365 0.993442 0.63 -0.00893825 0.975053 0.63 -0.00877239 0.974675 0.63 -0.00624365 0.976558 0.63 -0.0159564 0.982509 0.63 -0.0155436 0.982509 0.63 0.0105232 0.976287 0.63 0.00550523 0.976059 0.63 0.00916408 0.975399 0.63 0.00867103 0.974275 0.63 0.00863693 0.973863 0.63 -0.000613714 0.971674 0.63 -0.000206448 0.971741 0.63 -0.0136028 0.974275 0.63 -0.0136369 0.973863 0.63 -0.00893825 0.972673 0.63 -0.00944373 0.972024 0.63 -0.00976956 0.97177 0.63 -0.0101327 0.971574 0.63 -0.0105232 0.97144 0.63 -0.0117506 0.97144 0.63 -0.0121412 0.971574 0.63 -0.0135015 0.973051 0.63 -0.0136028 0.973452 0.63 -0.0131098 0.975399 0.63 -0.0125043 0.975956 0.63 -0.0105232 0.976287 0.63 -0.00869935 0.97912 0.63 -0.0109305 0.976355 0.63 -0.0147458 0.982711 0.63 -0.0151363 0.982576 0.63 -0.0121412 0.976153 0.63 -0.0179487 0.98381 0.63 -0.019234 0.98179 0.63 -0.0177229 0.983464 0.63 0.00136737 0.971343 0.63 -0.0179487 0.98619 0.63 -0.0177229 0.986536 0.63 -0.0135513 0.98381 0.63 -0.0137771 0.983464 0.63 -0.0101612 0.982354 0.63 -0.00867103 0.974275 0.63 0.000613714 0.971674 0.63 -0.00100424 0.971539 0.63 -0.0121412 0.993847 0.63 -0.0125043 0.994044 0.63 -0.0143826 0.982907 0.63 -0.0163637 0.982576 0.63 -0.0167542 0.982711 0.63 -0.0171174 0.982907 0.63 -0.0174432 0.983161 0.63 -0.0181145 0.984188 0.63 -0.0182159 0.985412 0.63 -0.0181145 0.985812 0.63 -0.0174432 0.986839 0.63 -0.0171174 0.987093 0.63 -0.0163637 0.987424 0.63 -0.0159564 0.987491 0.63 -0.0147458 0.987289 0.63 -0.0117506 0.993713 0.63 -0.0132841 0.985412 0.63 -0.01325 0.985 0.63 -0.0137771 0.986536 0.63 -0.0104622 0.98411 0.63 -0.0133855 0.984188 0.63 -0.0132841 0.984589 0.63 -0.00893825 0.994947 0.63 -0.00877239 0.995325 0.63 -0.00916408 0.994601 0.63 -0.0133356 0.997327 0.63 -0.0153882 0.996977 0.63 -0.0135015 0.996949 0.63 -0.00863693 0.996137 0.63 -0.0171497 0.994281 0.63 -0.0131098 0.994601 0.63 -0.0133356 0.994947 0.63 -0.00758054 0.992265 0.63 -0.00944373 0.994298 0.63 -0.00976956 0.994044 0.63 0.0105 0.985 0.63 0.0132841 0.984589 0.63 0.01325 0.985 0.63 -0.0140568 0.986839 0.63 -0.0095679 0.989325 0.63 -0.0143826 0.987093 0.63 -0.0128301 0.994298 0.63 -0.0135015 0.995325 0.63 -0.0136369 0.996137 0.63 -0.0136028 0.995725 0.63 -0.0136028 0.996548 0.63 -0.0125043 0.99823 0.63 -0.0121412 0.998426 0.63 -0.0117506 0.99856 0.63 -0.0113434 0.998628 0.63 -0.0101327 0.998426 0.63 0.0136369 0.996137 0.63 0.013207 0.999347 0.63 0.0125043 0.99823 0.63 0.0128301 0.997976 0.63 0.0143826 0.987093 0.63 0.0147458 0.987289 0.63 0.0101327 0.993847 0.63 0.00976956 0.994044 0.63 0.00816938 0.991596 0.63 0.0121412 0.993847 0.63 0.0151363 0.987424 0.63 0.00693708 0.992882 0.63 0.00893825 0.994947 0.63 0.00877239 0.995325 0.63 0.0135513 0.98619 0.63 0.010349 0.986775 0.63 0.0133855 0.985812 0.63 0.0155436 0.982509 0.63 0.0151363 0.982576 0.63 0.0143826 0.982907 0.63 0.0147458 0.982711 0.63 0.0133855 0.984188 0.63 0.0135513 0.98381 0.63 0.0117506 0.976287 0.63 0.00916665 0.979879 0.63 0.0113434 0.976355 0.63 -0.000106103 0.998252 0.63 0.00112551 0.998518 0.63 0.00893825 0.997327 0.63 0.00944373 0.997976 0.63 0.00976956 0.99823 0.63 0.0101327 0.998426 0.63 0.0105232 0.99856 0.63 0.0117506 0.99856 0.63 0.0121412 0.998426 0.63 0.0131098 0.997672 0.63 0.0133356 0.997327 0.63 0.0136028 0.996548 0.63 0.0135015 0.996949 0.63 0.019234 0.98821 0.63 0.0174432 0.986839 0.63 0.0177229 0.986536 0.63 0.00916408 0.994601 0.63 0.0179487 0.98381 0.63 0.0171174 0.982907 0.63 0.0177229 0.983464 0.63 0.0174432 0.983161 0.63 0.0121412 0.976153 0.63 0.0132841 0.985412 0.63 0.0140568 0.983161 0.63 0.00867103 0.995725 0.63 0.00550523 0.993941 0.63 0.0109305 0.976355 0.63 0.00944373 0.994298 0.63 0.0113434 0.993645 0.63 0.0109305 0.993645 0.63 0.0105232 0.993713 0.63 0.0163637 0.987424 0.63 0.0167542 0.987289 0.63 0.0171174 0.987093 0.63 0.0179487 0.98619 0.63 0.0181145 0.985812 0.63 0.0182159 0.985412 0.63 -0.0109305 0.993645 0.63 0.0016932 0.971089 0.63 0.00197285 0.970785 0.63 0.000206448 0.971741 0.63 -0.00863693 0.973863 0.63 -0.00867103 0.973452 0.63 -0.0140568 0.983161 0.63 -0.0113434 0.993645 0.63 -0.00194509 0.999179 0.63 -0.00165169 0.998873 0.63 0.00863693 0.996137 0.6295 -0.02 0.985 0.6256 -0.0199475 0.986449 0.6256 -0.0199066 0.98307 0.6295 -0.0197272 0.988292 0.6256 -0.0194188 0.989786 0.6256 -0.0183358 0.992987 0.6295 -0.0189163 0.991494 0.6295 -0.0175895 0.994519 0.6256 -0.0167294 0.99596 0.6295 -0.0157828 0.997284 0.6256 -0.0146454 0.99862 0.6256 -0.0121433 1.00089 0.6295 -0.0135456 0.999714 0.6295 -0.010939 1.00174 0.6256 -0.00929446 1.00271 0.6295 -0.00803391 1.00332 0.6256 -0.00618034 1.00402 0.6256 -0.0028463 1.0048 0.6295 -0.00490971 1.00439 0.6295 -0.00165159 1.00493 0.6256 0.000571121 1.00499 0.6295 0.00165159 1.00493 0.6256 0.00397181 1.0046 0.6295 0.00490971 1.00439 0.6295 0.00803391 1.00332 0.6256 0.00725615 1.00364 0.6295 0.010939 1.00174 0.6256 0.0103279 1.00213 0.6256 0.0130972 1.00012 0.6295 0.0135456 0.999714 0.6295 0.0157828 0.997284 0.6256 0.0154828 0.99766 0.6295 0.0175895 0.994519 0.6256 0.0174149 0.994835 0.6256 0.0188369 0.991721 0.6295 0.0189163 0.991494 0.6295 0.0197272 0.988292 0.6256 0.0197071 0.98841 0.6295 0.02 0.985 0.6256 0.02 0.985 0.6295 -0.0197272 0.981708 0.6256 -0.0192975 0.979746 0.6295 -0.0189163 0.978506 0.6256 -0.0181375 0.976572 0.6295 -0.0175895 0.975481 0.6295 -0.0157828 0.972716 0.6256 -0.0164597 0.973639 0.6256 -0.014312 0.97103 0.6295 -0.0135456 0.970286 0.6256 -0.0117557 0.96882 0.6295 -0.010939 0.968257 0.6256 -0.00886383 0.967071 0.6256 -0.00571891 0.965835 0.6295 -0.00803391 0.966685 0.6256 -0.00241073 0.965146 0.6295 -0.00490971 0.965612 0.6295 -0.00165159 0.965068 0.6256 0.000966268 0.965023 0.6256 0.00431568 0.965471 0.6295 0.00165159 0.965068 0.6256 0.0075419 0.966477 0.6295 0.00490971 0.965612 0.6295 0.00803391 0.966685 0.6256 0.0105528 0.968011 0.6256 0.0132625 0.97003 0.6295 0.010939 0.968257 0.6256 0.0155935 0.972476 0.6295 0.0135456 0.970286 0.6295 0.0157828 0.972716 0.6256 0.0174794 0.97528 0.6256 0.0188662 0.978362 0.6295 0.0175895 0.975481 0.6256 0.0197145 0.981633 0.6295 0.0189163 0.978506 0.6295 0.0197272 0.981708 0.619251 -0.0415 0.985 0.612 -0.0414992 0.984987 0.612 -0.0411424 0.979572 0.612 -0.0400849 0.974257 0.619251 -0.041144 0.979577 0.612 -0.0383385 0.969113 0.619251 -0.0400882 0.974271 0.619251 -0.0383444 0.969128 0.612 -0.0359337 0.96424 0.612 -0.0329156 0.959727 0.619251 -0.0359425 0.964254 0.612 -0.0293395 0.955651 0.619251 -0.0329254 0.959739 0.619251 -0.0293515 0.955663 0.612 -0.0252608 0.952074 0.612 -0.0207411 0.949055 0.619251 -0.0252726 0.952084 0.612 -0.015869 0.946655 0.619251 -0.0207578 0.949065 0.619251 -0.0158849 0.946661 0.612 -0.0107311 0.944912 0.612 -0.00541614 0.943855 0.619251 -0.0107452 0.944916 0.612 7.92285e-06 0.9435 0.619251 -0.00542759 0.943857 0.619251 -1.16851e-05 0.943501 0.612 0.00542909 0.943857 0.612 0.0107522 0.944918 0.619251 0.00540854 0.943854 0.612 0.0158847 0.946661 0.619251 0.0107385 0.944913 0.619251 0.0158752 0.946657 0.612 0.0207547 0.949063 0.612 0.0252722 0.952083 0.619251 0.0207395 0.949055 0.612 0.0293533 0.955665 0.619251 0.0252543 0.952069 0.619251 0.0293396 0.95565 0.612 0.0329282 0.959743 0.612 0.0359414 0.964252 0.619251 0.0329234 0.959735 0.612 0.0383443 0.969128 0.619251 0.0359354 0.964244 0.619251 0.0383356 0.969108 0.612 0.0400884 0.974272 0.612 0.0411438 0.979576 0.619251 0.0400826 0.974249 0.612 0.0415 0.985 0.619251 0.041144 0.979577 0.619251 0.0415 0.985 0.612 -0.0411458 0.990408 0.619251 -0.0411233 0.990578 0.612 -0.0400863 0.99574 0.612 -0.0383437 1.00087 0.619251 -0.0400006 0.996052 0.619251 -0.0381543 1.00132 0.612 -0.0359457 1.00574 0.619251 -0.0356209 1.00629 0.612 -0.0329302 1.01025 0.612 -0.0293478 1.01434 0.619251 -0.0324445 1.01088 0.619251 -0.0286723 1.015 0.612 -0.0252679 1.01792 0.619251 -0.0243821 1.01858 0.612 -0.0207603 1.02093 0.612 -0.0158921 1.02334 0.619251 -0.0196544 1.02155 0.619251 -0.0145777 1.02385 0.612 -0.0107475 1.02508 0.619251 -0.00922986 1.02546 0.612 -0.00541816 1.02614 0.612 -1.10441e-05 1.0265 0.619251 -0.00370921 1.02633 0.619251 0.00187517 1.02646 0.612 0.00540403 1.02615 0.619251 0.00740309 1.02583 0.612 0.0107322 1.02509 0.612 0.0158794 1.02334 0.619251 0.0128242 1.02447 0.619251 0.0176744 1.02255 0.612 0.0207421 1.02094 0.619251 0.0222442 1.02003 0.612 0.0252527 1.01793 0.612 0.0293369 1.01435 0.619251 0.0264605 1.01697 0.619251 0.0302569 1.0134 0.612 0.0329212 1.01027 0.619251 0.0335742 1.00939 0.612 0.0359371 1.00575 0.612 0.0383353 1.00089 0.619251 0.0363691 1.00499 0.619251 0.0385886 1.00027 0.612 0.0400821 0.995753 0.619251 0.040198 0.995311 0.612 0.0411438 0.990424 0.619251 0.041172 0.990206 0.612 0.0144668 0.964611 0.612 0.0207547 0.949063 0.612 0.0108471 0.962476 0.612 0.0211681 0.998301 0.612 0.0329212 1.01027 0.612 0.0359371 1.00575 0.612 0.0158847 0.946661 0.612 0.0107522 0.944918 0.612 0.00692089 0.960977 0.612 0.00542909 0.943857 0.612 0.00279911 0.960157 0.612 7.92285e-06 0.9435 0.612 -0.00140176 0.960039 0.612 0.0176777 0.967322 0.612 0.0252722 0.952083 0.612 -0.00541614 0.943855 0.612 -0.00556302 0.960627 0.612 -0.0107311 0.944912 0.612 0.020389 0.970533 0.612 0.0359414 0.964252 0.612 0.0329282 0.959743 0.612 0.0293533 0.955665 0.612 -0.0207411 0.949055 0.612 -0.0133008 0.963832 0.612 -0.00956709 0.961903 0.612 -0.015869 0.946655 0.612 -0.0293395 0.955651 0.612 -0.0329156 0.959727 0.612 -0.0195458 0.969413 0.612 0.0383443 0.969128 0.612 0.0225242 0.974153 0.612 0.0240229 0.978079 0.612 -0.0218806 0.972907 0.612 -0.0383385 0.969113 0.612 -0.0235971 0.976743 0.612 -0.0359337 0.96424 0.612 0.0186411 1.00166 0.612 0.023097 0.994567 0.612 0.0383353 1.00089 0.612 0.0158794 1.02334 0.612 0.012093 1.00688 0.612 0.00825698 1.0086 0.612 0.0207421 1.02094 0.612 -1.10441e-05 1.0265 0.612 -5.542e-19 1.01 0.612 -0.00541816 1.02614 0.612 -0.0216473 0.997505 0.612 -0.0234902 0.993555 0.612 -0.0383437 1.00087 0.612 -0.0207603 1.02093 0.612 -0.0124958 1.00665 0.612 -0.0252679 1.01792 0.612 -0.00433946 1.00962 0.612 -0.0107475 1.02508 0.612 -0.0158921 1.02334 0.612 -0.00854727 1.00849 0.612 0.00418766 1.00965 0.612 0.00540403 1.02615 0.612 -0.0160651 1.00415 0.612 -0.0191468 1.00107 0.612 -0.0293478 1.01434 0.612 0.0107322 1.02509 0.612 -0.0329302 1.01025 0.612 -0.025 0.985 0.612 -0.0414992 0.984987 0.612 -0.0411458 0.990408 0.612 -0.0246194 0.989344 0.612 -0.0400863 0.99574 0.612 -0.0411424 0.979572 0.612 0.0155872 1.00455 0.612 0.0252527 1.01793 0.612 -0.0246468 0.980812 0.612 -0.0400849 0.974257 0.612 0.0293369 1.01435 0.612 0.0400821 0.995753 0.612 0.0243732 0.990563 0.612 0.0415 0.985 0.612 0.0248428 0.982201 0.612 0.0249607 0.986402 0.612 0.0411438 0.990424 0.612 0.0411438 0.979576 0.612 0.0400884 0.974272 0.612 -0.0166587 0.966359 0.612 -0.0252608 0.952074 0.612 -0.0359457 1.00574 0.619838 -0.0024538 0.943764 0.61988 -0.000453542 0.943725 0.619958 -0.00244776 0.943865 0.619705 0.024044 0.951308 0.619705 0.029392 0.955857 0.619838 0.0293339 0.955914 0.62006 0.0336467 0.961417 0.62006 0.0371483 0.967442 0.620142 0.0362447 0.965932 0.61956 0.0114631 0.945165 0.619705 0.0180042 0.94773 0.619705 0.0114465 0.945223 0.61956 0.0240788 0.95126 0.619251 0.0107385 0.944913 0.619407 0.0114732 0.94513 0.619251 0.00540854 0.943854 0.619251 0.0158752 0.946657 0.619407 0.0180462 0.947643 0.61956 -0.00246222 0.943622 0.619407 -0.00246439 0.943586 0.619508 -5.86198e-17 0.943533 0.619251 -1.16851e-05 0.943501 0.619407 0.00457013 0.943765 0.62006 -0.0403738 0.992631 0.620142 -0.0409319 0.986344 0.620142 -0.0403996 0.991722 0.620142 -0.0212306 0.949978 0.62006 -0.0221341 0.950383 0.620142 -0.0164315 0.947487 0.62006 -0.00933733 0.944986 0.620063 -0.000605689 0.943921 0.620142 -0.00604333 0.944494 0.620142 -0.0113391 0.945647 0.62006 0.0344281 1.00743 0.620142 0.0368215 1.00293 0.62006 0.0377231 1.00129 0.620142 -0.025666 0.953085 0.62006 -0.0276661 0.954621 0.619705 -0.0160829 0.946861 0.619705 -0.0222971 0.950128 0.61956 -0.0223294 0.950077 0.62006 0.0113628 0.945514 0.62006 0.00452617 0.944161 0.619958 0.00453929 0.944043 0.620142 0.00610557 0.944503 0.620142 0.000639007 0.94405 0.62006 -0.0324021 0.959734 0.620142 -0.0296561 0.956755 0.619838 -0.0278147 0.954458 0.619705 -0.0278698 0.954398 0.619838 -0.022253 0.950197 0.619838 -0.0325762 0.959598 0.619705 -0.0326408 0.959548 0.620142 -0.0331239 0.960916 0.62006 -0.036206 0.965573 0.619838 -0.0391778 0.971902 0.619838 -0.0408279 0.978711 0.619705 -0.0409088 0.978699 0.62006 -0.0389684 0.971972 0.620142 -0.0398591 0.975591 0.62006 -0.0406097 0.978745 0.619705 0.0374219 0.967313 0.61956 0.0374761 0.967287 0.619705 0.0398728 0.973892 0.619838 -0.0413035 0.985702 0.619838 -0.0405908 0.992672 0.619705 -0.0406712 0.992687 0.62006 -0.0410827 0.985698 0.61956 -0.0268534 1.01658 0.619705 -0.0317577 1.01155 0.619705 -0.0268146 1.01653 0.619958 0.00592743 1.02578 0.62006 -0.00104651 1.02608 0.62006 0.0059103 1.02566 0.619407 0.0128204 1.02446 0.619251 0.0128242 1.02447 0.619251 0.00740309 1.02583 0.619838 -0.0316949 1.01149 0.619838 -0.0267616 1.01647 0.619705 -0.00803194 1.0256 0.61956 -0.00105575 1.02644 0.61956 -0.00804357 1.02566 0.619838 -0.0147494 1.02359 0.619705 -0.0147786 1.02366 0.620142 -0.0188899 1.02134 0.62006 -0.0146705 1.02338 0.62006 -0.0209458 1.02035 0.619705 -0.00105422 1.02638 0.620142 -0.0139355 1.02351 0.62006 -0.00797322 1.02531 0.619407 -0.00105668 1.02647 0.619251 -0.00370921 1.02633 0.619407 -0.00805066 1.0257 0.619838 -0.00105214 1.0263 0.619958 -0.00104954 1.02619 0.619838 0.00594206 1.02588 0.620142 0.00739904 1.02528 0.62006 0.0126971 1.02408 0.619958 0.0127339 1.02419 0.620142 0.0126558 1.02395 0.61956 -0.0148 1.02372 0.619705 -0.0211001 1.02061 0.619838 -0.0210584 1.02054 0.619407 0.00596771 1.02606 0.619251 0.00187517 1.02646 0.620142 -0.0277428 1.01513 0.62006 -0.0266185 1.0163 0.62006 -0.0315255 1.01135 0.620142 -0.0235205 1.01853 0.619705 -0.0357871 1.0058 0.61956 -0.0318036 1.01158 0.619838 -0.0387104 0.999421 0.619838 -0.0357164 1.00576 0.62006 -0.0355255 1.00564 0.620142 -0.0346521 1.00683 0.62006 -0.0385035 0.999344 0.620142 -0.0372292 1.00207 0.619705 -0.0387871 0.99945 0.619705 -0.0413853 0.985703 0.61956 -0.0407301 0.992698 0.620142 -0.0391572 0.997 0.620142 -0.0407519 0.980935 0.61956 -0.0414452 0.985704 0.619838 -0.0364006 0.965469 0.619705 -0.0392554 0.971876 0.620142 -0.00873884 1.02501 0.620142 -0.0382672 0.970408 0.619705 -0.0364727 0.96543 0.620142 -0.0314749 1.0112 0.61956 -0.0365255 0.965402 0.62006 -0.0159653 0.94714 0.619838 -0.0160511 0.946937 0.619705 -0.0094061 0.944692 0.61956 -0.0161062 0.946806 0.619705 -0.00245866 0.943682 0.619691 -0.000241035 0.943603 0.619785 -0.000352159 0.943656 0.619598 -0.000122782 0.943562 0.619407 -0.00942802 0.944598 0.619251 -0.00542759 0.943857 0.61956 0.00456611 0.943801 0.619838 0.0239964 0.951375 0.620142 0.0400007 0.97621 0.62006 0.0395813 0.973973 0.62006 0.0408755 0.980821 0.61956 0.0399305 0.973876 0.619705 0.0411766 0.98079 0.620142 0.0402541 0.992541 0.62006 0.0409939 0.987789 0.62006 0.0399329 0.994677 0.620142 0.0409002 0.9871 0.619705 0.0380009 1.00141 0.619838 0.0346131 1.00755 0.619838 0.0379258 1.00137 0.620142 0.0165885 0.947555 0.620142 0.0114403 0.945676 0.619838 0.0303047 1.01307 0.619705 0.0303647 1.01313 0.619838 0.0251244 1.01779 0.620142 0.0388867 0.997849 0.619958 0.019174 1.02148 0.619838 0.0192213 1.02157 0.620142 0.0333746 0.961264 0.620142 0.0299104 0.957025 0.620142 0.0177474 1.02191 0.620142 0.0225193 1.01921 0.62006 0.0191186 1.02137 0.619705 0.0127906 1.02437 0.619705 0.0192594 1.02164 0.61956 0.0192873 1.02169 0.619838 0.0127653 1.02429 0.619705 0.0251741 1.01786 0.61956 0.0128091 1.02442 0.619407 0.0193043 1.02172 0.619251 0.0176744 1.02255 0.620142 0.0408154 0.981627 0.62006 0.0301427 1.01292 0.62006 0.0249901 1.01762 0.620142 0.0268855 1.01589 0.61956 0.0304086 1.01317 0.620142 0.0307676 1.01203 0.619705 0.040227 0.994748 0.61956 0.0402852 0.994762 0.619705 0.0346817 1.00759 0.619838 0.0412142 0.987804 0.619705 0.0412958 0.987809 0.619838 0.0401475 0.994729 0.619838 0.0410952 0.980798 0.619838 0.037348 0.967348 0.619838 0.039794 0.973914 0.620142 0.0384673 0.970944 0.619838 0.0338275 0.96129 0.619705 0.0338945 0.961243 0.62006 0.0291771 0.95607 0.620142 0.0259128 0.953285 0.62006 0.0238682 0.951555 0.619958 0.0113957 0.945399 0.62006 0.0178726 0.948002 0.620142 0.0214422 0.950107 0.620063 0.000605904 0.943921 0.620142 0.0340972 1.00769 0.61956 0.0252106 1.0179 0.619958 0.0250625 1.01771 0.619251 0.0222442 1.02003 0.619407 0.0252328 1.01793 0.619958 0.03023 1.013 0.619407 0.0304355 1.01319 0.619251 0.0264605 1.01697 0.61956 0.0347319 1.00763 0.619958 0.0345279 1.00749 0.619251 0.0335742 1.00939 0.619407 0.0347625 1.00765 0.619251 0.0302569 1.0134 0.61956 0.038056 1.00143 0.619958 0.0378325 1.00133 0.619407 0.0380895 1.00144 0.619251 0.0363691 1.00499 0.619958 0.0400486 0.994705 0.619407 0.0403208 0.994771 0.619251 0.0385886 1.00027 0.61956 0.0413556 0.987813 0.619958 0.0411127 0.987797 0.619251 0.041172 0.990206 0.619407 0.041392 0.987816 0.619251 0.040198 0.995311 0.61956 0.0412362 0.980784 0.619958 0.040994 0.980809 0.619407 0.0412725 0.98078 0.619251 0.0415 0.985 0.619958 0.039696 0.973941 0.619407 0.0399657 0.973866 0.619251 0.041144 0.979577 0.619958 0.037256 0.967391 0.619407 0.0375092 0.967272 0.619251 0.0400826 0.974249 0.619251 0.0383356 0.969108 0.61956 0.0339436 0.961209 0.619958 0.0337442 0.961348 0.619251 0.0359354 0.964244 0.619407 0.0339735 0.961188 0.61956 0.0180303 0.947676 0.619958 0.0292617 0.955986 0.619407 0.0294605 0.955789 0.619251 0.0329234 0.959735 0.61956 0.0294346 0.955814 0.619958 0.0239374 0.951458 0.619407 0.0241 0.95123 0.619251 0.0252543 0.952069 0.619251 0.0293396 0.95565 0.619838 0.0179686 0.947803 0.619958 0.0179244 0.947895 0.619251 0.0207395 0.949055 0.619838 0.0114239 0.945302 0.619974 0.000540638 0.943812 0.619838 0.00455049 0.943942 0.619705 0.0045595 0.943861 0.619598 0.000122835 0.943562 0.61988 0.000453624 0.943725 0.619785 0.000352194 0.943656 0.619691 0.000241098 0.943603 0.619973 -0.000540452 0.943812 0.620142 -0.000639007 0.94405 0.620142 -0.0360095 0.965492 0.619838 -0.0093875 0.944771 0.61956 -0.00941972 0.944633 0.619958 -0.00936439 0.94487 0.619958 -0.0160116 0.94703 0.619407 -0.0161204 0.946772 0.619251 -0.0107452 0.944916 0.619958 -0.0221982 0.950282 0.619407 -0.0223491 0.950046 0.619251 -0.0158849 0.946661 0.619251 -0.0207578 0.949065 0.61956 -0.0279102 0.954353 0.619958 -0.0277462 0.954533 0.619251 -0.0252726 0.952084 0.619407 -0.0279348 0.954326 0.619958 -0.032496 0.959661 0.619407 -0.0327168 0.959488 0.619251 -0.0293515 0.955663 0.61956 -0.032688 0.959511 0.619958 -0.036311 0.965517 0.619407 -0.0365577 0.965385 0.619251 -0.0359425 0.964254 0.619251 -0.0329254 0.959739 0.61956 -0.0393122 0.971857 0.619958 -0.0390813 0.971934 0.619251 -0.0383444 0.969128 0.619407 -0.0393469 0.971845 0.61956 -0.040968 0.978689 0.619958 -0.0407274 0.978727 0.619407 -0.0410041 0.978684 0.619251 -0.0400882 0.974271 0.619958 -0.0412018 0.9857 0.619407 -0.0414817 0.985704 0.619251 -0.0415 0.985 0.619251 -0.041144 0.979577 0.619958 -0.0404909 0.992653 0.619407 -0.040766 0.992705 0.619251 -0.0411233 0.990578 0.61956 -0.0388432 0.999471 0.619958 -0.0386151 0.999386 0.619251 -0.0400006 0.996052 0.619407 -0.0388775 0.999483 0.61956 -0.035839 1.00583 0.619958 -0.0356285 1.0057 0.619407 -0.0358706 1.00585 0.619251 -0.0381543 1.00132 0.619958 -0.0316169 1.01143 0.619407 -0.0318317 1.01161 0.619251 -0.0324445 1.01088 0.619251 -0.0356209 1.00629 0.619958 -0.0266957 1.01639 0.619251 -0.0286723 1.015 0.619407 -0.0268771 1.0166 0.61956 -0.0211306 1.02066 0.619958 -0.0210065 1.02045 0.619251 -0.0243821 1.01858 0.619407 -0.0211493 1.02069 0.619958 -0.0147131 1.02349 0.619407 -0.014813 1.02375 0.619251 -0.0196544 1.02155 0.620142 -0.00337678 1.02582 0.619838 -0.00801606 1.02552 0.619958 -0.00799633 1.02542 0.619251 -0.00922986 1.02546 0.619251 -0.0145777 1.02385 0.620142 0.00204094 1.0259 0.619705 0.00595383 1.02596 0.61956 0.00596245 1.02602 0.624573 -0.00532219 1.0153 0.624573 -0.0104838 1.01392 0.624593 -0.00530232 1.01518 0.624573 0.00566995 0.954766 0.624594 0.000417107 0.954365 0.624575 0.000467024 0.95425 0.624539 -0.0157064 1.01158 0.624539 -0.0195593 1.00889 0.624573 -0.0153293 1.01167 0.624593 -0.0104447 1.01381 0.6246 -0.00692374 1.01473 0.6246 -0.011368 1.01333 0.624593 -0.015272 1.01157 0.6246 -0.0155479 1.01127 0.624593 -0.0196387 1.00853 0.6246 -0.0193625 1.0086 0.624593 -0.023413 1.00477 0.624573 -0.0235008 1.00485 0.624573 -0.0265804 1.00048 0.624539 -0.0258312 1.00191 0.624593 -0.0264811 1.00042 0.624573 -0.0288582 0.99565 0.624593 -0.0287505 0.99561 0.624539 -0.0297158 0.993368 0.624573 -0.0302656 0.990496 0.624573 -0.0267565 0.969824 0.624593 -0.0266566 0.969881 0.624593 -0.0288705 0.974721 0.624593 -0.0306453 0.985176 0.6246 -0.0303075 0.988671 0.624593 -0.0301526 0.990476 0.6246 -0.029396 0.993239 0.624593 -0.0302136 0.979871 0.6246 -0.0305133 0.984016 0.624539 -0.030358 0.979391 0.624539 -0.0291556 0.974849 0.624573 -0.0303268 0.979852 0.6246 -0.0300082 0.979383 0.624573 -0.0307601 0.985177 0.6246 -0.0288042 0.974883 0.624573 -0.0289787 0.974683 0.624594 -0.000417356 0.954365 0.6246 -0.000350781 0.954473 0.6246 -0.00499292 0.954882 0.624539 -0.0247591 0.966559 0.624573 -0.0237273 0.965424 0.624593 -0.0236387 0.965497 0.624593 -0.0199077 0.961701 0.624573 -0.0199824 0.961614 0.624539 -0.0180773 0.959975 0.624573 -0.0156347 0.958509 0.624593 -0.0155763 0.958608 0.6246 -0.017802 0.960199 0.6246 -0.0138215 0.957779 0.624593 -0.010775 0.956311 0.624573 -0.0108154 0.956203 0.624593 -0.00564878 0.954879 0.624573 -0.00566995 0.954766 0.624575 -0.0004673 0.95425 0.624573 -0.0197123 1.00861 0.6246 -0.0095184 0.955993 0.624539 -0.000495057 0.954132 0.624593 4.57922e-17 1.01565 0.624573 4.60032e-17 1.01576 0.6246 -0.002319 1.01544 0.624593 0.00530232 1.01518 0.624539 -0.00236144 1.01578 0.624573 0.00532219 1.0153 0.624593 0.0104447 1.01381 0.624573 0.0104838 1.01392 0.624539 0.00699156 1.01507 0.624593 0.015272 1.01157 0.624593 0.0196387 1.00853 0.624573 0.0197123 1.00861 0.624573 0.0153293 1.01167 0.624593 0.023413 1.00477 0.624573 0.0235008 1.00485 0.6246 0.0193656 1.0086 0.624539 0.0157019 1.01158 0.624539 0.0195563 1.00889 0.6246 0.0227319 1.00538 0.624593 0.0264811 1.00042 0.624573 0.0265804 1.00048 0.6246 0.0255683 1.00168 0.624593 0.0287505 0.99561 0.624573 0.0288582 0.99565 0.6246 0.0278087 0.997597 0.624539 0.0280916 0.997803 0.624593 0.0301526 0.990476 0.624593 0.0306453 0.985176 0.624573 0.0307601 0.985177 0.624573 0.0302656 0.990496 0.624539 0.0306402 0.988776 0.624593 0.0302136 0.979871 0.624573 0.0289787 0.974683 0.624573 0.0303268 0.979852 0.624593 0.0288705 0.974721 0.624593 0.0266566 0.969881 0.624573 0.0267565 0.969824 0.6246 0.0288038 0.974882 0.624539 0.0272783 0.970545 0.6246 0.0269281 0.970616 0.624593 0.0236387 0.965497 0.624573 0.0237273 0.965424 0.6246 0.0244252 0.966685 0.624593 0.0199077 0.961701 0.624573 0.0199824 0.961614 0.6246 0.0213537 0.963182 0.624539 0.0216828 0.963025 0.6246 0.0177857 0.960187 0.624593 0.0155763 0.958608 0.624573 0.0108154 0.956203 0.624573 0.0156347 0.958509 0.624593 0.010775 0.956311 0.624539 0.0140835 0.957528 0.624593 0.00564878 0.954879 0.6246 0.00499292 0.954882 0.6246 0.000350781 0.954473 0.624539 0.00974558 0.955706 0.624539 0.00518066 0.954565 0.624539 0.000495057 0.954132 0.6246 0.0095042 0.955989 0.624539 0.0180936 0.959986 0.6246 0.0138048 0.957771 0.624539 0.024768 0.966572 0.624539 0.0291561 0.97485 0.624539 0.0303597 0.979398 0.624539 0.0308584 0.984077 0.6246 0.0300064 0.979377 0.6246 0.0305122 0.984002 0.624539 0.0297105 0.993388 0.6246 0.0303092 0.988653 0.6246 0.0294012 0.99322 0.624539 0.0258216 1.00192 0.624539 0.0229541 1.00564 0.624539 0.0114799 1.01366 0.6246 0.0155523 1.01127 0.6246 0.0113794 1.01333 0.624539 0.00234169 1.01578 0.6246 0.00694046 1.01473 0.6246 0.00233862 1.01544 0.624539 -0.00700841 1.01507 0.624539 -0.0114913 1.01365 0.624539 -0.0229622 1.00564 0.6246 -0.0227239 1.00539 0.624539 -0.0280999 0.997785 0.6246 -0.0255588 1.0017 0.6246 -0.0278004 0.997615 0.624539 -0.0306419 0.988758 0.624539 -0.0308573 0.984063 0.624539 -0.0272741 0.970536 0.624539 -0.0216694 0.963011 0.6246 -0.0244341 0.966698 0.6246 -0.0269323 0.970625 0.6246 -0.0213671 0.963195 0.624539 -0.0140667 0.957519 0.624539 -0.0097313 0.955702 0.624539 -0.00518066 0.954565 0.6246 0.0198095 0.97803 0.6246 0.0300064 0.979377 0.6246 0.0207002 0.981465 0.6246 0.0227319 1.00538 0.6246 0.016257 0.998293 0.6246 0.0255683 1.00168 0.6246 -0.00975919 1.00359 0.6246 -0.00648936 1.00497 0.6246 -0.011368 1.01333 0.6246 -0.0127504 1.00169 0.6246 -0.0193625 1.0086 0.6246 -0.0153776 0.999301 0.6246 0.0137521 1.00087 0.6246 0.0193656 1.0086 0.6246 0.0108443 1.00298 0.6246 0.0278087 0.997597 0.6246 0.0182857 0.995326 0.6246 0.0113794 1.01333 0.6246 0.00761896 1.00457 0.6246 0.00233862 1.01544 0.6246 0.0041704 1.00558 0.6246 0.00694046 1.01473 0.6246 -0.00298861 1.00579 0.6246 -0.002319 1.01544 0.6246 -0.00692374 1.01473 0.6246 0.000599677 1.00599 0.6246 0.021 0.985 0.6246 0.0305122 0.984002 0.6246 0.0303092 0.988653 0.6246 0.0294012 0.99322 0.6246 0.0197787 0.992057 0.6246 0.0206924 0.988581 0.6246 -0.0227239 1.00539 0.6246 -0.0175659 0.996508 0.6246 -0.0155479 1.01127 0.6246 -0.0255588 1.0017 0.6246 -0.0278004 0.997615 0.6246 0.0288038 0.974882 0.6246 -0.0192526 0.993387 0.6246 -0.029396 0.993239 0.6246 0.0269281 0.970616 0.6246 -0.0303075 0.988671 0.6246 -0.0203898 0.990026 0.6246 -0.0305133 0.984016 0.6246 -0.0209448 0.986521 0.6246 -0.0300082 0.979383 0.6246 -0.020902 0.982973 0.6246 -0.0202624 0.979483 0.6246 -0.0288042 0.974883 0.6246 0.0163732 0.97185 0.6246 0.0244252 0.966685 0.6246 0.0183533 0.974794 0.6246 -0.0190444 0.976151 0.6246 0.0139256 0.969281 0.6246 0.0213537 0.963182 0.6246 -0.0244341 0.966698 0.6246 -0.0150276 0.970331 0.6246 -0.0172827 0.973071 0.6246 -0.0269323 0.970625 0.6246 -0.00930702 0.966175 0.6246 -0.0138215 0.957779 0.6246 -0.0095184 0.955993 0.6246 -0.0213671 0.963195 0.6246 -0.0123435 0.968011 0.6246 -0.00499292 0.954882 0.6246 4.90274e-16 0.954971 0.6246 -0.00253127 0.964153 0.6246 -0.00600486 0.964877 0.6246 0.0095042 0.955989 0.6246 0.00453147 0.964495 0.6246 0.00499292 0.954882 0.6246 0.00101458 0.964025 0.6246 0.00791899 0.96555 0.6246 -0.017802 0.960199 0.6246 -0.000350781 0.954473 0.6246 0.000350781 0.954473 0.6246 0.0177857 0.960187 0.6246 0.0110804 0.967161 0.6246 0.0138048 0.957771 0.6246 0.0155523 1.01127 0.624539 0.00234169 1.01578 0.622495 0.00621731 1.02044 0.622495 1.8182e-17 1.02098 0.624539 0.00518066 0.954565 0.622494 0.000854403 0.949028 0.622495 0.0067695 0.949662 0.622495 -0.00621731 1.02044 0.624539 -0.00236144 1.01578 0.620142 -0.00873884 1.02501 0.620142 -0.00337678 1.02582 0.622495 -0.0122476 1.01883 0.624539 -0.0114913 1.01365 0.624539 -0.00700841 1.01507 0.620142 -0.0139355 1.02351 0.622495 -0.0179094 1.01621 0.624539 -0.0157064 1.01158 0.624539 -0.0195593 1.00889 0.622495 -0.0230324 1.01264 0.622495 -0.0274625 1.00825 0.620142 -0.0277428 1.01513 0.624539 -0.0229622 1.00564 0.622495 -0.0310664 1.00315 0.624539 -0.0280999 0.997785 0.624539 -0.0258312 1.00191 0.622495 -0.0337357 0.997511 0.624539 -0.0297158 0.993368 0.622495 -0.0234609 0.95772 0.620142 -0.0296561 0.956755 0.620142 -0.025666 0.953085 0.622495 -0.0353901 0.991494 0.624539 -0.0306419 0.988758 0.624539 -0.0308573 0.984063 0.622495 -0.0359799 0.985281 0.622495 -0.0354872 0.979059 0.620142 -0.0407519 0.980935 0.624539 -0.030358 0.979391 0.624539 -0.0291556 0.974849 0.622495 -0.0339268 0.973017 0.620142 -0.0382672 0.970408 0.622495 -0.0313459 0.967335 0.624539 -0.0272741 0.970536 0.624539 -0.0216694 0.963011 0.624539 -0.0247591 0.966559 0.622495 -0.0278219 0.962184 0.622495 -0.012774 0.951363 0.622495 -0.0067695 0.949662 0.624539 -0.0097313 0.955702 0.624539 -0.0180773 0.959975 0.622495 -0.0183941 0.954076 0.624539 -0.0140667 0.957519 0.620142 -0.0164315 0.947487 0.620142 -0.0403996 0.991722 0.620142 -0.0391572 0.997 0.622494 -0.000854403 0.949028 0.620142 -0.00604333 0.944494 0.624539 -0.00518066 0.954565 0.624539 -0.000495057 0.954132 0.620142 -0.000639007 0.94405 0.624539 0.00699156 1.01507 0.622495 0.0122476 1.01883 0.622495 0.0179094 1.01621 0.620142 0.0177474 1.02191 0.624539 0.0114799 1.01366 0.624539 0.0157019 1.01158 0.622495 0.0230324 1.01264 0.622495 0.0274625 1.00825 0.624539 0.0195563 1.00889 0.620142 0.0225193 1.01921 0.624539 0.0229541 1.00564 0.620142 0.0307676 1.01203 0.624539 0.0258216 1.00192 0.622495 0.0310664 1.00315 0.624539 0.0280916 0.997803 0.622495 0.0337357 0.997511 0.622495 0.0353901 0.991494 0.624539 0.0297105 0.993388 0.620142 0.0368215 1.00293 0.624539 0.0306402 0.988776 0.622495 0.0359799 0.985281 0.624539 0.0308584 0.984077 0.620142 0.0408154 0.981627 0.620142 0.0409002 0.9871 0.622495 0.0354872 0.979059 0.622495 0.0339268 0.973017 0.620142 0.0400007 0.97621 0.624539 0.0303597 0.979398 0.622495 0.0313459 0.967335 0.620142 0.0362447 0.965932 0.624539 0.0291561 0.97485 0.624539 0.024768 0.966572 0.624539 0.0272783 0.970545 0.624539 0.0216828 0.963025 0.622495 0.0278219 0.962184 0.622495 0.0234609 0.95772 0.620142 0.0299104 0.957025 0.624539 0.0180936 0.959986 0.622495 0.0183941 0.954076 0.624539 0.0140835 0.957528 0.622495 0.012774 0.951363 0.624539 0.00974558 0.955706 0.620142 0.0165885 0.947555 0.620142 0.0214422 0.950107 0.620142 0.000639007 0.94405 0.624539 0.000495057 0.954132 0.620142 0.00610557 0.944503 0.620142 0.0114403 0.945676 0.620142 0.0259128 0.953285 0.620142 0.0333746 0.961264 0.620142 0.0384673 0.970944 0.620142 0.0402541 0.992541 0.620142 0.0388867 0.997849 0.620142 0.0340972 1.00769 0.620142 0.0268855 1.01589 0.620142 0.0126558 1.02395 0.620142 0.00739904 1.02528 0.620142 0.00204094 1.0259 0.620142 -0.0188899 1.02134 0.620142 -0.0235205 1.01853 0.620142 -0.0314749 1.0112 0.620142 -0.0346521 1.00683 0.620142 -0.0372292 1.00207 0.620142 -0.0409319 0.986344 0.620142 -0.0398591 0.975591 0.620142 -0.0360095 0.965492 0.620142 -0.0331239 0.960916 0.620142 -0.0212306 0.949978 0.620142 -0.0113391 0.945647</float_array>
          <technique_common>
            <accessor count="3203" source="#ID6" stride="3">
              <param name="X" type="float"/>
              <param name="Y" type="float"/>
              <param name="Z" type="float"/>
            </accessor>
          </technique_common>
        </source>
        <source id="ID7">
          <float_array count="9609" id="ID8">-8.09036e-17 -0.642788 0.766044 -7.907e-17 -0.62822 0.778036 -9.44823e-17 -0.750672 0.660675 -1.24844e-16 -0.9919 -0.127018 -1.25864e-16 -1 1.19249e-08 -1.2575e-16 -0.999099 0.042441 -6.29318e-17 -0.5 0.866026 -6.1383e-17 -0.487695 0.873014 -4.19302e-17 -0.33314 0.942877 -4.30479e-17 -0.34202 0.939693 -2.1856e-17 -0.173648 0.984808 -2.12711e-17 -0.169001 0.985616 2.20067e-23 1.74846e-07 1 -3.80098e-23 -3.01992e-07 1 -9.64171e-17 -0.766044 0.642788 -1.09001e-16 -0.866025 0.5 -1.07177e-16 -0.851529 0.524307 -1.16787e-16 -0.927889 0.372857 -1.18273e-16 -0.939693 0.34202 -1.23039e-16 -0.977555 0.210679 -1.23951e-16 -0.984808 0.173648 -1.01194e-16 -0.803997 -0.594633 -1.10159e-16 -0.875224 -0.483719 -1.12387e-16 -0.892926 -0.450204 -1.20347e-16 -0.956167 -0.292823 -1.18801e-16 -0.943883 -0.330279 -1.24085e-16 -0.985871 -0.167506 -6.69635e-17 -0.532032 -0.846724 -7.04805e-17 -0.559975 -0.82851 -5.18434e-17 -0.411901 -0.911228 -9.84041e-17 -0.781831 -0.62349 -8.70899e-17 -0.691939 -0.721956 -8.38688e-17 -0.666346 -0.745642 -1.0674e-17 -0.0848059 -0.996397 1.0674e-17 0.0848059 -0.996397 -7.05724e-18 -0.0560706 -0.998427 -3.17149e-17 -0.251978 -0.967733 -2.80073e-17 -0.222521 -0.974928 -4.81659e-17 -0.382683 -0.92388 7.04804e-17 0.559975 -0.82851 5.46102e-17 0.433884 -0.900969 5.18434e-17 0.411901 -0.911228 3.48435e-17 0.276836 -0.960917 1.40922e-17 0.111964 -0.993712 3.17149e-17 0.251978 -0.967733 1.02649e-16 0.815561 -0.578671 1.01194e-16 0.803997 -0.594633 1.12387e-16 0.892926 -0.450204 7.28337e-17 0.578671 -0.815561 8.70899e-17 0.691939 -0.721956 8.8999e-17 0.707107 -0.707107 1.24844e-16 0.9919 -0.127018 1.2575e-16 0.999099 0.0424412 1.25072e-16 0.993712 -0.111964 1.20347e-16 0.956167 -0.292823 1.20945e-16 0.960917 -0.276836 1.13399e-16 0.900969 -0.433884 1.07177e-16 0.851529 0.524307 1.16283e-16 0.92388 0.382683 1.16787e-16 0.927889 0.372857 1.22708e-16 0.974928 0.222521 1.25666e-16 0.998427 0.0560704 1.23039e-16 0.977555 0.210679 9.44823e-17 0.750672 0.660675 1.06572e-16 0.846724 0.532032 9.38492e-17 0.745642 0.666347 7.907e-17 0.62822 0.778036 6.1383e-17 0.487695 0.873014 7.84747e-17 0.62349 0.781831 4.19302e-17 0.33314 0.942877 6.08826e-17 0.483719 0.875223 4.15701e-17 0.330279 0.943883 2.12711e-17 0.169001 0.985616 2.10829e-17 0.167506 0.985871 -1 1.11022e-16 0 -1 1.11022e-16 0 -1 1.11022e-16 0 -1 1.11022e-16 0 -1 1.11022e-16 0 -1 1.11022e-16 0 -1 1.11022e-16 0 -1 1.11022e-16 0 -1 1.11022e-16 0 -1 1.11022e-16 0 -1 1.11022e-16 0 -1 1.11022e-16 0 -1 1.11022e-16 0 -1 1.11022e-16 0 -1 1.11022e-16 0 -1 1.11022e-16 0 -1 1.11022e-16 0 -1 1.11022e-16 0 -1 1.11022e-16 0 -1 1.11022e-16 0 -1 1.11022e-16 0 -1 1.11022e-16 0 -1 1.11022e-16 0 -1 1.11022e-16 0 -1 1.11022e-16 0 -1 1.11022e-16 0 -1 1.11022e-16 0 -1 1.11022e-16 0 -1 1.11022e-16 0 -1 1.11022e-16 0 -1 1.11022e-16 0 -1 1.11022e-16 0 -1 1.11022e-16 0 -1 1.11022e-16 0 -1 1.11022e-16 0 -1 1.11022e-16 0 -1 1.11022e-16 0 0.866025 -0.440585 0.2364 0.866025 -0.394296 0.307459 0.5 -0.763115 0.409457 0.5 -0.168052 -0.849564 0.866025 -0.0970246 -0.490496 0.866025 -0.178523 -0.467043 0.5 -0.865901 -0.0147057 0.5 -0.85096 -0.160832 0.866025 -0.499928 -0.00849034 0.5 -0.68294 0.532535 0.866025 -0.336663 0.369673 0.866025 -0.0127349 -0.499838 0.5 -0.0220571 -0.865744 0.866025 -0.254886 -0.430155 0.5 -0.441475 -0.74505 0.5 -0.309211 -0.808943 0.866025 -0.494172 0.0761201 0.866025 -0.474199 0.158541 0.5 -0.855931 0.131843 0.5 0.124571 -0.857019 1.74846e-07 0.142315 -0.989821 1.74846e-07 0.309017 -0.951056 0.866025 0.0719214 -0.4948 0.5 -0.0514424 0.864496 0.5 -0.196803 0.843367 0.866025 -0.0297003 0.499117 0.5 -0.46652 0.729629 0.866025 -0.269346 0.421252 0.866025 -0.19428 0.460712 0.866025 0.154509 -0.475528 0.5 0.267616 -0.823639 1 1.97919e-08 -1.37655e-07 0.5 -0.583118 0.640292 0.5 -0.336502 0.797976 1 4.29753e-08 -1.32264e-07 0.5 -0.561039 -0.659723 0.866025 -0.323916 -0.380891 0.5 -0.664463 -0.555417 0.866025 -0.383628 -0.320671 0.866025 -0.432303 -0.251225 0.5 -0.748771 -0.435134 0.866025 -0.468542 -0.174551 0.5 -0.811539 -0.302332 0.866025 -0.491302 -0.0928565 0.5 -0.821337 0.2746 0.866025 -0.113624 0.486918 1 -1.0843e-07 8.70842e-08 1 -9.22211e-08 1.04096e-07 0.5 0.239494 0.832251 0.5 0.0953981 0.860755 0.866025 0.138272 0.480501 0.866025 0.355051 0.352049 0.5 0.614967 0.609767 0.5 0.50307 0.704926 0.866025 0.0550781 0.496957 0.5 0.782976 0.370066 0.866025 0.481657 0.134187 0.5 0.834255 0.232419 0.866025 0.290448 0.406989 0.5 0.841666 -0.203957 0.5 0.864028 -0.0587806 0.866025 0.485936 -0.117754 0.866025 0.452051 0.213658 0.5 0.725642 -0.472699 0.5 0.79509 -0.343265 0.866025 0.41895 -0.272913 0.866025 0.459046 -0.198184 0.866025 0.366801 -0.33979 0.5 0.526717 -0.687437 0.5 0.635318 -0.588533 0.866025 0.3041 -0.396892 0.866025 0.232651 -0.442576 0.5 0.402963 -0.766564 1 6.46295e-08 -1.23141e-07 1.74846e-07 0.464723 -0.885456 0.866025 0.498847 -0.0339371 0.5 0.709172 0.497066 0.866025 0.497407 0.0508567 0.5 0.861534 0.0880863 0.866025 0.409441 0.286981 0.5 0.376701 0.779805 0.866025 0.217488 0.450221 1 8.44386e-08 -1.10503e-07 1.74846e-07 0.607162 -0.794578 1 1.01837e-07 -9.47095e-08 1.74846e-07 0.732269 -0.681016 1 1.16329e-07 -7.62126e-08 1.74846e-07 0.83647 -0.548013 1 1.27499e-07 -5.554e-08 1.74846e-07 0.916792 -0.399365 1 1.3503e-07 -3.32818e-08 1.74846e-07 0.970942 -0.239316 1 1.38706e-07 -1.00736e-08 1.74846e-07 0.997373 -0.0724348 1 1.38422e-07 1.34223e-08 1.74846e-07 0.995332 0.0965139 1 1.34186e-07 3.6535e-08 1.74846e-07 0.964876 0.262707 1 1.2612e-07 5.86047e-08 1.74846e-07 0.906874 0.421401 1 1.14453e-07 7.90013e-08 1.74846e-07 0.822984 0.568065 1 9.9519e-08 9.71426e-08 1.74846e-07 0.715599 0.698511 1 8.17438e-08 1.12511e-07 1.74846e-07 0.587785 0.809017 1 6.16351e-08 1.24667e-07 1.74846e-07 0.443192 0.896427 1 3.97667e-08 1.33264e-07 1.74846e-07 0.285946 0.958246 1 1.67632e-08 1.38057e-07 1.74846e-07 0.120537 0.992709 1 -6.71898e-09 1.38909e-07 1.74846e-07 -0.0483134 0.998832 1 -3.00093e-08 1.35795e-07 1.74846e-07 -0.215784 0.976441 1 -5.24429e-08 1.28804e-07 1.74846e-07 -0.377095 0.926175 1 -7.33794e-08 1.18136e-07 1.74846e-07 -0.52764 0.849468 1.74846e-07 -0.663123 0.748511 1 -1.21544e-07 6.75862e-08 1.74846e-07 -0.779674 0.626185 1 -1.31187e-07 4.61587e-08 1.74846e-07 -0.873968 0.485983 1 -1.37086e-07 2.34136e-08 1.74846e-07 -0.943312 0.331908 1 -1.39071e-07 1.61359e-14 1.74846e-07 -0.985726 0.168357 1 -1.37034e-07 -2.37147e-08 1.74846e-07 -1 1.16027e-07 1 -1.30983e-07 -4.67347e-08 1.74846e-07 -0.985354 -0.170522 1.74846e-07 -0.941844 -0.33605 1 -1.21095e-07 -6.83858e-08 1.74846e-07 -0.870746 -0.491733 1 -1.07661e-07 -8.80336e-08 1.74846e-07 -0.774142 -0.633013 1 -9.10721e-08 -1.05103e-07 1.74846e-07 -0.654861 -0.75575 1 -7.18159e-08 -1.19093e-07 1.74846e-07 -0.516397 -0.856349 1 -5.0456e-08 -1.29595e-07 1.74846e-07 -0.362808 -0.931864 1 -2.76182e-08 -1.36301e-07 1.74846e-07 -0.19859 -0.980083 1 -3.97134e-09 -1.39014e-07 1.74846e-07 -0.0285562 -0.999592 0.791154 -0.5 -0.352244 0.791154 -0.5 -0.352244 0.791154 -0.5 -0.352244 0.791154 -0.5 -0.352244 0.791154 -0.5 -0.352244 0.791154 -0.5 -0.352244 0.791154 -0.5 -0.352244 0.791154 -0.5 -0.352244 0.791154 -0.5 -0.352244 0.791154 -0.5 -0.352244 0.791154 -0.5 -0.352244 0.791154 -0.5 -0.352244 0.791154 -0.5 -0.352244 0.791154 -0.5 -0.352244 0.791154 0.5 -0.352244 0.791154 0.5 -0.352244 0.791154 0.5 -0.352244 0.791154 0.5 -0.352244 0.791154 0.5 -0.352244 0.791154 0.5 -0.352244 0.791154 0.5 -0.352244 0.791154 0.5 -0.352244 0.791154 0.5 -0.352244 0.791154 0.5 -0.352244 0.791154 0.5 -0.352244 0.791154 0.5 -0.352244 0.791154 0.5 -0.352244 0.791154 0.5 -0.352244 0.707107 -0.649189 0.280275 0.587785 -0.677875 0.441582 0.707107 -0.592484 0.385957 0.707107 0.670619 -0.22421 0.587785 0.712881 -0.382503 0.707107 0.623081 -0.33432 0.587785 -0.593496 0.549792 0.707107 -0.518735 0.480535 0.453991 -0.653644 0.60551 0.707107 -0.430062 0.56129 0.587785 -0.492044 0.642185 0.453991 -0.54191 0.707267 0.707107 -0.329018 0.625897 0.587785 -0.376437 0.716103 0.453991 -0.414587 0.788676 0.453991 -0.275336 0.847398 0.587785 -0.25 0.769421 -8.74228e-08 -0.309017 0.951057 0.156434 -0.459573 0.874255 -8.74228e-08 -0.464723 0.885456 0.587785 0.699482 0.40649 0.453991 0.834948 0.311052 0.587785 0.758117 0.28243 0.156434 -0.600712 0.784011 -8.74228e-08 -0.607162 0.794578 0.156434 0.19166 0.968914 -8.74228e-08 0.362808 0.931864 0.156434 0.35265 0.922587 0.156434 -0.305212 0.939347 0.309017 -0.293893 0.904508 0.309017 -0.442528 0.84183 0.707107 -0.218508 0.672499 0.891007 -0.211242 0.401851 0.809017 -0.273497 0.520279 0.809017 -0.181636 0.559017 0.891007 -0.140291 0.431771 0.951057 -0.143786 0.273527 0.951057 -0.0954915 0.293893 0.987688 -0.0483409 0.148778 0.987688 -0.0727892 0.138468 1 -1.35076e-08 4.1572e-08 1 -2.03137e-08 3.87045e-08 0.707107 -0.687217 0.16653 0.587785 -0.742752 0.320669 0.453991 -0.746573 0.486334 0.587785 -0.786261 0.190531 0.707107 -0.705476 0.0479943 0.453991 -0.818025 0.353167 0.707107 -0.70344 -0.0719222 0.587785 -0.807151 0.0549112 0.453991 -0.865944 0.20984 0.707107 -0.681166 -0.189769 0.587785 -0.804821 -0.0822878 0.453991 -0.888952 0.0604763 0.587785 -0.779338 -0.21712 0.453991 -0.886386 -0.0906272 0.587785 -0.731435 -0.345705 0.453991 -0.85832 -0.239123 0.707107 -0.639297 -0.302158 0.587785 -0.662489 -0.464346 0.453991 -0.805561 -0.380741 0.707107 -0.579037 -0.405853 0.453991 -0.729629 -0.511405 0.587785 -0.574485 -0.569628 0.707107 -0.502118 -0.497873 0.587785 -0.469954 -0.658522 0.453991 -0.632706 -0.627356 0.707107 -0.410755 -0.57557 0.587785 -0.351903 -0.728473 0.453991 -0.517581 -0.72526 0.707107 -0.307575 -0.636709 0.453991 -0.387567 -0.8023 0.587785 -0.223729 -0.777466 0.707107 -0.195546 -0.67953 0.587785 -0.0891182 -0.804094 0.453991 -0.246403 -0.856258 0.707107 -0.0778922 -0.702804 0.587785 0.0480561 -0.807589 0.453991 -0.0981501 -0.885584 0.707107 0.0420024 -0.705858 0.453991 0.0529263 -0.889433 0.587785 0.183848 -0.787851 0.707107 0.160689 -0.688607 0.587785 0.314351 -0.745448 0.453991 0.20248 -0.867695 0.707107 0.274753 -0.651545 0.587785 0.435811 -0.681599 0.453991 0.346209 -0.820995 0.707107 0.380912 -0.59574 0.587785 0.544733 -0.598143 0.453991 0.479977 -0.750676 0.707107 0.476114 -0.522796 0.707107 0.557618 -0.434812 0.453991 0.845029 -0.282521 0.587785 0.767271 -0.256524 0.587785 0.799587 -0.123165 0.587785 0.637984 -0.497479 0.453991 0.599938 -0.658761 0.587785 0.524108 0.616295 0.453991 0.68363 0.571439 0.587785 0.620723 0.518856 0.587785 0.8089 0.013738 0.707107 0.707005 0.0120071 0.707107 0.694806 0.131319 0.453991 0.77037 0.447685 0.891007 0.231432 0.390572 0.951057 0.110333 0.288649 0.891007 0.162096 0.424066 0.156434 0.0251563 0.987368 0.309017 0.0242228 0.950748 0.156434 0.503496 0.849717 -8.74228e-08 0.516397 0.856349 0.156434 -0.142072 0.977417 -8.74228e-08 -0.142315 0.989821 0.309017 -0.136803 0.941166 0.453991 0.577223 0.678753 0.453991 0.318131 0.832277 0.453991 0.45421 0.766541 0.587785 0.288857 0.755692 0.891007 0.348327 0.291163 0.809017 0.450982 0.376971 0.809017 0.508203 0.295332 0.809017 0.380786 0.447765 0.891007 0.29411 0.345842 0.987688 0.030356 0.153461 0.987688 0.0558543 0.146123 0.707107 0.542532 0.453496 0.707107 0.458087 0.538662 0.951057 0.00787061 0.308917 0.891007 0.0880965 0.445361 0.951057 0.0599645 0.303143 0.987688 0.00398436 0.156384 0.707107 0.611369 0.355285 0.707107 0.662619 0.246853 0.987688 -0.022502 0.154808 1 -6.22079e-09 4.32665e-08 0.587785 0.794943 0.150245 0.453991 0.875507 0.165472 0.453991 0.880621 -0.135647 0.453991 0.890878 0.0151299 0.707107 0.698864 -0.10765 0.453991 0.70264 -0.547896 0.453991 0.785128 -0.421268 0.156434 -0.72457 0.671213 -8.74228e-08 -0.732269 0.681016 0.309017 -0.578433 0.754933 0.891007 -0.276117 0.36037 0.809017 -0.357491 0.466574 0.951057 -0.187944 0.245293 0.987688 -0.0951434 0.124175 1 -2.65399e-08 3.47321e-08 0.156434 -0.827583 0.539105 -8.74228e-08 -0.83647 0.548013 0.309017 -0.697697 0.646319 0.891007 -0.333048 0.308523 0.809017 -0.4312 0.399447 0.951057 -0.226695 0.210002 0.987688 -0.114761 0.10631 1 -3.20085e-08 2.97682e-08 0.156434 -0.906788 0.391489 -8.74228e-08 -0.916792 0.399365 0.309017 -0.796889 0.519111 0.891007 -0.380398 0.247799 0.809017 -0.492505 0.320828 0.951057 -0.258925 0.168669 0.987688 -0.131076 0.0853859 1 -3.65633e-08 2.39544e-08 0.156434 -0.959907 0.232609 -8.74228e-08 -0.970942 0.239316 0.309017 -0.873157 0.376969 0.891007 -0.416805 0.179947 0.809017 -0.539641 0.23298 0.951057 -0.283706 0.122485 0.987688 -0.143621 0.0620057 1 -4.00743e-08 1.74568e-08 0.156434 -0.985411 0.0670385 -8.74228e-08 -0.997373 0.0724348 0.309017 -0.924305 0.223982 0.891007 -0.441221 0.106919 0.809017 -0.571252 0.138429 0.951057 -0.300325 0.0727762 0.987688 -0.152034 0.0368417 1 -4.24412e-08 1.04608e-08 0.156434 -0.982566 -0.100461 -8.74228e-08 -0.995332 -0.0965139 0.309017 -0.948863 0.064552 0.891007 -0.452943 0.0308142 0.809017 -0.58643 0.0398954 0.951057 -0.308304 0.0209742 0.987688 -0.156074 0.0106179 1 -4.35966e-08 3.16623e-09 0.156434 -0.951455 -0.26507 -8.74228e-08 -0.964876 -0.262707 0.309017 -0.946124 -0.0967351 0.891007 -0.451636 -0.0461768 0.809017 -0.584737 -0.0597856 0.951057 -0.307414 -0.0314311 0.987688 -0.155623 -0.0159114 1 -4.35073e-08 -4.21876e-09 0.156434 -0.892972 -0.422054 -8.74228e-08 -0.906874 -0.421401 0.309017 -0.916167 -0.255239 0.891007 -0.437336 -0.121839 0.809017 -0.566222 -0.157747 0.951057 -0.297681 -0.0829323 0.987688 -0.150696 -0.041983 1 -4.21761e-08 -1.14833e-08 0.156434 -0.8088 -0.566896 -8.74228e-08 -0.822984 -0.568065 0.309017 -0.859853 -0.406401 0.891007 -0.410454 -0.193997 0.809017 -0.531418 -0.25117 0.951057 -0.279383 -0.132048 0.987688 -0.141433 -0.0668468 1 -3.96407e-08 -1.842e-08 0.156434 -0.70136 -0.69543 -8.74228e-08 -0.715599 -0.698511 0.309017 -0.778803 -0.545871 0.891007 -0.371764 -0.260574 0.809017 -0.481326 -0.337367 0.951057 -0.253048 -0.177364 0.987688 -0.128101 -0.0897875 1 -3.59738e-08 -2.48309e-08 0.156434 -0.573743 -0.803957 -8.74228e-08 -0.587785 -0.809017 0.309017 -0.675347 -0.669637 0.891007 -0.32238 -0.319654 0.809017 -0.417388 -0.413859 0.951057 -0.219434 -0.217578 0.987688 -0.111084 -0.110145 1 -3.12798e-08 -3.05329e-08 0.156434 -0.429621 -0.889356 -8.74228e-08 -0.443192 -0.896427 0.309017 -0.552464 -0.77414 0.891007 -0.263721 -0.369538 0.809017 -0.341441 -0.478445 0.951057 -0.179506 -0.251533 0.987688 -0.090872 -0.127334 1 -2.56929e-08 -3.53633e-08 0.156434 -0.27314 -0.94917 -8.74228e-08 -0.285946 -0.958246 0.309017 -0.413687 -0.856371 0.891007 -0.197475 -0.408792 0.809017 -0.255673 -0.529266 0.951057 -0.134415 -0.278252 0.987688 -0.0680453 -0.14086 1 -1.93725e-08 -3.91841e-08 0.156434 -0.1088 -0.981678 -8.74228e-08 -0.120537 -0.992709 0.309017 -0.263009 -0.913966 0.891007 -0.125548 -0.436285 0.809017 -0.162548 -0.564862 0.951057 -0.0854568 -0.296966 0.987688 -0.043261 -0.150334 1 -1.24991e-08 -4.18863e-08 -8.74228e-08 0.0483134 -0.998832 0.156434 0.0586693 -0.985944 0.309017 -0.104765 -0.945269 0.891007 -0.05001 -0.451228 0.809017 -0.0647482 -0.584208 0.951057 -0.0340401 -0.307136 0.987688 -0.0172322 -0.155482 1 -5.26883e-09 -4.33927e-08 -8.74228e-08 0.215784 -0.976441 0.156434 0.224451 -0.961847 0.309017 0.0564933 -0.949377 0.891007 0.0269673 -0.453189 0.809017 0.0349148 -0.586747 0.951057 0.0183558 -0.308471 0.987688 0.0092923 -0.156158 1 2.11184e-09 -4.36603e-08 -8.74228e-08 0.377095 -0.926175 0.156434 0.383775 -0.91008 0.309017 0.216126 -0.926174 0.891007 0.103169 -0.442113 0.809017 0.133573 -0.572407 0.951057 0.0702236 -0.300932 0.987688 0.0355495 -0.152342 1 9.43223e-09 -4.26816e-08 -8.74228e-08 0.52764 -0.849468 0.156434 0.532059 -0.832131 0.309017 0.369541 -0.876326 0.891007 0.176402 -0.418318 0.809017 0.228389 -0.541599 0.951057 0.120071 -0.284736 0.987688 0.060784 -0.144142 1 1.64833e-08 -4.04844e-08 -8.74228e-08 0.663123 -0.748511 0.156434 0.665037 -0.730243 0.309017 0.512326 -0.801268 0.891007 0.244561 -0.382488 0.809017 0.316635 -0.495211 0.951057 0.166465 -0.260348 0.987688 0.0842699 -0.131797 1 2.30639e-08 -3.71314e-08 -8.74228e-08 0.779674 -0.626185 0.156434 0.778882 -0.607347 0.309017 0.640372 -0.703159 0.891007 0.305684 -0.335656 0.809017 0.395771 -0.434576 0.951057 0.208069 -0.22847 0.987688 0.105331 -0.115659 1 2.8986e-08 -3.27184e-08 -8.74228e-08 0.873968 -0.485983 0.156434 0.870321 -0.466979 0.309017 0.749995 -0.584822 0.891007 0.358013 -0.279167 0.809017 0.463522 -0.36144 0.951057 0.243688 -0.19002 0.987688 0.123363 -0.0961943 1 3.40806e-08 -2.73714e-08 -8.74228e-08 0.943312 -0.331908 0.156434 0.936722 -0.313177 0.309017 0.838042 -0.44966 0.891007 0.400043 -0.214647 0.809017 0.517938 -0.277905 0.951057 0.272296 -0.146103 0.987688 0.137845 -0.0739622 1 3.82024e-08 -2.1243e-08 -8.74228e-08 0.985726 -0.168357 0.156434 0.976175 -0.150366 0.309017 0.901981 -0.301562 0.891007 0.430564 -0.143952 0.809017 0.557455 -0.186376 0.951057 0.293071 -0.0979834 0.987688 0.148362 -0.0496024 1 4.12335e-08 -1.45081e-08 -8.74228e-08 1 -1.16027e-07 0.156434 0.987546 0.0167716 0.309017 0.939971 -0.144789 0.891007 0.448698 -0.0691156 0.809017 0.580934 -0.0894843 0.951057 0.305415 -0.0470447 0.987688 0.154611 -0.0238156 1 4.30875e-08 -7.35913e-09 -8.74228e-08 0.985354 0.170522 0.156434 0.970507 0.183427 0.309017 0.950919 0.0161496 0.891007 0.453925 0.00770906 0.809017 0.5877 0.00998099 0.951057 0.308972 0.00524731 0.987688 0.156412 0.00265636 1 4.37114e-08 -5.07169e-15 -8.74228e-08 0.941844 0.336049 0.156434 0.925548 0.344804 0.309017 0.934512 0.176624 0.891007 0.446093 0.0843119 0.809017 0.57756 0.109159 0.951057 0.303641 0.0573885 0.987688 0.153713 0.0290519 1 4.30712e-08 7.45375e-09 -8.74228e-08 0.870746 0.491733 0.156434 0.853962 0.496263 0.309017 0.89122 0.332016 0.891007 0.425427 0.158489 0.809017 0.550804 0.205197 0.951057 0.289575 0.107879 0.987688 0.146592 0.0546116 1 4.11693e-08 1.46892e-08 -8.74228e-08 0.774142 0.633013 0.156434 0.75781 0.633445 0.309017 0.82229 0.477857 0.891007 0.392523 0.228107 0.951057 0.267178 0.155265 0.987688 0.135254 0.0786003 1 3.80615e-08 2.14943e-08 0.156434 0.639857 0.752404 -8.74228e-08 0.654861 0.75575 0.309017 0.729704 0.609951 0.951057 0.237095 0.198185 0.987688 0.120025 0.100328 1 3.38388e-08 2.76699e-08 0.309017 0.616125 0.724499 0.809017 0.299637 0.505677 0.951057 0.200191 0.235404 0.987688 0.101343 0.119169 1 2.86249e-08 3.30349e-08 0.587785 0.412414 0.696005 0.309017 0.484822 0.818203 0.707107 0.360463 0.608331 0.951057 0.157528 0.26585 0.987688 0.079746 0.134582 1 2.25725e-08 3.74322e-08 -8.74228e-08 0.198591 0.980083 0.707107 0.25247 0.660499 0.309017 0.339571 0.888369 0.809017 0.209866 0.549042 0.891007 0.0115628 0.453843 1 1.58588e-08 4.07331e-08 -8.74228e-08 0.0285562 0.999592 0.587785 0.156989 0.793639 0.453991 0.172899 0.87407 0.309017 0.184552 0.932979 0.707107 0.137214 0.693666 0.809017 0.114059 0.576612 1 8.68067e-09 4.28408e-08 0.453991 -0.128165 0.881741 0.453991 0.0226938 0.890717 0.587785 0.0206055 0.808755 0.707107 0.0180096 0.706877 0.809017 0.0149708 0.587595 1 1.24823e-09 4.36936e-08 0.587785 -0.116371 0.800604 0.707107 -0.101712 0.699753 0.809017 -0.0845486 0.581673 0.891007 -0.0653032 0.449269 0.951057 -0.0444498 0.305803 0 0.945817 0.324699 0 0.985616 0.169001 0 0.942877 0.33314 0 1 -1.74846e-07 0 0.986361 0.164595 0 1 3.01992e-07 0 0.778036 0.62822 0 0.660675 0.750672 0 0.677282 0.735724 0 0.789141 0.614213 0 0.879474 0.475947 0 0.873014 0.487695 0 0.245485 0.9694 0 0.372856 0.927889 0 0.210679 0.977555 0 0.401695 0.915773 0 0.546948 0.837166 0 0.524307 0.851529 0 -0.292823 0.956167 0 -0.245486 0.9694 0 -0.127018 0.9919 0 0.0424415 0.999099 0 -0.0825794 0.996584 0 0.0825794 0.996584 0 -0.594633 0.803997 0 -0.721956 0.691939 0 -0.677282 0.735724 0 -0.401695 0.915773 0 -0.450204 0.892926 0 -0.546948 0.837167 0 -0.945817 0.324699 0 -0.911228 0.411901 0 -0.967733 0.251978 0 -0.879474 0.475947 0 -0.78914 0.614213 0 -0.82851 0.559975 -0 -0.967733 -0.251978 -0 -0.986361 -0.164595 -0 -0.996397 -0.0848059 0 -0.996397 0.0848059 0 -1 8.74228e-08 0 -0.986361 0.164595 -0 -0.82851 -0.559975 -0 -0.721956 -0.691939 -0 -0.78914 -0.614213 -0 -0.945817 -0.324699 -0 -0.911229 -0.411901 -0 -0.879474 -0.475947 -0 -0.401695 -0.915773 -0 -0.450204 -0.892926 -0 -0.292823 -0.956167 -0 -0.546948 -0.837166 -0 -0.677282 -0.735724 -0 -0.594633 -0.803997 0 0.0825794 -0.996584 -0 -0.0825792 -0.996584 0 0.0424412 -0.999099 -0 -0.127018 -0.9919 -0 -0.245485 -0.9694 0 0.210679 -0.977555 0 0.372856 -0.927889 0 0.245485 -0.9694 0 0.524307 -0.851529 0 0.401695 -0.915773 0 0.546948 -0.837166 0 0.660675 -0.750672 0 0.778036 -0.62822 0 0.677282 -0.735724 0 0.873014 -0.487695 0 0.789141 -0.614213 0 0.879474 -0.475947 0 0.942877 -0.33314 0 0.985616 -0.169001 0 0.945817 -0.324699 0 0.986361 -0.164595 0.857167 -0.515038 -9.00521e-08 0.857167 -0.515038 -9.00521e-08 0.857167 -0.508014 0.0847725 0.857167 -0.508014 -0.0847725 0.857167 -0.452963 0.245131 0.857167 -0.487132 0.167233 0.857167 -0.348826 0.378926 0.857167 -0.406437 0.316343 0.857167 -0.206888 0.471658 0.857167 -0.281699 0.431173 0.857167 -0.0425315 0.513279 0.857167 -0.126434 0.499278 0.857167 0.126434 0.499278 0.857167 0.0425315 0.513279 0.857167 0.281699 0.431173 0.857167 0.206888 0.471658 0.857167 0.406437 0.316343 0.857167 0.348826 0.378926 0.857167 0.487132 0.167233 0.857167 0.452962 0.245131 0.857167 0.515038 4.50261e-08 0.857167 0.508014 0.0847723 0.857167 0.508014 -0.0847725 0.857167 0.452962 -0.245131 0.857167 0.487132 -0.167233 0.857167 0.348826 -0.378926 0.857167 0.406437 -0.316343 0.857167 0.206888 -0.471658 0.857167 0.281699 -0.431173 0.857167 0.0425315 -0.513279 0.857167 0.126434 -0.499278 0.857167 -0.126434 -0.499278 0.857167 -0.0425315 -0.513279 0.857167 -0.281699 -0.431173 0.857167 -0.206888 -0.471658 0.857167 -0.406437 -0.316343 0.857167 -0.348826 -0.378926 0.857167 -0.487132 -0.167233 0.857167 -0.452962 -0.245131 0 -0.0825794 0.996584 0 0.0825794 0.996584 0 0.0825794 0.996584 0 -1 8.74228e-08 -0 -0.986361 -0.164595 0 -1 8.74228e-08 0 0.245485 0.9694 0 0.245486 0.9694 0 0.401695 0.915773 0 0.401695 0.915773 0 0.546948 0.837166 0 0.546948 0.837166 0 0.677282 0.735724 0 0.677282 0.735724 0 0.78914 0.614213 0 0.789141 0.614213 0 0.879474 0.475947 0 0.879474 0.475948 0 0.945817 0.324699 0 0.945817 0.3247 0 0.986361 0.164595 0 0.986361 0.164595 0 1 -1.74846e-07 0 1 3.01992e-07 0 -0.0825794 0.996584 0 -0.245486 0.9694 0 -0.245486 0.9694 0 -0.401695 0.915773 0 -0.401695 0.915773 0 -0.546948 0.837167 0 -0.546948 0.837167 0 -0.677282 0.735724 0 -0.677282 0.735724 0 -0.78914 0.614213 0 -0.78914 0.614213 0 -0.879474 0.475947 0 -0.879474 0.475947 0 -0.945817 0.324699 0 -0.945817 0.324699 0 -0.986361 0.164595 0 -0.986361 0.164595 -0 -0.945817 -0.3247 -0 -0.945817 -0.324699 -0 -0.986361 -0.164595 -0 -0.677282 -0.735724 -0 -0.677282 -0.735724 -0 -0.789141 -0.614213 -0 -0.879474 -0.475947 -0 -0.78914 -0.614213 -0 -0.879474 -0.475947 -0 -0.401695 -0.915773 -0 -0.245485 -0.9694 -0 -0.245485 -0.9694 -0 -0.546948 -0.837166 -0 -0.546948 -0.837166 -0 -0.401695 -0.915773 0 0.245485 -0.9694 0 0.0825794 -0.996584 0 0.245485 -0.9694 0 0.0825794 -0.996584 -0 -0.0825792 -0.996584 -0 -0.0825794 -0.996584 0 0.677282 -0.735724 0 0.677282 -0.735724 0 0.546948 -0.837166 0 0.401695 -0.915773 0 0.546948 -0.837166 0 0.401695 -0.915773 0 0.879474 -0.475947 0 0.789141 -0.614213 0 0.789141 -0.614213 0 0.879474 -0.475947 0 0.945817 -0.324699 0 0.945817 -0.324699 0 0.986361 -0.164595 0 0.986361 -0.164595 0.857167 -0.515038 -9.00521e-08 0.857167 -0.515038 -9.00521e-08 0.857167 -0.508014 0.0847725 0.857167 -0.508014 -0.0847725 0.857167 -0.452963 0.245131 0.857167 -0.487132 0.167233 0.857167 -0.348826 0.378926 0.857167 -0.406437 0.316343 0.857167 -0.206888 0.471658 0.857167 -0.281699 0.431173 0.857167 -0.0425315 0.513279 0.857167 -0.126434 0.499278 0.857167 0.126434 0.499278 0.857167 0.0425315 0.513279 0.857167 0.281699 0.431173 0.857167 0.206888 0.471658 0.857167 0.406437 0.316343 0.857167 0.348826 0.378926 0.857167 0.487132 0.167233 0.857167 0.452962 0.245131 0.857167 0.515038 4.50261e-08 0.857167 0.508014 0.0847723 0.857167 0.508014 -0.0847725 0.857167 0.452962 -0.245131 0.857167 0.487132 -0.167233 0.857167 0.348826 -0.378926 0.857167 0.406437 -0.316343 0.857167 0.206888 -0.471658 0.857167 0.281699 -0.431173 0.857167 0.0425315 -0.513279 0.857167 0.126434 -0.499278 0.857167 -0.126434 -0.499278 0.857167 -0.0425315 -0.513279 0.857167 -0.281699 -0.431173 0.857167 -0.206888 -0.471658 0.857167 -0.406437 -0.316343 0.857167 -0.348826 -0.378926 0.857167 -0.487132 -0.167233 0.857167 -0.452962 -0.245131 0 -0.0825794 0.996584 0 0.0825794 0.996584 0 0.0825794 0.996584 0 -1 8.74228e-08 -0 -0.986361 -0.164595 0 -1 8.74228e-08 0 0.245485 0.9694 0 0.245486 0.9694 0 0.401695 0.915773 0 0.401695 0.915773 0 0.546948 0.837166 0 0.546948 0.837166 0 0.677282 0.735724 0 0.677282 0.735724 0 0.78914 0.614213 0 0.789141 0.614213 0 0.879474 0.475947 0 0.879474 0.475948 0 0.945817 0.324699 0 0.945817 0.3247 0 0.986361 0.164595 0 0.986361 0.164595 0 1 -1.74846e-07 0 1 3.01992e-07 0 -0.0825794 0.996584 0 -0.245486 0.9694 0 -0.245486 0.9694 0 -0.401695 0.915773 0 -0.401695 0.915773 0 -0.546948 0.837167 0 -0.546948 0.837167 0 -0.677282 0.735724 0 -0.677282 0.735724 0 -0.78914 0.614213 0 -0.78914 0.614213 0 -0.879474 0.475947 0 -0.879474 0.475947 0 -0.945817 0.324699 0 -0.945817 0.324699 0 -0.986361 0.164595 0 -0.986361 0.164595 -0 -0.945817 -0.3247 -0 -0.945817 -0.324699 -0 -0.986361 -0.164595 -0 -0.677282 -0.735724 -0 -0.677282 -0.735724 -0 -0.789141 -0.614213 -0 -0.879474 -0.475947 -0 -0.78914 -0.614213 -0 -0.879474 -0.475947 -0 -0.401695 -0.915773 -0 -0.245485 -0.9694 -0 -0.245485 -0.9694 -0 -0.546948 -0.837166 -0 -0.546948 -0.837166 -0 -0.401695 -0.915773 0 0.245485 -0.9694 0 0.0825794 -0.996584 0 0.245485 -0.9694 0 0.0825794 -0.996584 -0 -0.0825792 -0.996584 -0 -0.0825794 -0.996584 0 0.677282 -0.735724 0 0.677282 -0.735724 0 0.546948 -0.837166 0 0.401695 -0.915773 0 0.546948 -0.837166 0 0.401695 -0.915773 0 0.879474 -0.475947 0 0.789141 -0.614213 0 0.789141 -0.614213 0 0.879474 -0.475947 0 0.945817 -0.324699 0 0.945817 -0.324699 0 0.986361 -0.164595 0 0.986361 -0.164595 0.857167 -0.515038 -9.00521e-08 0.857167 -0.515038 -9.00521e-08 0.857167 -0.508014 0.0847725 0.857167 -0.508014 -0.0847725 0.857167 -0.452963 0.245131 0.857167 -0.487132 0.167233 0.857167 -0.348826 0.378926 0.857167 -0.406437 0.316343 0.857167 -0.206888 0.471658 0.857167 -0.281699 0.431173 0.857167 -0.0425315 0.513279 0.857167 -0.126434 0.499278 0.857167 0.126434 0.499278 0.857167 0.0425315 0.513279 0.857167 0.281699 0.431173 0.857167 0.206888 0.471658 0.857167 0.406437 0.316343 0.857167 0.348826 0.378926 0.857167 0.487132 0.167233 0.857167 0.452962 0.245131 0.857167 0.515038 4.50261e-08 0.857167 0.508014 0.0847723 0.857167 0.508014 -0.0847725 0.857167 0.452962 -0.245131 0.857167 0.487132 -0.167233 0.857167 0.348826 -0.378926 0.857167 0.406437 -0.316343 0.857167 0.206888 -0.471658 0.857167 0.281699 -0.431173 0.857167 0.0425315 -0.513279 0.857167 0.126434 -0.499278 0.857167 -0.126434 -0.499278 0.857167 -0.0425315 -0.513279 0.857167 -0.281699 -0.431173 0.857167 -0.206888 -0.471658 0.857167 -0.406437 -0.316343 0.857167 -0.348826 -0.378926 0.857167 -0.487132 -0.167233 0.857167 -0.452962 -0.245131 0 -0.0825794 0.996584 0 0.0825794 0.996584 0 0.0825794 0.996584 0 -1 8.74228e-08 -0 -0.986361 -0.164595 0 -1 8.74228e-08 0 0.245485 0.9694 0 0.245486 0.9694 0 0.401695 0.915773 0 0.401695 0.915773 0 0.546948 0.837166 0 0.546948 0.837166 0 0.677282 0.735724 0 0.677282 0.735724 0 0.78914 0.614213 0 0.789141 0.614213 0 0.879474 0.475947 0 0.879474 0.475948 0 0.945817 0.324699 0 0.945817 0.3247 0 0.986361 0.164595 0 0.986361 0.164595 0 1 -1.74846e-07 0 1 3.01992e-07 0 -0.0825794 0.996584 0 -0.245486 0.9694 0 -0.245486 0.9694 0 -0.401695 0.915773 0 -0.401695 0.915773 0 -0.546948 0.837167 0 -0.546948 0.837167 0 -0.677282 0.735724 0 -0.677282 0.735724 0 -0.78914 0.614213 0 -0.78914 0.614213 0 -0.879474 0.475947 0 -0.879474 0.475947 0 -0.945817 0.324699 0 -0.945817 0.324699 0 -0.986361 0.164595 0 -0.986361 0.164595 -0 -0.945817 -0.3247 -0 -0.945817 -0.324699 -0 -0.986361 -0.164595 -0 -0.677282 -0.735724 -0 -0.677282 -0.735724 -0 -0.789141 -0.614213 -0 -0.879474 -0.475947 -0 -0.78914 -0.614213 -0 -0.879474 -0.475947 -0 -0.401695 -0.915773 -0 -0.245485 -0.9694 -0 -0.245485 -0.9694 -0 -0.546948 -0.837166 -0 -0.546948 -0.837166 -0 -0.401695 -0.915773 0 0.245485 -0.9694 0 0.0825794 -0.996584 0 0.245485 -0.9694 0 0.0825794 -0.996584 -0 -0.0825792 -0.996584 -0 -0.0825794 -0.996584 0 0.677282 -0.735724 0 0.677282 -0.735724 0 0.546948 -0.837166 0 0.401695 -0.915773 0 0.546948 -0.837166 0 0.401695 -0.915773 0 0.879474 -0.475947 0 0.789141 -0.614213 0 0.789141 -0.614213 0 0.879474 -0.475947 0 0.945817 -0.324699 0 0.945817 -0.324699 0 0.986361 -0.164595 0 0.986361 -0.164595 0.857167 -0.515038 -9.00521e-08 0.857167 -0.515038 -9.00521e-08 0.857167 -0.508014 0.0847725 0.857167 -0.508014 -0.0847725 0.857167 -0.452963 0.245131 0.857167 -0.487132 0.167233 0.857167 -0.348826 0.378926 0.857167 -0.406437 0.316343 0.857167 -0.206888 0.471658 0.857167 -0.281699 0.431173 0.857167 -0.0425315 0.513279 0.857167 -0.126434 0.499278 0.857167 0.126434 0.499278 0.857167 0.0425315 0.513279 0.857167 0.281699 0.431173 0.857167 0.206888 0.471658 0.857167 0.406437 0.316343 0.857167 0.348826 0.378926 0.857167 0.487132 0.167233 0.857167 0.452962 0.245131 0.857167 0.515038 4.50261e-08 0.857167 0.508014 0.0847723 0.857167 0.508014 -0.0847725 0.857167 0.452962 -0.245131 0.857167 0.487132 -0.167233 0.857167 0.348826 -0.378926 0.857167 0.406437 -0.316343 0.857167 0.206888 -0.471658 0.857167 0.281699 -0.431173 0.857167 0.0425315 -0.513279 0.857167 0.126434 -0.499278 0.857167 -0.126434 -0.499278 0.857167 -0.0425315 -0.513279 0.857167 -0.281699 -0.431173 0.857167 -0.206888 -0.471658 0.857167 -0.406437 -0.316343 0.857167 -0.348826 -0.378926 0.857167 -0.487132 -0.167233 0.857167 -0.452962 -0.245131 0 -0.0825794 0.996584 0 0.0825794 0.996584 0 0.0825794 0.996584 0 -1 8.74228e-08 -0 -0.986361 -0.164595 0 -1 8.74228e-08 0 0.245485 0.9694 0 0.245486 0.9694 0 0.401695 0.915773 0 0.401695 0.915773 0 0.546948 0.837166 0 0.546948 0.837166 0 0.677282 0.735724 0 0.677282 0.735724 0 0.78914 0.614213 0 0.789141 0.614213 0 0.879474 0.475947 0 0.879474 0.475948 0 0.945817 0.324699 0 0.945817 0.3247 0 0.986361 0.164595 0 0.986361 0.164595 0 1 -1.74846e-07 0 1 3.01992e-07 0 -0.0825794 0.996584 0 -0.245486 0.9694 0 -0.245486 0.9694 0 -0.401695 0.915773 0 -0.401695 0.915773 0 -0.546948 0.837167 0 -0.546948 0.837167 0 -0.677282 0.735724 0 -0.677282 0.735724 0 -0.78914 0.614213 0 -0.78914 0.614213 0 -0.879474 0.475947 0 -0.879474 0.475947 0 -0.945817 0.324699 0 -0.945817 0.324699 0 -0.986361 0.164595 0 -0.986361 0.164595 -0 -0.945817 -0.3247 -0 -0.945817 -0.324699 -0 -0.986361 -0.164595 -0 -0.677282 -0.735724 -0 -0.677282 -0.735724 -0 -0.789141 -0.614213 -0 -0.879474 -0.475947 -0 -0.78914 -0.614213 -0 -0.879474 -0.475947 -0 -0.401695 -0.915773 -0 -0.245485 -0.9694 -0 -0.245485 -0.9694 -0 -0.546948 -0.837166 -0 -0.546948 -0.837166 -0 -0.401695 -0.915773 0 0.245485 -0.9694 0 0.0825794 -0.996584 0 0.245485 -0.9694 0 0.0825794 -0.996584 -0 -0.0825792 -0.996584 -0 -0.0825794 -0.996584 0 0.677282 -0.735724 0 0.677282 -0.735724 0 0.546948 -0.837166 0 0.401695 -0.915773 0 0.546948 -0.837166 0 0.401695 -0.915773 0 0.879474 -0.475947 0 0.789141 -0.614213 0 0.789141 -0.614213 0 0.879474 -0.475947 0 0.945817 -0.324699 0 0.945817 -0.324699 0 0.986361 -0.164595 0 0.986361 -0.164595 0.857167 -0.515038 -9.00521e-08 0.857167 -0.515038 -9.00521e-08 0.857167 -0.508014 0.0847725 0.857167 -0.508014 -0.0847725 0.857167 -0.452963 0.245131 0.857167 -0.487132 0.167233 0.857167 -0.348826 0.378926 0.857167 -0.406437 0.316343 0.857167 -0.206888 0.471658 0.857167 -0.281699 0.431173 0.857167 -0.0425315 0.513279 0.857167 -0.126434 0.499278 0.857167 0.126434 0.499278 0.857167 0.0425315 0.513279 0.857167 0.281699 0.431173 0.857167 0.206888 0.471658 0.857167 0.406437 0.316343 0.857167 0.348826 0.378926 0.857167 0.487132 0.167233 0.857167 0.452962 0.245131 0.857167 0.515038 4.50261e-08 0.857167 0.508014 0.0847723 0.857167 0.508014 -0.0847725 0.857167 0.452962 -0.245131 0.857167 0.487132 -0.167233 0.857167 0.348826 -0.378926 0.857167 0.406437 -0.316343 0.857167 0.206888 -0.471658 0.857167 0.281699 -0.431173 0.857167 0.0425315 -0.513279 0.857167 0.126434 -0.499278 0.857167 -0.126434 -0.499278 0.857167 -0.0425315 -0.513279 0.857167 -0.281699 -0.431173 0.857167 -0.206888 -0.471658 0.857167 -0.406437 -0.316343 0.857167 -0.348826 -0.378926 0.857167 -0.487132 -0.167233 0.857167 -0.452962 -0.245131 0 -0.0825794 0.996584 0 0.0825794 0.996584 0 0.0825794 0.996584 0 -1 8.74228e-08 -0 -0.986361 -0.164595 0 -1 8.74228e-08 0 0.245485 0.9694 0 0.245486 0.9694 0 0.401695 0.915773 0 0.401695 0.915773 0 0.546948 0.837166 0 0.546948 0.837166 0 0.677282 0.735724 0 0.677282 0.735724 0 0.78914 0.614213 0 0.789141 0.614213 0 0.879474 0.475947 0 0.879474 0.475948 0 0.945817 0.324699 0 0.945817 0.3247 0 0.986361 0.164595 0 0.986361 0.164595 0 1 -1.74846e-07 0 1 3.01992e-07 0 -0.0825794 0.996584 0 -0.245486 0.9694 0 -0.245486 0.9694 0 -0.401695 0.915773 0 -0.401695 0.915773 0 -0.546948 0.837167 0 -0.546948 0.837167 0 -0.677282 0.735724 0 -0.677282 0.735724 0 -0.78914 0.614213 0 -0.78914 0.614213 0 -0.879474 0.475947 0 -0.879474 0.475947 0 -0.945817 0.324699 0 -0.945817 0.324699 0 -0.986361 0.164595 0 -0.986361 0.164595 -0 -0.945817 -0.3247 -0 -0.945817 -0.324699 -0 -0.986361 -0.164595 -0 -0.677282 -0.735724 -0 -0.677282 -0.735724 -0 -0.789141 -0.614213 -0 -0.879474 -0.475947 -0 -0.78914 -0.614213 -0 -0.879474 -0.475947 -0 -0.401695 -0.915773 -0 -0.245485 -0.9694 -0 -0.245485 -0.9694 -0 -0.546948 -0.837166 -0 -0.546948 -0.837166 -0 -0.401695 -0.915773 0 0.245485 -0.9694 0 0.0825794 -0.996584 0 0.245485 -0.9694 0 0.0825794 -0.996584 -0 -0.0825792 -0.996584 -0 -0.0825794 -0.996584 0 0.677282 -0.735724 0 0.677282 -0.735724 0 0.546948 -0.837166 0 0.401695 -0.915773 0 0.546948 -0.837166 0 0.401695 -0.915773 0 0.879474 -0.475947 0 0.789141 -0.614213 0 0.789141 -0.614213 0 0.879474 -0.475947 0 0.945817 -0.324699 0 0.945817 -0.324699 0 0.986361 -0.164595 0 0.986361 -0.164595 0.857167 -0.515038 -9.00521e-08 0.857167 -0.515038 -9.00521e-08 0.857167 -0.508014 0.0847725 0.857167 -0.508014 -0.0847725 0.857167 -0.452963 0.245131 0.857167 -0.487132 0.167233 0.857167 -0.348826 0.378926 0.857167 -0.406437 0.316343 0.857167 -0.206888 0.471658 0.857167 -0.281699 0.431173 0.857167 -0.0425315 0.513279 0.857167 -0.126434 0.499278 0.857167 0.126434 0.499278 0.857167 0.0425315 0.513279 0.857167 0.281699 0.431173 0.857167 0.206888 0.471658 0.857167 0.406437 0.316343 0.857167 0.348826 0.378926 0.857167 0.487132 0.167233 0.857167 0.452962 0.245131 0.857167 0.515038 4.50261e-08 0.857167 0.508014 0.0847723 0.857167 0.508014 -0.0847725 0.857167 0.452962 -0.245131 0.857167 0.487132 -0.167233 0.857167 0.348826 -0.378926 0.857167 0.406437 -0.316343 0.857167 0.206888 -0.471658 0.857167 0.281699 -0.431173 0.857167 0.0425315 -0.513279 0.857167 0.126434 -0.499278 0.857167 -0.126434 -0.499278 0.857167 -0.0425315 -0.513279 0.857167 -0.281699 -0.431173 0.857167 -0.206888 -0.471658 0.857167 -0.406437 -0.316343 0.857167 -0.348826 -0.378926 0.857167 -0.487132 -0.167233 0.857167 -0.452962 -0.245131 0 -0.0825794 0.996584 0 0.0825794 0.996584 0 0.0825794 0.996584 0 -1 8.74228e-08 -0 -0.986361 -0.164595 0 -1 8.74228e-08 0 0.245485 0.9694 0 0.245486 0.9694 0 0.401695 0.915773 0 0.401695 0.915773 0 0.546948 0.837166 0 0.546948 0.837166 0 0.677282 0.735724 0 0.677282 0.735724 0 0.78914 0.614213 0 0.789141 0.614213 0 0.879474 0.475947 0 0.879474 0.475948 0 0.945817 0.324699 0 0.945817 0.3247 0 0.986361 0.164595 0 0.986361 0.164595 0 1 -1.74846e-07 0 1 3.01992e-07 0 -0.0825794 0.996584 0 -0.245486 0.9694 0 -0.245486 0.9694 0 -0.401695 0.915773 0 -0.401695 0.915773 0 -0.546948 0.837167 0 -0.546948 0.837167 0 -0.677282 0.735724 0 -0.677282 0.735724 0 -0.78914 0.614213 0 -0.78914 0.614213 0 -0.879474 0.475947 0 -0.879474 0.475947 0 -0.945817 0.324699 0 -0.945817 0.324699 0 -0.986361 0.164595 0 -0.986361 0.164595 -0 -0.945817 -0.3247 -0 -0.945817 -0.324699 -0 -0.986361 -0.164595 -0 -0.677282 -0.735724 -0 -0.677282 -0.735724 -0 -0.789141 -0.614213 -0 -0.879474 -0.475947 -0 -0.78914 -0.614213 -0 -0.879474 -0.475947 -0 -0.401695 -0.915773 -0 -0.245485 -0.9694 -0 -0.245485 -0.9694 -0 -0.546948 -0.837166 -0 -0.546948 -0.837166 -0 -0.401695 -0.915773 0 0.245485 -0.9694 0 0.0825794 -0.996584 0 0.245485 -0.9694 0 0.0825794 -0.996584 -0 -0.0825792 -0.996584 -0 -0.0825794 -0.996584 0 0.677282 -0.735724 0 0.677282 -0.735724 0 0.546948 -0.837166 0 0.401695 -0.915773 0 0.546948 -0.837166 0 0.401695 -0.915773 0 0.879474 -0.475947 0 0.789141 -0.614213 0 0.789141 -0.614213 0 0.879474 -0.475947 0 0.945817 -0.324699 0 0.945817 -0.324699 0 0.986361 -0.164595 0 0.986361 -0.164595 0.857167 -0.515038 -9.00521e-08 0.857167 -0.515038 -9.00521e-08 0.857167 -0.508014 0.0847725 0.857167 -0.508014 -0.0847725 0.857167 -0.452963 0.245131 0.857167 -0.487132 0.167233 0.857167 -0.348826 0.378926 0.857167 -0.406437 0.316343 0.857167 -0.206888 0.471658 0.857167 -0.281699 0.431173 0.857167 -0.0425315 0.513279 0.857167 -0.126434 0.499278 0.857167 0.126434 0.499278 0.857167 0.0425315 0.513279 0.857167 0.281699 0.431173 0.857167 0.206888 0.471658 0.857167 0.406437 0.316343 0.857167 0.348826 0.378926 0.857167 0.487132 0.167233 0.857167 0.452962 0.245131 0.857167 0.515038 4.50261e-08 0.857167 0.508014 0.0847723 0.857167 0.508014 -0.0847725 0.857167 0.452962 -0.245131 0.857167 0.487132 -0.167233 0.857167 0.348826 -0.378926 0.857167 0.406437 -0.316343 0.857167 0.206888 -0.471658 0.857167 0.281699 -0.431173 0.857167 0.0425315 -0.513279 0.857167 0.126434 -0.499278 0.857167 -0.126434 -0.499278 0.857167 -0.0425315 -0.513279 0.857167 -0.281699 -0.431173 0.857167 -0.206888 -0.471658 0.857167 -0.406437 -0.316343 0.857167 -0.348826 -0.378926 0.857167 -0.487132 -0.167233 0.857167 -0.452962 -0.245131 0 -0.0825794 0.996584 0 0.0825794 0.996584 0 0.0825794 0.996584 0 -1 8.74228e-08 -0 -0.986361 -0.164595 0 -1 8.74228e-08 0 0.245485 0.9694 0 0.245486 0.9694 0 0.401695 0.915773 0 0.401695 0.915773 0 0.546948 0.837166 0 0.546948 0.837166 0 0.677282 0.735724 0 0.677282 0.735724 0 0.78914 0.614213 0 0.789141 0.614213 0 0.879474 0.475947 0 0.879474 0.475948 0 0.945817 0.324699 0 0.945817 0.3247 0 0.986361 0.164595 0 0.986361 0.164595 0 1 -1.74846e-07 0 1 3.01992e-07 0 -0.0825794 0.996584 0 -0.245486 0.9694 0 -0.245486 0.9694 0 -0.401695 0.915773 0 -0.401695 0.915773 0 -0.546948 0.837167 0 -0.546948 0.837167 0 -0.677282 0.735724 0 -0.677282 0.735724 0 -0.78914 0.614213 0 -0.78914 0.614213 0 -0.879474 0.475947 0 -0.879474 0.475947 0 -0.945817 0.324699 0 -0.945817 0.324699 0 -0.986361 0.164595 0 -0.986361 0.164595 -0 -0.945817 -0.3247 -0 -0.945817 -0.324699 -0 -0.986361 -0.164595 -0 -0.677282 -0.735724 -0 -0.677282 -0.735724 -0 -0.789141 -0.614213 -0 -0.879474 -0.475947 -0 -0.78914 -0.614213 -0 -0.879474 -0.475947 -0 -0.401695 -0.915773 -0 -0.245485 -0.9694 -0 -0.245485 -0.9694 -0 -0.546948 -0.837166 -0 -0.546948 -0.837166 -0 -0.401695 -0.915773 0 0.245485 -0.9694 0 0.0825794 -0.996584 0 0.245485 -0.9694 0 0.0825794 -0.996584 -0 -0.0825792 -0.996584 -0 -0.0825794 -0.996584 0 0.677282 -0.735724 0 0.677282 -0.735724 0 0.546948 -0.837166 0 0.401695 -0.915773 0 0.546948 -0.837166 0 0.401695 -0.915773 0 0.879474 -0.475947 0 0.789141 -0.614213 0 0.789141 -0.614213 0 0.879474 -0.475947 0 0.945817 -0.324699 0 0.945817 -0.324699 0 0.986361 -0.164595 0 0.986361 -0.164595 0.857167 -0.515038 -9.00521e-08 0.857167 -0.515038 -9.00521e-08 0.857167 -0.508014 0.0847725 0.857167 -0.508014 -0.0847725 0.857167 -0.452963 0.245131 0.857167 -0.487132 0.167233 0.857167 -0.348826 0.378926 0.857167 -0.406437 0.316343 0.857167 -0.206888 0.471658 0.857167 -0.281699 0.431173 0.857167 -0.0425315 0.513279 0.857167 -0.126434 0.499278 0.857167 0.126434 0.499278 0.857167 0.0425315 0.513279 0.857167 0.281699 0.431173 0.857167 0.206888 0.471658 0.857167 0.406437 0.316343 0.857167 0.348826 0.378926 0.857167 0.487132 0.167233 0.857167 0.452962 0.245131 0.857167 0.515038 4.50261e-08 0.857167 0.508014 0.0847723 0.857167 0.508014 -0.0847725 0.857167 0.452962 -0.245131 0.857167 0.487132 -0.167233 0.857167 0.348826 -0.378926 0.857167 0.406437 -0.316343 0.857167 0.206888 -0.471658 0.857167 0.281699 -0.431173 0.857167 0.0425315 -0.513279 0.857167 0.126434 -0.499278 0.857167 -0.126434 -0.499278 0.857167 -0.0425315 -0.513279 0.857167 -0.281699 -0.431173 0.857167 -0.206888 -0.471658 0.857167 -0.406437 -0.316343 0.857167 -0.348826 -0.378926 0.857167 -0.487132 -0.167233 0.857167 -0.452962 -0.245131 0.707107 -0.666715 0.235566 0.707107 -0.666715 0.235566 0.707107 -0.617314 0.344852 0.707107 -0.707107 -1.23634e-07 0.707107 -0.696936 0.119502 0.707107 -0.696936 0.119502 0.707107 -0.467168 0.530805 0.707107 -0.370741 0.602122 0.707107 -0.467167 0.530806 0.707107 -0.550155 0.444218 0.707107 -0.617314 0.344852 0.707107 -0.550154 0.444219 0.707107 -0.148973 0.691236 0.707107 -0.148973 0.691236 0.707107 -0.0300107 0.70647 0.707107 -0.263649 0.656117 0.707107 -0.370741 0.602122 0.707107 -0.263649 0.656117 0.707107 0.318342 0.631394 0.707107 0.207057 0.676112 0.707107 0.207057 0.676112 0.707107 0.0898151 0.70138 0.707107 0.0898151 0.70138 0.707107 -0.0300103 0.70647 0.707107 0.5105 0.489275 0.707107 0.585845 0.395962 0.707107 0.5105 0.489275 0.707107 0.318342 0.631394 0.707107 0.420469 0.568512 0.707107 0.420469 0.568512 0.707107 0.684291 0.178175 0.707107 0.684291 0.178175 0.707107 0.704559 0.0599668 0.707107 0.644336 0.291258 0.707107 0.585845 0.395962 0.707107 0.644336 0.291258 0.707107 0.644336 -0.291258 0.707107 0.684291 -0.178175 0.707107 0.684291 -0.178175 0.707107 0.704559 -0.0599669 0.707107 0.704559 -0.0599669 0.707107 0.704559 0.0599668 0.707107 0.5105 -0.489275 0.707107 0.420469 -0.568512 0.707107 0.5105 -0.489275 0.707107 0.644336 -0.291258 0.707107 0.585845 -0.395962 0.707107 0.585845 -0.395962 0.707107 0.207057 -0.676112 0.707107 0.207057 -0.676112 0.707107 0.0898151 -0.70138 0.707107 0.318342 -0.631394 0.707107 0.420469 -0.568512 0.707107 0.318342 -0.631394 0.707107 -0.0300105 -0.70647 0.707107 -0.0300105 -0.70647 0.707107 -0.148973 -0.691236 0.707107 0.0898152 -0.70138 0.707107 -0.263649 -0.656117 0.707107 -0.148973 -0.691236 0.707107 -0.370741 -0.602122 0.707107 -0.263649 -0.656117 0.707107 -0.370741 -0.602122 0.707107 -0.467168 -0.530805 0.707107 -0.550154 -0.444219 0.707107 -0.467168 -0.530805 0.707107 -0.617314 -0.344852 0.707107 -0.550154 -0.444219 0.707107 -0.617314 -0.344852 0.707107 -0.666715 -0.235565 0.707107 -0.696936 -0.119502 0.707107 -0.666715 -0.235565 0.707107 -0.707107 1.99068e-23 0.707107 -0.696936 -0.119502 0.707107 -0.0583925 -0.704692 0.707107 -0.0583925 -0.704692 0.707107 -0.173584 -0.68547 0.707107 0.707107 1.0677e-07 0.707107 0.707107 -6.18172e-08 0.707107 0.697463 -0.116386 0.707107 -0.284041 -0.64755 0.707107 -0.173585 -0.685469 0.707107 -0.284041 -0.64755 0.707107 -0.386751 -0.591966 0.707107 -0.386751 -0.591966 0.707107 -0.47891 -0.520235 0.707107 -0.558007 -0.434314 0.707107 -0.47891 -0.520235 0.707107 -0.558006 -0.434314 0.707107 -0.621882 -0.336545 0.707107 -0.621882 -0.336546 0.707107 -0.668794 -0.229597 0.707107 -0.697463 -0.116386 0.707107 -0.668794 -0.229597 0.707107 -0.697463 -0.116386 0.707107 -0.707107 1.23634e-07 0.707107 -0.707107 1.23634e-07 0.707107 0.0583924 -0.704692 0.707107 0.0583924 -0.704692 0.707107 0.173585 -0.685469 0.707107 0.173585 -0.685469 0.707107 0.284041 -0.64755 0.707107 0.386751 -0.591966 0.707107 0.284041 -0.64755 0.707107 0.386751 -0.591966 0.707107 0.47891 -0.520235 0.707107 0.47891 -0.520235 0.707107 0.558007 -0.434314 0.707107 0.621882 -0.336546 0.707107 0.558007 -0.434314 0.707107 0.621882 -0.336546 0.707107 0.668794 -0.229597 0.707107 0.668794 -0.229597 0.707107 0.697463 -0.116386 0.707107 0.668794 0.229597 0.707107 0.621882 0.336546 0.707107 0.668794 0.229597 0.707107 0.697463 0.116386 0.707107 0.697463 0.116386 0.707107 0.386751 0.591966 0.707107 0.47891 0.520235 0.707107 0.47891 0.520235 0.707107 0.558007 0.434314 0.707107 0.621882 0.336546 0.707107 0.558007 0.434314 0.707107 0.173584 0.68547 0.707107 0.173585 0.68547 0.707107 0.0583925 0.704692 0.707107 0.386751 0.591966 0.707107 0.284042 0.64755 0.707107 0.284042 0.64755 0.707107 -0.173584 0.68547 0.707107 -0.284042 0.64755 0.707107 -0.173584 0.68547 0.707107 -0.0583924 0.704692 0.707107 -0.0583924 0.704692 0.707107 0.0583924 0.704692 0.707107 -0.558007 0.434314 0.707107 -0.47891 0.520235 0.707107 -0.47891 0.520235 0.707107 -0.386751 0.591966 0.707107 -0.284042 0.64755 0.707107 -0.386751 0.591966 0.707107 -0.558007 0.434314 0.707107 -0.621882 0.336546 0.707107 -0.621882 0.336546 0.707107 -0.668794 0.229597 0.707107 -0.697463 0.116386 0.707107 -0.668794 0.229597 0.707107 -0.697463 0.116386 1 -1.11022e-16 0 1 -1.11022e-16 0 1 -1.11022e-16 0 1 -1.11022e-16 0 1 -1.11022e-16 0 1 -1.11022e-16 0 1 -1.11022e-16 0 1 -1.11022e-16 0 1 -1.11022e-16 0 1 -1.11022e-16 0 1 -1.11022e-16 0 1 -1.11022e-16 0 1 -1.11022e-16 0 1 -1.11022e-16 0 1 -1.11022e-16 0 1 -1.11022e-16 0 1 -1.11022e-16 0 1 -1.11022e-16 0 1 -1.11022e-16 0 1 -1.11022e-16 0 1 -1.11022e-16 0 1 -1.11022e-16 0 1 -1.11022e-16 0 1 -1.11022e-16 0 1 -1.11022e-16 0 1 -1.11022e-16 0 1 -1.11022e-16 0 1 -1.11022e-16 0 1 -1.11022e-16 0 1 -1.11022e-16 0 1 -1.11022e-16 0 1 -1.11022e-16 0 1 -1.11022e-16 0 1 -1.11022e-16 0 1 -1.11022e-16 0 1 -1.11022e-16 0 1 -1.11022e-16 0 -0 -0.985616 -0.169001 -0 -0.985354 -0.170522 -0 -1 -2.22045e-16 -0 -0.774142 -0.633012 -0 -0.870746 -0.491733 -0 -0.778036 -0.62822 -0 -0.941844 -0.336049 -0 -0.942877 -0.33314 -0 -0.873014 -0.487695 -0 -0.372857 -0.927889 -0 -0.362808 -0.931864 -0 -0.516397 -0.856349 -0 -0.660675 -0.750672 -0 -0.524307 -0.851529 -0 -0.654861 -0.75575 -0 -0.028556 -0.999592 0 0.127018 -0.9919 0 0.142315 -0.989821 -0 -0.19859 -0.980083 -0 -0.210679 -0.977555 -0 -0.0424412 -0.999099 0 0.607162 -0.794578 0 0.464723 -0.885456 0 0.594633 -0.803997 0 0.450204 -0.892926 0 0.309017 -0.951056 0 0.292823 -0.956167 0 0.911228 -0.411901 0 0.916792 -0.399365 0 0.83647 -0.548012 0 0.721956 -0.691939 0 0.82851 -0.559975 0 0.732269 -0.681016 0 0.997373 -0.072435 0 0.996397 0.0848059 0 0.995332 0.0965138 0 0.970942 -0.239316 0 0.967733 -0.251978 0 0.996397 -0.0848059 0 0.822984 0.568065 0 0.906874 0.421401 0 0.82851 0.559975 0 0.911228 0.411901 0 0.964876 0.262707 0 0.967733 0.251978 0 0.450204 0.892926 0 0.443191 0.896427 0 0.587785 0.809017 0 0.721956 0.691939 0 0.594633 0.803997 0 0.715599 0.698511 0 0.120537 0.992709 0 -0.042441 0.999099 0 -0.0483134 0.998832 0 0.285946 0.958246 0 0.292823 0.956167 0 0.127018 0.9919 0 -0.210679 0.977555 0 -0.215784 0.976441 0 -0.377095 0.926175 0 -0.372857 0.927889 0 -0.524307 0.851529 0 -0.52764 0.849468 0 -0.660675 0.750672 0 -0.663123 0.748511 0 -0.779674 0.626185 0 -0.778036 0.62822 0 -0.873014 0.487695 0 -0.873968 0.485983 0 -0.942877 0.33314 0 -0.943312 0.331908 0 -0.985726 0.168357 0 -0.985616 0.169001 0 -1 3.01992e-07 1 -1.11022e-16 0 1 -1.11022e-16 0 1 -1.11022e-16 0 1 -1.11022e-16 0 1 -1.11022e-16 0 1 -1.11022e-16 0 1 -1.11022e-16 0 1 -1.11022e-16 0 1 -1.11022e-16 0 1 -1.11022e-16 0 1 -1.11022e-16 0 1 -1.11022e-16 0 1 -1.11022e-16 0 1 -1.11022e-16 0 1 -1.11022e-16 0 1 -1.11022e-16 0 1 -1.11022e-16 0 1 -1.11022e-16 0 1 -1.11022e-16 0 1 -1.11022e-16 0 1 -1.11022e-16 0 1 -1.11022e-16 0 1 -1.11022e-16 0 1 -1.11022e-16 0 1 -1.11022e-16 0 1 -1.11022e-16 0 1 -1.11022e-16 0 1 -1.11022e-16 0 1 -1.11022e-16 0 1 -1.11022e-16 0 1 -1.11022e-16 0 1 -1.11022e-16 0 1 -1.11022e-16 0 1 -1.11022e-16 0 1 -1.11022e-16 0 1 -1.11022e-16 0 1 -1.11022e-16 0 1 -1.11022e-16 0 1 -1.11022e-16 0 1 -1.11022e-16 0 1 -1.11022e-16 0 1 -1.11022e-16 0 1 -1.11022e-16 0 1 -1.11022e-16 0 1 -1.11022e-16 0 1 -1.11022e-16 0 1 -1.11022e-16 0 1 -1.11022e-16 0 1 -1.11022e-16 0 1 -1.11022e-16 0 1 -1.11022e-16 0 1 -1.11022e-16 0 1 -1.11022e-16 0 1 -1.11022e-16 0 1 -1.11022e-16 0 1 -1.11022e-16 0 1 -1.11022e-16 0 1 -1.11022e-16 0 1 -1.11022e-16 0 1 -1.11022e-16 0 1 -1.11022e-16 0 1 -1.11022e-16 0 1 -1.11022e-16 0 1 -1.11022e-16 0 1 -1.11022e-16 0 1 -1.11022e-16 0 1 -1.11022e-16 0 1 -1.11022e-16 0 1 -1.11022e-16 0 1 -1.11022e-16 0 1 -1.11022e-16 0 1 -1.11022e-16 0 1 -1.11022e-16 0 1 -1.11022e-16 0 1 -1.11022e-16 0 1 -1.11022e-16 0 1 -1.11022e-16 0 1 -1.11022e-16 0 1 -1.11022e-16 0 1 -1.11022e-16 0 1 -1.11022e-16 0 1 -1.11022e-16 0 1 -1.11022e-16 0 1 -1.11022e-16 0 1 -1.11022e-16 0 1 -1.11022e-16 0 1 -1.11022e-16 0 1 -1.11022e-16 0 1 -1.11022e-16 0 1 -1.11022e-16 0 1 -1.11022e-16 0 1 -1.11022e-16 0 1 -1.11022e-16 0 1 -1.11022e-16 0 1 -1.11022e-16 0 1 -1.11022e-16 0 1 -1.11022e-16 0 1 -1.11022e-16 0 1 -1.11022e-16 0 1 -1.11022e-16 0 1 -1.11022e-16 0 1 -1.11022e-16 0 1 -1.11022e-16 0 1 -1.11022e-16 0 1 -1.11022e-16 0 1 -1.11022e-16 0 1 -1.11022e-16 0 1 -1.11022e-16 0 1 -1.11022e-16 0 1 -1.11022e-16 0 1 -1.11022e-16 0 1 -1.11022e-16 0 1 -1.11022e-16 0 1 -1.11022e-16 0 1 -1.11022e-16 0 1 -1.11022e-16 0 1 -1.11022e-16 0 1 -1.11022e-16 0 1 -1.11022e-16 0 1 -1.11022e-16 0 1 -1.11022e-16 0 1 -1.11022e-16 0 1 -1.11022e-16 0 1 -1.11022e-16 0 1 -1.11022e-16 0 1 -1.11022e-16 0 1 -1.11022e-16 0 1 -1.11022e-16 0 1 -1.11022e-16 0 1 -1.11022e-16 0 1 -1.11022e-16 0 1 -1.11022e-16 0 1 -1.11022e-16 0 1 -1.11022e-16 0 1 -1.11022e-16 0 1 -1.11022e-16 0 1 -1.11022e-16 0 1 -1.11022e-16 0 1 -1.11022e-16 0 1 -1.11022e-16 0 1 -1.11022e-16 0 1 -1.11022e-16 0 1 -1.11022e-16 0 1 -1.11022e-16 0 1 -1.11022e-16 0 1 -1.11022e-16 0 1 -1.11022e-16 0 1 -1.11022e-16 0 1 -1.11022e-16 0 1 -1.11022e-16 0 1 -1.11022e-16 0 1 -1.11022e-16 0 1 -1.11022e-16 0 1 -1.11022e-16 0 1 -1.11022e-16 0 1 -1.11022e-16 0 1 -1.11022e-16 0 1 -1.11022e-16 0 1 -1.11022e-16 0 1 -1.11022e-16 0 1 -1.11022e-16 0 1 -1.11022e-16 0 1 -1.11022e-16 0 1 -1.11022e-16 0 1 -1.11022e-16 0 1 -1.11022e-16 0 1 -1.11022e-16 0 1 -1.11022e-16 0 1 -1.11022e-16 0 1 -1.11022e-16 0 1 -1.11022e-16 0 1 -1.11022e-16 0 1 -1.11022e-16 0 1 -1.11022e-16 0 1 -1.11022e-16 0 1 -1.11022e-16 0 1 -1.11022e-16 0 1 -1.11022e-16 0 1 -1.11022e-16 0 1 -1.11022e-16 0 1 -1.11022e-16 0 1 -1.11022e-16 0 1 -1.11022e-16 0 1 -1.11022e-16 0 1 -1.11022e-16 0 1 -1.11022e-16 0 1 -1.11022e-16 0 1 -1.11022e-16 0 1 -1.11022e-16 0 1 -1.11022e-16 0 1 -1.11022e-16 0 1 -1.11022e-16 0 1 -1.11022e-16 0 1 -1.11022e-16 0 1 -1.11022e-16 0 1 -1.11022e-16 0 1 -1.11022e-16 0 1 -1.11022e-16 0 1 -1.11022e-16 0 1 -1.11022e-16 0 1 -1.11022e-16 0 1 -1.11022e-16 0 1 -1.11022e-16 0 1 -1.11022e-16 0 1 -1.11022e-16 0 1 -1.11022e-16 0 1 -1.11022e-16 0 1 -1.11022e-16 0 1 -1.11022e-16 0 1 -1.11022e-16 0 1 -1.11022e-16 0 1 -1.11022e-16 0 1 -1.11022e-16 0 1 -1.11022e-16 0 1 -1.11022e-16 0 1 -1.11022e-16 0 1 -1.11022e-16 0 1 -1.11022e-16 0 1 -1.11022e-16 0 1 -1.11022e-16 0 1 -1.11022e-16 0 1 -1.11022e-16 0 1 -1.11022e-16 0 1 -1.11022e-16 0 1 -1.11022e-16 0 1 -1.11022e-16 0 1 -1.11022e-16 0 1 -1.11022e-16 0 1 -1.11022e-16 0 1 -1.11022e-16 0 1 -1.11022e-16 0 1 -1.11022e-16 0 1 -1.11022e-16 0 1 -1.11022e-16 0 1 -1.11022e-16 0 1 -1.11022e-16 0 1 -1.11022e-16 0 1 -1.11022e-16 0 1 -1.11022e-16 0 1 -1.11022e-16 0 1 -1.11022e-16 0 1 -1.11022e-16 0 1 -1.11022e-16 0 1 -1.11022e-16 0 1 -1.11022e-16 0 1 -1.11022e-16 0 1 -1.11022e-16 0 1 -1.11022e-16 0 1 -1.11022e-16 0 1 -1.11022e-16 0 1 -1.11022e-16 0 1 -1.11022e-16 0 1 -1.11022e-16 0 1 -1.11022e-16 0 1 -1.11022e-16 0 1 -1.11022e-16 0 1 -1.11022e-16 0 1 -1.11022e-16 0 1 -1.11022e-16 0 1 -1.11022e-16 0 1 -1.11022e-16 0 1 -1.11022e-16 0 1 -1.11022e-16 0 1 -1.11022e-16 0 1 -1.11022e-16 0 1 -1.11022e-16 0 1 -1.11022e-16 0 1 -1.11022e-16 0 1 -1.11022e-16 0 1 -1.11022e-16 0 1 -1.11022e-16 0 1 -1.11022e-16 0 1 -1.11022e-16 0 1 -1.11022e-16 0 1 -1.11022e-16 0 1 -1.11022e-16 0 1 -1.11022e-16 0 1 -1.11022e-16 0 1 -1.11022e-16 0 1 -1.11022e-16 0 1 -1.11022e-16 0 1 -1.11022e-16 0 1 -1.11022e-16 0 1 -1.11022e-16 0 1 -1.11022e-16 0 1 -1.11022e-16 0 1 -1.11022e-16 0 1 -1.11022e-16 0 1 -1.11022e-16 0 1 -1.11022e-16 0 1 -1.11022e-16 0 1 -1.11022e-16 0 1 -1.11022e-16 0 1 -1.11022e-16 0 1 -1.11022e-16 0 1 -1.11022e-16 0 1 -1.11022e-16 0 1 -1.11022e-16 0 1 -1.11022e-16 0 1 -1.11022e-16 0 1 -1.11022e-16 0 1 -1.11022e-16 0 1 -1.11022e-16 0 1 -1.11022e-16 0 1 -1.11022e-16 0 1 -1.11022e-16 0 1 -1.11022e-16 0 1 -1.11022e-16 0 1 -1.11022e-16 0 1 -1.11022e-16 0 1 -1.11022e-16 0 1 -1.11022e-16 0 1 -1.11022e-16 0 1 -1.11022e-16 0 1 -1.11022e-16 0 1 -1.11022e-16 0 1 -1.11022e-16 0 1 -1.11022e-16 0 1 -1.11022e-16 0 1 -1.11022e-16 0 1 -1.11022e-16 0 1 -1.11022e-16 0 1 -1.11022e-16 0 1 -1.11022e-16 0 1 -1.11022e-16 0 1 -1.11022e-16 0 1 -1.11022e-16 0 1 -1.11022e-16 0 1 -1.11022e-16 0 1 -1.11022e-16 0 1 -1.11022e-16 0 1 -1.11022e-16 0 1 -1.11022e-16 0 1 -1.11022e-16 0 1 -1.11022e-16 0 1 -1.11022e-16 0 1 -1.11022e-16 0 1 -1.11022e-16 0 1 -1.11022e-16 0 1 -1.11022e-16 0 1 -1.11022e-16 0 1 -1.11022e-16 0 1 -1.11022e-16 0 1 -1.11022e-16 0 1 -1.11022e-16 0 1 -1.11022e-16 0 1 -1.11022e-16 0 1 -1.11022e-16 0 1 -1.11022e-16 0 1 -1.11022e-16 0 1 -1.11022e-16 0 1 -1.11022e-16 0 1 -1.11022e-16 0 1 -1.11022e-16 0 1 -1.11022e-16 0 1 -1.11022e-16 0 1 -1.11022e-16 0 1 -1.11022e-16 0 1 -1.11022e-16 0 1 -1.11022e-16 0 1 -1.11022e-16 0 1 -1.11022e-16 0 1 -1.11022e-16 0 1 -1.11022e-16 0 1 -1.11022e-16 0 1 -1.11022e-16 0 1 -1.11022e-16 0 1 -1.11022e-16 0 1 -1.11022e-16 0 1 -1.11022e-16 0 1 -1.11022e-16 0 1 -1.11022e-16 0 1 -1.11022e-16 0 1 -1.11022e-16 0 1 -1.11022e-16 0 1 -1.11022e-16 0 1 -1.11022e-16 0 1 -1.11022e-16 0 0 -1 -8.74228e-08 0 -0.997373 0.072435 0 -0.995332 -0.0965138 0 -0.986361 0.164595 0 -0.970942 0.239316 0 -0.916792 0.399365 0 -0.945817 0.324699 0 -0.879474 0.475947 0 -0.83647 0.548012 0 -0.78914 0.614213 0 -0.732269 0.681016 0 -0.607162 0.794578 0 -0.677282 0.735724 0 -0.546948 0.837166 0 -0.464723 0.885456 0 -0.401695 0.915773 0 -0.309017 0.951056 0 -0.142315 0.989821 0 -0.245485 0.9694 0 -0.0825792 0.996584 0 0.028556 0.999592 0 0.0825794 0.996584 0 0.19859 0.980083 0 0.245485 0.9694 0 0.401695 0.915773 0 0.362808 0.931864 0 0.546948 0.837166 0 0.516397 0.856349 0 0.654861 0.75575 0 0.677282 0.735724 0 0.789141 0.614213 0 0.774142 0.633012 0 0.879474 0.475947 0 0.870746 0.491733 0 0.941844 0.336049 0 0.945817 0.324699 0 0.986361 0.164595 0 0.985354 0.170522 0 1 -1.37157e-11 0 1 -3.58309e-23 0 -0.986361 -0.164595 0 -0.964876 -0.262707 0 -0.945817 -0.324699 0 -0.906874 -0.421401 0 -0.879474 -0.475947 0 -0.78914 -0.614213 0 -0.822984 -0.568065 0 -0.715599 -0.698511 0 -0.677282 -0.735724 0 -0.587785 -0.809017 0 -0.546948 -0.837167 0 -0.443191 -0.896427 0 -0.285946 -0.958246 0 -0.401695 -0.915773 0 -0.120537 -0.992709 0 -0.245486 -0.9694 0 -0.0825794 -0.996584 0 0.0483134 -0.998832 0 0.215784 -0.976441 0 0.0825794 -0.996584 0 0.377095 -0.926175 0 0.245485 -0.9694 0 0.401695 -0.915773 0 0.52764 -0.849468 0 0.663123 -0.748511 0 0.546948 -0.837166 0 0.779674 -0.626185 0 0.677282 -0.735724 0 0.789141 -0.614213 0 0.873968 -0.485983 0 0.943312 -0.331908 0 0.879474 -0.475947 0 0.985726 -0.168357 0 0.945817 -0.324699 0 0.986361 -0.164595 0 -1 -8.74228e-08 0 -1 -8.74228e-08 0 -0.991445 -0.130526 0 -0.965926 -0.258819 0 -0.991445 -0.130526 0 -0.92388 -0.382683 0 -0.965926 -0.258819 0 -0.92388 -0.382683 0 -0.866025 -0.5 0 -0.793353 -0.608762 0 -0.866025 -0.5 0 -0.707107 -0.707107 0 -0.793353 -0.608762 0 -0.707107 -0.707107 0 -0.608761 -0.793353 0 -0.5 -0.866025 0 -0.608761 -0.793353 0 -0.382684 -0.92388 0 -0.5 -0.866025 0 -0.382684 -0.92388 0 -0.258819 -0.965926 0 -0.130526 -0.991445 0 -0.258819 -0.965926 0 1.19249e-08 -1 0 -0.130526 -0.991445 0 1.19249e-08 -1 0 0.130526 -0.991445 0 0.258819 -0.965926 0 0.130526 -0.991445 0 0.382684 -0.923879 0 0.258819 -0.965926 0 0.382684 -0.923879 0 0.5 -0.866025 0 0.608762 -0.793353 0 0.5 -0.866025 0 0.707107 -0.707107 0 0.608762 -0.793353 0 0.707107 -0.707107 0 0.793353 -0.608761 0 0.866026 -0.5 0 0.793353 -0.608761 0 0.92388 -0.382683 0 0.866026 -0.5 0 0.92388 -0.382683 0 0.965926 -0.258819 0 0.991445 -0.130526 0 0.965926 -0.258819 0 1 1.74846e-07 0 0.991445 -0.130526 0 1 -3.01992e-07 0 -0.991445 0.130526 0 -0.99095 0.134233 0 -0.965926 0.258819 0 -0.92388 0.382683 0 -0.963963 0.266037 0 -0.919528 0.393025 0 -0.866025 0.5 0 -0.858449 0.512899 0 -0.793353 0.608761 0 -0.707107 0.707107 0 -0.781832 0.62349 0 -0.691063 0.722795 0 -0.608761 0.793353 0 -0.587785 0.809017 0 -0.5 0.866025 0 -0.382683 0.92388 0 -0.473869 0.880596 0 -0.351375 0.936235 0 -0.258819 0.965926 0 -0.222521 0.974928 0 -0.130526 0.991445 0 -4.37114e-08 1 0 -0.0896394 0.995974 0 0.0448649 0.998993 0 0.130526 0.991445 0 0.178557 0.98393 0 0.258819 0.965926 0 0.382683 0.92388 0 0.309017 0.951056 0 0.425779 0.904827 0 0.5 0.866025 0 0.535827 0.844328 0 0.608761 0.793353 0 0.707107 0.707107 0 0.637424 0.770513 0 0.728969 0.684547 0 0.793353 0.608761 0 0.809017 0.587785 0 0.866025 0.5 0 0.92388 0.382683 0 0.876307 0.481754 0 0.929776 0.368125 0 0.965926 0.258819 0 0.968583 0.24869 0 0.991445 0.130526 0 0.992115 0.125333 -1 1.11022e-16 0 -1 1.11022e-16 0 -1 1.11022e-16 0 -1 1.11022e-16 0 -1 1.11022e-16 0 -1 1.11022e-16 0 -1 1.11022e-16 0 -1 1.11022e-16 0 -1 1.11022e-16 0 -1 1.11022e-16 0 -1 1.11022e-16 0 -1 1.11022e-16 0 -1 1.11022e-16 0 -1 1.11022e-16 0 -1 1.11022e-16 0 -1 1.11022e-16 0 -1 1.11022e-16 0 -1 1.11022e-16 0 -1 1.11022e-16 0 -1 1.11022e-16 0 -1 1.11022e-16 0 -1 1.11022e-16 0 -1 1.11022e-16 0 -1 1.11022e-16 0 -1 1.11022e-16 0 -1 1.11022e-16 0 -1 1.11022e-16 0 -1 1.11022e-16 0 -1 1.11022e-16 0 -1 1.11022e-16 0 -1 1.11022e-16 0 -1 1.11022e-16 0 -1 1.11022e-16 0 -1 1.11022e-16 0 -1 1.11022e-16 0 -1 1.11022e-16 0 -1 1.11022e-16 0 -1 1.11022e-16 0 -1 1.11022e-16 0 -1 1.11022e-16 0 -1 1.11022e-16 0 -1 1.11022e-16 0 -1 1.11022e-16 0 -1 1.11022e-16 0 -1 1.11022e-16 0 -1 1.11022e-16 0 -1 1.11022e-16 0 -1 1.11022e-16 0 -1 1.11022e-16 0 -1 1.11022e-16 0 -1 1.11022e-16 0 -1 1.11022e-16 0 -1 1.11022e-16 0 -1 1.11022e-16 0 -1 1.11022e-16 0 -1 1.11022e-16 0 -1 1.11022e-16 0 -1 1.11022e-16 0 -1 1.11022e-16 0 -1 1.11022e-16 0 -1 1.11022e-16 0 -1 1.11022e-16 0 -1 1.11022e-16 0 -1 1.11022e-16 0 -1 1.11022e-16 0 -1 1.11022e-16 0 -1 1.11022e-16 0 -1 1.11022e-16 0 -1 1.11022e-16 0 -1 1.11022e-16 0 -1 1.11022e-16 0 -1 1.11022e-16 0 -1 1.11022e-16 0 -1 1.11022e-16 0 -1 1.11022e-16 0 -1 1.11022e-16 0 -1 1.11022e-16 0 -1 1.11022e-16 0 -1 1.11022e-16 0 -1 1.11022e-16 0 -1 1.11022e-16 0 -1 1.11022e-16 0 -1 1.11022e-16 0 -1 1.11022e-16 0 -1 1.11022e-16 0 0.587232 -0.0480799 -0.807989 0.628442 -0.00854669 -0.777809 0.706502 -0.0420384 -0.706461 0.453534 0.517716 -0.72545 0.453534 0.632871 -0.62752 0.587232 0.57477 -0.569911 0.808414 0.482006 -0.337843 0.808414 0.532168 -0.251524 0.890463 0.402784 -0.211756 0.308692 0.263038 -0.914068 0.453534 0.387668 -0.802509 0.453534 0.246467 -0.856482 0.308692 0.552525 -0.774226 1.74846e-07 0.258819 -0.965926 0.156266 0.273147 -0.949195 1.74846e-07 0.130526 -0.991445 1.74846e-07 0.382683 -0.92388 0.156266 0.429633 -0.88938 0.308692 -0.0564996 -0.949483 0.156266 -0.0586708 -0.985971 0.256692 3.91708e-08 -0.966493 1.74846e-07 4.05288e-08 -1 0.156266 0.108803 -0.981704 0.808414 -0.578375 0.109313 0.890463 -0.454815 0.0148176 0.890463 -0.448885 0.0746906 0.890463 -0.235854 -0.389165 0.808414 -0.317082 -0.49591 0.890463 -0.182451 -0.416879 0.808414 -0.133762 -0.573215 0.812063 -0.00860344 -0.583507 0.890463 -0.0670652 -0.450087 0.890463 -0.125858 -0.437305 0.808414 0.4932 0.321281 0.890463 0.409107 0.199267 0.808414 0.540402 0.233308 0.890463 -0.285134 -0.354647 0.808414 -0.39633 -0.435189 0.453534 -0.346299 -0.821209 0.453534 -0.480103 -0.750872 0.308692 -0.512383 -0.801357 0.808414 0.162778 -0.565659 0.808414 0.0648397 -0.585033 0.706502 0.0779587 -0.703404 0.890463 0.0677777 -0.44998 0.890463 0.00710011 -0.455001 0.808414 -0.464176 -0.36195 0.890463 -0.329429 -0.313931 0.587232 -0.545003 -0.59844 0.453534 -0.600095 -0.658934 0.587232 -0.436027 -0.681938 0.587232 -0.638301 -0.497726 0.453534 -0.702823 -0.548039 0.890463 -0.367966 -0.267726 0.808414 -0.518669 -0.278297 0.587232 -0.767651 -0.256651 0.587232 -0.799984 -0.123226 0.453534 -0.88085 -0.135682 0.808414 -0.558241 -0.186639 0.890463 -0.442858 -0.104654 0.808414 -0.581754 -0.0896106 0.453534 0.805772 -0.38084 0.308692 0.859948 -0.406446 0.453534 0.858544 -0.239186 0.587232 -0.809302 0.0137445 0.587232 -0.795338 0.15032 0.453534 -0.875735 0.165515 0.808414 -0.58853 0.00999507 0.308692 -0.616194 0.724579 0.453534 -0.683808 0.571588 0.453534 -0.577374 0.678931 0.706502 0.101799 0.700351 0.808414 -0.0149919 0.588424 0.808414 0.0846679 0.582493 0.156266 0.30522 0.939373 1.74846e-07 0.309017 0.951057 1.74846e-07 0.178557 0.98393 0.587232 -0.621031 0.519114 0.587232 -0.524368 0.616601 0.453534 -0.172944 0.874298 0.308692 -0.0242255 0.950854 0.308692 -0.184572 0.933082 0.587232 -0.289 0.756067 0.453534 -0.318214 0.832495 0.890463 -0.210023 0.403691 0.808414 -0.210163 0.549817 0.808414 -0.300059 0.506391 0.453534 -0.0226997 0.89095 0.890463 -0.154929 0.42787 0.808414 -0.11422 0.577426 0.156266 -0.0251565 0.987395 1.74846e-07 -0.0896393 0.995974 0.156266 -0.191665 0.96894 0.587232 -0.0206158 0.809156 0.706502 -0.0180253 0.707481 0.587232 0.116429 0.801001 0.890463 0.0822947 0.447553 0.808414 0.181892 0.559806 0.706502 0.218695 0.673073 0.890463 0.14062 0.432784 0.308692 -0.339609 0.888468 0.453534 -0.454329 0.766742 0.587232 -0.412619 0.696351 0.156266 0.142076 0.977443 1.74846e-07 0.0448649 0.998993 0.890463 -0.308297 0.334707 0.808414 -0.381324 0.448397 0.808414 -0.451618 0.377503 0.890463 -0.261445 0.372455 0.453534 -0.770571 0.447802 0.308692 -0.729785 0.61002 0.587232 -0.758494 0.28257 0.587232 -0.699829 0.406692 0.808414 -0.50892 0.295749 0.890463 -0.385108 0.242421 0.808414 -0.551582 0.205487 0.890463 -0.413724 0.189496 0.453534 -0.835167 0.311134 0.453534 -0.891111 0.0151343 0.308692 -0.934616 0.176643 0.890463 -0.435107 0.133258 0.890463 -0.452794 -0.0453145 0.308692 -0.951025 0.0161514 0.587232 -0.713235 -0.382693 0.453534 -0.84525 -0.282595 0.890463 -0.0971271 0.44457 0.890463 -0.425181 -0.162165 0.453534 -0.785333 -0.421378 0.890463 -0.349759 0.291109 0.308692 -0.838135 -0.44971 0.808414 -0.228711 -0.542364 0.587232 -0.314507 -0.745818 0.453534 -0.202533 -0.867922 0.308692 -0.369583 -0.876423 0.453534 -0.0529401 -0.889665 0.43959 -0.00522962 -0.898184 0.533709 -0.00720306 -0.845638 0.347006 -0.00277891 -0.937859 0.156266 -0.224457 -0.961873 1.74846e-07 -0.130526 -0.991445 0.308692 0.104776 -0.945374 0.587232 0.470187 -0.658849 0.890463 0.44446 -0.0976302 0.808414 0.567021 -0.157969 0.808414 0.585562 -0.05987 0.308692 0.916268 -0.255268 0.453534 0.886617 -0.0906509 0.890463 0.447252 0.0839133 0.808414 0.587257 0.0399517 0.808414 0.572058 0.138624 0.890463 0.454451 0.0234554 0.453534 0.818239 0.353259 0.587232 0.678211 0.441801 0.587232 0.74312 0.320828 0.890463 0.184428 -0.416007 0.890463 0.127242 -0.436904 0.587232 0.593791 0.550065 0.453534 0.653815 0.605668 0.587232 0.492288 0.642504 0.890463 0.432047 0.142869 0.706502 0.329299 0.626432 0.587232 0.376624 0.716459 0.890463 0.37091 -0.263631 0.890463 0.332397 -0.310787 0.890463 0.197137 0.410138 0.890463 0.250124 0.38015 0.808414 0.273883 0.521014 0.453534 0.275408 0.847619 0.453534 0.414695 0.788882 0.308692 0.442577 0.841923 0.587232 0.250124 0.769803 0.453534 0.542052 0.707451 0.308692 0.293925 0.904609 0.156266 0.459585 0.874278 1.74846e-07 0.425779 0.904827 0.890463 0.453515 -0.0374223 0.808414 0.431809 0.400011 0.808414 0.357995 0.467233 0.890463 0.298634 0.343356 0.308692 0.697774 0.646391 0.890463 0.341798 0.300416 0.453534 0.866171 0.209895 0.308692 0.924408 0.224007 0.453534 0.746768 0.486461 0.587232 0.807552 0.0549386 0.453534 0.889184 0.060492 0.587232 0.786652 0.190625 0.587232 0.805221 -0.0823286 0.587232 0.731798 -0.345877 0.587232 0.779725 -0.217227 0.890463 0.427448 -0.15609 0.587232 0.662818 -0.464576 0.453534 0.729819 -0.511538 0.808414 0.417977 -0.414443 0.890463 0.287932 -0.352379 0.808414 0.341923 -0.47912 0.706502 0.195713 -0.680111 0.808414 0.256033 -0.530013 0.890463 0.238313 -0.387663 0.812125 0.00860539 -0.583419 0.890463 0.378844 0.252098 0.308692 0.578497 0.755017 0.706502 0.43043 0.561769 1.74846e-07 0.535827 0.844328 0.156266 0.600728 0.784032 0.706502 0.519178 0.480946 0.156266 0.724589 0.671231 1.74846e-07 0.637424 0.770513 0.308692 0.796978 0.519168 0.706502 0.59299 0.386286 1.74846e-07 0.809017 0.587785 0.156266 0.827605 0.53912 1.74846e-07 0.728969 0.684547 0.308692 0.873254 0.377011 0.706502 0.649743 0.280514 0.156266 0.906813 0.391499 1.74846e-07 0.876307 0.481754 0.706502 0.687804 0.166672 0.156266 0.959933 0.232616 1.74846e-07 0.929776 0.368125 0.308692 0.948969 0.0645593 0.706502 0.706079 0.0480352 1.74846e-07 0.992115 0.125333 0.156266 0.985437 0.0670403 1.74846e-07 0.968583 0.24869 0.308692 0.946229 -0.0967458 0.706502 0.70404 -0.0719836 0.156266 0.982593 -0.100464 1.74846e-07 1 -3.49691e-08 0.706502 0.681748 -0.189932 0.156266 0.95148 -0.265078 1.74846e-07 0.991445 -0.130526 0.706502 0.639843 -0.302416 0.156266 0.892996 -0.422066 1.74846e-07 0.965926 -0.258819 1.74846e-07 0.92388 -0.382684 0.308692 0.778889 -0.545932 0.706502 0.579531 -0.4062 1.74846e-07 0.866025 -0.5 0.156266 0.808821 -0.566912 0.308692 0.413733 -0.856466 0.706502 0.502547 -0.498298 0.156266 0.701379 -0.695449 1.74846e-07 0.793353 -0.608761 0.308692 0.675422 -0.669712 0.706502 0.411105 -0.576061 0.156266 0.573759 -0.803979 1.74846e-07 0.608761 -0.793353 1.74846e-07 0.707107 -0.707107 0.587232 0.352078 -0.728835 0.706502 0.307837 -0.637252 1.74846e-07 0.5 -0.866025 0.587232 0.22384 -0.777852 0.722269 0.00907731 -0.691553 0.587232 0.0891625 -0.804493 0.453534 0.0981755 -0.885815 0.346986 0.00278012 -0.937866 0.628432 0.00854833 -0.777818 0.533671 0.00720394 -0.845661 0.439566 0.00523105 -0.898195 0.722326 -0.0090735 -0.691493 0.890463 -0.00710007 -0.455001 0.890463 -0.40007 -0.216841 0.587232 -0.183939 -0.788242 0.308692 -0.21615 -0.926277 0.706502 -0.160826 -0.689195 0.706502 -0.274987 -0.652102 0.156266 -0.383785 -0.910104 1.74846e-07 -0.258819 -0.965926 0.706502 -0.381238 -0.596249 0.156266 -0.532074 -0.832153 1.74846e-07 -0.382683 -0.92388 1.74846e-07 -0.5 -0.866025 0.308692 -0.640443 -0.703237 0.706502 -0.47652 -0.523243 1.74846e-07 -0.608761 -0.793353 0.156266 -0.665055 -0.730262 0.706502 -0.558095 -0.435184 0.156266 -0.778903 -0.607364 1.74846e-07 -0.707107 -0.707107 0.308692 -0.750078 -0.584887 0.706502 -0.623613 -0.334606 0.156266 -0.870345 -0.466992 1.74846e-07 -0.866025 -0.5 1.74846e-07 -0.793353 -0.608761 0.308692 -0.902081 -0.301595 0.706502 -0.671192 -0.224402 1.74846e-07 -0.923879 -0.382684 0.156266 -0.936747 -0.313186 0.308692 -0.940075 -0.144805 0.706502 -0.699461 -0.107742 0.156266 -0.976202 -0.15037 1.74846e-07 -0.965926 -0.258819 0.706502 -0.707609 0.0120174 0.156266 -0.987573 0.0167721 1.74846e-07 -1 -1.16027e-07 1.74846e-07 -0.991445 -0.130526 0.706502 -0.695399 0.131431 0.156266 -0.970533 0.183432 1.74846e-07 -0.99095 0.134233 0.308692 -0.891319 0.332053 0.706502 -0.663185 0.247064 1.74846e-07 -0.963963 0.266037 0.156266 -0.925573 0.344814 0.308692 -0.822381 0.477911 0.706502 -0.611892 0.355589 0.156266 -0.853985 0.496277 1.74846e-07 -0.919528 0.393025 0.706502 -0.542995 0.453884 0.156266 -0.75783 0.633462 1.74846e-07 -0.781832 0.62349 1.74846e-07 -0.858449 0.512899 0.706502 -0.458478 0.539122 1.74846e-07 -0.691063 0.722795 0.156266 -0.639874 0.752424 0.308692 -0.484876 0.818294 0.706502 -0.360771 0.60885 1.74846e-07 -0.587785 0.809017 0.156266 -0.503509 0.849741 0.706502 -0.252685 0.661063 0.156266 -0.35266 0.922611 1.74846e-07 -0.473868 0.880596 0.890463 -0.0376271 0.453498 0.587232 -0.157067 0.794033 0.706502 -0.137331 0.694258 1.74846e-07 -0.222521 0.974928 1.74846e-07 -0.351375 0.936235 0.890463 0.0225308 0.454498 0.453534 0.128198 0.881971 0.308692 0.136818 0.941271 0.97288 -0.0400212 0.227822 0.97288 -0.0788353 0.217462 0.993197 -0.0201476 0.114691 0.97288 0.0426363 -0.227347 0.994111 0.00147537 -0.108359 0.974619 0.00339979 -0.223845 0.939326 -0.174485 0.295334 0.939326 -0.217315 0.265408 0.97288 -0.115272 0.200542 0.993197 -0.0396876 0.109475 1 -2.70736e-09 1.16135e-08 1 -4.44222e-09 1.10666e-08 0.993197 -0.0580305 0.100958 1 -6.07372e-09 1.02622e-08 0.993197 -0.0746229 0.0893947 1 -7.56389e-09 9.21902e-09 0.993197 -0.0889645 0.0751352 0.97288 -0.176719 0.149248 0.97288 -0.199876 0.116422 0.939326 -0.286973 0.18792 0.993197 -0.100623 0.0586095 0.97288 -0.217005 0.0800834 0.993197 -0.109246 0.0403159 0.939326 -0.330153 0.0930928 0.97288 -0.227588 0.0413295 0.97288 -0.201201 -0.114117 0.993197 -0.101289 -0.0574495 0.993197 -0.109702 -0.039058 0.993197 -0.116445 0.000669033 1 -1.18388e-08 1.43064e-09 0.993197 -0.114573 0.0208062 1 -1.14834e-08 3.21462e-09 0.993197 -0.114805 -0.0194884 1 -1.19186e-08 -3.86618e-10 0.939326 -0.337326 -0.0622772 0.939326 -0.323954 -0.112786 0.97288 -0.228048 -0.0387117 1 -1.17211e-08 -2.19489e-09 0.97288 -0.231307 0.00132885 1 -1.12509e-08 -3.95208e-09 0.97288 -0.217911 -0.0775847 0.994115 -0.00147571 -0.108321 1 -1.37016e-10 -1.19241e-08 1 -1.94902e-09 -1.17645e-08 0.939326 -0.275147 -0.204844 0.97288 -0.178422 -0.147208 0.993197 -0.0898219 -0.0741081 0.993197 -0.0756451 -0.0885313 0.97288 -0.150261 -0.175858 0.939326 -0.200954 -0.278001 0.97288 -0.117568 -0.199204 0.993197 -0.0591866 -0.100284 1 -6.95051e-09 -9.68985e-09 1 -5.39587e-09 -1.06343e-08 0.993197 -0.0409429 -0.109012 0.97288 -0.0813288 -0.216542 0.993197 -0.0214642 -0.114452 0.97288 -0.0426362 -0.227347 0.974571 -0.00340491 -0.224054 0.97288 -0.148231 0.177573 1 -3.71568e-09 -1.13312e-08 0.939326 -0.00550065 -0.342982 0.993197 1.75831e-08 0.116447 0.97288 -2.02218e-08 0.231311 1 -9.09507e-10 1.18901e-08 0.993197 0.0201477 0.114691 0.939326 -0.0261246 0.34203 0.97288 0.0400213 0.227822 0.993197 0.0396876 0.109475 0.97288 0.0788354 0.217462 0.939326 0.0777677 0.334095 0.993197 0.0580304 0.100958 0.993197 0.0746229 0.0893946 0.97288 0.148231 0.177573 0.97288 0.115271 0.200542 0.993197 0.0889645 0.0751352 0.97288 0.176719 0.149248 1 7.56389e-09 9.21902e-09 0.939326 0.174485 0.295334 0.939326 0.217315 0.265408 1 8.87806e-09 7.96134e-09 0.993197 0.100623 0.0586095 0.97288 0.199876 0.116422 1 9.98565e-09 6.5184e-09 0.993197 0.109246 0.0403159 0.97288 0.217005 0.0800833 1 1.08609e-08 4.92379e-09 0.939326 0.312184 0.142155 0.993197 0.114573 0.0208062 0.993197 0.116445 0.000668984 0.97288 0.231307 0.00132889 0.97288 0.227588 0.0413295 0.939326 0.340461 0.0418706 0.993197 0.114805 -0.0194884 0.97288 0.217911 -0.0775847 0.97288 0.228048 -0.0387118 0.993197 0.109702 -0.039058 0.993197 0.101289 -0.0574495 0.97288 0.201201 -0.114117 1 1.12509e-08 -3.95208e-09 0.939326 0.303066 -0.160679 1 1.0519e-08 -5.61732e-09 0.993197 0.0898219 -0.0741081 0.97288 0.178422 -0.147208 1 9.54221e-09 -7.15185e-09 0.993197 0.0756451 -0.0885313 0.97288 0.150261 -0.175858 1 8.34343e-09 -8.51997e-09 0.939326 0.240845 -0.244256 1 6.95052e-09 -9.68985e-09 0.993197 0.0591866 -0.100284 0.97288 0.0813288 -0.216542 0.97288 0.117568 -0.199204 0.993197 0.0409428 -0.109012 0.939326 0.156401 -0.305296 0.993197 0.0214641 -0.114452 1 1.94902e-09 -1.17645e-08 1 1.37016e-10 -1.19241e-08 0.939326 0.10822 -0.325508 0.939326 0.0575276 -0.338168 0.939326 0.00550063 -0.342982 1 3.71568e-09 -1.13312e-08 0.939326 0.200954 -0.278001 1 5.39587e-09 -1.06343e-08 0.939326 0.275147 -0.204844 0.939326 0.323954 -0.112786 0.939326 0.337326 -0.0622771 0.939326 0.342871 -0.010323 1 1.17211e-08 -2.19488e-09 1 1.19186e-08 -3.86618e-10 0.939326 0.330153 0.0930929 1 1.18388e-08 1.43064e-09 1 1.14834e-08 3.21462e-09 0.939326 0.286973 0.18792 0.939326 0.255103 0.229324 0.939326 0.127607 0.318408 1 6.07372e-09 1.02622e-08 1 4.44222e-09 1.10666e-08 0.939326 0.0261246 0.34203 1 2.70736e-09 1.16135e-08 1 9.09508e-10 1.18901e-08 0.939326 -0.0777678 0.334095 0.939326 -0.127607 0.318408 0.939326 -0.255103 0.229324 1 -8.87806e-09 7.96134e-09 0.939326 -0.312184 0.142155 1 -9.98565e-09 6.5184e-09 1 -1.08609e-08 4.92379e-09 0.939326 -0.340461 0.0418707 0.939326 -0.342871 -0.010323 0.939326 -0.303067 -0.160679 0.939326 -0.240845 -0.244256 1 -9.54221e-09 -7.15185e-09 1 -1.0519e-08 -5.61732e-09 1 -8.34343e-09 -8.51997e-09 0.939326 -0.156401 -0.305296 0.939326 -0.10822 -0.325508 0.939326 -0.0575275 -0.338168 1 -1.11022e-16 0 1 -1.11022e-16 0 1 -1.11022e-16 0 1 -1.11022e-16 0 1 -1.11022e-16 0 1 -1.11022e-16 0 1 -1.11022e-16 0 1 -1.11022e-16 0 1 -1.11022e-16 0 1 -1.11022e-16 0 1 -1.11022e-16 0 1 -1.11022e-16 0 1 -1.11022e-16 0 1 -1.11022e-16 0 1 -1.11022e-16 0 1 -1.11022e-16 0 1 -1.11022e-16 0 1 -1.11022e-16 0 1 -1.11022e-16 0 1 -1.11022e-16 0 1 -1.11022e-16 0 1 -1.11022e-16 0 1 -1.11022e-16 0 1 -1.11022e-16 0 1 -1.11022e-16 0 1 -1.11022e-16 0 1 -1.11022e-16 0 1 -1.11022e-16 0 1 -1.11022e-16 0 1 -1.11022e-16 0 1 -1.11022e-16 0 1 -1.11022e-16 0 1 -1.11022e-16 0 1 -1.11022e-16 0 1 -1.11022e-16 0 1 -1.11022e-16 0 1 -1.11022e-16 0 1 -1.11022e-16 0 1 -1.11022e-16 0 1 -1.11022e-16 0 1 -1.11022e-16 0 1 -1.11022e-16 0 1 -1.11022e-16 0 1 -1.11022e-16 0 1 -1.11022e-16 0 1 -1.11022e-16 0 1 -1.11022e-16 0 1 -1.11022e-16 0 1 -1.11022e-16 0 1 -1.11022e-16 0 1 -1.11022e-16 0 1 -1.11022e-16 0 1 -1.11022e-16 0 1 -1.11022e-16 0 1 -1.11022e-16 0 1 -1.11022e-16 0 1 -1.11022e-16 0 1 -1.11022e-16 0 1 -1.11022e-16 0 1 -1.11022e-16 0 1 -1.11022e-16 0 1 -1.11022e-16 0 1 -1.11022e-16 0 1 -1.11022e-16 0 1 -1.11022e-16 0 1 -1.11022e-16 0 1 -1.11022e-16 0 1 -1.11022e-16 0 1 -1.11022e-16 0 1 -1.11022e-16 0 1 -1.11022e-16 0 1 -1.11022e-16 0 1 -1.11022e-16 0 1 -1.11022e-16 0 1 -1.11022e-16 0 1 -1.11022e-16 0 1 -1.11022e-16 0 1 -1.11022e-16 0 1 -1.11022e-16 0 1 -1.11022e-16 0 0.939326 0.0261246 0.34203 0.916607 0.0690812 0.393775 0.916607 6.03664e-08 0.399788 0.939326 0.0575276 -0.338168 0.916601 0.00949337 -0.39969 0.916607 0.0752167 -0.392649 0.916607 -0.0690813 0.393775 0.939326 -0.0261246 0.34203 0.890463 -0.097127 0.44457 0.890463 -0.037627 0.453498 0.916607 -0.136084 0.375915 0.939326 -0.127607 0.318408 0.939326 -0.0777678 0.334095 0.890463 -0.154929 0.42787 0.916607 -0.198993 0.346746 0.939326 -0.174485 0.295334 0.939326 -0.217315 0.265408 0.916607 -0.255916 0.307145 0.916607 -0.305139 0.258304 0.890463 -0.308297 0.334707 0.939326 -0.255103 0.229324 0.916607 -0.345183 0.201692 0.939326 -0.312184 0.142155 0.939326 -0.286973 0.18792 0.916607 -0.374842 0.139013 0.939326 -0.330153 0.093093 0.916607 -0.260677 -0.303115 0.890463 -0.329429 -0.313931 0.890463 -0.285134 -0.354648 0.916607 -0.393224 0.0721511 0.939326 -0.340461 0.0418707 0.939326 -0.342871 -0.010323 0.916607 -0.399776 0.00311893 0.916607 -0.394302 -0.0660071 0.890463 -0.452794 -0.0453145 0.939326 -0.337326 -0.0622772 0.939326 -0.323954 -0.112786 0.916607 -0.376965 -0.133147 0.890463 -0.425181 -0.162165 0.916607 -0.348287 -0.196282 0.939326 -0.303066 -0.160679 0.939326 -0.240845 -0.244256 0.939326 -0.275147 -0.204844 0.916607 -0.309132 -0.253512 0.916607 -0.141933 -0.373746 0.916607 -0.0752167 -0.392649 0.939326 -0.10822 -0.325508 0.939326 -0.200954 -0.278001 0.916607 -0.204379 -0.343598 0.939326 -0.156401 -0.305296 0.890463 -0.182451 -0.416879 0.890463 -0.448885 0.0746907 0.890463 -0.435107 0.133258 0.916601 -0.00949334 -0.39969 0.890463 -0.0670652 -0.450087 0.939326 -0.0575275 -0.338168 0.939326 -0.00550065 -0.342982 0.890463 -0.00710012 -0.455001 0.939326 0.0777677 0.334095 0.916607 0.136084 0.375915 0.916607 0.198993 0.346746 0.890463 0.197137 0.410138 0.939326 0.127607 0.318408 0.939326 0.174485 0.295334 0.916607 0.255916 0.307145 0.916607 0.305139 0.258304 0.939326 0.217315 0.265408 0.890463 0.250124 0.38015 0.939326 0.255103 0.229324 0.890463 0.341798 0.300416 0.939326 0.286973 0.187919 0.916607 0.345183 0.201692 0.939326 0.312184 0.142155 0.916607 0.374842 0.139013 0.916607 0.393224 0.0721512 0.939326 0.330153 0.0930929 0.890463 0.409107 0.199267 0.939326 0.340461 0.0418707 0.916607 0.399776 0.00311895 0.939326 0.342871 -0.010323 0.890463 0.453515 -0.0374223 0.890463 0.454451 0.0234555 0.916607 0.394302 -0.066007 0.916607 0.376965 -0.133147 0.890463 0.44446 -0.0976302 0.939326 0.337326 -0.0622771 0.916607 0.348287 -0.196282 0.890463 0.402785 -0.211756 0.939326 0.323954 -0.112786 0.939326 0.275147 -0.204844 0.939326 0.303066 -0.160679 0.939326 0.240845 -0.244256 0.916607 0.309132 -0.253512 0.916607 0.260677 -0.303115 0.890463 0.332397 -0.310787 0.939326 0.200954 -0.278001 0.916607 0.204379 -0.343599 0.939326 0.156401 -0.305296 0.916607 0.141933 -0.373746 0.939326 0.10822 -0.325508 0.890463 0.184429 -0.416007 0.890463 0.238314 -0.387663 0.890463 0.00710007 -0.455001 0.939326 0.00550063 -0.342982 0.890463 0.0677777 -0.44998 0.890463 0.127242 -0.436905 0.890463 0.287932 -0.352379 0.890463 0.370911 -0.263631 0.890463 0.427448 -0.15609 0.890463 0.447252 0.0839134 0.890463 0.432047 0.142869 0.890463 0.378844 0.252098 0.890463 0.298634 0.343356 0.890463 0.14062 0.432784 0.890463 0.0822949 0.447553 0.890463 0.0225308 0.454498 0.890463 -0.210023 0.403691 0.890463 -0.261445 0.372455 0.890463 -0.349759 0.291109 0.890463 -0.385108 0.242421 0.890463 -0.413724 0.189496 0.890463 -0.454815 0.0148176 0.890463 -0.442858 -0.104655 0.890463 -0.40007 -0.216841 0.890463 -0.367966 -0.267726 0.890463 -0.235854 -0.389165 0.890463 -0.125858 -0.437305</float_array>
          <technique_common>
            <accessor count="3203" source="#ID8" stride="3">
              <param name="X" type="float"/>
              <param name="Y" type="float"/>
              <param name="Z" type="float"/>
            </accessor>
          </technique_common>
        </source>
        <vertices id="ID9">
          <input semantic="POSITION" source="#ID5"/>
          <input semantic="NORMAL" source="#ID7"/>
        </vertices>
        <triangles count="3932" material="ID10">
          <input offset="0" semantic="VERTEX" source="#ID9"/>
          <p>0 1 2 3 4 5 1 6 7 6 1 0 8 7 9 6 9 7 10 11 8 8 9 10 12 11 10 12 13 11 0 2 14 15 14 16 2 16 14 17 18 15 15 16 17 18 19 20 19 18 17 4 20 5 19 5 20 21 22 23 24 25 26 27 28 29 30 31 32 33 34 35 36 37 38 39 40 41 42 43 44 45 46 47 48 49 50 51 52 53 54 55 56 57 58 59 60 61 62 57 63 64 64 58 57 65 63 66 63 65 64 67 68 66 65 66 68 67 69 70 70 68 67 71 69 72 69 71 70 13 73 72 71 72 73 12 73 13 60 62 59 58 60 59 52 61 53 62 61 52 54 51 55 51 53 55 45 47 56 47 54 56 50 49 46 50 46 45 48 40 39 48 39 49 41 42 44 40 42 41 34 43 35 44 43 34 36 33 37 33 35 37 27 29 38 29 36 38 32 31 28 32 28 27 30 22 21 30 21 31 23 25 24 22 25 23 3 26 4 24 26 3 74 75 76 77 78 79 80 81 82 83 84 85 86 87 88 89 90 91 91 92 89 88 87 92 91 88 92 86 81 80 87 86 80 82 83 85 82 81 83 76 84 74 76 85 84 74 93 75 93 77 94 94 75 93 78 95 79 77 79 94 96 95 97 78 97 95 98 99 96 96 97 98 99 100 101 100 99 98 100 102 101 103 104 105 102 106 107 108 105 109 109 110 108 103 106 104 105 104 109 102 107 101 103 107 106 111 112 113 114 115 116 117 118 119 120 112 121 122 115 123 124 125 126 127 128 129 130 123 131 126 114 116 131 132 130 122 130 133 134 135 136 137 138 139 140 133 141 142 133 140 138 143 121 137 139 144 138 137 143 145 142 140 115 114 123 146 125 147 148 146 149 124 126 116 148 150 151 125 124 147 152 153 151 147 149 146 118 153 154 150 148 149 154 119 118 152 154 153 129 117 127 128 155 129 121 143 120 155 128 111 144 156 135 157 158 121 159 160 161 144 139 156 162 163 164 161 160 165 166 167 168 169 162 164 170 171 172 166 173 167 174 175 176 177 175 170 177 176 175 170 172 177 178 174 176 179 180 181 181 180 178 179 182 183 145 140 182 182 184 145 140 141 183 182 140 183 132 185 141 178 180 174 171 186 172 173 166 187 167 188 168 189 188 186 189 168 188 171 189 186 190 173 187 190 163 162 169 191 192 190 187 163 169 164 191 159 161 192 134 136 165 191 159 192 156 136 135 165 160 134 113 155 111 120 113 112 117 119 127 181 193 184 183 141 185 182 179 181 194 183 185 184 182 181 178 195 193 196 179 194 183 194 179 193 181 178 176 197 195 198 180 196 179 196 180 195 178 176 177 199 197 200 174 198 180 198 174 197 176 177 172 201 199 202 175 200 174 200 175 199 177 172 186 203 201 204 170 202 175 202 170 201 172 186 188 205 203 206 171 204 170 204 171 203 186 188 167 207 205 208 189 206 171 206 189 205 188 167 173 209 207 210 168 208 189 208 168 207 167 173 190 211 209 212 166 210 168 210 166 209 173 190 162 213 211 214 187 212 166 212 187 211 190 162 169 215 213 216 163 214 187 214 163 213 162 169 192 217 215 218 164 216 163 216 164 215 169 192 161 219 217 220 191 218 164 218 191 217 192 161 165 221 219 222 159 220 191 220 159 219 161 165 223 221 165 224 160 222 159 222 160 165 136 223 225 223 136 226 134 224 160 224 134 136 156 225 227 225 156 228 135 226 134 226 135 156 139 227 229 227 139 230 144 228 135 228 144 139 138 229 158 229 138 231 137 230 144 230 137 158 138 121 157 112 232 233 143 231 137 231 143 157 121 112 232 111 234 235 120 233 143 233 120 232 112 111 234 128 236 237 113 235 120 235 113 234 111 128 236 127 238 239 155 237 113 237 155 236 128 127 238 119 240 241 129 239 155 239 129 238 127 119 240 154 242 243 117 241 129 241 117 240 119 154 152 151 150 244 118 243 117 243 118 154 152 242 245 242 152 246 153 244 118 244 153 152 150 245 247 245 150 248 151 246 153 246 151 150 149 247 147 249 247 250 148 248 151 248 148 247 149 147 124 251 249 252 146 250 148 250 146 249 147 124 116 253 251 254 125 252 146 252 125 251 124 116 115 255 253 256 126 254 125 254 126 253 116 115 122 257 255 258 114 256 126 256 114 255 115 122 133 142 257 131 123 258 114 258 123 257 122 133 122 123 130 132 141 130 133 130 141 259 260 261 262 263 264 262 264 265 260 259 266 267 264 268 269 270 259 259 270 266 271 272 259 259 272 269 271 267 268 267 271 259 268 264 263 273 274 275 276 277 278 276 279 277 275 280 273 281 282 277 283 273 284 273 280 284 285 273 286 273 283 286 285 282 281 281 273 285 282 278 277 287 288 289 290 291 292 293 294 289 293 288 295 296 294 297 293 298 297 299 296 300 301 300 297 300 302 303 304 305 306 307 308 309 306 310 311 312 313 314 304 315 305 310 306 305 316 317 315 301 302 300 301 317 316 303 318 299 299 300 303 319 320 321 318 321 320 319 322 323 322 319 321 324 325 326 323 324 326 327 328 325 329 330 287 330 331 288 332 329 333 330 332 334 333 335 336 336 337 332 338 339 335 340 336 339 339 341 342 341 343 344 341 338 345 346 347 343 345 348 343 349 346 350 351 346 348 350 352 353 350 351 354 355 356 352 354 357 352 358 355 359 360 355 357 359 361 362 359 360 363 364 365 361 363 366 361 367 364 368 369 364 366 368 370 371 368 369 372 373 374 370 372 375 370 376 377 373 378 373 375 376 378 379 380 381 382 383 384 376 385 386 387 388 389 390 391 307 387 392 393 394 395 312 396 397 314 398 315 399 316 400 399 315 304 400 315 399 395 401 386 385 402 403 404 405 406 407 408 409 407 410 411 393 412 413 409 414 415 416 417 418 417 411 419 309 420 327 421 422 423 390 420 424 423 309 425 382 388 426 388 423 290 427 381 427 389 382 428 383 291 291 381 429 383 379 292 305 315 317 430 431 311 430 311 310 301 316 302 317 432 305 320 433 434 317 298 432 298 301 297 435 433 319 299 318 320 300 296 297 326 436 323 320 434 299 319 433 320 326 325 328 322 324 323 323 436 435 437 326 328 310 305 432 438 439 431 438 431 430 298 317 301 432 440 310 434 441 442 432 295 440 295 298 293 443 441 433 296 299 434 297 294 293 436 444 435 434 442 296 433 441 434 436 326 437 319 323 435 435 444 443 445 436 437 430 310 440 446 447 439 446 439 438 295 432 298 440 448 430 442 449 450 440 331 448 331 295 288 451 449 441 294 296 442 293 289 288 444 452 443 442 450 294 441 449 442 444 436 445 433 435 443 443 452 451 453 444 445 438 430 448 454 455 447 454 447 446 331 440 295 448 456 438 450 457 458 448 334 456 334 331 330 459 457 449 289 294 450 288 287 330 452 460 451 450 458 289 449 457 450 452 444 453 441 443 451 451 460 459 461 452 453 446 438 456 462 463 455 462 455 454 334 448 331 456 464 446 458 465 466 456 337 464 337 334 332 467 465 457 287 289 458 330 329 332 460 468 459 458 466 287 457 465 458 460 452 461 449 451 459 459 468 467 469 460 461 454 446 464 470 471 463 470 463 462 337 456 334 464 472 454 466 473 474 464 340 472 340 337 336 475 473 465 329 287 466 332 333 336 468 476 467 466 474 329 465 473 466 468 460 469 457 459 467 467 476 475 477 468 469 462 454 472 478 479 471 478 471 470 340 464 337 472 480 462 474 481 482 472 342 480 342 340 339 483 481 473 333 329 474 336 335 339 476 484 475 474 482 333 473 481 474 476 468 477 465 467 475 475 484 483 485 476 477 470 462 480 486 487 479 486 479 478 342 472 340 480 488 470 482 489 490 480 344 488 344 342 341 491 489 481 335 333 482 339 338 341 484 492 483 482 490 335 481 489 482 484 476 485 473 475 483 483 492 491 493 484 485 478 470 488 494 495 487 494 487 486 344 480 342 488 496 478 490 497 498 488 347 496 347 344 343 499 497 489 338 335 490 341 345 343 492 500 491 490 498 338 489 497 490 492 484 493 481 483 491 491 500 499 501 492 493 486 478 496 502 503 495 502 495 494 347 488 344 496 504 486 498 505 506 496 349 504 349 347 346 507 505 497 345 338 498 343 348 346 500 508 499 498 506 345 497 505 498 500 492 501 489 491 499 499 508 507 509 500 501 494 486 504 510 511 503 510 503 502 349 496 347 504 512 494 506 513 514 504 353 512 353 349 350 515 513 505 348 345 506 346 351 350 508 516 507 506 514 348 505 513 506 508 500 509 497 499 507 507 516 515 517 508 509 502 494 512 518 519 511 518 511 510 353 504 349 512 520 502 514 521 522 512 356 520 356 353 352 523 521 513 351 348 514 350 354 352 516 524 515 514 522 351 513 521 514 516 508 517 505 507 515 515 524 523 525 516 517 510 502 520 526 527 519 526 519 518 356 512 353 520 528 510 522 529 530 520 358 528 358 356 355 531 529 521 354 351 522 352 357 355 524 532 523 522 530 354 521 529 522 524 516 525 513 515 523 523 532 531 533 524 525 518 510 528 534 535 527 534 527 526 358 520 356 528 536 518 530 537 538 528 362 536 362 358 359 539 537 529 357 354 530 355 360 359 532 540 531 530 538 357 529 537 530 532 524 533 521 523 531 531 540 539 541 532 533 526 518 536 542 535 534 542 534 543 362 528 358 536 544 526 538 545 546 536 365 544 365 362 361 547 545 537 360 357 538 359 363 361 540 548 539 538 546 360 537 545 538 540 532 541 529 531 539 539 548 547 549 540 541 534 526 544 550 542 543 550 543 551 365 536 362 544 552 534 546 553 554 544 367 552 367 365 364 555 553 545 363 360 546 361 366 364 548 556 547 546 554 363 545 553 546 548 540 549 537 539 547 547 556 555 557 548 549 543 534 552 558 550 551 558 551 559 367 544 365 552 560 543 554 561 562 552 371 560 371 367 368 563 561 553 366 363 554 364 369 368 556 564 555 554 562 366 553 561 554 556 548 557 545 547 555 555 564 563 565 556 557 551 543 560 566 558 559 566 559 567 371 552 367 560 568 551 562 569 570 560 374 568 374 371 370 571 569 561 369 366 562 368 372 370 564 572 563 562 570 369 561 569 562 564 556 565 553 555 563 563 572 571 573 564 565 559 551 568 574 566 567 574 567 575 374 560 371 568 576 559 570 577 578 568 377 576 377 374 373 579 577 569 372 369 570 370 375 373 572 580 571 570 578 372 569 577 570 572 564 573 561 563 571 571 580 579 581 572 573 567 559 576 582 574 575 582 575 583 377 568 374 576 584 567 578 585 586 584 576 384 384 377 376 587 585 577 375 372 578 373 378 376 580 588 579 578 586 375 577 585 578 580 572 581 569 571 579 579 588 587 589 580 581 575 567 584 590 582 583 590 583 591 384 576 377 584 592 575 586 593 594 592 584 428 428 384 383 595 593 585 378 375 586 376 379 383 588 596 587 586 594 378 585 593 586 588 580 589 577 579 587 587 596 595 597 588 589 583 575 592 598 590 591 598 591 599 428 584 384 592 600 583 594 601 602 600 592 429 429 428 291 603 601 593 379 378 594 383 292 291 596 604 595 594 602 379 593 601 594 596 588 597 585 587 595 595 604 603 605 596 597 591 583 600 606 598 599 606 599 607 429 592 428 600 608 591 602 609 610 600 380 608 380 429 381 611 609 601 292 379 602 291 290 381 604 612 603 602 610 292 601 609 602 604 596 605 593 595 603 603 612 611 613 604 605 599 591 608 614 606 607 614 607 615 380 600 429 608 616 599 610 617 618 608 425 616 425 380 382 619 617 609 290 292 610 381 427 382 612 620 611 610 618 290 609 617 610 612 604 613 601 603 611 611 620 619 621 612 613 607 599 616 622 614 615 622 615 623 425 608 380 616 624 607 618 625 626 616 426 624 426 425 388 627 625 617 427 290 618 382 389 388 620 628 619 618 626 427 617 625 618 620 612 621 609 611 619 619 628 627 629 620 621 615 607 624 630 622 623 630 623 631 426 616 425 624 632 615 626 633 634 624 424 632 424 426 423 635 633 625 389 427 626 388 390 423 628 636 627 626 634 389 625 633 626 628 620 629 617 619 627 627 636 635 637 628 629 623 615 632 638 630 631 638 631 639 424 624 426 632 640 623 634 641 642 632 308 640 308 424 309 643 641 633 390 389 634 423 420 309 636 644 635 634 642 390 633 641 634 636 628 637 625 627 635 635 644 643 645 636 637 631 623 640 646 638 639 646 639 647 308 632 424 640 648 631 642 649 408 391 648 640 307 391 308 650 649 641 420 390 642 309 419 307 644 651 643 642 408 420 641 649 642 644 636 645 633 635 643 643 651 650 652 644 645 639 631 648 653 654 646 647 653 646 391 640 308 655 639 648 413 307 419 386 655 648 386 391 387 656 406 649 419 420 408 307 413 387 651 657 650 408 407 419 649 406 408 651 644 652 641 643 650 650 657 656 658 651 652 647 639 655 397 398 654 654 653 397 386 648 391 659 647 655 387 414 385 402 655 386 409 392 660 661 410 406 413 419 407 387 413 414 657 662 656 407 409 413 406 410 407 657 651 658 649 650 656 656 662 661 663 657 658 653 647 659 314 313 398 404 402 664 659 655 402 659 665 653 664 385 666 404 659 402 666 414 660 385 664 402 667 392 410 414 666 385 662 668 661 409 660 414 410 392 409 662 657 663 406 656 661 661 668 667 669 662 663 397 653 665 312 670 313 671 405 664 665 659 404 672 397 665 673 671 666 403 665 404 394 673 660 405 404 664 674 416 415 671 664 666 668 412 667 666 660 673 392 394 660 668 662 669 410 661 667 667 412 393 675 668 669 314 397 672 670 395 676 403 677 678 672 665 403 314 672 679 405 680 677 672 403 678 671 681 680 403 405 677 673 416 681 405 671 680 394 417 416 673 681 671 394 416 673 412 668 675 392 667 393 393 411 417 682 412 675 312 314 679 683 396 684 684 679 678 679 672 678 679 684 396 685 678 677 678 685 684 686 677 680 677 686 685 687 680 681 680 687 686 674 681 416 681 674 687 422 421 418 411 412 682 394 393 417 417 418 415 688 411 682 670 312 395 399 400 676 685 689 684 312 679 396 396 683 401 686 690 685 684 689 683 687 691 686 685 690 689 674 692 687 686 691 690 415 693 674 687 692 691 418 421 415 692 674 693 418 411 688 415 421 693 422 418 688 676 395 399 395 396 401 316 401 302 399 401 316 302 683 303 401 683 302 303 689 318 683 689 303 318 690 321 689 690 318 321 691 322 690 691 321 322 692 324 691 692 322 324 693 325 692 693 324 327 325 421 693 421 325 694 695 696 697 698 699 700 701 702 703 704 705 706 707 708 709 710 711 712 713 714 715 716 717 718 719 720 721 722 723 724 725 726 727 728 729 730 731 732 733 734 735 736 737 738 739 740 741 742 743 744 745 746 747 748 749 750 751 749 752 748 750 753 753 754 755 755 748 753 756 757 754 755 754 757 758 756 759 756 758 757 759 760 761 761 758 759 762 763 760 761 760 763 764 762 765 762 764 763 765 766 767 767 764 765 697 768 766 767 766 768 744 751 752 697 699 768 749 751 750 745 743 742 742 744 752 737 747 746 747 743 745 736 738 741 737 746 738 740 739 730 736 741 740 731 734 732 739 731 730 735 726 733 734 733 732 727 725 724 724 726 735 719 729 728 729 725 727 718 720 723 719 728 720 722 721 712 718 723 722 713 716 714 721 713 712 717 708 715 716 715 714 709 707 706 706 708 717 701 711 710 711 707 709 700 702 703 701 710 702 705 704 696 700 703 705 694 698 695 704 694 696 697 695 698 769 770 771 769 772 770 770 773 774 771 770 774 770 775 776 773 770 776 770 777 778 775 770 778 770 779 780 777 770 780 770 781 782 779 770 782 770 783 784 781 770 784 770 785 786 783 770 786 770 787 788 785 770 788 770 789 790 787 770 790 791 789 770 792 793 770 770 793 791 794 795 770 770 795 792 796 797 770 770 797 794 798 799 770 770 799 796 800 801 770 770 801 798 802 803 770 770 803 800 804 805 770 770 805 802 806 807 770 770 807 804 770 772 806 808 809 810 811 812 813 814 815 809 810 809 815 816 814 817 814 816 815 817 818 819 819 816 817 820 821 818 819 818 821 822 820 823 820 822 821 823 824 825 825 822 823 826 827 824 825 824 827 828 826 829 826 828 827 830 828 829 830 829 831 810 832 808 833 832 834 832 833 808 834 835 836 836 833 834 837 838 835 836 835 838 839 837 840 837 839 838 840 841 842 842 839 840 843 844 841 842 841 844 845 843 846 843 845 844 846 847 848 848 845 846 848 847 813 849 850 851 847 811 813 852 853 854 855 856 857 858 859 860 861 862 863 864 865 866 867 868 869 870 871 872 873 874 875 876 877 878 870 878 877 876 879 880 879 876 878 881 882 880 880 879 881 831 882 883 881 883 882 830 831 883 872 871 874 870 877 871 873 875 866 872 874 873 864 867 865 875 864 866 868 859 869 867 869 865 863 858 860 860 859 868 852 862 861 862 858 863 854 853 856 852 861 853 855 857 849 854 856 855 850 812 851 857 850 849 811 851 812 884 885 886 884 887 885 885 888 889 886 885 889 885 890 891 888 885 891 885 892 893 890 885 893 885 894 895 892 885 895 885 896 897 894 885 897 885 898 899 896 885 899 885 900 901 898 885 901 885 902 903 900 885 903 885 904 905 902 885 905 906 904 885 907 908 885 885 908 906 909 910 885 885 910 907 911 912 885 885 912 909 913 914 885 885 914 911 915 916 885 885 916 913 917 918 885 885 918 915 919 920 885 885 920 917 921 922 885 885 922 919 885 887 921 923 924 925 926 927 928 929 930 924 925 924 930 931 929 932 929 931 930 932 933 934 934 931 932 935 936 933 934 933 936 937 935 938 935 937 936 938 939 940 940 937 938 941 942 939 940 939 942 943 941 944 941 943 942 945 943 944 945 944 946 925 947 923 948 947 949 947 948 923 949 950 951 951 948 949 952 953 950 951 950 953 954 952 955 952 954 953 955 956 957 957 954 955 958 959 956 957 956 959 960 958 961 958 960 959 961 962 963 963 960 961 963 962 928 964 965 966 962 926 928 967 968 969 970 971 972 973 974 975 976 977 978 979 980 981 982 983 984 985 986 987 988 989 990 991 992 993 985 993 992 991 994 995 994 991 993 996 997 995 995 994 996 946 997 998 996 998 997 945 946 998 987 986 989 985 992 986 988 990 981 987 989 988 979 982 980 990 979 981 983 974 984 982 984 980 978 973 975 975 974 983 967 977 976 977 973 978 969 968 971 967 976 968 970 972 964 969 971 970 965 927 966 972 965 964 926 966 927 999 1000 1001 999 1002 1000 1000 1003 1004 1001 1000 1004 1000 1005 1006 1003 1000 1006 1000 1007 1008 1005 1000 1008 1000 1009 1010 1007 1000 1010 1000 1011 1012 1009 1000 1012 1000 1013 1014 1011 1000 1014 1000 1015 1016 1013 1000 1016 1000 1017 1018 1015 1000 1018 1000 1019 1020 1017 1000 1020 1021 1019 1000 1022 1023 1000 1000 1023 1021 1024 1025 1000 1000 1025 1022 1026 1027 1000 1000 1027 1024 1028 1029 1000 1000 1029 1026 1030 1031 1000 1000 1031 1028 1032 1033 1000 1000 1033 1030 1034 1035 1000 1000 1035 1032 1036 1037 1000 1000 1037 1034 1000 1002 1036 1038 1039 1040 1041 1042 1043 1044 1045 1039 1040 1039 1045 1046 1044 1047 1044 1046 1045 1047 1048 1049 1049 1046 1047 1050 1051 1048 1049 1048 1051 1052 1050 1053 1050 1052 1051 1053 1054 1055 1055 1052 1053 1056 1057 1054 1055 1054 1057 1058 1056 1059 1056 1058 1057 1060 1058 1059 1060 1059 1061 1040 1062 1038 1063 1062 1064 1062 1063 1038 1064 1065 1066 1066 1063 1064 1067 1068 1065 1066 1065 1068 1069 1067 1070 1067 1069 1068 1070 1071 1072 1072 1069 1070 1073 1074 1071 1072 1071 1074 1075 1073 1076 1073 1075 1074 1076 1077 1078 1078 1075 1076 1078 1077 1043 1079 1080 1081 1077 1041 1043 1082 1083 1084 1085 1086 1087 1088 1089 1090 1091 1092 1093 1094 1095 1096 1097 1098 1099 1100 1101 1102 1103 1104 1105 1106 1107 1108 1100 1108 1107 1106 1109 1110 1109 1106 1108 1111 1112 1110 1110 1109 1111 1061 1112 1113 1111 1113 1112 1060 1061 1113 1102 1101 1104 1100 1107 1101 1103 1105 1096 1102 1104 1103 1094 1097 1095 1105 1094 1096 1098 1089 1099 1097 1099 1095 1093 1088 1090 1090 1089 1098 1082 1092 1091 1092 1088 1093 1084 1083 1086 1082 1091 1083 1085 1087 1079 1084 1086 1085 1080 1042 1081 1087 1080 1079 1041 1081 1042 1114 1115 1116 1114 1117 1115 1115 1118 1119 1116 1115 1119 1115 1120 1121 1118 1115 1121 1115 1122 1123 1120 1115 1123 1115 1124 1125 1122 1115 1125 1115 1126 1127 1124 1115 1127 1115 1128 1129 1126 1115 1129 1115 1130 1131 1128 1115 1131 1115 1132 1133 1130 1115 1133 1115 1134 1135 1132 1115 1135 1136 1134 1115 1137 1138 1115 1115 1138 1136 1139 1140 1115 1115 1140 1137 1141 1142 1115 1115 1142 1139 1143 1144 1115 1115 1144 1141 1145 1146 1115 1115 1146 1143 1147 1148 1115 1115 1148 1145 1149 1150 1115 1115 1150 1147 1151 1152 1115 1115 1152 1149 1115 1117 1151 1153 1154 1155 1156 1157 1158 1159 1160 1154 1155 1154 1160 1161 1159 1162 1159 1161 1160 1162 1163 1164 1164 1161 1162 1165 1166 1163 1164 1163 1166 1167 1165 1168 1165 1167 1166 1168 1169 1170 1170 1167 1168 1171 1172 1169 1170 1169 1172 1173 1171 1174 1171 1173 1172 1175 1173 1174 1175 1174 1176 1155 1177 1153 1178 1177 1179 1177 1178 1153 1179 1180 1181 1181 1178 1179 1182 1183 1180 1181 1180 1183 1184 1182 1185 1182 1184 1183 1185 1186 1187 1187 1184 1185 1188 1189 1186 1187 1186 1189 1190 1188 1191 1188 1190 1189 1191 1192 1193 1193 1190 1191 1193 1192 1158 1194 1195 1196 1192 1156 1158 1197 1198 1199 1200 1201 1202 1203 1204 1205 1206 1207 1208 1209 1210 1211 1212 1213 1214 1215 1216 1217 1218 1219 1220 1221 1222 1223 1215 1223 1222 1221 1224 1225 1224 1221 1223 1226 1227 1225 1225 1224 1226 1176 1227 1228 1226 1228 1227 1175 1176 1228 1217 1216 1219 1215 1222 1216 1218 1220 1211 1217 1219 1218 1209 1212 1210 1220 1209 1211 1213 1204 1214 1212 1214 1210 1208 1203 1205 1205 1204 1213 1197 1207 1206 1207 1203 1208 1199 1198 1201 1197 1206 1198 1200 1202 1194 1199 1201 1200 1195 1157 1196 1202 1195 1194 1156 1196 1157 1229 1230 1231 1229 1232 1230 1230 1233 1234 1231 1230 1234 1230 1235 1236 1233 1230 1236 1230 1237 1238 1235 1230 1238 1230 1239 1240 1237 1230 1240 1230 1241 1242 1239 1230 1242 1230 1243 1244 1241 1230 1244 1230 1245 1246 1243 1230 1246 1230 1247 1248 1245 1230 1248 1230 1249 1250 1247 1230 1250 1251 1249 1230 1252 1253 1230 1230 1253 1251 1254 1255 1230 1230 1255 1252 1256 1257 1230 1230 1257 1254 1258 1259 1230 1230 1259 1256 1260 1261 1230 1230 1261 1258 1262 1263 1230 1230 1263 1260 1264 1265 1230 1230 1265 1262 1266 1267 1230 1230 1267 1264 1230 1232 1266 1268 1269 1270 1271 1272 1273 1274 1275 1269 1270 1269 1275 1276 1274 1277 1274 1276 1275 1277 1278 1279 1279 1276 1277 1280 1281 1278 1279 1278 1281 1282 1280 1283 1280 1282 1281 1283 1284 1285 1285 1282 1283 1286 1287 1284 1285 1284 1287 1288 1286 1289 1286 1288 1287 1290 1288 1289 1290 1289 1291 1270 1292 1268 1293 1292 1294 1292 1293 1268 1294 1295 1296 1296 1293 1294 1297 1298 1295 1296 1295 1298 1299 1297 1300 1297 1299 1298 1300 1301 1302 1302 1299 1300 1303 1304 1301 1302 1301 1304 1305 1303 1306 1303 1305 1304 1306 1307 1308 1308 1305 1306 1308 1307 1273 1309 1310 1311 1307 1271 1273 1312 1313 1314 1315 1316 1317 1318 1319 1320 1321 1322 1323 1324 1325 1326 1327 1328 1329 1330 1331 1332 1333 1334 1335 1336 1337 1338 1330 1338 1337 1336 1339 1340 1339 1336 1338 1341 1342 1340 1340 1339 1341 1291 1342 1343 1341 1343 1342 1290 1291 1343 1332 1331 1334 1330 1337 1331 1333 1335 1326 1332 1334 1333 1324 1327 1325 1335 1324 1326 1328 1319 1329 1327 1329 1325 1323 1318 1320 1320 1319 1328 1312 1322 1321 1322 1318 1323 1314 1313 1316 1312 1321 1313 1315 1317 1309 1314 1316 1315 1310 1272 1311 1317 1310 1309 1271 1311 1272 1344 1345 1346 1344 1347 1345 1345 1348 1349 1346 1345 1349 1345 1350 1351 1348 1345 1351 1345 1352 1353 1350 1345 1353 1345 1354 1355 1352 1345 1355 1345 1356 1357 1354 1345 1357 1345 1358 1359 1356 1345 1359 1345 1360 1361 1358 1345 1361 1345 1362 1363 1360 1345 1363 1345 1364 1365 1362 1345 1365 1366 1364 1345 1367 1368 1345 1345 1368 1366 1369 1370 1345 1345 1370 1367 1371 1372 1345 1345 1372 1369 1373 1374 1345 1345 1374 1371 1375 1376 1345 1345 1376 1373 1377 1378 1345 1345 1378 1375 1379 1380 1345 1345 1380 1377 1381 1382 1345 1345 1382 1379 1345 1347 1381 1383 1384 1385 1386 1387 1388 1389 1390 1384 1385 1384 1390 1391 1389 1392 1389 1391 1390 1392 1393 1394 1394 1391 1392 1395 1396 1393 1394 1393 1396 1397 1395 1398 1395 1397 1396 1398 1399 1400 1400 1397 1398 1401 1402 1399 1400 1399 1402 1403 1401 1404 1401 1403 1402 1405 1403 1404 1405 1404 1406 1385 1407 1383 1408 1407 1409 1407 1408 1383 1409 1410 1411 1411 1408 1409 1412 1413 1410 1411 1410 1413 1414 1412 1415 1412 1414 1413 1415 1416 1417 1417 1414 1415 1418 1419 1416 1417 1416 1419 1420 1418 1421 1418 1420 1419 1421 1422 1423 1423 1420 1421 1423 1422 1388 1424 1425 1426 1422 1386 1388 1427 1428 1429 1430 1431 1432 1433 1434 1435 1436 1437 1438 1439 1440 1441 1442 1443 1444 1445 1446 1447 1448 1449 1450 1451 1452 1453 1445 1453 1452 1451 1454 1455 1454 1451 1453 1456 1457 1455 1455 1454 1456 1406 1457 1458 1456 1458 1457 1405 1406 1458 1447 1446 1449 1445 1452 1446 1448 1450 1441 1447 1449 1448 1439 1442 1440 1450 1439 1441 1443 1434 1444 1442 1444 1440 1438 1433 1435 1435 1434 1443 1427 1437 1436 1437 1433 1438 1429 1428 1431 1427 1436 1428 1430 1432 1424 1429 1431 1430 1425 1387 1426 1432 1425 1424 1386 1426 1387 1459 1460 1461 1459 1462 1460 1460 1463 1464 1461 1460 1464 1460 1465 1466 1463 1460 1466 1460 1467 1468 1465 1460 1468 1460 1469 1470 1467 1460 1470 1460 1471 1472 1469 1460 1472 1460 1473 1474 1471 1460 1474 1460 1475 1476 1473 1460 1476 1460 1477 1478 1475 1460 1478 1460 1479 1480 1477 1460 1480 1481 1479 1460 1482 1483 1460 1460 1483 1481 1484 1485 1460 1460 1485 1482 1486 1487 1460 1460 1487 1484 1488 1489 1460 1460 1489 1486 1490 1491 1460 1460 1491 1488 1492 1493 1460 1460 1493 1490 1494 1495 1460 1460 1495 1492 1496 1497 1460 1460 1497 1494 1460 1462 1496 1498 1499 1500 1501 1502 1503 1504 1505 1499 1500 1499 1505 1506 1504 1507 1504 1506 1505 1507 1508 1509 1509 1506 1507 1510 1511 1508 1509 1508 1511 1512 1510 1513 1510 1512 1511 1513 1514 1515 1515 1512 1513 1516 1517 1514 1515 1514 1517 1518 1516 1519 1516 1518 1517 1520 1518 1519 1520 1519 1521 1500 1522 1498 1523 1522 1524 1522 1523 1498 1524 1525 1526 1526 1523 1524 1527 1528 1525 1526 1525 1528 1529 1527 1530 1527 1529 1528 1530 1531 1532 1532 1529 1530 1533 1534 1531 1532 1531 1534 1535 1533 1536 1533 1535 1534 1536 1537 1538 1538 1535 1536 1538 1537 1503 1539 1540 1541 1537 1501 1503 1542 1543 1544 1545 1546 1547 1548 1549 1550 1551 1552 1553 1554 1555 1556 1557 1558 1559 1560 1561 1562 1563 1564 1565 1566 1567 1568 1560 1568 1567 1566 1569 1570 1569 1566 1568 1571 1572 1570 1570 1569 1571 1521 1572 1573 1571 1573 1572 1520 1521 1573 1562 1561 1564 1560 1567 1561 1563 1565 1556 1562 1564 1563 1554 1557 1555 1565 1554 1556 1558 1549 1559 1557 1559 1555 1553 1548 1550 1550 1549 1558 1542 1552 1551 1552 1548 1553 1544 1543 1546 1542 1551 1543 1545 1547 1539 1544 1546 1545 1540 1502 1541 1547 1540 1539 1501 1541 1502 1574 1575 1576 1574 1577 1575 1575 1578 1579 1576 1575 1579 1575 1580 1581 1578 1575 1581 1575 1582 1583 1580 1575 1583 1575 1584 1585 1582 1575 1585 1575 1586 1587 1584 1575 1587 1575 1588 1589 1586 1575 1589 1575 1590 1591 1588 1575 1591 1575 1592 1593 1590 1575 1593 1575 1594 1595 1592 1575 1595 1596 1594 1575 1597 1598 1575 1575 1598 1596 1599 1600 1575 1575 1600 1597 1601 1602 1575 1575 1602 1599 1603 1604 1575 1575 1604 1601 1605 1606 1575 1575 1606 1603 1607 1608 1575 1575 1608 1605 1609 1610 1575 1575 1610 1607 1611 1612 1575 1575 1612 1609 1575 1577 1611 1613 1614 1615 1616 1617 1618 1619 1620 1621 1622 1623 1624 1625 1626 1627 1628 1629 1630 1631 1632 1633 1634 1635 1636 1637 1638 1639 1640 1641 1642 1643 1644 1645 1646 1647 1648 1649 1650 1651 1652 1653 1654 1655 1656 1657 1658 1659 1660 1661 1662 1663 1664 1665 1666 1667 1668 1669 1668 1667 1670 1669 1671 1672 1672 1667 1669 1673 1674 1671 1672 1671 1674 1675 1673 1676 1673 1675 1674 1676 1677 1678 1678 1675 1676 1679 1680 1677 1678 1677 1680 1681 1679 1682 1679 1681 1680 1682 1683 1684 1684 1681 1682 1685 1686 1683 1684 1683 1686 1685 1616 1686 1663 1670 1661 1670 1663 1668 1664 1662 1661 1656 1666 1665 1666 1662 1664 1655 1657 1660 1656 1665 1657 1659 1658 1649 1655 1660 1659 1650 1653 1651 1658 1650 1649 1654 1645 1652 1653 1652 1651 1646 1644 1643 1643 1645 1654 1638 1648 1647 1648 1644 1646 1637 1639 1642 1638 1647 1639 1641 1640 1631 1637 1642 1641 1632 1635 1633 1640 1632 1631 1636 1627 1634 1635 1634 1633 1628 1626 1625 1625 1627 1636 1620 1630 1629 1630 1626 1628 1619 1621 1622 1620 1629 1621 1624 1623 1615 1619 1622 1624 1613 1618 1614 1623 1613 1615 1616 1685 1617 1618 1617 1614 1687 1688 1689 1690 1691 1692 1693 1689 1694 1688 1694 1689 1695 1696 1693 1693 1694 1695 1696 1697 1698 1697 1696 1695 1699 1698 1700 1697 1700 1698 1701 1702 1699 1699 1700 1701 1702 1703 1704 1703 1702 1701 1705 1704 1706 1703 1706 1704 1707 1708 1705 1705 1706 1707 1707 1709 1708 1710 1688 1687 1711 1712 1710 1710 1687 1711 1712 1713 1714 1713 1712 1711 1715 1714 1716 1713 1716 1714 1717 1718 1715 1715 1716 1717 1718 1719 1720 1719 1718 1717 1721 1720 1722 1719 1722 1720 1723 1724 1721 1721 1722 1723 1724 1725 1726 1725 1724 1723 1691 1726 1692 1725 1692 1726 1727 1728 1729 1690 1730 1731 1732 1733 1734 1735 1736 1737 1738 1739 1740 1741 1742 1743 1744 1745 1746 1747 1748 1749 1750 1751 1752 1753 1754 1755 1756 1757 1750 1750 1752 1756 1757 1758 1759 1758 1757 1756 1760 1759 1761 1758 1761 1759 1762 1709 1760 1760 1761 1762 1708 1709 1762 1751 1753 1755 1751 1755 1752 1754 1745 1744 1753 1745 1754 1747 1746 1748 1744 1746 1747 1739 1749 1740 1749 1748 1740 1743 1742 1738 1742 1739 1738 1732 1734 1741 1732 1741 1743 1733 1735 1737 1733 1737 1734 1736 1728 1727 1735 1728 1736 1730 1729 1731 1727 1729 1730 1690 1731 1691 1763 1764 1765 1766 1767 1768 1766 1769 1767 1770 1771 1768 1766 1768 1771 1770 1772 1773 1773 1771 1770 1774 1772 1775 1772 1774 1773 1776 1777 1778 1779 1780 1775 1781 1782 1783 1784 1785 1786 1787 1788 1789 1790 1791 1792 1793 1794 1795 1796 1797 1798 1795 1794 1796 1799 1794 1793 1788 1798 1797 1798 1795 1796 1791 1787 1789 1789 1788 1797 1787 1791 1790 1785 1784 1792 1792 1784 1790 1781 1783 1786 1785 1781 1786 1782 1764 1763 1783 1782 1763 1765 1777 1776 1765 1764 1777 1779 1778 1780 1779 1776 1778 1780 1774 1775 1800 1801 1802 1803 1804 1805 1806 1807 1808 1809 1810 1811 1812 1813 1814 1815 1816 1817 1818 1819 1820 1821 1822 1823 1824 1825 1826 1827 1828 1829 1830 1831 1832 1833 1834 1835 1836 1837 1838 1839 1840 1841 1842 1843 1844 1845 1846 1847 1848 1849 1850 1851 1852 1853 1854 1855 1856 1857 1858 1853 1853 1852 1857 1859 1858 1860 1857 1860 1858 1859 1861 1862 1861 1859 1860 1863 1864 1862 1862 1861 1863 1865 1864 1866 1863 1866 1864 1865 1867 1868 1867 1865 1866 1869 1870 1868 1868 1867 1869 1871 1870 1872 1869 1872 1870 1802 1872 1873 1872 1802 1871 1851 1854 1856 1851 1856 1852 1845 1855 1846 1846 1855 1854 1849 1847 1850 1849 1845 1847 1848 1839 1841 1848 1850 1839 1840 1843 1842 1841 1840 1842 1835 1834 1844 1843 1835 1844 1836 1838 1833 1833 1838 1834 1827 1837 1828 1828 1837 1836 1831 1829 1832 1831 1827 1829 1830 1821 1823 1830 1832 1821 1822 1825 1824 1823 1822 1824 1817 1816 1826 1825 1817 1826 1818 1820 1815 1815 1820 1816 1809 1819 1810 1810 1819 1818 1813 1811 1814 1813 1809 1811 1812 1803 1805 1812 1814 1803 1804 1806 1808 1805 1804 1808 1801 1800 1807 1806 1801 1807 1802 1873 1800 1874 1875 1876 1877 1878 1879 1880 1877 1881 1877 1882 1883 1884 1885 1886 1883 1882 1887 1888 1889 1890 1891 1892 1893 1894 1895 1896 1897 1898 1899 1900 1901 1895 1902 1903 1904 1905 1906 1907 1908 1909 1910 1911 1912 1913 1914 1915 1916 1917 1918 1919 1920 1921 1922 1914 1923 1915 1924 1925 1926 1927 1928 1914 1929 1930 1931 1928 1927 1932 1933 1934 1935 1936 1937 1938 1939 1940 1941 1942 1943 1944 1945 1946 1947 1948 1931 1949 1950 1945 1947 1951 1952 1953 1954 1903 1902 1883 1955 1956 1957 1958 1959 1892 1960 1961 1962 1963 1897 1895 1964 1900 1886 1965 1966 1895 1967 1896 1895 1901 1967 1968 1889 1894 1895 1894 1889 1889 1969 1890 1889 1968 1969 1889 1965 1886 1888 1965 1889 1886 1970 1884 1966 1970 1886 1881 1886 1885 1878 1877 1880 1881 1877 1886 1877 1879 1882 1955 1883 1887 1960 1971 1961 1904 1903 1961 1972 1973 1945 1974 1975 1976 1977 1978 1979 1926 1980 1981 1923 1914 1926 1927 1914 1982 1928 1983 1984 1985 1986 1987 1947 1946 1988 1989 1990 1991 1992 1993 1994 1995 1906 1996 1997 1998 1999 1974 2000 1975 2001 2002 2003 2004 2005 2006 2007 2008 1964 1900 1964 2002 1964 2009 2007 2010 2011 2012 1935 2013 2014 1920 2015 1921 1920 2016 2015 1926 1920 2017 1922 2017 1920 1926 2017 1980 1981 1924 1926 1923 1926 1925 1916 1982 1914 1940 1928 1932 2018 2019 2020 1941 2021 1939 2022 2013 2023 2019 2018 2024 1986 1985 2025 2026 1942 2027 2028 1984 2029 2030 2013 1942 1934 1933 2031 2032 2033 2034 2035 2036 2037 2038 2039 2040 2041 1938 2042 1931 2043 2044 1948 2045 1931 2046 2032 2034 2043 2047 2044 2048 1977 2049 2044 2050 2051 2034 2052 2053 2048 2046 2034 2054 2011 2053 2034 2053 2011 2011 2010 1920 2011 2054 2012 2016 1920 2055 1920 2010 2055 2025 1985 1911 2056 2057 2058 2059 1984 2060 1984 1983 2060 1984 2059 2029 2061 2058 2028 1984 2028 2058 2062 2058 2063 2058 2061 2063 2058 2062 2056 2058 1943 1942 2057 1943 2058 2064 1942 2026 1944 2027 1942 2023 2013 2030 2030 1942 2064 2013 2022 2014 2013 1935 1934 1997 2065 2066 2067 2068 2069 1988 2070 1947 2071 2072 2073 2070 2074 1947 2075 2076 2035 1993 2077 2078 2079 2080 2081 2082 2083 1997 2084 2085 2086 2087 2076 2088 2089 1985 1987 1911 2090 1912 1911 1913 2091 2092 1912 2090 2093 2092 2090 2020 2093 2090 2024 2021 2019 2020 2090 2018 1939 1928 1940 2019 2021 1941 1983 1928 1939 2074 2094 2095 2096 1952 2097 1973 2098 1933 2098 1973 1972 2098 2031 1933 1934 2099 2100 2031 2099 1934 2101 1909 2100 1934 2100 1909 1909 2102 1910 1909 2101 2102 2069 1909 2103 1908 2103 1909 2069 2104 2067 2069 2103 2104 1952 2069 1953 2068 1953 2069 1951 2105 1952 1952 2106 2097 2105 2106 1952 2096 2035 1952 2107 2035 2037 2096 2036 2035 2108 2076 2075 2075 2035 2107 2109 2110 2111 2112 2113 2114 2115 2116 2117 2110 2077 1993 2072 2071 2118 2119 2120 1907 2084 2086 1992 2121 2122 2123 2124 2086 2085 2125 2071 2073 2074 2095 2073 2126 2094 2074 1950 1972 1945 2070 2126 2074 1994 1993 2078 2127 2128 1995 1990 2129 2112 2109 2077 2110 1990 1989 2111 2110 1990 2111 2112 2114 1991 1991 1990 2112 2108 2113 2088 2113 2108 2114 2108 2088 2076 2076 2130 2131 2087 2130 2076 2132 2116 2131 2076 2131 2116 2116 2133 2117 2116 2132 2133 1958 2116 2134 2115 2134 2116 1958 2134 1959 1958 1957 2135 1907 1958 2136 2135 2136 1958 2120 2137 1907 1907 2136 2119 1907 2138 1905 2137 2138 1907 1905 2139 1906 1906 2140 1996 2139 2140 1906 2141 2142 2127 1975 2143 2144 2145 1974 1976 2144 2146 1975 2146 2147 2121 2148 2147 2146 2149 2083 2150 2150 2083 2082 2083 2149 2151 2152 2153 2154 1999 2155 1997 2156 2157 2158 2159 2079 2081 2151 2159 2083 2160 2161 2159 2162 2163 2164 1975 2000 2143 2165 2145 1976 2142 2141 2166 2167 1976 2166 2165 1976 2167 1995 2141 2127 2141 2167 2166 1906 2128 2168 2128 1906 1995 2156 2168 2157 1906 2168 2156 2153 2156 2169 2158 2169 2156 2170 2153 2171 2153 2169 2171 2153 2172 2154 2153 2170 2172 1876 2153 1874 2152 1874 2153 1875 2173 1876 1876 2174 2175 2173 2174 1876 2005 1876 2176 2175 2176 1876 2004 2177 2005 2005 2176 2006 1964 2005 2009 2177 2009 2005 2002 1964 2008 2003 1998 2001 2008 2003 2002 1997 2066 1998 2001 1998 2066 2155 2082 1997 1949 2178 1948 2179 2180 2181 1930 2043 1931 1929 1931 2045 2182 2183 1938 2184 2185 2186 2187 2183 2188 2189 2190 2191 2192 2193 2194 2195 2196 2034 2196 2052 2034 2197 2039 2198 2199 2162 2038 2038 2040 2200 2201 2202 2203 1904 1961 2204 1891 2205 1892 2205 1960 1892 1893 1892 1897 1893 1897 1963 1897 1899 1962 1962 2206 1955 2206 1962 1899 2206 1956 1955 1883 2207 2208 1956 2207 1883 2209 1919 2208 1883 2208 1919 1919 2210 1917 1919 2209 2210 2179 1919 2211 1918 2211 1919 2180 2179 2212 2179 2211 2212 2181 2213 2179 2214 1949 2213 2179 2213 1949 2215 1949 2216 1949 2214 2216 2178 1949 2215 2217 2218 2219 2190 2189 2220 2049 2221 2048 1979 2049 1977 2046 2048 2222 2048 2223 2224 2221 2223 2048 2224 2222 2048 2033 2195 2034 2225 2196 2198 2196 2225 2052 2193 2226 2194 2039 2197 2227 2225 2198 2201 2201 2198 2039 2040 2039 2227 2191 2228 2229 2039 2202 2201 2200 2199 2038 1954 2065 1903 2230 2203 2202 2163 2162 2199 2231 2189 2186 2232 2233 1937 2234 2186 1937 2232 1937 1936 1937 2233 2234 2183 2187 1936 1936 1938 2183 2047 2188 2050 2188 2047 2187 2047 2050 2044 2044 2235 2236 2051 2235 2044 2237 2217 2236 2044 2236 2217 2219 2238 2217 2217 2237 2218 1977 2217 2239 2238 2239 2217 1978 1977 2240 1977 2239 2240 2164 2226 2162 2241 2081 2080 1985 2089 2202 2089 2230 2202 2242 2072 2118 2242 2243 2072 2072 2243 2018 1911 2091 2025 2018 2243 2024 2244 2125 2073 2124 1950 2086 1950 2245 2246 2073 2095 2244 1972 1950 2246 1950 2124 2245 2122 2247 2123 1993 1992 2086 2123 2247 2129 1990 2123 2129 2146 2121 2123 2248 2081 2241 2146 2144 2148 2248 2142 2166 2081 2248 2166 2159 2151 2160 2161 2079 2159 2249 2065 2250 2066 2065 2249 2065 1954 2250 2251 2229 2228 2229 2251 1898 1961 1971 2204 1898 1897 2229 2189 2191 2229 2189 2231 2220 2186 2185 2231 2184 2186 2234 2041 2182 1938 1938 2193 2042 2193 2162 2226 2042 2193 2192 2252 2253 2254 2253 2255 2256 2255 2253 2252 2257 2256 2258 2255 2258 2256 2259 2260 2257 2257 2258 2259 2260 2261 2262 2261 2260 2259 2263 2262 2264 2261 2264 2262 2265 2266 2263 2263 2264 2265 2266 2267 2268 2267 2266 2265 2269 2268 2270 2267 2270 2268 2271 2272 2269 2269 2270 2271 2271 2273 2272 2274 2273 2275 2273 2274 2272 2276 2277 2275 2274 2275 2277 2276 2278 2279 2279 2277 2276 2280 2278 2281 2278 2280 2279 2282 2283 2281 2280 2281 2283 2282 2284 2285 2285 2283 2282 2286 2284 2287 2284 2286 2285 2288 2289 2287 2286 2287 2289 2288 2290 2291 2291 2289 2288 2254 2292 2252 2293 2294 2292 2292 2254 2293 2294 2295 2296 2295 2294 2293 2297 2296 2298 2295 2298 2296 2299 2300 2297 2297 2298 2299 2301 2300 2299 2302 2301 2303 2301 2302 2300 2304 2305 2303 2302 2303 2305 2304 2306 2307 2307 2305 2304 2308 2306 2309 2306 2308 2307 2310 2311 2309 2308 2309 2311 2310 2312 2313 2313 2311 2310 2314 2312 2315 2312 2314 2313 2316 2317 2315 2314 2315 2317 2316 2318 2319 2319 2317 2316 2320 2318 2321 2318 2320 2319 2322 2323 2321 2320 2321 2323 2322 2324 2325 2325 2323 2322 2326 2324 2291 2324 2326 2325 2326 2291 2290 2327 2328 2329 2330 2331 2329 2327 2329 2331 2330 2332 2333 2333 2331 2330 2334 2332 2335 2332 2334 2333 2336 2337 2335 2334 2335 2337 2336 2338 2339 2339 2337 2336 2340 2338 2341 2338 2340 2339 2342 2343 2341 2340 2341 2343 2342 2344 2345 2345 2343 2342 2346 2344 2347 2344 2346 2345 2348 2349 2347 2346 2347 2349 2348 2350 2351 2351 2349 2348 2352 2350 2353 2350 2352 2351 2354 2355 2353 2352 2353 2355 2354 2356 2357 2357 2355 2354 2358 2356 2359 2356 2358 2357 2360 2361 2359 2358 2359 2361 2360 2362 2363 2363 2361 2360 2364 2362 2365 2362 2364 2363 2366 2367 2365 2364 2365 2367 2366 2368 2369 2369 2367 2366 2370 2368 2371 2368 2370 2369 2372 2373 2371 2370 2371 2373 2372 2374 2375 2375 2373 2372 2374 2376 2375 2327 2377 2328 2377 2378 2379 2378 2377 2327 2380 2379 2381 2378 2381 2379 2382 2383 2380 2380 2381 2382 2383 2384 2385 2384 2383 2382 2386 2385 2387 2384 2387 2385 2388 2389 2386 2386 2387 2388 2389 2390 2391 2390 2389 2388 2392 2391 2393 2390 2393 2391 2394 2395 2392 2392 2393 2394 2395 2396 2397 2396 2395 2394 2398 2397 2399 2396 2399 2397 2400 2401 2398 2398 2399 2400 2401 2402 2403 2402 2401 2400 2404 2403 2405 2402 2405 2403 2406 2407 2404 2404 2405 2406 2407 2408 2409 2408 2407 2406 2410 2409 2411 2408 2411 2409 2412 2413 2410 2410 2411 2412 2413 2414 2415 2414 2413 2412 2416 2415 2417 2414 2417 2415 2418 2419 2416 2416 2417 2418 2419 2420 2421 2420 2419 2418 2374 2421 2422 2420 2422 2421 2374 2422 2376 2423 2424 2425 2426 2427 2428 2429 2430 2431 2431 2432 2433 2425 2429 2431 2433 2434 2435 2423 2436 2437 2438 2439 2435 2439 2438 2440 2441 2442 2443 2443 2444 2436 2445 2446 2447 2448 2447 2440 2449 2450 2451 2452 2453 2454 2455 2456 2457 2456 2455 2458 2426 2459 2427 2460 2428 2461 2462 2463 2464 2463 2462 2465 2466 2467 2468 2469 2470 2471 2472 2473 2474 2468 2475 2476 2477 2478 2473 2479 2467 2480 2481 2482 2483 2484 2464 2479 2469 2485 2482 2486 2487 2488 2489 2490 2470 2487 2486 2491 2492 2463 2493 2494 2457 2495 2492 2496 2459 2497 2498 2460 2456 2495 2457 2499 2500 2501 2502 2501 2498 2478 2476 2475 2503 2504 2454 2499 2503 2500 2505 2446 2506 2449 2451 2505 2441 2453 2442 2491 2494 2495 2494 2491 2486 2451 2450 2455 2450 2458 2455 2506 2449 2505 2445 2506 2446 2448 2445 2447 2439 2440 2447 2434 2438 2435 2432 2434 2433 2430 2432 2431 2424 2429 2425 2437 2424 2423 2444 2437 2436 2441 2443 2436 2452 2442 2453 2504 2452 2454 2500 2503 2454 2502 2499 2501 2497 2502 2498 2461 2497 2460 2426 2428 2460 2496 2427 2459 2493 2496 2492 2465 2493 2463 2484 2462 2464 2480 2484 2479 2466 2480 2467 2475 2468 2467 2478 2477 2476 2472 2477 2473 2481 2474 2473 2482 2485 2483 2481 2483 2474 2469 2507 2485 2471 2470 2490 2507 2469 2471 2490 2489 2488 2486 2488 2489 2508 2509 2510 2511 2512 2513 2514 2515 2516 2517 2518 2519 2520 2512 2511 2521 2522 2523 2524 2525 2522 2526 2527 2528 2529 2523 2530 2531 2532 2533 2534 2535 2536 2537 2510 2538 2537 2538 2539 2537 2539 2540 2541 2542 2543 2535 2544 2545 2546 2547 2548 2549 2550 2551 2552 2553 2550 2554 2545 2555 2556 2557 2558 2559 2560 2556 2554 2561 2562 2563 2564 2565 2566 2567 2568 2569 2570 2571 2572 2573 2574 2531 2575 2532 2576 2577 2578 2579 2580 2581 2582 2583 2584 2585 2586 2578 2587 2588 2589 2590 2587 2591 2592 2593 2594 2588 2587 2595 2593 2596 2597 2598 2599 2600 2601 2602 2603 2602 2597 2580 2604 2605 2581 2606 2581 2605 2607 2605 2604 2591 2608 2609 2609 2586 2610 2598 2611 2612 2613 2614 2615 2614 2616 2594 2617 2577 2618 2617 2619 2620 2615 2621 2622 2621 2623 2624 2619 2625 2573 2626 2574 2627 2531 2628 2623 2575 2568 2629 2626 2630 2565 2631 2563 2632 2633 2597 2596 2566 2562 2634 2631 2635 2559 2615 2622 2636 2637 2560 2635 2638 2536 2535 2558 2547 2639 2540 2638 2537 2640 2546 2641 2642 2643 2644 2644 2509 2508 2645 2642 2526 2508 2642 2644 2646 2647 2527 2645 2643 2642 2530 2527 2529 2526 2528 2645 2519 2648 2517 2518 2511 2649 2650 2651 2652 2571 2653 2654 2655 2656 2657 2652 2656 2658 2659 2660 2661 2549 2662 2663 2664 2665 2666 2543 2667 2657 2668 2669 2606 2514 2670 2671 2672 2673 2674 2668 2606 2605 2674 2668 2605 2675 2676 2677 2678 2669 2676 2679 2676 2669 2675 2678 2676 2680 2681 2582 2677 2681 2680 2583 2582 2682 2606 2669 2678 2652 2658 2683 2674 2605 2672 2684 2685 2686 2607 2672 2605 2666 2679 2669 2679 2665 2687 2684 2688 2541 2689 2690 2659 2664 2660 2691 2692 2693 2694 2654 2692 2695 2661 2694 2689 2696 2569 2697 2515 2651 2698 2699 2513 2512 2700 2696 2699 2701 2702 2703 2671 2701 2514 2549 2704 2705 2705 2703 2706 2551 2704 2549 2707 2550 2553 2686 2685 2673 2708 2541 2688 2673 2685 2674 2709 2676 2679 2674 2710 2668 2666 2665 2679 2669 2668 2666 2711 2681 2712 2681 2682 2582 2675 2677 2680 2677 2709 2712 2711 2682 2681 2685 2710 2674 2688 2684 2686 2691 2665 2664 2710 2666 2668 2710 2685 2713 2712 2709 2714 2666 2710 2664 2715 2712 2714 2677 2712 2681 2676 2709 2677 2687 2714 2709 2711 2712 2715 2713 2685 2684 2542 2541 2708 2691 2716 2665 2713 2664 2710 2684 2717 2713 2660 2659 2691 2664 2713 2660 2718 2714 2719 2720 2715 2714 2679 2687 2709 2687 2716 2719 2718 2720 2714 2541 2717 2684 2667 2543 2542 2721 2691 2659 2717 2660 2713 2541 2722 2717 2716 2723 2719 2660 2717 2661 2724 2719 2723 2687 2719 2714 2665 2716 2687 2716 2721 2723 2718 2719 2724 2543 2722 2541 2655 2657 2667 2693 2689 2694 2722 2661 2717 2543 2725 2722 2723 2721 2726 2661 2722 2694 2659 2661 2689 2726 2727 2723 2691 2721 2716 2690 2726 2721 2724 2723 2727 2657 2725 2543 2658 2656 2655 2693 2728 2689 2725 2694 2722 2657 2729 2725 2692 2654 2693 2694 2725 2692 2730 2726 2731 2732 2727 2726 2659 2690 2721 2690 2728 2731 2730 2732 2726 2729 2657 2656 2650 2652 2683 2733 2693 2654 2729 2692 2725 2656 2734 2729 2728 2735 2731 2692 2729 2695 2736 2731 2735 2690 2731 2726 2689 2728 2690 2728 2733 2735 2730 2731 2736 2652 2734 2656 2698 2651 2650 2569 2571 2697 2734 2695 2729 2652 2737 2734 2735 2733 2738 2695 2734 2697 2654 2695 2571 2738 2739 2735 2693 2733 2728 2653 2738 2733 2736 2735 2739 2651 2737 2652 2516 2515 2698 2697 2571 2695 2737 2697 2734 2737 2651 2740 2696 2700 2569 2697 2737 2696 2653 2741 2738 2742 2739 2738 2654 2653 2733 2653 2570 2741 2743 2742 2738 2515 2740 2651 2670 2514 2516 2744 2569 2700 2740 2696 2737 2745 2740 2515 2699 2512 2700 2699 2696 2740 2746 2741 2747 2741 2743 2738 2571 2570 2653 2570 2744 2747 2746 2743 2741 2514 2745 2515 2702 2701 2671 2525 2748 2522 2745 2699 2740 2749 2745 2514 2750 2747 2744 2745 2513 2699 2751 2747 2750 2570 2747 2741 2569 2744 2570 2752 2750 2744 2746 2747 2751 2701 2749 2514 2706 2703 2702 2649 2511 2513 2749 2513 2745 2701 2753 2749 2512 2752 2700 2749 2649 2513 2752 2754 2750 2755 2756 2750 2700 2752 2744 2520 2754 2752 2751 2750 2756 2703 2753 2701 2662 2705 2706 2649 2757 2518 2753 2649 2749 2758 2753 2703 2511 2518 2748 2649 2753 2757 2759 2754 2525 2754 2755 2750 2512 2520 2752 2520 2748 2525 2759 2755 2754 2758 2703 2705 2663 2552 2549 2760 2757 2758 2758 2757 2753 2758 2704 2760 2519 2518 2757 2760 2519 2757 2517 2748 2518 2520 2525 2754 2511 2748 2520 2517 2522 2748 2759 2525 2524 2549 2705 2662 2551 2550 2761 2760 2704 2762 2705 2704 2758 2704 2551 2762 2519 2760 2763 2760 2762 2763 2764 2648 2763 2519 2763 2648 2517 2530 2522 2648 2530 2517 2524 2522 2521 2552 2550 2549 2707 2761 2550 2761 2765 2551 2551 2765 2762 2765 2766 2762 2766 2767 2763 2766 2763 2762 2764 2763 2767 2764 2528 2648 2648 2528 2530 2530 2528 2527 2523 2522 2530 2768 2538 2510 2538 2769 2539 2561 2770 2562 2509 2768 2510 2640 2508 2771 2510 2771 2508 2772 2642 2640 2508 2640 2642 2546 2640 2771 2526 2772 2646 2529 2527 2647 2773 2510 2537 2536 2638 2540 2547 2546 2639 2773 2771 2510 2537 2774 2773 2646 2772 2775 2771 2773 2639 2776 2646 2775 2526 2646 2527 2642 2772 2526 2641 2775 2772 2647 2646 2776 2774 2537 2638 2544 2535 2534 2639 2546 2771 2774 2639 2773 2774 2638 2777 2558 2557 2547 2639 2774 2558 2641 2778 2775 2779 2776 2775 2640 2641 2772 2641 2548 2778 2780 2779 2775 2535 2777 2638 2555 2545 2544 2781 2547 2557 2777 2558 2774 2535 2782 2777 2556 2560 2557 2558 2777 2556 2783 2778 2784 2778 2780 2775 2546 2548 2641 2548 2781 2784 2783 2780 2778 2545 2782 2535 2561 2554 2555 2635 2560 2559 2782 2556 2777 2782 2545 2785 2786 2784 2781 2556 2782 2559 2787 2784 2786 2548 2784 2778 2547 2781 2548 2788 2786 2781 2783 2784 2787 2785 2545 2554 2634 2562 2770 2632 2635 2631 2785 2559 2782 2554 2789 2785 2560 2788 2557 2631 2559 2785 2788 2790 2786 2791 2792 2786 2557 2788 2781 2637 2790 2788 2787 2786 2792 2562 2789 2554 2567 2566 2634 2632 2793 2635 2789 2631 2785 2562 2794 2789 2563 2565 2632 2631 2789 2563 2795 2790 2796 2790 2791 2786 2560 2637 2788 2637 2793 2796 2795 2791 2790 2566 2794 2562 2629 2568 2567 2797 2632 2565 2794 2563 2789 2566 2798 2794 2793 2799 2796 2563 2794 2564 2800 2796 2799 2637 2796 2790 2635 2793 2637 2793 2797 2799 2795 2796 2800 2568 2798 2566 2532 2575 2629 2574 2626 2572 2798 2564 2794 2568 2801 2798 2799 2797 2802 2564 2798 2572 2565 2564 2626 2799 2803 2804 2632 2797 2793 2630 2802 2797 2800 2799 2804 2801 2568 2575 2628 2531 2533 2572 2626 2564 2801 2572 2798 2801 2575 2805 2573 2625 2574 2572 2801 2573 2630 2806 2802 2802 2803 2799 2565 2630 2797 2630 2627 2806 2807 2803 2802 2531 2805 2575 2624 2623 2628 2808 2574 2625 2805 2573 2801 2531 2809 2805 2619 2617 2625 2573 2805 2619 2810 2806 2811 2806 2807 2802 2626 2627 2630 2627 2808 2811 2810 2807 2806 2623 2809 2531 2622 2621 2624 2812 2625 2617 2809 2619 2805 2809 2623 2813 2814 2811 2808 2619 2809 2620 2815 2811 2814 2627 2811 2806 2574 2808 2627 2812 2814 2808 2810 2811 2815 2813 2623 2621 2613 2615 2636 2578 2577 2585 2813 2620 2809 2621 2816 2813 2814 2812 2817 2620 2813 2585 2617 2620 2577 2818 2819 2814 2625 2812 2808 2618 2817 2812 2815 2814 2819 2615 2816 2621 2616 2614 2613 2585 2577 2620 2816 2585 2813 2816 2615 2820 2586 2609 2578 2585 2816 2586 2821 2817 2822 2817 2818 2814 2617 2618 2812 2618 2576 2822 2821 2818 2817 2614 2820 2615 2592 2594 2616 2823 2578 2609 2820 2586 2816 2824 2820 2614 2610 2591 2609 2586 2820 2610 2825 2822 2826 2618 2822 2817 2577 2576 2618 2576 2823 2826 2821 2822 2825 2594 2824 2614 2596 2593 2592 2610 2590 2591 2824 2610 2820 2824 2594 2827 2828 2826 2823 2610 2824 2590 2829 2826 2828 2576 2826 2822 2578 2823 2576 2608 2828 2823 2825 2826 2829 2827 2594 2593 2830 2597 2633 2590 2831 2587 2827 2590 2824 2593 2832 2827 2591 2587 2589 2831 2590 2827 2608 2600 2828 2833 2834 2828 2609 2608 2823 2589 2600 2608 2829 2828 2834 2597 2832 2593 2580 2830 2835 2601 2831 2832 2832 2831 2827 2832 2602 2601 2595 2587 2831 2831 2601 2595 2612 2611 2584 2600 2833 2828 2591 2589 2608 2589 2588 2598 2599 2833 2600 2830 2580 2597 2835 2604 2581 2595 2601 2836 2597 2602 2832 2602 2579 2603 2588 2595 2837 2601 2603 2836 2598 2588 2611 2836 2837 2595 2589 2598 2600 2837 2611 2588 2599 2598 2612 2835 2581 2580 2580 2579 2602 2606 2678 2579 2581 2606 2579 2678 2675 2603 2579 2678 2603 2675 2680 2836 2603 2675 2836 2680 2582 2837 2836 2680 2837 2582 2584 2611 2837 2582 2611 2838 2839 2840 2841 2842 2843 2844 2845 2846 2840 2847 2848 2847 2839 2846 2849 2847 2850 2851 2852 2853 2850 2852 2851 2854 2852 2855 2856 2855 2857 2858 2854 2856 2855 2856 2854 2859 2860 2858 2859 2861 2862 2863 2864 2865 2860 2859 2862 2866 2867 2868 2868 2869 2860 2866 2870 2871 2872 2873 2874 2875 2870 2865 2874 2866 2876 2865 2877 2875 2870 2874 2878 2879 2880 2881 2863 2882 2883 2864 2883 2884 2863 2883 2864 2885 2884 2886 2887 2888 2886 2885 2889 2890 2885 2886 2888 2891 2889 2892 2893 2889 2888 2868 2862 2876 2894 2895 2896 2897 2850 2846 2896 2879 2894 2894 2898 2892 2898 2894 2881 2896 2895 2899 2838 2900 2901 2902 2900 2840 2900 2903 2901 2904 2838 2901 2905 2906 2907 2906 2905 2903 2908 2905 2907 2906 2909 2907 2910 2911 2912 2910 2912 2909 2911 2913 2914 2915 2910 2909 2916 2911 2917 2910 2918 2913 2919 2920 2914 2919 2913 2921 2920 2922 2923 2924 2922 2919 2925 2920 2923 2922 2926 2923 2927 2928 2929 2929 2926 2927 2929 2928 2930 2931 2928 2927 2932 2933 2934 2933 2931 2934 2932 2935 2936 2934 2931 2937 2938 2932 2936 2939 2935 2934 2936 2940 2941 2935 2942 2940 2943 2944 2941 2943 2940 2945 2946 2941 2944 2947 2948 2943 2949 2950 2951 2948 2951 2950 2949 2952 2950 2949 2951 2953 2842 2954 2955 2953 2842 2841 2956 2841 2957 2841 2843 2957 2958 2957 2843 2949 2956 2952 2842 2953 2954 2956 2949 2841 2959 2954 2953 2841 2949 2953 2950 2952 2960 2961 2959 2951 2953 2951 2959 2944 2960 2946 2951 2948 2961 2960 2944 2950 2947 2961 2948 2950 2944 2948 2941 2946 2962 2947 2943 2945 2948 2944 2943 2936 2962 2938 2936 2941 2962 2945 2940 2942 2943 2941 2940 2963 2932 2938 2964 2932 2963 2942 2935 2939 2940 2936 2935 2964 2965 2933 2933 2932 2964 2939 2934 2937 2935 2932 2934 2928 2965 2930 2931 2966 2937 2965 2928 2933 2967 2966 2931 2933 2928 2931 2929 2930 2968 2969 2967 2927 2931 2927 2967 2923 2968 2925 2927 2926 2969 2968 2923 2929 2970 2969 2926 2929 2923 2926 2920 2925 2971 2924 2970 2922 2926 2922 2970 2914 2971 2972 2914 2920 2971 2924 2919 2921 2922 2920 2919 2911 2972 2917 2914 2972 2911 2921 2913 2918 2919 2914 2913 2916 2973 2912 2912 2911 2916 2918 2910 2915 2913 2911 2910 2907 2973 2908 2909 2974 2915 2973 2907 2912 2975 2974 2909 2912 2907 2909 2905 2908 2976 2977 2975 2906 2909 2906 2975 2901 2976 2904 2906 2903 2977 2976 2901 2905 2978 2977 2903 2905 2901 2903 2838 2904 2979 2902 2978 2900 2903 2900 2978 2839 2979 2980 2839 2838 2979 2902 2840 2848 2900 2838 2840 2846 2980 2844 2839 2980 2846 2848 2847 2849 2840 2839 2847 2845 2981 2897 2897 2846 2845 2849 2850 2851 2847 2846 2850 2981 2857 2855 2850 2897 2852 2897 2981 2855 2982 2853 2852 2897 2855 2852 2856 2857 2983 2984 2982 2854 2852 2854 2982 2859 2983 2861 2854 2858 2984 2983 2859 2856 2985 2984 2858 2856 2859 2858 2862 2861 2986 2869 2985 2860 2858 2860 2985 2876 2986 2987 2876 2862 2986 2869 2868 2867 2860 2862 2868 2874 2987 2872 2876 2987 2874 2867 2866 2871 2868 2876 2866 2873 2988 2878 2878 2874 2873 2871 2870 2875 2866 2874 2870 2988 2882 2863 2870 2878 2865 2878 2988 2863 2877 2865 2864 2878 2863 2865 2883 2882 2989 2990 2991 2864 2864 2991 2877 2886 2989 2887 2864 2884 2990 2989 2886 2883 2992 2990 2884 2883 2886 2884 2888 2887 2993 2890 2992 2885 2884 2885 2992 2893 2993 2994 2893 2888 2993 2890 2889 2891 2885 2888 2889 2994 2995 2895 2892 2893 2895 2891 2892 2898 2889 2893 2892 2994 2895 2893 2899 2895 2995 2881 2894 2879 2892 2895 2894 2996 2997 2998 2999 3000 3001 3002 3003 3004 3005 3006 3007 3008 3009 3010 3011 3001 3012 3010 3013 3014 3015 3016 3017 3018 3019 3020 3021 3015 3019 3020 3004 3003 3022 3023 3024 3025 3026 3027 3007 3028 3029 3002 3030 3005 3029 3031 3032 2997 3023 2998 2996 3033 2997 3034 3032 3035 3033 2996 3036 3037 3038 3035 3013 3017 3014 3039 3040 3037 3041 3042 3039 3043 3041 3044 3045 3046 3047 3043 3044 3048 3049 3050 3045 3051 3052 3053 3054 3053 3048 3055 3056 3057 3058 3059 3052 3060 3061 3062 3063 3057 3060 3064 3065 3066 3067 3061 3066 3065 3064 3068 3059 3069 3056 3061 3060 3070 3071 3066 3061 3072 3049 3073 3072 3073 3074 2998 3023 3022 3047 3046 3036 3047 3036 2996 3045 3050 3046 3049 3072 3050 3068 3064 3074 3068 3074 3073 3067 3066 3065 3062 3061 3067 3063 3060 3062 3055 3057 3063 3059 3056 3055 3059 3058 3069 3052 3051 3058 3053 3054 3051 3048 3044 3054 3042 3041 3043 3040 3039 3042 3038 3037 3040 3034 3035 3038 3029 3032 3034 3029 3028 3031 3007 3006 3028 3005 3030 3006 3002 3004 3030 3018 3020 3003 3021 3019 3018 3016 3015 3021 3014 3017 3016 3075 3013 3010 3008 2999 3009 3010 3009 3075 3000 3012 3001 3008 3000 2999 3012 3026 3011 3025 3027 3024 3011 3026 3025 3022 3024 3027 3076 3077 3078 3079 3080 3081 3082 3083 3078 3084 3082 3085 3086 3087 3088 3086 3088 3082 3089 3090 3086 3086 3091 3087 3092 3091 3090 3086 3090 3091 3090 3093 3092 3094 3093 3095 3093 3096 3092 3097 3098 3099 3093 3094 3096 3098 3100 3101 3094 3097 3099 3102 3103 3104 3098 3097 3100 3101 3105 3106 3100 3105 3101 3107 3106 3108 3105 3108 3106 3109 3107 3108 3110 3109 3108 3107 3109 3111 3112 3109 3113 3111 3109 3112 3113 3114 3115 3112 3113 3116 3117 3118 3119 3115 3116 3113 3120 3121 3122 3119 3118 3115 3123 3117 3102 3117 3119 3102 3124 3123 3102 3124 3125 3123 3124 3120 3125 3124 3126 3120 3127 3105 3128 3120 3122 3125 3088 3083 3082 3129 3121 3130 3131 3121 3132 3131 3122 3121 3133 3129 3130 3076 3078 3083 3134 3077 3076 3135 3077 3134 3135 3136 3137 3135 3138 3136 3139 3140 3136 3136 3138 3139 3141 3140 3142 3140 3143 3136 3144 3141 3142 3141 3145 3140 3146 3147 3141 3141 3144 3146 3147 3148 3149 3148 3147 3146 3150 3149 3151 3149 3152 3147 3153 3154 3150 3148 3151 3149 3154 3153 3155 3150 3151 3153 3156 3157 3154 3154 3155 3158 3158 3159 3160 3161 3159 3158 3159 3162 3163 3159 3164 3162 3165 3162 3166 3162 3164 3166 3165 3167 3168 3168 3162 3165 3168 3169 3170 3167 3169 3168 3169 3167 3171 3169 3171 3172 3173 3172 3171 3174 3172 3173 3081 3174 3175 3172 3176 3177 3081 3080 3178 3173 3175 3174 3079 3179 3080 3081 3178 3180 3181 3081 3180 3175 3079 3081 3081 3181 3174 3176 3174 3181 3176 3172 3174 3169 3177 3182 3177 3169 3172 3170 3169 3182 3170 3183 3168 3183 3163 3162 3183 3162 3168 3163 3184 3159 3160 3159 3184 3161 3164 3159 3156 3158 3160 3155 3161 3158 3156 3154 3158 3157 3185 3150 3157 3150 3154 3149 3185 3186 3185 3149 3150 3152 3149 3186 3152 3187 3147 3187 3145 3141 3187 3141 3147 3145 3188 3140 3143 3140 3188 3139 3142 3140 3143 3137 3136 3137 3189 3135 3077 3189 3190 3134 3138 3135 3189 3077 3135 3191 3077 3190 3077 3191 3078 3085 3078 3191 3085 3082 3078 3084 3089 3086 3084 3086 3082 3089 3192 3090 3192 3193 3090 3090 3193 3093 3193 3095 3093 3095 3194 3094 3097 3194 3195 3099 3096 3094 3194 3097 3094 3196 3097 3195 3097 3196 3100 3128 3100 3196 3128 3105 3100 3127 3197 3108 3127 3108 3105 3110 3108 3197 3110 3198 3109 3198 3114 3113 3198 3113 3109 3114 3199 3115 3200 3115 3199 3118 3116 3115 3115 3200 3119 3103 3119 3200 3103 3102 3119 3124 3104 3201 3104 3124 3102 3126 3124 3201 3126 3202 3120 3130 3121 3202 3202 3121 3120 3132 3121 3129</p>
        </triangles>
      </mesh>
    </geometry>
  </library_geometries>

  <library_visual_scenes>
    <visual_scene id="ID1">
      <node id="ID2" name="link_6">
        <node>
          <matrix>1 0 0 -0.54 0 1 0 -8.74133e-17 0 0 1 -0.985 0 0 0 1</matrix>
          <instance_node url="#ID3"/>
        </node>
      </node>
    </visual_scene>
  </library_visual_scenes>

  <scene>
    <instance_visual_scene url="#ID1"/>
  </scene>

  <library_nodes>
    <node id="ID3" name="394.083-10.300.00-01umm000~02_objects">
      <instance_geometry url="#ID4">
        <bind_material>
          <technique_common>
            <instance_material symbol="ID10" target="#ID10"/>
          </technique_common>
        </bind_material>
      </instance_geometry>
    </node>
  </library_nodes>

</COLLADA>
